route;date;hour;prediction
1;2025-11-01;0;2
1;2025-11-01;1;0
1;2025-11-01;2;0
1;2025-11-01;3;0
1;2025-11-01;4;5
1;2025-11-01;5;107
1;2025-11-01;6;419
1;2025-11-01;7;1207
1;2025-11-01;8;1441
1;2025-11-01;9;1129
1;2025-11-01;10;1009
1;2025-11-01;11;1115
1;2025-11-01;12;1095
1;2025-11-01;13;1134
1;2025-11-01;14;1064
1;2025-11-01;15;1201
1;2025-11-01;16;1269
1;2025-11-01;17;1389
1;2025-11-01;18;1206
1;2025-11-01;19;956
1;2025-11-01;20;641
1;2025-11-01;21;405
1;2025-11-01;22;177
1;2025-11-01;23;47
1;2025-11-02;0;0
1;2025-11-02;1;0
1;2025-11-02;2;0
1;2025-11-02;3;0
1;2025-11-02;4;0
1;2025-11-02;5;25
1;2025-11-02;6;126
1;2025-11-02;7;250
1;2025-11-02;8;349
1;2025-11-02;9;603
1;2025-11-02;10;707
1;2025-11-02;11;726
1;2025-11-02;12;861
1;2025-11-02;13;909
1;2025-11-02;14;812
1;2025-11-02;15;735
1;2025-11-02;16;668
1;2025-11-02;17;604
1;2025-11-02;18;518
1;2025-11-02;19;435
1;2025-11-02;20;350
1;2025-11-02;21;271
1;2025-11-02;22;110
1;2025-11-02;23;32
1;2025-11-03;0;3
1;2025-11-03;1;0
1;2025-11-03;2;0
1;2025-11-03;3;0
1;2025-11-03;4;0
1;2025-11-03;5;24
1;2025-11-03;6;123
1;2025-11-03;7;252
1;2025-11-03;8;348
1;2025-11-03;9;575
1;2025-11-03;10;676
1;2025-11-03;11;676
1;2025-11-03;12;819
1;2025-11-03;13;855
1;2025-11-03;14;785
1;2025-11-03;15;690
1;2025-11-03;16;621
1;2025-11-03;17;573
1;2025-11-03;18;490
1;2025-11-03;19;420
1;2025-11-03;20;329
1;2025-11-03;21;244
1;2025-11-03;22;103
1;2025-11-03;23;28
1;2025-11-04;0;3
1;2025-11-04;1;0
1;2025-11-04;2;0
1;2025-11-04;3;0
1;2025-11-04;4;0
1;2025-11-04;5;24
1;2025-11-04;6;123
1;2025-11-04;7;252
1;2025-11-04;8;348
1;2025-11-04;9;575
1;2025-11-04;10;676
1;2025-11-04;11;676
1;2025-11-04;12;819
1;2025-11-04;13;855
1;2025-11-04;14;785
1;2025-11-04;15;690
1;2025-11-04;16;621
1;2025-11-04;17;573
1;2025-11-04;18;490
1;2025-11-04;19;420
1;2025-11-04;20;329
1;2025-11-04;21;244
1;2025-11-04;22;103
1;2025-11-04;23;28
1;2025-11-05;0;4
1;2025-11-05;1;0
1;2025-11-05;2;0
1;2025-11-05;3;0
1;2025-11-05;4;8
1;2025-11-05;5;133
1;2025-11-05;6;561
1;2025-11-05;7;1542
1;2025-11-05;8;1961
1;2025-11-05;9;1512
1;2025-11-05;10;1350
1;2025-11-05;11;1387
1;2025-11-05;12;1442
1;2025-11-05;13;1467
1;2025-11-05;14;1416
1;2025-11-05;15;1576
1;2025-11-05;16;1565
1;2025-11-05;17;1817
1;2025-11-05;18;1874
1;2025-11-05;19;1398
1;2025-11-05;20;910
1;2025-11-05;21;501
1;2025-11-05;22;221
1;2025-11-05;23;50
1;2025-11-06;0;4
1;2025-11-06;1;0
1;2025-11-06;2;0
1;2025-11-06;3;0
1;2025-11-06;4;8
1;2025-11-06;5;133
1;2025-11-06;6;561
1;2025-11-06;7;1542
1;2025-11-06;8;1961
1;2025-11-06;9;1512
1;2025-11-06;10;1350
1;2025-11-06;11;1387
1;2025-11-06;12;1442
1;2025-11-06;13;1467
1;2025-11-06;14;1416
1;2025-11-06;15;1576
1;2025-11-06;16;1565
1;2025-11-06;17;1817
1;2025-11-06;18;1874
1;2025-11-06;19;1398
1;2025-11-06;20;910
1;2025-11-06;21;501
1;2025-11-06;22;221
1;2025-11-06;23;50
1;2025-11-07;0;5
1;2025-11-07;1;0
1;2025-11-07;2;0
1;2025-11-07;3;0
1;2025-11-07;4;6
1;2025-11-07;5;138
1;2025-11-07;6;540
1;2025-11-07;7;1555
1;2025-11-07;8;1856
1;2025-11-07;9;1454
1;2025-11-07;10;1299
1;2025-11-07;11;1436
1;2025-11-07;12;1410
1;2025-11-07;13;1461
1;2025-11-07;14;1371
1;2025-11-07;15;1547
1;2025-11-07;16;1635
1;2025-11-07;17;1790
1;2025-11-07;18;1554
1;2025-11-07;19;1231
1;2025-11-07;20;825
1;2025-11-07;21;522
1;2025-11-07;22;228
1;2025-11-07;23;61
1;2025-11-08;0;8
1;2025-11-08;1;0
1;2025-11-08;2;0
1;2025-11-08;3;0
1;2025-11-08;4;0
1;2025-11-08;5;33
1;2025-11-08;6;166
1;2025-11-08;7;350
1;2025-11-08;8;478
1;2025-11-08;9;758
1;2025-11-08;10;894
1;2025-11-08;11;868
1;2025-11-08;12;1077
1;2025-11-08;13;1111
1;2025-11-08;14;1049
1;2025-11-08;15;895
1;2025-11-08;16;796
1;2025-11-08;17;750
1;2025-11-08;18;640
1;2025-11-08;19;561
1;2025-11-08;20;428
1;2025-11-08;21;303
1;2025-11-08;22;134
1;2025-11-08;23;35
1;2025-11-09;0;0
1;2025-11-09;1;0
1;2025-11-09;2;0
1;2025-11-09;3;0
1;2025-11-09;4;0
1;2025-11-09;5;25
1;2025-11-09;6;126
1;2025-11-09;7;250
1;2025-11-09;8;349
1;2025-11-09;9;603
1;2025-11-09;10;707
1;2025-11-09;11;726
1;2025-11-09;12;861
1;2025-11-09;13;909
1;2025-11-09;14;812
1;2025-11-09;15;735
1;2025-11-09;16;668
1;2025-11-09;17;604
1;2025-11-09;18;518
1;2025-11-09;19;435
1;2025-11-09;20;350
1;2025-11-09;21;271
1;2025-11-09;22;110
1;2025-11-09;23;32
1;2025-11-10;0;4
1;2025-11-10;1;0
1;2025-11-10;2;0
1;2025-11-10;3;0
1;2025-11-10;4;8
1;2025-11-10;5;130
1;2025-11-10;6;546
1;2025-11-10;7;1500
1;2025-11-10;8;1908
1;2025-11-10;9;1472
1;2025-11-10;10;1313
1;2025-11-10;11;1350
1;2025-11-10;12;1403
1;2025-11-10;13;1427
1;2025-11-10;14;1378
1;2025-11-10;15;1534
1;2025-11-10;16;1523
1;2025-11-10;17;1768
1;2025-11-10;18;1824
1;2025-11-10;19;1361
1;2025-11-10;20;886
1;2025-11-10;21;488
1;2025-11-10;22;216
1;2025-11-10;23;48
1;2025-11-11;0;4
1;2025-11-11;1;0
1;2025-11-11;2;0
1;2025-11-11;3;0
1;2025-11-11;4;8
1;2025-11-11;5;133
1;2025-11-11;6;561
1;2025-11-11;7;1542
1;2025-11-11;8;1961
1;2025-11-11;9;1512
1;2025-11-11;10;1350
1;2025-11-11;11;1387
1;2025-11-11;12;1442
1;2025-11-11;13;1467
1;2025-11-11;14;1416
1;2025-11-11;15;1576
1;2025-11-11;16;1565
1;2025-11-11;17;1817
1;2025-11-11;18;1874
1;2025-11-11;19;1398
1;2025-11-11;20;910
1;2025-11-11;21;501
1;2025-11-11;22;221
1;2025-11-11;23;50
1;2025-11-12;0;4
1;2025-11-12;1;0
1;2025-11-12;2;0
1;2025-11-12;3;0
1;2025-11-12;4;8
1;2025-11-12;5;133
1;2025-11-12;6;561
1;2025-11-12;7;1542
1;2025-11-12;8;1961
1;2025-11-12;9;1512
1;2025-11-12;10;1350
1;2025-11-12;11;1387
1;2025-11-12;12;1442
1;2025-11-12;13;1467
1;2025-11-12;14;1416
1;2025-11-12;15;1576
1;2025-11-12;16;1565
1;2025-11-12;17;1817
1;2025-11-12;18;1874
1;2025-11-12;19;1398
1;2025-11-12;20;910
1;2025-11-12;21;501
1;2025-11-12;22;221
1;2025-11-12;23;50
1;2025-11-13;0;4
1;2025-11-13;1;0
1;2025-11-13;2;0
1;2025-11-13;3;0
1;2025-11-13;4;8
1;2025-11-13;5;133
1;2025-11-13;6;561
1;2025-11-13;7;1542
1;2025-11-13;8;1961
1;2025-11-13;9;1512
1;2025-11-13;10;1350
1;2025-11-13;11;1387
1;2025-11-13;12;1442
1;2025-11-13;13;1467
1;2025-11-13;14;1416
1;2025-11-13;15;1576
1;2025-11-13;16;1565
1;2025-11-13;17;1817
1;2025-11-13;18;1874
1;2025-11-13;19;1398
1;2025-11-13;20;910
1;2025-11-13;21;501
1;2025-11-13;22;221
1;2025-11-13;23;50
1;2025-11-14;0;5
1;2025-11-14;1;0
1;2025-11-14;2;0
1;2025-11-14;3;0
1;2025-11-14;4;6
1;2025-11-14;5;138
1;2025-11-14;6;540
1;2025-11-14;7;1555
1;2025-11-14;8;1856
1;2025-11-14;9;1454
1;2025-11-14;10;1299
1;2025-11-14;11;1436
1;2025-11-14;12;1410
1;2025-11-14;13;1461
1;2025-11-14;14;1371
1;2025-11-14;15;1547
1;2025-11-14;16;1635
1;2025-11-14;17;1790
1;2025-11-14;18;1554
1;2025-11-14;19;1231
1;2025-11-14;20;825
1;2025-11-14;21;522
1;2025-11-14;22;228
1;2025-11-14;23;61
1;2025-11-15;0;8
1;2025-11-15;1;0
1;2025-11-15;2;0
1;2025-11-15;3;0
1;2025-11-15;4;0
1;2025-11-15;5;33
1;2025-11-15;6;166
1;2025-11-15;7;350
1;2025-11-15;8;478
1;2025-11-15;9;758
1;2025-11-15;10;894
1;2025-11-15;11;868
1;2025-11-15;12;1077
1;2025-11-15;13;1111
1;2025-11-15;14;1049
1;2025-11-15;15;895
1;2025-11-15;16;796
1;2025-11-15;17;750
1;2025-11-15;18;640
1;2025-11-15;19;561
1;2025-11-15;20;428
1;2025-11-15;21;303
1;2025-11-15;22;134
1;2025-11-15;23;35
1;2025-11-16;0;0
1;2025-11-16;1;0
1;2025-11-16;2;0
1;2025-11-16;3;0
1;2025-11-16;4;0
1;2025-11-16;5;25
1;2025-11-16;6;126
1;2025-11-16;7;250
1;2025-11-16;8;349
1;2025-11-16;9;603
1;2025-11-16;10;707
1;2025-11-16;11;726
1;2025-11-16;12;861
1;2025-11-16;13;909
1;2025-11-16;14;812
1;2025-11-16;15;735
1;2025-11-16;16;668
1;2025-11-16;17;604
1;2025-11-16;18;518
1;2025-11-16;19;435
1;2025-11-16;20;350
1;2025-11-16;21;271
1;2025-11-16;22;110
1;2025-11-16;23;32
1;2025-11-17;0;4
1;2025-11-17;1;0
1;2025-11-17;2;0
1;2025-11-17;3;0
1;2025-11-17;4;8
1;2025-11-17;5;130
1;2025-11-17;6;546
1;2025-11-17;7;1500
1;2025-11-17;8;1908
1;2025-11-17;9;1472
1;2025-11-17;10;1313
1;2025-11-17;11;1350
1;2025-11-17;12;1403
1;2025-11-17;13;1427
1;2025-11-17;14;1378
1;2025-11-17;15;1534
1;2025-11-17;16;1523
1;2025-11-17;17;1768
1;2025-11-17;18;1824
1;2025-11-17;19;1361
1;2025-11-17;20;886
1;2025-11-17;21;488
1;2025-11-17;22;216
1;2025-11-17;23;48
1;2025-11-18;0;4
1;2025-11-18;1;0
1;2025-11-18;2;0
1;2025-11-18;3;0
1;2025-11-18;4;8
1;2025-11-18;5;133
1;2025-11-18;6;561
1;2025-11-18;7;1542
1;2025-11-18;8;1961
1;2025-11-18;9;1512
1;2025-11-18;10;1350
1;2025-11-18;11;1387
1;2025-11-18;12;1442
1;2025-11-18;13;1467
1;2025-11-18;14;1416
1;2025-11-18;15;1576
1;2025-11-18;16;1565
1;2025-11-18;17;1817
1;2025-11-18;18;1874
1;2025-11-18;19;1398
1;2025-11-18;20;910
1;2025-11-18;21;501
1;2025-11-18;22;221
1;2025-11-18;23;50
1;2025-11-19;0;4
1;2025-11-19;1;0
1;2025-11-19;2;0
1;2025-11-19;3;0
1;2025-11-19;4;8
1;2025-11-19;5;133
1;2025-11-19;6;561
1;2025-11-19;7;1542
1;2025-11-19;8;1961
1;2025-11-19;9;1512
1;2025-11-19;10;1350
1;2025-11-19;11;1387
1;2025-11-19;12;1442
1;2025-11-19;13;1467
1;2025-11-19;14;1416
1;2025-11-19;15;1576
1;2025-11-19;16;1565
1;2025-11-19;17;1817
1;2025-11-19;18;1874
1;2025-11-19;19;1398
1;2025-11-19;20;910
1;2025-11-19;21;501
1;2025-11-19;22;221
1;2025-11-19;23;50
1;2025-11-20;0;4
1;2025-11-20;1;0
1;2025-11-20;2;0
1;2025-11-20;3;0
1;2025-11-20;4;8
1;2025-11-20;5;133
1;2025-11-20;6;561
1;2025-11-20;7;1542
1;2025-11-20;8;1961
1;2025-11-20;9;1512
1;2025-11-20;10;1350
1;2025-11-20;11;1387
1;2025-11-20;12;1442
1;2025-11-20;13;1467
1;2025-11-20;14;1416
1;2025-11-20;15;1576
1;2025-11-20;16;1565
1;2025-11-20;17;1817
1;2025-11-20;18;1874
1;2025-11-20;19;1398
1;2025-11-20;20;910
1;2025-11-20;21;501
1;2025-11-20;22;221
1;2025-11-20;23;50
1;2025-11-21;0;5
1;2025-11-21;1;0
1;2025-11-21;2;0
1;2025-11-21;3;0
1;2025-11-21;4;6
1;2025-11-21;5;138
1;2025-11-21;6;540
1;2025-11-21;7;1555
1;2025-11-21;8;1856
1;2025-11-21;9;1454
1;2025-11-21;10;1299
1;2025-11-21;11;1436
1;2025-11-21;12;1410
1;2025-11-21;13;1461
1;2025-11-21;14;1371
1;2025-11-21;15;1547
1;2025-11-21;16;1635
1;2025-11-21;17;1790
1;2025-11-21;18;1554
1;2025-11-21;19;1231
1;2025-11-21;20;825
1;2025-11-21;21;522
1;2025-11-21;22;228
1;2025-11-21;23;61
1;2025-11-22;0;8
1;2025-11-22;1;0
1;2025-11-22;2;0
1;2025-11-22;3;0
1;2025-11-22;4;0
1;2025-11-22;5;33
1;2025-11-22;6;166
1;2025-11-22;7;350
1;2025-11-22;8;478
1;2025-11-22;9;758
1;2025-11-22;10;894
1;2025-11-22;11;868
1;2025-11-22;12;1077
1;2025-11-22;13;1111
1;2025-11-22;14;1049
1;2025-11-22;15;895
1;2025-11-22;16;796
1;2025-11-22;17;750
1;2025-11-22;18;640
1;2025-11-22;19;561
1;2025-11-22;20;428
1;2025-11-22;21;303
1;2025-11-22;22;134
1;2025-11-22;23;35
1;2025-11-23;0;0
1;2025-11-23;1;0
1;2025-11-23;2;0
1;2025-11-23;3;0
1;2025-11-23;4;0
1;2025-11-23;5;25
1;2025-11-23;6;126
1;2025-11-23;7;250
1;2025-11-23;8;349
1;2025-11-23;9;603
1;2025-11-23;10;707
1;2025-11-23;11;726
1;2025-11-23;12;861
1;2025-11-23;13;909
1;2025-11-23;14;812
1;2025-11-23;15;735
1;2025-11-23;16;668
1;2025-11-23;17;604
1;2025-11-23;18;518
1;2025-11-23;19;435
1;2025-11-23;20;350
1;2025-11-23;21;271
1;2025-11-23;22;110
1;2025-11-23;23;32
1;2025-11-24;0;4
1;2025-11-24;1;0
1;2025-11-24;2;0
1;2025-11-24;3;0
1;2025-11-24;4;8
1;2025-11-24;5;130
1;2025-11-24;6;546
1;2025-11-24;7;1500
1;2025-11-24;8;1908
1;2025-11-24;9;1472
1;2025-11-24;10;1313
1;2025-11-24;11;1350
1;2025-11-24;12;1403
1;2025-11-24;13;1427
1;2025-11-24;14;1378
1;2025-11-24;15;1534
1;2025-11-24;16;1523
1;2025-11-24;17;1768
1;2025-11-24;18;1824
1;2025-11-24;19;1361
1;2025-11-24;20;886
1;2025-11-24;21;488
1;2025-11-24;22;216
1;2025-11-24;23;48
1;2025-11-25;0;4
1;2025-11-25;1;0
1;2025-11-25;2;0
1;2025-11-25;3;0
1;2025-11-25;4;8
1;2025-11-25;5;133
1;2025-11-25;6;561
1;2025-11-25;7;1542
1;2025-11-25;8;1961
1;2025-11-25;9;1512
1;2025-11-25;10;1350
1;2025-11-25;11;1387
1;2025-11-25;12;1442
1;2025-11-25;13;1467
1;2025-11-25;14;1416
1;2025-11-25;15;1576
1;2025-11-25;16;1565
1;2025-11-25;17;1817
1;2025-11-25;18;1874
1;2025-11-25;19;1398
1;2025-11-25;20;910
1;2025-11-25;21;501
1;2025-11-25;22;221
1;2025-11-25;23;50
1;2025-11-26;0;4
1;2025-11-26;1;0
1;2025-11-26;2;0
1;2025-11-26;3;0
1;2025-11-26;4;8
1;2025-11-26;5;133
1;2025-11-26;6;561
1;2025-11-26;7;1542
1;2025-11-26;8;1961
1;2025-11-26;9;1512
1;2025-11-26;10;1350
1;2025-11-26;11;1387
1;2025-11-26;12;1442
1;2025-11-26;13;1467
1;2025-11-26;14;1416
1;2025-11-26;15;1576
1;2025-11-26;16;1565
1;2025-11-26;17;1817
1;2025-11-26;18;1874
1;2025-11-26;19;1398
1;2025-11-26;20;910
1;2025-11-26;21;501
1;2025-11-26;22;221
1;2025-11-26;23;50
1;2025-11-27;0;4
1;2025-11-27;1;0
1;2025-11-27;2;0
1;2025-11-27;3;0
1;2025-11-27;4;8
1;2025-11-27;5;133
1;2025-11-27;6;561
1;2025-11-27;7;1542
1;2025-11-27;8;1961
1;2025-11-27;9;1512
1;2025-11-27;10;1350
1;2025-11-27;11;1387
1;2025-11-27;12;1442
1;2025-11-27;13;1467
1;2025-11-27;14;1416
1;2025-11-27;15;1576
1;2025-11-27;16;1565
1;2025-11-27;17;1817
1;2025-11-27;18;1874
1;2025-11-27;19;1398
1;2025-11-27;20;910
1;2025-11-27;21;501
1;2025-11-27;22;221
1;2025-11-27;23;50
1;2025-11-28;0;5
1;2025-11-28;1;0
1;2025-11-28;2;0
1;2025-11-28;3;0
1;2025-11-28;4;6
1;2025-11-28;5;138
1;2025-11-28;6;540
1;2025-11-28;7;1555
1;2025-11-28;8;1856
1;2025-11-28;9;1454
1;2025-11-28;10;1299
1;2025-11-28;11;1436
1;2025-11-28;12;1410
1;2025-11-28;13;1461
1;2025-11-28;14;1371
1;2025-11-28;15;1547
1;2025-11-28;16;1635
1;2025-11-28;17;1790
1;2025-11-28;18;1554
1;2025-11-28;19;1231
1;2025-11-28;20;825
1;2025-11-28;21;522
1;2025-11-28;22;228
1;2025-11-28;23;61
1;2025-11-29;0;8
1;2025-11-29;1;0
1;2025-11-29;2;0
1;2025-11-29;3;0
1;2025-11-29;4;0
1;2025-11-29;5;33
1;2025-11-29;6;166
1;2025-11-29;7;350
1;2025-11-29;8;478
1;2025-11-29;9;758
1;2025-11-29;10;894
1;2025-11-29;11;868
1;2025-11-29;12;1077
1;2025-11-29;13;1111
1;2025-11-29;14;1049
1;2025-11-29;15;895
1;2025-11-29;16;796
1;2025-11-29;17;750
1;2025-11-29;18;640
1;2025-11-29;19;561
1;2025-11-29;20;428
1;2025-11-29;21;303
1;2025-11-29;22;134
1;2025-11-29;23;35
1;2025-11-30;0;0
1;2025-11-30;1;0
1;2025-11-30;2;0
1;2025-11-30;3;0
1;2025-11-30;4;0
1;2025-11-30;5;25
1;2025-11-30;6;126
1;2025-11-30;7;250
1;2025-11-30;8;349
1;2025-11-30;9;603
1;2025-11-30;10;707
1;2025-11-30;11;726
1;2025-11-30;12;861
1;2025-11-30;13;909
1;2025-11-30;14;812
1;2025-11-30;15;735
1;2025-11-30;16;668
1;2025-11-30;17;604
1;2025-11-30;18;518
1;2025-11-30;19;435
1;2025-11-30;20;350
1;2025-11-30;21;271
1;2025-11-30;22;110
1;2025-11-30;23;32
1;2025-12-01;0;4
1;2025-12-01;1;0
1;2025-12-01;2;0
1;2025-12-01;3;0
1;2025-12-01;4;8
1;2025-12-01;5;132
1;2025-12-01;6;555
1;2025-12-01;7;1504
1;2025-12-01;8;1896
1;2025-12-01;9;1471
1;2025-12-01;10;1309
1;2025-12-01;11;1355
1;2025-12-01;12;1406
1;2025-12-01;13;1423
1;2025-12-01;14;1376
1;2025-12-01;15;1538
1;2025-12-01;16;1521
1;2025-12-01;17;1762
1;2025-12-01;18;1815
1;2025-12-01;19;1359
1;2025-12-01;20;885
1;2025-12-01;21;492
1;2025-12-01;22;222
1;2025-12-01;23;50
1;2025-12-02;0;4
1;2025-12-02;1;0
1;2025-12-02;2;0
1;2025-12-02;3;0
1;2025-12-02;4;8
1;2025-12-02;5;135
1;2025-12-02;6;571
1;2025-12-02;7;1546
1;2025-12-02;8;1949
1;2025-12-02;9;1512
1;2025-12-02;10;1345
1;2025-12-02;11;1392
1;2025-12-02;12;1445
1;2025-12-02;13;1463
1;2025-12-02;14;1414
1;2025-12-02;15;1581
1;2025-12-02;16;1563
1;2025-12-02;17;1811
1;2025-12-02;18;1865
1;2025-12-02;19;1397
1;2025-12-02;20;910
1;2025-12-02;21;505
1;2025-12-02;22;228
1;2025-12-02;23;52
1;2025-12-03;0;4
1;2025-12-03;1;0
1;2025-12-03;2;0
1;2025-12-03;3;0
1;2025-12-03;4;8
1;2025-12-03;5;135
1;2025-12-03;6;571
1;2025-12-03;7;1546
1;2025-12-03;8;1949
1;2025-12-03;9;1512
1;2025-12-03;10;1345
1;2025-12-03;11;1392
1;2025-12-03;12;1445
1;2025-12-03;13;1463
1;2025-12-03;14;1414
1;2025-12-03;15;1581
1;2025-12-03;16;1563
1;2025-12-03;17;1811
1;2025-12-03;18;1865
1;2025-12-03;19;1397
1;2025-12-03;20;910
1;2025-12-03;21;505
1;2025-12-03;22;228
1;2025-12-03;23;52
1;2025-12-04;0;4
1;2025-12-04;1;0
1;2025-12-04;2;0
1;2025-12-04;3;0
1;2025-12-04;4;8
1;2025-12-04;5;135
1;2025-12-04;6;571
1;2025-12-04;7;1546
1;2025-12-04;8;1949
1;2025-12-04;9;1512
1;2025-12-04;10;1345
1;2025-12-04;11;1392
1;2025-12-04;12;1445
1;2025-12-04;13;1463
1;2025-12-04;14;1414
1;2025-12-04;15;1581
1;2025-12-04;16;1563
1;2025-12-04;17;1811
1;2025-12-04;18;1865
1;2025-12-04;19;1397
1;2025-12-04;20;910
1;2025-12-04;21;505
1;2025-12-04;22;228
1;2025-12-04;23;52
1;2025-12-05;0;6
1;2025-12-05;1;0
1;2025-12-05;2;0
1;2025-12-05;3;0
1;2025-12-05;4;6
1;2025-12-05;5;137
1;2025-12-05;6;548
1;2025-12-05;7;1554
1;2025-12-05;8;1847
1;2025-12-05;9;1450
1;2025-12-05;10;1296
1;2025-12-05;11;1443
1;2025-12-05;12;1413
1;2025-12-05;13;1464
1;2025-12-05;14;1373
1;2025-12-05;15;1549
1;2025-12-05;16;1631
1;2025-12-05;17;1770
1;2025-12-05;18;1560
1;2025-12-05;19;1222
1;2025-12-05;20;827
1;2025-12-05;21;527
1;2025-12-05;22;237
1;2025-12-05;23;65
1;2025-12-06;0;9
1;2025-12-06;1;0
1;2025-12-06;2;0
1;2025-12-06;3;0
1;2025-12-06;4;0
1;2025-12-06;5;33
1;2025-12-06;6;169
1;2025-12-06;7;349
1;2025-12-06;8;476
1;2025-12-06;9;760
1;2025-12-06;10;889
1;2025-12-06;11;861
1;2025-12-06;12;1075
1;2025-12-06;13;1105
1;2025-12-06;14;1048
1;2025-12-06;15;891
1;2025-12-06;16;800
1;2025-12-06;17;754
1;2025-12-06;18;640
1;2025-12-06;19;562
1;2025-12-06;20;429
1;2025-12-06;21;304
1;2025-12-06;22;137
1;2025-12-06;23;37
1;2025-12-07;0;0
1;2025-12-07;1;0
1;2025-12-07;2;0
1;2025-12-07;3;0
1;2025-12-07;4;0
1;2025-12-07;5;26
1;2025-12-07;6;129
1;2025-12-07;7;248
1;2025-12-07;8;349
1;2025-12-07;9;603
1;2025-12-07;10;714
1;2025-12-07;11;730
1;2025-12-07;12;870
1;2025-12-07;13;922
1;2025-12-07;14;817
1;2025-12-07;15;741
1;2025-12-07;16;672
1;2025-12-07;17;611
1;2025-12-07;18;524
1;2025-12-07;19;436
1;2025-12-07;20;354
1;2025-12-07;21;272
1;2025-12-07;22;112
1;2025-12-07;23;33
1;2025-12-08;0;4
1;2025-12-08;1;0
1;2025-12-08;2;0
1;2025-12-08;3;0
1;2025-12-08;4;8
1;2025-12-08;5;132
1;2025-12-08;6;555
1;2025-12-08;7;1504
1;2025-12-08;8;1896
1;2025-12-08;9;1471
1;2025-12-08;10;1309
1;2025-12-08;11;1355
1;2025-12-08;12;1406
1;2025-12-08;13;1423
1;2025-12-08;14;1376
1;2025-12-08;15;1538
1;2025-12-08;16;1521
1;2025-12-08;17;1762
1;2025-12-08;18;1815
1;2025-12-08;19;1359
1;2025-12-08;20;885
1;2025-12-08;21;492
1;2025-12-08;22;222
1;2025-12-08;23;50
1;2025-12-09;0;4
1;2025-12-09;1;0
1;2025-12-09;2;0
1;2025-12-09;3;0
1;2025-12-09;4;8
1;2025-12-09;5;135
1;2025-12-09;6;571
1;2025-12-09;7;1546
1;2025-12-09;8;1949
1;2025-12-09;9;1512
1;2025-12-09;10;1345
1;2025-12-09;11;1392
1;2025-12-09;12;1445
1;2025-12-09;13;1463
1;2025-12-09;14;1414
1;2025-12-09;15;1581
1;2025-12-09;16;1563
1;2025-12-09;17;1811
1;2025-12-09;18;1865
1;2025-12-09;19;1397
1;2025-12-09;20;910
1;2025-12-09;21;505
1;2025-12-09;22;228
1;2025-12-09;23;52
1;2025-12-10;0;4
1;2025-12-10;1;0
1;2025-12-10;2;0
1;2025-12-10;3;0
1;2025-12-10;4;8
1;2025-12-10;5;135
1;2025-12-10;6;571
1;2025-12-10;7;1546
1;2025-12-10;8;1949
1;2025-12-10;9;1512
1;2025-12-10;10;1345
1;2025-12-10;11;1392
1;2025-12-10;12;1445
1;2025-12-10;13;1463
1;2025-12-10;14;1414
1;2025-12-10;15;1581
1;2025-12-10;16;1563
1;2025-12-10;17;1811
1;2025-12-10;18;1865
1;2025-12-10;19;1397
1;2025-12-10;20;910
1;2025-12-10;21;505
1;2025-12-10;22;228
1;2025-12-10;23;52
1;2025-12-11;0;4
1;2025-12-11;1;0
1;2025-12-11;2;0
1;2025-12-11;3;0
1;2025-12-11;4;8
1;2025-12-11;5;135
1;2025-12-11;6;571
1;2025-12-11;7;1546
1;2025-12-11;8;1949
1;2025-12-11;9;1512
1;2025-12-11;10;1345
1;2025-12-11;11;1392
1;2025-12-11;12;1445
1;2025-12-11;13;1463
1;2025-12-11;14;1414
1;2025-12-11;15;1581
1;2025-12-11;16;1563
1;2025-12-11;17;1811
1;2025-12-11;18;1865
1;2025-12-11;19;1397
1;2025-12-11;20;910
1;2025-12-11;21;505
1;2025-12-11;22;228
1;2025-12-11;23;52
1;2025-12-12;0;6
1;2025-12-12;1;0
1;2025-12-12;2;0
1;2025-12-12;3;0
1;2025-12-12;4;6
1;2025-12-12;5;137
1;2025-12-12;6;548
1;2025-12-12;7;1554
1;2025-12-12;8;1847
1;2025-12-12;9;1450
1;2025-12-12;10;1296
1;2025-12-12;11;1443
1;2025-12-12;12;1413
1;2025-12-12;13;1464
1;2025-12-12;14;1373
1;2025-12-12;15;1549
1;2025-12-12;16;1631
1;2025-12-12;17;1770
1;2025-12-12;18;1560
1;2025-12-12;19;1222
1;2025-12-12;20;827
1;2025-12-12;21;527
1;2025-12-12;22;237
1;2025-12-12;23;65
1;2025-12-13;0;9
1;2025-12-13;1;0
1;2025-12-13;2;0
1;2025-12-13;3;0
1;2025-12-13;4;0
1;2025-12-13;5;33
1;2025-12-13;6;169
1;2025-12-13;7;349
1;2025-12-13;8;476
1;2025-12-13;9;760
1;2025-12-13;10;889
1;2025-12-13;11;861
1;2025-12-13;12;1075
1;2025-12-13;13;1105
1;2025-12-13;14;1048
1;2025-12-13;15;891
1;2025-12-13;16;800
1;2025-12-13;17;754
1;2025-12-13;18;640
1;2025-12-13;19;562
1;2025-12-13;20;429
1;2025-12-13;21;304
1;2025-12-13;22;137
1;2025-12-13;23;37
1;2025-12-14;0;0
1;2025-12-14;1;0
1;2025-12-14;2;0
1;2025-12-14;3;0
1;2025-12-14;4;0
1;2025-12-14;5;26
1;2025-12-14;6;129
1;2025-12-14;7;248
1;2025-12-14;8;349
1;2025-12-14;9;603
1;2025-12-14;10;714
1;2025-12-14;11;730
1;2025-12-14;12;870
1;2025-12-14;13;922
1;2025-12-14;14;817
1;2025-12-14;15;741
1;2025-12-14;16;672
1;2025-12-14;17;611
1;2025-12-14;18;524
1;2025-12-14;19;436
1;2025-12-14;20;354
1;2025-12-14;21;272
1;2025-12-14;22;112
1;2025-12-14;23;33
1;2025-12-15;0;4
1;2025-12-15;1;0
1;2025-12-15;2;0
1;2025-12-15;3;0
1;2025-12-15;4;8
1;2025-12-15;5;132
1;2025-12-15;6;555
1;2025-12-15;7;1504
1;2025-12-15;8;1896
1;2025-12-15;9;1471
1;2025-12-15;10;1309
1;2025-12-15;11;1355
1;2025-12-15;12;1406
1;2025-12-15;13;1423
1;2025-12-15;14;1376
1;2025-12-15;15;1538
1;2025-12-15;16;1521
1;2025-12-15;17;1762
1;2025-12-15;18;1815
1;2025-12-15;19;1359
1;2025-12-15;20;885
1;2025-12-15;21;492
1;2025-12-15;22;222
1;2025-12-15;23;50
1;2025-12-16;0;4
1;2025-12-16;1;0
1;2025-12-16;2;0
1;2025-12-16;3;0
1;2025-12-16;4;8
1;2025-12-16;5;135
1;2025-12-16;6;571
1;2025-12-16;7;1546
1;2025-12-16;8;1949
1;2025-12-16;9;1512
1;2025-12-16;10;1345
1;2025-12-16;11;1392
1;2025-12-16;12;1445
1;2025-12-16;13;1463
1;2025-12-16;14;1414
1;2025-12-16;15;1581
1;2025-12-16;16;1563
1;2025-12-16;17;1811
1;2025-12-16;18;1865
1;2025-12-16;19;1397
1;2025-12-16;20;910
1;2025-12-16;21;505
1;2025-12-16;22;228
1;2025-12-16;23;52
1;2025-12-17;0;4
1;2025-12-17;1;0
1;2025-12-17;2;0
1;2025-12-17;3;0
1;2025-12-17;4;8
1;2025-12-17;5;135
1;2025-12-17;6;571
1;2025-12-17;7;1546
1;2025-12-17;8;1949
1;2025-12-17;9;1512
1;2025-12-17;10;1345
1;2025-12-17;11;1392
1;2025-12-17;12;1445
1;2025-12-17;13;1463
1;2025-12-17;14;1414
1;2025-12-17;15;1581
1;2025-12-17;16;1563
1;2025-12-17;17;1811
1;2025-12-17;18;1865
1;2025-12-17;19;1397
1;2025-12-17;20;910
1;2025-12-17;21;505
1;2025-12-17;22;228
1;2025-12-17;23;52
1;2025-12-18;0;4
1;2025-12-18;1;0
1;2025-12-18;2;0
1;2025-12-18;3;0
1;2025-12-18;4;8
1;2025-12-18;5;135
1;2025-12-18;6;571
1;2025-12-18;7;1546
1;2025-12-18;8;1949
1;2025-12-18;9;1512
1;2025-12-18;10;1345
1;2025-12-18;11;1392
1;2025-12-18;12;1445
1;2025-12-18;13;1463
1;2025-12-18;14;1414
1;2025-12-18;15;1581
1;2025-12-18;16;1563
1;2025-12-18;17;1811
1;2025-12-18;18;1865
1;2025-12-18;19;1397
1;2025-12-18;20;910
1;2025-12-18;21;505
1;2025-12-18;22;228
1;2025-12-18;23;52
1;2025-12-19;0;6
1;2025-12-19;1;0
1;2025-12-19;2;0
1;2025-12-19;3;0
1;2025-12-19;4;6
1;2025-12-19;5;137
1;2025-12-19;6;548
1;2025-12-19;7;1554
1;2025-12-19;8;1847
1;2025-12-19;9;1450
1;2025-12-19;10;1296
1;2025-12-19;11;1443
1;2025-12-19;12;1413
1;2025-12-19;13;1464
1;2025-12-19;14;1373
1;2025-12-19;15;1549
1;2025-12-19;16;1631
1;2025-12-19;17;1770
1;2025-12-19;18;1560
1;2025-12-19;19;1222
1;2025-12-19;20;827
1;2025-12-19;21;527
1;2025-12-19;22;237
1;2025-12-19;23;65
1;2025-12-20;0;9
1;2025-12-20;1;0
1;2025-12-20;2;0
1;2025-12-20;3;0
1;2025-12-20;4;0
1;2025-12-20;5;33
1;2025-12-20;6;169
1;2025-12-20;7;349
1;2025-12-20;8;476
1;2025-12-20;9;760
1;2025-12-20;10;889
1;2025-12-20;11;861
1;2025-12-20;12;1075
1;2025-12-20;13;1105
1;2025-12-20;14;1048
1;2025-12-20;15;891
1;2025-12-20;16;800
1;2025-12-20;17;754
1;2025-12-20;18;640
1;2025-12-20;19;562
1;2025-12-20;20;429
1;2025-12-20;21;304
1;2025-12-20;22;137
1;2025-12-20;23;37
1;2025-12-21;0;0
1;2025-12-21;1;0
1;2025-12-21;2;0
1;2025-12-21;3;0
1;2025-12-21;4;0
1;2025-12-21;5;26
1;2025-12-21;6;129
1;2025-12-21;7;248
1;2025-12-21;8;349
1;2025-12-21;9;603
1;2025-12-21;10;714
1;2025-12-21;11;730
1;2025-12-21;12;870
1;2025-12-21;13;922
1;2025-12-21;14;817
1;2025-12-21;15;741
1;2025-12-21;16;672
1;2025-12-21;17;611
1;2025-12-21;18;524
1;2025-12-21;19;436
1;2025-12-21;20;354
1;2025-12-21;21;272
1;2025-12-21;22;112
1;2025-12-21;23;33
1;2025-12-22;0;4
1;2025-12-22;1;0
1;2025-12-22;2;0
1;2025-12-22;3;0
1;2025-12-22;4;8
1;2025-12-22;5;132
1;2025-12-22;6;555
1;2025-12-22;7;1504
1;2025-12-22;8;1896
1;2025-12-22;9;1471
1;2025-12-22;10;1309
1;2025-12-22;11;1355
1;2025-12-22;12;1406
1;2025-12-22;13;1423
1;2025-12-22;14;1376
1;2025-12-22;15;1538
1;2025-12-22;16;1521
1;2025-12-22;17;1762
1;2025-12-22;18;1815
1;2025-12-22;19;1359
1;2025-12-22;20;885
1;2025-12-22;21;492
1;2025-12-22;22;222
1;2025-12-22;23;50
1;2025-12-23;0;4
1;2025-12-23;1;0
1;2025-12-23;2;0
1;2025-12-23;3;0
1;2025-12-23;4;8
1;2025-12-23;5;135
1;2025-12-23;6;571
1;2025-12-23;7;1546
1;2025-12-23;8;1949
1;2025-12-23;9;1512
1;2025-12-23;10;1345
1;2025-12-23;11;1392
1;2025-12-23;12;1445
1;2025-12-23;13;1463
1;2025-12-23;14;1414
1;2025-12-23;15;1581
1;2025-12-23;16;1563
1;2025-12-23;17;1811
1;2025-12-23;18;1865
1;2025-12-23;19;1397
1;2025-12-23;20;910
1;2025-12-23;21;505
1;2025-12-23;22;228
1;2025-12-23;23;52
1;2025-12-24;0;4
1;2025-12-24;1;0
1;2025-12-24;2;0
1;2025-12-24;3;0
1;2025-12-24;4;8
1;2025-12-24;5;135
1;2025-12-24;6;571
1;2025-12-24;7;1546
1;2025-12-24;8;1949
1;2025-12-24;9;1512
1;2025-12-24;10;1345
1;2025-12-24;11;1392
1;2025-12-24;12;1445
1;2025-12-24;13;1463
1;2025-12-24;14;1414
1;2025-12-24;15;1581
1;2025-12-24;16;1563
1;2025-12-24;17;1811
1;2025-12-24;18;1865
1;2025-12-24;19;1397
1;2025-12-24;20;910
1;2025-12-24;21;505
1;2025-12-24;22;228
1;2025-12-24;23;52
1;2025-12-25;0;4
1;2025-12-25;1;0
1;2025-12-25;2;0
1;2025-12-25;3;0
1;2025-12-25;4;8
1;2025-12-25;5;135
1;2025-12-25;6;571
1;2025-12-25;7;1546
1;2025-12-25;8;1949
1;2025-12-25;9;1512
1;2025-12-25;10;1345
1;2025-12-25;11;1392
1;2025-12-25;12;1445
1;2025-12-25;13;1463
1;2025-12-25;14;1414
1;2025-12-25;15;1581
1;2025-12-25;16;1563
1;2025-12-25;17;1811
1;2025-12-25;18;1865
1;2025-12-25;19;1397
1;2025-12-25;20;910
1;2025-12-25;21;505
1;2025-12-25;22;228
1;2025-12-25;23;52
1;2025-12-26;0;6
1;2025-12-26;1;0
1;2025-12-26;2;0
1;2025-12-26;3;0
1;2025-12-26;4;6
1;2025-12-26;5;137
1;2025-12-26;6;548
1;2025-12-26;7;1554
1;2025-12-26;8;1847
1;2025-12-26;9;1450
1;2025-12-26;10;1296
1;2025-12-26;11;1443
1;2025-12-26;12;1413
1;2025-12-26;13;1464
1;2025-12-26;14;1373
1;2025-12-26;15;1549
1;2025-12-26;16;1631
1;2025-12-26;17;1770
1;2025-12-26;18;1560
1;2025-12-26;19;1222
1;2025-12-26;20;827
1;2025-12-26;21;527
1;2025-12-26;22;237
1;2025-12-26;23;65
1;2025-12-27;0;9
1;2025-12-27;1;0
1;2025-12-27;2;0
1;2025-12-27;3;0
1;2025-12-27;4;0
1;2025-12-27;5;33
1;2025-12-27;6;169
1;2025-12-27;7;349
1;2025-12-27;8;476
1;2025-12-27;9;760
1;2025-12-27;10;889
1;2025-12-27;11;861
1;2025-12-27;12;1075
1;2025-12-27;13;1105
1;2025-12-27;14;1048
1;2025-12-27;15;891
1;2025-12-27;16;800
1;2025-12-27;17;754
1;2025-12-27;18;640
1;2025-12-27;19;562
1;2025-12-27;20;429
1;2025-12-27;21;304
1;2025-12-27;22;137
1;2025-12-27;23;37
1;2025-12-28;0;0
1;2025-12-28;1;0
1;2025-12-28;2;0
1;2025-12-28;3;0
1;2025-12-28;4;0
1;2025-12-28;5;26
1;2025-12-28;6;129
1;2025-12-28;7;248
1;2025-12-28;8;349
1;2025-12-28;9;603
1;2025-12-28;10;714
1;2025-12-28;11;730
1;2025-12-28;12;870
1;2025-12-28;13;922
1;2025-12-28;14;817
1;2025-12-28;15;741
1;2025-12-28;16;672
1;2025-12-28;17;611
1;2025-12-28;18;524
1;2025-12-28;19;436
1;2025-12-28;20;354
1;2025-12-28;21;272
1;2025-12-28;22;112
1;2025-12-28;23;33
1;2025-12-29;0;4
1;2025-12-29;1;0
1;2025-12-29;2;0
1;2025-12-29;3;0
1;2025-12-29;4;7
1;2025-12-29;5;119
1;2025-12-29;6;500
1;2025-12-29;7;1354
1;2025-12-29;8;1707
1;2025-12-29;9;1324
1;2025-12-29;10;1178
1;2025-12-29;11;1219
1;2025-12-29;12;1265
1;2025-12-29;13;1281
1;2025-12-29;14;1238
1;2025-12-29;15;1384
1;2025-12-29;16;1369
1;2025-12-29;17;1586
1;2025-12-29;18;1634
1;2025-12-29;19;1223
1;2025-12-29;20;797
1;2025-12-29;21;442
1;2025-12-29;22;200
1;2025-12-29;23;45
1;2025-12-30;0;4
1;2025-12-30;1;0
1;2025-12-30;2;0
1;2025-12-30;3;0
1;2025-12-30;4;7
1;2025-12-30;5;115
1;2025-12-30;6;485
1;2025-12-30;7;1314
1;2025-12-30;8;1656
1;2025-12-30;9;1285
1;2025-12-30;10;1143
1;2025-12-30;11;1183
1;2025-12-30;12;1228
1;2025-12-30;13;1243
1;2025-12-30;14;1202
1;2025-12-30;15;1343
1;2025-12-30;16;1329
1;2025-12-30;17;1539
1;2025-12-30;18;1586
1;2025-12-30;19;1187
1;2025-12-30;20;773
1;2025-12-30;21;429
1;2025-12-30;22;194
1;2025-12-30;23;44
1;2025-12-31;0;9
1;2025-12-31;1;0
1;2025-12-31;2;0
1;2025-12-31;3;0
1;2025-12-31;4;0
1;2025-12-31;5;33
1;2025-12-31;6;169
1;2025-12-31;7;349
1;2025-12-31;8;476
1;2025-12-31;9;760
1;2025-12-31;10;889
1;2025-12-31;11;861
1;2025-12-31;12;1075
1;2025-12-31;13;1105
1;2025-12-31;14;1048
1;2025-12-31;15;891
1;2025-12-31;16;800
1;2025-12-31;17;754
1;2025-12-31;18;640
1;2025-12-31;19;562
1;2025-12-31;20;429
1;2025-12-31;21;304
1;2025-12-31;22;137
1;2025-12-31;23;37
5;2025-11-01;0;0
5;2025-11-01;1;0
5;2025-11-01;2;0
5;2025-11-01;3;0
5;2025-11-01;4;0
5;2025-11-01;5;0
5;2025-11-01;6;0
5;2025-11-01;7;0
5;2025-11-01;8;0
5;2025-11-01;9;0
5;2025-11-01;10;0
5;2025-11-01;11;0
5;2025-11-01;12;0
5;2025-11-01;13;0
5;2025-11-01;14;0
5;2025-11-01;15;0
5;2025-11-01;16;0
5;2025-11-01;17;0
5;2025-11-01;18;0
5;2025-11-01;19;0
5;2025-11-01;20;0
5;2025-11-01;21;0
5;2025-11-01;22;0
5;2025-11-01;23;0
5;2025-11-02;0;0
5;2025-11-02;1;0
5;2025-11-02;2;0
5;2025-11-02;3;0
5;2025-11-02;4;0
5;2025-11-02;5;0
5;2025-11-02;6;0
5;2025-11-02;7;0
5;2025-11-02;8;0
5;2025-11-02;9;0
5;2025-11-02;10;0
5;2025-11-02;11;0
5;2025-11-02;12;0
5;2025-11-02;13;0
5;2025-11-02;14;0
5;2025-11-02;15;0
5;2025-11-02;16;0
5;2025-11-02;17;0
5;2025-11-02;18;0
5;2025-11-02;19;0
5;2025-11-02;20;0
5;2025-11-02;21;0
5;2025-11-02;22;0
5;2025-11-02;23;0
5;2025-11-03;0;0
5;2025-11-03;1;0
5;2025-11-03;2;0
5;2025-11-03;3;0
5;2025-11-03;4;0
5;2025-11-03;5;0
5;2025-11-03;6;0
5;2025-11-03;7;0
5;2025-11-03;8;0
5;2025-11-03;9;0
5;2025-11-03;10;0
5;2025-11-03;11;0
5;2025-11-03;12;0
5;2025-11-03;13;0
5;2025-11-03;14;0
5;2025-11-03;15;0
5;2025-11-03;16;0
5;2025-11-03;17;0
5;2025-11-03;18;0
5;2025-11-03;19;0
5;2025-11-03;20;0
5;2025-11-03;21;0
5;2025-11-03;22;0
5;2025-11-03;23;0
5;2025-11-04;0;0
5;2025-11-04;1;0
5;2025-11-04;2;0
5;2025-11-04;3;0
5;2025-11-04;4;0
5;2025-11-04;5;0
5;2025-11-04;6;0
5;2025-11-04;7;0
5;2025-11-04;8;0
5;2025-11-04;9;0
5;2025-11-04;10;0
5;2025-11-04;11;0
5;2025-11-04;12;0
5;2025-11-04;13;0
5;2025-11-04;14;0
5;2025-11-04;15;0
5;2025-11-04;16;0
5;2025-11-04;17;0
5;2025-11-04;18;0
5;2025-11-04;19;0
5;2025-11-04;20;0
5;2025-11-04;21;0
5;2025-11-04;22;0
5;2025-11-04;23;0
5;2025-11-05;0;0
5;2025-11-05;1;0
5;2025-11-05;2;0
5;2025-11-05;3;0
5;2025-11-05;4;0
5;2025-11-05;5;0
5;2025-11-05;6;0
5;2025-11-05;7;0
5;2025-11-05;8;0
5;2025-11-05;9;0
5;2025-11-05;10;0
5;2025-11-05;11;0
5;2025-11-05;12;0
5;2025-11-05;13;0
5;2025-11-05;14;0
5;2025-11-05;15;0
5;2025-11-05;16;0
5;2025-11-05;17;0
5;2025-11-05;18;0
5;2025-11-05;19;0
5;2025-11-05;20;0
5;2025-11-05;21;0
5;2025-11-05;22;0
5;2025-11-05;23;0
5;2025-11-06;0;0
5;2025-11-06;1;0
5;2025-11-06;2;0
5;2025-11-06;3;0
5;2025-11-06;4;0
5;2025-11-06;5;0
5;2025-11-06;6;0
5;2025-11-06;7;0
5;2025-11-06;8;0
5;2025-11-06;9;0
5;2025-11-06;10;0
5;2025-11-06;11;0
5;2025-11-06;12;0
5;2025-11-06;13;0
5;2025-11-06;14;0
5;2025-11-06;15;0
5;2025-11-06;16;0
5;2025-11-06;17;0
5;2025-11-06;18;0
5;2025-11-06;19;0
5;2025-11-06;20;0
5;2025-11-06;21;0
5;2025-11-06;22;0
5;2025-11-06;23;0
5;2025-11-07;0;0
5;2025-11-07;1;0
5;2025-11-07;2;0
5;2025-11-07;3;0
5;2025-11-07;4;0
5;2025-11-07;5;0
5;2025-11-07;6;0
5;2025-11-07;7;0
5;2025-11-07;8;0
5;2025-11-07;9;0
5;2025-11-07;10;0
5;2025-11-07;11;0
5;2025-11-07;12;0
5;2025-11-07;13;0
5;2025-11-07;14;0
5;2025-11-07;15;0
5;2025-11-07;16;0
5;2025-11-07;17;0
5;2025-11-07;18;0
5;2025-11-07;19;0
5;2025-11-07;20;0
5;2025-11-07;21;0
5;2025-11-07;22;0
5;2025-11-07;23;0
5;2025-11-08;0;0
5;2025-11-08;1;0
5;2025-11-08;2;0
5;2025-11-08;3;0
5;2025-11-08;4;0
5;2025-11-08;5;0
5;2025-11-08;6;0
5;2025-11-08;7;0
5;2025-11-08;8;0
5;2025-11-08;9;0
5;2025-11-08;10;0
5;2025-11-08;11;0
5;2025-11-08;12;0
5;2025-11-08;13;0
5;2025-11-08;14;0
5;2025-11-08;15;0
5;2025-11-08;16;0
5;2025-11-08;17;0
5;2025-11-08;18;0
5;2025-11-08;19;0
5;2025-11-08;20;0
5;2025-11-08;21;0
5;2025-11-08;22;0
5;2025-11-08;23;0
5;2025-11-09;0;0
5;2025-11-09;1;0
5;2025-11-09;2;0
5;2025-11-09;3;0
5;2025-11-09;4;0
5;2025-11-09;5;0
5;2025-11-09;6;0
5;2025-11-09;7;0
5;2025-11-09;8;0
5;2025-11-09;9;0
5;2025-11-09;10;0
5;2025-11-09;11;0
5;2025-11-09;12;0
5;2025-11-09;13;0
5;2025-11-09;14;0
5;2025-11-09;15;0
5;2025-11-09;16;0
5;2025-11-09;17;0
5;2025-11-09;18;0
5;2025-11-09;19;0
5;2025-11-09;20;0
5;2025-11-09;21;0
5;2025-11-09;22;0
5;2025-11-09;23;0
5;2025-11-10;0;0
5;2025-11-10;1;0
5;2025-11-10;2;0
5;2025-11-10;3;0
5;2025-11-10;4;0
5;2025-11-10;5;0
5;2025-11-10;6;0
5;2025-11-10;7;0
5;2025-11-10;8;0
5;2025-11-10;9;0
5;2025-11-10;10;0
5;2025-11-10;11;0
5;2025-11-10;12;0
5;2025-11-10;13;0
5;2025-11-10;14;0
5;2025-11-10;15;0
5;2025-11-10;16;0
5;2025-11-10;17;0
5;2025-11-10;18;0
5;2025-11-10;19;0
5;2025-11-10;20;0
5;2025-11-10;21;0
5;2025-11-10;22;0
5;2025-11-10;23;0
5;2025-11-11;0;0
5;2025-11-11;1;0
5;2025-11-11;2;0
5;2025-11-11;3;0
5;2025-11-11;4;0
5;2025-11-11;5;0
5;2025-11-11;6;0
5;2025-11-11;7;0
5;2025-11-11;8;0
5;2025-11-11;9;0
5;2025-11-11;10;0
5;2025-11-11;11;0
5;2025-11-11;12;0
5;2025-11-11;13;0
5;2025-11-11;14;0
5;2025-11-11;15;0
5;2025-11-11;16;0
5;2025-11-11;17;0
5;2025-11-11;18;0
5;2025-11-11;19;0
5;2025-11-11;20;0
5;2025-11-11;21;0
5;2025-11-11;22;0
5;2025-11-11;23;0
5;2025-11-12;0;0
5;2025-11-12;1;0
5;2025-11-12;2;0
5;2025-11-12;3;0
5;2025-11-12;4;0
5;2025-11-12;5;0
5;2025-11-12;6;0
5;2025-11-12;7;0
5;2025-11-12;8;0
5;2025-11-12;9;0
5;2025-11-12;10;0
5;2025-11-12;11;0
5;2025-11-12;12;0
5;2025-11-12;13;0
5;2025-11-12;14;0
5;2025-11-12;15;0
5;2025-11-12;16;0
5;2025-11-12;17;0
5;2025-11-12;18;0
5;2025-11-12;19;0
5;2025-11-12;20;0
5;2025-11-12;21;0
5;2025-11-12;22;0
5;2025-11-12;23;0
5;2025-11-13;0;0
5;2025-11-13;1;0
5;2025-11-13;2;0
5;2025-11-13;3;0
5;2025-11-13;4;0
5;2025-11-13;5;0
5;2025-11-13;6;0
5;2025-11-13;7;0
5;2025-11-13;8;0
5;2025-11-13;9;0
5;2025-11-13;10;0
5;2025-11-13;11;0
5;2025-11-13;12;0
5;2025-11-13;13;0
5;2025-11-13;14;0
5;2025-11-13;15;0
5;2025-11-13;16;0
5;2025-11-13;17;0
5;2025-11-13;18;0
5;2025-11-13;19;0
5;2025-11-13;20;0
5;2025-11-13;21;0
5;2025-11-13;22;0
5;2025-11-13;23;0
5;2025-11-14;0;0
5;2025-11-14;1;0
5;2025-11-14;2;0
5;2025-11-14;3;0
5;2025-11-14;4;0
5;2025-11-14;5;0
5;2025-11-14;6;0
5;2025-11-14;7;0
5;2025-11-14;8;0
5;2025-11-14;9;0
5;2025-11-14;10;0
5;2025-11-14;11;0
5;2025-11-14;12;0
5;2025-11-14;13;0
5;2025-11-14;14;0
5;2025-11-14;15;0
5;2025-11-14;16;0
5;2025-11-14;17;0
5;2025-11-14;18;0
5;2025-11-14;19;0
5;2025-11-14;20;0
5;2025-11-14;21;0
5;2025-11-14;22;0
5;2025-11-14;23;0
5;2025-11-15;0;0
5;2025-11-15;1;0
5;2025-11-15;2;0
5;2025-11-15;3;0
5;2025-11-15;4;0
5;2025-11-15;5;0
5;2025-11-15;6;0
5;2025-11-15;7;0
5;2025-11-15;8;0
5;2025-11-15;9;0
5;2025-11-15;10;0
5;2025-11-15;11;0
5;2025-11-15;12;0
5;2025-11-15;13;0
5;2025-11-15;14;0
5;2025-11-15;15;0
5;2025-11-15;16;0
5;2025-11-15;17;0
5;2025-11-15;18;0
5;2025-11-15;19;0
5;2025-11-15;20;0
5;2025-11-15;21;0
5;2025-11-15;22;0
5;2025-11-15;23;0
5;2025-11-16;0;0
5;2025-11-16;1;0
5;2025-11-16;2;0
5;2025-11-16;3;0
5;2025-11-16;4;0
5;2025-11-16;5;0
5;2025-11-16;6;0
5;2025-11-16;7;0
5;2025-11-16;8;0
5;2025-11-16;9;0
5;2025-11-16;10;0
5;2025-11-16;11;0
5;2025-11-16;12;0
5;2025-11-16;13;0
5;2025-11-16;14;0
5;2025-11-16;15;0
5;2025-11-16;16;0
5;2025-11-16;17;0
5;2025-11-16;18;0
5;2025-11-16;19;0
5;2025-11-16;20;0
5;2025-11-16;21;0
5;2025-11-16;22;0
5;2025-11-16;23;0
5;2025-11-17;0;0
5;2025-11-17;1;0
5;2025-11-17;2;0
5;2025-11-17;3;0
5;2025-11-17;4;0
5;2025-11-17;5;0
5;2025-11-17;6;0
5;2025-11-17;7;0
5;2025-11-17;8;0
5;2025-11-17;9;0
5;2025-11-17;10;0
5;2025-11-17;11;0
5;2025-11-17;12;0
5;2025-11-17;13;0
5;2025-11-17;14;0
5;2025-11-17;15;0
5;2025-11-17;16;0
5;2025-11-17;17;0
5;2025-11-17;18;0
5;2025-11-17;19;0
5;2025-11-17;20;0
5;2025-11-17;21;0
5;2025-11-17;22;0
5;2025-11-17;23;0
5;2025-11-18;0;0
5;2025-11-18;1;0
5;2025-11-18;2;0
5;2025-11-18;3;0
5;2025-11-18;4;0
5;2025-11-18;5;0
5;2025-11-18;6;0
5;2025-11-18;7;0
5;2025-11-18;8;0
5;2025-11-18;9;0
5;2025-11-18;10;0
5;2025-11-18;11;0
5;2025-11-18;12;0
5;2025-11-18;13;0
5;2025-11-18;14;0
5;2025-11-18;15;0
5;2025-11-18;16;0
5;2025-11-18;17;0
5;2025-11-18;18;0
5;2025-11-18;19;0
5;2025-11-18;20;0
5;2025-11-18;21;0
5;2025-11-18;22;0
5;2025-11-18;23;0
5;2025-11-19;0;0
5;2025-11-19;1;0
5;2025-11-19;2;0
5;2025-11-19;3;0
5;2025-11-19;4;0
5;2025-11-19;5;0
5;2025-11-19;6;0
5;2025-11-19;7;0
5;2025-11-19;8;0
5;2025-11-19;9;0
5;2025-11-19;10;0
5;2025-11-19;11;0
5;2025-11-19;12;0
5;2025-11-19;13;0
5;2025-11-19;14;0
5;2025-11-19;15;0
5;2025-11-19;16;0
5;2025-11-19;17;0
5;2025-11-19;18;0
5;2025-11-19;19;0
5;2025-11-19;20;0
5;2025-11-19;21;0
5;2025-11-19;22;0
5;2025-11-19;23;0
5;2025-11-20;0;0
5;2025-11-20;1;0
5;2025-11-20;2;0
5;2025-11-20;3;0
5;2025-11-20;4;0
5;2025-11-20;5;0
5;2025-11-20;6;0
5;2025-11-20;7;0
5;2025-11-20;8;0
5;2025-11-20;9;0
5;2025-11-20;10;0
5;2025-11-20;11;0
5;2025-11-20;12;0
5;2025-11-20;13;0
5;2025-11-20;14;0
5;2025-11-20;15;0
5;2025-11-20;16;0
5;2025-11-20;17;0
5;2025-11-20;18;0
5;2025-11-20;19;0
5;2025-11-20;20;0
5;2025-11-20;21;0
5;2025-11-20;22;0
5;2025-11-20;23;0
5;2025-11-21;0;0
5;2025-11-21;1;0
5;2025-11-21;2;0
5;2025-11-21;3;0
5;2025-11-21;4;0
5;2025-11-21;5;0
5;2025-11-21;6;0
5;2025-11-21;7;0
5;2025-11-21;8;0
5;2025-11-21;9;0
5;2025-11-21;10;0
5;2025-11-21;11;0
5;2025-11-21;12;0
5;2025-11-21;13;0
5;2025-11-21;14;0
5;2025-11-21;15;0
5;2025-11-21;16;0
5;2025-11-21;17;0
5;2025-11-21;18;0
5;2025-11-21;19;0
5;2025-11-21;20;0
5;2025-11-21;21;0
5;2025-11-21;22;0
5;2025-11-21;23;0
5;2025-11-22;0;0
5;2025-11-22;1;0
5;2025-11-22;2;0
5;2025-11-22;3;0
5;2025-11-22;4;0
5;2025-11-22;5;0
5;2025-11-22;6;0
5;2025-11-22;7;0
5;2025-11-22;8;0
5;2025-11-22;9;0
5;2025-11-22;10;0
5;2025-11-22;11;0
5;2025-11-22;12;0
5;2025-11-22;13;0
5;2025-11-22;14;0
5;2025-11-22;15;0
5;2025-11-22;16;0
5;2025-11-22;17;0
5;2025-11-22;18;0
5;2025-11-22;19;0
5;2025-11-22;20;0
5;2025-11-22;21;0
5;2025-11-22;22;0
5;2025-11-22;23;0
5;2025-11-23;0;0
5;2025-11-23;1;0
5;2025-11-23;2;0
5;2025-11-23;3;0
5;2025-11-23;4;0
5;2025-11-23;5;0
5;2025-11-23;6;0
5;2025-11-23;7;0
5;2025-11-23;8;0
5;2025-11-23;9;0
5;2025-11-23;10;0
5;2025-11-23;11;0
5;2025-11-23;12;0
5;2025-11-23;13;0
5;2025-11-23;14;0
5;2025-11-23;15;0
5;2025-11-23;16;0
5;2025-11-23;17;0
5;2025-11-23;18;0
5;2025-11-23;19;0
5;2025-11-23;20;0
5;2025-11-23;21;0
5;2025-11-23;22;0
5;2025-11-23;23;0
5;2025-11-24;0;0
5;2025-11-24;1;0
5;2025-11-24;2;0
5;2025-11-24;3;0
5;2025-11-24;4;0
5;2025-11-24;5;0
5;2025-11-24;6;0
5;2025-11-24;7;0
5;2025-11-24;8;0
5;2025-11-24;9;0
5;2025-11-24;10;0
5;2025-11-24;11;0
5;2025-11-24;12;0
5;2025-11-24;13;0
5;2025-11-24;14;0
5;2025-11-24;15;0
5;2025-11-24;16;0
5;2025-11-24;17;0
5;2025-11-24;18;0
5;2025-11-24;19;0
5;2025-11-24;20;0
5;2025-11-24;21;0
5;2025-11-24;22;0
5;2025-11-24;23;0
5;2025-11-25;0;0
5;2025-11-25;1;0
5;2025-11-25;2;0
5;2025-11-25;3;0
5;2025-11-25;4;0
5;2025-11-25;5;0
5;2025-11-25;6;0
5;2025-11-25;7;0
5;2025-11-25;8;0
5;2025-11-25;9;0
5;2025-11-25;10;0
5;2025-11-25;11;0
5;2025-11-25;12;0
5;2025-11-25;13;0
5;2025-11-25;14;0
5;2025-11-25;15;0
5;2025-11-25;16;0
5;2025-11-25;17;0
5;2025-11-25;18;0
5;2025-11-25;19;0
5;2025-11-25;20;0
5;2025-11-25;21;0
5;2025-11-25;22;0
5;2025-11-25;23;0
5;2025-11-26;0;0
5;2025-11-26;1;0
5;2025-11-26;2;0
5;2025-11-26;3;0
5;2025-11-26;4;0
5;2025-11-26;5;0
5;2025-11-26;6;0
5;2025-11-26;7;0
5;2025-11-26;8;0
5;2025-11-26;9;0
5;2025-11-26;10;0
5;2025-11-26;11;0
5;2025-11-26;12;0
5;2025-11-26;13;0
5;2025-11-26;14;0
5;2025-11-26;15;0
5;2025-11-26;16;0
5;2025-11-26;17;0
5;2025-11-26;18;0
5;2025-11-26;19;0
5;2025-11-26;20;0
5;2025-11-26;21;0
5;2025-11-26;22;0
5;2025-11-26;23;0
5;2025-11-27;0;0
5;2025-11-27;1;0
5;2025-11-27;2;0
5;2025-11-27;3;0
5;2025-11-27;4;0
5;2025-11-27;5;0
5;2025-11-27;6;0
5;2025-11-27;7;0
5;2025-11-27;8;0
5;2025-11-27;9;0
5;2025-11-27;10;0
5;2025-11-27;11;0
5;2025-11-27;12;0
5;2025-11-27;13;0
5;2025-11-27;14;0
5;2025-11-27;15;0
5;2025-11-27;16;0
5;2025-11-27;17;0
5;2025-11-27;18;0
5;2025-11-27;19;0
5;2025-11-27;20;0
5;2025-11-27;21;0
5;2025-11-27;22;0
5;2025-11-27;23;0
5;2025-11-28;0;0
5;2025-11-28;1;0
5;2025-11-28;2;0
5;2025-11-28;3;0
5;2025-11-28;4;0
5;2025-11-28;5;0
5;2025-11-28;6;0
5;2025-11-28;7;0
5;2025-11-28;8;0
5;2025-11-28;9;0
5;2025-11-28;10;0
5;2025-11-28;11;0
5;2025-11-28;12;0
5;2025-11-28;13;0
5;2025-11-28;14;0
5;2025-11-28;15;0
5;2025-11-28;16;0
5;2025-11-28;17;0
5;2025-11-28;18;0
5;2025-11-28;19;0
5;2025-11-28;20;0
5;2025-11-28;21;0
5;2025-11-28;22;0
5;2025-11-28;23;0
5;2025-11-29;0;0
5;2025-11-29;1;0
5;2025-11-29;2;0
5;2025-11-29;3;0
5;2025-11-29;4;0
5;2025-11-29;5;0
5;2025-11-29;6;0
5;2025-11-29;7;0
5;2025-11-29;8;0
5;2025-11-29;9;0
5;2025-11-29;10;0
5;2025-11-29;11;0
5;2025-11-29;12;0
5;2025-11-29;13;0
5;2025-11-29;14;0
5;2025-11-29;15;0
5;2025-11-29;16;0
5;2025-11-29;17;0
5;2025-11-29;18;0
5;2025-11-29;19;0
5;2025-11-29;20;0
5;2025-11-29;21;0
5;2025-11-29;22;0
5;2025-11-29;23;0
5;2025-11-30;0;0
5;2025-11-30;1;0
5;2025-11-30;2;0
5;2025-11-30;3;0
5;2025-11-30;4;0
5;2025-11-30;5;0
5;2025-11-30;6;0
5;2025-11-30;7;0
5;2025-11-30;8;0
5;2025-11-30;9;0
5;2025-11-30;10;0
5;2025-11-30;11;0
5;2025-11-30;12;0
5;2025-11-30;13;0
5;2025-11-30;14;0
5;2025-11-30;15;0
5;2025-11-30;16;0
5;2025-11-30;17;0
5;2025-11-30;18;0
5;2025-11-30;19;0
5;2025-11-30;20;0
5;2025-11-30;21;0
5;2025-11-30;22;0
5;2025-11-30;23;0
5;2025-12-01;0;0
5;2025-12-01;1;0
5;2025-12-01;2;0
5;2025-12-01;3;0
5;2025-12-01;4;0
5;2025-12-01;5;0
5;2025-12-01;6;0
5;2025-12-01;7;0
5;2025-12-01;8;0
5;2025-12-01;9;0
5;2025-12-01;10;0
5;2025-12-01;11;0
5;2025-12-01;12;0
5;2025-12-01;13;0
5;2025-12-01;14;0
5;2025-12-01;15;0
5;2025-12-01;16;0
5;2025-12-01;17;0
5;2025-12-01;18;0
5;2025-12-01;19;0
5;2025-12-01;20;0
5;2025-12-01;21;0
5;2025-12-01;22;0
5;2025-12-01;23;0
5;2025-12-02;0;0
5;2025-12-02;1;0
5;2025-12-02;2;0
5;2025-12-02;3;0
5;2025-12-02;4;0
5;2025-12-02;5;0
5;2025-12-02;6;0
5;2025-12-02;7;0
5;2025-12-02;8;0
5;2025-12-02;9;0
5;2025-12-02;10;0
5;2025-12-02;11;0
5;2025-12-02;12;0
5;2025-12-02;13;0
5;2025-12-02;14;0
5;2025-12-02;15;0
5;2025-12-02;16;0
5;2025-12-02;17;0
5;2025-12-02;18;0
5;2025-12-02;19;0
5;2025-12-02;20;0
5;2025-12-02;21;0
5;2025-12-02;22;0
5;2025-12-02;23;0
5;2025-12-03;0;0
5;2025-12-03;1;0
5;2025-12-03;2;0
5;2025-12-03;3;0
5;2025-12-03;4;0
5;2025-12-03;5;0
5;2025-12-03;6;0
5;2025-12-03;7;0
5;2025-12-03;8;0
5;2025-12-03;9;0
5;2025-12-03;10;0
5;2025-12-03;11;0
5;2025-12-03;12;0
5;2025-12-03;13;0
5;2025-12-03;14;0
5;2025-12-03;15;0
5;2025-12-03;16;0
5;2025-12-03;17;0
5;2025-12-03;18;0
5;2025-12-03;19;0
5;2025-12-03;20;0
5;2025-12-03;21;0
5;2025-12-03;22;0
5;2025-12-03;23;0
5;2025-12-04;0;0
5;2025-12-04;1;0
5;2025-12-04;2;0
5;2025-12-04;3;0
5;2025-12-04;4;0
5;2025-12-04;5;0
5;2025-12-04;6;0
5;2025-12-04;7;0
5;2025-12-04;8;0
5;2025-12-04;9;0
5;2025-12-04;10;0
5;2025-12-04;11;0
5;2025-12-04;12;0
5;2025-12-04;13;0
5;2025-12-04;14;0
5;2025-12-04;15;0
5;2025-12-04;16;0
5;2025-12-04;17;0
5;2025-12-04;18;0
5;2025-12-04;19;0
5;2025-12-04;20;0
5;2025-12-04;21;0
5;2025-12-04;22;0
5;2025-12-04;23;0
5;2025-12-05;0;0
5;2025-12-05;1;0
5;2025-12-05;2;0
5;2025-12-05;3;0
5;2025-12-05;4;0
5;2025-12-05;5;0
5;2025-12-05;6;0
5;2025-12-05;7;0
5;2025-12-05;8;0
5;2025-12-05;9;0
5;2025-12-05;10;0
5;2025-12-05;11;0
5;2025-12-05;12;0
5;2025-12-05;13;0
5;2025-12-05;14;0
5;2025-12-05;15;0
5;2025-12-05;16;0
5;2025-12-05;17;0
5;2025-12-05;18;0
5;2025-12-05;19;0
5;2025-12-05;20;0
5;2025-12-05;21;0
5;2025-12-05;22;0
5;2025-12-05;23;0
5;2025-12-06;0;0
5;2025-12-06;1;0
5;2025-12-06;2;0
5;2025-12-06;3;0
5;2025-12-06;4;0
5;2025-12-06;5;0
5;2025-12-06;6;0
5;2025-12-06;7;0
5;2025-12-06;8;0
5;2025-12-06;9;0
5;2025-12-06;10;0
5;2025-12-06;11;0
5;2025-12-06;12;0
5;2025-12-06;13;0
5;2025-12-06;14;0
5;2025-12-06;15;0
5;2025-12-06;16;0
5;2025-12-06;17;0
5;2025-12-06;18;0
5;2025-12-06;19;0
5;2025-12-06;20;0
5;2025-12-06;21;0
5;2025-12-06;22;0
5;2025-12-06;23;0
5;2025-12-07;0;0
5;2025-12-07;1;0
5;2025-12-07;2;0
5;2025-12-07;3;0
5;2025-12-07;4;0
5;2025-12-07;5;0
5;2025-12-07;6;0
5;2025-12-07;7;0
5;2025-12-07;8;0
5;2025-12-07;9;0
5;2025-12-07;10;0
5;2025-12-07;11;0
5;2025-12-07;12;0
5;2025-12-07;13;0
5;2025-12-07;14;0
5;2025-12-07;15;0
5;2025-12-07;16;0
5;2025-12-07;17;0
5;2025-12-07;18;0
5;2025-12-07;19;0
5;2025-12-07;20;0
5;2025-12-07;21;0
5;2025-12-07;22;0
5;2025-12-07;23;0
5;2025-12-08;0;0
5;2025-12-08;1;0
5;2025-12-08;2;0
5;2025-12-08;3;0
5;2025-12-08;4;0
5;2025-12-08;5;0
5;2025-12-08;6;0
5;2025-12-08;7;0
5;2025-12-08;8;0
5;2025-12-08;9;0
5;2025-12-08;10;0
5;2025-12-08;11;0
5;2025-12-08;12;0
5;2025-12-08;13;0
5;2025-12-08;14;0
5;2025-12-08;15;0
5;2025-12-08;16;0
5;2025-12-08;17;0
5;2025-12-08;18;0
5;2025-12-08;19;0
5;2025-12-08;20;0
5;2025-12-08;21;0
5;2025-12-08;22;0
5;2025-12-08;23;0
5;2025-12-09;0;0
5;2025-12-09;1;0
5;2025-12-09;2;0
5;2025-12-09;3;0
5;2025-12-09;4;0
5;2025-12-09;5;0
5;2025-12-09;6;0
5;2025-12-09;7;0
5;2025-12-09;8;0
5;2025-12-09;9;0
5;2025-12-09;10;0
5;2025-12-09;11;0
5;2025-12-09;12;0
5;2025-12-09;13;0
5;2025-12-09;14;0
5;2025-12-09;15;0
5;2025-12-09;16;0
5;2025-12-09;17;0
5;2025-12-09;18;0
5;2025-12-09;19;0
5;2025-12-09;20;0
5;2025-12-09;21;0
5;2025-12-09;22;0
5;2025-12-09;23;0
5;2025-12-10;0;0
5;2025-12-10;1;0
5;2025-12-10;2;0
5;2025-12-10;3;0
5;2025-12-10;4;0
5;2025-12-10;5;0
5;2025-12-10;6;0
5;2025-12-10;7;0
5;2025-12-10;8;0
5;2025-12-10;9;0
5;2025-12-10;10;0
5;2025-12-10;11;0
5;2025-12-10;12;0
5;2025-12-10;13;0
5;2025-12-10;14;0
5;2025-12-10;15;0
5;2025-12-10;16;0
5;2025-12-10;17;0
5;2025-12-10;18;0
5;2025-12-10;19;0
5;2025-12-10;20;0
5;2025-12-10;21;0
5;2025-12-10;22;0
5;2025-12-10;23;0
5;2025-12-11;0;0
5;2025-12-11;1;0
5;2025-12-11;2;0
5;2025-12-11;3;0
5;2025-12-11;4;0
5;2025-12-11;5;0
5;2025-12-11;6;0
5;2025-12-11;7;0
5;2025-12-11;8;0
5;2025-12-11;9;0
5;2025-12-11;10;0
5;2025-12-11;11;0
5;2025-12-11;12;0
5;2025-12-11;13;0
5;2025-12-11;14;0
5;2025-12-11;15;0
5;2025-12-11;16;0
5;2025-12-11;17;0
5;2025-12-11;18;0
5;2025-12-11;19;0
5;2025-12-11;20;0
5;2025-12-11;21;0
5;2025-12-11;22;0
5;2025-12-11;23;0
5;2025-12-12;0;0
5;2025-12-12;1;0
5;2025-12-12;2;0
5;2025-12-12;3;0
5;2025-12-12;4;0
5;2025-12-12;5;0
5;2025-12-12;6;0
5;2025-12-12;7;0
5;2025-12-12;8;0
5;2025-12-12;9;0
5;2025-12-12;10;0
5;2025-12-12;11;0
5;2025-12-12;12;0
5;2025-12-12;13;0
5;2025-12-12;14;0
5;2025-12-12;15;0
5;2025-12-12;16;0
5;2025-12-12;17;0
5;2025-12-12;18;0
5;2025-12-12;19;0
5;2025-12-12;20;0
5;2025-12-12;21;0
5;2025-12-12;22;0
5;2025-12-12;23;0
5;2025-12-13;0;0
5;2025-12-13;1;0
5;2025-12-13;2;0
5;2025-12-13;3;0
5;2025-12-13;4;0
5;2025-12-13;5;0
5;2025-12-13;6;0
5;2025-12-13;7;0
5;2025-12-13;8;0
5;2025-12-13;9;0
5;2025-12-13;10;0
5;2025-12-13;11;0
5;2025-12-13;12;0
5;2025-12-13;13;0
5;2025-12-13;14;0
5;2025-12-13;15;0
5;2025-12-13;16;0
5;2025-12-13;17;0
5;2025-12-13;18;0
5;2025-12-13;19;0
5;2025-12-13;20;0
5;2025-12-13;21;0
5;2025-12-13;22;0
5;2025-12-13;23;0
5;2025-12-14;0;0
5;2025-12-14;1;0
5;2025-12-14;2;0
5;2025-12-14;3;0
5;2025-12-14;4;0
5;2025-12-14;5;0
5;2025-12-14;6;0
5;2025-12-14;7;0
5;2025-12-14;8;0
5;2025-12-14;9;0
5;2025-12-14;10;0
5;2025-12-14;11;0
5;2025-12-14;12;0
5;2025-12-14;13;0
5;2025-12-14;14;0
5;2025-12-14;15;0
5;2025-12-14;16;0
5;2025-12-14;17;0
5;2025-12-14;18;0
5;2025-12-14;19;0
5;2025-12-14;20;0
5;2025-12-14;21;0
5;2025-12-14;22;0
5;2025-12-14;23;0
5;2025-12-15;0;0
5;2025-12-15;1;0
5;2025-12-15;2;0
5;2025-12-15;3;0
5;2025-12-15;4;0
5;2025-12-15;5;0
5;2025-12-15;6;0
5;2025-12-15;7;0
5;2025-12-15;8;0
5;2025-12-15;9;0
5;2025-12-15;10;0
5;2025-12-15;11;0
5;2025-12-15;12;0
5;2025-12-15;13;0
5;2025-12-15;14;0
5;2025-12-15;15;0
5;2025-12-15;16;0
5;2025-12-15;17;0
5;2025-12-15;18;0
5;2025-12-15;19;0
5;2025-12-15;20;0
5;2025-12-15;21;0
5;2025-12-15;22;0
5;2025-12-15;23;0
5;2025-12-16;0;8
5;2025-12-16;1;1
5;2025-12-16;2;0
5;2025-12-16;3;0
5;2025-12-16;4;0
5;2025-12-16;5;26
5;2025-12-16;6;98
5;2025-12-16;7;220
5;2025-12-16;8;334
5;2025-12-16;9;256
5;2025-12-16;10;215
5;2025-12-16;11;188
5;2025-12-16;12;198
5;2025-12-16;13;195
5;2025-12-16;14;209
5;2025-12-16;15;228
5;2025-12-16;16;244
5;2025-12-16;17;314
5;2025-12-16;18;347
5;2025-12-16;19;234
5;2025-12-16;20;140
5;2025-12-16;21;83
5;2025-12-16;22;39
5;2025-12-16;23;23
5;2025-12-17;0;13
5;2025-12-17;1;2
5;2025-12-17;2;0
5;2025-12-17;3;0
5;2025-12-17;4;0
5;2025-12-17;5;43
5;2025-12-17;6;164
5;2025-12-17;7;366
5;2025-12-17;8;556
5;2025-12-17;9;426
5;2025-12-17;10;358
5;2025-12-17;11;313
5;2025-12-17;12;330
5;2025-12-17;13;326
5;2025-12-17;14;349
5;2025-12-17;15;381
5;2025-12-17;16;407
5;2025-12-17;17;523
5;2025-12-17;18;578
5;2025-12-17;19;390
5;2025-12-17;20;233
5;2025-12-17;21;138
5;2025-12-17;22;66
5;2025-12-17;23;39
5;2025-12-18;0;13
5;2025-12-18;1;2
5;2025-12-18;2;0
5;2025-12-18;3;0
5;2025-12-18;4;0
5;2025-12-18;5;43
5;2025-12-18;6;164
5;2025-12-18;7;366
5;2025-12-18;8;556
5;2025-12-18;9;426
5;2025-12-18;10;358
5;2025-12-18;11;313
5;2025-12-18;12;330
5;2025-12-18;13;326
5;2025-12-18;14;349
5;2025-12-18;15;381
5;2025-12-18;16;407
5;2025-12-18;17;523
5;2025-12-18;18;578
5;2025-12-18;19;390
5;2025-12-18;20;233
5;2025-12-18;21;138
5;2025-12-18;22;66
5;2025-12-18;23;39
5;2025-12-19;0;14
5;2025-12-19;1;2
5;2025-12-19;2;0
5;2025-12-19;3;0
5;2025-12-19;4;0
5;2025-12-19;5;42
5;2025-12-19;6;154
5;2025-12-19;7;354
5;2025-12-19;8;517
5;2025-12-19;9;404
5;2025-12-19;10;360
5;2025-12-19;11;339
5;2025-12-19;12;347
5;2025-12-19;13;370
5;2025-12-19;14;385
5;2025-12-19;15;408
5;2025-12-19;16;482
5;2025-12-19;17;518
5;2025-12-19;18;470
5;2025-12-19;19;345
5;2025-12-19;20;226
5;2025-12-19;21;139
5;2025-12-19;22;75
5;2025-12-19;23;49
5;2025-12-20;0;19
5;2025-12-20;1;6
5;2025-12-20;2;0
5;2025-12-20;3;0
5;2025-12-20;4;0
5;2025-12-20;5;11
5;2025-12-20;6;66
5;2025-12-20;7;100
5;2025-12-20;8;164
5;2025-12-20;9;199
5;2025-12-20;10;208
5;2025-12-20;11;263
5;2025-12-20;12;298
5;2025-12-20;13;291
5;2025-12-20;14;312
5;2025-12-20;15;278
5;2025-12-20;16;272
5;2025-12-20;17;259
5;2025-12-20;18;243
5;2025-12-20;19;232
5;2025-12-20;20;183
5;2025-12-20;21;137
5;2025-12-20;22;73
5;2025-12-20;23;47
5;2025-12-21;0;21
5;2025-12-21;1;5
5;2025-12-21;2;0
5;2025-12-21;3;0
5;2025-12-21;4;0
5;2025-12-21;5;9
5;2025-12-21;6;49
5;2025-12-21;7;69
5;2025-12-21;8;114
5;2025-12-21;9;142
5;2025-12-21;10;169
5;2025-12-21;11;222
5;2025-12-21;12;246
5;2025-12-21;13;259
5;2025-12-21;14;271
5;2025-12-21;15;259
5;2025-12-21;16;243
5;2025-12-21;17;244
5;2025-12-21;18;204
5;2025-12-21;19;172
5;2025-12-21;20;150
5;2025-12-21;21;114
5;2025-12-21;22;64
5;2025-12-21;23;35
5;2025-12-22;0;13
5;2025-12-22;1;2
5;2025-12-22;2;0
5;2025-12-22;3;0
5;2025-12-22;4;0
5;2025-12-22;5;43
5;2025-12-22;6;164
5;2025-12-22;7;366
5;2025-12-22;8;556
5;2025-12-22;9;426
5;2025-12-22;10;358
5;2025-12-22;11;313
5;2025-12-22;12;330
5;2025-12-22;13;326
5;2025-12-22;14;349
5;2025-12-22;15;381
5;2025-12-22;16;407
5;2025-12-22;17;523
5;2025-12-22;18;578
5;2025-12-22;19;390
5;2025-12-22;20;233
5;2025-12-22;21;138
5;2025-12-22;22;66
5;2025-12-22;23;39
5;2025-12-23;0;13
5;2025-12-23;1;2
5;2025-12-23;2;0
5;2025-12-23;3;0
5;2025-12-23;4;0
5;2025-12-23;5;43
5;2025-12-23;6;164
5;2025-12-23;7;366
5;2025-12-23;8;556
5;2025-12-23;9;426
5;2025-12-23;10;358
5;2025-12-23;11;313
5;2025-12-23;12;330
5;2025-12-23;13;326
5;2025-12-23;14;349
5;2025-12-23;15;381
5;2025-12-23;16;407
5;2025-12-23;17;523
5;2025-12-23;18;578
5;2025-12-23;19;390
5;2025-12-23;20;233
5;2025-12-23;21;138
5;2025-12-23;22;66
5;2025-12-23;23;39
5;2025-12-24;0;13
5;2025-12-24;1;2
5;2025-12-24;2;0
5;2025-12-24;3;0
5;2025-12-24;4;0
5;2025-12-24;5;43
5;2025-12-24;6;164
5;2025-12-24;7;366
5;2025-12-24;8;556
5;2025-12-24;9;426
5;2025-12-24;10;358
5;2025-12-24;11;313
5;2025-12-24;12;330
5;2025-12-24;13;326
5;2025-12-24;14;349
5;2025-12-24;15;381
5;2025-12-24;16;407
5;2025-12-24;17;523
5;2025-12-24;18;578
5;2025-12-24;19;390
5;2025-12-24;20;233
5;2025-12-24;21;138
5;2025-12-24;22;66
5;2025-12-24;23;39
5;2025-12-25;0;13
5;2025-12-25;1;2
5;2025-12-25;2;0
5;2025-12-25;3;0
5;2025-12-25;4;0
5;2025-12-25;5;43
5;2025-12-25;6;164
5;2025-12-25;7;366
5;2025-12-25;8;556
5;2025-12-25;9;426
5;2025-12-25;10;358
5;2025-12-25;11;313
5;2025-12-25;12;330
5;2025-12-25;13;326
5;2025-12-25;14;349
5;2025-12-25;15;381
5;2025-12-25;16;407
5;2025-12-25;17;523
5;2025-12-25;18;578
5;2025-12-25;19;390
5;2025-12-25;20;233
5;2025-12-25;21;138
5;2025-12-25;22;66
5;2025-12-25;23;39
5;2025-12-26;0;14
5;2025-12-26;1;2
5;2025-12-26;2;0
5;2025-12-26;3;0
5;2025-12-26;4;0
5;2025-12-26;5;42
5;2025-12-26;6;154
5;2025-12-26;7;354
5;2025-12-26;8;517
5;2025-12-26;9;404
5;2025-12-26;10;360
5;2025-12-26;11;339
5;2025-12-26;12;347
5;2025-12-26;13;370
5;2025-12-26;14;385
5;2025-12-26;15;408
5;2025-12-26;16;482
5;2025-12-26;17;518
5;2025-12-26;18;470
5;2025-12-26;19;345
5;2025-12-26;20;226
5;2025-12-26;21;139
5;2025-12-26;22;75
5;2025-12-26;23;49
5;2025-12-27;0;19
5;2025-12-27;1;6
5;2025-12-27;2;0
5;2025-12-27;3;0
5;2025-12-27;4;0
5;2025-12-27;5;11
5;2025-12-27;6;66
5;2025-12-27;7;100
5;2025-12-27;8;164
5;2025-12-27;9;199
5;2025-12-27;10;208
5;2025-12-27;11;263
5;2025-12-27;12;298
5;2025-12-27;13;291
5;2025-12-27;14;312
5;2025-12-27;15;278
5;2025-12-27;16;272
5;2025-12-27;17;259
5;2025-12-27;18;243
5;2025-12-27;19;232
5;2025-12-27;20;183
5;2025-12-27;21;137
5;2025-12-27;22;73
5;2025-12-27;23;47
5;2025-12-28;0;21
5;2025-12-28;1;5
5;2025-12-28;2;0
5;2025-12-28;3;0
5;2025-12-28;4;0
5;2025-12-28;5;9
5;2025-12-28;6;49
5;2025-12-28;7;69
5;2025-12-28;8;114
5;2025-12-28;9;142
5;2025-12-28;10;169
5;2025-12-28;11;222
5;2025-12-28;12;246
5;2025-12-28;13;259
5;2025-12-28;14;271
5;2025-12-28;15;259
5;2025-12-28;16;243
5;2025-12-28;17;244
5;2025-12-28;18;204
5;2025-12-28;19;172
5;2025-12-28;20;150
5;2025-12-28;21;114
5;2025-12-28;22;64
5;2025-12-28;23;35
5;2025-12-29;0;12
5;2025-12-29;1;2
5;2025-12-29;2;0
5;2025-12-29;3;0
5;2025-12-29;4;0
5;2025-12-29;5;39
5;2025-12-29;6;147
5;2025-12-29;7;330
5;2025-12-29;8;500
5;2025-12-29;9;384
5;2025-12-29;10;322
5;2025-12-29;11;281
5;2025-12-29;12;297
5;2025-12-29;13;293
5;2025-12-29;14;314
5;2025-12-29;15;343
5;2025-12-29;16;367
5;2025-12-29;17;471
5;2025-12-29;18;520
5;2025-12-29;19;351
5;2025-12-29;20;210
5;2025-12-29;21;124
5;2025-12-29;22;59
5;2025-12-29;23;35
5;2025-12-30;0;11
5;2025-12-30;1;2
5;2025-12-30;2;0
5;2025-12-30;3;0
5;2025-12-30;4;0
5;2025-12-30;5;37
5;2025-12-30;6;139
5;2025-12-30;7;311
5;2025-12-30;8;473
5;2025-12-30;9;362
5;2025-12-30;10;304
5;2025-12-30;11;266
5;2025-12-30;12;281
5;2025-12-30;13;277
5;2025-12-30;14;296
5;2025-12-30;15;323
5;2025-12-30;16;346
5;2025-12-30;17;445
5;2025-12-30;18;491
5;2025-12-30;19;331
5;2025-12-30;20;198
5;2025-12-30;21;117
5;2025-12-30;22;56
5;2025-12-30;23;33
5;2025-12-31;0;16
5;2025-12-31;1;5
5;2025-12-31;2;0
5;2025-12-31;3;0
5;2025-12-31;4;0
5;2025-12-31;5;9
5;2025-12-31;6;56
5;2025-12-31;7;85
5;2025-12-31;8;139
5;2025-12-31;9;169
5;2025-12-31;10;176
5;2025-12-31;11;224
5;2025-12-31;12;253
5;2025-12-31;13;248
5;2025-12-31;14;265
5;2025-12-31;15;236
5;2025-12-31;16;232
5;2025-12-31;17;221
5;2025-12-31;18;207
5;2025-12-31;19;197
5;2025-12-31;20;155
5;2025-12-31;21;117
5;2025-12-31;22;62
5;2025-12-31;23;40
7;2025-11-01;0;109
7;2025-11-01;1;25
7;2025-11-01;2;0
7;2025-11-01;3;0
7;2025-11-01;4;1
7;2025-11-01;5;147
7;2025-11-01;6;535
7;2025-11-01;7;1243
7;2025-11-01;8;1824
7;2025-11-01;9;1414
7;2025-11-01;10;1290
7;2025-11-01;11;1210
7;2025-11-01;12;1244
7;2025-11-01;13;1314
7;2025-11-01;14;1367
7;2025-11-01;15;1453
7;2025-11-01;16;1700
7;2025-11-01;17;1835
7;2025-11-01;18;1651
7;2025-11-01;19;1199
7;2025-11-01;20;797
7;2025-11-01;21;489
7;2025-11-01;22;265
7;2025-11-01;23;176
7;2025-11-02;0;102
7;2025-11-02;1;24
7;2025-11-02;2;0
7;2025-11-02;3;0
7;2025-11-02;4;1
7;2025-11-02;5;29
7;2025-11-02;6;128
7;2025-11-02;7;171
7;2025-11-02;8;386
7;2025-11-02;9;511
7;2025-11-02;10;396
7;2025-11-02;11;589
7;2025-11-02;12;636
7;2025-11-02;13;632
7;2025-11-02;14;661
7;2025-11-02;15;716
7;2025-11-02;16;616
7;2025-11-02;17;627
7;2025-11-02;18;651
7;2025-11-02;19;482
7;2025-11-02;20;398
7;2025-11-02;21;292
7;2025-11-02;22;151
7;2025-11-02;23;121
7;2025-11-03;0;91
7;2025-11-03;1;21
7;2025-11-03;2;0
7;2025-11-03;3;0
7;2025-11-03;4;1
7;2025-11-03;5;32
7;2025-11-03;6;155
7;2025-11-03;7;187
7;2025-11-03;8;435
7;2025-11-03;9;446
7;2025-11-03;10;413
7;2025-11-03;11;519
7;2025-11-03;12;635
7;2025-11-03;13;613
7;2025-11-03;14;613
7;2025-11-03;15;633
7;2025-11-03;16;586
7;2025-11-03;17;586
7;2025-11-03;18;580
7;2025-11-03;19;443
7;2025-11-03;20;379
7;2025-11-03;21;271
7;2025-11-03;22;146
7;2025-11-03;23;118
7;2025-11-04;0;91
7;2025-11-04;1;21
7;2025-11-04;2;0
7;2025-11-04;3;0
7;2025-11-04;4;1
7;2025-11-04;5;32
7;2025-11-04;6;155
7;2025-11-04;7;187
7;2025-11-04;8;435
7;2025-11-04;9;446
7;2025-11-04;10;413
7;2025-11-04;11;519
7;2025-11-04;12;635
7;2025-11-04;13;613
7;2025-11-04;14;613
7;2025-11-04;15;633
7;2025-11-04;16;586
7;2025-11-04;17;586
7;2025-11-04;18;580
7;2025-11-04;19;443
7;2025-11-04;20;379
7;2025-11-04;21;271
7;2025-11-04;22;146
7;2025-11-04;23;118
7;2025-11-05;0;60
7;2025-11-05;1;12
7;2025-11-05;2;0
7;2025-11-05;3;0
7;2025-11-05;4;1
7;2025-11-05;5;202
7;2025-11-05;6;745
7;2025-11-05;7;1716
7;2025-11-05;8;2614
7;2025-11-05;9;1994
7;2025-11-05;10;1692
7;2025-11-05;11;1498
7;2025-11-05;12;1588
7;2025-11-05;13;1549
7;2025-11-05;14;1649
7;2025-11-05;15;1799
7;2025-11-05;16;1917
7;2025-11-05;17;2466
7;2025-11-05;18;2718
7;2025-11-05;19;1820
7;2025-11-05;20;1101
7;2025-11-05;21;650
7;2025-11-05;22;310
7;2025-11-05;23;187
7;2025-11-06;0;60
7;2025-11-06;1;12
7;2025-11-06;2;0
7;2025-11-06;3;0
7;2025-11-06;4;1
7;2025-11-06;5;202
7;2025-11-06;6;745
7;2025-11-06;7;1716
7;2025-11-06;8;2614
7;2025-11-06;9;1994
7;2025-11-06;10;1692
7;2025-11-06;11;1498
7;2025-11-06;12;1588
7;2025-11-06;13;1549
7;2025-11-06;14;1649
7;2025-11-06;15;1799
7;2025-11-06;16;1917
7;2025-11-06;17;2466
7;2025-11-06;18;2718
7;2025-11-06;19;1820
7;2025-11-06;20;1101
7;2025-11-06;21;650
7;2025-11-06;22;310
7;2025-11-06;23;187
7;2025-11-07;0;67
7;2025-11-07;1;12
7;2025-11-07;2;0
7;2025-11-07;3;0
7;2025-11-07;4;1
7;2025-11-07;5;190
7;2025-11-07;6;689
7;2025-11-07;7;1602
7;2025-11-07;8;2350
7;2025-11-07;9;1822
7;2025-11-07;10;1662
7;2025-11-07;11;1559
7;2025-11-07;12;1603
7;2025-11-07;13;1693
7;2025-11-07;14;1761
7;2025-11-07;15;1872
7;2025-11-07;16;2191
7;2025-11-07;17;2363
7;2025-11-07;18;2127
7;2025-11-07;19;1545
7;2025-11-07;20;1026
7;2025-11-07;21;630
7;2025-11-07;22;341
7;2025-11-07;23;227
7;2025-11-08;0;119
7;2025-11-08;1;26
7;2025-11-08;2;0
7;2025-11-08;3;0
7;2025-11-08;4;1
7;2025-11-08;5;48
7;2025-11-08;6;261
7;2025-11-08;7;290
7;2025-11-08;8;692
7;2025-11-08;9;558
7;2025-11-08;10;620
7;2025-11-08;11;658
7;2025-11-08;12;916
7;2025-11-08;13;861
7;2025-11-08;14;823
7;2025-11-08;15;807
7;2025-11-08;16;806
7;2025-11-08;17;794
7;2025-11-08;18;746
7;2025-11-08;19;590
7;2025-11-08;20;523
7;2025-11-08;21;366
7;2025-11-08;22;206
7;2025-11-08;23;167
7;2025-11-09;0;102
7;2025-11-09;1;24
7;2025-11-09;2;0
7;2025-11-09;3;0
7;2025-11-09;4;1
7;2025-11-09;5;29
7;2025-11-09;6;128
7;2025-11-09;7;171
7;2025-11-09;8;386
7;2025-11-09;9;511
7;2025-11-09;10;396
7;2025-11-09;11;589
7;2025-11-09;12;636
7;2025-11-09;13;632
7;2025-11-09;14;661
7;2025-11-09;15;716
7;2025-11-09;16;616
7;2025-11-09;17;627
7;2025-11-09;18;651
7;2025-11-09;19;482
7;2025-11-09;20;398
7;2025-11-09;21;292
7;2025-11-09;22;151
7;2025-11-09;23;121
7;2025-11-10;0;59
7;2025-11-10;1;12
7;2025-11-10;2;0
7;2025-11-10;3;0
7;2025-11-10;4;1
7;2025-11-10;5;196
7;2025-11-10;6;725
7;2025-11-10;7;1670
7;2025-11-10;8;2544
7;2025-11-10;9;1940
7;2025-11-10;10;1646
7;2025-11-10;11;1458
7;2025-11-10;12;1546
7;2025-11-10;13;1508
7;2025-11-10;14;1605
7;2025-11-10;15;1750
7;2025-11-10;16;1866
7;2025-11-10;17;2400
7;2025-11-10;18;2645
7;2025-11-10;19;1772
7;2025-11-10;20;1072
7;2025-11-10;21;633
7;2025-11-10;22;302
7;2025-11-10;23;182
7;2025-11-11;0;60
7;2025-11-11;1;12
7;2025-11-11;2;0
7;2025-11-11;3;0
7;2025-11-11;4;1
7;2025-11-11;5;202
7;2025-11-11;6;745
7;2025-11-11;7;1716
7;2025-11-11;8;2614
7;2025-11-11;9;1994
7;2025-11-11;10;1692
7;2025-11-11;11;1498
7;2025-11-11;12;1588
7;2025-11-11;13;1549
7;2025-11-11;14;1649
7;2025-11-11;15;1799
7;2025-11-11;16;1917
7;2025-11-11;17;2466
7;2025-11-11;18;2718
7;2025-11-11;19;1820
7;2025-11-11;20;1101
7;2025-11-11;21;650
7;2025-11-11;22;310
7;2025-11-11;23;187
7;2025-11-12;0;60
7;2025-11-12;1;12
7;2025-11-12;2;0
7;2025-11-12;3;0
7;2025-11-12;4;1
7;2025-11-12;5;202
7;2025-11-12;6;745
7;2025-11-12;7;1716
7;2025-11-12;8;2614
7;2025-11-12;9;1994
7;2025-11-12;10;1692
7;2025-11-12;11;1498
7;2025-11-12;12;1588
7;2025-11-12;13;1549
7;2025-11-12;14;1649
7;2025-11-12;15;1799
7;2025-11-12;16;1917
7;2025-11-12;17;2466
7;2025-11-12;18;2718
7;2025-11-12;19;1820
7;2025-11-12;20;1101
7;2025-11-12;21;650
7;2025-11-12;22;310
7;2025-11-12;23;187
7;2025-11-13;0;60
7;2025-11-13;1;12
7;2025-11-13;2;0
7;2025-11-13;3;0
7;2025-11-13;4;1
7;2025-11-13;5;202
7;2025-11-13;6;745
7;2025-11-13;7;1716
7;2025-11-13;8;2614
7;2025-11-13;9;1994
7;2025-11-13;10;1692
7;2025-11-13;11;1498
7;2025-11-13;12;1588
7;2025-11-13;13;1549
7;2025-11-13;14;1649
7;2025-11-13;15;1799
7;2025-11-13;16;1917
7;2025-11-13;17;2466
7;2025-11-13;18;2718
7;2025-11-13;19;1820
7;2025-11-13;20;1101
7;2025-11-13;21;650
7;2025-11-13;22;310
7;2025-11-13;23;187
7;2025-11-14;0;67
7;2025-11-14;1;12
7;2025-11-14;2;0
7;2025-11-14;3;0
7;2025-11-14;4;1
7;2025-11-14;5;190
7;2025-11-14;6;689
7;2025-11-14;7;1602
7;2025-11-14;8;2350
7;2025-11-14;9;1822
7;2025-11-14;10;1662
7;2025-11-14;11;1559
7;2025-11-14;12;1603
7;2025-11-14;13;1693
7;2025-11-14;14;1761
7;2025-11-14;15;1872
7;2025-11-14;16;2191
7;2025-11-14;17;2363
7;2025-11-14;18;2127
7;2025-11-14;19;1545
7;2025-11-14;20;1026
7;2025-11-14;21;630
7;2025-11-14;22;341
7;2025-11-14;23;227
7;2025-11-15;0;97
7;2025-11-15;1;28
7;2025-11-15;2;0
7;2025-11-15;3;0
7;2025-11-15;4;1
7;2025-11-15;5;53
7;2025-11-15;6;336
7;2025-11-15;7;508
7;2025-11-15;8;830
7;2025-11-15;9;1004
7;2025-11-15;10;1050
7;2025-11-15;11;1331
7;2025-11-15;12;1507
7;2025-11-15;13;1473
7;2025-11-15;14;1576
7;2025-11-15;15;1405
7;2025-11-15;16;1378
7;2025-11-15;17;1313
7;2025-11-15;18;1230
7;2025-11-15;19;1171
7;2025-11-15;20;925
7;2025-11-15;21;694
7;2025-11-15;22;368
7;2025-11-15;23;237
7;2025-11-16;0;105
7;2025-11-16;1;24
7;2025-11-16;2;0
7;2025-11-16;3;0
7;2025-11-16;4;0
7;2025-11-16;5;43
7;2025-11-16;6;239
7;2025-11-16;7;337
7;2025-11-16;8;556
7;2025-11-16;9;697
7;2025-11-16;10;826
7;2025-11-16;11;1089
7;2025-11-16;12;1203
7;2025-11-16;13;1269
7;2025-11-16;14;1329
7;2025-11-16;15;1268
7;2025-11-16;16;1188
7;2025-11-16;17;1193
7;2025-11-16;18;998
7;2025-11-16;19;840
7;2025-11-16;20;735
7;2025-11-16;21;558
7;2025-11-16;22;312
7;2025-11-16;23;171
7;2025-11-17;0;59
7;2025-11-17;1;12
7;2025-11-17;2;0
7;2025-11-17;3;0
7;2025-11-17;4;1
7;2025-11-17;5;196
7;2025-11-17;6;725
7;2025-11-17;7;1670
7;2025-11-17;8;2544
7;2025-11-17;9;1940
7;2025-11-17;10;1646
7;2025-11-17;11;1458
7;2025-11-17;12;1546
7;2025-11-17;13;1508
7;2025-11-17;14;1605
7;2025-11-17;15;1750
7;2025-11-17;16;1866
7;2025-11-17;17;2400
7;2025-11-17;18;2645
7;2025-11-17;19;1772
7;2025-11-17;20;1072
7;2025-11-17;21;633
7;2025-11-17;22;302
7;2025-11-17;23;182
7;2025-11-18;0;60
7;2025-11-18;1;12
7;2025-11-18;2;0
7;2025-11-18;3;0
7;2025-11-18;4;1
7;2025-11-18;5;202
7;2025-11-18;6;745
7;2025-11-18;7;1716
7;2025-11-18;8;2614
7;2025-11-18;9;1994
7;2025-11-18;10;1692
7;2025-11-18;11;1498
7;2025-11-18;12;1588
7;2025-11-18;13;1549
7;2025-11-18;14;1649
7;2025-11-18;15;1799
7;2025-11-18;16;1917
7;2025-11-18;17;2466
7;2025-11-18;18;2718
7;2025-11-18;19;1820
7;2025-11-18;20;1101
7;2025-11-18;21;650
7;2025-11-18;22;310
7;2025-11-18;23;187
7;2025-11-19;0;60
7;2025-11-19;1;12
7;2025-11-19;2;0
7;2025-11-19;3;0
7;2025-11-19;4;1
7;2025-11-19;5;202
7;2025-11-19;6;745
7;2025-11-19;7;1716
7;2025-11-19;8;2614
7;2025-11-19;9;1994
7;2025-11-19;10;1692
7;2025-11-19;11;1498
7;2025-11-19;12;1588
7;2025-11-19;13;1549
7;2025-11-19;14;1649
7;2025-11-19;15;1799
7;2025-11-19;16;1917
7;2025-11-19;17;2466
7;2025-11-19;18;2718
7;2025-11-19;19;1820
7;2025-11-19;20;1101
7;2025-11-19;21;650
7;2025-11-19;22;310
7;2025-11-19;23;187
7;2025-11-20;0;60
7;2025-11-20;1;12
7;2025-11-20;2;0
7;2025-11-20;3;0
7;2025-11-20;4;1
7;2025-11-20;5;202
7;2025-11-20;6;745
7;2025-11-20;7;1716
7;2025-11-20;8;2614
7;2025-11-20;9;1994
7;2025-11-20;10;1692
7;2025-11-20;11;1498
7;2025-11-20;12;1588
7;2025-11-20;13;1549
7;2025-11-20;14;1649
7;2025-11-20;15;1799
7;2025-11-20;16;1917
7;2025-11-20;17;2466
7;2025-11-20;18;2718
7;2025-11-20;19;1820
7;2025-11-20;20;1101
7;2025-11-20;21;650
7;2025-11-20;22;310
7;2025-11-20;23;187
7;2025-11-21;0;67
7;2025-11-21;1;12
7;2025-11-21;2;0
7;2025-11-21;3;0
7;2025-11-21;4;1
7;2025-11-21;5;190
7;2025-11-21;6;689
7;2025-11-21;7;1602
7;2025-11-21;8;2350
7;2025-11-21;9;1822
7;2025-11-21;10;1662
7;2025-11-21;11;1559
7;2025-11-21;12;1603
7;2025-11-21;13;1693
7;2025-11-21;14;1761
7;2025-11-21;15;1872
7;2025-11-21;16;2191
7;2025-11-21;17;2363
7;2025-11-21;18;2127
7;2025-11-21;19;1545
7;2025-11-21;20;1026
7;2025-11-21;21;630
7;2025-11-21;22;341
7;2025-11-21;23;227
7;2025-11-22;0;97
7;2025-11-22;1;28
7;2025-11-22;2;0
7;2025-11-22;3;0
7;2025-11-22;4;1
7;2025-11-22;5;53
7;2025-11-22;6;336
7;2025-11-22;7;508
7;2025-11-22;8;830
7;2025-11-22;9;1004
7;2025-11-22;10;1050
7;2025-11-22;11;1331
7;2025-11-22;12;1507
7;2025-11-22;13;1473
7;2025-11-22;14;1576
7;2025-11-22;15;1405
7;2025-11-22;16;1378
7;2025-11-22;17;1313
7;2025-11-22;18;1230
7;2025-11-22;19;1171
7;2025-11-22;20;925
7;2025-11-22;21;694
7;2025-11-22;22;368
7;2025-11-22;23;237
7;2025-11-23;0;105
7;2025-11-23;1;24
7;2025-11-23;2;0
7;2025-11-23;3;0
7;2025-11-23;4;0
7;2025-11-23;5;43
7;2025-11-23;6;239
7;2025-11-23;7;337
7;2025-11-23;8;556
7;2025-11-23;9;697
7;2025-11-23;10;826
7;2025-11-23;11;1089
7;2025-11-23;12;1203
7;2025-11-23;13;1269
7;2025-11-23;14;1329
7;2025-11-23;15;1268
7;2025-11-23;16;1188
7;2025-11-23;17;1193
7;2025-11-23;18;998
7;2025-11-23;19;840
7;2025-11-23;20;735
7;2025-11-23;21;558
7;2025-11-23;22;312
7;2025-11-23;23;171
7;2025-11-24;0;59
7;2025-11-24;1;12
7;2025-11-24;2;0
7;2025-11-24;3;0
7;2025-11-24;4;1
7;2025-11-24;5;196
7;2025-11-24;6;725
7;2025-11-24;7;1670
7;2025-11-24;8;2544
7;2025-11-24;9;1940
7;2025-11-24;10;1646
7;2025-11-24;11;1458
7;2025-11-24;12;1546
7;2025-11-24;13;1508
7;2025-11-24;14;1605
7;2025-11-24;15;1750
7;2025-11-24;16;1866
7;2025-11-24;17;2400
7;2025-11-24;18;2645
7;2025-11-24;19;1772
7;2025-11-24;20;1072
7;2025-11-24;21;633
7;2025-11-24;22;302
7;2025-11-24;23;182
7;2025-11-25;0;60
7;2025-11-25;1;12
7;2025-11-25;2;0
7;2025-11-25;3;0
7;2025-11-25;4;1
7;2025-11-25;5;202
7;2025-11-25;6;745
7;2025-11-25;7;1716
7;2025-11-25;8;2614
7;2025-11-25;9;1994
7;2025-11-25;10;1692
7;2025-11-25;11;1498
7;2025-11-25;12;1588
7;2025-11-25;13;1549
7;2025-11-25;14;1649
7;2025-11-25;15;1799
7;2025-11-25;16;1917
7;2025-11-25;17;2466
7;2025-11-25;18;2718
7;2025-11-25;19;1820
7;2025-11-25;20;1101
7;2025-11-25;21;650
7;2025-11-25;22;310
7;2025-11-25;23;187
7;2025-11-26;0;60
7;2025-11-26;1;12
7;2025-11-26;2;0
7;2025-11-26;3;0
7;2025-11-26;4;1
7;2025-11-26;5;202
7;2025-11-26;6;745
7;2025-11-26;7;1716
7;2025-11-26;8;2614
7;2025-11-26;9;1994
7;2025-11-26;10;1692
7;2025-11-26;11;1498
7;2025-11-26;12;1588
7;2025-11-26;13;1549
7;2025-11-26;14;1649
7;2025-11-26;15;1799
7;2025-11-26;16;1917
7;2025-11-26;17;2466
7;2025-11-26;18;2718
7;2025-11-26;19;1820
7;2025-11-26;20;1101
7;2025-11-26;21;650
7;2025-11-26;22;310
7;2025-11-26;23;187
7;2025-11-27;0;60
7;2025-11-27;1;12
7;2025-11-27;2;0
7;2025-11-27;3;0
7;2025-11-27;4;1
7;2025-11-27;5;202
7;2025-11-27;6;745
7;2025-11-27;7;1716
7;2025-11-27;8;2614
7;2025-11-27;9;1994
7;2025-11-27;10;1692
7;2025-11-27;11;1498
7;2025-11-27;12;1588
7;2025-11-27;13;1549
7;2025-11-27;14;1649
7;2025-11-27;15;1799
7;2025-11-27;16;1917
7;2025-11-27;17;2466
7;2025-11-27;18;2718
7;2025-11-27;19;1820
7;2025-11-27;20;1101
7;2025-11-27;21;650
7;2025-11-27;22;310
7;2025-11-27;23;187
7;2025-11-28;0;67
7;2025-11-28;1;12
7;2025-11-28;2;0
7;2025-11-28;3;0
7;2025-11-28;4;1
7;2025-11-28;5;190
7;2025-11-28;6;689
7;2025-11-28;7;1602
7;2025-11-28;8;2350
7;2025-11-28;9;1822
7;2025-11-28;10;1662
7;2025-11-28;11;1559
7;2025-11-28;12;1603
7;2025-11-28;13;1693
7;2025-11-28;14;1761
7;2025-11-28;15;1872
7;2025-11-28;16;2191
7;2025-11-28;17;2363
7;2025-11-28;18;2127
7;2025-11-28;19;1545
7;2025-11-28;20;1026
7;2025-11-28;21;630
7;2025-11-28;22;341
7;2025-11-28;23;227
7;2025-11-29;0;97
7;2025-11-29;1;28
7;2025-11-29;2;0
7;2025-11-29;3;0
7;2025-11-29;4;1
7;2025-11-29;5;53
7;2025-11-29;6;336
7;2025-11-29;7;508
7;2025-11-29;8;830
7;2025-11-29;9;1004
7;2025-11-29;10;1050
7;2025-11-29;11;1331
7;2025-11-29;12;1507
7;2025-11-29;13;1473
7;2025-11-29;14;1576
7;2025-11-29;15;1405
7;2025-11-29;16;1378
7;2025-11-29;17;1313
7;2025-11-29;18;1230
7;2025-11-29;19;1171
7;2025-11-29;20;925
7;2025-11-29;21;694
7;2025-11-29;22;368
7;2025-11-29;23;237
7;2025-11-30;0;105
7;2025-11-30;1;24
7;2025-11-30;2;0
7;2025-11-30;3;0
7;2025-11-30;4;0
7;2025-11-30;5;43
7;2025-11-30;6;239
7;2025-11-30;7;337
7;2025-11-30;8;556
7;2025-11-30;9;697
7;2025-11-30;10;826
7;2025-11-30;11;1089
7;2025-11-30;12;1203
7;2025-11-30;13;1269
7;2025-11-30;14;1329
7;2025-11-30;15;1268
7;2025-11-30;16;1188
7;2025-11-30;17;1193
7;2025-11-30;18;998
7;2025-11-30;19;840
7;2025-11-30;20;735
7;2025-11-30;21;558
7;2025-11-30;22;312
7;2025-11-30;23;171
7;2025-12-01;0;59
7;2025-12-01;1;11
7;2025-12-01;2;0
7;2025-12-01;3;0
7;2025-12-01;4;1
7;2025-12-01;5;198
7;2025-12-01;6;751
7;2025-12-01;7;1681
7;2025-12-01;8;2551
7;2025-12-01;9;1956
7;2025-12-01;10;1641
7;2025-12-01;11;1435
7;2025-12-01;12;1515
7;2025-12-01;13;1494
7;2025-12-01;14;1600
7;2025-12-01;15;1746
7;2025-12-01;16;1869
7;2025-12-01;17;2400
7;2025-12-01;18;2652
7;2025-12-01;19;1789
7;2025-12-01;20;1070
7;2025-12-01;21;631
7;2025-12-01;22;301
7;2025-12-01;23;179
7;2025-12-02;0;60
7;2025-12-02;1;12
7;2025-12-02;2;0
7;2025-12-02;3;0
7;2025-12-02;4;1
7;2025-12-02;5;204
7;2025-12-02;6;772
7;2025-12-02;7;1727
7;2025-12-02;8;2622
7;2025-12-02;9;2010
7;2025-12-02;10;1686
7;2025-12-02;11;1475
7;2025-12-02;12;1557
7;2025-12-02;13;1535
7;2025-12-02;14;1644
7;2025-12-02;15;1794
7;2025-12-02;16;1920
7;2025-12-02;17;2466
7;2025-12-02;18;2725
7;2025-12-02;19;1838
7;2025-12-02;20;1100
7;2025-12-02;21;649
7;2025-12-02;22;309
7;2025-12-02;23;184
7;2025-12-03;0;60
7;2025-12-03;1;12
7;2025-12-03;2;0
7;2025-12-03;3;0
7;2025-12-03;4;1
7;2025-12-03;5;204
7;2025-12-03;6;772
7;2025-12-03;7;1727
7;2025-12-03;8;2622
7;2025-12-03;9;2010
7;2025-12-03;10;1686
7;2025-12-03;11;1475
7;2025-12-03;12;1557
7;2025-12-03;13;1535
7;2025-12-03;14;1644
7;2025-12-03;15;1794
7;2025-12-03;16;1920
7;2025-12-03;17;2466
7;2025-12-03;18;2725
7;2025-12-03;19;1838
7;2025-12-03;20;1100
7;2025-12-03;21;649
7;2025-12-03;22;309
7;2025-12-03;23;184
7;2025-12-04;0;60
7;2025-12-04;1;12
7;2025-12-04;2;0
7;2025-12-04;3;0
7;2025-12-04;4;1
7;2025-12-04;5;204
7;2025-12-04;6;772
7;2025-12-04;7;1727
7;2025-12-04;8;2622
7;2025-12-04;9;2010
7;2025-12-04;10;1686
7;2025-12-04;11;1475
7;2025-12-04;12;1557
7;2025-12-04;13;1535
7;2025-12-04;14;1644
7;2025-12-04;15;1794
7;2025-12-04;16;1920
7;2025-12-04;17;2466
7;2025-12-04;18;2725
7;2025-12-04;19;1838
7;2025-12-04;20;1100
7;2025-12-04;21;649
7;2025-12-04;22;309
7;2025-12-04;23;184
7;2025-12-05;0;64
7;2025-12-05;1;11
7;2025-12-05;2;0
7;2025-12-05;3;0
7;2025-12-05;4;1
7;2025-12-05;5;192
7;2025-12-05;6;704
7;2025-12-05;7;1614
7;2025-12-05;8;2353
7;2025-12-05;9;1840
7;2025-12-05;10;1639
7;2025-12-05;11;1545
7;2025-12-05;12;1580
7;2025-12-05;13;1684
7;2025-12-05;14;1755
7;2025-12-05;15;1858
7;2025-12-05;16;2195
7;2025-12-05;17;2358
7;2025-12-05;18;2141
7;2025-12-05;19;1573
7;2025-12-05;20;1029
7;2025-12-05;21;634
7;2025-12-05;22;342
7;2025-12-05;23;222
7;2025-12-06;0;97
7;2025-12-06;1;28
7;2025-12-06;2;0
7;2025-12-06;3;0
7;2025-12-06;4;1
7;2025-12-06;5;53
7;2025-12-06;6;336
7;2025-12-06;7;508
7;2025-12-06;8;830
7;2025-12-06;9;1004
7;2025-12-06;10;1050
7;2025-12-06;11;1331
7;2025-12-06;12;1507
7;2025-12-06;13;1473
7;2025-12-06;14;1576
7;2025-12-06;15;1405
7;2025-12-06;16;1378
7;2025-12-06;17;1313
7;2025-12-06;18;1230
7;2025-12-06;19;1171
7;2025-12-06;20;925
7;2025-12-06;21;694
7;2025-12-06;22;368
7;2025-12-06;23;237
7;2025-12-07;0;105
7;2025-12-07;1;24
7;2025-12-07;2;0
7;2025-12-07;3;0
7;2025-12-07;4;0
7;2025-12-07;5;43
7;2025-12-07;6;239
7;2025-12-07;7;337
7;2025-12-07;8;556
7;2025-12-07;9;697
7;2025-12-07;10;826
7;2025-12-07;11;1089
7;2025-12-07;12;1203
7;2025-12-07;13;1269
7;2025-12-07;14;1329
7;2025-12-07;15;1268
7;2025-12-07;16;1188
7;2025-12-07;17;1193
7;2025-12-07;18;998
7;2025-12-07;19;840
7;2025-12-07;20;735
7;2025-12-07;21;558
7;2025-12-07;22;312
7;2025-12-07;23;171
7;2025-12-08;0;59
7;2025-12-08;1;11
7;2025-12-08;2;0
7;2025-12-08;3;0
7;2025-12-08;4;1
7;2025-12-08;5;198
7;2025-12-08;6;751
7;2025-12-08;7;1681
7;2025-12-08;8;2551
7;2025-12-08;9;1956
7;2025-12-08;10;1641
7;2025-12-08;11;1435
7;2025-12-08;12;1515
7;2025-12-08;13;1494
7;2025-12-08;14;1600
7;2025-12-08;15;1746
7;2025-12-08;16;1869
7;2025-12-08;17;2400
7;2025-12-08;18;2652
7;2025-12-08;19;1789
7;2025-12-08;20;1070
7;2025-12-08;21;631
7;2025-12-08;22;301
7;2025-12-08;23;179
7;2025-12-09;0;60
7;2025-12-09;1;12
7;2025-12-09;2;0
7;2025-12-09;3;0
7;2025-12-09;4;1
7;2025-12-09;5;204
7;2025-12-09;6;772
7;2025-12-09;7;1727
7;2025-12-09;8;2622
7;2025-12-09;9;2010
7;2025-12-09;10;1686
7;2025-12-09;11;1475
7;2025-12-09;12;1557
7;2025-12-09;13;1535
7;2025-12-09;14;1644
7;2025-12-09;15;1794
7;2025-12-09;16;1920
7;2025-12-09;17;2466
7;2025-12-09;18;2725
7;2025-12-09;19;1838
7;2025-12-09;20;1100
7;2025-12-09;21;649
7;2025-12-09;22;309
7;2025-12-09;23;184
7;2025-12-10;0;60
7;2025-12-10;1;12
7;2025-12-10;2;0
7;2025-12-10;3;0
7;2025-12-10;4;1
7;2025-12-10;5;204
7;2025-12-10;6;772
7;2025-12-10;7;1727
7;2025-12-10;8;2622
7;2025-12-10;9;2010
7;2025-12-10;10;1686
7;2025-12-10;11;1475
7;2025-12-10;12;1557
7;2025-12-10;13;1535
7;2025-12-10;14;1644
7;2025-12-10;15;1794
7;2025-12-10;16;1920
7;2025-12-10;17;2466
7;2025-12-10;18;2725
7;2025-12-10;19;1838
7;2025-12-10;20;1100
7;2025-12-10;21;649
7;2025-12-10;22;309
7;2025-12-10;23;184
7;2025-12-11;0;60
7;2025-12-11;1;12
7;2025-12-11;2;0
7;2025-12-11;3;0
7;2025-12-11;4;1
7;2025-12-11;5;204
7;2025-12-11;6;772
7;2025-12-11;7;1727
7;2025-12-11;8;2622
7;2025-12-11;9;2010
7;2025-12-11;10;1686
7;2025-12-11;11;1475
7;2025-12-11;12;1557
7;2025-12-11;13;1535
7;2025-12-11;14;1644
7;2025-12-11;15;1794
7;2025-12-11;16;1920
7;2025-12-11;17;2466
7;2025-12-11;18;2725
7;2025-12-11;19;1838
7;2025-12-11;20;1100
7;2025-12-11;21;649
7;2025-12-11;22;309
7;2025-12-11;23;184
7;2025-12-12;0;64
7;2025-12-12;1;11
7;2025-12-12;2;0
7;2025-12-12;3;0
7;2025-12-12;4;1
7;2025-12-12;5;192
7;2025-12-12;6;704
7;2025-12-12;7;1614
7;2025-12-12;8;2353
7;2025-12-12;9;1840
7;2025-12-12;10;1639
7;2025-12-12;11;1545
7;2025-12-12;12;1580
7;2025-12-12;13;1684
7;2025-12-12;14;1755
7;2025-12-12;15;1858
7;2025-12-12;16;2195
7;2025-12-12;17;2358
7;2025-12-12;18;2141
7;2025-12-12;19;1573
7;2025-12-12;20;1029
7;2025-12-12;21;634
7;2025-12-12;22;342
7;2025-12-12;23;222
7;2025-12-13;0;97
7;2025-12-13;1;28
7;2025-12-13;2;0
7;2025-12-13;3;0
7;2025-12-13;4;1
7;2025-12-13;5;53
7;2025-12-13;6;336
7;2025-12-13;7;508
7;2025-12-13;8;830
7;2025-12-13;9;1004
7;2025-12-13;10;1050
7;2025-12-13;11;1331
7;2025-12-13;12;1507
7;2025-12-13;13;1473
7;2025-12-13;14;1576
7;2025-12-13;15;1405
7;2025-12-13;16;1378
7;2025-12-13;17;1313
7;2025-12-13;18;1230
7;2025-12-13;19;1171
7;2025-12-13;20;925
7;2025-12-13;21;694
7;2025-12-13;22;368
7;2025-12-13;23;237
7;2025-12-14;0;105
7;2025-12-14;1;24
7;2025-12-14;2;0
7;2025-12-14;3;0
7;2025-12-14;4;0
7;2025-12-14;5;43
7;2025-12-14;6;239
7;2025-12-14;7;337
7;2025-12-14;8;556
7;2025-12-14;9;697
7;2025-12-14;10;826
7;2025-12-14;11;1089
7;2025-12-14;12;1203
7;2025-12-14;13;1269
7;2025-12-14;14;1329
7;2025-12-14;15;1268
7;2025-12-14;16;1188
7;2025-12-14;17;1193
7;2025-12-14;18;998
7;2025-12-14;19;840
7;2025-12-14;20;735
7;2025-12-14;21;558
7;2025-12-14;22;312
7;2025-12-14;23;171
7;2025-12-15;0;59
7;2025-12-15;1;11
7;2025-12-15;2;0
7;2025-12-15;3;0
7;2025-12-15;4;1
7;2025-12-15;5;198
7;2025-12-15;6;751
7;2025-12-15;7;1681
7;2025-12-15;8;2551
7;2025-12-15;9;1956
7;2025-12-15;10;1641
7;2025-12-15;11;1435
7;2025-12-15;12;1515
7;2025-12-15;13;1494
7;2025-12-15;14;1600
7;2025-12-15;15;1746
7;2025-12-15;16;1869
7;2025-12-15;17;2400
7;2025-12-15;18;2652
7;2025-12-15;19;1789
7;2025-12-15;20;1070
7;2025-12-15;21;631
7;2025-12-15;22;301
7;2025-12-15;23;179
7;2025-12-16;0;60
7;2025-12-16;1;12
7;2025-12-16;2;0
7;2025-12-16;3;0
7;2025-12-16;4;1
7;2025-12-16;5;204
7;2025-12-16;6;772
7;2025-12-16;7;1727
7;2025-12-16;8;2622
7;2025-12-16;9;2010
7;2025-12-16;10;1686
7;2025-12-16;11;1475
7;2025-12-16;12;1557
7;2025-12-16;13;1535
7;2025-12-16;14;1644
7;2025-12-16;15;1794
7;2025-12-16;16;1920
7;2025-12-16;17;2466
7;2025-12-16;18;2725
7;2025-12-16;19;1838
7;2025-12-16;20;1100
7;2025-12-16;21;649
7;2025-12-16;22;309
7;2025-12-16;23;184
7;2025-12-17;0;60
7;2025-12-17;1;12
7;2025-12-17;2;0
7;2025-12-17;3;0
7;2025-12-17;4;1
7;2025-12-17;5;204
7;2025-12-17;6;772
7;2025-12-17;7;1727
7;2025-12-17;8;2622
7;2025-12-17;9;2010
7;2025-12-17;10;1686
7;2025-12-17;11;1475
7;2025-12-17;12;1557
7;2025-12-17;13;1535
7;2025-12-17;14;1644
7;2025-12-17;15;1794
7;2025-12-17;16;1920
7;2025-12-17;17;2466
7;2025-12-17;18;2725
7;2025-12-17;19;1838
7;2025-12-17;20;1100
7;2025-12-17;21;649
7;2025-12-17;22;309
7;2025-12-17;23;184
7;2025-12-18;0;60
7;2025-12-18;1;12
7;2025-12-18;2;0
7;2025-12-18;3;0
7;2025-12-18;4;1
7;2025-12-18;5;204
7;2025-12-18;6;772
7;2025-12-18;7;1727
7;2025-12-18;8;2622
7;2025-12-18;9;2010
7;2025-12-18;10;1686
7;2025-12-18;11;1475
7;2025-12-18;12;1557
7;2025-12-18;13;1535
7;2025-12-18;14;1644
7;2025-12-18;15;1794
7;2025-12-18;16;1920
7;2025-12-18;17;2466
7;2025-12-18;18;2725
7;2025-12-18;19;1838
7;2025-12-18;20;1100
7;2025-12-18;21;649
7;2025-12-18;22;309
7;2025-12-18;23;184
7;2025-12-19;0;64
7;2025-12-19;1;11
7;2025-12-19;2;0
7;2025-12-19;3;0
7;2025-12-19;4;1
7;2025-12-19;5;192
7;2025-12-19;6;704
7;2025-12-19;7;1614
7;2025-12-19;8;2353
7;2025-12-19;9;1840
7;2025-12-19;10;1639
7;2025-12-19;11;1545
7;2025-12-19;12;1580
7;2025-12-19;13;1684
7;2025-12-19;14;1755
7;2025-12-19;15;1858
7;2025-12-19;16;2195
7;2025-12-19;17;2358
7;2025-12-19;18;2141
7;2025-12-19;19;1573
7;2025-12-19;20;1029
7;2025-12-19;21;634
7;2025-12-19;22;342
7;2025-12-19;23;222
7;2025-12-20;0;97
7;2025-12-20;1;28
7;2025-12-20;2;0
7;2025-12-20;3;0
7;2025-12-20;4;1
7;2025-12-20;5;53
7;2025-12-20;6;336
7;2025-12-20;7;508
7;2025-12-20;8;830
7;2025-12-20;9;1004
7;2025-12-20;10;1050
7;2025-12-20;11;1331
7;2025-12-20;12;1507
7;2025-12-20;13;1473
7;2025-12-20;14;1576
7;2025-12-20;15;1405
7;2025-12-20;16;1378
7;2025-12-20;17;1313
7;2025-12-20;18;1230
7;2025-12-20;19;1171
7;2025-12-20;20;925
7;2025-12-20;21;694
7;2025-12-20;22;368
7;2025-12-20;23;237
7;2025-12-21;0;105
7;2025-12-21;1;24
7;2025-12-21;2;0
7;2025-12-21;3;0
7;2025-12-21;4;0
7;2025-12-21;5;43
7;2025-12-21;6;239
7;2025-12-21;7;337
7;2025-12-21;8;556
7;2025-12-21;9;697
7;2025-12-21;10;826
7;2025-12-21;11;1089
7;2025-12-21;12;1203
7;2025-12-21;13;1269
7;2025-12-21;14;1329
7;2025-12-21;15;1268
7;2025-12-21;16;1188
7;2025-12-21;17;1193
7;2025-12-21;18;998
7;2025-12-21;19;840
7;2025-12-21;20;735
7;2025-12-21;21;558
7;2025-12-21;22;312
7;2025-12-21;23;171
7;2025-12-22;0;59
7;2025-12-22;1;11
7;2025-12-22;2;0
7;2025-12-22;3;0
7;2025-12-22;4;1
7;2025-12-22;5;198
7;2025-12-22;6;751
7;2025-12-22;7;1681
7;2025-12-22;8;2551
7;2025-12-22;9;1956
7;2025-12-22;10;1641
7;2025-12-22;11;1435
7;2025-12-22;12;1515
7;2025-12-22;13;1494
7;2025-12-22;14;1600
7;2025-12-22;15;1746
7;2025-12-22;16;1869
7;2025-12-22;17;2400
7;2025-12-22;18;2652
7;2025-12-22;19;1789
7;2025-12-22;20;1070
7;2025-12-22;21;631
7;2025-12-22;22;301
7;2025-12-22;23;179
7;2025-12-23;0;60
7;2025-12-23;1;12
7;2025-12-23;2;0
7;2025-12-23;3;0
7;2025-12-23;4;1
7;2025-12-23;5;204
7;2025-12-23;6;772
7;2025-12-23;7;1727
7;2025-12-23;8;2622
7;2025-12-23;9;2010
7;2025-12-23;10;1686
7;2025-12-23;11;1475
7;2025-12-23;12;1557
7;2025-12-23;13;1535
7;2025-12-23;14;1644
7;2025-12-23;15;1794
7;2025-12-23;16;1920
7;2025-12-23;17;2466
7;2025-12-23;18;2725
7;2025-12-23;19;1838
7;2025-12-23;20;1100
7;2025-12-23;21;649
7;2025-12-23;22;309
7;2025-12-23;23;184
7;2025-12-24;0;60
7;2025-12-24;1;12
7;2025-12-24;2;0
7;2025-12-24;3;0
7;2025-12-24;4;1
7;2025-12-24;5;204
7;2025-12-24;6;772
7;2025-12-24;7;1727
7;2025-12-24;8;2622
7;2025-12-24;9;2010
7;2025-12-24;10;1686
7;2025-12-24;11;1475
7;2025-12-24;12;1557
7;2025-12-24;13;1535
7;2025-12-24;14;1644
7;2025-12-24;15;1794
7;2025-12-24;16;1920
7;2025-12-24;17;2466
7;2025-12-24;18;2725
7;2025-12-24;19;1838
7;2025-12-24;20;1100
7;2025-12-24;21;649
7;2025-12-24;22;309
7;2025-12-24;23;184
7;2025-12-25;0;60
7;2025-12-25;1;12
7;2025-12-25;2;0
7;2025-12-25;3;0
7;2025-12-25;4;1
7;2025-12-25;5;204
7;2025-12-25;6;772
7;2025-12-25;7;1727
7;2025-12-25;8;2622
7;2025-12-25;9;2010
7;2025-12-25;10;1686
7;2025-12-25;11;1475
7;2025-12-25;12;1557
7;2025-12-25;13;1535
7;2025-12-25;14;1644
7;2025-12-25;15;1794
7;2025-12-25;16;1920
7;2025-12-25;17;2466
7;2025-12-25;18;2725
7;2025-12-25;19;1838
7;2025-12-25;20;1100
7;2025-12-25;21;649
7;2025-12-25;22;309
7;2025-12-25;23;184
7;2025-12-26;0;64
7;2025-12-26;1;11
7;2025-12-26;2;0
7;2025-12-26;3;0
7;2025-12-26;4;1
7;2025-12-26;5;192
7;2025-12-26;6;704
7;2025-12-26;7;1614
7;2025-12-26;8;2353
7;2025-12-26;9;1840
7;2025-12-26;10;1639
7;2025-12-26;11;1545
7;2025-12-26;12;1580
7;2025-12-26;13;1684
7;2025-12-26;14;1755
7;2025-12-26;15;1858
7;2025-12-26;16;2195
7;2025-12-26;17;2358
7;2025-12-26;18;2141
7;2025-12-26;19;1573
7;2025-12-26;20;1029
7;2025-12-26;21;634
7;2025-12-26;22;342
7;2025-12-26;23;222
7;2025-12-27;0;97
7;2025-12-27;1;28
7;2025-12-27;2;0
7;2025-12-27;3;0
7;2025-12-27;4;1
7;2025-12-27;5;53
7;2025-12-27;6;336
7;2025-12-27;7;508
7;2025-12-27;8;830
7;2025-12-27;9;1004
7;2025-12-27;10;1050
7;2025-12-27;11;1331
7;2025-12-27;12;1507
7;2025-12-27;13;1473
7;2025-12-27;14;1576
7;2025-12-27;15;1405
7;2025-12-27;16;1378
7;2025-12-27;17;1313
7;2025-12-27;18;1230
7;2025-12-27;19;1171
7;2025-12-27;20;925
7;2025-12-27;21;694
7;2025-12-27;22;368
7;2025-12-27;23;237
7;2025-12-28;0;105
7;2025-12-28;1;24
7;2025-12-28;2;0
7;2025-12-28;3;0
7;2025-12-28;4;0
7;2025-12-28;5;43
7;2025-12-28;6;239
7;2025-12-28;7;337
7;2025-12-28;8;556
7;2025-12-28;9;697
7;2025-12-28;10;826
7;2025-12-28;11;1089
7;2025-12-28;12;1203
7;2025-12-28;13;1269
7;2025-12-28;14;1329
7;2025-12-28;15;1268
7;2025-12-28;16;1188
7;2025-12-28;17;1193
7;2025-12-28;18;998
7;2025-12-28;19;840
7;2025-12-28;20;735
7;2025-12-28;21;558
7;2025-12-28;22;312
7;2025-12-28;23;171
7;2025-12-29;0;53
7;2025-12-29;1;10
7;2025-12-29;2;0
7;2025-12-29;3;0
7;2025-12-29;4;1
7;2025-12-29;5;179
7;2025-12-29;6;676
7;2025-12-29;7;1513
7;2025-12-29;8;2296
7;2025-12-29;9;1760
7;2025-12-29;10;1477
7;2025-12-29;11;1292
7;2025-12-29;12;1364
7;2025-12-29;13;1344
7;2025-12-29;14;1440
7;2025-12-29;15;1572
7;2025-12-29;16;1682
7;2025-12-29;17;2160
7;2025-12-29;18;2387
7;2025-12-29;19;1610
7;2025-12-29;20;963
7;2025-12-29;21;568
7;2025-12-29;22;271
7;2025-12-29;23;161
7;2025-12-30;0;51
7;2025-12-30;1;10
7;2025-12-30;2;0
7;2025-12-30;3;0
7;2025-12-30;4;1
7;2025-12-30;5;173
7;2025-12-30;6;656
7;2025-12-30;7;1468
7;2025-12-30;8;2228
7;2025-12-30;9;1708
7;2025-12-30;10;1433
7;2025-12-30;11;1253
7;2025-12-30;12;1323
7;2025-12-30;13;1304
7;2025-12-30;14;1398
7;2025-12-30;15;1525
7;2025-12-30;16;1632
7;2025-12-30;17;2096
7;2025-12-30;18;2316
7;2025-12-30;19;1562
7;2025-12-30;20;935
7;2025-12-30;21;552
7;2025-12-30;22;263
7;2025-12-30;23;156
7;2025-12-31;0;97
7;2025-12-31;1;28
7;2025-12-31;2;0
7;2025-12-31;3;0
7;2025-12-31;4;1
7;2025-12-31;5;53
7;2025-12-31;6;336
7;2025-12-31;7;508
7;2025-12-31;8;830
7;2025-12-31;9;1004
7;2025-12-31;10;1050
7;2025-12-31;11;1331
7;2025-12-31;12;1507
7;2025-12-31;13;1473
7;2025-12-31;14;1576
7;2025-12-31;15;1405
7;2025-12-31;16;1378
7;2025-12-31;17;1313
7;2025-12-31;18;1230
7;2025-12-31;19;1171
7;2025-12-31;20;925
7;2025-12-31;21;694
7;2025-12-31;22;368
7;2025-12-31;23;237
11;2025-11-01;0;108
11;2025-11-01;1;0
11;2025-11-01;2;0
11;2025-11-01;3;0
11;2025-11-01;4;2
11;2025-11-01;5;223
11;2025-11-01;6;1010
11;2025-11-01;7;1818
11;2025-11-01;8;2419
11;2025-11-01;9;1804
11;2025-11-01;10;1442
11;2025-11-01;11;1395
11;2025-11-01;12;1454
11;2025-11-01;13;1505
11;2025-11-01;14;1600
11;2025-11-01;15;1685
11;2025-11-01;16;1878
11;2025-11-01;17;2266
11;2025-11-01;18;1943
11;2025-11-01;19;1506
11;2025-11-01;20;1059
11;2025-11-01;21;665
11;2025-11-01;22;332
11;2025-11-01;23;236
11;2025-11-02;0;110
11;2025-11-02;1;14
11;2025-11-02;2;0
11;2025-11-02;3;0
11;2025-11-02;4;2
11;2025-11-02;5;118
11;2025-11-02;6;476
11;2025-11-02;7;503
11;2025-11-02;8;674
11;2025-11-02;9;935
11;2025-11-02;10;1037
11;2025-11-02;11;1506
11;2025-11-02;12;1631
11;2025-11-02;13;1566
11;2025-11-02;14;1685
11;2025-11-02;15;1666
11;2025-11-02;16;1586
11;2025-11-02;17;1684
11;2025-11-02;18;1276
11;2025-11-02;19;1045
11;2025-11-02;20;825
11;2025-11-02;21;616
11;2025-11-02;22;349
11;2025-11-02;23;249
11;2025-11-03;0;96
11;2025-11-03;1;8
11;2025-11-03;2;0
11;2025-11-03;3;0
11;2025-11-03;4;2
11;2025-11-03;5;126
11;2025-11-03;6;523
11;2025-11-03;7;529
11;2025-11-03;8;711
11;2025-11-03;9;899
11;2025-11-03;10;1012
11;2025-11-03;11;1393
11;2025-11-03;12;1524
11;2025-11-03;13;1449
11;2025-11-03;14;1572
11;2025-11-03;15;1519
11;2025-11-03;16;1476
11;2025-11-03;17;1531
11;2025-11-03;18;1210
11;2025-11-03;19;1048
11;2025-11-03;20;797
11;2025-11-03;21;583
11;2025-11-03;22;333
11;2025-11-03;23;233
11;2025-11-04;0;96
11;2025-11-04;1;8
11;2025-11-04;2;0
11;2025-11-04;3;0
11;2025-11-04;4;2
11;2025-11-04;5;126
11;2025-11-04;6;523
11;2025-11-04;7;529
11;2025-11-04;8;711
11;2025-11-04;9;899
11;2025-11-04;10;1012
11;2025-11-04;11;1393
11;2025-11-04;12;1524
11;2025-11-04;13;1449
11;2025-11-04;14;1572
11;2025-11-04;15;1519
11;2025-11-04;16;1476
11;2025-11-04;17;1531
11;2025-11-04;18;1210
11;2025-11-04;19;1048
11;2025-11-04;20;797
11;2025-11-04;21;583
11;2025-11-04;22;333
11;2025-11-04;23;233
11;2025-11-05;0;66
11;2025-11-05;1;3
11;2025-11-05;2;0
11;2025-11-05;3;0
11;2025-11-05;4;3
11;2025-11-05;5;288
11;2025-11-05;6;1308
11;2025-11-05;7;2442
11;2025-11-05;8;3199
11;2025-11-05;9;2467
11;2025-11-05;10;1928
11;2025-11-05;11;1868
11;2025-11-05;12;1890
11;2025-11-05;13;2070
11;2025-11-05;14;2025
11;2025-11-05;15;2073
11;2025-11-05;16;2279
11;2025-11-05;17;2828
11;2025-11-05;18;3157
11;2025-11-05;19;2253
11;2025-11-05;20;1431
11;2025-11-05;21;860
11;2025-11-05;22;417
11;2025-11-05;23;221
11;2025-11-06;0;66
11;2025-11-06;1;3
11;2025-11-06;2;0
11;2025-11-06;3;0
11;2025-11-06;4;3
11;2025-11-06;5;288
11;2025-11-06;6;1308
11;2025-11-06;7;2442
11;2025-11-06;8;3199
11;2025-11-06;9;2467
11;2025-11-06;10;1928
11;2025-11-06;11;1868
11;2025-11-06;12;1890
11;2025-11-06;13;2070
11;2025-11-06;14;2025
11;2025-11-06;15;2073
11;2025-11-06;16;2279
11;2025-11-06;17;2828
11;2025-11-06;18;3157
11;2025-11-06;19;2253
11;2025-11-06;20;1431
11;2025-11-06;21;860
11;2025-11-06;22;417
11;2025-11-06;23;221
11;2025-11-07;0;78
11;2025-11-07;1;3
11;2025-11-07;2;0
11;2025-11-07;3;0
11;2025-11-07;4;3
11;2025-11-07;5;287
11;2025-11-07;6;1301
11;2025-11-07;7;2342
11;2025-11-07;8;3116
11;2025-11-07;9;2324
11;2025-11-07;10;1858
11;2025-11-07;11;1798
11;2025-11-07;12;1874
11;2025-11-07;13;1939
11;2025-11-07;14;2062
11;2025-11-07;15;2171
11;2025-11-07;16;2420
11;2025-11-07;17;2919
11;2025-11-07;18;2503
11;2025-11-07;19;1941
11;2025-11-07;20;1365
11;2025-11-07;21;856
11;2025-11-07;22;428
11;2025-11-07;23;304
11;2025-11-08;0;112
11;2025-11-08;1;3
11;2025-11-08;2;0
11;2025-11-08;3;0
11;2025-11-08;4;3
11;2025-11-08;5;179
11;2025-11-08;6;758
11;2025-11-08;7;740
11;2025-11-08;8;997
11;2025-11-08;9;1160
11;2025-11-08;10;1325
11;2025-11-08;11;1729
11;2025-11-08;12;1910
11;2025-11-08;13;1799
11;2025-11-08;14;1969
11;2025-11-08;15;1857
11;2025-11-08;16;1844
11;2025-11-08;17;1863
11;2025-11-08;18;1541
11;2025-11-08;19;1409
11;2025-11-08;20;1033
11;2025-11-08;21;740
11;2025-11-08;22;428
11;2025-11-08;23;294
11;2025-11-09;0;110
11;2025-11-09;1;14
11;2025-11-09;2;0
11;2025-11-09;3;0
11;2025-11-09;4;2
11;2025-11-09;5;118
11;2025-11-09;6;476
11;2025-11-09;7;503
11;2025-11-09;8;674
11;2025-11-09;9;935
11;2025-11-09;10;1037
11;2025-11-09;11;1506
11;2025-11-09;12;1631
11;2025-11-09;13;1566
11;2025-11-09;14;1685
11;2025-11-09;15;1666
11;2025-11-09;16;1586
11;2025-11-09;17;1684
11;2025-11-09;18;1276
11;2025-11-09;19;1045
11;2025-11-09;20;825
11;2025-11-09;21;616
11;2025-11-09;22;349
11;2025-11-09;23;249
11;2025-11-10;0;64
11;2025-11-10;1;3
11;2025-11-10;2;0
11;2025-11-10;3;0
11;2025-11-10;4;3
11;2025-11-10;5;280
11;2025-11-10;6;1273
11;2025-11-10;7;2377
11;2025-11-10;8;3113
11;2025-11-10;9;2401
11;2025-11-10;10;1876
11;2025-11-10;11;1818
11;2025-11-10;12;1839
11;2025-11-10;13;2014
11;2025-11-10;14;1971
11;2025-11-10;15;2017
11;2025-11-10;16;2218
11;2025-11-10;17;2752
11;2025-11-10;18;3072
11;2025-11-10;19;2192
11;2025-11-10;20;1393
11;2025-11-10;21;837
11;2025-11-10;22;406
11;2025-11-10;23;216
11;2025-11-11;0;66
11;2025-11-11;1;3
11;2025-11-11;2;0
11;2025-11-11;3;0
11;2025-11-11;4;3
11;2025-11-11;5;288
11;2025-11-11;6;1308
11;2025-11-11;7;2442
11;2025-11-11;8;3199
11;2025-11-11;9;2467
11;2025-11-11;10;1928
11;2025-11-11;11;1868
11;2025-11-11;12;1890
11;2025-11-11;13;2070
11;2025-11-11;14;2025
11;2025-11-11;15;2073
11;2025-11-11;16;2279
11;2025-11-11;17;2828
11;2025-11-11;18;3157
11;2025-11-11;19;2253
11;2025-11-11;20;1431
11;2025-11-11;21;860
11;2025-11-11;22;417
11;2025-11-11;23;221
11;2025-11-12;0;66
11;2025-11-12;1;3
11;2025-11-12;2;0
11;2025-11-12;3;0
11;2025-11-12;4;3
11;2025-11-12;5;288
11;2025-11-12;6;1308
11;2025-11-12;7;2442
11;2025-11-12;8;3199
11;2025-11-12;9;2467
11;2025-11-12;10;1928
11;2025-11-12;11;1868
11;2025-11-12;12;1890
11;2025-11-12;13;2070
11;2025-11-12;14;2025
11;2025-11-12;15;2073
11;2025-11-12;16;2279
11;2025-11-12;17;2828
11;2025-11-12;18;3157
11;2025-11-12;19;2253
11;2025-11-12;20;1431
11;2025-11-12;21;860
11;2025-11-12;22;417
11;2025-11-12;23;221
11;2025-11-13;0;66
11;2025-11-13;1;3
11;2025-11-13;2;0
11;2025-11-13;3;0
11;2025-11-13;4;3
11;2025-11-13;5;288
11;2025-11-13;6;1308
11;2025-11-13;7;2442
11;2025-11-13;8;3199
11;2025-11-13;9;2467
11;2025-11-13;10;1928
11;2025-11-13;11;1868
11;2025-11-13;12;1890
11;2025-11-13;13;2070
11;2025-11-13;14;2025
11;2025-11-13;15;2073
11;2025-11-13;16;2279
11;2025-11-13;17;2828
11;2025-11-13;18;3157
11;2025-11-13;19;2253
11;2025-11-13;20;1431
11;2025-11-13;21;860
11;2025-11-13;22;417
11;2025-11-13;23;221
11;2025-11-14;0;78
11;2025-11-14;1;3
11;2025-11-14;2;0
11;2025-11-14;3;0
11;2025-11-14;4;3
11;2025-11-14;5;287
11;2025-11-14;6;1301
11;2025-11-14;7;2342
11;2025-11-14;8;3116
11;2025-11-14;9;2324
11;2025-11-14;10;1858
11;2025-11-14;11;1798
11;2025-11-14;12;1874
11;2025-11-14;13;1939
11;2025-11-14;14;2062
11;2025-11-14;15;2171
11;2025-11-14;16;2420
11;2025-11-14;17;2919
11;2025-11-14;18;2503
11;2025-11-14;19;1941
11;2025-11-14;20;1365
11;2025-11-14;21;856
11;2025-11-14;22;428
11;2025-11-14;23;304
11;2025-11-15;0;112
11;2025-11-15;1;3
11;2025-11-15;2;0
11;2025-11-15;3;0
11;2025-11-15;4;3
11;2025-11-15;5;179
11;2025-11-15;6;758
11;2025-11-15;7;740
11;2025-11-15;8;997
11;2025-11-15;9;1160
11;2025-11-15;10;1325
11;2025-11-15;11;1729
11;2025-11-15;12;1910
11;2025-11-15;13;1799
11;2025-11-15;14;1969
11;2025-11-15;15;1857
11;2025-11-15;16;1844
11;2025-11-15;17;1863
11;2025-11-15;18;1541
11;2025-11-15;19;1409
11;2025-11-15;20;1033
11;2025-11-15;21;740
11;2025-11-15;22;428
11;2025-11-15;23;294
11;2025-11-16;0;110
11;2025-11-16;1;14
11;2025-11-16;2;0
11;2025-11-16;3;0
11;2025-11-16;4;2
11;2025-11-16;5;118
11;2025-11-16;6;476
11;2025-11-16;7;503
11;2025-11-16;8;674
11;2025-11-16;9;935
11;2025-11-16;10;1037
11;2025-11-16;11;1506
11;2025-11-16;12;1631
11;2025-11-16;13;1566
11;2025-11-16;14;1685
11;2025-11-16;15;1666
11;2025-11-16;16;1586
11;2025-11-16;17;1684
11;2025-11-16;18;1276
11;2025-11-16;19;1045
11;2025-11-16;20;825
11;2025-11-16;21;616
11;2025-11-16;22;349
11;2025-11-16;23;249
11;2025-11-17;0;64
11;2025-11-17;1;3
11;2025-11-17;2;0
11;2025-11-17;3;0
11;2025-11-17;4;3
11;2025-11-17;5;280
11;2025-11-17;6;1273
11;2025-11-17;7;2377
11;2025-11-17;8;3113
11;2025-11-17;9;2401
11;2025-11-17;10;1876
11;2025-11-17;11;1818
11;2025-11-17;12;1839
11;2025-11-17;13;2014
11;2025-11-17;14;1971
11;2025-11-17;15;2017
11;2025-11-17;16;2218
11;2025-11-17;17;2752
11;2025-11-17;18;3072
11;2025-11-17;19;2192
11;2025-11-17;20;1393
11;2025-11-17;21;837
11;2025-11-17;22;406
11;2025-11-17;23;216
11;2025-11-18;0;66
11;2025-11-18;1;3
11;2025-11-18;2;0
11;2025-11-18;3;0
11;2025-11-18;4;3
11;2025-11-18;5;288
11;2025-11-18;6;1308
11;2025-11-18;7;2442
11;2025-11-18;8;3199
11;2025-11-18;9;2467
11;2025-11-18;10;1928
11;2025-11-18;11;1868
11;2025-11-18;12;1890
11;2025-11-18;13;2070
11;2025-11-18;14;2025
11;2025-11-18;15;2073
11;2025-11-18;16;2279
11;2025-11-18;17;2828
11;2025-11-18;18;3157
11;2025-11-18;19;2253
11;2025-11-18;20;1431
11;2025-11-18;21;860
11;2025-11-18;22;417
11;2025-11-18;23;221
11;2025-11-19;0;66
11;2025-11-19;1;3
11;2025-11-19;2;0
11;2025-11-19;3;0
11;2025-11-19;4;3
11;2025-11-19;5;288
11;2025-11-19;6;1308
11;2025-11-19;7;2442
11;2025-11-19;8;3199
11;2025-11-19;9;2467
11;2025-11-19;10;1928
11;2025-11-19;11;1868
11;2025-11-19;12;1890
11;2025-11-19;13;2070
11;2025-11-19;14;2025
11;2025-11-19;15;2073
11;2025-11-19;16;2279
11;2025-11-19;17;2828
11;2025-11-19;18;3157
11;2025-11-19;19;2253
11;2025-11-19;20;1431
11;2025-11-19;21;860
11;2025-11-19;22;417
11;2025-11-19;23;221
11;2025-11-20;0;66
11;2025-11-20;1;3
11;2025-11-20;2;0
11;2025-11-20;3;0
11;2025-11-20;4;3
11;2025-11-20;5;288
11;2025-11-20;6;1308
11;2025-11-20;7;2442
11;2025-11-20;8;3199
11;2025-11-20;9;2467
11;2025-11-20;10;1928
11;2025-11-20;11;1868
11;2025-11-20;12;1890
11;2025-11-20;13;2070
11;2025-11-20;14;2025
11;2025-11-20;15;2073
11;2025-11-20;16;2279
11;2025-11-20;17;2828
11;2025-11-20;18;3157
11;2025-11-20;19;2253
11;2025-11-20;20;1431
11;2025-11-20;21;860
11;2025-11-20;22;417
11;2025-11-20;23;221
11;2025-11-21;0;78
11;2025-11-21;1;3
11;2025-11-21;2;0
11;2025-11-21;3;0
11;2025-11-21;4;3
11;2025-11-21;5;287
11;2025-11-21;6;1301
11;2025-11-21;7;2342
11;2025-11-21;8;3116
11;2025-11-21;9;2324
11;2025-11-21;10;1858
11;2025-11-21;11;1798
11;2025-11-21;12;1874
11;2025-11-21;13;1939
11;2025-11-21;14;2062
11;2025-11-21;15;2171
11;2025-11-21;16;2420
11;2025-11-21;17;2919
11;2025-11-21;18;2503
11;2025-11-21;19;1941
11;2025-11-21;20;1365
11;2025-11-21;21;856
11;2025-11-21;22;428
11;2025-11-21;23;304
11;2025-11-22;0;112
11;2025-11-22;1;3
11;2025-11-22;2;0
11;2025-11-22;3;0
11;2025-11-22;4;3
11;2025-11-22;5;179
11;2025-11-22;6;758
11;2025-11-22;7;740
11;2025-11-22;8;997
11;2025-11-22;9;1160
11;2025-11-22;10;1325
11;2025-11-22;11;1729
11;2025-11-22;12;1910
11;2025-11-22;13;1799
11;2025-11-22;14;1969
11;2025-11-22;15;1857
11;2025-11-22;16;1844
11;2025-11-22;17;1863
11;2025-11-22;18;1541
11;2025-11-22;19;1409
11;2025-11-22;20;1033
11;2025-11-22;21;740
11;2025-11-22;22;428
11;2025-11-22;23;294
11;2025-11-23;0;110
11;2025-11-23;1;14
11;2025-11-23;2;0
11;2025-11-23;3;0
11;2025-11-23;4;2
11;2025-11-23;5;118
11;2025-11-23;6;476
11;2025-11-23;7;503
11;2025-11-23;8;674
11;2025-11-23;9;935
11;2025-11-23;10;1037
11;2025-11-23;11;1506
11;2025-11-23;12;1631
11;2025-11-23;13;1566
11;2025-11-23;14;1685
11;2025-11-23;15;1666
11;2025-11-23;16;1586
11;2025-11-23;17;1684
11;2025-11-23;18;1276
11;2025-11-23;19;1045
11;2025-11-23;20;825
11;2025-11-23;21;616
11;2025-11-23;22;349
11;2025-11-23;23;249
11;2025-11-24;0;64
11;2025-11-24;1;3
11;2025-11-24;2;0
11;2025-11-24;3;0
11;2025-11-24;4;3
11;2025-11-24;5;280
11;2025-11-24;6;1273
11;2025-11-24;7;2377
11;2025-11-24;8;3113
11;2025-11-24;9;2401
11;2025-11-24;10;1876
11;2025-11-24;11;1818
11;2025-11-24;12;1839
11;2025-11-24;13;2014
11;2025-11-24;14;1971
11;2025-11-24;15;2017
11;2025-11-24;16;2218
11;2025-11-24;17;2752
11;2025-11-24;18;3072
11;2025-11-24;19;2192
11;2025-11-24;20;1393
11;2025-11-24;21;837
11;2025-11-24;22;406
11;2025-11-24;23;216
11;2025-11-25;0;66
11;2025-11-25;1;3
11;2025-11-25;2;0
11;2025-11-25;3;0
11;2025-11-25;4;3
11;2025-11-25;5;288
11;2025-11-25;6;1308
11;2025-11-25;7;2442
11;2025-11-25;8;3199
11;2025-11-25;9;2467
11;2025-11-25;10;1928
11;2025-11-25;11;1868
11;2025-11-25;12;1890
11;2025-11-25;13;2070
11;2025-11-25;14;2025
11;2025-11-25;15;2073
11;2025-11-25;16;2279
11;2025-11-25;17;2828
11;2025-11-25;18;3157
11;2025-11-25;19;2253
11;2025-11-25;20;1431
11;2025-11-25;21;860
11;2025-11-25;22;417
11;2025-11-25;23;221
11;2025-11-26;0;66
11;2025-11-26;1;3
11;2025-11-26;2;0
11;2025-11-26;3;0
11;2025-11-26;4;3
11;2025-11-26;5;288
11;2025-11-26;6;1308
11;2025-11-26;7;2442
11;2025-11-26;8;3199
11;2025-11-26;9;2467
11;2025-11-26;10;1928
11;2025-11-26;11;1868
11;2025-11-26;12;1890
11;2025-11-26;13;2070
11;2025-11-26;14;2025
11;2025-11-26;15;2073
11;2025-11-26;16;2279
11;2025-11-26;17;2828
11;2025-11-26;18;3157
11;2025-11-26;19;2253
11;2025-11-26;20;1431
11;2025-11-26;21;860
11;2025-11-26;22;417
11;2025-11-26;23;221
11;2025-11-27;0;66
11;2025-11-27;1;3
11;2025-11-27;2;0
11;2025-11-27;3;0
11;2025-11-27;4;3
11;2025-11-27;5;288
11;2025-11-27;6;1308
11;2025-11-27;7;2442
11;2025-11-27;8;3199
11;2025-11-27;9;2467
11;2025-11-27;10;1928
11;2025-11-27;11;1868
11;2025-11-27;12;1890
11;2025-11-27;13;2070
11;2025-11-27;14;2025
11;2025-11-27;15;2073
11;2025-11-27;16;2279
11;2025-11-27;17;2828
11;2025-11-27;18;3157
11;2025-11-27;19;2253
11;2025-11-27;20;1431
11;2025-11-27;21;860
11;2025-11-27;22;417
11;2025-11-27;23;221
11;2025-11-28;0;78
11;2025-11-28;1;3
11;2025-11-28;2;0
11;2025-11-28;3;0
11;2025-11-28;4;3
11;2025-11-28;5;287
11;2025-11-28;6;1301
11;2025-11-28;7;2342
11;2025-11-28;8;3116
11;2025-11-28;9;2324
11;2025-11-28;10;1858
11;2025-11-28;11;1798
11;2025-11-28;12;1874
11;2025-11-28;13;1939
11;2025-11-28;14;2062
11;2025-11-28;15;2171
11;2025-11-28;16;2420
11;2025-11-28;17;2919
11;2025-11-28;18;2503
11;2025-11-28;19;1941
11;2025-11-28;20;1365
11;2025-11-28;21;856
11;2025-11-28;22;428
11;2025-11-28;23;304
11;2025-11-29;0;112
11;2025-11-29;1;3
11;2025-11-29;2;0
11;2025-11-29;3;0
11;2025-11-29;4;3
11;2025-11-29;5;179
11;2025-11-29;6;758
11;2025-11-29;7;740
11;2025-11-29;8;997
11;2025-11-29;9;1160
11;2025-11-29;10;1325
11;2025-11-29;11;1729
11;2025-11-29;12;1910
11;2025-11-29;13;1799
11;2025-11-29;14;1969
11;2025-11-29;15;1857
11;2025-11-29;16;1844
11;2025-11-29;17;1863
11;2025-11-29;18;1541
11;2025-11-29;19;1409
11;2025-11-29;20;1033
11;2025-11-29;21;740
11;2025-11-29;22;428
11;2025-11-29;23;294
11;2025-11-30;0;110
11;2025-11-30;1;14
11;2025-11-30;2;0
11;2025-11-30;3;0
11;2025-11-30;4;2
11;2025-11-30;5;118
11;2025-11-30;6;476
11;2025-11-30;7;503
11;2025-11-30;8;674
11;2025-11-30;9;935
11;2025-11-30;10;1037
11;2025-11-30;11;1506
11;2025-11-30;12;1631
11;2025-11-30;13;1566
11;2025-11-30;14;1685
11;2025-11-30;15;1666
11;2025-11-30;16;1586
11;2025-11-30;17;1684
11;2025-11-30;18;1276
11;2025-11-30;19;1045
11;2025-11-30;20;825
11;2025-11-30;21;616
11;2025-11-30;22;349
11;2025-11-30;23;249
11;2025-12-01;0;65
11;2025-12-01;1;3
11;2025-12-01;2;0
11;2025-12-01;3;0
11;2025-12-01;4;4
11;2025-12-01;5;288
11;2025-12-01;6;1268
11;2025-12-01;7;2364
11;2025-12-01;8;3100
11;2025-12-01;9;2402
11;2025-12-01;10;1854
11;2025-12-01;11;1808
11;2025-12-01;12;1824
11;2025-12-01;13;2010
11;2025-12-01;14;1962
11;2025-12-01;15;2038
11;2025-12-01;16;2232
11;2025-12-01;17;2761
11;2025-12-01;18;3080
11;2025-12-01;19;2196
11;2025-12-01;20;1401
11;2025-12-01;21;848
11;2025-12-01;22;414
11;2025-12-01;23;212
11;2025-12-02;0;67
11;2025-12-02;1;3
11;2025-12-02;2;0
11;2025-12-02;3;0
11;2025-12-02;4;4
11;2025-12-02;5;296
11;2025-12-02;6;1303
11;2025-12-02;7;2430
11;2025-12-02;8;3186
11;2025-12-02;9;2468
11;2025-12-02;10;1905
11;2025-12-02;11;1858
11;2025-12-02;12;1874
11;2025-12-02;13;2065
11;2025-12-02;14;2017
11;2025-12-02;15;2095
11;2025-12-02;16;2294
11;2025-12-02;17;2837
11;2025-12-02;18;3165
11;2025-12-02;19;2257
11;2025-12-02;20;1440
11;2025-12-02;21;871
11;2025-12-02;22;426
11;2025-12-02;23;218
11;2025-12-03;0;67
11;2025-12-03;1;3
11;2025-12-03;2;0
11;2025-12-03;3;0
11;2025-12-03;4;4
11;2025-12-03;5;296
11;2025-12-03;6;1303
11;2025-12-03;7;2430
11;2025-12-03;8;3186
11;2025-12-03;9;2468
11;2025-12-03;10;1905
11;2025-12-03;11;1858
11;2025-12-03;12;1874
11;2025-12-03;13;2065
11;2025-12-03;14;2017
11;2025-12-03;15;2095
11;2025-12-03;16;2294
11;2025-12-03;17;2837
11;2025-12-03;18;3165
11;2025-12-03;19;2257
11;2025-12-03;20;1440
11;2025-12-03;21;871
11;2025-12-03;22;426
11;2025-12-03;23;218
11;2025-12-04;0;67
11;2025-12-04;1;3
11;2025-12-04;2;0
11;2025-12-04;3;0
11;2025-12-04;4;4
11;2025-12-04;5;296
11;2025-12-04;6;1303
11;2025-12-04;7;2430
11;2025-12-04;8;3186
11;2025-12-04;9;2468
11;2025-12-04;10;1905
11;2025-12-04;11;1858
11;2025-12-04;12;1874
11;2025-12-04;13;2065
11;2025-12-04;14;2017
11;2025-12-04;15;2095
11;2025-12-04;16;2294
11;2025-12-04;17;2837
11;2025-12-04;18;3165
11;2025-12-04;19;2257
11;2025-12-04;20;1440
11;2025-12-04;21;871
11;2025-12-04;22;426
11;2025-12-04;23;218
11;2025-12-05;0;80
11;2025-12-05;1;4
11;2025-12-05;2;0
11;2025-12-05;3;0
11;2025-12-05;4;3
11;2025-12-05;5;292
11;2025-12-05;6;1297
11;2025-12-05;7;2317
11;2025-12-05;8;3069
11;2025-12-05;9;2336
11;2025-12-05;10;1853
11;2025-12-05;11;1802
11;2025-12-05;12;1862
11;2025-12-05;13;1947
11;2025-12-05;14;2052
11;2025-12-05;15;2186
11;2025-12-05;16;2439
11;2025-12-05;17;2914
11;2025-12-05;18;2512
11;2025-12-05;19;1960
11;2025-12-05;20;1369
11;2025-12-05;21;861
11;2025-12-05;22;438
11;2025-12-05;23;297
11;2025-12-06;0;112
11;2025-12-06;1;3
11;2025-12-06;2;0
11;2025-12-06;3;0
11;2025-12-06;4;3
11;2025-12-06;5;181
11;2025-12-06;6;737
11;2025-12-06;7;731
11;2025-12-06;8;982
11;2025-12-06;9;1150
11;2025-12-06;10;1303
11;2025-12-06;11;1719
11;2025-12-06;12;1888
11;2025-12-06;13;1782
11;2025-12-06;14;1937
11;2025-12-06;15;1833
11;2025-12-06;16;1842
11;2025-12-06;17;1844
11;2025-12-06;18;1537
11;2025-12-06;19;1388
11;2025-12-06;20;1036
11;2025-12-06;21;741
11;2025-12-06;22;427
11;2025-12-06;23;295
11;2025-12-07;0;107
11;2025-12-07;1;13
11;2025-12-07;2;0
11;2025-12-07;3;0
11;2025-12-07;4;2
11;2025-12-07;5;118
11;2025-12-07;6;465
11;2025-12-07;7;498
11;2025-12-07;8;661
11;2025-12-07;9;920
11;2025-12-07;10;1021
11;2025-12-07;11;1481
11;2025-12-07;12;1613
11;2025-12-07;13;1548
11;2025-12-07;14;1666
11;2025-12-07;15;1651
11;2025-12-07;16;1574
11;2025-12-07;17;1656
11;2025-12-07;18;1262
11;2025-12-07;19;1039
11;2025-12-07;20;823
11;2025-12-07;21;613
11;2025-12-07;22;345
11;2025-12-07;23;247
11;2025-12-08;0;65
11;2025-12-08;1;3
11;2025-12-08;2;0
11;2025-12-08;3;0
11;2025-12-08;4;4
11;2025-12-08;5;288
11;2025-12-08;6;1268
11;2025-12-08;7;2364
11;2025-12-08;8;3100
11;2025-12-08;9;2402
11;2025-12-08;10;1854
11;2025-12-08;11;1808
11;2025-12-08;12;1824
11;2025-12-08;13;2010
11;2025-12-08;14;1962
11;2025-12-08;15;2038
11;2025-12-08;16;2232
11;2025-12-08;17;2761
11;2025-12-08;18;3080
11;2025-12-08;19;2196
11;2025-12-08;20;1401
11;2025-12-08;21;848
11;2025-12-08;22;414
11;2025-12-08;23;212
11;2025-12-09;0;67
11;2025-12-09;1;3
11;2025-12-09;2;0
11;2025-12-09;3;0
11;2025-12-09;4;4
11;2025-12-09;5;296
11;2025-12-09;6;1303
11;2025-12-09;7;2430
11;2025-12-09;8;3186
11;2025-12-09;9;2468
11;2025-12-09;10;1905
11;2025-12-09;11;1858
11;2025-12-09;12;1874
11;2025-12-09;13;2065
11;2025-12-09;14;2017
11;2025-12-09;15;2095
11;2025-12-09;16;2294
11;2025-12-09;17;2837
11;2025-12-09;18;3165
11;2025-12-09;19;2257
11;2025-12-09;20;1440
11;2025-12-09;21;871
11;2025-12-09;22;426
11;2025-12-09;23;218
11;2025-12-10;0;67
11;2025-12-10;1;3
11;2025-12-10;2;0
11;2025-12-10;3;0
11;2025-12-10;4;4
11;2025-12-10;5;296
11;2025-12-10;6;1303
11;2025-12-10;7;2430
11;2025-12-10;8;3186
11;2025-12-10;9;2468
11;2025-12-10;10;1905
11;2025-12-10;11;1858
11;2025-12-10;12;1874
11;2025-12-10;13;2065
11;2025-12-10;14;2017
11;2025-12-10;15;2095
11;2025-12-10;16;2294
11;2025-12-10;17;2837
11;2025-12-10;18;3165
11;2025-12-10;19;2257
11;2025-12-10;20;1440
11;2025-12-10;21;871
11;2025-12-10;22;426
11;2025-12-10;23;218
11;2025-12-11;0;67
11;2025-12-11;1;3
11;2025-12-11;2;0
11;2025-12-11;3;0
11;2025-12-11;4;4
11;2025-12-11;5;296
11;2025-12-11;6;1303
11;2025-12-11;7;2430
11;2025-12-11;8;3186
11;2025-12-11;9;2468
11;2025-12-11;10;1905
11;2025-12-11;11;1858
11;2025-12-11;12;1874
11;2025-12-11;13;2065
11;2025-12-11;14;2017
11;2025-12-11;15;2095
11;2025-12-11;16;2294
11;2025-12-11;17;2837
11;2025-12-11;18;3165
11;2025-12-11;19;2257
11;2025-12-11;20;1440
11;2025-12-11;21;871
11;2025-12-11;22;426
11;2025-12-11;23;218
11;2025-12-12;0;80
11;2025-12-12;1;4
11;2025-12-12;2;0
11;2025-12-12;3;0
11;2025-12-12;4;3
11;2025-12-12;5;292
11;2025-12-12;6;1297
11;2025-12-12;7;2317
11;2025-12-12;8;3069
11;2025-12-12;9;2336
11;2025-12-12;10;1853
11;2025-12-12;11;1802
11;2025-12-12;12;1862
11;2025-12-12;13;1947
11;2025-12-12;14;2052
11;2025-12-12;15;2186
11;2025-12-12;16;2439
11;2025-12-12;17;2914
11;2025-12-12;18;2512
11;2025-12-12;19;1960
11;2025-12-12;20;1369
11;2025-12-12;21;861
11;2025-12-12;22;438
11;2025-12-12;23;297
11;2025-12-13;0;112
11;2025-12-13;1;3
11;2025-12-13;2;0
11;2025-12-13;3;0
11;2025-12-13;4;3
11;2025-12-13;5;181
11;2025-12-13;6;737
11;2025-12-13;7;731
11;2025-12-13;8;982
11;2025-12-13;9;1150
11;2025-12-13;10;1303
11;2025-12-13;11;1719
11;2025-12-13;12;1888
11;2025-12-13;13;1782
11;2025-12-13;14;1937
11;2025-12-13;15;1833
11;2025-12-13;16;1842
11;2025-12-13;17;1844
11;2025-12-13;18;1537
11;2025-12-13;19;1388
11;2025-12-13;20;1036
11;2025-12-13;21;741
11;2025-12-13;22;427
11;2025-12-13;23;295
11;2025-12-14;0;107
11;2025-12-14;1;13
11;2025-12-14;2;0
11;2025-12-14;3;0
11;2025-12-14;4;2
11;2025-12-14;5;118
11;2025-12-14;6;465
11;2025-12-14;7;498
11;2025-12-14;8;661
11;2025-12-14;9;920
11;2025-12-14;10;1021
11;2025-12-14;11;1481
11;2025-12-14;12;1613
11;2025-12-14;13;1548
11;2025-12-14;14;1666
11;2025-12-14;15;1651
11;2025-12-14;16;1574
11;2025-12-14;17;1656
11;2025-12-14;18;1262
11;2025-12-14;19;1039
11;2025-12-14;20;823
11;2025-12-14;21;613
11;2025-12-14;22;345
11;2025-12-14;23;247
11;2025-12-15;0;65
11;2025-12-15;1;3
11;2025-12-15;2;0
11;2025-12-15;3;0
11;2025-12-15;4;4
11;2025-12-15;5;288
11;2025-12-15;6;1268
11;2025-12-15;7;2364
11;2025-12-15;8;3100
11;2025-12-15;9;2402
11;2025-12-15;10;1854
11;2025-12-15;11;1808
11;2025-12-15;12;1824
11;2025-12-15;13;2010
11;2025-12-15;14;1962
11;2025-12-15;15;2038
11;2025-12-15;16;2232
11;2025-12-15;17;2761
11;2025-12-15;18;3080
11;2025-12-15;19;2196
11;2025-12-15;20;1401
11;2025-12-15;21;848
11;2025-12-15;22;414
11;2025-12-15;23;212
11;2025-12-16;0;67
11;2025-12-16;1;3
11;2025-12-16;2;0
11;2025-12-16;3;0
11;2025-12-16;4;4
11;2025-12-16;5;296
11;2025-12-16;6;1303
11;2025-12-16;7;2430
11;2025-12-16;8;3186
11;2025-12-16;9;2468
11;2025-12-16;10;1905
11;2025-12-16;11;1858
11;2025-12-16;12;1874
11;2025-12-16;13;2065
11;2025-12-16;14;2017
11;2025-12-16;15;2095
11;2025-12-16;16;2294
11;2025-12-16;17;2837
11;2025-12-16;18;3165
11;2025-12-16;19;2257
11;2025-12-16;20;1440
11;2025-12-16;21;871
11;2025-12-16;22;426
11;2025-12-16;23;218
11;2025-12-17;0;67
11;2025-12-17;1;3
11;2025-12-17;2;0
11;2025-12-17;3;0
11;2025-12-17;4;4
11;2025-12-17;5;296
11;2025-12-17;6;1303
11;2025-12-17;7;2430
11;2025-12-17;8;3186
11;2025-12-17;9;2468
11;2025-12-17;10;1905
11;2025-12-17;11;1858
11;2025-12-17;12;1874
11;2025-12-17;13;2065
11;2025-12-17;14;2017
11;2025-12-17;15;2095
11;2025-12-17;16;2294
11;2025-12-17;17;2837
11;2025-12-17;18;3165
11;2025-12-17;19;2257
11;2025-12-17;20;1440
11;2025-12-17;21;871
11;2025-12-17;22;426
11;2025-12-17;23;218
11;2025-12-18;0;67
11;2025-12-18;1;3
11;2025-12-18;2;0
11;2025-12-18;3;0
11;2025-12-18;4;4
11;2025-12-18;5;296
11;2025-12-18;6;1303
11;2025-12-18;7;2430
11;2025-12-18;8;3186
11;2025-12-18;9;2468
11;2025-12-18;10;1905
11;2025-12-18;11;1858
11;2025-12-18;12;1874
11;2025-12-18;13;2065
11;2025-12-18;14;2017
11;2025-12-18;15;2095
11;2025-12-18;16;2294
11;2025-12-18;17;2837
11;2025-12-18;18;3165
11;2025-12-18;19;2257
11;2025-12-18;20;1440
11;2025-12-18;21;871
11;2025-12-18;22;426
11;2025-12-18;23;218
11;2025-12-19;0;80
11;2025-12-19;1;4
11;2025-12-19;2;0
11;2025-12-19;3;0
11;2025-12-19;4;3
11;2025-12-19;5;292
11;2025-12-19;6;1297
11;2025-12-19;7;2317
11;2025-12-19;8;3069
11;2025-12-19;9;2336
11;2025-12-19;10;1853
11;2025-12-19;11;1802
11;2025-12-19;12;1862
11;2025-12-19;13;1947
11;2025-12-19;14;2052
11;2025-12-19;15;2186
11;2025-12-19;16;2439
11;2025-12-19;17;2914
11;2025-12-19;18;2512
11;2025-12-19;19;1960
11;2025-12-19;20;1369
11;2025-12-19;21;861
11;2025-12-19;22;438
11;2025-12-19;23;297
11;2025-12-20;0;112
11;2025-12-20;1;3
11;2025-12-20;2;0
11;2025-12-20;3;0
11;2025-12-20;4;3
11;2025-12-20;5;181
11;2025-12-20;6;737
11;2025-12-20;7;731
11;2025-12-20;8;982
11;2025-12-20;9;1150
11;2025-12-20;10;1303
11;2025-12-20;11;1719
11;2025-12-20;12;1888
11;2025-12-20;13;1782
11;2025-12-20;14;1937
11;2025-12-20;15;1833
11;2025-12-20;16;1842
11;2025-12-20;17;1844
11;2025-12-20;18;1537
11;2025-12-20;19;1388
11;2025-12-20;20;1036
11;2025-12-20;21;741
11;2025-12-20;22;427
11;2025-12-20;23;295
11;2025-12-21;0;107
11;2025-12-21;1;13
11;2025-12-21;2;0
11;2025-12-21;3;0
11;2025-12-21;4;2
11;2025-12-21;5;118
11;2025-12-21;6;465
11;2025-12-21;7;498
11;2025-12-21;8;661
11;2025-12-21;9;920
11;2025-12-21;10;1021
11;2025-12-21;11;1481
11;2025-12-21;12;1613
11;2025-12-21;13;1548
11;2025-12-21;14;1666
11;2025-12-21;15;1651
11;2025-12-21;16;1574
11;2025-12-21;17;1656
11;2025-12-21;18;1262
11;2025-12-21;19;1039
11;2025-12-21;20;823
11;2025-12-21;21;613
11;2025-12-21;22;345
11;2025-12-21;23;247
11;2025-12-22;0;65
11;2025-12-22;1;3
11;2025-12-22;2;0
11;2025-12-22;3;0
11;2025-12-22;4;4
11;2025-12-22;5;288
11;2025-12-22;6;1268
11;2025-12-22;7;2364
11;2025-12-22;8;3100
11;2025-12-22;9;2402
11;2025-12-22;10;1854
11;2025-12-22;11;1808
11;2025-12-22;12;1824
11;2025-12-22;13;2010
11;2025-12-22;14;1962
11;2025-12-22;15;2038
11;2025-12-22;16;2232
11;2025-12-22;17;2761
11;2025-12-22;18;3080
11;2025-12-22;19;2196
11;2025-12-22;20;1401
11;2025-12-22;21;848
11;2025-12-22;22;414
11;2025-12-22;23;212
11;2025-12-23;0;67
11;2025-12-23;1;3
11;2025-12-23;2;0
11;2025-12-23;3;0
11;2025-12-23;4;4
11;2025-12-23;5;296
11;2025-12-23;6;1303
11;2025-12-23;7;2430
11;2025-12-23;8;3186
11;2025-12-23;9;2468
11;2025-12-23;10;1905
11;2025-12-23;11;1858
11;2025-12-23;12;1874
11;2025-12-23;13;2065
11;2025-12-23;14;2017
11;2025-12-23;15;2095
11;2025-12-23;16;2294
11;2025-12-23;17;2837
11;2025-12-23;18;3165
11;2025-12-23;19;2257
11;2025-12-23;20;1440
11;2025-12-23;21;871
11;2025-12-23;22;426
11;2025-12-23;23;218
11;2025-12-24;0;67
11;2025-12-24;1;3
11;2025-12-24;2;0
11;2025-12-24;3;0
11;2025-12-24;4;4
11;2025-12-24;5;296
11;2025-12-24;6;1303
11;2025-12-24;7;2430
11;2025-12-24;8;3186
11;2025-12-24;9;2468
11;2025-12-24;10;1905
11;2025-12-24;11;1858
11;2025-12-24;12;1874
11;2025-12-24;13;2065
11;2025-12-24;14;2017
11;2025-12-24;15;2095
11;2025-12-24;16;2294
11;2025-12-24;17;2837
11;2025-12-24;18;3165
11;2025-12-24;19;2257
11;2025-12-24;20;1440
11;2025-12-24;21;871
11;2025-12-24;22;426
11;2025-12-24;23;218
11;2025-12-25;0;67
11;2025-12-25;1;3
11;2025-12-25;2;0
11;2025-12-25;3;0
11;2025-12-25;4;4
11;2025-12-25;5;296
11;2025-12-25;6;1303
11;2025-12-25;7;2430
11;2025-12-25;8;3186
11;2025-12-25;9;2468
11;2025-12-25;10;1905
11;2025-12-25;11;1858
11;2025-12-25;12;1874
11;2025-12-25;13;2065
11;2025-12-25;14;2017
11;2025-12-25;15;2095
11;2025-12-25;16;2294
11;2025-12-25;17;2837
11;2025-12-25;18;3165
11;2025-12-25;19;2257
11;2025-12-25;20;1440
11;2025-12-25;21;871
11;2025-12-25;22;426
11;2025-12-25;23;218
11;2025-12-26;0;80
11;2025-12-26;1;4
11;2025-12-26;2;0
11;2025-12-26;3;0
11;2025-12-26;4;3
11;2025-12-26;5;292
11;2025-12-26;6;1297
11;2025-12-26;7;2317
11;2025-12-26;8;3069
11;2025-12-26;9;2336
11;2025-12-26;10;1853
11;2025-12-26;11;1802
11;2025-12-26;12;1862
11;2025-12-26;13;1947
11;2025-12-26;14;2052
11;2025-12-26;15;2186
11;2025-12-26;16;2439
11;2025-12-26;17;2914
11;2025-12-26;18;2512
11;2025-12-26;19;1960
11;2025-12-26;20;1369
11;2025-12-26;21;861
11;2025-12-26;22;438
11;2025-12-26;23;297
11;2025-12-27;0;112
11;2025-12-27;1;3
11;2025-12-27;2;0
11;2025-12-27;3;0
11;2025-12-27;4;3
11;2025-12-27;5;181
11;2025-12-27;6;737
11;2025-12-27;7;731
11;2025-12-27;8;982
11;2025-12-27;9;1150
11;2025-12-27;10;1303
11;2025-12-27;11;1719
11;2025-12-27;12;1888
11;2025-12-27;13;1782
11;2025-12-27;14;1937
11;2025-12-27;15;1833
11;2025-12-27;16;1842
11;2025-12-27;17;1844
11;2025-12-27;18;1537
11;2025-12-27;19;1388
11;2025-12-27;20;1036
11;2025-12-27;21;741
11;2025-12-27;22;427
11;2025-12-27;23;295
11;2025-12-28;0;107
11;2025-12-28;1;13
11;2025-12-28;2;0
11;2025-12-28;3;0
11;2025-12-28;4;2
11;2025-12-28;5;118
11;2025-12-28;6;465
11;2025-12-28;7;498
11;2025-12-28;8;661
11;2025-12-28;9;920
11;2025-12-28;10;1021
11;2025-12-28;11;1481
11;2025-12-28;12;1613
11;2025-12-28;13;1548
11;2025-12-28;14;1666
11;2025-12-28;15;1651
11;2025-12-28;16;1574
11;2025-12-28;17;1656
11;2025-12-28;18;1262
11;2025-12-28;19;1039
11;2025-12-28;20;823
11;2025-12-28;21;613
11;2025-12-28;22;345
11;2025-12-28;23;247
11;2025-12-29;0;58
11;2025-12-29;1;2
11;2025-12-29;2;0
11;2025-12-29;3;0
11;2025-12-29;4;3
11;2025-12-29;5;259
11;2025-12-29;6;1141
11;2025-12-29;7;2128
11;2025-12-29;8;2790
11;2025-12-29;9;2162
11;2025-12-29;10;1668
11;2025-12-29;11;1627
11;2025-12-29;12;1641
11;2025-12-29;13;1809
11;2025-12-29;14;1766
11;2025-12-29;15;1835
11;2025-12-29;16;2009
11;2025-12-29;17;2485
11;2025-12-29;18;2772
11;2025-12-29;19;1977
11;2025-12-29;20;1261
11;2025-12-29;21;763
11;2025-12-29;22;373
11;2025-12-29;23;191
11;2025-12-30;0;57
11;2025-12-30;1;2
11;2025-12-30;2;0
11;2025-12-30;3;0
11;2025-12-30;4;3
11;2025-12-30;5;251
11;2025-12-30;6;1107
11;2025-12-30;7;2065
11;2025-12-30;8;2708
11;2025-12-30;9;2098
11;2025-12-30;10;1619
11;2025-12-30;11;1579
11;2025-12-30;12;1593
11;2025-12-30;13;1755
11;2025-12-30;14;1714
11;2025-12-30;15;1780
11;2025-12-30;16;1950
11;2025-12-30;17;2412
11;2025-12-30;18;2690
11;2025-12-30;19;1918
11;2025-12-30;20;1224
11;2025-12-30;21;741
11;2025-12-30;22;362
11;2025-12-30;23;185
11;2025-12-31;0;112
11;2025-12-31;1;3
11;2025-12-31;2;0
11;2025-12-31;3;0
11;2025-12-31;4;3
11;2025-12-31;5;181
11;2025-12-31;6;737
11;2025-12-31;7;731
11;2025-12-31;8;982
11;2025-12-31;9;1150
11;2025-12-31;10;1303
11;2025-12-31;11;1719
11;2025-12-31;12;1888
11;2025-12-31;13;1782
11;2025-12-31;14;1937
11;2025-12-31;15;1833
11;2025-12-31;16;1842
11;2025-12-31;17;1844
11;2025-12-31;18;1537
11;2025-12-31;19;1388
11;2025-12-31;20;1036
11;2025-12-31;21;741
11;2025-12-31;22;427
11;2025-12-31;23;295
12;2025-11-01;0;30
12;2025-11-01;1;3
12;2025-11-01;2;0
12;2025-11-01;3;0
12;2025-11-01;4;3
12;2025-11-01;5;240
12;2025-11-01;6;1043
12;2025-11-01;7;2085
12;2025-11-01;8;2669
12;2025-11-01;9;1874
12;2025-11-01;10;1522
12;2025-11-01;11;1536
12;2025-11-01;12;1572
12;2025-11-01;13;1648
12;2025-11-01;14;1632
12;2025-11-01;15;1854
12;2025-11-01;16;2375
12;2025-11-01;17;2336
12;2025-11-01;18;2051
12;2025-11-01;19;1689
12;2025-11-01;20;1107
12;2025-11-01;21;766
12;2025-11-01;22;393
12;2025-11-01;23;241
12;2025-11-02;0;90
12;2025-11-02;1;6
12;2025-11-02;2;0
12;2025-11-02;3;0
12;2025-11-02;4;3
12;2025-11-02;5;140
12;2025-11-02;6;510
12;2025-11-02;7;649
12;2025-11-02;8;727
12;2025-11-02;9;950
12;2025-11-02;10;1179
12;2025-11-02;11;1315
12;2025-11-02;12;1396
12;2025-11-02;13;1641
12;2025-11-02;14;1530
12;2025-11-02;15;1475
12;2025-11-02;16;1517
12;2025-11-02;17;1538
12;2025-11-02;18;1312
12;2025-11-02;19;1011
12;2025-11-02;20;748
12;2025-11-02;21;583
12;2025-11-02;22;389
12;2025-11-02;23;204
12;2025-11-03;0;74
12;2025-11-03;1;5
12;2025-11-03;2;0
12;2025-11-03;3;0
12;2025-11-03;4;2
12;2025-11-03;5;152
12;2025-11-03;6;554
12;2025-11-03;7;665
12;2025-11-03;8;747
12;2025-11-03;9;937
12;2025-11-03;10;1141
12;2025-11-03;11;1250
12;2025-11-03;12;1295
12;2025-11-03;13;1528
12;2025-11-03;14;1391
12;2025-11-03;15;1340
12;2025-11-03;16;1394
12;2025-11-03;17;1374
12;2025-11-03;18;1242
12;2025-11-03;19;1031
12;2025-11-03;20;730
12;2025-11-03;21;554
12;2025-11-03;22;348
12;2025-11-03;23;212
12;2025-11-04;0;74
12;2025-11-04;1;5
12;2025-11-04;2;0
12;2025-11-04;3;0
12;2025-11-04;4;2
12;2025-11-04;5;152
12;2025-11-04;6;554
12;2025-11-04;7;665
12;2025-11-04;8;747
12;2025-11-04;9;937
12;2025-11-04;10;1141
12;2025-11-04;11;1250
12;2025-11-04;12;1295
12;2025-11-04;13;1528
12;2025-11-04;14;1391
12;2025-11-04;15;1340
12;2025-11-04;16;1394
12;2025-11-04;17;1374
12;2025-11-04;18;1242
12;2025-11-04;19;1031
12;2025-11-04;20;730
12;2025-11-04;21;554
12;2025-11-04;22;348
12;2025-11-04;23;212
12;2025-11-05;0;54
12;2025-11-05;1;2
12;2025-11-05;2;0
12;2025-11-05;3;0
12;2025-11-05;4;6
12;2025-11-05;5;322
12;2025-11-05;6;1387
12;2025-11-05;7;2756
12;2025-11-05;8;3684
12;2025-11-05;9;2526
12;2025-11-05;10;2103
12;2025-11-05;11;2015
12;2025-11-05;12;2100
12;2025-11-05;13;2074
12;2025-11-05;14;2064
12;2025-11-05;15;2295
12;2025-11-05;16;2807
12;2025-11-05;17;3092
12;2025-11-05;18;3254
12;2025-11-05;19;2485
12;2025-11-05;20;1553
12;2025-11-05;21;939
12;2025-11-05;22;478
12;2025-11-05;23;251
12;2025-11-06;0;54
12;2025-11-06;1;2
12;2025-11-06;2;0
12;2025-11-06;3;0
12;2025-11-06;4;6
12;2025-11-06;5;322
12;2025-11-06;6;1387
12;2025-11-06;7;2756
12;2025-11-06;8;3684
12;2025-11-06;9;2526
12;2025-11-06;10;2103
12;2025-11-06;11;2015
12;2025-11-06;12;2100
12;2025-11-06;13;2074
12;2025-11-06;14;2064
12;2025-11-06;15;2295
12;2025-11-06;16;2807
12;2025-11-06;17;3092
12;2025-11-06;18;3254
12;2025-11-06;19;2485
12;2025-11-06;20;1553
12;2025-11-06;21;939
12;2025-11-06;22;478
12;2025-11-06;23;251
12;2025-11-07;0;58
12;2025-11-07;1;2
12;2025-11-07;2;0
12;2025-11-07;3;0
12;2025-11-07;4;4
12;2025-11-07;5;309
12;2025-11-07;6;1344
12;2025-11-07;7;2686
12;2025-11-07;8;3439
12;2025-11-07;9;2414
12;2025-11-07;10;1961
12;2025-11-07;11;1978
12;2025-11-07;12;2025
12;2025-11-07;13;2123
12;2025-11-07;14;2103
12;2025-11-07;15;2388
12;2025-11-07;16;3060
12;2025-11-07;17;3009
12;2025-11-07;18;2643
12;2025-11-07;19;2176
12;2025-11-07;20;1426
12;2025-11-07;21;987
12;2025-11-07;22;506
12;2025-11-07;23;310
12;2025-11-08;0;77
12;2025-11-08;1;5
12;2025-11-08;2;0
12;2025-11-08;3;0
12;2025-11-08;4;2
12;2025-11-08;5;214
12;2025-11-08;6;774
12;2025-11-08;7;886
12;2025-11-08;8;997
12;2025-11-08;9;1206
12;2025-11-08;10;1442
12;2025-11-08;11;1552
12;2025-11-08;12;1570
12;2025-11-08;13;1858
12;2025-11-08;14;1650
12;2025-11-08;15;1587
12;2025-11-08;16;1672
12;2025-11-08;17;1599
12;2025-11-08;18;1537
12;2025-11-08;19;1367
12;2025-11-08;20;931
12;2025-11-08;21;687
12;2025-11-08;22;406
12;2025-11-08;23;287
12;2025-11-09;0;90
12;2025-11-09;1;6
12;2025-11-09;2;0
12;2025-11-09;3;0
12;2025-11-09;4;3
12;2025-11-09;5;140
12;2025-11-09;6;510
12;2025-11-09;7;649
12;2025-11-09;8;727
12;2025-11-09;9;950
12;2025-11-09;10;1179
12;2025-11-09;11;1315
12;2025-11-09;12;1396
12;2025-11-09;13;1641
12;2025-11-09;14;1530
12;2025-11-09;15;1475
12;2025-11-09;16;1517
12;2025-11-09;17;1538
12;2025-11-09;18;1312
12;2025-11-09;19;1011
12;2025-11-09;20;748
12;2025-11-09;21;583
12;2025-11-09;22;389
12;2025-11-09;23;204
12;2025-11-10;0;53
12;2025-11-10;1;2
12;2025-11-10;2;0
12;2025-11-10;3;0
12;2025-11-10;4;6
12;2025-11-10;5;313
12;2025-11-10;6;1350
12;2025-11-10;7;2682
12;2025-11-10;8;3585
12;2025-11-10;9;2458
12;2025-11-10;10;2047
12;2025-11-10;11;1961
12;2025-11-10;12;2043
12;2025-11-10;13;2018
12;2025-11-10;14;2009
12;2025-11-10;15;2233
12;2025-11-10;16;2731
12;2025-11-10;17;3009
12;2025-11-10;18;3167
12;2025-11-10;19;2419
12;2025-11-10;20;1511
12;2025-11-10;21;914
12;2025-11-10;22;465
12;2025-11-10;23;244
12;2025-11-11;0;54
12;2025-11-11;1;2
12;2025-11-11;2;0
12;2025-11-11;3;0
12;2025-11-11;4;6
12;2025-11-11;5;322
12;2025-11-11;6;1387
12;2025-11-11;7;2756
12;2025-11-11;8;3684
12;2025-11-11;9;2526
12;2025-11-11;10;2103
12;2025-11-11;11;2015
12;2025-11-11;12;2100
12;2025-11-11;13;2074
12;2025-11-11;14;2064
12;2025-11-11;15;2295
12;2025-11-11;16;2807
12;2025-11-11;17;3092
12;2025-11-11;18;3254
12;2025-11-11;19;2485
12;2025-11-11;20;1553
12;2025-11-11;21;939
12;2025-11-11;22;478
12;2025-11-11;23;251
12;2025-11-12;0;54
12;2025-11-12;1;2
12;2025-11-12;2;0
12;2025-11-12;3;0
12;2025-11-12;4;6
12;2025-11-12;5;322
12;2025-11-12;6;1387
12;2025-11-12;7;2756
12;2025-11-12;8;3684
12;2025-11-12;9;2526
12;2025-11-12;10;2103
12;2025-11-12;11;2015
12;2025-11-12;12;2100
12;2025-11-12;13;2074
12;2025-11-12;14;2064
12;2025-11-12;15;2295
12;2025-11-12;16;2807
12;2025-11-12;17;3092
12;2025-11-12;18;3254
12;2025-11-12;19;2485
12;2025-11-12;20;1553
12;2025-11-12;21;939
12;2025-11-12;22;478
12;2025-11-12;23;251
12;2025-11-13;0;54
12;2025-11-13;1;2
12;2025-11-13;2;0
12;2025-11-13;3;0
12;2025-11-13;4;6
12;2025-11-13;5;322
12;2025-11-13;6;1387
12;2025-11-13;7;2756
12;2025-11-13;8;3684
12;2025-11-13;9;2526
12;2025-11-13;10;2103
12;2025-11-13;11;2015
12;2025-11-13;12;2100
12;2025-11-13;13;2074
12;2025-11-13;14;2064
12;2025-11-13;15;2295
12;2025-11-13;16;2807
12;2025-11-13;17;3092
12;2025-11-13;18;3254
12;2025-11-13;19;2485
12;2025-11-13;20;1553
12;2025-11-13;21;939
12;2025-11-13;22;478
12;2025-11-13;23;251
12;2025-11-14;0;58
12;2025-11-14;1;2
12;2025-11-14;2;0
12;2025-11-14;3;0
12;2025-11-14;4;4
12;2025-11-14;5;309
12;2025-11-14;6;1344
12;2025-11-14;7;2686
12;2025-11-14;8;3439
12;2025-11-14;9;2414
12;2025-11-14;10;1961
12;2025-11-14;11;1978
12;2025-11-14;12;2025
12;2025-11-14;13;2123
12;2025-11-14;14;2103
12;2025-11-14;15;2388
12;2025-11-14;16;3060
12;2025-11-14;17;3009
12;2025-11-14;18;2643
12;2025-11-14;19;2176
12;2025-11-14;20;1426
12;2025-11-14;21;987
12;2025-11-14;22;506
12;2025-11-14;23;310
12;2025-11-15;0;77
12;2025-11-15;1;5
12;2025-11-15;2;0
12;2025-11-15;3;0
12;2025-11-15;4;2
12;2025-11-15;5;214
12;2025-11-15;6;774
12;2025-11-15;7;886
12;2025-11-15;8;997
12;2025-11-15;9;1206
12;2025-11-15;10;1442
12;2025-11-15;11;1552
12;2025-11-15;12;1570
12;2025-11-15;13;1858
12;2025-11-15;14;1650
12;2025-11-15;15;1587
12;2025-11-15;16;1672
12;2025-11-15;17;1599
12;2025-11-15;18;1537
12;2025-11-15;19;1367
12;2025-11-15;20;931
12;2025-11-15;21;687
12;2025-11-15;22;406
12;2025-11-15;23;287
12;2025-11-16;0;90
12;2025-11-16;1;6
12;2025-11-16;2;0
12;2025-11-16;3;0
12;2025-11-16;4;3
12;2025-11-16;5;140
12;2025-11-16;6;510
12;2025-11-16;7;649
12;2025-11-16;8;727
12;2025-11-16;9;950
12;2025-11-16;10;1179
12;2025-11-16;11;1315
12;2025-11-16;12;1396
12;2025-11-16;13;1641
12;2025-11-16;14;1530
12;2025-11-16;15;1475
12;2025-11-16;16;1517
12;2025-11-16;17;1538
12;2025-11-16;18;1312
12;2025-11-16;19;1011
12;2025-11-16;20;748
12;2025-11-16;21;583
12;2025-11-16;22;389
12;2025-11-16;23;204
12;2025-11-17;0;53
12;2025-11-17;1;2
12;2025-11-17;2;0
12;2025-11-17;3;0
12;2025-11-17;4;6
12;2025-11-17;5;313
12;2025-11-17;6;1350
12;2025-11-17;7;2682
12;2025-11-17;8;3585
12;2025-11-17;9;2458
12;2025-11-17;10;2047
12;2025-11-17;11;1961
12;2025-11-17;12;2043
12;2025-11-17;13;2018
12;2025-11-17;14;2009
12;2025-11-17;15;2233
12;2025-11-17;16;2731
12;2025-11-17;17;3009
12;2025-11-17;18;3167
12;2025-11-17;19;2419
12;2025-11-17;20;1511
12;2025-11-17;21;914
12;2025-11-17;22;465
12;2025-11-17;23;244
12;2025-11-18;0;54
12;2025-11-18;1;2
12;2025-11-18;2;0
12;2025-11-18;3;0
12;2025-11-18;4;6
12;2025-11-18;5;322
12;2025-11-18;6;1387
12;2025-11-18;7;2756
12;2025-11-18;8;3684
12;2025-11-18;9;2526
12;2025-11-18;10;2103
12;2025-11-18;11;2015
12;2025-11-18;12;2100
12;2025-11-18;13;2074
12;2025-11-18;14;2064
12;2025-11-18;15;2295
12;2025-11-18;16;2807
12;2025-11-18;17;3092
12;2025-11-18;18;3254
12;2025-11-18;19;2485
12;2025-11-18;20;1553
12;2025-11-18;21;939
12;2025-11-18;22;478
12;2025-11-18;23;251
12;2025-11-19;0;54
12;2025-11-19;1;2
12;2025-11-19;2;0
12;2025-11-19;3;0
12;2025-11-19;4;6
12;2025-11-19;5;322
12;2025-11-19;6;1387
12;2025-11-19;7;2756
12;2025-11-19;8;3684
12;2025-11-19;9;2526
12;2025-11-19;10;2103
12;2025-11-19;11;2015
12;2025-11-19;12;2100
12;2025-11-19;13;2074
12;2025-11-19;14;2064
12;2025-11-19;15;2295
12;2025-11-19;16;2807
12;2025-11-19;17;3092
12;2025-11-19;18;3254
12;2025-11-19;19;2485
12;2025-11-19;20;1553
12;2025-11-19;21;939
12;2025-11-19;22;478
12;2025-11-19;23;251
12;2025-11-20;0;54
12;2025-11-20;1;2
12;2025-11-20;2;0
12;2025-11-20;3;0
12;2025-11-20;4;6
12;2025-11-20;5;322
12;2025-11-20;6;1387
12;2025-11-20;7;2756
12;2025-11-20;8;3684
12;2025-11-20;9;2526
12;2025-11-20;10;2103
12;2025-11-20;11;2015
12;2025-11-20;12;2100
12;2025-11-20;13;2074
12;2025-11-20;14;2064
12;2025-11-20;15;2295
12;2025-11-20;16;2807
12;2025-11-20;17;3092
12;2025-11-20;18;3254
12;2025-11-20;19;2485
12;2025-11-20;20;1553
12;2025-11-20;21;939
12;2025-11-20;22;478
12;2025-11-20;23;251
12;2025-11-21;0;58
12;2025-11-21;1;2
12;2025-11-21;2;0
12;2025-11-21;3;0
12;2025-11-21;4;4
12;2025-11-21;5;309
12;2025-11-21;6;1344
12;2025-11-21;7;2686
12;2025-11-21;8;3439
12;2025-11-21;9;2414
12;2025-11-21;10;1961
12;2025-11-21;11;1978
12;2025-11-21;12;2025
12;2025-11-21;13;2123
12;2025-11-21;14;2103
12;2025-11-21;15;2388
12;2025-11-21;16;3060
12;2025-11-21;17;3009
12;2025-11-21;18;2643
12;2025-11-21;19;2176
12;2025-11-21;20;1426
12;2025-11-21;21;987
12;2025-11-21;22;506
12;2025-11-21;23;310
12;2025-11-22;0;77
12;2025-11-22;1;5
12;2025-11-22;2;0
12;2025-11-22;3;0
12;2025-11-22;4;2
12;2025-11-22;5;214
12;2025-11-22;6;774
12;2025-11-22;7;886
12;2025-11-22;8;997
12;2025-11-22;9;1206
12;2025-11-22;10;1442
12;2025-11-22;11;1552
12;2025-11-22;12;1570
12;2025-11-22;13;1858
12;2025-11-22;14;1650
12;2025-11-22;15;1587
12;2025-11-22;16;1672
12;2025-11-22;17;1599
12;2025-11-22;18;1537
12;2025-11-22;19;1367
12;2025-11-22;20;931
12;2025-11-22;21;687
12;2025-11-22;22;406
12;2025-11-22;23;287
12;2025-11-23;0;90
12;2025-11-23;1;6
12;2025-11-23;2;0
12;2025-11-23;3;0
12;2025-11-23;4;3
12;2025-11-23;5;140
12;2025-11-23;6;510
12;2025-11-23;7;649
12;2025-11-23;8;727
12;2025-11-23;9;950
12;2025-11-23;10;1179
12;2025-11-23;11;1315
12;2025-11-23;12;1396
12;2025-11-23;13;1641
12;2025-11-23;14;1530
12;2025-11-23;15;1475
12;2025-11-23;16;1517
12;2025-11-23;17;1538
12;2025-11-23;18;1312
12;2025-11-23;19;1011
12;2025-11-23;20;748
12;2025-11-23;21;583
12;2025-11-23;22;389
12;2025-11-23;23;204
12;2025-11-24;0;53
12;2025-11-24;1;2
12;2025-11-24;2;0
12;2025-11-24;3;0
12;2025-11-24;4;6
12;2025-11-24;5;313
12;2025-11-24;6;1350
12;2025-11-24;7;2682
12;2025-11-24;8;3585
12;2025-11-24;9;2458
12;2025-11-24;10;2047
12;2025-11-24;11;1961
12;2025-11-24;12;2043
12;2025-11-24;13;2018
12;2025-11-24;14;2009
12;2025-11-24;15;2233
12;2025-11-24;16;2731
12;2025-11-24;17;3009
12;2025-11-24;18;3167
12;2025-11-24;19;2419
12;2025-11-24;20;1511
12;2025-11-24;21;914
12;2025-11-24;22;465
12;2025-11-24;23;244
12;2025-11-25;0;54
12;2025-11-25;1;2
12;2025-11-25;2;0
12;2025-11-25;3;0
12;2025-11-25;4;6
12;2025-11-25;5;322
12;2025-11-25;6;1387
12;2025-11-25;7;2756
12;2025-11-25;8;3684
12;2025-11-25;9;2526
12;2025-11-25;10;2103
12;2025-11-25;11;2015
12;2025-11-25;12;2100
12;2025-11-25;13;2074
12;2025-11-25;14;2064
12;2025-11-25;15;2295
12;2025-11-25;16;2807
12;2025-11-25;17;3092
12;2025-11-25;18;3254
12;2025-11-25;19;2485
12;2025-11-25;20;1553
12;2025-11-25;21;939
12;2025-11-25;22;478
12;2025-11-25;23;251
12;2025-11-26;0;54
12;2025-11-26;1;2
12;2025-11-26;2;0
12;2025-11-26;3;0
12;2025-11-26;4;6
12;2025-11-26;5;322
12;2025-11-26;6;1387
12;2025-11-26;7;2756
12;2025-11-26;8;3684
12;2025-11-26;9;2526
12;2025-11-26;10;2103
12;2025-11-26;11;2015
12;2025-11-26;12;2100
12;2025-11-26;13;2074
12;2025-11-26;14;2064
12;2025-11-26;15;2295
12;2025-11-26;16;2807
12;2025-11-26;17;3092
12;2025-11-26;18;3254
12;2025-11-26;19;2485
12;2025-11-26;20;1553
12;2025-11-26;21;939
12;2025-11-26;22;478
12;2025-11-26;23;251
12;2025-11-27;0;54
12;2025-11-27;1;2
12;2025-11-27;2;0
12;2025-11-27;3;0
12;2025-11-27;4;6
12;2025-11-27;5;322
12;2025-11-27;6;1387
12;2025-11-27;7;2756
12;2025-11-27;8;3684
12;2025-11-27;9;2526
12;2025-11-27;10;2103
12;2025-11-27;11;2015
12;2025-11-27;12;2100
12;2025-11-27;13;2074
12;2025-11-27;14;2064
12;2025-11-27;15;2295
12;2025-11-27;16;2807
12;2025-11-27;17;3092
12;2025-11-27;18;3254
12;2025-11-27;19;2485
12;2025-11-27;20;1553
12;2025-11-27;21;939
12;2025-11-27;22;478
12;2025-11-27;23;251
12;2025-11-28;0;58
12;2025-11-28;1;2
12;2025-11-28;2;0
12;2025-11-28;3;0
12;2025-11-28;4;4
12;2025-11-28;5;309
12;2025-11-28;6;1344
12;2025-11-28;7;2686
12;2025-11-28;8;3439
12;2025-11-28;9;2414
12;2025-11-28;10;1961
12;2025-11-28;11;1978
12;2025-11-28;12;2025
12;2025-11-28;13;2123
12;2025-11-28;14;2103
12;2025-11-28;15;2388
12;2025-11-28;16;3060
12;2025-11-28;17;3009
12;2025-11-28;18;2643
12;2025-11-28;19;2176
12;2025-11-28;20;1426
12;2025-11-28;21;987
12;2025-11-28;22;506
12;2025-11-28;23;310
12;2025-11-29;0;77
12;2025-11-29;1;5
12;2025-11-29;2;0
12;2025-11-29;3;0
12;2025-11-29;4;2
12;2025-11-29;5;214
12;2025-11-29;6;774
12;2025-11-29;7;886
12;2025-11-29;8;997
12;2025-11-29;9;1206
12;2025-11-29;10;1442
12;2025-11-29;11;1552
12;2025-11-29;12;1570
12;2025-11-29;13;1858
12;2025-11-29;14;1650
12;2025-11-29;15;1587
12;2025-11-29;16;1672
12;2025-11-29;17;1599
12;2025-11-29;18;1537
12;2025-11-29;19;1367
12;2025-11-29;20;931
12;2025-11-29;21;687
12;2025-11-29;22;406
12;2025-11-29;23;287
12;2025-11-30;0;90
12;2025-11-30;1;6
12;2025-11-30;2;0
12;2025-11-30;3;0
12;2025-11-30;4;3
12;2025-11-30;5;140
12;2025-11-30;6;510
12;2025-11-30;7;649
12;2025-11-30;8;727
12;2025-11-30;9;950
12;2025-11-30;10;1179
12;2025-11-30;11;1315
12;2025-11-30;12;1396
12;2025-11-30;13;1641
12;2025-11-30;14;1530
12;2025-11-30;15;1475
12;2025-11-30;16;1517
12;2025-11-30;17;1538
12;2025-11-30;18;1312
12;2025-11-30;19;1011
12;2025-11-30;20;748
12;2025-11-30;21;583
12;2025-11-30;22;389
12;2025-11-30;23;204
12;2025-12-01;0;53
12;2025-12-01;1;2
12;2025-12-01;2;0
12;2025-12-01;3;0
12;2025-12-01;4;6
12;2025-12-01;5;313
12;2025-12-01;6;1335
12;2025-12-01;7;2681
12;2025-12-01;8;3580
12;2025-12-01;9;2440
12;2025-12-01;10;2043
12;2025-12-01;11;1967
12;2025-12-01;12;2045
12;2025-12-01;13;2011
12;2025-12-01;14;2020
12;2025-12-01;15;2244
12;2025-12-01;16;2745
12;2025-12-01;17;3018
12;2025-12-01;18;3171
12;2025-12-01;19;2432
12;2025-12-01;20;1504
12;2025-12-01;21;905
12;2025-12-01;22;461
12;2025-12-01;23;243
12;2025-12-02;0;54
12;2025-12-02;1;2
12;2025-12-02;2;0
12;2025-12-02;3;0
12;2025-12-02;4;6
12;2025-12-02;5;322
12;2025-12-02;6;1372
12;2025-12-02;7;2755
12;2025-12-02;8;3678
12;2025-12-02;9;2507
12;2025-12-02;10;2100
12;2025-12-02;11;2021
12;2025-12-02;12;2101
12;2025-12-02;13;2067
12;2025-12-02;14;2076
12;2025-12-02;15;2306
12;2025-12-02;16;2821
12;2025-12-02;17;3101
12;2025-12-02;18;3258
12;2025-12-02;19;2499
12;2025-12-02;20;1546
12;2025-12-02;21;930
12;2025-12-02;22;474
12;2025-12-02;23;249
12;2025-12-03;0;54
12;2025-12-03;1;2
12;2025-12-03;2;0
12;2025-12-03;3;0
12;2025-12-03;4;6
12;2025-12-03;5;322
12;2025-12-03;6;1372
12;2025-12-03;7;2755
12;2025-12-03;8;3678
12;2025-12-03;9;2507
12;2025-12-03;10;2100
12;2025-12-03;11;2021
12;2025-12-03;12;2101
12;2025-12-03;13;2067
12;2025-12-03;14;2076
12;2025-12-03;15;2306
12;2025-12-03;16;2821
12;2025-12-03;17;3101
12;2025-12-03;18;3258
12;2025-12-03;19;2499
12;2025-12-03;20;1546
12;2025-12-03;21;930
12;2025-12-03;22;474
12;2025-12-03;23;249
12;2025-12-04;0;54
12;2025-12-04;1;2
12;2025-12-04;2;0
12;2025-12-04;3;0
12;2025-12-04;4;6
12;2025-12-04;5;322
12;2025-12-04;6;1372
12;2025-12-04;7;2755
12;2025-12-04;8;3678
12;2025-12-04;9;2507
12;2025-12-04;10;2100
12;2025-12-04;11;2021
12;2025-12-04;12;2101
12;2025-12-04;13;2067
12;2025-12-04;14;2076
12;2025-12-04;15;2306
12;2025-12-04;16;2821
12;2025-12-04;17;3101
12;2025-12-04;18;3258
12;2025-12-04;19;2499
12;2025-12-04;20;1546
12;2025-12-04;21;930
12;2025-12-04;22;474
12;2025-12-04;23;249
12;2025-12-05;0;59
12;2025-12-05;1;2
12;2025-12-05;2;0
12;2025-12-05;3;0
12;2025-12-05;4;4
12;2025-12-05;5;304
12;2025-12-05;6;1323
12;2025-12-05;7;2667
12;2025-12-05;8;3440
12;2025-12-05;9;2382
12;2025-12-05;10;1965
12;2025-12-05;11;1989
12;2025-12-05;12;2037
12;2025-12-05;13;2102
12;2025-12-05;14;2120
12;2025-12-05;15;2413
12;2025-12-05;16;3077
12;2025-12-05;17;3017
12;2025-12-05;18;2650
12;2025-12-05;19;2182
12;2025-12-05;20;1430
12;2025-12-05;21;980
12;2025-12-05;22;505
12;2025-12-05;23;304
12;2025-12-06;0;78
12;2025-12-06;1;5
12;2025-12-06;2;0
12;2025-12-06;3;0
12;2025-12-06;4;2
12;2025-12-06;5;211
12;2025-12-06;6;767
12;2025-12-06;7;879
12;2025-12-06;8;982
12;2025-12-06;9;1193
12;2025-12-06;10;1428
12;2025-12-06;11;1555
12;2025-12-06;12;1569
12;2025-12-06;13;1871
12;2025-12-06;14;1656
12;2025-12-06;15;1587
12;2025-12-06;16;1665
12;2025-12-06;17;1591
12;2025-12-06;18;1520
12;2025-12-06;19;1366
12;2025-12-06;20;925
12;2025-12-06;21;669
12;2025-12-06;22;408
12;2025-12-06;23;284
12;2025-12-07;0;90
12;2025-12-07;1;6
12;2025-12-07;2;0
12;2025-12-07;3;0
12;2025-12-07;4;3
12;2025-12-07;5;139
12;2025-12-07;6;501
12;2025-12-07;7;629
12;2025-12-07;8;718
12;2025-12-07;9;946
12;2025-12-07;10;1169
12;2025-12-07;11;1310
12;2025-12-07;12;1391
12;2025-12-07;13;1637
12;2025-12-07;14;1524
12;2025-12-07;15;1453
12;2025-12-07;16;1502
12;2025-12-07;17;1517
12;2025-12-07;18;1289
12;2025-12-07;19;1001
12;2025-12-07;20;732
12;2025-12-07;21;573
12;2025-12-07;22;383
12;2025-12-07;23;203
12;2025-12-08;0;53
12;2025-12-08;1;2
12;2025-12-08;2;0
12;2025-12-08;3;0
12;2025-12-08;4;6
12;2025-12-08;5;313
12;2025-12-08;6;1335
12;2025-12-08;7;2681
12;2025-12-08;8;3580
12;2025-12-08;9;2440
12;2025-12-08;10;2043
12;2025-12-08;11;1967
12;2025-12-08;12;2045
12;2025-12-08;13;2011
12;2025-12-08;14;2020
12;2025-12-08;15;2244
12;2025-12-08;16;2745
12;2025-12-08;17;3018
12;2025-12-08;18;3171
12;2025-12-08;19;2432
12;2025-12-08;20;1504
12;2025-12-08;21;905
12;2025-12-08;22;461
12;2025-12-08;23;243
12;2025-12-09;0;54
12;2025-12-09;1;2
12;2025-12-09;2;0
12;2025-12-09;3;0
12;2025-12-09;4;6
12;2025-12-09;5;322
12;2025-12-09;6;1372
12;2025-12-09;7;2755
12;2025-12-09;8;3678
12;2025-12-09;9;2507
12;2025-12-09;10;2100
12;2025-12-09;11;2021
12;2025-12-09;12;2101
12;2025-12-09;13;2067
12;2025-12-09;14;2076
12;2025-12-09;15;2306
12;2025-12-09;16;2821
12;2025-12-09;17;3101
12;2025-12-09;18;3258
12;2025-12-09;19;2499
12;2025-12-09;20;1546
12;2025-12-09;21;930
12;2025-12-09;22;474
12;2025-12-09;23;249
12;2025-12-10;0;54
12;2025-12-10;1;2
12;2025-12-10;2;0
12;2025-12-10;3;0
12;2025-12-10;4;6
12;2025-12-10;5;322
12;2025-12-10;6;1372
12;2025-12-10;7;2755
12;2025-12-10;8;3678
12;2025-12-10;9;2507
12;2025-12-10;10;2100
12;2025-12-10;11;2021
12;2025-12-10;12;2101
12;2025-12-10;13;2067
12;2025-12-10;14;2076
12;2025-12-10;15;2306
12;2025-12-10;16;2821
12;2025-12-10;17;3101
12;2025-12-10;18;3258
12;2025-12-10;19;2499
12;2025-12-10;20;1546
12;2025-12-10;21;930
12;2025-12-10;22;474
12;2025-12-10;23;249
12;2025-12-11;0;54
12;2025-12-11;1;2
12;2025-12-11;2;0
12;2025-12-11;3;0
12;2025-12-11;4;6
12;2025-12-11;5;322
12;2025-12-11;6;1372
12;2025-12-11;7;2755
12;2025-12-11;8;3678
12;2025-12-11;9;2507
12;2025-12-11;10;2100
12;2025-12-11;11;2021
12;2025-12-11;12;2101
12;2025-12-11;13;2067
12;2025-12-11;14;2076
12;2025-12-11;15;2306
12;2025-12-11;16;2821
12;2025-12-11;17;3101
12;2025-12-11;18;3258
12;2025-12-11;19;2499
12;2025-12-11;20;1546
12;2025-12-11;21;930
12;2025-12-11;22;474
12;2025-12-11;23;249
12;2025-12-12;0;59
12;2025-12-12;1;2
12;2025-12-12;2;0
12;2025-12-12;3;0
12;2025-12-12;4;4
12;2025-12-12;5;304
12;2025-12-12;6;1323
12;2025-12-12;7;2667
12;2025-12-12;8;3440
12;2025-12-12;9;2382
12;2025-12-12;10;1965
12;2025-12-12;11;1989
12;2025-12-12;12;2037
12;2025-12-12;13;2102
12;2025-12-12;14;2120
12;2025-12-12;15;2413
12;2025-12-12;16;3077
12;2025-12-12;17;3017
12;2025-12-12;18;2650
12;2025-12-12;19;2182
12;2025-12-12;20;1430
12;2025-12-12;21;980
12;2025-12-12;22;505
12;2025-12-12;23;304
12;2025-12-13;0;78
12;2025-12-13;1;5
12;2025-12-13;2;0
12;2025-12-13;3;0
12;2025-12-13;4;2
12;2025-12-13;5;211
12;2025-12-13;6;767
12;2025-12-13;7;879
12;2025-12-13;8;982
12;2025-12-13;9;1193
12;2025-12-13;10;1428
12;2025-12-13;11;1555
12;2025-12-13;12;1569
12;2025-12-13;13;1871
12;2025-12-13;14;1656
12;2025-12-13;15;1587
12;2025-12-13;16;1665
12;2025-12-13;17;1591
12;2025-12-13;18;1520
12;2025-12-13;19;1366
12;2025-12-13;20;925
12;2025-12-13;21;669
12;2025-12-13;22;408
12;2025-12-13;23;284
12;2025-12-14;0;90
12;2025-12-14;1;6
12;2025-12-14;2;0
12;2025-12-14;3;0
12;2025-12-14;4;3
12;2025-12-14;5;139
12;2025-12-14;6;501
12;2025-12-14;7;629
12;2025-12-14;8;718
12;2025-12-14;9;946
12;2025-12-14;10;1169
12;2025-12-14;11;1310
12;2025-12-14;12;1391
12;2025-12-14;13;1637
12;2025-12-14;14;1524
12;2025-12-14;15;1453
12;2025-12-14;16;1502
12;2025-12-14;17;1517
12;2025-12-14;18;1289
12;2025-12-14;19;1001
12;2025-12-14;20;732
12;2025-12-14;21;573
12;2025-12-14;22;383
12;2025-12-14;23;203
12;2025-12-15;0;53
12;2025-12-15;1;2
12;2025-12-15;2;0
12;2025-12-15;3;0
12;2025-12-15;4;6
12;2025-12-15;5;313
12;2025-12-15;6;1335
12;2025-12-15;7;2681
12;2025-12-15;8;3580
12;2025-12-15;9;2440
12;2025-12-15;10;2043
12;2025-12-15;11;1967
12;2025-12-15;12;2045
12;2025-12-15;13;2011
12;2025-12-15;14;2020
12;2025-12-15;15;2244
12;2025-12-15;16;2745
12;2025-12-15;17;3018
12;2025-12-15;18;3171
12;2025-12-15;19;2432
12;2025-12-15;20;1504
12;2025-12-15;21;905
12;2025-12-15;22;461
12;2025-12-15;23;243
12;2025-12-16;0;54
12;2025-12-16;1;2
12;2025-12-16;2;0
12;2025-12-16;3;0
12;2025-12-16;4;6
12;2025-12-16;5;322
12;2025-12-16;6;1372
12;2025-12-16;7;2755
12;2025-12-16;8;3678
12;2025-12-16;9;2507
12;2025-12-16;10;2100
12;2025-12-16;11;2021
12;2025-12-16;12;2101
12;2025-12-16;13;2067
12;2025-12-16;14;2076
12;2025-12-16;15;2306
12;2025-12-16;16;2821
12;2025-12-16;17;3101
12;2025-12-16;18;3258
12;2025-12-16;19;2499
12;2025-12-16;20;1546
12;2025-12-16;21;930
12;2025-12-16;22;474
12;2025-12-16;23;249
12;2025-12-17;0;54
12;2025-12-17;1;2
12;2025-12-17;2;0
12;2025-12-17;3;0
12;2025-12-17;4;6
12;2025-12-17;5;322
12;2025-12-17;6;1372
12;2025-12-17;7;2755
12;2025-12-17;8;3678
12;2025-12-17;9;2507
12;2025-12-17;10;2100
12;2025-12-17;11;2021
12;2025-12-17;12;2101
12;2025-12-17;13;2067
12;2025-12-17;14;2076
12;2025-12-17;15;2306
12;2025-12-17;16;2821
12;2025-12-17;17;3101
12;2025-12-17;18;3258
12;2025-12-17;19;2499
12;2025-12-17;20;1546
12;2025-12-17;21;930
12;2025-12-17;22;474
12;2025-12-17;23;249
12;2025-12-18;0;54
12;2025-12-18;1;2
12;2025-12-18;2;0
12;2025-12-18;3;0
12;2025-12-18;4;6
12;2025-12-18;5;322
12;2025-12-18;6;1372
12;2025-12-18;7;2755
12;2025-12-18;8;3678
12;2025-12-18;9;2507
12;2025-12-18;10;2100
12;2025-12-18;11;2021
12;2025-12-18;12;2101
12;2025-12-18;13;2067
12;2025-12-18;14;2076
12;2025-12-18;15;2306
12;2025-12-18;16;2821
12;2025-12-18;17;3101
12;2025-12-18;18;3258
12;2025-12-18;19;2499
12;2025-12-18;20;1546
12;2025-12-18;21;930
12;2025-12-18;22;474
12;2025-12-18;23;249
12;2025-12-19;0;59
12;2025-12-19;1;2
12;2025-12-19;2;0
12;2025-12-19;3;0
12;2025-12-19;4;4
12;2025-12-19;5;304
12;2025-12-19;6;1323
12;2025-12-19;7;2667
12;2025-12-19;8;3440
12;2025-12-19;9;2382
12;2025-12-19;10;1965
12;2025-12-19;11;1989
12;2025-12-19;12;2037
12;2025-12-19;13;2102
12;2025-12-19;14;2120
12;2025-12-19;15;2413
12;2025-12-19;16;3077
12;2025-12-19;17;3017
12;2025-12-19;18;2650
12;2025-12-19;19;2182
12;2025-12-19;20;1430
12;2025-12-19;21;980
12;2025-12-19;22;505
12;2025-12-19;23;304
12;2025-12-20;0;78
12;2025-12-20;1;5
12;2025-12-20;2;0
12;2025-12-20;3;0
12;2025-12-20;4;2
12;2025-12-20;5;211
12;2025-12-20;6;767
12;2025-12-20;7;879
12;2025-12-20;8;982
12;2025-12-20;9;1193
12;2025-12-20;10;1428
12;2025-12-20;11;1555
12;2025-12-20;12;1569
12;2025-12-20;13;1871
12;2025-12-20;14;1656
12;2025-12-20;15;1587
12;2025-12-20;16;1665
12;2025-12-20;17;1591
12;2025-12-20;18;1520
12;2025-12-20;19;1366
12;2025-12-20;20;925
12;2025-12-20;21;669
12;2025-12-20;22;408
12;2025-12-20;23;284
12;2025-12-21;0;90
12;2025-12-21;1;6
12;2025-12-21;2;0
12;2025-12-21;3;0
12;2025-12-21;4;3
12;2025-12-21;5;139
12;2025-12-21;6;501
12;2025-12-21;7;629
12;2025-12-21;8;718
12;2025-12-21;9;946
12;2025-12-21;10;1169
12;2025-12-21;11;1310
12;2025-12-21;12;1391
12;2025-12-21;13;1637
12;2025-12-21;14;1524
12;2025-12-21;15;1453
12;2025-12-21;16;1502
12;2025-12-21;17;1517
12;2025-12-21;18;1289
12;2025-12-21;19;1001
12;2025-12-21;20;732
12;2025-12-21;21;573
12;2025-12-21;22;383
12;2025-12-21;23;203
12;2025-12-22;0;53
12;2025-12-22;1;2
12;2025-12-22;2;0
12;2025-12-22;3;0
12;2025-12-22;4;6
12;2025-12-22;5;313
12;2025-12-22;6;1335
12;2025-12-22;7;2681
12;2025-12-22;8;3580
12;2025-12-22;9;2440
12;2025-12-22;10;2043
12;2025-12-22;11;1967
12;2025-12-22;12;2045
12;2025-12-22;13;2011
12;2025-12-22;14;2020
12;2025-12-22;15;2244
12;2025-12-22;16;2745
12;2025-12-22;17;3018
12;2025-12-22;18;3171
12;2025-12-22;19;2432
12;2025-12-22;20;1504
12;2025-12-22;21;905
12;2025-12-22;22;461
12;2025-12-22;23;243
12;2025-12-23;0;54
12;2025-12-23;1;2
12;2025-12-23;2;0
12;2025-12-23;3;0
12;2025-12-23;4;6
12;2025-12-23;5;322
12;2025-12-23;6;1372
12;2025-12-23;7;2755
12;2025-12-23;8;3678
12;2025-12-23;9;2507
12;2025-12-23;10;2100
12;2025-12-23;11;2021
12;2025-12-23;12;2101
12;2025-12-23;13;2067
12;2025-12-23;14;2076
12;2025-12-23;15;2306
12;2025-12-23;16;2821
12;2025-12-23;17;3101
12;2025-12-23;18;3258
12;2025-12-23;19;2499
12;2025-12-23;20;1546
12;2025-12-23;21;930
12;2025-12-23;22;474
12;2025-12-23;23;249
12;2025-12-24;0;54
12;2025-12-24;1;2
12;2025-12-24;2;0
12;2025-12-24;3;0
12;2025-12-24;4;6
12;2025-12-24;5;322
12;2025-12-24;6;1372
12;2025-12-24;7;2755
12;2025-12-24;8;3678
12;2025-12-24;9;2507
12;2025-12-24;10;2100
12;2025-12-24;11;2021
12;2025-12-24;12;2101
12;2025-12-24;13;2067
12;2025-12-24;14;2076
12;2025-12-24;15;2306
12;2025-12-24;16;2821
12;2025-12-24;17;3101
12;2025-12-24;18;3258
12;2025-12-24;19;2499
12;2025-12-24;20;1546
12;2025-12-24;21;930
12;2025-12-24;22;474
12;2025-12-24;23;249
12;2025-12-25;0;54
12;2025-12-25;1;2
12;2025-12-25;2;0
12;2025-12-25;3;0
12;2025-12-25;4;6
12;2025-12-25;5;322
12;2025-12-25;6;1372
12;2025-12-25;7;2755
12;2025-12-25;8;3678
12;2025-12-25;9;2507
12;2025-12-25;10;2100
12;2025-12-25;11;2021
12;2025-12-25;12;2101
12;2025-12-25;13;2067
12;2025-12-25;14;2076
12;2025-12-25;15;2306
12;2025-12-25;16;2821
12;2025-12-25;17;3101
12;2025-12-25;18;3258
12;2025-12-25;19;2499
12;2025-12-25;20;1546
12;2025-12-25;21;930
12;2025-12-25;22;474
12;2025-12-25;23;249
12;2025-12-26;0;59
12;2025-12-26;1;2
12;2025-12-26;2;0
12;2025-12-26;3;0
12;2025-12-26;4;4
12;2025-12-26;5;304
12;2025-12-26;6;1323
12;2025-12-26;7;2667
12;2025-12-26;8;3440
12;2025-12-26;9;2382
12;2025-12-26;10;1965
12;2025-12-26;11;1989
12;2025-12-26;12;2037
12;2025-12-26;13;2102
12;2025-12-26;14;2120
12;2025-12-26;15;2413
12;2025-12-26;16;3077
12;2025-12-26;17;3017
12;2025-12-26;18;2650
12;2025-12-26;19;2182
12;2025-12-26;20;1430
12;2025-12-26;21;980
12;2025-12-26;22;505
12;2025-12-26;23;304
12;2025-12-27;0;78
12;2025-12-27;1;5
12;2025-12-27;2;0
12;2025-12-27;3;0
12;2025-12-27;4;2
12;2025-12-27;5;211
12;2025-12-27;6;767
12;2025-12-27;7;879
12;2025-12-27;8;982
12;2025-12-27;9;1193
12;2025-12-27;10;1428
12;2025-12-27;11;1555
12;2025-12-27;12;1569
12;2025-12-27;13;1871
12;2025-12-27;14;1656
12;2025-12-27;15;1587
12;2025-12-27;16;1665
12;2025-12-27;17;1591
12;2025-12-27;18;1520
12;2025-12-27;19;1366
12;2025-12-27;20;925
12;2025-12-27;21;669
12;2025-12-27;22;408
12;2025-12-27;23;284
12;2025-12-28;0;90
12;2025-12-28;1;6
12;2025-12-28;2;0
12;2025-12-28;3;0
12;2025-12-28;4;3
12;2025-12-28;5;139
12;2025-12-28;6;501
12;2025-12-28;7;629
12;2025-12-28;8;718
12;2025-12-28;9;946
12;2025-12-28;10;1169
12;2025-12-28;11;1310
12;2025-12-28;12;1391
12;2025-12-28;13;1637
12;2025-12-28;14;1524
12;2025-12-28;15;1453
12;2025-12-28;16;1502
12;2025-12-28;17;1517
12;2025-12-28;18;1289
12;2025-12-28;19;1001
12;2025-12-28;20;732
12;2025-12-28;21;573
12;2025-12-28;22;383
12;2025-12-28;23;203
12;2025-12-29;0;47
12;2025-12-29;1;2
12;2025-12-29;2;0
12;2025-12-29;3;0
12;2025-12-29;4;5
12;2025-12-29;5;282
12;2025-12-29;6;1202
12;2025-12-29;7;2413
12;2025-12-29;8;3222
12;2025-12-29;9;2196
12;2025-12-29;10;1839
12;2025-12-29;11;1770
12;2025-12-29;12;1840
12;2025-12-29;13;1810
12;2025-12-29;14;1818
12;2025-12-29;15;2019
12;2025-12-29;16;2471
12;2025-12-29;17;2716
12;2025-12-29;18;2854
12;2025-12-29;19;2189
12;2025-12-29;20;1354
12;2025-12-29;21;814
12;2025-12-29;22;415
12;2025-12-29;23;218
12;2025-12-30;0;46
12;2025-12-30;1;2
12;2025-12-30;2;0
12;2025-12-30;3;0
12;2025-12-30;4;5
12;2025-12-30;5;274
12;2025-12-30;6;1166
12;2025-12-30;7;2342
12;2025-12-30;8;3127
12;2025-12-30;9;2131
12;2025-12-30;10;1785
12;2025-12-30;11;1718
12;2025-12-30;12;1786
12;2025-12-30;13;1757
12;2025-12-30;14;1764
12;2025-12-30;15;1960
12;2025-12-30;16;2398
12;2025-12-30;17;2636
12;2025-12-30;18;2770
12;2025-12-30;19;2124
12;2025-12-30;20;1314
12;2025-12-30;21;790
12;2025-12-30;22;403
12;2025-12-30;23;212
12;2025-12-31;0;78
12;2025-12-31;1;5
12;2025-12-31;2;0
12;2025-12-31;3;0
12;2025-12-31;4;2
12;2025-12-31;5;211
12;2025-12-31;6;767
12;2025-12-31;7;879
12;2025-12-31;8;982
12;2025-12-31;9;1193
12;2025-12-31;10;1428
12;2025-12-31;11;1555
12;2025-12-31;12;1569
12;2025-12-31;13;1871
12;2025-12-31;14;1656
12;2025-12-31;15;1587
12;2025-12-31;16;1665
12;2025-12-31;17;1591
12;2025-12-31;18;1520
12;2025-12-31;19;1366
12;2025-12-31;20;925
12;2025-12-31;21;669
12;2025-12-31;22;408
12;2025-12-31;23;284
17;2025-11-01;0;151
17;2025-11-01;1;30
17;2025-11-01;2;0
17;2025-11-01;3;0
17;2025-11-01;4;20
17;2025-11-01;5;240
17;2025-11-01;6;1174
17;2025-11-01;7;3094
17;2025-11-01;8;4039
17;2025-11-01;9;2890
17;2025-11-01;10;2294
17;2025-11-01;11;2305
17;2025-11-01;12;2341
17;2025-11-01;13;2394
17;2025-11-01;14;2462
17;2025-11-01;15;2724
17;2025-11-01;16;3269
17;2025-11-01;17;3615
17;2025-11-01;18;3371
17;2025-11-01;19;2461
17;2025-11-01;20;1799
17;2025-11-01;21;1213
17;2025-11-01;22;644
17;2025-11-01;23;355
17;2025-11-02;0;184
17;2025-11-02;1;25
17;2025-11-02;2;0
17;2025-11-02;3;0
17;2025-11-02;4;4
17;2025-11-02;5;108
17;2025-11-02;6;445
17;2025-11-02;7;815
17;2025-11-02;8;1262
17;2025-11-02;9;1726
17;2025-11-02;10;2031
17;2025-11-02;11;2587
17;2025-11-02;12;2993
17;2025-11-02;13;3273
17;2025-11-02;14;3350
17;2025-11-02;15;3325
17;2025-11-02;16;3230
17;2025-11-02;17;3072
17;2025-11-02;18;2666
17;2025-11-02;19;2147
17;2025-11-02;20;1616
17;2025-11-02;21;1159
17;2025-11-02;22;728
17;2025-11-02;23;322
17;2025-11-03;0;168
17;2025-11-03;1;23
17;2025-11-03;2;0
17;2025-11-03;3;0
17;2025-11-03;4;4
17;2025-11-03;5;106
17;2025-11-03;6;442
17;2025-11-03;7;881
17;2025-11-03;8;1313
17;2025-11-03;9;1736
17;2025-11-03;10;1983
17;2025-11-03;11;2462
17;2025-11-03;12;2806
17;2025-11-03;13;3026
17;2025-11-03;14;3086
17;2025-11-03;15;3068
17;2025-11-03;16;3033
17;2025-11-03;17;2857
17;2025-11-03;18;2510
17;2025-11-03;19;2021
17;2025-11-03;20;1540
17;2025-11-03;21;1113
17;2025-11-03;22;701
17;2025-11-03;23;338
17;2025-11-04;0;168
17;2025-11-04;1;23
17;2025-11-04;2;0
17;2025-11-04;3;0
17;2025-11-04;4;4
17;2025-11-04;5;106
17;2025-11-04;6;442
17;2025-11-04;7;881
17;2025-11-04;8;1313
17;2025-11-04;9;1736
17;2025-11-04;10;1983
17;2025-11-04;11;2462
17;2025-11-04;12;2806
17;2025-11-04;13;3026
17;2025-11-04;14;3086
17;2025-11-04;15;3068
17;2025-11-04;16;3033
17;2025-11-04;17;2857
17;2025-11-04;18;2510
17;2025-11-04;19;2021
17;2025-11-04;20;1540
17;2025-11-04;21;1113
17;2025-11-04;22;701
17;2025-11-04;23;338
17;2025-11-05;0;119
17;2025-11-05;1;12
17;2025-11-05;2;0
17;2025-11-05;3;0
17;2025-11-05;4;28
17;2025-11-05;5;330
17;2025-11-05;6;1607
17;2025-11-05;7;4265
17;2025-11-05;8;5606
17;2025-11-05;9;3967
17;2025-11-05;10;3096
17;2025-11-05;11;3068
17;2025-11-05;12;3110
17;2025-11-05;13;3172
17;2025-11-05;14;3264
17;2025-11-05;15;3391
17;2025-11-05;16;3825
17;2025-11-05;17;4682
17;2025-11-05;18;5039
17;2025-11-05;19;3480
17;2025-11-05;20;2418
17;2025-11-05;21;1490
17;2025-11-05;22;765
17;2025-11-05;23;369
17;2025-11-06;0;119
17;2025-11-06;1;12
17;2025-11-06;2;0
17;2025-11-06;3;0
17;2025-11-06;4;28
17;2025-11-06;5;330
17;2025-11-06;6;1607
17;2025-11-06;7;4265
17;2025-11-06;8;5606
17;2025-11-06;9;3967
17;2025-11-06;10;3096
17;2025-11-06;11;3068
17;2025-11-06;12;3110
17;2025-11-06;13;3172
17;2025-11-06;14;3264
17;2025-11-06;15;3391
17;2025-11-06;16;3825
17;2025-11-06;17;4682
17;2025-11-06;18;5039
17;2025-11-06;19;3480
17;2025-11-06;20;2418
17;2025-11-06;21;1490
17;2025-11-06;22;765
17;2025-11-06;23;369
17;2025-11-07;0;141
17;2025-11-07;1;16
17;2025-11-07;2;0
17;2025-11-07;3;0
17;2025-11-07;4;26
17;2025-11-07;5;309
17;2025-11-07;6;1513
17;2025-11-07;7;3986
17;2025-11-07;8;5204
17;2025-11-07;9;3723
17;2025-11-07;10;2955
17;2025-11-07;11;2970
17;2025-11-07;12;3016
17;2025-11-07;13;3084
17;2025-11-07;14;3171
17;2025-11-07;15;3509
17;2025-11-07;16;4211
17;2025-11-07;17;4657
17;2025-11-07;18;4343
17;2025-11-07;19;3171
17;2025-11-07;20;2318
17;2025-11-07;21;1563
17;2025-11-07;22;830
17;2025-11-07;23;457
17;2025-11-08;0;199
17;2025-11-08;1;27
17;2025-11-08;2;0
17;2025-11-08;3;0
17;2025-11-08;4;5
17;2025-11-08;5;135
17;2025-11-08;6;569
17;2025-11-08;7;1216
17;2025-11-08;8;1759
17;2025-11-08;9;2259
17;2025-11-08;10;2510
17;2025-11-08;11;3041
17;2025-11-08;12;3413
17;2025-11-08;13;3628
17;2025-11-08;14;3684
17;2025-11-08;15;3670
17;2025-11-08;16;3694
17;2025-11-08;17;3445
17;2025-11-08;18;3066
17;2025-11-08;19;2469
17;2025-11-08;20;1905
17;2025-11-08;21;1387
17;2025-11-08;22;877
17;2025-11-08;23;455
17;2025-11-09;0;184
17;2025-11-09;1;25
17;2025-11-09;2;0
17;2025-11-09;3;0
17;2025-11-09;4;4
17;2025-11-09;5;108
17;2025-11-09;6;445
17;2025-11-09;7;815
17;2025-11-09;8;1262
17;2025-11-09;9;1726
17;2025-11-09;10;2031
17;2025-11-09;11;2587
17;2025-11-09;12;2993
17;2025-11-09;13;3273
17;2025-11-09;14;3350
17;2025-11-09;15;3325
17;2025-11-09;16;3230
17;2025-11-09;17;3072
17;2025-11-09;18;2666
17;2025-11-09;19;2147
17;2025-11-09;20;1616
17;2025-11-09;21;1159
17;2025-11-09;22;728
17;2025-11-09;23;322
17;2025-11-10;0;116
17;2025-11-10;1;11
17;2025-11-10;2;0
17;2025-11-10;3;0
17;2025-11-10;4;27
17;2025-11-10;5;321
17;2025-11-10;6;1564
17;2025-11-10;7;4151
17;2025-11-10;8;5456
17;2025-11-10;9;3860
17;2025-11-10;10;3013
17;2025-11-10;11;2985
17;2025-11-10;12;3027
17;2025-11-10;13;3087
17;2025-11-10;14;3177
17;2025-11-10;15;3300
17;2025-11-10;16;3723
17;2025-11-10;17;4556
17;2025-11-10;18;4904
17;2025-11-10;19;3387
17;2025-11-10;20;2353
17;2025-11-10;21;1450
17;2025-11-10;22;744
17;2025-11-10;23;360
17;2025-11-11;0;119
17;2025-11-11;1;12
17;2025-11-11;2;0
17;2025-11-11;3;0
17;2025-11-11;4;28
17;2025-11-11;5;330
17;2025-11-11;6;1607
17;2025-11-11;7;4265
17;2025-11-11;8;5606
17;2025-11-11;9;3967
17;2025-11-11;10;3096
17;2025-11-11;11;3068
17;2025-11-11;12;3110
17;2025-11-11;13;3172
17;2025-11-11;14;3264
17;2025-11-11;15;3391
17;2025-11-11;16;3825
17;2025-11-11;17;4682
17;2025-11-11;18;5039
17;2025-11-11;19;3480
17;2025-11-11;20;2418
17;2025-11-11;21;1490
17;2025-11-11;22;765
17;2025-11-11;23;369
17;2025-11-12;0;119
17;2025-11-12;1;12
17;2025-11-12;2;0
17;2025-11-12;3;0
17;2025-11-12;4;28
17;2025-11-12;5;330
17;2025-11-12;6;1607
17;2025-11-12;7;4265
17;2025-11-12;8;5606
17;2025-11-12;9;3967
17;2025-11-12;10;3096
17;2025-11-12;11;3068
17;2025-11-12;12;3110
17;2025-11-12;13;3172
17;2025-11-12;14;3264
17;2025-11-12;15;3391
17;2025-11-12;16;3825
17;2025-11-12;17;4682
17;2025-11-12;18;5039
17;2025-11-12;19;3480
17;2025-11-12;20;2418
17;2025-11-12;21;1490
17;2025-11-12;22;765
17;2025-11-12;23;369
17;2025-11-13;0;119
17;2025-11-13;1;12
17;2025-11-13;2;0
17;2025-11-13;3;0
17;2025-11-13;4;28
17;2025-11-13;5;330
17;2025-11-13;6;1607
17;2025-11-13;7;4265
17;2025-11-13;8;5606
17;2025-11-13;9;3967
17;2025-11-13;10;3096
17;2025-11-13;11;3068
17;2025-11-13;12;3110
17;2025-11-13;13;3172
17;2025-11-13;14;3264
17;2025-11-13;15;3391
17;2025-11-13;16;3825
17;2025-11-13;17;4682
17;2025-11-13;18;5039
17;2025-11-13;19;3480
17;2025-11-13;20;2418
17;2025-11-13;21;1490
17;2025-11-13;22;765
17;2025-11-13;23;369
17;2025-11-14;0;141
17;2025-11-14;1;16
17;2025-11-14;2;0
17;2025-11-14;3;0
17;2025-11-14;4;26
17;2025-11-14;5;309
17;2025-11-14;6;1513
17;2025-11-14;7;3986
17;2025-11-14;8;5204
17;2025-11-14;9;3723
17;2025-11-14;10;2955
17;2025-11-14;11;2970
17;2025-11-14;12;3016
17;2025-11-14;13;3084
17;2025-11-14;14;3171
17;2025-11-14;15;3509
17;2025-11-14;16;4211
17;2025-11-14;17;4657
17;2025-11-14;18;4343
17;2025-11-14;19;3171
17;2025-11-14;20;2318
17;2025-11-14;21;1563
17;2025-11-14;22;830
17;2025-11-14;23;457
17;2025-11-15;0;199
17;2025-11-15;1;27
17;2025-11-15;2;0
17;2025-11-15;3;0
17;2025-11-15;4;5
17;2025-11-15;5;135
17;2025-11-15;6;569
17;2025-11-15;7;1216
17;2025-11-15;8;1759
17;2025-11-15;9;2259
17;2025-11-15;10;2510
17;2025-11-15;11;3041
17;2025-11-15;12;3413
17;2025-11-15;13;3628
17;2025-11-15;14;3684
17;2025-11-15;15;3670
17;2025-11-15;16;3694
17;2025-11-15;17;3445
17;2025-11-15;18;3066
17;2025-11-15;19;2469
17;2025-11-15;20;1905
17;2025-11-15;21;1387
17;2025-11-15;22;877
17;2025-11-15;23;455
17;2025-11-16;0;184
17;2025-11-16;1;25
17;2025-11-16;2;0
17;2025-11-16;3;0
17;2025-11-16;4;4
17;2025-11-16;5;108
17;2025-11-16;6;445
17;2025-11-16;7;815
17;2025-11-16;8;1262
17;2025-11-16;9;1726
17;2025-11-16;10;2031
17;2025-11-16;11;2587
17;2025-11-16;12;2993
17;2025-11-16;13;3273
17;2025-11-16;14;3350
17;2025-11-16;15;3325
17;2025-11-16;16;3230
17;2025-11-16;17;3072
17;2025-11-16;18;2666
17;2025-11-16;19;2147
17;2025-11-16;20;1616
17;2025-11-16;21;1159
17;2025-11-16;22;728
17;2025-11-16;23;322
17;2025-11-17;0;116
17;2025-11-17;1;11
17;2025-11-17;2;0
17;2025-11-17;3;0
17;2025-11-17;4;27
17;2025-11-17;5;321
17;2025-11-17;6;1564
17;2025-11-17;7;4151
17;2025-11-17;8;5456
17;2025-11-17;9;3860
17;2025-11-17;10;3013
17;2025-11-17;11;2985
17;2025-11-17;12;3027
17;2025-11-17;13;3087
17;2025-11-17;14;3177
17;2025-11-17;15;3300
17;2025-11-17;16;3723
17;2025-11-17;17;4556
17;2025-11-17;18;4904
17;2025-11-17;19;3387
17;2025-11-17;20;2353
17;2025-11-17;21;1450
17;2025-11-17;22;744
17;2025-11-17;23;360
17;2025-11-18;0;119
17;2025-11-18;1;12
17;2025-11-18;2;0
17;2025-11-18;3;0
17;2025-11-18;4;28
17;2025-11-18;5;330
17;2025-11-18;6;1607
17;2025-11-18;7;4265
17;2025-11-18;8;5606
17;2025-11-18;9;3967
17;2025-11-18;10;3096
17;2025-11-18;11;3068
17;2025-11-18;12;3110
17;2025-11-18;13;3172
17;2025-11-18;14;3264
17;2025-11-18;15;3391
17;2025-11-18;16;3825
17;2025-11-18;17;4682
17;2025-11-18;18;5039
17;2025-11-18;19;3480
17;2025-11-18;20;2418
17;2025-11-18;21;1490
17;2025-11-18;22;765
17;2025-11-18;23;369
17;2025-11-19;0;119
17;2025-11-19;1;12
17;2025-11-19;2;0
17;2025-11-19;3;0
17;2025-11-19;4;28
17;2025-11-19;5;330
17;2025-11-19;6;1607
17;2025-11-19;7;4265
17;2025-11-19;8;5606
17;2025-11-19;9;3967
17;2025-11-19;10;3096
17;2025-11-19;11;3068
17;2025-11-19;12;3110
17;2025-11-19;13;3172
17;2025-11-19;14;3264
17;2025-11-19;15;3391
17;2025-11-19;16;3825
17;2025-11-19;17;4682
17;2025-11-19;18;5039
17;2025-11-19;19;3480
17;2025-11-19;20;2418
17;2025-11-19;21;1490
17;2025-11-19;22;765
17;2025-11-19;23;369
17;2025-11-20;0;119
17;2025-11-20;1;12
17;2025-11-20;2;0
17;2025-11-20;3;0
17;2025-11-20;4;28
17;2025-11-20;5;330
17;2025-11-20;6;1607
17;2025-11-20;7;4265
17;2025-11-20;8;5606
17;2025-11-20;9;3967
17;2025-11-20;10;3096
17;2025-11-20;11;3068
17;2025-11-20;12;3110
17;2025-11-20;13;3172
17;2025-11-20;14;3264
17;2025-11-20;15;3391
17;2025-11-20;16;3825
17;2025-11-20;17;4682
17;2025-11-20;18;5039
17;2025-11-20;19;3480
17;2025-11-20;20;2418
17;2025-11-20;21;1490
17;2025-11-20;22;765
17;2025-11-20;23;369
17;2025-11-21;0;141
17;2025-11-21;1;16
17;2025-11-21;2;0
17;2025-11-21;3;0
17;2025-11-21;4;26
17;2025-11-21;5;309
17;2025-11-21;6;1513
17;2025-11-21;7;3986
17;2025-11-21;8;5204
17;2025-11-21;9;3723
17;2025-11-21;10;2955
17;2025-11-21;11;2970
17;2025-11-21;12;3016
17;2025-11-21;13;3084
17;2025-11-21;14;3171
17;2025-11-21;15;3509
17;2025-11-21;16;4211
17;2025-11-21;17;4657
17;2025-11-21;18;4343
17;2025-11-21;19;3171
17;2025-11-21;20;2318
17;2025-11-21;21;1563
17;2025-11-21;22;830
17;2025-11-21;23;457
17;2025-11-22;0;199
17;2025-11-22;1;27
17;2025-11-22;2;0
17;2025-11-22;3;0
17;2025-11-22;4;5
17;2025-11-22;5;135
17;2025-11-22;6;569
17;2025-11-22;7;1216
17;2025-11-22;8;1759
17;2025-11-22;9;2259
17;2025-11-22;10;2510
17;2025-11-22;11;3041
17;2025-11-22;12;3413
17;2025-11-22;13;3628
17;2025-11-22;14;3684
17;2025-11-22;15;3670
17;2025-11-22;16;3694
17;2025-11-22;17;3445
17;2025-11-22;18;3066
17;2025-11-22;19;2469
17;2025-11-22;20;1905
17;2025-11-22;21;1387
17;2025-11-22;22;877
17;2025-11-22;23;455
17;2025-11-23;0;184
17;2025-11-23;1;25
17;2025-11-23;2;0
17;2025-11-23;3;0
17;2025-11-23;4;4
17;2025-11-23;5;108
17;2025-11-23;6;445
17;2025-11-23;7;815
17;2025-11-23;8;1262
17;2025-11-23;9;1726
17;2025-11-23;10;2031
17;2025-11-23;11;2587
17;2025-11-23;12;2993
17;2025-11-23;13;3273
17;2025-11-23;14;3350
17;2025-11-23;15;3325
17;2025-11-23;16;3230
17;2025-11-23;17;3072
17;2025-11-23;18;2666
17;2025-11-23;19;2147
17;2025-11-23;20;1616
17;2025-11-23;21;1159
17;2025-11-23;22;728
17;2025-11-23;23;322
17;2025-11-24;0;116
17;2025-11-24;1;11
17;2025-11-24;2;0
17;2025-11-24;3;0
17;2025-11-24;4;27
17;2025-11-24;5;321
17;2025-11-24;6;1564
17;2025-11-24;7;4151
17;2025-11-24;8;5456
17;2025-11-24;9;3860
17;2025-11-24;10;3013
17;2025-11-24;11;2985
17;2025-11-24;12;3027
17;2025-11-24;13;3087
17;2025-11-24;14;3177
17;2025-11-24;15;3300
17;2025-11-24;16;3723
17;2025-11-24;17;4556
17;2025-11-24;18;4904
17;2025-11-24;19;3387
17;2025-11-24;20;2353
17;2025-11-24;21;1450
17;2025-11-24;22;744
17;2025-11-24;23;360
17;2025-11-25;0;119
17;2025-11-25;1;12
17;2025-11-25;2;0
17;2025-11-25;3;0
17;2025-11-25;4;28
17;2025-11-25;5;330
17;2025-11-25;6;1607
17;2025-11-25;7;4265
17;2025-11-25;8;5606
17;2025-11-25;9;3967
17;2025-11-25;10;3096
17;2025-11-25;11;3068
17;2025-11-25;12;3110
17;2025-11-25;13;3172
17;2025-11-25;14;3264
17;2025-11-25;15;3391
17;2025-11-25;16;3825
17;2025-11-25;17;4682
17;2025-11-25;18;5039
17;2025-11-25;19;3480
17;2025-11-25;20;2418
17;2025-11-25;21;1490
17;2025-11-25;22;765
17;2025-11-25;23;369
17;2025-11-26;0;119
17;2025-11-26;1;12
17;2025-11-26;2;0
17;2025-11-26;3;0
17;2025-11-26;4;28
17;2025-11-26;5;330
17;2025-11-26;6;1607
17;2025-11-26;7;4265
17;2025-11-26;8;5606
17;2025-11-26;9;3967
17;2025-11-26;10;3096
17;2025-11-26;11;3068
17;2025-11-26;12;3110
17;2025-11-26;13;3172
17;2025-11-26;14;3264
17;2025-11-26;15;3391
17;2025-11-26;16;3825
17;2025-11-26;17;4682
17;2025-11-26;18;5039
17;2025-11-26;19;3480
17;2025-11-26;20;2418
17;2025-11-26;21;1490
17;2025-11-26;22;765
17;2025-11-26;23;369
17;2025-11-27;0;119
17;2025-11-27;1;12
17;2025-11-27;2;0
17;2025-11-27;3;0
17;2025-11-27;4;28
17;2025-11-27;5;330
17;2025-11-27;6;1607
17;2025-11-27;7;4265
17;2025-11-27;8;5606
17;2025-11-27;9;3967
17;2025-11-27;10;3096
17;2025-11-27;11;3068
17;2025-11-27;12;3110
17;2025-11-27;13;3172
17;2025-11-27;14;3264
17;2025-11-27;15;3391
17;2025-11-27;16;3825
17;2025-11-27;17;4682
17;2025-11-27;18;5039
17;2025-11-27;19;3480
17;2025-11-27;20;2418
17;2025-11-27;21;1490
17;2025-11-27;22;765
17;2025-11-27;23;369
17;2025-11-28;0;141
17;2025-11-28;1;16
17;2025-11-28;2;0
17;2025-11-28;3;0
17;2025-11-28;4;26
17;2025-11-28;5;309
17;2025-11-28;6;1513
17;2025-11-28;7;3986
17;2025-11-28;8;5204
17;2025-11-28;9;3723
17;2025-11-28;10;2955
17;2025-11-28;11;2970
17;2025-11-28;12;3016
17;2025-11-28;13;3084
17;2025-11-28;14;3171
17;2025-11-28;15;3509
17;2025-11-28;16;4211
17;2025-11-28;17;4657
17;2025-11-28;18;4343
17;2025-11-28;19;3171
17;2025-11-28;20;2318
17;2025-11-28;21;1563
17;2025-11-28;22;830
17;2025-11-28;23;457
17;2025-11-29;0;199
17;2025-11-29;1;27
17;2025-11-29;2;0
17;2025-11-29;3;0
17;2025-11-29;4;5
17;2025-11-29;5;135
17;2025-11-29;6;569
17;2025-11-29;7;1216
17;2025-11-29;8;1759
17;2025-11-29;9;2259
17;2025-11-29;10;2510
17;2025-11-29;11;3041
17;2025-11-29;12;3413
17;2025-11-29;13;3628
17;2025-11-29;14;3684
17;2025-11-29;15;3670
17;2025-11-29;16;3694
17;2025-11-29;17;3445
17;2025-11-29;18;3066
17;2025-11-29;19;2469
17;2025-11-29;20;1905
17;2025-11-29;21;1387
17;2025-11-29;22;877
17;2025-11-29;23;455
17;2025-11-30;0;184
17;2025-11-30;1;25
17;2025-11-30;2;0
17;2025-11-30;3;0
17;2025-11-30;4;4
17;2025-11-30;5;108
17;2025-11-30;6;445
17;2025-11-30;7;815
17;2025-11-30;8;1262
17;2025-11-30;9;1726
17;2025-11-30;10;2031
17;2025-11-30;11;2587
17;2025-11-30;12;2993
17;2025-11-30;13;3273
17;2025-11-30;14;3350
17;2025-11-30;15;3325
17;2025-11-30;16;3230
17;2025-11-30;17;3072
17;2025-11-30;18;2666
17;2025-11-30;19;2147
17;2025-11-30;20;1616
17;2025-11-30;21;1159
17;2025-11-30;22;728
17;2025-11-30;23;322
17;2025-12-01;0;115
17;2025-12-01;1;11
17;2025-12-01;2;0
17;2025-12-01;3;0
17;2025-12-01;4;27
17;2025-12-01;5;322
17;2025-12-01;6;1566
17;2025-12-01;7;4131
17;2025-12-01;8;5453
17;2025-12-01;9;3849
17;2025-12-01;10;3002
17;2025-12-01;11;2974
17;2025-12-01;12;3019
17;2025-12-01;13;3080
17;2025-12-01;14;3165
17;2025-12-01;15;3302
17;2025-12-01;16;3721
17;2025-12-01;17;4558
17;2025-12-01;18;4929
17;2025-12-01;19;3418
17;2025-12-01;20;2364
17;2025-12-01;21;1452
17;2025-12-01;22;754
17;2025-12-01;23;358
17;2025-12-02;0;118
17;2025-12-02;1;12
17;2025-12-02;2;0
17;2025-12-02;3;0
17;2025-12-02;4;28
17;2025-12-02;5;331
17;2025-12-02;6;1609
17;2025-12-02;7;4245
17;2025-12-02;8;5604
17;2025-12-02;9;3955
17;2025-12-02;10;3085
17;2025-12-02;11;3056
17;2025-12-02;12;3102
17;2025-12-02;13;3165
17;2025-12-02;14;3253
17;2025-12-02;15;3393
17;2025-12-02;16;3824
17;2025-12-02;17;4683
17;2025-12-02;18;5064
17;2025-12-02;19;3512
17;2025-12-02;20;2429
17;2025-12-02;21;1492
17;2025-12-02;22;775
17;2025-12-02;23;368
17;2025-12-03;0;118
17;2025-12-03;1;12
17;2025-12-03;2;0
17;2025-12-03;3;0
17;2025-12-03;4;28
17;2025-12-03;5;331
17;2025-12-03;6;1609
17;2025-12-03;7;4245
17;2025-12-03;8;5604
17;2025-12-03;9;3955
17;2025-12-03;10;3085
17;2025-12-03;11;3056
17;2025-12-03;12;3102
17;2025-12-03;13;3165
17;2025-12-03;14;3253
17;2025-12-03;15;3393
17;2025-12-03;16;3824
17;2025-12-03;17;4683
17;2025-12-03;18;5064
17;2025-12-03;19;3512
17;2025-12-03;20;2429
17;2025-12-03;21;1492
17;2025-12-03;22;775
17;2025-12-03;23;368
17;2025-12-04;0;118
17;2025-12-04;1;12
17;2025-12-04;2;0
17;2025-12-04;3;0
17;2025-12-04;4;28
17;2025-12-04;5;331
17;2025-12-04;6;1609
17;2025-12-04;7;4245
17;2025-12-04;8;5604
17;2025-12-04;9;3955
17;2025-12-04;10;3085
17;2025-12-04;11;3056
17;2025-12-04;12;3102
17;2025-12-04;13;3165
17;2025-12-04;14;3253
17;2025-12-04;15;3393
17;2025-12-04;16;3824
17;2025-12-04;17;4683
17;2025-12-04;18;5064
17;2025-12-04;19;3512
17;2025-12-04;20;2429
17;2025-12-04;21;1492
17;2025-12-04;22;775
17;2025-12-04;23;368
17;2025-12-05;0;141
17;2025-12-05;1;16
17;2025-12-05;2;0
17;2025-12-05;3;0
17;2025-12-05;4;26
17;2025-12-05;5;310
17;2025-12-05;6;1512
17;2025-12-05;7;3961
17;2025-12-05;8;5203
17;2025-12-05;9;3715
17;2025-12-05;10;2950
17;2025-12-05;11;2958
17;2025-12-05;12;3020
17;2025-12-05;13;3083
17;2025-12-05;14;3175
17;2025-12-05;15;3526
17;2025-12-05;16;4224
17;2025-12-05;17;4647
17;2025-12-05;18;4357
17;2025-12-05;19;3173
17;2025-12-05;20;2316
17;2025-12-05;21;1562
17;2025-12-05;22;845
17;2025-12-05;23;454
17;2025-12-06;0;198
17;2025-12-06;1;26
17;2025-12-06;2;0
17;2025-12-06;3;0
17;2025-12-06;4;5
17;2025-12-06;5;134
17;2025-12-06;6;564
17;2025-12-06;7;1201
17;2025-12-06;8;1745
17;2025-12-06;9;2244
17;2025-12-06;10;2492
17;2025-12-06;11;3028
17;2025-12-06;12;3408
17;2025-12-06;13;3612
17;2025-12-06;14;3676
17;2025-12-06;15;3660
17;2025-12-06;16;3686
17;2025-12-06;17;3446
17;2025-12-06;18;3070
17;2025-12-06;19;2482
17;2025-12-06;20;1907
17;2025-12-06;21;1392
17;2025-12-06;22;888
17;2025-12-06;23;454
17;2025-12-07;0;181
17;2025-12-07;1;25
17;2025-12-07;2;0
17;2025-12-07;3;0
17;2025-12-07;4;4
17;2025-12-07;5;107
17;2025-12-07;6;442
17;2025-12-07;7;801
17;2025-12-07;8;1256
17;2025-12-07;9;1716
17;2025-12-07;10;2018
17;2025-12-07;11;2565
17;2025-12-07;12;2980
17;2025-12-07;13;3264
17;2025-12-07;14;3328
17;2025-12-07;15;3312
17;2025-12-07;16;3217
17;2025-12-07;17;3061
17;2025-12-07;18;2660
17;2025-12-07;19;2145
17;2025-12-07;20;1620
17;2025-12-07;21;1156
17;2025-12-07;22;729
17;2025-12-07;23;321
17;2025-12-08;0;115
17;2025-12-08;1;11
17;2025-12-08;2;0
17;2025-12-08;3;0
17;2025-12-08;4;27
17;2025-12-08;5;322
17;2025-12-08;6;1566
17;2025-12-08;7;4131
17;2025-12-08;8;5453
17;2025-12-08;9;3849
17;2025-12-08;10;3002
17;2025-12-08;11;2974
17;2025-12-08;12;3019
17;2025-12-08;13;3080
17;2025-12-08;14;3165
17;2025-12-08;15;3302
17;2025-12-08;16;3721
17;2025-12-08;17;4558
17;2025-12-08;18;4929
17;2025-12-08;19;3418
17;2025-12-08;20;2364
17;2025-12-08;21;1452
17;2025-12-08;22;754
17;2025-12-08;23;358
17;2025-12-09;0;118
17;2025-12-09;1;12
17;2025-12-09;2;0
17;2025-12-09;3;0
17;2025-12-09;4;28
17;2025-12-09;5;331
17;2025-12-09;6;1609
17;2025-12-09;7;4245
17;2025-12-09;8;5604
17;2025-12-09;9;3955
17;2025-12-09;10;3085
17;2025-12-09;11;3056
17;2025-12-09;12;3102
17;2025-12-09;13;3165
17;2025-12-09;14;3253
17;2025-12-09;15;3393
17;2025-12-09;16;3824
17;2025-12-09;17;4683
17;2025-12-09;18;5064
17;2025-12-09;19;3512
17;2025-12-09;20;2429
17;2025-12-09;21;1492
17;2025-12-09;22;775
17;2025-12-09;23;368
17;2025-12-10;0;118
17;2025-12-10;1;12
17;2025-12-10;2;0
17;2025-12-10;3;0
17;2025-12-10;4;28
17;2025-12-10;5;331
17;2025-12-10;6;1609
17;2025-12-10;7;4245
17;2025-12-10;8;5604
17;2025-12-10;9;3955
17;2025-12-10;10;3085
17;2025-12-10;11;3056
17;2025-12-10;12;3102
17;2025-12-10;13;3165
17;2025-12-10;14;3253
17;2025-12-10;15;3393
17;2025-12-10;16;3824
17;2025-12-10;17;4683
17;2025-12-10;18;5064
17;2025-12-10;19;3512
17;2025-12-10;20;2429
17;2025-12-10;21;1492
17;2025-12-10;22;775
17;2025-12-10;23;368
17;2025-12-11;0;118
17;2025-12-11;1;12
17;2025-12-11;2;0
17;2025-12-11;3;0
17;2025-12-11;4;28
17;2025-12-11;5;331
17;2025-12-11;6;1609
17;2025-12-11;7;4245
17;2025-12-11;8;5604
17;2025-12-11;9;3955
17;2025-12-11;10;3085
17;2025-12-11;11;3056
17;2025-12-11;12;3102
17;2025-12-11;13;3165
17;2025-12-11;14;3253
17;2025-12-11;15;3393
17;2025-12-11;16;3824
17;2025-12-11;17;4683
17;2025-12-11;18;5064
17;2025-12-11;19;3512
17;2025-12-11;20;2429
17;2025-12-11;21;1492
17;2025-12-11;22;775
17;2025-12-11;23;368
17;2025-12-12;0;141
17;2025-12-12;1;16
17;2025-12-12;2;0
17;2025-12-12;3;0
17;2025-12-12;4;26
17;2025-12-12;5;310
17;2025-12-12;6;1512
17;2025-12-12;7;3961
17;2025-12-12;8;5203
17;2025-12-12;9;3715
17;2025-12-12;10;2950
17;2025-12-12;11;2958
17;2025-12-12;12;3020
17;2025-12-12;13;3083
17;2025-12-12;14;3175
17;2025-12-12;15;3526
17;2025-12-12;16;4224
17;2025-12-12;17;4647
17;2025-12-12;18;4357
17;2025-12-12;19;3173
17;2025-12-12;20;2316
17;2025-12-12;21;1562
17;2025-12-12;22;845
17;2025-12-12;23;454
17;2025-12-13;0;198
17;2025-12-13;1;26
17;2025-12-13;2;0
17;2025-12-13;3;0
17;2025-12-13;4;5
17;2025-12-13;5;134
17;2025-12-13;6;564
17;2025-12-13;7;1201
17;2025-12-13;8;1745
17;2025-12-13;9;2244
17;2025-12-13;10;2492
17;2025-12-13;11;3028
17;2025-12-13;12;3408
17;2025-12-13;13;3612
17;2025-12-13;14;3676
17;2025-12-13;15;3660
17;2025-12-13;16;3686
17;2025-12-13;17;3446
17;2025-12-13;18;3070
17;2025-12-13;19;2482
17;2025-12-13;20;1907
17;2025-12-13;21;1392
17;2025-12-13;22;888
17;2025-12-13;23;454
17;2025-12-14;0;181
17;2025-12-14;1;25
17;2025-12-14;2;0
17;2025-12-14;3;0
17;2025-12-14;4;4
17;2025-12-14;5;107
17;2025-12-14;6;442
17;2025-12-14;7;801
17;2025-12-14;8;1256
17;2025-12-14;9;1716
17;2025-12-14;10;2018
17;2025-12-14;11;2565
17;2025-12-14;12;2980
17;2025-12-14;13;3264
17;2025-12-14;14;3328
17;2025-12-14;15;3312
17;2025-12-14;16;3217
17;2025-12-14;17;3061
17;2025-12-14;18;2660
17;2025-12-14;19;2145
17;2025-12-14;20;1620
17;2025-12-14;21;1156
17;2025-12-14;22;729
17;2025-12-14;23;321
17;2025-12-15;0;115
17;2025-12-15;1;11
17;2025-12-15;2;0
17;2025-12-15;3;0
17;2025-12-15;4;27
17;2025-12-15;5;322
17;2025-12-15;6;1566
17;2025-12-15;7;4131
17;2025-12-15;8;5453
17;2025-12-15;9;3849
17;2025-12-15;10;3002
17;2025-12-15;11;2974
17;2025-12-15;12;3019
17;2025-12-15;13;3080
17;2025-12-15;14;3165
17;2025-12-15;15;3302
17;2025-12-15;16;3721
17;2025-12-15;17;4558
17;2025-12-15;18;4929
17;2025-12-15;19;3418
17;2025-12-15;20;2364
17;2025-12-15;21;1452
17;2025-12-15;22;754
17;2025-12-15;23;358
17;2025-12-16;0;118
17;2025-12-16;1;12
17;2025-12-16;2;0
17;2025-12-16;3;0
17;2025-12-16;4;28
17;2025-12-16;5;331
17;2025-12-16;6;1609
17;2025-12-16;7;4245
17;2025-12-16;8;5604
17;2025-12-16;9;3955
17;2025-12-16;10;3085
17;2025-12-16;11;3056
17;2025-12-16;12;3102
17;2025-12-16;13;3165
17;2025-12-16;14;3253
17;2025-12-16;15;3393
17;2025-12-16;16;3824
17;2025-12-16;17;4683
17;2025-12-16;18;5064
17;2025-12-16;19;3512
17;2025-12-16;20;2429
17;2025-12-16;21;1492
17;2025-12-16;22;775
17;2025-12-16;23;368
17;2025-12-17;0;118
17;2025-12-17;1;12
17;2025-12-17;2;0
17;2025-12-17;3;0
17;2025-12-17;4;28
17;2025-12-17;5;331
17;2025-12-17;6;1609
17;2025-12-17;7;4245
17;2025-12-17;8;5604
17;2025-12-17;9;3955
17;2025-12-17;10;3085
17;2025-12-17;11;3056
17;2025-12-17;12;3102
17;2025-12-17;13;3165
17;2025-12-17;14;3253
17;2025-12-17;15;3393
17;2025-12-17;16;3824
17;2025-12-17;17;4683
17;2025-12-17;18;5064
17;2025-12-17;19;3512
17;2025-12-17;20;2429
17;2025-12-17;21;1492
17;2025-12-17;22;775
17;2025-12-17;23;368
17;2025-12-18;0;118
17;2025-12-18;1;12
17;2025-12-18;2;0
17;2025-12-18;3;0
17;2025-12-18;4;28
17;2025-12-18;5;331
17;2025-12-18;6;1609
17;2025-12-18;7;4245
17;2025-12-18;8;5604
17;2025-12-18;9;3955
17;2025-12-18;10;3085
17;2025-12-18;11;3056
17;2025-12-18;12;3102
17;2025-12-18;13;3165
17;2025-12-18;14;3253
17;2025-12-18;15;3393
17;2025-12-18;16;3824
17;2025-12-18;17;4683
17;2025-12-18;18;5064
17;2025-12-18;19;3512
17;2025-12-18;20;2429
17;2025-12-18;21;1492
17;2025-12-18;22;775
17;2025-12-18;23;368
17;2025-12-19;0;141
17;2025-12-19;1;16
17;2025-12-19;2;0
17;2025-12-19;3;0
17;2025-12-19;4;26
17;2025-12-19;5;310
17;2025-12-19;6;1512
17;2025-12-19;7;3961
17;2025-12-19;8;5203
17;2025-12-19;9;3715
17;2025-12-19;10;2950
17;2025-12-19;11;2958
17;2025-12-19;12;3020
17;2025-12-19;13;3083
17;2025-12-19;14;3175
17;2025-12-19;15;3526
17;2025-12-19;16;4224
17;2025-12-19;17;4647
17;2025-12-19;18;4357
17;2025-12-19;19;3173
17;2025-12-19;20;2316
17;2025-12-19;21;1562
17;2025-12-19;22;845
17;2025-12-19;23;454
17;2025-12-20;0;198
17;2025-12-20;1;26
17;2025-12-20;2;0
17;2025-12-20;3;0
17;2025-12-20;4;5
17;2025-12-20;5;134
17;2025-12-20;6;564
17;2025-12-20;7;1201
17;2025-12-20;8;1745
17;2025-12-20;9;2244
17;2025-12-20;10;2492
17;2025-12-20;11;3028
17;2025-12-20;12;3408
17;2025-12-20;13;3612
17;2025-12-20;14;3676
17;2025-12-20;15;3660
17;2025-12-20;16;3686
17;2025-12-20;17;3446
17;2025-12-20;18;3070
17;2025-12-20;19;2482
17;2025-12-20;20;1907
17;2025-12-20;21;1392
17;2025-12-20;22;888
17;2025-12-20;23;454
17;2025-12-21;0;181
17;2025-12-21;1;25
17;2025-12-21;2;0
17;2025-12-21;3;0
17;2025-12-21;4;4
17;2025-12-21;5;107
17;2025-12-21;6;442
17;2025-12-21;7;801
17;2025-12-21;8;1256
17;2025-12-21;9;1716
17;2025-12-21;10;2018
17;2025-12-21;11;2565
17;2025-12-21;12;2980
17;2025-12-21;13;3264
17;2025-12-21;14;3328
17;2025-12-21;15;3312
17;2025-12-21;16;3217
17;2025-12-21;17;3061
17;2025-12-21;18;2660
17;2025-12-21;19;2145
17;2025-12-21;20;1620
17;2025-12-21;21;1156
17;2025-12-21;22;729
17;2025-12-21;23;321
17;2025-12-22;0;115
17;2025-12-22;1;11
17;2025-12-22;2;0
17;2025-12-22;3;0
17;2025-12-22;4;27
17;2025-12-22;5;322
17;2025-12-22;6;1566
17;2025-12-22;7;4131
17;2025-12-22;8;5453
17;2025-12-22;9;3849
17;2025-12-22;10;3002
17;2025-12-22;11;2974
17;2025-12-22;12;3019
17;2025-12-22;13;3080
17;2025-12-22;14;3165
17;2025-12-22;15;3302
17;2025-12-22;16;3721
17;2025-12-22;17;4558
17;2025-12-22;18;4929
17;2025-12-22;19;3418
17;2025-12-22;20;2364
17;2025-12-22;21;1452
17;2025-12-22;22;754
17;2025-12-22;23;358
17;2025-12-23;0;118
17;2025-12-23;1;12
17;2025-12-23;2;0
17;2025-12-23;3;0
17;2025-12-23;4;28
17;2025-12-23;5;331
17;2025-12-23;6;1609
17;2025-12-23;7;4245
17;2025-12-23;8;5604
17;2025-12-23;9;3955
17;2025-12-23;10;3085
17;2025-12-23;11;3056
17;2025-12-23;12;3102
17;2025-12-23;13;3165
17;2025-12-23;14;3253
17;2025-12-23;15;3393
17;2025-12-23;16;3824
17;2025-12-23;17;4683
17;2025-12-23;18;5064
17;2025-12-23;19;3512
17;2025-12-23;20;2429
17;2025-12-23;21;1492
17;2025-12-23;22;775
17;2025-12-23;23;368
17;2025-12-24;0;118
17;2025-12-24;1;12
17;2025-12-24;2;0
17;2025-12-24;3;0
17;2025-12-24;4;28
17;2025-12-24;5;331
17;2025-12-24;6;1609
17;2025-12-24;7;4245
17;2025-12-24;8;5604
17;2025-12-24;9;3955
17;2025-12-24;10;3085
17;2025-12-24;11;3056
17;2025-12-24;12;3102
17;2025-12-24;13;3165
17;2025-12-24;14;3253
17;2025-12-24;15;3393
17;2025-12-24;16;3824
17;2025-12-24;17;4683
17;2025-12-24;18;5064
17;2025-12-24;19;3512
17;2025-12-24;20;2429
17;2025-12-24;21;1492
17;2025-12-24;22;775
17;2025-12-24;23;368
17;2025-12-25;0;118
17;2025-12-25;1;12
17;2025-12-25;2;0
17;2025-12-25;3;0
17;2025-12-25;4;28
17;2025-12-25;5;331
17;2025-12-25;6;1609
17;2025-12-25;7;4245
17;2025-12-25;8;5604
17;2025-12-25;9;3955
17;2025-12-25;10;3085
17;2025-12-25;11;3056
17;2025-12-25;12;3102
17;2025-12-25;13;3165
17;2025-12-25;14;3253
17;2025-12-25;15;3393
17;2025-12-25;16;3824
17;2025-12-25;17;4683
17;2025-12-25;18;5064
17;2025-12-25;19;3512
17;2025-12-25;20;2429
17;2025-12-25;21;1492
17;2025-12-25;22;775
17;2025-12-25;23;368
17;2025-12-26;0;141
17;2025-12-26;1;16
17;2025-12-26;2;0
17;2025-12-26;3;0
17;2025-12-26;4;26
17;2025-12-26;5;310
17;2025-12-26;6;1512
17;2025-12-26;7;3961
17;2025-12-26;8;5203
17;2025-12-26;9;3715
17;2025-12-26;10;2950
17;2025-12-26;11;2958
17;2025-12-26;12;3020
17;2025-12-26;13;3083
17;2025-12-26;14;3175
17;2025-12-26;15;3526
17;2025-12-26;16;4224
17;2025-12-26;17;4647
17;2025-12-26;18;4357
17;2025-12-26;19;3173
17;2025-12-26;20;2316
17;2025-12-26;21;1562
17;2025-12-26;22;845
17;2025-12-26;23;454
17;2025-12-27;0;198
17;2025-12-27;1;26
17;2025-12-27;2;0
17;2025-12-27;3;0
17;2025-12-27;4;5
17;2025-12-27;5;134
17;2025-12-27;6;564
17;2025-12-27;7;1201
17;2025-12-27;8;1745
17;2025-12-27;9;2244
17;2025-12-27;10;2492
17;2025-12-27;11;3028
17;2025-12-27;12;3408
17;2025-12-27;13;3612
17;2025-12-27;14;3676
17;2025-12-27;15;3660
17;2025-12-27;16;3686
17;2025-12-27;17;3446
17;2025-12-27;18;3070
17;2025-12-27;19;2482
17;2025-12-27;20;1907
17;2025-12-27;21;1392
17;2025-12-27;22;888
17;2025-12-27;23;454
17;2025-12-28;0;181
17;2025-12-28;1;25
17;2025-12-28;2;0
17;2025-12-28;3;0
17;2025-12-28;4;4
17;2025-12-28;5;107
17;2025-12-28;6;442
17;2025-12-28;7;801
17;2025-12-28;8;1256
17;2025-12-28;9;1716
17;2025-12-28;10;2018
17;2025-12-28;11;2565
17;2025-12-28;12;2980
17;2025-12-28;13;3264
17;2025-12-28;14;3328
17;2025-12-28;15;3312
17;2025-12-28;16;3217
17;2025-12-28;17;3061
17;2025-12-28;18;2660
17;2025-12-28;19;2145
17;2025-12-28;20;1620
17;2025-12-28;21;1156
17;2025-12-28;22;729
17;2025-12-28;23;321
17;2025-12-29;0;104
17;2025-12-29;1;10
17;2025-12-29;2;0
17;2025-12-29;3;0
17;2025-12-29;4;25
17;2025-12-29;5;290
17;2025-12-29;6;1409
17;2025-12-29;7;3718
17;2025-12-29;8;4908
17;2025-12-29;9;3464
17;2025-12-29;10;2702
17;2025-12-29;11;2677
17;2025-12-29;12;2717
17;2025-12-29;13;2772
17;2025-12-29;14;2849
17;2025-12-29;15;2972
17;2025-12-29;16;3349
17;2025-12-29;17;4102
17;2025-12-29;18;4436
17;2025-12-29;19;3076
17;2025-12-29;20;2127
17;2025-12-29;21;1306
17;2025-12-29;22;679
17;2025-12-29;23;323
17;2025-12-30;0;101
17;2025-12-30;1;10
17;2025-12-30;2;0
17;2025-12-30;3;0
17;2025-12-30;4;24
17;2025-12-30;5;282
17;2025-12-30;6;1368
17;2025-12-30;7;3608
17;2025-12-30;8;4763
17;2025-12-30;9;3362
17;2025-12-30;10;2622
17;2025-12-30;11;2598
17;2025-12-30;12;2637
17;2025-12-30;13;2690
17;2025-12-30;14;2765
17;2025-12-30;15;2884
17;2025-12-30;16;3250
17;2025-12-30;17;3981
17;2025-12-30;18;4305
17;2025-12-30;19;2985
17;2025-12-30;20;2064
17;2025-12-30;21;1268
17;2025-12-30;22;659
17;2025-12-30;23;313
17;2025-12-31;0;198
17;2025-12-31;1;26
17;2025-12-31;2;0
17;2025-12-31;3;0
17;2025-12-31;4;5
17;2025-12-31;5;134
17;2025-12-31;6;564
17;2025-12-31;7;1201
17;2025-12-31;8;1745
17;2025-12-31;9;2244
17;2025-12-31;10;2492
17;2025-12-31;11;3028
17;2025-12-31;12;3408
17;2025-12-31;13;3612
17;2025-12-31;14;3676
17;2025-12-31;15;3660
17;2025-12-31;16;3686
17;2025-12-31;17;3446
17;2025-12-31;18;3070
17;2025-12-31;19;2482
17;2025-12-31;20;1907
17;2025-12-31;21;1392
17;2025-12-31;22;888
17;2025-12-31;23;454
25;2025-11-01;0;0
25;2025-11-01;1;0
25;2025-11-01;2;0
25;2025-11-01;3;0
25;2025-11-01;4;0
25;2025-11-01;5;7
25;2025-11-01;6;171
25;2025-11-01;7;449
25;2025-11-01;8;712
25;2025-11-01;9;356
25;2025-11-01;10;311
25;2025-11-01;11;339
25;2025-11-01;12;340
25;2025-11-01;13;422
25;2025-11-01;14;387
25;2025-11-01;15;495
25;2025-11-01;16;654
25;2025-11-01;17;653
25;2025-11-01;18;553
25;2025-11-01;19;437
25;2025-11-01;20;265
25;2025-11-01;21;174
25;2025-11-01;22;109
25;2025-11-01;23;11
25;2025-11-02;0;18
25;2025-11-02;1;0
25;2025-11-02;2;0
25;2025-11-02;3;0
25;2025-11-02;4;0
25;2025-11-02;5;6
25;2025-11-02;6;84
25;2025-11-02;7;106
25;2025-11-02;8;207
25;2025-11-02;9;234
25;2025-11-02;10;238
25;2025-11-02;11;332
25;2025-11-02;12;389
25;2025-11-02;13;498
25;2025-11-02;14;557
25;2025-11-02;15;638
25;2025-11-02;16;558
25;2025-11-02;17;529
25;2025-11-02;18;438
25;2025-11-02;19;334
25;2025-11-02;20;235
25;2025-11-02;21;187
25;2025-11-02;22;109
25;2025-11-02;23;41
25;2025-11-03;0;10
25;2025-11-03;1;0
25;2025-11-03;2;0
25;2025-11-03;3;0
25;2025-11-03;4;0
25;2025-11-03;5;7
25;2025-11-03;6;79
25;2025-11-03;7;108
25;2025-11-03;8;225
25;2025-11-03;9;225
25;2025-11-03;10;233
25;2025-11-03;11;315
25;2025-11-03;12;358
25;2025-11-03;13;485
25;2025-11-03;14;515
25;2025-11-03;15;596
25;2025-11-03;16;537
25;2025-11-03;17;476
25;2025-11-03;18;407
25;2025-11-03;19;332
25;2025-11-03;20;218
25;2025-11-03;21;175
25;2025-11-03;22;107
25;2025-11-03;23;42
25;2025-11-04;0;10
25;2025-11-04;1;0
25;2025-11-04;2;0
25;2025-11-04;3;0
25;2025-11-04;4;0
25;2025-11-04;5;7
25;2025-11-04;6;79
25;2025-11-04;7;108
25;2025-11-04;8;225
25;2025-11-04;9;225
25;2025-11-04;10;233
25;2025-11-04;11;315
25;2025-11-04;12;358
25;2025-11-04;13;485
25;2025-11-04;14;515
25;2025-11-04;15;596
25;2025-11-04;16;537
25;2025-11-04;17;476
25;2025-11-04;18;407
25;2025-11-04;19;332
25;2025-11-04;20;218
25;2025-11-04;21;175
25;2025-11-04;22;107
25;2025-11-04;23;42
25;2025-11-05;0;4
25;2025-11-05;1;0
25;2025-11-05;2;0
25;2025-11-05;3;0
25;2025-11-05;4;0
25;2025-11-05;5;12
25;2025-11-05;6;235
25;2025-11-05;7;608
25;2025-11-05;8;1015
25;2025-11-05;9;526
25;2025-11-05;10;403
25;2025-11-05;11;456
25;2025-11-05;12;448
25;2025-11-05;13;559
25;2025-11-05;14;488
25;2025-11-05;15;579
25;2025-11-05;16;759
25;2025-11-05;17;851
25;2025-11-05;18;887
25;2025-11-05;19;600
25;2025-11-05;20;341
25;2025-11-05;21;226
25;2025-11-05;22;123
25;2025-11-05;23;10
25;2025-11-06;0;4
25;2025-11-06;1;0
25;2025-11-06;2;0
25;2025-11-06;3;0
25;2025-11-06;4;0
25;2025-11-06;5;12
25;2025-11-06;6;235
25;2025-11-06;7;608
25;2025-11-06;8;1015
25;2025-11-06;9;526
25;2025-11-06;10;403
25;2025-11-06;11;456
25;2025-11-06;12;448
25;2025-11-06;13;559
25;2025-11-06;14;488
25;2025-11-06;15;579
25;2025-11-06;16;759
25;2025-11-06;17;851
25;2025-11-06;18;887
25;2025-11-06;19;600
25;2025-11-06;20;341
25;2025-11-06;21;226
25;2025-11-06;22;123
25;2025-11-06;23;10
25;2025-11-07;0;1
25;2025-11-07;1;0
25;2025-11-07;2;0
25;2025-11-07;3;0
25;2025-11-07;4;0
25;2025-11-07;5;9
25;2025-11-07;6;221
25;2025-11-07;7;578
25;2025-11-07;8;917
25;2025-11-07;9;458
25;2025-11-07;10;401
25;2025-11-07;11;436
25;2025-11-07;12;438
25;2025-11-07;13;544
25;2025-11-07;14;499
25;2025-11-07;15;638
25;2025-11-07;16;843
25;2025-11-07;17;841
25;2025-11-07;18;712
25;2025-11-07;19;563
25;2025-11-07;20;342
25;2025-11-07;21;224
25;2025-11-07;22;141
25;2025-11-07;23;14
25;2025-11-08;0;5
25;2025-11-08;1;0
25;2025-11-08;2;0
25;2025-11-08;3;0
25;2025-11-08;4;0
25;2025-11-08;5;10
25;2025-11-08;6;96
25;2025-11-08;7;140
25;2025-11-08;8;311
25;2025-11-08;9;279
25;2025-11-08;10;295
25;2025-11-08;11;386
25;2025-11-08;12;423
25;2025-11-08;13;607
25;2025-11-08;14;614
25;2025-11-08;15;717
25;2025-11-08;16;666
25;2025-11-08;17;549
25;2025-11-08;18;487
25;2025-11-08;19;425
25;2025-11-08;20;261
25;2025-11-08;21;211
25;2025-11-08;22;134
25;2025-11-08;23;55
25;2025-11-09;0;18
25;2025-11-09;1;0
25;2025-11-09;2;0
25;2025-11-09;3;0
25;2025-11-09;4;0
25;2025-11-09;5;6
25;2025-11-09;6;84
25;2025-11-09;7;106
25;2025-11-09;8;207
25;2025-11-09;9;234
25;2025-11-09;10;238
25;2025-11-09;11;332
25;2025-11-09;12;389
25;2025-11-09;13;498
25;2025-11-09;14;557
25;2025-11-09;15;638
25;2025-11-09;16;558
25;2025-11-09;17;529
25;2025-11-09;18;438
25;2025-11-09;19;334
25;2025-11-09;20;235
25;2025-11-09;21;187
25;2025-11-09;22;109
25;2025-11-09;23;41
25;2025-11-10;0;4
25;2025-11-10;1;0
25;2025-11-10;2;0
25;2025-11-10;3;0
25;2025-11-10;4;0
25;2025-11-10;5;12
25;2025-11-10;6;229
25;2025-11-10;7;591
25;2025-11-10;8;988
25;2025-11-10;9;512
25;2025-11-10;10;392
25;2025-11-10;11;444
25;2025-11-10;12;436
25;2025-11-10;13;544
25;2025-11-10;14;475
25;2025-11-10;15;564
25;2025-11-10;16;738
25;2025-11-10;17;828
25;2025-11-10;18;863
25;2025-11-10;19;583
25;2025-11-10;20;332
25;2025-11-10;21;220
25;2025-11-10;22;120
25;2025-11-10;23;9
25;2025-11-11;0;4
25;2025-11-11;1;0
25;2025-11-11;2;0
25;2025-11-11;3;0
25;2025-11-11;4;0
25;2025-11-11;5;12
25;2025-11-11;6;235
25;2025-11-11;7;608
25;2025-11-11;8;1015
25;2025-11-11;9;526
25;2025-11-11;10;403
25;2025-11-11;11;456
25;2025-11-11;12;448
25;2025-11-11;13;559
25;2025-11-11;14;488
25;2025-11-11;15;579
25;2025-11-11;16;759
25;2025-11-11;17;851
25;2025-11-11;18;887
25;2025-11-11;19;600
25;2025-11-11;20;341
25;2025-11-11;21;226
25;2025-11-11;22;123
25;2025-11-11;23;10
25;2025-11-12;0;4
25;2025-11-12;1;0
25;2025-11-12;2;0
25;2025-11-12;3;0
25;2025-11-12;4;0
25;2025-11-12;5;12
25;2025-11-12;6;235
25;2025-11-12;7;608
25;2025-11-12;8;1015
25;2025-11-12;9;526
25;2025-11-12;10;403
25;2025-11-12;11;456
25;2025-11-12;12;448
25;2025-11-12;13;559
25;2025-11-12;14;488
25;2025-11-12;15;579
25;2025-11-12;16;759
25;2025-11-12;17;851
25;2025-11-12;18;887
25;2025-11-12;19;600
25;2025-11-12;20;341
25;2025-11-12;21;226
25;2025-11-12;22;123
25;2025-11-12;23;10
25;2025-11-13;0;4
25;2025-11-13;1;0
25;2025-11-13;2;0
25;2025-11-13;3;0
25;2025-11-13;4;0
25;2025-11-13;5;12
25;2025-11-13;6;235
25;2025-11-13;7;608
25;2025-11-13;8;1015
25;2025-11-13;9;526
25;2025-11-13;10;403
25;2025-11-13;11;456
25;2025-11-13;12;448
25;2025-11-13;13;559
25;2025-11-13;14;488
25;2025-11-13;15;579
25;2025-11-13;16;759
25;2025-11-13;17;851
25;2025-11-13;18;887
25;2025-11-13;19;600
25;2025-11-13;20;341
25;2025-11-13;21;226
25;2025-11-13;22;123
25;2025-11-13;23;10
25;2025-11-14;0;1
25;2025-11-14;1;0
25;2025-11-14;2;0
25;2025-11-14;3;0
25;2025-11-14;4;0
25;2025-11-14;5;9
25;2025-11-14;6;221
25;2025-11-14;7;578
25;2025-11-14;8;917
25;2025-11-14;9;458
25;2025-11-14;10;401
25;2025-11-14;11;436
25;2025-11-14;12;438
25;2025-11-14;13;544
25;2025-11-14;14;499
25;2025-11-14;15;638
25;2025-11-14;16;843
25;2025-11-14;17;841
25;2025-11-14;18;712
25;2025-11-14;19;563
25;2025-11-14;20;342
25;2025-11-14;21;224
25;2025-11-14;22;141
25;2025-11-14;23;14
25;2025-11-15;0;5
25;2025-11-15;1;0
25;2025-11-15;2;0
25;2025-11-15;3;0
25;2025-11-15;4;0
25;2025-11-15;5;10
25;2025-11-15;6;96
25;2025-11-15;7;140
25;2025-11-15;8;311
25;2025-11-15;9;279
25;2025-11-15;10;295
25;2025-11-15;11;386
25;2025-11-15;12;423
25;2025-11-15;13;607
25;2025-11-15;14;614
25;2025-11-15;15;717
25;2025-11-15;16;666
25;2025-11-15;17;549
25;2025-11-15;18;487
25;2025-11-15;19;425
25;2025-11-15;20;261
25;2025-11-15;21;211
25;2025-11-15;22;134
25;2025-11-15;23;55
25;2025-11-16;0;18
25;2025-11-16;1;0
25;2025-11-16;2;0
25;2025-11-16;3;0
25;2025-11-16;4;0
25;2025-11-16;5;6
25;2025-11-16;6;84
25;2025-11-16;7;106
25;2025-11-16;8;207
25;2025-11-16;9;234
25;2025-11-16;10;238
25;2025-11-16;11;332
25;2025-11-16;12;389
25;2025-11-16;13;498
25;2025-11-16;14;557
25;2025-11-16;15;638
25;2025-11-16;16;558
25;2025-11-16;17;529
25;2025-11-16;18;438
25;2025-11-16;19;334
25;2025-11-16;20;235
25;2025-11-16;21;187
25;2025-11-16;22;109
25;2025-11-16;23;41
25;2025-11-17;0;4
25;2025-11-17;1;0
25;2025-11-17;2;0
25;2025-11-17;3;0
25;2025-11-17;4;0
25;2025-11-17;5;12
25;2025-11-17;6;229
25;2025-11-17;7;591
25;2025-11-17;8;988
25;2025-11-17;9;512
25;2025-11-17;10;392
25;2025-11-17;11;444
25;2025-11-17;12;436
25;2025-11-17;13;544
25;2025-11-17;14;475
25;2025-11-17;15;564
25;2025-11-17;16;738
25;2025-11-17;17;828
25;2025-11-17;18;863
25;2025-11-17;19;583
25;2025-11-17;20;332
25;2025-11-17;21;220
25;2025-11-17;22;120
25;2025-11-17;23;9
25;2025-11-18;0;4
25;2025-11-18;1;0
25;2025-11-18;2;0
25;2025-11-18;3;0
25;2025-11-18;4;0
25;2025-11-18;5;12
25;2025-11-18;6;235
25;2025-11-18;7;608
25;2025-11-18;8;1015
25;2025-11-18;9;526
25;2025-11-18;10;403
25;2025-11-18;11;456
25;2025-11-18;12;448
25;2025-11-18;13;559
25;2025-11-18;14;488
25;2025-11-18;15;579
25;2025-11-18;16;759
25;2025-11-18;17;851
25;2025-11-18;18;887
25;2025-11-18;19;600
25;2025-11-18;20;341
25;2025-11-18;21;226
25;2025-11-18;22;123
25;2025-11-18;23;10
25;2025-11-19;0;4
25;2025-11-19;1;0
25;2025-11-19;2;0
25;2025-11-19;3;0
25;2025-11-19;4;0
25;2025-11-19;5;12
25;2025-11-19;6;235
25;2025-11-19;7;608
25;2025-11-19;8;1015
25;2025-11-19;9;526
25;2025-11-19;10;403
25;2025-11-19;11;456
25;2025-11-19;12;448
25;2025-11-19;13;559
25;2025-11-19;14;488
25;2025-11-19;15;579
25;2025-11-19;16;759
25;2025-11-19;17;851
25;2025-11-19;18;887
25;2025-11-19;19;600
25;2025-11-19;20;341
25;2025-11-19;21;226
25;2025-11-19;22;123
25;2025-11-19;23;10
25;2025-11-20;0;4
25;2025-11-20;1;0
25;2025-11-20;2;0
25;2025-11-20;3;0
25;2025-11-20;4;0
25;2025-11-20;5;12
25;2025-11-20;6;235
25;2025-11-20;7;608
25;2025-11-20;8;1015
25;2025-11-20;9;526
25;2025-11-20;10;403
25;2025-11-20;11;456
25;2025-11-20;12;448
25;2025-11-20;13;559
25;2025-11-20;14;488
25;2025-11-20;15;579
25;2025-11-20;16;759
25;2025-11-20;17;851
25;2025-11-20;18;887
25;2025-11-20;19;600
25;2025-11-20;20;341
25;2025-11-20;21;226
25;2025-11-20;22;123
25;2025-11-20;23;10
25;2025-11-21;0;1
25;2025-11-21;1;0
25;2025-11-21;2;0
25;2025-11-21;3;0
25;2025-11-21;4;0
25;2025-11-21;5;9
25;2025-11-21;6;221
25;2025-11-21;7;578
25;2025-11-21;8;917
25;2025-11-21;9;458
25;2025-11-21;10;401
25;2025-11-21;11;436
25;2025-11-21;12;438
25;2025-11-21;13;544
25;2025-11-21;14;499
25;2025-11-21;15;638
25;2025-11-21;16;843
25;2025-11-21;17;841
25;2025-11-21;18;712
25;2025-11-21;19;563
25;2025-11-21;20;342
25;2025-11-21;21;224
25;2025-11-21;22;141
25;2025-11-21;23;14
25;2025-11-22;0;5
25;2025-11-22;1;0
25;2025-11-22;2;0
25;2025-11-22;3;0
25;2025-11-22;4;0
25;2025-11-22;5;10
25;2025-11-22;6;96
25;2025-11-22;7;140
25;2025-11-22;8;311
25;2025-11-22;9;279
25;2025-11-22;10;295
25;2025-11-22;11;386
25;2025-11-22;12;423
25;2025-11-22;13;607
25;2025-11-22;14;614
25;2025-11-22;15;717
25;2025-11-22;16;666
25;2025-11-22;17;549
25;2025-11-22;18;487
25;2025-11-22;19;425
25;2025-11-22;20;261
25;2025-11-22;21;211
25;2025-11-22;22;134
25;2025-11-22;23;55
25;2025-11-23;0;18
25;2025-11-23;1;0
25;2025-11-23;2;0
25;2025-11-23;3;0
25;2025-11-23;4;0
25;2025-11-23;5;6
25;2025-11-23;6;84
25;2025-11-23;7;106
25;2025-11-23;8;207
25;2025-11-23;9;234
25;2025-11-23;10;238
25;2025-11-23;11;332
25;2025-11-23;12;389
25;2025-11-23;13;498
25;2025-11-23;14;557
25;2025-11-23;15;638
25;2025-11-23;16;558
25;2025-11-23;17;529
25;2025-11-23;18;438
25;2025-11-23;19;334
25;2025-11-23;20;235
25;2025-11-23;21;187
25;2025-11-23;22;109
25;2025-11-23;23;41
25;2025-11-24;0;4
25;2025-11-24;1;0
25;2025-11-24;2;0
25;2025-11-24;3;0
25;2025-11-24;4;0
25;2025-11-24;5;12
25;2025-11-24;6;229
25;2025-11-24;7;591
25;2025-11-24;8;988
25;2025-11-24;9;512
25;2025-11-24;10;392
25;2025-11-24;11;444
25;2025-11-24;12;436
25;2025-11-24;13;544
25;2025-11-24;14;475
25;2025-11-24;15;564
25;2025-11-24;16;738
25;2025-11-24;17;828
25;2025-11-24;18;863
25;2025-11-24;19;583
25;2025-11-24;20;332
25;2025-11-24;21;220
25;2025-11-24;22;120
25;2025-11-24;23;9
25;2025-11-25;0;4
25;2025-11-25;1;0
25;2025-11-25;2;0
25;2025-11-25;3;0
25;2025-11-25;4;0
25;2025-11-25;5;12
25;2025-11-25;6;235
25;2025-11-25;7;608
25;2025-11-25;8;1015
25;2025-11-25;9;526
25;2025-11-25;10;403
25;2025-11-25;11;456
25;2025-11-25;12;448
25;2025-11-25;13;559
25;2025-11-25;14;488
25;2025-11-25;15;579
25;2025-11-25;16;759
25;2025-11-25;17;851
25;2025-11-25;18;887
25;2025-11-25;19;600
25;2025-11-25;20;341
25;2025-11-25;21;226
25;2025-11-25;22;123
25;2025-11-25;23;10
25;2025-11-26;0;4
25;2025-11-26;1;0
25;2025-11-26;2;0
25;2025-11-26;3;0
25;2025-11-26;4;0
25;2025-11-26;5;12
25;2025-11-26;6;235
25;2025-11-26;7;608
25;2025-11-26;8;1015
25;2025-11-26;9;526
25;2025-11-26;10;403
25;2025-11-26;11;456
25;2025-11-26;12;448
25;2025-11-26;13;559
25;2025-11-26;14;488
25;2025-11-26;15;579
25;2025-11-26;16;759
25;2025-11-26;17;851
25;2025-11-26;18;887
25;2025-11-26;19;600
25;2025-11-26;20;341
25;2025-11-26;21;226
25;2025-11-26;22;123
25;2025-11-26;23;10
25;2025-11-27;0;4
25;2025-11-27;1;0
25;2025-11-27;2;0
25;2025-11-27;3;0
25;2025-11-27;4;0
25;2025-11-27;5;12
25;2025-11-27;6;235
25;2025-11-27;7;608
25;2025-11-27;8;1015
25;2025-11-27;9;526
25;2025-11-27;10;403
25;2025-11-27;11;456
25;2025-11-27;12;448
25;2025-11-27;13;559
25;2025-11-27;14;488
25;2025-11-27;15;579
25;2025-11-27;16;759
25;2025-11-27;17;851
25;2025-11-27;18;887
25;2025-11-27;19;600
25;2025-11-27;20;341
25;2025-11-27;21;226
25;2025-11-27;22;123
25;2025-11-27;23;10
25;2025-11-28;0;1
25;2025-11-28;1;0
25;2025-11-28;2;0
25;2025-11-28;3;0
25;2025-11-28;4;0
25;2025-11-28;5;9
25;2025-11-28;6;221
25;2025-11-28;7;578
25;2025-11-28;8;917
25;2025-11-28;9;458
25;2025-11-28;10;401
25;2025-11-28;11;436
25;2025-11-28;12;438
25;2025-11-28;13;544
25;2025-11-28;14;499
25;2025-11-28;15;638
25;2025-11-28;16;843
25;2025-11-28;17;841
25;2025-11-28;18;712
25;2025-11-28;19;563
25;2025-11-28;20;342
25;2025-11-28;21;224
25;2025-11-28;22;141
25;2025-11-28;23;14
25;2025-11-29;0;5
25;2025-11-29;1;0
25;2025-11-29;2;0
25;2025-11-29;3;0
25;2025-11-29;4;0
25;2025-11-29;5;10
25;2025-11-29;6;96
25;2025-11-29;7;140
25;2025-11-29;8;311
25;2025-11-29;9;279
25;2025-11-29;10;295
25;2025-11-29;11;386
25;2025-11-29;12;423
25;2025-11-29;13;607
25;2025-11-29;14;614
25;2025-11-29;15;717
25;2025-11-29;16;666
25;2025-11-29;17;549
25;2025-11-29;18;487
25;2025-11-29;19;425
25;2025-11-29;20;261
25;2025-11-29;21;211
25;2025-11-29;22;134
25;2025-11-29;23;55
25;2025-11-30;0;18
25;2025-11-30;1;0
25;2025-11-30;2;0
25;2025-11-30;3;0
25;2025-11-30;4;0
25;2025-11-30;5;6
25;2025-11-30;6;84
25;2025-11-30;7;106
25;2025-11-30;8;207
25;2025-11-30;9;234
25;2025-11-30;10;238
25;2025-11-30;11;332
25;2025-11-30;12;389
25;2025-11-30;13;498
25;2025-11-30;14;557
25;2025-11-30;15;638
25;2025-11-30;16;558
25;2025-11-30;17;529
25;2025-11-30;18;438
25;2025-11-30;19;334
25;2025-11-30;20;235
25;2025-11-30;21;187
25;2025-11-30;22;109
25;2025-11-30;23;41
25;2025-12-01;0;4
25;2025-12-01;1;0
25;2025-12-01;2;0
25;2025-12-01;3;0
25;2025-12-01;4;0
25;2025-12-01;5;10
25;2025-12-01;6;220
25;2025-12-01;7;599
25;2025-12-01;8;995
25;2025-12-01;9;515
25;2025-12-01;10;391
25;2025-12-01;11;441
25;2025-12-01;12;433
25;2025-12-01;13;539
25;2025-12-01;14;474
25;2025-12-01;15;559
25;2025-12-01;16;744
25;2025-12-01;17;830
25;2025-12-01;18;873
25;2025-12-01;19;573
25;2025-12-01;20;332
25;2025-12-01;21;217
25;2025-12-01;22;126
25;2025-12-01;23;10
25;2025-12-02;0;4
25;2025-12-02;1;0
25;2025-12-02;2;0
25;2025-12-02;3;0
25;2025-12-02;4;0
25;2025-12-02;5;10
25;2025-12-02;6;226
25;2025-12-02;7;616
25;2025-12-02;8;1022
25;2025-12-02;9;529
25;2025-12-02;10;402
25;2025-12-02;11;453
25;2025-12-02;12;445
25;2025-12-02;13;554
25;2025-12-02;14;487
25;2025-12-02;15;575
25;2025-12-02;16;765
25;2025-12-02;17;853
25;2025-12-02;18;897
25;2025-12-02;19;589
25;2025-12-02;20;341
25;2025-12-02;21;223
25;2025-12-02;22;129
25;2025-12-02;23;10
25;2025-12-03;0;4
25;2025-12-03;1;0
25;2025-12-03;2;0
25;2025-12-03;3;0
25;2025-12-03;4;0
25;2025-12-03;5;10
25;2025-12-03;6;226
25;2025-12-03;7;616
25;2025-12-03;8;1022
25;2025-12-03;9;529
25;2025-12-03;10;402
25;2025-12-03;11;453
25;2025-12-03;12;445
25;2025-12-03;13;554
25;2025-12-03;14;487
25;2025-12-03;15;575
25;2025-12-03;16;765
25;2025-12-03;17;853
25;2025-12-03;18;897
25;2025-12-03;19;589
25;2025-12-03;20;341
25;2025-12-03;21;223
25;2025-12-03;22;129
25;2025-12-03;23;10
25;2025-12-04;0;4
25;2025-12-04;1;0
25;2025-12-04;2;0
25;2025-12-04;3;0
25;2025-12-04;4;0
25;2025-12-04;5;10
25;2025-12-04;6;226
25;2025-12-04;7;616
25;2025-12-04;8;1022
25;2025-12-04;9;529
25;2025-12-04;10;402
25;2025-12-04;11;453
25;2025-12-04;12;445
25;2025-12-04;13;554
25;2025-12-04;14;487
25;2025-12-04;15;575
25;2025-12-04;16;765
25;2025-12-04;17;853
25;2025-12-04;18;897
25;2025-12-04;19;589
25;2025-12-04;20;341
25;2025-12-04;21;223
25;2025-12-04;22;129
25;2025-12-04;23;10
25;2025-12-05;0;1
25;2025-12-05;1;0
25;2025-12-05;2;0
25;2025-12-05;3;0
25;2025-12-05;4;0
25;2025-12-05;5;7
25;2025-12-05;6;210
25;2025-12-05;7;580
25;2025-12-05;8;925
25;2025-12-05;9;461
25;2025-12-05;10;400
25;2025-12-05;11;434
25;2025-12-05;12;440
25;2025-12-05;13;539
25;2025-12-05;14;505
25;2025-12-05;15;635
25;2025-12-05;16;846
25;2025-12-05;17;850
25;2025-12-05;18;714
25;2025-12-05;19;547
25;2025-12-05;20;341
25;2025-12-05;21;224
25;2025-12-05;22;147
25;2025-12-05;23;14
25;2025-12-06;0;4
25;2025-12-06;1;0
25;2025-12-06;2;0
25;2025-12-06;3;0
25;2025-12-06;4;0
25;2025-12-06;5;8
25;2025-12-06;6;87
25;2025-12-06;7;140
25;2025-12-06;8;309
25;2025-12-06;9;277
25;2025-12-06;10;294
25;2025-12-06;11;383
25;2025-12-06;12;423
25;2025-12-06;13;592
25;2025-12-06;14;598
25;2025-12-06;15;698
25;2025-12-06;16;647
25;2025-12-06;17;536
25;2025-12-06;18;477
25;2025-12-06;19;417
25;2025-12-06;20;260
25;2025-12-06;21;213
25;2025-12-06;22;137
25;2025-12-06;23;56
25;2025-12-07;0;18
25;2025-12-07;1;0
25;2025-12-07;2;0
25;2025-12-07;3;0
25;2025-12-07;4;0
25;2025-12-07;5;6
25;2025-12-07;6;78
25;2025-12-07;7;106
25;2025-12-07;8;207
25;2025-12-07;9;235
25;2025-12-07;10;238
25;2025-12-07;11;331
25;2025-12-07;12;387
25;2025-12-07;13;492
25;2025-12-07;14;544
25;2025-12-07;15;623
25;2025-12-07;16;548
25;2025-12-07;17;515
25;2025-12-07;18;433
25;2025-12-07;19;338
25;2025-12-07;20;233
25;2025-12-07;21;193
25;2025-12-07;22;111
25;2025-12-07;23;42
25;2025-12-08;0;4
25;2025-12-08;1;0
25;2025-12-08;2;0
25;2025-12-08;3;0
25;2025-12-08;4;0
25;2025-12-08;5;10
25;2025-12-08;6;220
25;2025-12-08;7;599
25;2025-12-08;8;995
25;2025-12-08;9;515
25;2025-12-08;10;391
25;2025-12-08;11;441
25;2025-12-08;12;433
25;2025-12-08;13;539
25;2025-12-08;14;474
25;2025-12-08;15;559
25;2025-12-08;16;744
25;2025-12-08;17;830
25;2025-12-08;18;873
25;2025-12-08;19;573
25;2025-12-08;20;332
25;2025-12-08;21;217
25;2025-12-08;22;126
25;2025-12-08;23;10
25;2025-12-09;0;4
25;2025-12-09;1;0
25;2025-12-09;2;0
25;2025-12-09;3;0
25;2025-12-09;4;0
25;2025-12-09;5;10
25;2025-12-09;6;226
25;2025-12-09;7;616
25;2025-12-09;8;1022
25;2025-12-09;9;529
25;2025-12-09;10;402
25;2025-12-09;11;453
25;2025-12-09;12;445
25;2025-12-09;13;554
25;2025-12-09;14;487
25;2025-12-09;15;575
25;2025-12-09;16;765
25;2025-12-09;17;853
25;2025-12-09;18;897
25;2025-12-09;19;589
25;2025-12-09;20;341
25;2025-12-09;21;223
25;2025-12-09;22;129
25;2025-12-09;23;10
25;2025-12-10;0;4
25;2025-12-10;1;0
25;2025-12-10;2;0
25;2025-12-10;3;0
25;2025-12-10;4;0
25;2025-12-10;5;10
25;2025-12-10;6;226
25;2025-12-10;7;616
25;2025-12-10;8;1022
25;2025-12-10;9;529
25;2025-12-10;10;402
25;2025-12-10;11;453
25;2025-12-10;12;445
25;2025-12-10;13;554
25;2025-12-10;14;487
25;2025-12-10;15;575
25;2025-12-10;16;765
25;2025-12-10;17;853
25;2025-12-10;18;897
25;2025-12-10;19;589
25;2025-12-10;20;341
25;2025-12-10;21;223
25;2025-12-10;22;129
25;2025-12-10;23;10
25;2025-12-11;0;4
25;2025-12-11;1;0
25;2025-12-11;2;0
25;2025-12-11;3;0
25;2025-12-11;4;0
25;2025-12-11;5;10
25;2025-12-11;6;226
25;2025-12-11;7;616
25;2025-12-11;8;1022
25;2025-12-11;9;529
25;2025-12-11;10;402
25;2025-12-11;11;453
25;2025-12-11;12;445
25;2025-12-11;13;554
25;2025-12-11;14;487
25;2025-12-11;15;575
25;2025-12-11;16;765
25;2025-12-11;17;853
25;2025-12-11;18;897
25;2025-12-11;19;589
25;2025-12-11;20;341
25;2025-12-11;21;223
25;2025-12-11;22;129
25;2025-12-11;23;10
25;2025-12-12;0;1
25;2025-12-12;1;0
25;2025-12-12;2;0
25;2025-12-12;3;0
25;2025-12-12;4;0
25;2025-12-12;5;7
25;2025-12-12;6;210
25;2025-12-12;7;580
25;2025-12-12;8;925
25;2025-12-12;9;461
25;2025-12-12;10;400
25;2025-12-12;11;434
25;2025-12-12;12;440
25;2025-12-12;13;539
25;2025-12-12;14;505
25;2025-12-12;15;635
25;2025-12-12;16;846
25;2025-12-12;17;850
25;2025-12-12;18;714
25;2025-12-12;19;547
25;2025-12-12;20;341
25;2025-12-12;21;224
25;2025-12-12;22;147
25;2025-12-12;23;14
25;2025-12-13;0;4
25;2025-12-13;1;0
25;2025-12-13;2;0
25;2025-12-13;3;0
25;2025-12-13;4;0
25;2025-12-13;5;8
25;2025-12-13;6;87
25;2025-12-13;7;140
25;2025-12-13;8;309
25;2025-12-13;9;277
25;2025-12-13;10;294
25;2025-12-13;11;383
25;2025-12-13;12;423
25;2025-12-13;13;592
25;2025-12-13;14;598
25;2025-12-13;15;698
25;2025-12-13;16;647
25;2025-12-13;17;536
25;2025-12-13;18;477
25;2025-12-13;19;417
25;2025-12-13;20;260
25;2025-12-13;21;213
25;2025-12-13;22;137
25;2025-12-13;23;56
25;2025-12-14;0;18
25;2025-12-14;1;0
25;2025-12-14;2;0
25;2025-12-14;3;0
25;2025-12-14;4;0
25;2025-12-14;5;6
25;2025-12-14;6;78
25;2025-12-14;7;106
25;2025-12-14;8;207
25;2025-12-14;9;235
25;2025-12-14;10;238
25;2025-12-14;11;331
25;2025-12-14;12;387
25;2025-12-14;13;492
25;2025-12-14;14;544
25;2025-12-14;15;623
25;2025-12-14;16;548
25;2025-12-14;17;515
25;2025-12-14;18;433
25;2025-12-14;19;338
25;2025-12-14;20;233
25;2025-12-14;21;193
25;2025-12-14;22;111
25;2025-12-14;23;42
25;2025-12-15;0;4
25;2025-12-15;1;0
25;2025-12-15;2;0
25;2025-12-15;3;0
25;2025-12-15;4;0
25;2025-12-15;5;10
25;2025-12-15;6;220
25;2025-12-15;7;599
25;2025-12-15;8;995
25;2025-12-15;9;515
25;2025-12-15;10;391
25;2025-12-15;11;441
25;2025-12-15;12;433
25;2025-12-15;13;539
25;2025-12-15;14;474
25;2025-12-15;15;559
25;2025-12-15;16;744
25;2025-12-15;17;830
25;2025-12-15;18;873
25;2025-12-15;19;573
25;2025-12-15;20;332
25;2025-12-15;21;217
25;2025-12-15;22;126
25;2025-12-15;23;10
25;2025-12-16;0;4
25;2025-12-16;1;0
25;2025-12-16;2;0
25;2025-12-16;3;0
25;2025-12-16;4;0
25;2025-12-16;5;10
25;2025-12-16;6;226
25;2025-12-16;7;616
25;2025-12-16;8;1022
25;2025-12-16;9;529
25;2025-12-16;10;402
25;2025-12-16;11;453
25;2025-12-16;12;445
25;2025-12-16;13;554
25;2025-12-16;14;487
25;2025-12-16;15;575
25;2025-12-16;16;765
25;2025-12-16;17;853
25;2025-12-16;18;897
25;2025-12-16;19;589
25;2025-12-16;20;341
25;2025-12-16;21;223
25;2025-12-16;22;129
25;2025-12-16;23;10
25;2025-12-17;0;4
25;2025-12-17;1;0
25;2025-12-17;2;0
25;2025-12-17;3;0
25;2025-12-17;4;0
25;2025-12-17;5;10
25;2025-12-17;6;226
25;2025-12-17;7;616
25;2025-12-17;8;1022
25;2025-12-17;9;529
25;2025-12-17;10;402
25;2025-12-17;11;453
25;2025-12-17;12;445
25;2025-12-17;13;554
25;2025-12-17;14;487
25;2025-12-17;15;575
25;2025-12-17;16;765
25;2025-12-17;17;853
25;2025-12-17;18;897
25;2025-12-17;19;589
25;2025-12-17;20;341
25;2025-12-17;21;223
25;2025-12-17;22;129
25;2025-12-17;23;10
25;2025-12-18;0;4
25;2025-12-18;1;0
25;2025-12-18;2;0
25;2025-12-18;3;0
25;2025-12-18;4;0
25;2025-12-18;5;10
25;2025-12-18;6;226
25;2025-12-18;7;616
25;2025-12-18;8;1022
25;2025-12-18;9;529
25;2025-12-18;10;402
25;2025-12-18;11;453
25;2025-12-18;12;445
25;2025-12-18;13;554
25;2025-12-18;14;487
25;2025-12-18;15;575
25;2025-12-18;16;765
25;2025-12-18;17;853
25;2025-12-18;18;897
25;2025-12-18;19;589
25;2025-12-18;20;341
25;2025-12-18;21;223
25;2025-12-18;22;129
25;2025-12-18;23;10
25;2025-12-19;0;1
25;2025-12-19;1;0
25;2025-12-19;2;0
25;2025-12-19;3;0
25;2025-12-19;4;0
25;2025-12-19;5;7
25;2025-12-19;6;210
25;2025-12-19;7;580
25;2025-12-19;8;925
25;2025-12-19;9;461
25;2025-12-19;10;400
25;2025-12-19;11;434
25;2025-12-19;12;440
25;2025-12-19;13;539
25;2025-12-19;14;505
25;2025-12-19;15;635
25;2025-12-19;16;846
25;2025-12-19;17;850
25;2025-12-19;18;714
25;2025-12-19;19;547
25;2025-12-19;20;341
25;2025-12-19;21;224
25;2025-12-19;22;147
25;2025-12-19;23;14
25;2025-12-20;0;4
25;2025-12-20;1;0
25;2025-12-20;2;0
25;2025-12-20;3;0
25;2025-12-20;4;0
25;2025-12-20;5;8
25;2025-12-20;6;87
25;2025-12-20;7;140
25;2025-12-20;8;309
25;2025-12-20;9;277
25;2025-12-20;10;294
25;2025-12-20;11;383
25;2025-12-20;12;423
25;2025-12-20;13;592
25;2025-12-20;14;598
25;2025-12-20;15;698
25;2025-12-20;16;647
25;2025-12-20;17;536
25;2025-12-20;18;477
25;2025-12-20;19;417
25;2025-12-20;20;260
25;2025-12-20;21;213
25;2025-12-20;22;137
25;2025-12-20;23;56
25;2025-12-21;0;18
25;2025-12-21;1;0
25;2025-12-21;2;0
25;2025-12-21;3;0
25;2025-12-21;4;0
25;2025-12-21;5;6
25;2025-12-21;6;78
25;2025-12-21;7;106
25;2025-12-21;8;207
25;2025-12-21;9;235
25;2025-12-21;10;238
25;2025-12-21;11;331
25;2025-12-21;12;387
25;2025-12-21;13;492
25;2025-12-21;14;544
25;2025-12-21;15;623
25;2025-12-21;16;548
25;2025-12-21;17;515
25;2025-12-21;18;433
25;2025-12-21;19;338
25;2025-12-21;20;233
25;2025-12-21;21;193
25;2025-12-21;22;111
25;2025-12-21;23;42
25;2025-12-22;0;4
25;2025-12-22;1;0
25;2025-12-22;2;0
25;2025-12-22;3;0
25;2025-12-22;4;0
25;2025-12-22;5;10
25;2025-12-22;6;220
25;2025-12-22;7;599
25;2025-12-22;8;995
25;2025-12-22;9;515
25;2025-12-22;10;391
25;2025-12-22;11;441
25;2025-12-22;12;433
25;2025-12-22;13;539
25;2025-12-22;14;474
25;2025-12-22;15;559
25;2025-12-22;16;744
25;2025-12-22;17;830
25;2025-12-22;18;873
25;2025-12-22;19;573
25;2025-12-22;20;332
25;2025-12-22;21;217
25;2025-12-22;22;126
25;2025-12-22;23;10
25;2025-12-23;0;4
25;2025-12-23;1;0
25;2025-12-23;2;0
25;2025-12-23;3;0
25;2025-12-23;4;0
25;2025-12-23;5;10
25;2025-12-23;6;226
25;2025-12-23;7;616
25;2025-12-23;8;1022
25;2025-12-23;9;529
25;2025-12-23;10;402
25;2025-12-23;11;453
25;2025-12-23;12;445
25;2025-12-23;13;554
25;2025-12-23;14;487
25;2025-12-23;15;575
25;2025-12-23;16;765
25;2025-12-23;17;853
25;2025-12-23;18;897
25;2025-12-23;19;589
25;2025-12-23;20;341
25;2025-12-23;21;223
25;2025-12-23;22;129
25;2025-12-23;23;10
25;2025-12-24;0;4
25;2025-12-24;1;0
25;2025-12-24;2;0
25;2025-12-24;3;0
25;2025-12-24;4;0
25;2025-12-24;5;10
25;2025-12-24;6;226
25;2025-12-24;7;616
25;2025-12-24;8;1022
25;2025-12-24;9;529
25;2025-12-24;10;402
25;2025-12-24;11;453
25;2025-12-24;12;445
25;2025-12-24;13;554
25;2025-12-24;14;487
25;2025-12-24;15;575
25;2025-12-24;16;765
25;2025-12-24;17;853
25;2025-12-24;18;897
25;2025-12-24;19;589
25;2025-12-24;20;341
25;2025-12-24;21;223
25;2025-12-24;22;129
25;2025-12-24;23;10
25;2025-12-25;0;4
25;2025-12-25;1;0
25;2025-12-25;2;0
25;2025-12-25;3;0
25;2025-12-25;4;0
25;2025-12-25;5;10
25;2025-12-25;6;226
25;2025-12-25;7;616
25;2025-12-25;8;1022
25;2025-12-25;9;529
25;2025-12-25;10;402
25;2025-12-25;11;453
25;2025-12-25;12;445
25;2025-12-25;13;554
25;2025-12-25;14;487
25;2025-12-25;15;575
25;2025-12-25;16;765
25;2025-12-25;17;853
25;2025-12-25;18;897
25;2025-12-25;19;589
25;2025-12-25;20;341
25;2025-12-25;21;223
25;2025-12-25;22;129
25;2025-12-25;23;10
25;2025-12-26;0;1
25;2025-12-26;1;0
25;2025-12-26;2;0
25;2025-12-26;3;0
25;2025-12-26;4;0
25;2025-12-26;5;7
25;2025-12-26;6;210
25;2025-12-26;7;580
25;2025-12-26;8;925
25;2025-12-26;9;461
25;2025-12-26;10;400
25;2025-12-26;11;434
25;2025-12-26;12;440
25;2025-12-26;13;539
25;2025-12-26;14;505
25;2025-12-26;15;635
25;2025-12-26;16;846
25;2025-12-26;17;850
25;2025-12-26;18;714
25;2025-12-26;19;547
25;2025-12-26;20;341
25;2025-12-26;21;224
25;2025-12-26;22;147
25;2025-12-26;23;14
25;2025-12-27;0;4
25;2025-12-27;1;0
25;2025-12-27;2;0
25;2025-12-27;3;0
25;2025-12-27;4;0
25;2025-12-27;5;8
25;2025-12-27;6;87
25;2025-12-27;7;140
25;2025-12-27;8;309
25;2025-12-27;9;277
25;2025-12-27;10;294
25;2025-12-27;11;383
25;2025-12-27;12;423
25;2025-12-27;13;592
25;2025-12-27;14;598
25;2025-12-27;15;698
25;2025-12-27;16;647
25;2025-12-27;17;536
25;2025-12-27;18;477
25;2025-12-27;19;417
25;2025-12-27;20;260
25;2025-12-27;21;213
25;2025-12-27;22;137
25;2025-12-27;23;56
25;2025-12-28;0;18
25;2025-12-28;1;0
25;2025-12-28;2;0
25;2025-12-28;3;0
25;2025-12-28;4;0
25;2025-12-28;5;6
25;2025-12-28;6;78
25;2025-12-28;7;106
25;2025-12-28;8;207
25;2025-12-28;9;235
25;2025-12-28;10;238
25;2025-12-28;11;331
25;2025-12-28;12;387
25;2025-12-28;13;492
25;2025-12-28;14;544
25;2025-12-28;15;623
25;2025-12-28;16;548
25;2025-12-28;17;515
25;2025-12-28;18;433
25;2025-12-28;19;338
25;2025-12-28;20;233
25;2025-12-28;21;193
25;2025-12-28;22;111
25;2025-12-28;23;42
25;2025-12-29;0;3
25;2025-12-29;1;0
25;2025-12-29;2;0
25;2025-12-29;3;0
25;2025-12-29;4;0
25;2025-12-29;5;9
25;2025-12-29;6;198
25;2025-12-29;7;539
25;2025-12-29;8;896
25;2025-12-29;9;463
25;2025-12-29;10;352
25;2025-12-29;11;397
25;2025-12-29;12;390
25;2025-12-29;13;485
25;2025-12-29;14;427
25;2025-12-29;15;504
25;2025-12-29;16;670
25;2025-12-29;17;747
25;2025-12-29;18;785
25;2025-12-29;19;515
25;2025-12-29;20;299
25;2025-12-29;21;195
25;2025-12-29;22;113
25;2025-12-29;23;9
25;2025-12-30;0;3
25;2025-12-30;1;0
25;2025-12-30;2;0
25;2025-12-30;3;0
25;2025-12-30;4;0
25;2025-12-30;5;9
25;2025-12-30;6;192
25;2025-12-30;7;523
25;2025-12-30;8;869
25;2025-12-30;9;450
25;2025-12-30;10;342
25;2025-12-30;11;385
25;2025-12-30;12;378
25;2025-12-30;13;471
25;2025-12-30;14;414
25;2025-12-30;15;489
25;2025-12-30;16;650
25;2025-12-30;17;725
25;2025-12-30;18;762
25;2025-12-30;19;500
25;2025-12-30;20;290
25;2025-12-30;21;190
25;2025-12-30;22;110
25;2025-12-30;23;8
25;2025-12-31;0;4
25;2025-12-31;1;0
25;2025-12-31;2;0
25;2025-12-31;3;0
25;2025-12-31;4;0
25;2025-12-31;5;8
25;2025-12-31;6;87
25;2025-12-31;7;140
25;2025-12-31;8;309
25;2025-12-31;9;277
25;2025-12-31;10;294
25;2025-12-31;11;383
25;2025-12-31;12;423
25;2025-12-31;13;592
25;2025-12-31;14;598
25;2025-12-31;15;698
25;2025-12-31;16;647
25;2025-12-31;17;536
25;2025-12-31;18;477
25;2025-12-31;19;417
25;2025-12-31;20;260
25;2025-12-31;21;213
25;2025-12-31;22;137
25;2025-12-31;23;56
26;2025-11-01;0;40
26;2025-11-01;1;3
26;2025-11-01;2;0
26;2025-11-01;3;0
26;2025-11-01;4;1
26;2025-11-01;5;69
26;2025-11-01;6;409
26;2025-11-01;7;830
26;2025-11-01;8;1690
26;2025-11-01;9;1139
26;2025-11-01;10;976
26;2025-11-01;11;887
26;2025-11-01;12;902
26;2025-11-01;13;936
26;2025-11-01;14;1006
26;2025-11-01;15;1112
26;2025-11-01;16;1323
26;2025-11-01;17;1402
26;2025-11-01;18;1111
26;2025-11-01;19;859
26;2025-11-01;20;563
26;2025-11-01;21;361
26;2025-11-01;22;166
26;2025-11-01;23;118
26;2025-11-02;0;52
26;2025-11-02;1;5
26;2025-11-02;2;0
26;2025-11-02;3;0
26;2025-11-02;4;2
26;2025-11-02;5;31
26;2025-11-02;6;166
26;2025-11-02;7;257
26;2025-11-02;8;405
26;2025-11-02;9;569
26;2025-11-02;10;628
26;2025-11-02;11;882
26;2025-11-02;12;885
26;2025-11-02;13;958
26;2025-11-02;14;921
26;2025-11-02;15;852
26;2025-11-02;16;823
26;2025-11-02;17;842
26;2025-11-02;18;763
26;2025-11-02;19;574
26;2025-11-02;20;425
26;2025-11-02;21;302
26;2025-11-02;22;195
26;2025-11-02;23;114
26;2025-11-03;0;42
26;2025-11-03;1;3
26;2025-11-03;2;0
26;2025-11-03;3;0
26;2025-11-03;4;2
26;2025-11-03;5;32
26;2025-11-03;6;180
26;2025-11-03;7;267
26;2025-11-03;8;429
26;2025-11-03;9;537
26;2025-11-03;10;619
26;2025-11-03;11;811
26;2025-11-03;12;837
26;2025-11-03;13;870
26;2025-11-03;14;862
26;2025-11-03;15;793
26;2025-11-03;16;793
26;2025-11-03;17;770
26;2025-11-03;18;712
26;2025-11-03;19;574
26;2025-11-03;20;412
26;2025-11-03;21;284
26;2025-11-03;22;175
26;2025-11-03;23;113
26;2025-11-04;0;42
26;2025-11-04;1;3
26;2025-11-04;2;0
26;2025-11-04;3;0
26;2025-11-04;4;2
26;2025-11-04;5;32
26;2025-11-04;6;180
26;2025-11-04;7;267
26;2025-11-04;8;429
26;2025-11-04;9;537
26;2025-11-04;10;619
26;2025-11-04;11;811
26;2025-11-04;12;837
26;2025-11-04;13;870
26;2025-11-04;14;862
26;2025-11-04;15;793
26;2025-11-04;16;793
26;2025-11-04;17;770
26;2025-11-04;18;712
26;2025-11-04;19;574
26;2025-11-04;20;412
26;2025-11-04;21;284
26;2025-11-04;22;175
26;2025-11-04;23;113
26;2025-11-05;0;31
26;2025-11-05;1;2
26;2025-11-05;2;0
26;2025-11-05;3;0
26;2025-11-05;4;2
26;2025-11-05;5;96
26;2025-11-05;6;511
26;2025-11-05;7;1139
26;2025-11-05;8;2262
26;2025-11-05;9;1514
26;2025-11-05;10;1255
26;2025-11-05;11;1133
26;2025-11-05;12;1177
26;2025-11-05;13;1215
26;2025-11-05;14;1284
26;2025-11-05;15;1383
26;2025-11-05;16;1530
26;2025-11-05;17;1759
26;2025-11-05;18;1958
26;2025-11-05;19;1313
26;2025-11-05;20;785
26;2025-11-05;21;489
26;2025-11-05;22;220
26;2025-11-05;23;119
26;2025-11-06;0;31
26;2025-11-06;1;2
26;2025-11-06;2;0
26;2025-11-06;3;0
26;2025-11-06;4;2
26;2025-11-06;5;96
26;2025-11-06;6;511
26;2025-11-06;7;1139
26;2025-11-06;8;2262
26;2025-11-06;9;1514
26;2025-11-06;10;1255
26;2025-11-06;11;1133
26;2025-11-06;12;1177
26;2025-11-06;13;1215
26;2025-11-06;14;1284
26;2025-11-06;15;1383
26;2025-11-06;16;1530
26;2025-11-06;17;1759
26;2025-11-06;18;1958
26;2025-11-06;19;1313
26;2025-11-06;20;785
26;2025-11-06;21;489
26;2025-11-06;22;220
26;2025-11-06;23;119
26;2025-11-07;0;31
26;2025-11-07;1;2
26;2025-11-07;2;0
26;2025-11-07;3;0
26;2025-11-07;4;1
26;2025-11-07;5;89
26;2025-11-07;6;526
26;2025-11-07;7;1070
26;2025-11-07;8;2177
26;2025-11-07;9;1467
26;2025-11-07;10;1257
26;2025-11-07;11;1142
26;2025-11-07;12;1162
26;2025-11-07;13;1206
26;2025-11-07;14;1295
26;2025-11-07;15;1432
26;2025-11-07;16;1704
26;2025-11-07;17;1807
26;2025-11-07;18;1431
26;2025-11-07;19;1107
26;2025-11-07;20;725
26;2025-11-07;21;465
26;2025-11-07;22;214
26;2025-11-07;23;152
26;2025-11-08;0;46
26;2025-11-08;1;3
26;2025-11-08;2;0
26;2025-11-08;3;0
26;2025-11-08;4;2
26;2025-11-08;5;46
26;2025-11-08;6;266
26;2025-11-08;7;383
26;2025-11-08;8;622
26;2025-11-08;9;704
26;2025-11-08;10;846
26;2025-11-08;11;1032
26;2025-11-08;12;1098
26;2025-11-08;13;1093
26;2025-11-08;14;1118
26;2025-11-08;15;1024
26;2025-11-08;16;1060
26;2025-11-08;17;976
26;2025-11-08;18;922
26;2025-11-08;19;795
26;2025-11-08;20;554
26;2025-11-08;21;370
26;2025-11-08;22;216
26;2025-11-08;23;155
26;2025-11-09;0;52
26;2025-11-09;1;5
26;2025-11-09;2;0
26;2025-11-09;3;0
26;2025-11-09;4;2
26;2025-11-09;5;31
26;2025-11-09;6;166
26;2025-11-09;7;257
26;2025-11-09;8;405
26;2025-11-09;9;569
26;2025-11-09;10;628
26;2025-11-09;11;882
26;2025-11-09;12;885
26;2025-11-09;13;958
26;2025-11-09;14;921
26;2025-11-09;15;852
26;2025-11-09;16;823
26;2025-11-09;17;842
26;2025-11-09;18;763
26;2025-11-09;19;574
26;2025-11-09;20;425
26;2025-11-09;21;302
26;2025-11-09;22;195
26;2025-11-09;23;114
26;2025-11-10;0;31
26;2025-11-10;1;1
26;2025-11-10;2;0
26;2025-11-10;3;0
26;2025-11-10;4;2
26;2025-11-10;5;93
26;2025-11-10;6;497
26;2025-11-10;7;1108
26;2025-11-10;8;2201
26;2025-11-10;9;1473
26;2025-11-10;10;1221
26;2025-11-10;11;1103
26;2025-11-10;12;1146
26;2025-11-10;13;1183
26;2025-11-10;14;1250
26;2025-11-10;15;1346
26;2025-11-10;16;1489
26;2025-11-10;17;1712
26;2025-11-10;18;1906
26;2025-11-10;19;1278
26;2025-11-10;20;764
26;2025-11-10;21;475
26;2025-11-10;22;214
26;2025-11-10;23;115
26;2025-11-11;0;31
26;2025-11-11;1;2
26;2025-11-11;2;0
26;2025-11-11;3;0
26;2025-11-11;4;2
26;2025-11-11;5;96
26;2025-11-11;6;511
26;2025-11-11;7;1139
26;2025-11-11;8;2262
26;2025-11-11;9;1514
26;2025-11-11;10;1255
26;2025-11-11;11;1133
26;2025-11-11;12;1177
26;2025-11-11;13;1215
26;2025-11-11;14;1284
26;2025-11-11;15;1383
26;2025-11-11;16;1530
26;2025-11-11;17;1759
26;2025-11-11;18;1958
26;2025-11-11;19;1313
26;2025-11-11;20;785
26;2025-11-11;21;489
26;2025-11-11;22;220
26;2025-11-11;23;119
26;2025-11-12;0;31
26;2025-11-12;1;2
26;2025-11-12;2;0
26;2025-11-12;3;0
26;2025-11-12;4;2
26;2025-11-12;5;96
26;2025-11-12;6;511
26;2025-11-12;7;1139
26;2025-11-12;8;2262
26;2025-11-12;9;1514
26;2025-11-12;10;1255
26;2025-11-12;11;1133
26;2025-11-12;12;1177
26;2025-11-12;13;1215
26;2025-11-12;14;1284
26;2025-11-12;15;1383
26;2025-11-12;16;1530
26;2025-11-12;17;1759
26;2025-11-12;18;1958
26;2025-11-12;19;1313
26;2025-11-12;20;785
26;2025-11-12;21;489
26;2025-11-12;22;220
26;2025-11-12;23;119
26;2025-11-13;0;31
26;2025-11-13;1;2
26;2025-11-13;2;0
26;2025-11-13;3;0
26;2025-11-13;4;2
26;2025-11-13;5;96
26;2025-11-13;6;511
26;2025-11-13;7;1139
26;2025-11-13;8;2262
26;2025-11-13;9;1514
26;2025-11-13;10;1255
26;2025-11-13;11;1133
26;2025-11-13;12;1177
26;2025-11-13;13;1215
26;2025-11-13;14;1284
26;2025-11-13;15;1383
26;2025-11-13;16;1530
26;2025-11-13;17;1759
26;2025-11-13;18;1958
26;2025-11-13;19;1313
26;2025-11-13;20;785
26;2025-11-13;21;489
26;2025-11-13;22;220
26;2025-11-13;23;119
26;2025-11-14;0;31
26;2025-11-14;1;2
26;2025-11-14;2;0
26;2025-11-14;3;0
26;2025-11-14;4;1
26;2025-11-14;5;89
26;2025-11-14;6;526
26;2025-11-14;7;1070
26;2025-11-14;8;2177
26;2025-11-14;9;1467
26;2025-11-14;10;1257
26;2025-11-14;11;1142
26;2025-11-14;12;1162
26;2025-11-14;13;1206
26;2025-11-14;14;1295
26;2025-11-14;15;1432
26;2025-11-14;16;1704
26;2025-11-14;17;1807
26;2025-11-14;18;1431
26;2025-11-14;19;1107
26;2025-11-14;20;725
26;2025-11-14;21;465
26;2025-11-14;22;214
26;2025-11-14;23;152
26;2025-11-15;0;46
26;2025-11-15;1;3
26;2025-11-15;2;0
26;2025-11-15;3;0
26;2025-11-15;4;2
26;2025-11-15;5;46
26;2025-11-15;6;266
26;2025-11-15;7;383
26;2025-11-15;8;622
26;2025-11-15;9;704
26;2025-11-15;10;846
26;2025-11-15;11;1032
26;2025-11-15;12;1098
26;2025-11-15;13;1093
26;2025-11-15;14;1118
26;2025-11-15;15;1024
26;2025-11-15;16;1060
26;2025-11-15;17;976
26;2025-11-15;18;922
26;2025-11-15;19;795
26;2025-11-15;20;554
26;2025-11-15;21;370
26;2025-11-15;22;216
26;2025-11-15;23;155
26;2025-11-16;0;52
26;2025-11-16;1;5
26;2025-11-16;2;0
26;2025-11-16;3;0
26;2025-11-16;4;2
26;2025-11-16;5;31
26;2025-11-16;6;166
26;2025-11-16;7;257
26;2025-11-16;8;405
26;2025-11-16;9;569
26;2025-11-16;10;628
26;2025-11-16;11;882
26;2025-11-16;12;885
26;2025-11-16;13;958
26;2025-11-16;14;921
26;2025-11-16;15;852
26;2025-11-16;16;823
26;2025-11-16;17;842
26;2025-11-16;18;763
26;2025-11-16;19;574
26;2025-11-16;20;425
26;2025-11-16;21;302
26;2025-11-16;22;195
26;2025-11-16;23;114
26;2025-11-17;0;31
26;2025-11-17;1;1
26;2025-11-17;2;0
26;2025-11-17;3;0
26;2025-11-17;4;2
26;2025-11-17;5;93
26;2025-11-17;6;497
26;2025-11-17;7;1108
26;2025-11-17;8;2201
26;2025-11-17;9;1473
26;2025-11-17;10;1221
26;2025-11-17;11;1103
26;2025-11-17;12;1146
26;2025-11-17;13;1183
26;2025-11-17;14;1250
26;2025-11-17;15;1346
26;2025-11-17;16;1489
26;2025-11-17;17;1712
26;2025-11-17;18;1906
26;2025-11-17;19;1278
26;2025-11-17;20;764
26;2025-11-17;21;475
26;2025-11-17;22;214
26;2025-11-17;23;115
26;2025-11-18;0;31
26;2025-11-18;1;2
26;2025-11-18;2;0
26;2025-11-18;3;0
26;2025-11-18;4;2
26;2025-11-18;5;96
26;2025-11-18;6;511
26;2025-11-18;7;1139
26;2025-11-18;8;2262
26;2025-11-18;9;1514
26;2025-11-18;10;1255
26;2025-11-18;11;1133
26;2025-11-18;12;1177
26;2025-11-18;13;1215
26;2025-11-18;14;1284
26;2025-11-18;15;1383
26;2025-11-18;16;1530
26;2025-11-18;17;1759
26;2025-11-18;18;1958
26;2025-11-18;19;1313
26;2025-11-18;20;785
26;2025-11-18;21;489
26;2025-11-18;22;220
26;2025-11-18;23;119
26;2025-11-19;0;31
26;2025-11-19;1;2
26;2025-11-19;2;0
26;2025-11-19;3;0
26;2025-11-19;4;2
26;2025-11-19;5;96
26;2025-11-19;6;511
26;2025-11-19;7;1139
26;2025-11-19;8;2262
26;2025-11-19;9;1514
26;2025-11-19;10;1255
26;2025-11-19;11;1133
26;2025-11-19;12;1177
26;2025-11-19;13;1215
26;2025-11-19;14;1284
26;2025-11-19;15;1383
26;2025-11-19;16;1530
26;2025-11-19;17;1759
26;2025-11-19;18;1958
26;2025-11-19;19;1313
26;2025-11-19;20;785
26;2025-11-19;21;489
26;2025-11-19;22;220
26;2025-11-19;23;119
26;2025-11-20;0;31
26;2025-11-20;1;2
26;2025-11-20;2;0
26;2025-11-20;3;0
26;2025-11-20;4;2
26;2025-11-20;5;96
26;2025-11-20;6;511
26;2025-11-20;7;1139
26;2025-11-20;8;2262
26;2025-11-20;9;1514
26;2025-11-20;10;1255
26;2025-11-20;11;1133
26;2025-11-20;12;1177
26;2025-11-20;13;1215
26;2025-11-20;14;1284
26;2025-11-20;15;1383
26;2025-11-20;16;1530
26;2025-11-20;17;1759
26;2025-11-20;18;1958
26;2025-11-20;19;1313
26;2025-11-20;20;785
26;2025-11-20;21;489
26;2025-11-20;22;220
26;2025-11-20;23;119
26;2025-11-21;0;31
26;2025-11-21;1;2
26;2025-11-21;2;0
26;2025-11-21;3;0
26;2025-11-21;4;1
26;2025-11-21;5;89
26;2025-11-21;6;526
26;2025-11-21;7;1070
26;2025-11-21;8;2177
26;2025-11-21;9;1467
26;2025-11-21;10;1257
26;2025-11-21;11;1142
26;2025-11-21;12;1162
26;2025-11-21;13;1206
26;2025-11-21;14;1295
26;2025-11-21;15;1432
26;2025-11-21;16;1704
26;2025-11-21;17;1807
26;2025-11-21;18;1431
26;2025-11-21;19;1107
26;2025-11-21;20;725
26;2025-11-21;21;465
26;2025-11-21;22;214
26;2025-11-21;23;152
26;2025-11-22;0;46
26;2025-11-22;1;3
26;2025-11-22;2;0
26;2025-11-22;3;0
26;2025-11-22;4;2
26;2025-11-22;5;46
26;2025-11-22;6;266
26;2025-11-22;7;383
26;2025-11-22;8;622
26;2025-11-22;9;704
26;2025-11-22;10;846
26;2025-11-22;11;1032
26;2025-11-22;12;1098
26;2025-11-22;13;1093
26;2025-11-22;14;1118
26;2025-11-22;15;1024
26;2025-11-22;16;1060
26;2025-11-22;17;976
26;2025-11-22;18;922
26;2025-11-22;19;795
26;2025-11-22;20;554
26;2025-11-22;21;370
26;2025-11-22;22;216
26;2025-11-22;23;155
26;2025-11-23;0;52
26;2025-11-23;1;5
26;2025-11-23;2;0
26;2025-11-23;3;0
26;2025-11-23;4;2
26;2025-11-23;5;31
26;2025-11-23;6;166
26;2025-11-23;7;257
26;2025-11-23;8;405
26;2025-11-23;9;569
26;2025-11-23;10;628
26;2025-11-23;11;882
26;2025-11-23;12;885
26;2025-11-23;13;958
26;2025-11-23;14;921
26;2025-11-23;15;852
26;2025-11-23;16;823
26;2025-11-23;17;842
26;2025-11-23;18;763
26;2025-11-23;19;574
26;2025-11-23;20;425
26;2025-11-23;21;302
26;2025-11-23;22;195
26;2025-11-23;23;114
26;2025-11-24;0;31
26;2025-11-24;1;1
26;2025-11-24;2;0
26;2025-11-24;3;0
26;2025-11-24;4;2
26;2025-11-24;5;93
26;2025-11-24;6;497
26;2025-11-24;7;1108
26;2025-11-24;8;2201
26;2025-11-24;9;1473
26;2025-11-24;10;1221
26;2025-11-24;11;1103
26;2025-11-24;12;1146
26;2025-11-24;13;1183
26;2025-11-24;14;1250
26;2025-11-24;15;1346
26;2025-11-24;16;1489
26;2025-11-24;17;1712
26;2025-11-24;18;1906
26;2025-11-24;19;1278
26;2025-11-24;20;764
26;2025-11-24;21;475
26;2025-11-24;22;214
26;2025-11-24;23;115
26;2025-11-25;0;31
26;2025-11-25;1;2
26;2025-11-25;2;0
26;2025-11-25;3;0
26;2025-11-25;4;2
26;2025-11-25;5;96
26;2025-11-25;6;511
26;2025-11-25;7;1139
26;2025-11-25;8;2262
26;2025-11-25;9;1514
26;2025-11-25;10;1255
26;2025-11-25;11;1133
26;2025-11-25;12;1177
26;2025-11-25;13;1215
26;2025-11-25;14;1284
26;2025-11-25;15;1383
26;2025-11-25;16;1530
26;2025-11-25;17;1759
26;2025-11-25;18;1958
26;2025-11-25;19;1313
26;2025-11-25;20;785
26;2025-11-25;21;489
26;2025-11-25;22;220
26;2025-11-25;23;119
26;2025-11-26;0;31
26;2025-11-26;1;2
26;2025-11-26;2;0
26;2025-11-26;3;0
26;2025-11-26;4;2
26;2025-11-26;5;96
26;2025-11-26;6;511
26;2025-11-26;7;1139
26;2025-11-26;8;2262
26;2025-11-26;9;1514
26;2025-11-26;10;1255
26;2025-11-26;11;1133
26;2025-11-26;12;1177
26;2025-11-26;13;1215
26;2025-11-26;14;1284
26;2025-11-26;15;1383
26;2025-11-26;16;1530
26;2025-11-26;17;1759
26;2025-11-26;18;1958
26;2025-11-26;19;1313
26;2025-11-26;20;785
26;2025-11-26;21;489
26;2025-11-26;22;220
26;2025-11-26;23;119
26;2025-11-27;0;31
26;2025-11-27;1;2
26;2025-11-27;2;0
26;2025-11-27;3;0
26;2025-11-27;4;2
26;2025-11-27;5;96
26;2025-11-27;6;511
26;2025-11-27;7;1139
26;2025-11-27;8;2262
26;2025-11-27;9;1514
26;2025-11-27;10;1255
26;2025-11-27;11;1133
26;2025-11-27;12;1177
26;2025-11-27;13;1215
26;2025-11-27;14;1284
26;2025-11-27;15;1383
26;2025-11-27;16;1530
26;2025-11-27;17;1759
26;2025-11-27;18;1958
26;2025-11-27;19;1313
26;2025-11-27;20;785
26;2025-11-27;21;489
26;2025-11-27;22;220
26;2025-11-27;23;119
26;2025-11-28;0;31
26;2025-11-28;1;2
26;2025-11-28;2;0
26;2025-11-28;3;0
26;2025-11-28;4;1
26;2025-11-28;5;89
26;2025-11-28;6;526
26;2025-11-28;7;1070
26;2025-11-28;8;2177
26;2025-11-28;9;1467
26;2025-11-28;10;1257
26;2025-11-28;11;1142
26;2025-11-28;12;1162
26;2025-11-28;13;1206
26;2025-11-28;14;1295
26;2025-11-28;15;1432
26;2025-11-28;16;1704
26;2025-11-28;17;1807
26;2025-11-28;18;1431
26;2025-11-28;19;1107
26;2025-11-28;20;725
26;2025-11-28;21;465
26;2025-11-28;22;214
26;2025-11-28;23;152
26;2025-11-29;0;46
26;2025-11-29;1;3
26;2025-11-29;2;0
26;2025-11-29;3;0
26;2025-11-29;4;2
26;2025-11-29;5;46
26;2025-11-29;6;266
26;2025-11-29;7;383
26;2025-11-29;8;622
26;2025-11-29;9;704
26;2025-11-29;10;846
26;2025-11-29;11;1032
26;2025-11-29;12;1098
26;2025-11-29;13;1093
26;2025-11-29;14;1118
26;2025-11-29;15;1024
26;2025-11-29;16;1060
26;2025-11-29;17;976
26;2025-11-29;18;922
26;2025-11-29;19;795
26;2025-11-29;20;554
26;2025-11-29;21;370
26;2025-11-29;22;216
26;2025-11-29;23;155
26;2025-11-30;0;52
26;2025-11-30;1;5
26;2025-11-30;2;0
26;2025-11-30;3;0
26;2025-11-30;4;2
26;2025-11-30;5;31
26;2025-11-30;6;166
26;2025-11-30;7;257
26;2025-11-30;8;405
26;2025-11-30;9;569
26;2025-11-30;10;628
26;2025-11-30;11;882
26;2025-11-30;12;885
26;2025-11-30;13;958
26;2025-11-30;14;921
26;2025-11-30;15;852
26;2025-11-30;16;823
26;2025-11-30;17;842
26;2025-11-30;18;763
26;2025-11-30;19;574
26;2025-11-30;20;425
26;2025-11-30;21;302
26;2025-11-30;22;195
26;2025-11-30;23;114
26;2025-12-01;0;30
26;2025-12-01;1;2
26;2025-12-01;2;0
26;2025-12-01;3;0
26;2025-12-01;4;2
26;2025-12-01;5;93
26;2025-12-01;6;505
26;2025-12-01;7;1110
26;2025-12-01;8;2188
26;2025-12-01;9;1476
26;2025-12-01;10;1220
26;2025-12-01;11;1104
26;2025-12-01;12;1144
26;2025-12-01;13;1186
26;2025-12-01;14;1236
26;2025-12-01;15;1340
26;2025-12-01;16;1494
26;2025-12-01;17;1711
26;2025-12-01;18;1911
26;2025-12-01;19;1287
26;2025-12-01;20;769
26;2025-12-01;21;472
26;2025-12-01;22;217
26;2025-12-01;23;114
26;2025-12-02;0;31
26;2025-12-02;1;2
26;2025-12-02;2;0
26;2025-12-02;3;0
26;2025-12-02;4;2
26;2025-12-02;5;95
26;2025-12-02;6;519
26;2025-12-02;7;1140
26;2025-12-02;8;2249
26;2025-12-02;9;1516
26;2025-12-02;10;1253
26;2025-12-02;11;1134
26;2025-12-02;12;1175
26;2025-12-02;13;1218
26;2025-12-02;14;1270
26;2025-12-02;15;1377
26;2025-12-02;16;1535
26;2025-12-02;17;1758
26;2025-12-02;18;1963
26;2025-12-02;19;1323
26;2025-12-02;20;790
26;2025-12-02;21;485
26;2025-12-02;22;223
26;2025-12-02;23;118
26;2025-12-03;0;31
26;2025-12-03;1;2
26;2025-12-03;2;0
26;2025-12-03;3;0
26;2025-12-03;4;2
26;2025-12-03;5;95
26;2025-12-03;6;519
26;2025-12-03;7;1140
26;2025-12-03;8;2249
26;2025-12-03;9;1516
26;2025-12-03;10;1253
26;2025-12-03;11;1134
26;2025-12-03;12;1175
26;2025-12-03;13;1218
26;2025-12-03;14;1270
26;2025-12-03;15;1377
26;2025-12-03;16;1535
26;2025-12-03;17;1758
26;2025-12-03;18;1963
26;2025-12-03;19;1323
26;2025-12-03;20;790
26;2025-12-03;21;485
26;2025-12-03;22;223
26;2025-12-03;23;118
26;2025-12-04;0;31
26;2025-12-04;1;2
26;2025-12-04;2;0
26;2025-12-04;3;0
26;2025-12-04;4;2
26;2025-12-04;5;95
26;2025-12-04;6;519
26;2025-12-04;7;1140
26;2025-12-04;8;2249
26;2025-12-04;9;1516
26;2025-12-04;10;1253
26;2025-12-04;11;1134
26;2025-12-04;12;1175
26;2025-12-04;13;1218
26;2025-12-04;14;1270
26;2025-12-04;15;1377
26;2025-12-04;16;1535
26;2025-12-04;17;1758
26;2025-12-04;18;1963
26;2025-12-04;19;1323
26;2025-12-04;20;790
26;2025-12-04;21;485
26;2025-12-04;22;223
26;2025-12-04;23;118
26;2025-12-05;0;31
26;2025-12-05;1;2
26;2025-12-05;2;0
26;2025-12-05;3;0
26;2025-12-05;4;1
26;2025-12-05;5;90
26;2025-12-05;6;531
26;2025-12-05;7;1072
26;2025-12-05;8;2153
26;2025-12-05;9;1472
26;2025-12-05;10;1250
26;2025-12-05;11;1140
26;2025-12-05;12;1165
26;2025-12-05;13;1211
26;2025-12-05;14;1272
26;2025-12-05;15;1439
26;2025-12-05;16;1703
26;2025-12-05;17;1800
26;2025-12-05;18;1448
26;2025-12-05;19;1117
26;2025-12-05;20;735
26;2025-12-05;21;462
26;2025-12-05;22;216
26;2025-12-05;23;151
26;2025-12-06;0;45
26;2025-12-06;1;3
26;2025-12-06;2;0
26;2025-12-06;3;0
26;2025-12-06;4;2
26;2025-12-06;5;45
26;2025-12-06;6;272
26;2025-12-06;7;384
26;2025-12-06;8;620
26;2025-12-06;9;709
26;2025-12-06;10;847
26;2025-12-06;11;1037
26;2025-12-06;12;1099
26;2025-12-06;13;1099
26;2025-12-06;14;1118
26;2025-12-06;15;1027
26;2025-12-06;16;1061
26;2025-12-06;17;979
26;2025-12-06;18;929
26;2025-12-06;19;799
26;2025-12-06;20;556
26;2025-12-06;21;373
26;2025-12-06;22;218
26;2025-12-06;23;155
26;2025-12-07;0;52
26;2025-12-07;1;5
26;2025-12-07;2;0
26;2025-12-07;3;0
26;2025-12-07;4;2
26;2025-12-07;5;33
26;2025-12-07;6;167
26;2025-12-07;7;255
26;2025-12-07;8;407
26;2025-12-07;9;573
26;2025-12-07;10;631
26;2025-12-07;11;886
26;2025-12-07;12;893
26;2025-12-07;13;967
26;2025-12-07;14;927
26;2025-12-07;15;859
26;2025-12-07;16;832
26;2025-12-07;17;850
26;2025-12-07;18;771
26;2025-12-07;19;584
26;2025-12-07;20;427
26;2025-12-07;21;305
26;2025-12-07;22;201
26;2025-12-07;23;115
26;2025-12-08;0;30
26;2025-12-08;1;2
26;2025-12-08;2;0
26;2025-12-08;3;0
26;2025-12-08;4;2
26;2025-12-08;5;93
26;2025-12-08;6;505
26;2025-12-08;7;1110
26;2025-12-08;8;2188
26;2025-12-08;9;1476
26;2025-12-08;10;1220
26;2025-12-08;11;1104
26;2025-12-08;12;1144
26;2025-12-08;13;1186
26;2025-12-08;14;1236
26;2025-12-08;15;1340
26;2025-12-08;16;1494
26;2025-12-08;17;1711
26;2025-12-08;18;1911
26;2025-12-08;19;1287
26;2025-12-08;20;769
26;2025-12-08;21;472
26;2025-12-08;22;217
26;2025-12-08;23;114
26;2025-12-09;0;31
26;2025-12-09;1;2
26;2025-12-09;2;0
26;2025-12-09;3;0
26;2025-12-09;4;2
26;2025-12-09;5;95
26;2025-12-09;6;519
26;2025-12-09;7;1140
26;2025-12-09;8;2249
26;2025-12-09;9;1516
26;2025-12-09;10;1253
26;2025-12-09;11;1134
26;2025-12-09;12;1175
26;2025-12-09;13;1218
26;2025-12-09;14;1270
26;2025-12-09;15;1377
26;2025-12-09;16;1535
26;2025-12-09;17;1758
26;2025-12-09;18;1963
26;2025-12-09;19;1323
26;2025-12-09;20;790
26;2025-12-09;21;485
26;2025-12-09;22;223
26;2025-12-09;23;118
26;2025-12-10;0;31
26;2025-12-10;1;2
26;2025-12-10;2;0
26;2025-12-10;3;0
26;2025-12-10;4;2
26;2025-12-10;5;95
26;2025-12-10;6;519
26;2025-12-10;7;1140
26;2025-12-10;8;2249
26;2025-12-10;9;1516
26;2025-12-10;10;1253
26;2025-12-10;11;1134
26;2025-12-10;12;1175
26;2025-12-10;13;1218
26;2025-12-10;14;1270
26;2025-12-10;15;1377
26;2025-12-10;16;1535
26;2025-12-10;17;1758
26;2025-12-10;18;1963
26;2025-12-10;19;1323
26;2025-12-10;20;790
26;2025-12-10;21;485
26;2025-12-10;22;223
26;2025-12-10;23;118
26;2025-12-11;0;31
26;2025-12-11;1;2
26;2025-12-11;2;0
26;2025-12-11;3;0
26;2025-12-11;4;2
26;2025-12-11;5;95
26;2025-12-11;6;519
26;2025-12-11;7;1140
26;2025-12-11;8;2249
26;2025-12-11;9;1516
26;2025-12-11;10;1253
26;2025-12-11;11;1134
26;2025-12-11;12;1175
26;2025-12-11;13;1218
26;2025-12-11;14;1270
26;2025-12-11;15;1377
26;2025-12-11;16;1535
26;2025-12-11;17;1758
26;2025-12-11;18;1963
26;2025-12-11;19;1323
26;2025-12-11;20;790
26;2025-12-11;21;485
26;2025-12-11;22;223
26;2025-12-11;23;118
26;2025-12-12;0;31
26;2025-12-12;1;2
26;2025-12-12;2;0
26;2025-12-12;3;0
26;2025-12-12;4;1
26;2025-12-12;5;90
26;2025-12-12;6;531
26;2025-12-12;7;1072
26;2025-12-12;8;2153
26;2025-12-12;9;1472
26;2025-12-12;10;1250
26;2025-12-12;11;1140
26;2025-12-12;12;1165
26;2025-12-12;13;1211
26;2025-12-12;14;1272
26;2025-12-12;15;1439
26;2025-12-12;16;1703
26;2025-12-12;17;1800
26;2025-12-12;18;1448
26;2025-12-12;19;1117
26;2025-12-12;20;735
26;2025-12-12;21;462
26;2025-12-12;22;216
26;2025-12-12;23;151
26;2025-12-13;0;45
26;2025-12-13;1;3
26;2025-12-13;2;0
26;2025-12-13;3;0
26;2025-12-13;4;2
26;2025-12-13;5;45
26;2025-12-13;6;272
26;2025-12-13;7;384
26;2025-12-13;8;620
26;2025-12-13;9;709
26;2025-12-13;10;847
26;2025-12-13;11;1037
26;2025-12-13;12;1099
26;2025-12-13;13;1099
26;2025-12-13;14;1118
26;2025-12-13;15;1027
26;2025-12-13;16;1061
26;2025-12-13;17;979
26;2025-12-13;18;929
26;2025-12-13;19;799
26;2025-12-13;20;556
26;2025-12-13;21;373
26;2025-12-13;22;218
26;2025-12-13;23;155
26;2025-12-14;0;52
26;2025-12-14;1;5
26;2025-12-14;2;0
26;2025-12-14;3;0
26;2025-12-14;4;2
26;2025-12-14;5;33
26;2025-12-14;6;167
26;2025-12-14;7;255
26;2025-12-14;8;407
26;2025-12-14;9;573
26;2025-12-14;10;631
26;2025-12-14;11;886
26;2025-12-14;12;893
26;2025-12-14;13;967
26;2025-12-14;14;927
26;2025-12-14;15;859
26;2025-12-14;16;832
26;2025-12-14;17;850
26;2025-12-14;18;771
26;2025-12-14;19;584
26;2025-12-14;20;427
26;2025-12-14;21;305
26;2025-12-14;22;201
26;2025-12-14;23;115
26;2025-12-15;0;30
26;2025-12-15;1;2
26;2025-12-15;2;0
26;2025-12-15;3;0
26;2025-12-15;4;2
26;2025-12-15;5;93
26;2025-12-15;6;505
26;2025-12-15;7;1110
26;2025-12-15;8;2188
26;2025-12-15;9;1476
26;2025-12-15;10;1220
26;2025-12-15;11;1104
26;2025-12-15;12;1144
26;2025-12-15;13;1186
26;2025-12-15;14;1236
26;2025-12-15;15;1340
26;2025-12-15;16;1494
26;2025-12-15;17;1711
26;2025-12-15;18;1911
26;2025-12-15;19;1287
26;2025-12-15;20;769
26;2025-12-15;21;472
26;2025-12-15;22;217
26;2025-12-15;23;114
26;2025-12-16;0;31
26;2025-12-16;1;2
26;2025-12-16;2;0
26;2025-12-16;3;0
26;2025-12-16;4;2
26;2025-12-16;5;95
26;2025-12-16;6;519
26;2025-12-16;7;1140
26;2025-12-16;8;2249
26;2025-12-16;9;1516
26;2025-12-16;10;1253
26;2025-12-16;11;1134
26;2025-12-16;12;1175
26;2025-12-16;13;1218
26;2025-12-16;14;1270
26;2025-12-16;15;1377
26;2025-12-16;16;1535
26;2025-12-16;17;1758
26;2025-12-16;18;1963
26;2025-12-16;19;1323
26;2025-12-16;20;790
26;2025-12-16;21;485
26;2025-12-16;22;223
26;2025-12-16;23;118
26;2025-12-17;0;31
26;2025-12-17;1;2
26;2025-12-17;2;0
26;2025-12-17;3;0
26;2025-12-17;4;2
26;2025-12-17;5;95
26;2025-12-17;6;519
26;2025-12-17;7;1140
26;2025-12-17;8;2249
26;2025-12-17;9;1516
26;2025-12-17;10;1253
26;2025-12-17;11;1134
26;2025-12-17;12;1175
26;2025-12-17;13;1218
26;2025-12-17;14;1270
26;2025-12-17;15;1377
26;2025-12-17;16;1535
26;2025-12-17;17;1758
26;2025-12-17;18;1963
26;2025-12-17;19;1323
26;2025-12-17;20;790
26;2025-12-17;21;485
26;2025-12-17;22;223
26;2025-12-17;23;118
26;2025-12-18;0;31
26;2025-12-18;1;2
26;2025-12-18;2;0
26;2025-12-18;3;0
26;2025-12-18;4;2
26;2025-12-18;5;95
26;2025-12-18;6;519
26;2025-12-18;7;1140
26;2025-12-18;8;2249
26;2025-12-18;9;1516
26;2025-12-18;10;1253
26;2025-12-18;11;1134
26;2025-12-18;12;1175
26;2025-12-18;13;1218
26;2025-12-18;14;1270
26;2025-12-18;15;1377
26;2025-12-18;16;1535
26;2025-12-18;17;1758
26;2025-12-18;18;1963
26;2025-12-18;19;1323
26;2025-12-18;20;790
26;2025-12-18;21;485
26;2025-12-18;22;223
26;2025-12-18;23;118
26;2025-12-19;0;31
26;2025-12-19;1;2
26;2025-12-19;2;0
26;2025-12-19;3;0
26;2025-12-19;4;1
26;2025-12-19;5;90
26;2025-12-19;6;531
26;2025-12-19;7;1072
26;2025-12-19;8;2153
26;2025-12-19;9;1472
26;2025-12-19;10;1250
26;2025-12-19;11;1140
26;2025-12-19;12;1165
26;2025-12-19;13;1211
26;2025-12-19;14;1272
26;2025-12-19;15;1439
26;2025-12-19;16;1703
26;2025-12-19;17;1800
26;2025-12-19;18;1448
26;2025-12-19;19;1117
26;2025-12-19;20;735
26;2025-12-19;21;462
26;2025-12-19;22;216
26;2025-12-19;23;151
26;2025-12-20;0;45
26;2025-12-20;1;3
26;2025-12-20;2;0
26;2025-12-20;3;0
26;2025-12-20;4;2
26;2025-12-20;5;45
26;2025-12-20;6;272
26;2025-12-20;7;384
26;2025-12-20;8;620
26;2025-12-20;9;709
26;2025-12-20;10;847
26;2025-12-20;11;1037
26;2025-12-20;12;1099
26;2025-12-20;13;1099
26;2025-12-20;14;1118
26;2025-12-20;15;1027
26;2025-12-20;16;1061
26;2025-12-20;17;979
26;2025-12-20;18;929
26;2025-12-20;19;799
26;2025-12-20;20;556
26;2025-12-20;21;373
26;2025-12-20;22;218
26;2025-12-20;23;155
26;2025-12-21;0;52
26;2025-12-21;1;5
26;2025-12-21;2;0
26;2025-12-21;3;0
26;2025-12-21;4;2
26;2025-12-21;5;33
26;2025-12-21;6;167
26;2025-12-21;7;255
26;2025-12-21;8;407
26;2025-12-21;9;573
26;2025-12-21;10;631
26;2025-12-21;11;886
26;2025-12-21;12;893
26;2025-12-21;13;967
26;2025-12-21;14;927
26;2025-12-21;15;859
26;2025-12-21;16;832
26;2025-12-21;17;850
26;2025-12-21;18;771
26;2025-12-21;19;584
26;2025-12-21;20;427
26;2025-12-21;21;305
26;2025-12-21;22;201
26;2025-12-21;23;115
26;2025-12-22;0;30
26;2025-12-22;1;2
26;2025-12-22;2;0
26;2025-12-22;3;0
26;2025-12-22;4;2
26;2025-12-22;5;93
26;2025-12-22;6;505
26;2025-12-22;7;1110
26;2025-12-22;8;2188
26;2025-12-22;9;1476
26;2025-12-22;10;1220
26;2025-12-22;11;1104
26;2025-12-22;12;1144
26;2025-12-22;13;1186
26;2025-12-22;14;1236
26;2025-12-22;15;1340
26;2025-12-22;16;1494
26;2025-12-22;17;1711
26;2025-12-22;18;1911
26;2025-12-22;19;1287
26;2025-12-22;20;769
26;2025-12-22;21;472
26;2025-12-22;22;217
26;2025-12-22;23;114
26;2025-12-23;0;31
26;2025-12-23;1;2
26;2025-12-23;2;0
26;2025-12-23;3;0
26;2025-12-23;4;2
26;2025-12-23;5;95
26;2025-12-23;6;519
26;2025-12-23;7;1140
26;2025-12-23;8;2249
26;2025-12-23;9;1516
26;2025-12-23;10;1253
26;2025-12-23;11;1134
26;2025-12-23;12;1175
26;2025-12-23;13;1218
26;2025-12-23;14;1270
26;2025-12-23;15;1377
26;2025-12-23;16;1535
26;2025-12-23;17;1758
26;2025-12-23;18;1963
26;2025-12-23;19;1323
26;2025-12-23;20;790
26;2025-12-23;21;485
26;2025-12-23;22;223
26;2025-12-23;23;118
26;2025-12-24;0;31
26;2025-12-24;1;2
26;2025-12-24;2;0
26;2025-12-24;3;0
26;2025-12-24;4;2
26;2025-12-24;5;95
26;2025-12-24;6;519
26;2025-12-24;7;1140
26;2025-12-24;8;2249
26;2025-12-24;9;1516
26;2025-12-24;10;1253
26;2025-12-24;11;1134
26;2025-12-24;12;1175
26;2025-12-24;13;1218
26;2025-12-24;14;1270
26;2025-12-24;15;1377
26;2025-12-24;16;1535
26;2025-12-24;17;1758
26;2025-12-24;18;1963
26;2025-12-24;19;1323
26;2025-12-24;20;790
26;2025-12-24;21;485
26;2025-12-24;22;223
26;2025-12-24;23;118
26;2025-12-25;0;31
26;2025-12-25;1;2
26;2025-12-25;2;0
26;2025-12-25;3;0
26;2025-12-25;4;2
26;2025-12-25;5;95
26;2025-12-25;6;519
26;2025-12-25;7;1140
26;2025-12-25;8;2249
26;2025-12-25;9;1516
26;2025-12-25;10;1253
26;2025-12-25;11;1134
26;2025-12-25;12;1175
26;2025-12-25;13;1218
26;2025-12-25;14;1270
26;2025-12-25;15;1377
26;2025-12-25;16;1535
26;2025-12-25;17;1758
26;2025-12-25;18;1963
26;2025-12-25;19;1323
26;2025-12-25;20;790
26;2025-12-25;21;485
26;2025-12-25;22;223
26;2025-12-25;23;118
26;2025-12-26;0;31
26;2025-12-26;1;2
26;2025-12-26;2;0
26;2025-12-26;3;0
26;2025-12-26;4;1
26;2025-12-26;5;90
26;2025-12-26;6;531
26;2025-12-26;7;1072
26;2025-12-26;8;2153
26;2025-12-26;9;1472
26;2025-12-26;10;1250
26;2025-12-26;11;1140
26;2025-12-26;12;1165
26;2025-12-26;13;1211
26;2025-12-26;14;1272
26;2025-12-26;15;1439
26;2025-12-26;16;1703
26;2025-12-26;17;1800
26;2025-12-26;18;1448
26;2025-12-26;19;1117
26;2025-12-26;20;735
26;2025-12-26;21;462
26;2025-12-26;22;216
26;2025-12-26;23;151
26;2025-12-27;0;45
26;2025-12-27;1;3
26;2025-12-27;2;0
26;2025-12-27;3;0
26;2025-12-27;4;2
26;2025-12-27;5;45
26;2025-12-27;6;272
26;2025-12-27;7;384
26;2025-12-27;8;620
26;2025-12-27;9;709
26;2025-12-27;10;847
26;2025-12-27;11;1037
26;2025-12-27;12;1099
26;2025-12-27;13;1099
26;2025-12-27;14;1118
26;2025-12-27;15;1027
26;2025-12-27;16;1061
26;2025-12-27;17;979
26;2025-12-27;18;929
26;2025-12-27;19;799
26;2025-12-27;20;556
26;2025-12-27;21;373
26;2025-12-27;22;218
26;2025-12-27;23;155
26;2025-12-28;0;52
26;2025-12-28;1;5
26;2025-12-28;2;0
26;2025-12-28;3;0
26;2025-12-28;4;2
26;2025-12-28;5;33
26;2025-12-28;6;167
26;2025-12-28;7;255
26;2025-12-28;8;407
26;2025-12-28;9;573
26;2025-12-28;10;631
26;2025-12-28;11;886
26;2025-12-28;12;893
26;2025-12-28;13;967
26;2025-12-28;14;927
26;2025-12-28;15;859
26;2025-12-28;16;832
26;2025-12-28;17;850
26;2025-12-28;18;771
26;2025-12-28;19;584
26;2025-12-28;20;427
26;2025-12-28;21;305
26;2025-12-28;22;201
26;2025-12-28;23;115
26;2025-12-29;0;27
26;2025-12-29;1;1
26;2025-12-29;2;0
26;2025-12-29;3;0
26;2025-12-29;4;2
26;2025-12-29;5;84
26;2025-12-29;6;454
26;2025-12-29;7;999
26;2025-12-29;8;1969
26;2025-12-29;9;1328
26;2025-12-29;10;1098
26;2025-12-29;11;993
26;2025-12-29;12;1030
26;2025-12-29;13;1067
26;2025-12-29;14;1112
26;2025-12-29;15;1206
26;2025-12-29;16;1344
26;2025-12-29;17;1540
26;2025-12-29;18;1720
26;2025-12-29;19;1159
26;2025-12-29;20;692
26;2025-12-29;21;425
26;2025-12-29;22;195
26;2025-12-29;23;103
26;2025-12-30;0;26
26;2025-12-30;1;1
26;2025-12-30;2;0
26;2025-12-30;3;0
26;2025-12-30;4;1
26;2025-12-30;5;81
26;2025-12-30;6;441
26;2025-12-30;7;969
26;2025-12-30;8;1911
26;2025-12-30;9;1289
26;2025-12-30;10;1065
26;2025-12-30;11;964
26;2025-12-30;12;999
26;2025-12-30;13;1036
26;2025-12-30;14;1079
26;2025-12-30;15;1171
26;2025-12-30;16;1305
26;2025-12-30;17;1495
26;2025-12-30;18;1669
26;2025-12-30;19;1124
26;2025-12-30;20;672
26;2025-12-30;21;412
26;2025-12-30;22;190
26;2025-12-30;23;100
26;2025-12-31;0;45
26;2025-12-31;1;3
26;2025-12-31;2;0
26;2025-12-31;3;0
26;2025-12-31;4;2
26;2025-12-31;5;45
26;2025-12-31;6;272
26;2025-12-31;7;384
26;2025-12-31;8;620
26;2025-12-31;9;709
26;2025-12-31;10;847
26;2025-12-31;11;1037
26;2025-12-31;12;1099
26;2025-12-31;13;1099
26;2025-12-31;14;1118
26;2025-12-31;15;1027
26;2025-12-31;16;1061
26;2025-12-31;17;979
26;2025-12-31;18;929
26;2025-12-31;19;799
26;2025-12-31;20;556
26;2025-12-31;21;373
26;2025-12-31;22;218
26;2025-12-31;23;155
28;2025-11-01;0;0
28;2025-11-01;1;0
28;2025-11-01;2;0
28;2025-11-01;3;0
28;2025-11-01;4;1
28;2025-11-01;5;57
28;2025-11-01;6;207
28;2025-11-01;7;635
28;2025-11-01;8;966
28;2025-11-01;9;649
28;2025-11-01;10;493
28;2025-11-01;11;449
28;2025-11-01;12;562
28;2025-11-01;13;569
28;2025-11-01;14;551
28;2025-11-01;15;565
28;2025-11-01;16;765
28;2025-11-01;17;778
28;2025-11-01;18;658
28;2025-11-01;19;484
28;2025-11-01;20;354
28;2025-11-01;21;242
28;2025-11-01;22;108
28;2025-11-01;23;16
28;2025-11-02;0;1
28;2025-11-02;1;0
28;2025-11-02;2;0
28;2025-11-02;3;0
28;2025-11-02;4;0
28;2025-11-02;5;29
28;2025-11-02;6;80
28;2025-11-02;7;150
28;2025-11-02;8;248
28;2025-11-02;9;338
28;2025-11-02;10;380
28;2025-11-02;11;417
28;2025-11-02;12;450
28;2025-11-02;13;538
28;2025-11-02;14;505
28;2025-11-02;15;513
28;2025-11-02;16;474
28;2025-11-02;17;502
28;2025-11-02;18;419
28;2025-11-02;19;371
28;2025-11-02;20;289
28;2025-11-02;21;229
28;2025-11-02;22;108
28;2025-11-02;23;12
28;2025-11-03;0;1
28;2025-11-03;1;0
28;2025-11-03;2;0
28;2025-11-03;3;0
28;2025-11-03;4;1
28;2025-11-03;5;28
28;2025-11-03;6;77
28;2025-11-03;7;159
28;2025-11-03;8;266
28;2025-11-03;9;342
28;2025-11-03;10;375
28;2025-11-03;11;398
28;2025-11-03;12;446
28;2025-11-03;13;494
28;2025-11-03;14;471
28;2025-11-03;15;476
28;2025-11-03;16;456
28;2025-11-03;17;464
28;2025-11-03;18;397
28;2025-11-03;19;331
28;2025-11-03;20;250
28;2025-11-03;21;212
28;2025-11-03;22;96
28;2025-11-03;23;11
28;2025-11-04;0;1
28;2025-11-04;1;0
28;2025-11-04;2;0
28;2025-11-04;3;0
28;2025-11-04;4;1
28;2025-11-04;5;28
28;2025-11-04;6;77
28;2025-11-04;7;159
28;2025-11-04;8;266
28;2025-11-04;9;342
28;2025-11-04;10;375
28;2025-11-04;11;398
28;2025-11-04;12;446
28;2025-11-04;13;494
28;2025-11-04;14;471
28;2025-11-04;15;476
28;2025-11-04;16;456
28;2025-11-04;17;464
28;2025-11-04;18;397
28;2025-11-04;19;331
28;2025-11-04;20;250
28;2025-11-04;21;212
28;2025-11-04;22;96
28;2025-11-04;23;11
28;2025-11-05;0;3
28;2025-11-05;1;0
28;2025-11-05;2;0
28;2025-11-05;3;0
28;2025-11-05;4;2
28;2025-11-05;5;81
28;2025-11-05;6;270
28;2025-11-05;7;836
28;2025-11-05;8;1304
28;2025-11-05;9;886
28;2025-11-05;10;652
28;2025-11-05;11;579
28;2025-11-05;12;704
28;2025-11-05;13;726
28;2025-11-05;14;667
28;2025-11-05;15;704
28;2025-11-05;16;889
28;2025-11-05;17;1046
28;2025-11-05;18;1028
28;2025-11-05;19;764
28;2025-11-05;20;531
28;2025-11-05;21;325
28;2025-11-05;22;134
28;2025-11-05;23;20
28;2025-11-06;0;3
28;2025-11-06;1;0
28;2025-11-06;2;0
28;2025-11-06;3;0
28;2025-11-06;4;2
28;2025-11-06;5;81
28;2025-11-06;6;270
28;2025-11-06;7;836
28;2025-11-06;8;1304
28;2025-11-06;9;886
28;2025-11-06;10;652
28;2025-11-06;11;579
28;2025-11-06;12;704
28;2025-11-06;13;726
28;2025-11-06;14;667
28;2025-11-06;15;704
28;2025-11-06;16;889
28;2025-11-06;17;1046
28;2025-11-06;18;1028
28;2025-11-06;19;764
28;2025-11-06;20;531
28;2025-11-06;21;325
28;2025-11-06;22;134
28;2025-11-06;23;20
28;2025-11-07;0;2
28;2025-11-07;1;0
28;2025-11-07;2;0
28;2025-11-07;3;0
28;2025-11-07;4;1
28;2025-11-07;5;74
28;2025-11-07;6;266
28;2025-11-07;7;818
28;2025-11-07;8;1245
28;2025-11-07;9;837
28;2025-11-07;10;635
28;2025-11-07;11;579
28;2025-11-07;12;724
28;2025-11-07;13;733
28;2025-11-07;14;710
28;2025-11-07;15;728
28;2025-11-07;16;986
28;2025-11-07;17;1002
28;2025-11-07;18;848
28;2025-11-07;19;624
28;2025-11-07;20;456
28;2025-11-07;21;312
28;2025-11-07;22;140
28;2025-11-07;23;21
28;2025-11-08;0;1
28;2025-11-08;1;0
28;2025-11-08;2;0
28;2025-11-08;3;0
28;2025-11-08;4;1
28;2025-11-08;5;36
28;2025-11-08;6;100
28;2025-11-08;7;225
28;2025-11-08;8;381
28;2025-11-08;9;467
28;2025-11-08;10;498
28;2025-11-08;11;513
28;2025-11-08;12;596
28;2025-11-08;13;612
28;2025-11-08;14;592
28;2025-11-08;15;596
28;2025-11-08;16;592
28;2025-11-08;17;580
28;2025-11-08;18;508
28;2025-11-08;19;398
28;2025-11-08;20;289
28;2025-11-08;21;266
28;2025-11-08;22;114
28;2025-11-08;23;14
28;2025-11-09;0;1
28;2025-11-09;1;0
28;2025-11-09;2;0
28;2025-11-09;3;0
28;2025-11-09;4;0
28;2025-11-09;5;29
28;2025-11-09;6;80
28;2025-11-09;7;150
28;2025-11-09;8;248
28;2025-11-09;9;338
28;2025-11-09;10;380
28;2025-11-09;11;417
28;2025-11-09;12;450
28;2025-11-09;13;538
28;2025-11-09;14;505
28;2025-11-09;15;513
28;2025-11-09;16;474
28;2025-11-09;17;502
28;2025-11-09;18;419
28;2025-11-09;19;371
28;2025-11-09;20;289
28;2025-11-09;21;229
28;2025-11-09;22;108
28;2025-11-09;23;12
28;2025-11-10;0;3
28;2025-11-10;1;0
28;2025-11-10;2;0
28;2025-11-10;3;0
28;2025-11-10;4;2
28;2025-11-10;5;79
28;2025-11-10;6;263
28;2025-11-10;7;813
28;2025-11-10;8;1269
28;2025-11-10;9;862
28;2025-11-10;10;635
28;2025-11-10;11;563
28;2025-11-10;12;685
28;2025-11-10;13;707
28;2025-11-10;14;650
28;2025-11-10;15;685
28;2025-11-10;16;865
28;2025-11-10;17;1018
28;2025-11-10;18;1001
28;2025-11-10;19;743
28;2025-11-10;20;517
28;2025-11-10;21;316
28;2025-11-10;22;131
28;2025-11-10;23;19
28;2025-11-11;0;3
28;2025-11-11;1;0
28;2025-11-11;2;0
28;2025-11-11;3;0
28;2025-11-11;4;2
28;2025-11-11;5;81
28;2025-11-11;6;270
28;2025-11-11;7;836
28;2025-11-11;8;1304
28;2025-11-11;9;886
28;2025-11-11;10;652
28;2025-11-11;11;579
28;2025-11-11;12;704
28;2025-11-11;13;726
28;2025-11-11;14;667
28;2025-11-11;15;704
28;2025-11-11;16;889
28;2025-11-11;17;1046
28;2025-11-11;18;1028
28;2025-11-11;19;764
28;2025-11-11;20;531
28;2025-11-11;21;325
28;2025-11-11;22;134
28;2025-11-11;23;20
28;2025-11-12;0;3
28;2025-11-12;1;0
28;2025-11-12;2;0
28;2025-11-12;3;0
28;2025-11-12;4;2
28;2025-11-12;5;81
28;2025-11-12;6;270
28;2025-11-12;7;836
28;2025-11-12;8;1304
28;2025-11-12;9;886
28;2025-11-12;10;652
28;2025-11-12;11;579
28;2025-11-12;12;704
28;2025-11-12;13;726
28;2025-11-12;14;667
28;2025-11-12;15;704
28;2025-11-12;16;889
28;2025-11-12;17;1046
28;2025-11-12;18;1028
28;2025-11-12;19;764
28;2025-11-12;20;531
28;2025-11-12;21;325
28;2025-11-12;22;134
28;2025-11-12;23;20
28;2025-11-13;0;3
28;2025-11-13;1;0
28;2025-11-13;2;0
28;2025-11-13;3;0
28;2025-11-13;4;2
28;2025-11-13;5;81
28;2025-11-13;6;270
28;2025-11-13;7;836
28;2025-11-13;8;1304
28;2025-11-13;9;886
28;2025-11-13;10;652
28;2025-11-13;11;579
28;2025-11-13;12;704
28;2025-11-13;13;726
28;2025-11-13;14;667
28;2025-11-13;15;704
28;2025-11-13;16;889
28;2025-11-13;17;1046
28;2025-11-13;18;1028
28;2025-11-13;19;764
28;2025-11-13;20;531
28;2025-11-13;21;325
28;2025-11-13;22;134
28;2025-11-13;23;20
28;2025-11-14;0;2
28;2025-11-14;1;0
28;2025-11-14;2;0
28;2025-11-14;3;0
28;2025-11-14;4;1
28;2025-11-14;5;74
28;2025-11-14;6;266
28;2025-11-14;7;818
28;2025-11-14;8;1245
28;2025-11-14;9;837
28;2025-11-14;10;635
28;2025-11-14;11;579
28;2025-11-14;12;724
28;2025-11-14;13;733
28;2025-11-14;14;710
28;2025-11-14;15;728
28;2025-11-14;16;986
28;2025-11-14;17;1002
28;2025-11-14;18;848
28;2025-11-14;19;624
28;2025-11-14;20;456
28;2025-11-14;21;312
28;2025-11-14;22;140
28;2025-11-14;23;21
28;2025-11-15;0;1
28;2025-11-15;1;0
28;2025-11-15;2;0
28;2025-11-15;3;0
28;2025-11-15;4;1
28;2025-11-15;5;36
28;2025-11-15;6;100
28;2025-11-15;7;225
28;2025-11-15;8;381
28;2025-11-15;9;467
28;2025-11-15;10;498
28;2025-11-15;11;513
28;2025-11-15;12;596
28;2025-11-15;13;612
28;2025-11-15;14;592
28;2025-11-15;15;596
28;2025-11-15;16;592
28;2025-11-15;17;580
28;2025-11-15;18;508
28;2025-11-15;19;398
28;2025-11-15;20;289
28;2025-11-15;21;266
28;2025-11-15;22;114
28;2025-11-15;23;14
28;2025-11-16;0;1
28;2025-11-16;1;0
28;2025-11-16;2;0
28;2025-11-16;3;0
28;2025-11-16;4;0
28;2025-11-16;5;29
28;2025-11-16;6;80
28;2025-11-16;7;150
28;2025-11-16;8;248
28;2025-11-16;9;338
28;2025-11-16;10;380
28;2025-11-16;11;417
28;2025-11-16;12;450
28;2025-11-16;13;538
28;2025-11-16;14;505
28;2025-11-16;15;513
28;2025-11-16;16;474
28;2025-11-16;17;502
28;2025-11-16;18;419
28;2025-11-16;19;371
28;2025-11-16;20;289
28;2025-11-16;21;229
28;2025-11-16;22;108
28;2025-11-16;23;12
28;2025-11-17;0;3
28;2025-11-17;1;0
28;2025-11-17;2;0
28;2025-11-17;3;0
28;2025-11-17;4;2
28;2025-11-17;5;79
28;2025-11-17;6;263
28;2025-11-17;7;813
28;2025-11-17;8;1269
28;2025-11-17;9;862
28;2025-11-17;10;635
28;2025-11-17;11;563
28;2025-11-17;12;685
28;2025-11-17;13;707
28;2025-11-17;14;650
28;2025-11-17;15;685
28;2025-11-17;16;865
28;2025-11-17;17;1018
28;2025-11-17;18;1001
28;2025-11-17;19;743
28;2025-11-17;20;517
28;2025-11-17;21;316
28;2025-11-17;22;131
28;2025-11-17;23;19
28;2025-11-18;0;3
28;2025-11-18;1;0
28;2025-11-18;2;0
28;2025-11-18;3;0
28;2025-11-18;4;2
28;2025-11-18;5;81
28;2025-11-18;6;270
28;2025-11-18;7;836
28;2025-11-18;8;1304
28;2025-11-18;9;886
28;2025-11-18;10;652
28;2025-11-18;11;579
28;2025-11-18;12;704
28;2025-11-18;13;726
28;2025-11-18;14;667
28;2025-11-18;15;704
28;2025-11-18;16;889
28;2025-11-18;17;1046
28;2025-11-18;18;1028
28;2025-11-18;19;764
28;2025-11-18;20;531
28;2025-11-18;21;325
28;2025-11-18;22;134
28;2025-11-18;23;20
28;2025-11-19;0;3
28;2025-11-19;1;0
28;2025-11-19;2;0
28;2025-11-19;3;0
28;2025-11-19;4;2
28;2025-11-19;5;81
28;2025-11-19;6;270
28;2025-11-19;7;836
28;2025-11-19;8;1304
28;2025-11-19;9;886
28;2025-11-19;10;652
28;2025-11-19;11;579
28;2025-11-19;12;704
28;2025-11-19;13;726
28;2025-11-19;14;667
28;2025-11-19;15;704
28;2025-11-19;16;889
28;2025-11-19;17;1046
28;2025-11-19;18;1028
28;2025-11-19;19;764
28;2025-11-19;20;531
28;2025-11-19;21;325
28;2025-11-19;22;134
28;2025-11-19;23;20
28;2025-11-20;0;3
28;2025-11-20;1;0
28;2025-11-20;2;0
28;2025-11-20;3;0
28;2025-11-20;4;2
28;2025-11-20;5;81
28;2025-11-20;6;270
28;2025-11-20;7;836
28;2025-11-20;8;1304
28;2025-11-20;9;886
28;2025-11-20;10;652
28;2025-11-20;11;579
28;2025-11-20;12;704
28;2025-11-20;13;726
28;2025-11-20;14;667
28;2025-11-20;15;704
28;2025-11-20;16;889
28;2025-11-20;17;1046
28;2025-11-20;18;1028
28;2025-11-20;19;764
28;2025-11-20;20;531
28;2025-11-20;21;325
28;2025-11-20;22;134
28;2025-11-20;23;20
28;2025-11-21;0;2
28;2025-11-21;1;0
28;2025-11-21;2;0
28;2025-11-21;3;0
28;2025-11-21;4;1
28;2025-11-21;5;74
28;2025-11-21;6;266
28;2025-11-21;7;818
28;2025-11-21;8;1245
28;2025-11-21;9;837
28;2025-11-21;10;635
28;2025-11-21;11;579
28;2025-11-21;12;724
28;2025-11-21;13;733
28;2025-11-21;14;710
28;2025-11-21;15;728
28;2025-11-21;16;986
28;2025-11-21;17;1002
28;2025-11-21;18;848
28;2025-11-21;19;624
28;2025-11-21;20;456
28;2025-11-21;21;312
28;2025-11-21;22;140
28;2025-11-21;23;21
28;2025-11-22;0;1
28;2025-11-22;1;0
28;2025-11-22;2;0
28;2025-11-22;3;0
28;2025-11-22;4;1
28;2025-11-22;5;36
28;2025-11-22;6;100
28;2025-11-22;7;225
28;2025-11-22;8;381
28;2025-11-22;9;467
28;2025-11-22;10;498
28;2025-11-22;11;513
28;2025-11-22;12;596
28;2025-11-22;13;612
28;2025-11-22;14;592
28;2025-11-22;15;596
28;2025-11-22;16;592
28;2025-11-22;17;580
28;2025-11-22;18;508
28;2025-11-22;19;398
28;2025-11-22;20;289
28;2025-11-22;21;266
28;2025-11-22;22;114
28;2025-11-22;23;14
28;2025-11-23;0;1
28;2025-11-23;1;0
28;2025-11-23;2;0
28;2025-11-23;3;0
28;2025-11-23;4;0
28;2025-11-23;5;29
28;2025-11-23;6;80
28;2025-11-23;7;150
28;2025-11-23;8;248
28;2025-11-23;9;338
28;2025-11-23;10;380
28;2025-11-23;11;417
28;2025-11-23;12;450
28;2025-11-23;13;538
28;2025-11-23;14;505
28;2025-11-23;15;513
28;2025-11-23;16;474
28;2025-11-23;17;502
28;2025-11-23;18;419
28;2025-11-23;19;371
28;2025-11-23;20;289
28;2025-11-23;21;229
28;2025-11-23;22;108
28;2025-11-23;23;12
28;2025-11-24;0;3
28;2025-11-24;1;0
28;2025-11-24;2;0
28;2025-11-24;3;0
28;2025-11-24;4;2
28;2025-11-24;5;79
28;2025-11-24;6;263
28;2025-11-24;7;813
28;2025-11-24;8;1269
28;2025-11-24;9;862
28;2025-11-24;10;635
28;2025-11-24;11;563
28;2025-11-24;12;685
28;2025-11-24;13;707
28;2025-11-24;14;650
28;2025-11-24;15;685
28;2025-11-24;16;865
28;2025-11-24;17;1018
28;2025-11-24;18;1001
28;2025-11-24;19;743
28;2025-11-24;20;517
28;2025-11-24;21;316
28;2025-11-24;22;131
28;2025-11-24;23;19
28;2025-11-25;0;3
28;2025-11-25;1;0
28;2025-11-25;2;0
28;2025-11-25;3;0
28;2025-11-25;4;2
28;2025-11-25;5;81
28;2025-11-25;6;270
28;2025-11-25;7;836
28;2025-11-25;8;1304
28;2025-11-25;9;886
28;2025-11-25;10;652
28;2025-11-25;11;579
28;2025-11-25;12;704
28;2025-11-25;13;726
28;2025-11-25;14;667
28;2025-11-25;15;704
28;2025-11-25;16;889
28;2025-11-25;17;1046
28;2025-11-25;18;1028
28;2025-11-25;19;764
28;2025-11-25;20;531
28;2025-11-25;21;325
28;2025-11-25;22;134
28;2025-11-25;23;20
28;2025-11-26;0;3
28;2025-11-26;1;0
28;2025-11-26;2;0
28;2025-11-26;3;0
28;2025-11-26;4;2
28;2025-11-26;5;81
28;2025-11-26;6;270
28;2025-11-26;7;836
28;2025-11-26;8;1304
28;2025-11-26;9;886
28;2025-11-26;10;652
28;2025-11-26;11;579
28;2025-11-26;12;704
28;2025-11-26;13;726
28;2025-11-26;14;667
28;2025-11-26;15;704
28;2025-11-26;16;889
28;2025-11-26;17;1046
28;2025-11-26;18;1028
28;2025-11-26;19;764
28;2025-11-26;20;531
28;2025-11-26;21;325
28;2025-11-26;22;134
28;2025-11-26;23;20
28;2025-11-27;0;3
28;2025-11-27;1;0
28;2025-11-27;2;0
28;2025-11-27;3;0
28;2025-11-27;4;2
28;2025-11-27;5;81
28;2025-11-27;6;270
28;2025-11-27;7;836
28;2025-11-27;8;1304
28;2025-11-27;9;886
28;2025-11-27;10;652
28;2025-11-27;11;579
28;2025-11-27;12;704
28;2025-11-27;13;726
28;2025-11-27;14;667
28;2025-11-27;15;704
28;2025-11-27;16;889
28;2025-11-27;17;1046
28;2025-11-27;18;1028
28;2025-11-27;19;764
28;2025-11-27;20;531
28;2025-11-27;21;325
28;2025-11-27;22;134
28;2025-11-27;23;20
28;2025-11-28;0;2
28;2025-11-28;1;0
28;2025-11-28;2;0
28;2025-11-28;3;0
28;2025-11-28;4;1
28;2025-11-28;5;74
28;2025-11-28;6;266
28;2025-11-28;7;818
28;2025-11-28;8;1245
28;2025-11-28;9;837
28;2025-11-28;10;635
28;2025-11-28;11;579
28;2025-11-28;12;724
28;2025-11-28;13;733
28;2025-11-28;14;710
28;2025-11-28;15;728
28;2025-11-28;16;986
28;2025-11-28;17;1002
28;2025-11-28;18;848
28;2025-11-28;19;624
28;2025-11-28;20;456
28;2025-11-28;21;312
28;2025-11-28;22;140
28;2025-11-28;23;21
28;2025-11-29;0;1
28;2025-11-29;1;0
28;2025-11-29;2;0
28;2025-11-29;3;0
28;2025-11-29;4;1
28;2025-11-29;5;36
28;2025-11-29;6;100
28;2025-11-29;7;225
28;2025-11-29;8;381
28;2025-11-29;9;467
28;2025-11-29;10;498
28;2025-11-29;11;513
28;2025-11-29;12;596
28;2025-11-29;13;612
28;2025-11-29;14;592
28;2025-11-29;15;596
28;2025-11-29;16;592
28;2025-11-29;17;580
28;2025-11-29;18;508
28;2025-11-29;19;398
28;2025-11-29;20;289
28;2025-11-29;21;266
28;2025-11-29;22;114
28;2025-11-29;23;14
28;2025-11-30;0;1
28;2025-11-30;1;0
28;2025-11-30;2;0
28;2025-11-30;3;0
28;2025-11-30;4;0
28;2025-11-30;5;29
28;2025-11-30;6;80
28;2025-11-30;7;150
28;2025-11-30;8;248
28;2025-11-30;9;338
28;2025-11-30;10;380
28;2025-11-30;11;417
28;2025-11-30;12;450
28;2025-11-30;13;538
28;2025-11-30;14;505
28;2025-11-30;15;513
28;2025-11-30;16;474
28;2025-11-30;17;502
28;2025-11-30;18;419
28;2025-11-30;19;371
28;2025-11-30;20;289
28;2025-11-30;21;229
28;2025-11-30;22;108
28;2025-11-30;23;12
28;2025-12-01;0;2
28;2025-12-01;1;0
28;2025-12-01;2;0
28;2025-12-01;3;0
28;2025-12-01;4;2
28;2025-12-01;5;79
28;2025-12-01;6;266
28;2025-12-01;7;819
28;2025-12-01;8;1266
28;2025-12-01;9;869
28;2025-12-01;10;639
28;2025-12-01;11;564
28;2025-12-01;12;681
28;2025-12-01;13;708
28;2025-12-01;14;647
28;2025-12-01;15;684
28;2025-12-01;16;861
28;2025-12-01;17;1013
28;2025-12-01;18;998
28;2025-12-01;19;741
28;2025-12-01;20;517
28;2025-12-01;21;315
28;2025-12-01;22;134
28;2025-12-01;23;21
28;2025-12-02;0;3
28;2025-12-02;1;0
28;2025-12-02;2;0
28;2025-12-02;3;0
28;2025-12-02;4;2
28;2025-12-02;5;81
28;2025-12-02;6;273
28;2025-12-02;7;842
28;2025-12-02;8;1301
28;2025-12-02;9;893
28;2025-12-02;10;657
28;2025-12-02;11;580
28;2025-12-02;12;700
28;2025-12-02;13;727
28;2025-12-02;14;665
28;2025-12-02;15;703
28;2025-12-02;16;884
28;2025-12-02;17;1041
28;2025-12-02;18;1025
28;2025-12-02;19;762
28;2025-12-02;20;531
28;2025-12-02;21;324
28;2025-12-02;22;137
28;2025-12-02;23;21
28;2025-12-03;0;3
28;2025-12-03;1;0
28;2025-12-03;2;0
28;2025-12-03;3;0
28;2025-12-03;4;2
28;2025-12-03;5;81
28;2025-12-03;6;273
28;2025-12-03;7;842
28;2025-12-03;8;1301
28;2025-12-03;9;893
28;2025-12-03;10;657
28;2025-12-03;11;580
28;2025-12-03;12;700
28;2025-12-03;13;727
28;2025-12-03;14;665
28;2025-12-03;15;703
28;2025-12-03;16;884
28;2025-12-03;17;1041
28;2025-12-03;18;1025
28;2025-12-03;19;762
28;2025-12-03;20;531
28;2025-12-03;21;324
28;2025-12-03;22;137
28;2025-12-03;23;21
28;2025-12-04;0;3
28;2025-12-04;1;0
28;2025-12-04;2;0
28;2025-12-04;3;0
28;2025-12-04;4;2
28;2025-12-04;5;81
28;2025-12-04;6;273
28;2025-12-04;7;842
28;2025-12-04;8;1301
28;2025-12-04;9;893
28;2025-12-04;10;657
28;2025-12-04;11;580
28;2025-12-04;12;700
28;2025-12-04;13;727
28;2025-12-04;14;665
28;2025-12-04;15;703
28;2025-12-04;16;884
28;2025-12-04;17;1041
28;2025-12-04;18;1025
28;2025-12-04;19;762
28;2025-12-04;20;531
28;2025-12-04;21;324
28;2025-12-04;22;137
28;2025-12-04;23;21
28;2025-12-05;0;2
28;2025-12-05;1;0
28;2025-12-05;2;0
28;2025-12-05;3;0
28;2025-12-05;4;1
28;2025-12-05;5;74
28;2025-12-05;6;265
28;2025-12-05;7;814
28;2025-12-05;8;1236
28;2025-12-05;9;839
28;2025-12-05;10;639
28;2025-12-05;11;576
28;2025-12-05;12;713
28;2025-12-05;13;738
28;2025-12-05;14;713
28;2025-12-05;15;730
28;2025-12-05;16;995
28;2025-12-05;17;1005
28;2025-12-05;18;845
28;2025-12-05;19;620
28;2025-12-05;20;464
28;2025-12-05;21;309
28;2025-12-05;22;142
28;2025-12-05;23;21
28;2025-12-06;0;1
28;2025-12-06;1;0
28;2025-12-06;2;0
28;2025-12-06;3;0
28;2025-12-06;4;1
28;2025-12-06;5;36
28;2025-12-06;6;99
28;2025-12-06;7;224
28;2025-12-06;8;376
28;2025-12-06;9;469
28;2025-12-06;10;498
28;2025-12-06;11;514
28;2025-12-06;12;596
28;2025-12-06;13;614
28;2025-12-06;14;599
28;2025-12-06;15;594
28;2025-12-06;16;588
28;2025-12-06;17;578
28;2025-12-06;18;509
28;2025-12-06;19;402
28;2025-12-06;20;290
28;2025-12-06;21;267
28;2025-12-06;22;117
28;2025-12-06;23;14
28;2025-12-07;0;1
28;2025-12-07;1;0
28;2025-12-07;2;0
28;2025-12-07;3;0
28;2025-12-07;4;1
28;2025-12-07;5;29
28;2025-12-07;6;81
28;2025-12-07;7;147
28;2025-12-07;8;246
28;2025-12-07;9;334
28;2025-12-07;10;376
28;2025-12-07;11;413
28;2025-12-07;12;449
28;2025-12-07;13;536
28;2025-12-07;14;502
28;2025-12-07;15;512
28;2025-12-07;16;476
28;2025-12-07;17;503
28;2025-12-07;18;417
28;2025-12-07;19;368
28;2025-12-07;20;289
28;2025-12-07;21;228
28;2025-12-07;22;107
28;2025-12-07;23;12
28;2025-12-08;0;2
28;2025-12-08;1;0
28;2025-12-08;2;0
28;2025-12-08;3;0
28;2025-12-08;4;2
28;2025-12-08;5;79
28;2025-12-08;6;266
28;2025-12-08;7;819
28;2025-12-08;8;1266
28;2025-12-08;9;869
28;2025-12-08;10;639
28;2025-12-08;11;564
28;2025-12-08;12;681
28;2025-12-08;13;708
28;2025-12-08;14;647
28;2025-12-08;15;684
28;2025-12-08;16;861
28;2025-12-08;17;1013
28;2025-12-08;18;998
28;2025-12-08;19;741
28;2025-12-08;20;517
28;2025-12-08;21;315
28;2025-12-08;22;134
28;2025-12-08;23;21
28;2025-12-09;0;3
28;2025-12-09;1;0
28;2025-12-09;2;0
28;2025-12-09;3;0
28;2025-12-09;4;2
28;2025-12-09;5;81
28;2025-12-09;6;273
28;2025-12-09;7;842
28;2025-12-09;8;1301
28;2025-12-09;9;893
28;2025-12-09;10;657
28;2025-12-09;11;580
28;2025-12-09;12;700
28;2025-12-09;13;727
28;2025-12-09;14;665
28;2025-12-09;15;703
28;2025-12-09;16;884
28;2025-12-09;17;1041
28;2025-12-09;18;1025
28;2025-12-09;19;762
28;2025-12-09;20;531
28;2025-12-09;21;324
28;2025-12-09;22;137
28;2025-12-09;23;21
28;2025-12-10;0;3
28;2025-12-10;1;0
28;2025-12-10;2;0
28;2025-12-10;3;0
28;2025-12-10;4;2
28;2025-12-10;5;81
28;2025-12-10;6;273
28;2025-12-10;7;842
28;2025-12-10;8;1301
28;2025-12-10;9;893
28;2025-12-10;10;657
28;2025-12-10;11;580
28;2025-12-10;12;700
28;2025-12-10;13;727
28;2025-12-10;14;665
28;2025-12-10;15;703
28;2025-12-10;16;884
28;2025-12-10;17;1041
28;2025-12-10;18;1025
28;2025-12-10;19;762
28;2025-12-10;20;531
28;2025-12-10;21;324
28;2025-12-10;22;137
28;2025-12-10;23;21
28;2025-12-11;0;3
28;2025-12-11;1;0
28;2025-12-11;2;0
28;2025-12-11;3;0
28;2025-12-11;4;2
28;2025-12-11;5;81
28;2025-12-11;6;273
28;2025-12-11;7;842
28;2025-12-11;8;1301
28;2025-12-11;9;893
28;2025-12-11;10;657
28;2025-12-11;11;580
28;2025-12-11;12;700
28;2025-12-11;13;727
28;2025-12-11;14;665
28;2025-12-11;15;703
28;2025-12-11;16;884
28;2025-12-11;17;1041
28;2025-12-11;18;1025
28;2025-12-11;19;762
28;2025-12-11;20;531
28;2025-12-11;21;324
28;2025-12-11;22;137
28;2025-12-11;23;21
28;2025-12-12;0;2
28;2025-12-12;1;0
28;2025-12-12;2;0
28;2025-12-12;3;0
28;2025-12-12;4;1
28;2025-12-12;5;74
28;2025-12-12;6;265
28;2025-12-12;7;814
28;2025-12-12;8;1236
28;2025-12-12;9;839
28;2025-12-12;10;639
28;2025-12-12;11;576
28;2025-12-12;12;713
28;2025-12-12;13;738
28;2025-12-12;14;713
28;2025-12-12;15;730
28;2025-12-12;16;995
28;2025-12-12;17;1005
28;2025-12-12;18;845
28;2025-12-12;19;620
28;2025-12-12;20;464
28;2025-12-12;21;309
28;2025-12-12;22;142
28;2025-12-12;23;21
28;2025-12-13;0;1
28;2025-12-13;1;0
28;2025-12-13;2;0
28;2025-12-13;3;0
28;2025-12-13;4;1
28;2025-12-13;5;36
28;2025-12-13;6;99
28;2025-12-13;7;224
28;2025-12-13;8;376
28;2025-12-13;9;469
28;2025-12-13;10;498
28;2025-12-13;11;514
28;2025-12-13;12;596
28;2025-12-13;13;614
28;2025-12-13;14;599
28;2025-12-13;15;594
28;2025-12-13;16;588
28;2025-12-13;17;578
28;2025-12-13;18;509
28;2025-12-13;19;402
28;2025-12-13;20;290
28;2025-12-13;21;267
28;2025-12-13;22;117
28;2025-12-13;23;14
28;2025-12-14;0;1
28;2025-12-14;1;0
28;2025-12-14;2;0
28;2025-12-14;3;0
28;2025-12-14;4;1
28;2025-12-14;5;29
28;2025-12-14;6;81
28;2025-12-14;7;147
28;2025-12-14;8;246
28;2025-12-14;9;334
28;2025-12-14;10;376
28;2025-12-14;11;413
28;2025-12-14;12;449
28;2025-12-14;13;536
28;2025-12-14;14;502
28;2025-12-14;15;512
28;2025-12-14;16;476
28;2025-12-14;17;503
28;2025-12-14;18;417
28;2025-12-14;19;368
28;2025-12-14;20;289
28;2025-12-14;21;228
28;2025-12-14;22;107
28;2025-12-14;23;12
28;2025-12-15;0;2
28;2025-12-15;1;0
28;2025-12-15;2;0
28;2025-12-15;3;0
28;2025-12-15;4;2
28;2025-12-15;5;79
28;2025-12-15;6;266
28;2025-12-15;7;819
28;2025-12-15;8;1266
28;2025-12-15;9;869
28;2025-12-15;10;639
28;2025-12-15;11;564
28;2025-12-15;12;681
28;2025-12-15;13;708
28;2025-12-15;14;647
28;2025-12-15;15;684
28;2025-12-15;16;861
28;2025-12-15;17;1013
28;2025-12-15;18;998
28;2025-12-15;19;741
28;2025-12-15;20;517
28;2025-12-15;21;315
28;2025-12-15;22;134
28;2025-12-15;23;21
28;2025-12-16;0;3
28;2025-12-16;1;0
28;2025-12-16;2;0
28;2025-12-16;3;0
28;2025-12-16;4;2
28;2025-12-16;5;81
28;2025-12-16;6;273
28;2025-12-16;7;842
28;2025-12-16;8;1301
28;2025-12-16;9;893
28;2025-12-16;10;657
28;2025-12-16;11;580
28;2025-12-16;12;700
28;2025-12-16;13;727
28;2025-12-16;14;665
28;2025-12-16;15;703
28;2025-12-16;16;884
28;2025-12-16;17;1041
28;2025-12-16;18;1025
28;2025-12-16;19;762
28;2025-12-16;20;531
28;2025-12-16;21;324
28;2025-12-16;22;137
28;2025-12-16;23;21
28;2025-12-17;0;3
28;2025-12-17;1;0
28;2025-12-17;2;0
28;2025-12-17;3;0
28;2025-12-17;4;2
28;2025-12-17;5;81
28;2025-12-17;6;273
28;2025-12-17;7;842
28;2025-12-17;8;1301
28;2025-12-17;9;893
28;2025-12-17;10;657
28;2025-12-17;11;580
28;2025-12-17;12;700
28;2025-12-17;13;727
28;2025-12-17;14;665
28;2025-12-17;15;703
28;2025-12-17;16;884
28;2025-12-17;17;1041
28;2025-12-17;18;1025
28;2025-12-17;19;762
28;2025-12-17;20;531
28;2025-12-17;21;324
28;2025-12-17;22;137
28;2025-12-17;23;21
28;2025-12-18;0;3
28;2025-12-18;1;0
28;2025-12-18;2;0
28;2025-12-18;3;0
28;2025-12-18;4;2
28;2025-12-18;5;81
28;2025-12-18;6;273
28;2025-12-18;7;842
28;2025-12-18;8;1301
28;2025-12-18;9;893
28;2025-12-18;10;657
28;2025-12-18;11;580
28;2025-12-18;12;700
28;2025-12-18;13;727
28;2025-12-18;14;665
28;2025-12-18;15;703
28;2025-12-18;16;884
28;2025-12-18;17;1041
28;2025-12-18;18;1025
28;2025-12-18;19;762
28;2025-12-18;20;531
28;2025-12-18;21;324
28;2025-12-18;22;137
28;2025-12-18;23;21
28;2025-12-19;0;2
28;2025-12-19;1;0
28;2025-12-19;2;0
28;2025-12-19;3;0
28;2025-12-19;4;1
28;2025-12-19;5;74
28;2025-12-19;6;265
28;2025-12-19;7;814
28;2025-12-19;8;1236
28;2025-12-19;9;839
28;2025-12-19;10;639
28;2025-12-19;11;576
28;2025-12-19;12;713
28;2025-12-19;13;738
28;2025-12-19;14;713
28;2025-12-19;15;730
28;2025-12-19;16;995
28;2025-12-19;17;1005
28;2025-12-19;18;845
28;2025-12-19;19;620
28;2025-12-19;20;464
28;2025-12-19;21;309
28;2025-12-19;22;142
28;2025-12-19;23;21
28;2025-12-20;0;1
28;2025-12-20;1;0
28;2025-12-20;2;0
28;2025-12-20;3;0
28;2025-12-20;4;1
28;2025-12-20;5;36
28;2025-12-20;6;99
28;2025-12-20;7;224
28;2025-12-20;8;376
28;2025-12-20;9;469
28;2025-12-20;10;498
28;2025-12-20;11;514
28;2025-12-20;12;596
28;2025-12-20;13;614
28;2025-12-20;14;599
28;2025-12-20;15;594
28;2025-12-20;16;588
28;2025-12-20;17;578
28;2025-12-20;18;509
28;2025-12-20;19;402
28;2025-12-20;20;290
28;2025-12-20;21;267
28;2025-12-20;22;117
28;2025-12-20;23;14
28;2025-12-21;0;1
28;2025-12-21;1;0
28;2025-12-21;2;0
28;2025-12-21;3;0
28;2025-12-21;4;1
28;2025-12-21;5;29
28;2025-12-21;6;81
28;2025-12-21;7;147
28;2025-12-21;8;246
28;2025-12-21;9;334
28;2025-12-21;10;376
28;2025-12-21;11;413
28;2025-12-21;12;449
28;2025-12-21;13;536
28;2025-12-21;14;502
28;2025-12-21;15;512
28;2025-12-21;16;476
28;2025-12-21;17;503
28;2025-12-21;18;417
28;2025-12-21;19;368
28;2025-12-21;20;289
28;2025-12-21;21;228
28;2025-12-21;22;107
28;2025-12-21;23;12
28;2025-12-22;0;2
28;2025-12-22;1;0
28;2025-12-22;2;0
28;2025-12-22;3;0
28;2025-12-22;4;2
28;2025-12-22;5;79
28;2025-12-22;6;266
28;2025-12-22;7;819
28;2025-12-22;8;1266
28;2025-12-22;9;869
28;2025-12-22;10;639
28;2025-12-22;11;564
28;2025-12-22;12;681
28;2025-12-22;13;708
28;2025-12-22;14;647
28;2025-12-22;15;684
28;2025-12-22;16;861
28;2025-12-22;17;1013
28;2025-12-22;18;998
28;2025-12-22;19;741
28;2025-12-22;20;517
28;2025-12-22;21;315
28;2025-12-22;22;134
28;2025-12-22;23;21
28;2025-12-23;0;3
28;2025-12-23;1;0
28;2025-12-23;2;0
28;2025-12-23;3;0
28;2025-12-23;4;2
28;2025-12-23;5;81
28;2025-12-23;6;273
28;2025-12-23;7;842
28;2025-12-23;8;1301
28;2025-12-23;9;893
28;2025-12-23;10;657
28;2025-12-23;11;580
28;2025-12-23;12;700
28;2025-12-23;13;727
28;2025-12-23;14;665
28;2025-12-23;15;703
28;2025-12-23;16;884
28;2025-12-23;17;1041
28;2025-12-23;18;1025
28;2025-12-23;19;762
28;2025-12-23;20;531
28;2025-12-23;21;324
28;2025-12-23;22;137
28;2025-12-23;23;21
28;2025-12-24;0;3
28;2025-12-24;1;0
28;2025-12-24;2;0
28;2025-12-24;3;0
28;2025-12-24;4;2
28;2025-12-24;5;81
28;2025-12-24;6;273
28;2025-12-24;7;842
28;2025-12-24;8;1301
28;2025-12-24;9;893
28;2025-12-24;10;657
28;2025-12-24;11;580
28;2025-12-24;12;700
28;2025-12-24;13;727
28;2025-12-24;14;665
28;2025-12-24;15;703
28;2025-12-24;16;884
28;2025-12-24;17;1041
28;2025-12-24;18;1025
28;2025-12-24;19;762
28;2025-12-24;20;531
28;2025-12-24;21;324
28;2025-12-24;22;137
28;2025-12-24;23;21
28;2025-12-25;0;3
28;2025-12-25;1;0
28;2025-12-25;2;0
28;2025-12-25;3;0
28;2025-12-25;4;2
28;2025-12-25;5;81
28;2025-12-25;6;273
28;2025-12-25;7;842
28;2025-12-25;8;1301
28;2025-12-25;9;893
28;2025-12-25;10;657
28;2025-12-25;11;580
28;2025-12-25;12;700
28;2025-12-25;13;727
28;2025-12-25;14;665
28;2025-12-25;15;703
28;2025-12-25;16;884
28;2025-12-25;17;1041
28;2025-12-25;18;1025
28;2025-12-25;19;762
28;2025-12-25;20;531
28;2025-12-25;21;324
28;2025-12-25;22;137
28;2025-12-25;23;21
28;2025-12-26;0;2
28;2025-12-26;1;0
28;2025-12-26;2;0
28;2025-12-26;3;0
28;2025-12-26;4;1
28;2025-12-26;5;74
28;2025-12-26;6;265
28;2025-12-26;7;814
28;2025-12-26;8;1236
28;2025-12-26;9;839
28;2025-12-26;10;639
28;2025-12-26;11;576
28;2025-12-26;12;713
28;2025-12-26;13;738
28;2025-12-26;14;713
28;2025-12-26;15;730
28;2025-12-26;16;995
28;2025-12-26;17;1005
28;2025-12-26;18;845
28;2025-12-26;19;620
28;2025-12-26;20;464
28;2025-12-26;21;309
28;2025-12-26;22;142
28;2025-12-26;23;21
28;2025-12-27;0;1
28;2025-12-27;1;0
28;2025-12-27;2;0
28;2025-12-27;3;0
28;2025-12-27;4;1
28;2025-12-27;5;36
28;2025-12-27;6;99
28;2025-12-27;7;224
28;2025-12-27;8;376
28;2025-12-27;9;469
28;2025-12-27;10;498
28;2025-12-27;11;514
28;2025-12-27;12;596
28;2025-12-27;13;614
28;2025-12-27;14;599
28;2025-12-27;15;594
28;2025-12-27;16;588
28;2025-12-27;17;578
28;2025-12-27;18;509
28;2025-12-27;19;402
28;2025-12-27;20;290
28;2025-12-27;21;267
28;2025-12-27;22;117
28;2025-12-27;23;14
28;2025-12-28;0;1
28;2025-12-28;1;0
28;2025-12-28;2;0
28;2025-12-28;3;0
28;2025-12-28;4;1
28;2025-12-28;5;29
28;2025-12-28;6;81
28;2025-12-28;7;147
28;2025-12-28;8;246
28;2025-12-28;9;334
28;2025-12-28;10;376
28;2025-12-28;11;413
28;2025-12-28;12;449
28;2025-12-28;13;536
28;2025-12-28;14;502
28;2025-12-28;15;512
28;2025-12-28;16;476
28;2025-12-28;17;503
28;2025-12-28;18;417
28;2025-12-28;19;368
28;2025-12-28;20;289
28;2025-12-28;21;228
28;2025-12-28;22;107
28;2025-12-28;23;12
28;2025-12-29;0;2
28;2025-12-29;1;0
28;2025-12-29;2;0
28;2025-12-29;3;0
28;2025-12-29;4;1
28;2025-12-29;5;71
28;2025-12-29;6;239
28;2025-12-29;7;737
28;2025-12-29;8;1140
28;2025-12-29;9;782
28;2025-12-29;10;575
28;2025-12-29;11;508
28;2025-12-29;12;613
28;2025-12-29;13;637
28;2025-12-29;14;582
28;2025-12-29;15;615
28;2025-12-29;16;775
28;2025-12-29;17;911
28;2025-12-29;18;898
28;2025-12-29;19;667
28;2025-12-29;20;465
28;2025-12-29;21;284
28;2025-12-29;22;120
28;2025-12-29;23;18
28;2025-12-30;0;2
28;2025-12-30;1;0
28;2025-12-30;2;0
28;2025-12-30;3;0
28;2025-12-30;4;1
28;2025-12-30;5;69
28;2025-12-30;6;232
28;2025-12-30;7;715
28;2025-12-30;8;1106
28;2025-12-30;9;759
28;2025-12-30;10;558
28;2025-12-30;11;493
28;2025-12-30;12;595
28;2025-12-30;13;618
28;2025-12-30;14;565
28;2025-12-30;15;597
28;2025-12-30;16;752
28;2025-12-30;17;884
28;2025-12-30;18;872
28;2025-12-30;19;648
28;2025-12-30;20;451
28;2025-12-30;21;275
28;2025-12-30;22;117
28;2025-12-30;23;18
28;2025-12-31;0;1
28;2025-12-31;1;0
28;2025-12-31;2;0
28;2025-12-31;3;0
28;2025-12-31;4;1
28;2025-12-31;5;36
28;2025-12-31;6;99
28;2025-12-31;7;224
28;2025-12-31;8;376
28;2025-12-31;9;469
28;2025-12-31;10;498
28;2025-12-31;11;514
28;2025-12-31;12;596
28;2025-12-31;13;614
28;2025-12-31;14;599
28;2025-12-31;15;594
28;2025-12-31;16;588
28;2025-12-31;17;578
28;2025-12-31;18;509
28;2025-12-31;19;402
28;2025-12-31;20;290
28;2025-12-31;21;267
28;2025-12-31;22;117
28;2025-12-31;23;14
50;2025-11-01;0;55
50;2025-11-01;1;6
50;2025-11-01;2;0
50;2025-11-01;3;0
50;2025-11-01;4;3
50;2025-11-01;5;52
50;2025-11-01;6;426
50;2025-11-01;7;1370
50;2025-11-01;8;2152
50;2025-11-01;9;1656
50;2025-11-01;10;1216
50;2025-11-01;11;1263
50;2025-11-01;12;1189
50;2025-11-01;13;1209
50;2025-11-01;14;1153
50;2025-11-01;15;1418
50;2025-11-01;16;1714
50;2025-11-01;17;1716
50;2025-11-01;18;1394
50;2025-11-01;19;969
50;2025-11-01;20;660
50;2025-11-01;21;453
50;2025-11-01;22;235
50;2025-11-01;23;136
50;2025-11-02;0;0
50;2025-11-02;1;0
50;2025-11-02;2;0
50;2025-11-02;3;0
50;2025-11-02;4;0
50;2025-11-02;5;0
50;2025-11-02;6;1
50;2025-11-02;7;1
50;2025-11-02;8;2
50;2025-11-02;9;1
50;2025-11-02;10;4
50;2025-11-02;11;13
50;2025-11-02;12;10
50;2025-11-02;13;12
50;2025-11-02;14;20
50;2025-11-02;15;17
50;2025-11-02;16;20
50;2025-11-02;17;17
50;2025-11-02;18;10
50;2025-11-02;19;11
50;2025-11-02;20;8
50;2025-11-02;21;5
50;2025-11-02;22;6
50;2025-11-02;23;2
50;2025-11-03;0;6
50;2025-11-03;1;1
50;2025-11-03;2;0
50;2025-11-03;3;0
50;2025-11-03;4;0
50;2025-11-03;5;1
50;2025-11-03;6;1
50;2025-11-03;7;2
50;2025-11-03;8;5
50;2025-11-03;9;8
50;2025-11-03;10;4
50;2025-11-03;11;11
50;2025-11-03;12;13
50;2025-11-03;13;11
50;2025-11-03;14;16
50;2025-11-03;15;18
50;2025-11-03;16;15
50;2025-11-03;17;14
50;2025-11-03;18;6
50;2025-11-03;19;7
50;2025-11-03;20;5
50;2025-11-03;21;3
50;2025-11-03;22;4
50;2025-11-03;23;1
50;2025-11-04;0;6
50;2025-11-04;1;1
50;2025-11-04;2;0
50;2025-11-04;3;0
50;2025-11-04;4;0
50;2025-11-04;5;1
50;2025-11-04;6;1
50;2025-11-04;7;2
50;2025-11-04;8;5
50;2025-11-04;9;8
50;2025-11-04;10;4
50;2025-11-04;11;11
50;2025-11-04;12;13
50;2025-11-04;13;11
50;2025-11-04;14;16
50;2025-11-04;15;18
50;2025-11-04;16;15
50;2025-11-04;17;14
50;2025-11-04;18;6
50;2025-11-04;19;7
50;2025-11-04;20;5
50;2025-11-04;21;3
50;2025-11-04;22;4
50;2025-11-04;23;1
50;2025-11-05;0;32
50;2025-11-05;1;4
50;2025-11-05;2;0
50;2025-11-05;3;0
50;2025-11-05;4;3
50;2025-11-05;5;72
50;2025-11-05;6;548
50;2025-11-05;7;1780
50;2025-11-05;8;2814
50;2025-11-05;9;2203
50;2025-11-05;10;1709
50;2025-11-05;11;1593
50;2025-11-05;12;1493
50;2025-11-05;13;1503
50;2025-11-05;14;1453
50;2025-11-05;15;1717
50;2025-11-05;16;1708
50;2025-11-05;17;2476
50;2025-11-05;18;2614
50;2025-11-05;19;1509
50;2025-11-05;20;933
50;2025-11-05;21;641
50;2025-11-05;22;275
50;2025-11-05;23;141
50;2025-11-06;0;32
50;2025-11-06;1;4
50;2025-11-06;2;0
50;2025-11-06;3;0
50;2025-11-06;4;3
50;2025-11-06;5;72
50;2025-11-06;6;548
50;2025-11-06;7;1780
50;2025-11-06;8;2814
50;2025-11-06;9;2203
50;2025-11-06;10;1709
50;2025-11-06;11;1593
50;2025-11-06;12;1493
50;2025-11-06;13;1503
50;2025-11-06;14;1453
50;2025-11-06;15;1717
50;2025-11-06;16;1708
50;2025-11-06;17;2476
50;2025-11-06;18;2614
50;2025-11-06;19;1509
50;2025-11-06;20;933
50;2025-11-06;21;641
50;2025-11-06;22;275
50;2025-11-06;23;141
50;2025-11-07;0;41
50;2025-11-07;1;3
50;2025-11-07;2;0
50;2025-11-07;3;0
50;2025-11-07;4;3
50;2025-11-07;5;66
50;2025-11-07;6;549
50;2025-11-07;7;1765
50;2025-11-07;8;2772
50;2025-11-07;9;2133
50;2025-11-07;10;1567
50;2025-11-07;11;1627
50;2025-11-07;12;1531
50;2025-11-07;13;1558
50;2025-11-07;14;1485
50;2025-11-07;15;1827
50;2025-11-07;16;2208
50;2025-11-07;17;2210
50;2025-11-07;18;1795
50;2025-11-07;19;1248
50;2025-11-07;20;851
50;2025-11-07;21;583
50;2025-11-07;22;303
50;2025-11-07;23;175
50;2025-11-08;0;20
50;2025-11-08;1;2
50;2025-11-08;2;0
50;2025-11-08;3;1
50;2025-11-08;4;0
50;2025-11-08;5;3
50;2025-11-08;6;4
50;2025-11-08;7;6
50;2025-11-08;8;13
50;2025-11-08;9;25
50;2025-11-08;10;9
50;2025-11-08;11;16
50;2025-11-08;12;29
50;2025-11-08;13;19
50;2025-11-08;14;23
50;2025-11-08;15;34
50;2025-11-08;16;22
50;2025-11-08;17;21
50;2025-11-08;18;5
50;2025-11-08;19;5
50;2025-11-08;20;3
50;2025-11-08;21;3
50;2025-11-08;22;3
50;2025-11-08;23;1
50;2025-11-09;0;0
50;2025-11-09;1;0
50;2025-11-09;2;0
50;2025-11-09;3;0
50;2025-11-09;4;0
50;2025-11-09;5;0
50;2025-11-09;6;1
50;2025-11-09;7;1
50;2025-11-09;8;2
50;2025-11-09;9;1
50;2025-11-09;10;4
50;2025-11-09;11;13
50;2025-11-09;12;10
50;2025-11-09;13;12
50;2025-11-09;14;20
50;2025-11-09;15;17
50;2025-11-09;16;20
50;2025-11-09;17;17
50;2025-11-09;18;10
50;2025-11-09;19;11
50;2025-11-09;20;8
50;2025-11-09;21;5
50;2025-11-09;22;6
50;2025-11-09;23;2
50;2025-11-10;0;31
50;2025-11-10;1;3
50;2025-11-10;2;0
50;2025-11-10;3;0
50;2025-11-10;4;3
50;2025-11-10;5;70
50;2025-11-10;6;533
50;2025-11-10;7;1732
50;2025-11-10;8;2738
50;2025-11-10;9;2144
50;2025-11-10;10;1663
50;2025-11-10;11;1550
50;2025-11-10;12;1453
50;2025-11-10;13;1463
50;2025-11-10;14;1414
50;2025-11-10;15;1671
50;2025-11-10;16;1663
50;2025-11-10;17;2410
50;2025-11-10;18;2544
50;2025-11-10;19;1468
50;2025-11-10;20;908
50;2025-11-10;21;623
50;2025-11-10;22;268
50;2025-11-10;23;138
50;2025-11-11;0;32
50;2025-11-11;1;4
50;2025-11-11;2;0
50;2025-11-11;3;0
50;2025-11-11;4;3
50;2025-11-11;5;72
50;2025-11-11;6;548
50;2025-11-11;7;1780
50;2025-11-11;8;2814
50;2025-11-11;9;2203
50;2025-11-11;10;1709
50;2025-11-11;11;1593
50;2025-11-11;12;1493
50;2025-11-11;13;1503
50;2025-11-11;14;1453
50;2025-11-11;15;1717
50;2025-11-11;16;1708
50;2025-11-11;17;2476
50;2025-11-11;18;2614
50;2025-11-11;19;1509
50;2025-11-11;20;933
50;2025-11-11;21;641
50;2025-11-11;22;275
50;2025-11-11;23;141
50;2025-11-12;0;32
50;2025-11-12;1;4
50;2025-11-12;2;0
50;2025-11-12;3;0
50;2025-11-12;4;3
50;2025-11-12;5;72
50;2025-11-12;6;548
50;2025-11-12;7;1780
50;2025-11-12;8;2814
50;2025-11-12;9;2203
50;2025-11-12;10;1709
50;2025-11-12;11;1593
50;2025-11-12;12;1493
50;2025-11-12;13;1503
50;2025-11-12;14;1453
50;2025-11-12;15;1717
50;2025-11-12;16;1708
50;2025-11-12;17;2476
50;2025-11-12;18;2614
50;2025-11-12;19;1509
50;2025-11-12;20;933
50;2025-11-12;21;641
50;2025-11-12;22;275
50;2025-11-12;23;141
50;2025-11-13;0;32
50;2025-11-13;1;4
50;2025-11-13;2;0
50;2025-11-13;3;0
50;2025-11-13;4;3
50;2025-11-13;5;72
50;2025-11-13;6;548
50;2025-11-13;7;1780
50;2025-11-13;8;2814
50;2025-11-13;9;2203
50;2025-11-13;10;1709
50;2025-11-13;11;1593
50;2025-11-13;12;1493
50;2025-11-13;13;1503
50;2025-11-13;14;1453
50;2025-11-13;15;1717
50;2025-11-13;16;1708
50;2025-11-13;17;2476
50;2025-11-13;18;2614
50;2025-11-13;19;1509
50;2025-11-13;20;933
50;2025-11-13;21;641
50;2025-11-13;22;275
50;2025-11-13;23;141
50;2025-11-14;0;41
50;2025-11-14;1;3
50;2025-11-14;2;0
50;2025-11-14;3;0
50;2025-11-14;4;3
50;2025-11-14;5;66
50;2025-11-14;6;549
50;2025-11-14;7;1765
50;2025-11-14;8;2772
50;2025-11-14;9;2133
50;2025-11-14;10;1567
50;2025-11-14;11;1627
50;2025-11-14;12;1531
50;2025-11-14;13;1558
50;2025-11-14;14;1485
50;2025-11-14;15;1827
50;2025-11-14;16;2208
50;2025-11-14;17;2210
50;2025-11-14;18;1795
50;2025-11-14;19;1248
50;2025-11-14;20;851
50;2025-11-14;21;583
50;2025-11-14;22;303
50;2025-11-14;23;175
50;2025-11-15;0;66
50;2025-11-15;1;4
50;2025-11-15;2;0
50;2025-11-15;3;0
50;2025-11-15;4;1
50;2025-11-15;5;30
50;2025-11-15;6;167
50;2025-11-15;7;397
50;2025-11-15;8;616
50;2025-11-15;9;663
50;2025-11-15;10;635
50;2025-11-15;11;833
50;2025-11-15;12;854
50;2025-11-15;13;900
50;2025-11-15;14;914
50;2025-11-15;15;872
50;2025-11-15;16;838
50;2025-11-15;17;829
50;2025-11-15;18;725
50;2025-11-15;19;621
50;2025-11-15;20;457
50;2025-11-15;21;375
50;2025-11-15;22;241
50;2025-11-15;23;140
50;2025-11-16;0;51
50;2025-11-16;1;7
50;2025-11-16;2;0
50;2025-11-16;3;0
50;2025-11-16;4;1
50;2025-11-16;5;24
50;2025-11-16;6;115
50;2025-11-16;7;219
50;2025-11-16;8;332
50;2025-11-16;9;431
50;2025-11-16;10;483
50;2025-11-16;11;610
50;2025-11-16;12;714
50;2025-11-16;13;774
50;2025-11-16;14;822
50;2025-11-16;15;715
50;2025-11-16;16;759
50;2025-11-16;17;723
50;2025-11-16;18;652
50;2025-11-16;19;549
50;2025-11-16;20;447
50;2025-11-16;21;344
50;2025-11-16;22;224
50;2025-11-16;23;105
50;2025-11-17;0;31
50;2025-11-17;1;3
50;2025-11-17;2;0
50;2025-11-17;3;0
50;2025-11-17;4;3
50;2025-11-17;5;70
50;2025-11-17;6;533
50;2025-11-17;7;1732
50;2025-11-17;8;2738
50;2025-11-17;9;2144
50;2025-11-17;10;1663
50;2025-11-17;11;1550
50;2025-11-17;12;1453
50;2025-11-17;13;1463
50;2025-11-17;14;1414
50;2025-11-17;15;1671
50;2025-11-17;16;1663
50;2025-11-17;17;2410
50;2025-11-17;18;2544
50;2025-11-17;19;1468
50;2025-11-17;20;908
50;2025-11-17;21;623
50;2025-11-17;22;268
50;2025-11-17;23;138
50;2025-11-18;0;32
50;2025-11-18;1;4
50;2025-11-18;2;0
50;2025-11-18;3;0
50;2025-11-18;4;3
50;2025-11-18;5;72
50;2025-11-18;6;548
50;2025-11-18;7;1780
50;2025-11-18;8;2814
50;2025-11-18;9;2203
50;2025-11-18;10;1709
50;2025-11-18;11;1593
50;2025-11-18;12;1493
50;2025-11-18;13;1503
50;2025-11-18;14;1453
50;2025-11-18;15;1717
50;2025-11-18;16;1708
50;2025-11-18;17;2476
50;2025-11-18;18;2614
50;2025-11-18;19;1509
50;2025-11-18;20;933
50;2025-11-18;21;641
50;2025-11-18;22;275
50;2025-11-18;23;141
50;2025-11-19;0;32
50;2025-11-19;1;4
50;2025-11-19;2;0
50;2025-11-19;3;0
50;2025-11-19;4;3
50;2025-11-19;5;72
50;2025-11-19;6;548
50;2025-11-19;7;1780
50;2025-11-19;8;2814
50;2025-11-19;9;2203
50;2025-11-19;10;1709
50;2025-11-19;11;1593
50;2025-11-19;12;1493
50;2025-11-19;13;1503
50;2025-11-19;14;1453
50;2025-11-19;15;1717
50;2025-11-19;16;1708
50;2025-11-19;17;2476
50;2025-11-19;18;2614
50;2025-11-19;19;1509
50;2025-11-19;20;933
50;2025-11-19;21;641
50;2025-11-19;22;275
50;2025-11-19;23;141
50;2025-11-20;0;32
50;2025-11-20;1;4
50;2025-11-20;2;0
50;2025-11-20;3;0
50;2025-11-20;4;3
50;2025-11-20;5;72
50;2025-11-20;6;548
50;2025-11-20;7;1780
50;2025-11-20;8;2814
50;2025-11-20;9;2203
50;2025-11-20;10;1709
50;2025-11-20;11;1593
50;2025-11-20;12;1493
50;2025-11-20;13;1503
50;2025-11-20;14;1453
50;2025-11-20;15;1717
50;2025-11-20;16;1708
50;2025-11-20;17;2476
50;2025-11-20;18;2614
50;2025-11-20;19;1509
50;2025-11-20;20;933
50;2025-11-20;21;641
50;2025-11-20;22;275
50;2025-11-20;23;141
50;2025-11-21;0;41
50;2025-11-21;1;3
50;2025-11-21;2;0
50;2025-11-21;3;0
50;2025-11-21;4;3
50;2025-11-21;5;66
50;2025-11-21;6;549
50;2025-11-21;7;1765
50;2025-11-21;8;2772
50;2025-11-21;9;2133
50;2025-11-21;10;1567
50;2025-11-21;11;1627
50;2025-11-21;12;1531
50;2025-11-21;13;1558
50;2025-11-21;14;1485
50;2025-11-21;15;1827
50;2025-11-21;16;2208
50;2025-11-21;17;2210
50;2025-11-21;18;1795
50;2025-11-21;19;1248
50;2025-11-21;20;851
50;2025-11-21;21;583
50;2025-11-21;22;303
50;2025-11-21;23;175
50;2025-11-22;0;66
50;2025-11-22;1;4
50;2025-11-22;2;0
50;2025-11-22;3;0
50;2025-11-22;4;1
50;2025-11-22;5;30
50;2025-11-22;6;167
50;2025-11-22;7;397
50;2025-11-22;8;616
50;2025-11-22;9;663
50;2025-11-22;10;635
50;2025-11-22;11;833
50;2025-11-22;12;854
50;2025-11-22;13;900
50;2025-11-22;14;914
50;2025-11-22;15;872
50;2025-11-22;16;838
50;2025-11-22;17;829
50;2025-11-22;18;725
50;2025-11-22;19;621
50;2025-11-22;20;457
50;2025-11-22;21;375
50;2025-11-22;22;241
50;2025-11-22;23;140
50;2025-11-23;0;51
50;2025-11-23;1;7
50;2025-11-23;2;0
50;2025-11-23;3;0
50;2025-11-23;4;1
50;2025-11-23;5;24
50;2025-11-23;6;115
50;2025-11-23;7;219
50;2025-11-23;8;332
50;2025-11-23;9;431
50;2025-11-23;10;483
50;2025-11-23;11;610
50;2025-11-23;12;714
50;2025-11-23;13;774
50;2025-11-23;14;822
50;2025-11-23;15;715
50;2025-11-23;16;759
50;2025-11-23;17;723
50;2025-11-23;18;652
50;2025-11-23;19;549
50;2025-11-23;20;447
50;2025-11-23;21;344
50;2025-11-23;22;224
50;2025-11-23;23;105
50;2025-11-24;0;31
50;2025-11-24;1;3
50;2025-11-24;2;0
50;2025-11-24;3;0
50;2025-11-24;4;3
50;2025-11-24;5;70
50;2025-11-24;6;533
50;2025-11-24;7;1732
50;2025-11-24;8;2738
50;2025-11-24;9;2144
50;2025-11-24;10;1663
50;2025-11-24;11;1550
50;2025-11-24;12;1453
50;2025-11-24;13;1463
50;2025-11-24;14;1414
50;2025-11-24;15;1671
50;2025-11-24;16;1663
50;2025-11-24;17;2410
50;2025-11-24;18;2544
50;2025-11-24;19;1468
50;2025-11-24;20;908
50;2025-11-24;21;623
50;2025-11-24;22;268
50;2025-11-24;23;138
50;2025-11-25;0;32
50;2025-11-25;1;4
50;2025-11-25;2;0
50;2025-11-25;3;0
50;2025-11-25;4;3
50;2025-11-25;5;72
50;2025-11-25;6;548
50;2025-11-25;7;1780
50;2025-11-25;8;2814
50;2025-11-25;9;2203
50;2025-11-25;10;1709
50;2025-11-25;11;1593
50;2025-11-25;12;1493
50;2025-11-25;13;1503
50;2025-11-25;14;1453
50;2025-11-25;15;1717
50;2025-11-25;16;1708
50;2025-11-25;17;2476
50;2025-11-25;18;2614
50;2025-11-25;19;1509
50;2025-11-25;20;933
50;2025-11-25;21;641
50;2025-11-25;22;275
50;2025-11-25;23;141
50;2025-11-26;0;32
50;2025-11-26;1;4
50;2025-11-26;2;0
50;2025-11-26;3;0
50;2025-11-26;4;3
50;2025-11-26;5;72
50;2025-11-26;6;548
50;2025-11-26;7;1780
50;2025-11-26;8;2814
50;2025-11-26;9;2203
50;2025-11-26;10;1709
50;2025-11-26;11;1593
50;2025-11-26;12;1493
50;2025-11-26;13;1503
50;2025-11-26;14;1453
50;2025-11-26;15;1717
50;2025-11-26;16;1708
50;2025-11-26;17;2476
50;2025-11-26;18;2614
50;2025-11-26;19;1509
50;2025-11-26;20;933
50;2025-11-26;21;641
50;2025-11-26;22;275
50;2025-11-26;23;141
50;2025-11-27;0;32
50;2025-11-27;1;4
50;2025-11-27;2;0
50;2025-11-27;3;0
50;2025-11-27;4;3
50;2025-11-27;5;72
50;2025-11-27;6;548
50;2025-11-27;7;1780
50;2025-11-27;8;2814
50;2025-11-27;9;2203
50;2025-11-27;10;1709
50;2025-11-27;11;1593
50;2025-11-27;12;1493
50;2025-11-27;13;1503
50;2025-11-27;14;1453
50;2025-11-27;15;1717
50;2025-11-27;16;1708
50;2025-11-27;17;2476
50;2025-11-27;18;2614
50;2025-11-27;19;1509
50;2025-11-27;20;933
50;2025-11-27;21;641
50;2025-11-27;22;275
50;2025-11-27;23;141
50;2025-11-28;0;41
50;2025-11-28;1;3
50;2025-11-28;2;0
50;2025-11-28;3;0
50;2025-11-28;4;3
50;2025-11-28;5;66
50;2025-11-28;6;549
50;2025-11-28;7;1765
50;2025-11-28;8;2772
50;2025-11-28;9;2133
50;2025-11-28;10;1567
50;2025-11-28;11;1627
50;2025-11-28;12;1531
50;2025-11-28;13;1558
50;2025-11-28;14;1485
50;2025-11-28;15;1827
50;2025-11-28;16;2208
50;2025-11-28;17;2210
50;2025-11-28;18;1795
50;2025-11-28;19;1248
50;2025-11-28;20;851
50;2025-11-28;21;583
50;2025-11-28;22;303
50;2025-11-28;23;175
50;2025-11-29;0;66
50;2025-11-29;1;4
50;2025-11-29;2;0
50;2025-11-29;3;0
50;2025-11-29;4;1
50;2025-11-29;5;30
50;2025-11-29;6;167
50;2025-11-29;7;397
50;2025-11-29;8;616
50;2025-11-29;9;663
50;2025-11-29;10;635
50;2025-11-29;11;833
50;2025-11-29;12;854
50;2025-11-29;13;900
50;2025-11-29;14;914
50;2025-11-29;15;872
50;2025-11-29;16;838
50;2025-11-29;17;829
50;2025-11-29;18;725
50;2025-11-29;19;621
50;2025-11-29;20;457
50;2025-11-29;21;375
50;2025-11-29;22;241
50;2025-11-29;23;140
50;2025-11-30;0;51
50;2025-11-30;1;7
50;2025-11-30;2;0
50;2025-11-30;3;0
50;2025-11-30;4;1
50;2025-11-30;5;24
50;2025-11-30;6;115
50;2025-11-30;7;219
50;2025-11-30;8;332
50;2025-11-30;9;431
50;2025-11-30;10;483
50;2025-11-30;11;610
50;2025-11-30;12;714
50;2025-11-30;13;774
50;2025-11-30;14;822
50;2025-11-30;15;715
50;2025-11-30;16;759
50;2025-11-30;17;723
50;2025-11-30;18;652
50;2025-11-30;19;549
50;2025-11-30;20;447
50;2025-11-30;21;344
50;2025-11-30;22;224
50;2025-11-30;23;105
50;2025-12-01;0;33
50;2025-12-01;1;4
50;2025-12-01;2;0
50;2025-12-01;3;0
50;2025-12-01;4;3
50;2025-12-01;5;70
50;2025-12-01;6;536
50;2025-12-01;7;1740
50;2025-12-01;8;2727
50;2025-12-01;9;2131
50;2025-12-01;10;1653
50;2025-12-01;11;1558
50;2025-12-01;12;1458
50;2025-12-01;13;1454
50;2025-12-01;14;1411
50;2025-12-01;15;1675
50;2025-12-01;16;1661
50;2025-12-01;17;2411
50;2025-12-01;18;2558
50;2025-12-01;19;1481
50;2025-12-01;20;901
50;2025-12-01;21;620
50;2025-12-01;22;273
50;2025-12-01;23;136
50;2025-12-02;0;34
50;2025-12-02;1;4
50;2025-12-02;2;0
50;2025-12-02;3;0
50;2025-12-02;4;3
50;2025-12-02;5;71
50;2025-12-02;6;551
50;2025-12-02;7;1788
50;2025-12-02;8;2802
50;2025-12-02;9;2190
50;2025-12-02;10;1698
50;2025-12-02;11;1601
50;2025-12-02;12;1498
50;2025-12-02;13;1494
50;2025-12-02;14;1449
50;2025-12-02;15;1721
50;2025-12-02;16;1707
50;2025-12-02;17;2477
50;2025-12-02;18;2629
50;2025-12-02;19;1521
50;2025-12-02;20;926
50;2025-12-02;21;637
50;2025-12-02;22;280
50;2025-12-02;23;140
50;2025-12-03;0;34
50;2025-12-03;1;4
50;2025-12-03;2;0
50;2025-12-03;3;0
50;2025-12-03;4;3
50;2025-12-03;5;71
50;2025-12-03;6;551
50;2025-12-03;7;1788
50;2025-12-03;8;2802
50;2025-12-03;9;2190
50;2025-12-03;10;1698
50;2025-12-03;11;1601
50;2025-12-03;12;1498
50;2025-12-03;13;1494
50;2025-12-03;14;1449
50;2025-12-03;15;1721
50;2025-12-03;16;1707
50;2025-12-03;17;2477
50;2025-12-03;18;2629
50;2025-12-03;19;1521
50;2025-12-03;20;926
50;2025-12-03;21;637
50;2025-12-03;22;280
50;2025-12-03;23;140
50;2025-12-04;0;34
50;2025-12-04;1;4
50;2025-12-04;2;0
50;2025-12-04;3;0
50;2025-12-04;4;3
50;2025-12-04;5;71
50;2025-12-04;6;551
50;2025-12-04;7;1788
50;2025-12-04;8;2802
50;2025-12-04;9;2190
50;2025-12-04;10;1698
50;2025-12-04;11;1601
50;2025-12-04;12;1498
50;2025-12-04;13;1494
50;2025-12-04;14;1449
50;2025-12-04;15;1721
50;2025-12-04;16;1707
50;2025-12-04;17;2477
50;2025-12-04;18;2629
50;2025-12-04;19;1521
50;2025-12-04;20;926
50;2025-12-04;21;637
50;2025-12-04;22;280
50;2025-12-04;23;140
50;2025-12-05;0;41
50;2025-12-05;1;3
50;2025-12-05;2;0
50;2025-12-05;3;0
50;2025-12-05;4;3
50;2025-12-05;5;65
50;2025-12-05;6;553
50;2025-12-05;7;1756
50;2025-12-05;8;2753
50;2025-12-05;9;2113
50;2025-12-05;10;1570
50;2025-12-05;11;1640
50;2025-12-05;12;1548
50;2025-12-05;13;1555
50;2025-12-05;14;1482
50;2025-12-05;15;1835
50;2025-12-05;16;2181
50;2025-12-05;17;2209
50;2025-12-05;18;1824
50;2025-12-05;19;1253
50;2025-12-05;20;844
50;2025-12-05;21;588
50;2025-12-05;22;308
50;2025-12-05;23;177
50;2025-12-06;0;66
50;2025-12-06;1;4
50;2025-12-06;2;0
50;2025-12-06;3;0
50;2025-12-06;4;1
50;2025-12-06;5;30
50;2025-12-06;6;167
50;2025-12-06;7;397
50;2025-12-06;8;616
50;2025-12-06;9;663
50;2025-12-06;10;635
50;2025-12-06;11;833
50;2025-12-06;12;854
50;2025-12-06;13;900
50;2025-12-06;14;914
50;2025-12-06;15;872
50;2025-12-06;16;838
50;2025-12-06;17;829
50;2025-12-06;18;725
50;2025-12-06;19;621
50;2025-12-06;20;457
50;2025-12-06;21;375
50;2025-12-06;22;241
50;2025-12-06;23;140
50;2025-12-07;0;51
50;2025-12-07;1;7
50;2025-12-07;2;0
50;2025-12-07;3;0
50;2025-12-07;4;1
50;2025-12-07;5;24
50;2025-12-07;6;115
50;2025-12-07;7;219
50;2025-12-07;8;332
50;2025-12-07;9;431
50;2025-12-07;10;483
50;2025-12-07;11;610
50;2025-12-07;12;714
50;2025-12-07;13;774
50;2025-12-07;14;822
50;2025-12-07;15;715
50;2025-12-07;16;759
50;2025-12-07;17;723
50;2025-12-07;18;652
50;2025-12-07;19;549
50;2025-12-07;20;447
50;2025-12-07;21;344
50;2025-12-07;22;224
50;2025-12-07;23;105
50;2025-12-08;0;33
50;2025-12-08;1;4
50;2025-12-08;2;0
50;2025-12-08;3;0
50;2025-12-08;4;3
50;2025-12-08;5;70
50;2025-12-08;6;536
50;2025-12-08;7;1740
50;2025-12-08;8;2727
50;2025-12-08;9;2131
50;2025-12-08;10;1653
50;2025-12-08;11;1558
50;2025-12-08;12;1458
50;2025-12-08;13;1454
50;2025-12-08;14;1411
50;2025-12-08;15;1675
50;2025-12-08;16;1661
50;2025-12-08;17;2411
50;2025-12-08;18;2558
50;2025-12-08;19;1481
50;2025-12-08;20;901
50;2025-12-08;21;620
50;2025-12-08;22;273
50;2025-12-08;23;136
50;2025-12-09;0;34
50;2025-12-09;1;4
50;2025-12-09;2;0
50;2025-12-09;3;0
50;2025-12-09;4;3
50;2025-12-09;5;71
50;2025-12-09;6;551
50;2025-12-09;7;1788
50;2025-12-09;8;2802
50;2025-12-09;9;2190
50;2025-12-09;10;1698
50;2025-12-09;11;1601
50;2025-12-09;12;1498
50;2025-12-09;13;1494
50;2025-12-09;14;1449
50;2025-12-09;15;1721
50;2025-12-09;16;1707
50;2025-12-09;17;2477
50;2025-12-09;18;2629
50;2025-12-09;19;1521
50;2025-12-09;20;926
50;2025-12-09;21;637
50;2025-12-09;22;280
50;2025-12-09;23;140
50;2025-12-10;0;34
50;2025-12-10;1;4
50;2025-12-10;2;0
50;2025-12-10;3;0
50;2025-12-10;4;3
50;2025-12-10;5;71
50;2025-12-10;6;551
50;2025-12-10;7;1788
50;2025-12-10;8;2802
50;2025-12-10;9;2190
50;2025-12-10;10;1698
50;2025-12-10;11;1601
50;2025-12-10;12;1498
50;2025-12-10;13;1494
50;2025-12-10;14;1449
50;2025-12-10;15;1721
50;2025-12-10;16;1707
50;2025-12-10;17;2477
50;2025-12-10;18;2629
50;2025-12-10;19;1521
50;2025-12-10;20;926
50;2025-12-10;21;637
50;2025-12-10;22;280
50;2025-12-10;23;140
50;2025-12-11;0;34
50;2025-12-11;1;4
50;2025-12-11;2;0
50;2025-12-11;3;0
50;2025-12-11;4;3
50;2025-12-11;5;71
50;2025-12-11;6;551
50;2025-12-11;7;1788
50;2025-12-11;8;2802
50;2025-12-11;9;2190
50;2025-12-11;10;1698
50;2025-12-11;11;1601
50;2025-12-11;12;1498
50;2025-12-11;13;1494
50;2025-12-11;14;1449
50;2025-12-11;15;1721
50;2025-12-11;16;1707
50;2025-12-11;17;2477
50;2025-12-11;18;2629
50;2025-12-11;19;1521
50;2025-12-11;20;926
50;2025-12-11;21;637
50;2025-12-11;22;280
50;2025-12-11;23;140
50;2025-12-12;0;41
50;2025-12-12;1;3
50;2025-12-12;2;0
50;2025-12-12;3;0
50;2025-12-12;4;3
50;2025-12-12;5;65
50;2025-12-12;6;553
50;2025-12-12;7;1756
50;2025-12-12;8;2753
50;2025-12-12;9;2113
50;2025-12-12;10;1570
50;2025-12-12;11;1640
50;2025-12-12;12;1548
50;2025-12-12;13;1555
50;2025-12-12;14;1482
50;2025-12-12;15;1835
50;2025-12-12;16;2181
50;2025-12-12;17;2209
50;2025-12-12;18;1824
50;2025-12-12;19;1253
50;2025-12-12;20;844
50;2025-12-12;21;588
50;2025-12-12;22;308
50;2025-12-12;23;177
50;2025-12-13;0;66
50;2025-12-13;1;4
50;2025-12-13;2;0
50;2025-12-13;3;0
50;2025-12-13;4;1
50;2025-12-13;5;30
50;2025-12-13;6;167
50;2025-12-13;7;397
50;2025-12-13;8;616
50;2025-12-13;9;663
50;2025-12-13;10;635
50;2025-12-13;11;833
50;2025-12-13;12;854
50;2025-12-13;13;900
50;2025-12-13;14;914
50;2025-12-13;15;872
50;2025-12-13;16;838
50;2025-12-13;17;829
50;2025-12-13;18;725
50;2025-12-13;19;621
50;2025-12-13;20;457
50;2025-12-13;21;375
50;2025-12-13;22;241
50;2025-12-13;23;140
50;2025-12-14;0;51
50;2025-12-14;1;7
50;2025-12-14;2;0
50;2025-12-14;3;0
50;2025-12-14;4;1
50;2025-12-14;5;24
50;2025-12-14;6;115
50;2025-12-14;7;219
50;2025-12-14;8;332
50;2025-12-14;9;431
50;2025-12-14;10;483
50;2025-12-14;11;610
50;2025-12-14;12;714
50;2025-12-14;13;774
50;2025-12-14;14;822
50;2025-12-14;15;715
50;2025-12-14;16;759
50;2025-12-14;17;723
50;2025-12-14;18;652
50;2025-12-14;19;549
50;2025-12-14;20;447
50;2025-12-14;21;344
50;2025-12-14;22;224
50;2025-12-14;23;105
50;2025-12-15;0;33
50;2025-12-15;1;4
50;2025-12-15;2;0
50;2025-12-15;3;0
50;2025-12-15;4;3
50;2025-12-15;5;70
50;2025-12-15;6;536
50;2025-12-15;7;1740
50;2025-12-15;8;2727
50;2025-12-15;9;2131
50;2025-12-15;10;1653
50;2025-12-15;11;1558
50;2025-12-15;12;1458
50;2025-12-15;13;1454
50;2025-12-15;14;1411
50;2025-12-15;15;1675
50;2025-12-15;16;1661
50;2025-12-15;17;2411
50;2025-12-15;18;2558
50;2025-12-15;19;1481
50;2025-12-15;20;901
50;2025-12-15;21;620
50;2025-12-15;22;273
50;2025-12-15;23;136
50;2025-12-16;0;34
50;2025-12-16;1;4
50;2025-12-16;2;0
50;2025-12-16;3;0
50;2025-12-16;4;3
50;2025-12-16;5;71
50;2025-12-16;6;551
50;2025-12-16;7;1788
50;2025-12-16;8;2802
50;2025-12-16;9;2190
50;2025-12-16;10;1698
50;2025-12-16;11;1601
50;2025-12-16;12;1498
50;2025-12-16;13;1494
50;2025-12-16;14;1449
50;2025-12-16;15;1721
50;2025-12-16;16;1707
50;2025-12-16;17;2477
50;2025-12-16;18;2629
50;2025-12-16;19;1521
50;2025-12-16;20;926
50;2025-12-16;21;637
50;2025-12-16;22;280
50;2025-12-16;23;140
50;2025-12-17;0;34
50;2025-12-17;1;4
50;2025-12-17;2;0
50;2025-12-17;3;0
50;2025-12-17;4;3
50;2025-12-17;5;71
50;2025-12-17;6;551
50;2025-12-17;7;1788
50;2025-12-17;8;2802
50;2025-12-17;9;2190
50;2025-12-17;10;1698
50;2025-12-17;11;1601
50;2025-12-17;12;1498
50;2025-12-17;13;1494
50;2025-12-17;14;1449
50;2025-12-17;15;1721
50;2025-12-17;16;1707
50;2025-12-17;17;2477
50;2025-12-17;18;2629
50;2025-12-17;19;1521
50;2025-12-17;20;926
50;2025-12-17;21;637
50;2025-12-17;22;280
50;2025-12-17;23;140
50;2025-12-18;0;34
50;2025-12-18;1;4
50;2025-12-18;2;0
50;2025-12-18;3;0
50;2025-12-18;4;3
50;2025-12-18;5;71
50;2025-12-18;6;551
50;2025-12-18;7;1788
50;2025-12-18;8;2802
50;2025-12-18;9;2190
50;2025-12-18;10;1698
50;2025-12-18;11;1601
50;2025-12-18;12;1498
50;2025-12-18;13;1494
50;2025-12-18;14;1449
50;2025-12-18;15;1721
50;2025-12-18;16;1707
50;2025-12-18;17;2477
50;2025-12-18;18;2629
50;2025-12-18;19;1521
50;2025-12-18;20;926
50;2025-12-18;21;637
50;2025-12-18;22;280
50;2025-12-18;23;140
50;2025-12-19;0;41
50;2025-12-19;1;3
50;2025-12-19;2;0
50;2025-12-19;3;0
50;2025-12-19;4;3
50;2025-12-19;5;65
50;2025-12-19;6;553
50;2025-12-19;7;1756
50;2025-12-19;8;2753
50;2025-12-19;9;2113
50;2025-12-19;10;1570
50;2025-12-19;11;1640
50;2025-12-19;12;1548
50;2025-12-19;13;1555
50;2025-12-19;14;1482
50;2025-12-19;15;1835
50;2025-12-19;16;2181
50;2025-12-19;17;2209
50;2025-12-19;18;1824
50;2025-12-19;19;1253
50;2025-12-19;20;844
50;2025-12-19;21;588
50;2025-12-19;22;308
50;2025-12-19;23;177
50;2025-12-20;0;66
50;2025-12-20;1;4
50;2025-12-20;2;0
50;2025-12-20;3;0
50;2025-12-20;4;1
50;2025-12-20;5;30
50;2025-12-20;6;167
50;2025-12-20;7;397
50;2025-12-20;8;616
50;2025-12-20;9;663
50;2025-12-20;10;635
50;2025-12-20;11;833
50;2025-12-20;12;854
50;2025-12-20;13;900
50;2025-12-20;14;914
50;2025-12-20;15;872
50;2025-12-20;16;838
50;2025-12-20;17;829
50;2025-12-20;18;725
50;2025-12-20;19;621
50;2025-12-20;20;457
50;2025-12-20;21;375
50;2025-12-20;22;241
50;2025-12-20;23;140
50;2025-12-21;0;51
50;2025-12-21;1;7
50;2025-12-21;2;0
50;2025-12-21;3;0
50;2025-12-21;4;1
50;2025-12-21;5;24
50;2025-12-21;6;115
50;2025-12-21;7;219
50;2025-12-21;8;332
50;2025-12-21;9;431
50;2025-12-21;10;483
50;2025-12-21;11;610
50;2025-12-21;12;714
50;2025-12-21;13;774
50;2025-12-21;14;822
50;2025-12-21;15;715
50;2025-12-21;16;759
50;2025-12-21;17;723
50;2025-12-21;18;652
50;2025-12-21;19;549
50;2025-12-21;20;447
50;2025-12-21;21;344
50;2025-12-21;22;224
50;2025-12-21;23;105
50;2025-12-22;0;33
50;2025-12-22;1;4
50;2025-12-22;2;0
50;2025-12-22;3;0
50;2025-12-22;4;3
50;2025-12-22;5;70
50;2025-12-22;6;536
50;2025-12-22;7;1740
50;2025-12-22;8;2727
50;2025-12-22;9;2131
50;2025-12-22;10;1653
50;2025-12-22;11;1558
50;2025-12-22;12;1458
50;2025-12-22;13;1454
50;2025-12-22;14;1411
50;2025-12-22;15;1675
50;2025-12-22;16;1661
50;2025-12-22;17;2411
50;2025-12-22;18;2558
50;2025-12-22;19;1481
50;2025-12-22;20;901
50;2025-12-22;21;620
50;2025-12-22;22;273
50;2025-12-22;23;136
50;2025-12-23;0;34
50;2025-12-23;1;4
50;2025-12-23;2;0
50;2025-12-23;3;0
50;2025-12-23;4;3
50;2025-12-23;5;71
50;2025-12-23;6;551
50;2025-12-23;7;1788
50;2025-12-23;8;2802
50;2025-12-23;9;2190
50;2025-12-23;10;1698
50;2025-12-23;11;1601
50;2025-12-23;12;1498
50;2025-12-23;13;1494
50;2025-12-23;14;1449
50;2025-12-23;15;1721
50;2025-12-23;16;1707
50;2025-12-23;17;2477
50;2025-12-23;18;2629
50;2025-12-23;19;1521
50;2025-12-23;20;926
50;2025-12-23;21;637
50;2025-12-23;22;280
50;2025-12-23;23;140
50;2025-12-24;0;34
50;2025-12-24;1;4
50;2025-12-24;2;0
50;2025-12-24;3;0
50;2025-12-24;4;3
50;2025-12-24;5;71
50;2025-12-24;6;551
50;2025-12-24;7;1788
50;2025-12-24;8;2802
50;2025-12-24;9;2190
50;2025-12-24;10;1698
50;2025-12-24;11;1601
50;2025-12-24;12;1498
50;2025-12-24;13;1494
50;2025-12-24;14;1449
50;2025-12-24;15;1721
50;2025-12-24;16;1707
50;2025-12-24;17;2477
50;2025-12-24;18;2629
50;2025-12-24;19;1521
50;2025-12-24;20;926
50;2025-12-24;21;637
50;2025-12-24;22;280
50;2025-12-24;23;140
50;2025-12-25;0;34
50;2025-12-25;1;4
50;2025-12-25;2;0
50;2025-12-25;3;0
50;2025-12-25;4;3
50;2025-12-25;5;71
50;2025-12-25;6;551
50;2025-12-25;7;1788
50;2025-12-25;8;2802
50;2025-12-25;9;2190
50;2025-12-25;10;1698
50;2025-12-25;11;1601
50;2025-12-25;12;1498
50;2025-12-25;13;1494
50;2025-12-25;14;1449
50;2025-12-25;15;1721
50;2025-12-25;16;1707
50;2025-12-25;17;2477
50;2025-12-25;18;2629
50;2025-12-25;19;1521
50;2025-12-25;20;926
50;2025-12-25;21;637
50;2025-12-25;22;280
50;2025-12-25;23;140
50;2025-12-26;0;41
50;2025-12-26;1;3
50;2025-12-26;2;0
50;2025-12-26;3;0
50;2025-12-26;4;3
50;2025-12-26;5;65
50;2025-12-26;6;553
50;2025-12-26;7;1756
50;2025-12-26;8;2753
50;2025-12-26;9;2113
50;2025-12-26;10;1570
50;2025-12-26;11;1640
50;2025-12-26;12;1548
50;2025-12-26;13;1555
50;2025-12-26;14;1482
50;2025-12-26;15;1835
50;2025-12-26;16;2181
50;2025-12-26;17;2209
50;2025-12-26;18;1824
50;2025-12-26;19;1253
50;2025-12-26;20;844
50;2025-12-26;21;588
50;2025-12-26;22;308
50;2025-12-26;23;177
50;2025-12-27;0;66
50;2025-12-27;1;4
50;2025-12-27;2;0
50;2025-12-27;3;0
50;2025-12-27;4;1
50;2025-12-27;5;30
50;2025-12-27;6;167
50;2025-12-27;7;397
50;2025-12-27;8;616
50;2025-12-27;9;663
50;2025-12-27;10;635
50;2025-12-27;11;833
50;2025-12-27;12;854
50;2025-12-27;13;900
50;2025-12-27;14;914
50;2025-12-27;15;872
50;2025-12-27;16;838
50;2025-12-27;17;829
50;2025-12-27;18;725
50;2025-12-27;19;621
50;2025-12-27;20;457
50;2025-12-27;21;375
50;2025-12-27;22;241
50;2025-12-27;23;140
50;2025-12-28;0;51
50;2025-12-28;1;7
50;2025-12-28;2;0
50;2025-12-28;3;0
50;2025-12-28;4;1
50;2025-12-28;5;24
50;2025-12-28;6;115
50;2025-12-28;7;219
50;2025-12-28;8;332
50;2025-12-28;9;431
50;2025-12-28;10;483
50;2025-12-28;11;610
50;2025-12-28;12;714
50;2025-12-28;13;774
50;2025-12-28;14;822
50;2025-12-28;15;715
50;2025-12-28;16;759
50;2025-12-28;17;723
50;2025-12-28;18;652
50;2025-12-28;19;549
50;2025-12-28;20;447
50;2025-12-28;21;344
50;2025-12-28;22;224
50;2025-12-28;23;105
50;2025-12-29;0;30
50;2025-12-29;1;3
50;2025-12-29;2;0
50;2025-12-29;3;0
50;2025-12-29;4;2
50;2025-12-29;5;63
50;2025-12-29;6;482
50;2025-12-29;7;1566
50;2025-12-29;8;2454
50;2025-12-29;9;1918
50;2025-12-29;10;1487
50;2025-12-29;11;1402
50;2025-12-29;12;1312
50;2025-12-29;13;1309
50;2025-12-29;14;1270
50;2025-12-29;15;1507
50;2025-12-29;16;1495
50;2025-12-29;17;2170
50;2025-12-29;18;2302
50;2025-12-29;19;1333
50;2025-12-29;20;811
50;2025-12-29;21;558
50;2025-12-29;22;245
50;2025-12-29;23;123
50;2025-12-30;0;29
50;2025-12-30;1;3
50;2025-12-30;2;0
50;2025-12-30;3;0
50;2025-12-30;4;2
50;2025-12-30;5;61
50;2025-12-30;6;468
50;2025-12-30;7;1520
50;2025-12-30;8;2381
50;2025-12-30;9;1862
50;2025-12-30;10;1443
50;2025-12-30;11;1361
50;2025-12-30;12;1273
50;2025-12-30;13;1270
50;2025-12-30;14;1232
50;2025-12-30;15;1463
50;2025-12-30;16;1451
50;2025-12-30;17;2105
50;2025-12-30;18;2234
50;2025-12-30;19;1293
50;2025-12-30;20;787
50;2025-12-30;21;542
50;2025-12-30;22;238
50;2025-12-30;23;119
50;2025-12-31;0;66
50;2025-12-31;1;4
50;2025-12-31;2;0
50;2025-12-31;3;0
50;2025-12-31;4;1
50;2025-12-31;5;30
50;2025-12-31;6;167
50;2025-12-31;7;397
50;2025-12-31;8;616
50;2025-12-31;9;663
50;2025-12-31;10;635
50;2025-12-31;11;833
50;2025-12-31;12;854
50;2025-12-31;13;900
50;2025-12-31;14;914
50;2025-12-31;15;872
50;2025-12-31;16;838
50;2025-12-31;17;829
50;2025-12-31;18;725
50;2025-12-31;19;621
50;2025-12-31;20;457
50;2025-12-31;21;375
50;2025-12-31;22;241
50;2025-12-31;23;140
