route;date;hour;prediction
1;2025-11-01;0;2
1;2025-11-01;1;0
1;2025-11-01;2;0
1;2025-11-01;3;0
1;2025-11-01;4;5
1;2025-11-01;5;109
1;2025-11-01;6;427
1;2025-11-01;7;1231
1;2025-11-01;8;1469
1;2025-11-01;9;1151
1;2025-11-01;10;1028
1;2025-11-01;11;1137
1;2025-11-01;12;1116
1;2025-11-01;13;1156
1;2025-11-01;14;1085
1;2025-11-01;15;1224
1;2025-11-01;16;1294
1;2025-11-01;17;1417
1;2025-11-01;18;1230
1;2025-11-01;19;974
1;2025-11-01;20;653
1;2025-11-01;21;413
1;2025-11-01;22;181
1;2025-11-01;23;48
1;2025-11-02;0;0
1;2025-11-02;1;0
1;2025-11-02;2;0
1;2025-11-02;3;0
1;2025-11-02;4;0
1;2025-11-02;5;25
1;2025-11-02;6;129
1;2025-11-02;7;255
1;2025-11-02;8;355
1;2025-11-02;9;615
1;2025-11-02;10;721
1;2025-11-02;11;741
1;2025-11-02;12;878
1;2025-11-02;13;927
1;2025-11-02;14;828
1;2025-11-02;15;750
1;2025-11-02;16;681
1;2025-11-02;17;616
1;2025-11-02;18;528
1;2025-11-02;19;443
1;2025-11-02;20;356
1;2025-11-02;21;276
1;2025-11-02;22;112
1;2025-11-02;23;32
1;2025-11-03;0;3
1;2025-11-03;1;0
1;2025-11-03;2;0
1;2025-11-03;3;0
1;2025-11-03;4;0
1;2025-11-03;5;25
1;2025-11-03;6;126
1;2025-11-03;7;257
1;2025-11-03;8;354
1;2025-11-03;9;587
1;2025-11-03;10;690
1;2025-11-03;11;689
1;2025-11-03;12;835
1;2025-11-03;13;872
1;2025-11-03;14;801
1;2025-11-03;15;704
1;2025-11-03;16;633
1;2025-11-03;17;584
1;2025-11-03;18;500
1;2025-11-03;19;428
1;2025-11-03;20;335
1;2025-11-03;21;249
1;2025-11-03;22;105
1;2025-11-03;23;29
1;2025-11-04;0;3
1;2025-11-04;1;0
1;2025-11-04;2;0
1;2025-11-04;3;0
1;2025-11-04;4;0
1;2025-11-04;5;25
1;2025-11-04;6;126
1;2025-11-04;7;257
1;2025-11-04;8;354
1;2025-11-04;9;587
1;2025-11-04;10;690
1;2025-11-04;11;689
1;2025-11-04;12;835
1;2025-11-04;13;872
1;2025-11-04;14;801
1;2025-11-04;15;704
1;2025-11-04;16;633
1;2025-11-04;17;584
1;2025-11-04;18;500
1;2025-11-04;19;428
1;2025-11-04;20;335
1;2025-11-04;21;249
1;2025-11-04;22;105
1;2025-11-04;23;29
1;2025-11-05;0;4
1;2025-11-05;1;0
1;2025-11-05;2;0
1;2025-11-05;3;0
1;2025-11-05;4;9
1;2025-11-05;5;136
1;2025-11-05;6;572
1;2025-11-05;7;1572
1;2025-11-05;8;1999
1;2025-11-05;9;1542
1;2025-11-05;10;1376
1;2025-11-05;11;1414
1;2025-11-05;12;1470
1;2025-11-05;13;1495
1;2025-11-05;14;1443
1;2025-11-05;15;1607
1;2025-11-05;16;1596
1;2025-11-05;17;1852
1;2025-11-05;18;1911
1;2025-11-05;19;1425
1;2025-11-05;20;928
1;2025-11-05;21;511
1;2025-11-05;22;226
1;2025-11-05;23;51
1;2025-11-06;0;4
1;2025-11-06;1;0
1;2025-11-06;2;0
1;2025-11-06;3;0
1;2025-11-06;4;9
1;2025-11-06;5;136
1;2025-11-06;6;572
1;2025-11-06;7;1572
1;2025-11-06;8;1999
1;2025-11-06;9;1542
1;2025-11-06;10;1376
1;2025-11-06;11;1414
1;2025-11-06;12;1470
1;2025-11-06;13;1495
1;2025-11-06;14;1443
1;2025-11-06;15;1607
1;2025-11-06;16;1596
1;2025-11-06;17;1852
1;2025-11-06;18;1911
1;2025-11-06;19;1425
1;2025-11-06;20;928
1;2025-11-06;21;511
1;2025-11-06;22;226
1;2025-11-06;23;51
1;2025-11-07;0;6
1;2025-11-07;1;0
1;2025-11-07;2;0
1;2025-11-07;3;0
1;2025-11-07;4;6
1;2025-11-07;5;140
1;2025-11-07;6;550
1;2025-11-07;7;1586
1;2025-11-07;8;1892
1;2025-11-07;9;1483
1;2025-11-07;10;1325
1;2025-11-07;11;1465
1;2025-11-07;12;1438
1;2025-11-07;13;1490
1;2025-11-07;14;1398
1;2025-11-07;15;1577
1;2025-11-07;16;1667
1;2025-11-07;17;1825
1;2025-11-07;18;1585
1;2025-11-07;19;1255
1;2025-11-07;20;841
1;2025-11-07;21;532
1;2025-11-07;22;233
1;2025-11-07;23;62
1;2025-11-08;0;9
1;2025-11-08;1;0
1;2025-11-08;2;0
1;2025-11-08;3;0
1;2025-11-08;4;0
1;2025-11-08;5;34
1;2025-11-08;6;169
1;2025-11-08;7;357
1;2025-11-08;8;487
1;2025-11-08;9;773
1;2025-11-08;10;911
1;2025-11-08;11;885
1;2025-11-08;12;1098
1;2025-11-08;13;1132
1;2025-11-08;14;1070
1;2025-11-08;15;913
1;2025-11-08;16;812
1;2025-11-08;17;765
1;2025-11-08;18;652
1;2025-11-08;19;572
1;2025-11-08;20;436
1;2025-11-08;21;309
1;2025-11-08;22;137
1;2025-11-08;23;35
1;2025-11-09;0;0
1;2025-11-09;1;0
1;2025-11-09;2;0
1;2025-11-09;3;0
1;2025-11-09;4;0
1;2025-11-09;5;25
1;2025-11-09;6;129
1;2025-11-09;7;255
1;2025-11-09;8;355
1;2025-11-09;9;615
1;2025-11-09;10;721
1;2025-11-09;11;741
1;2025-11-09;12;878
1;2025-11-09;13;927
1;2025-11-09;14;828
1;2025-11-09;15;750
1;2025-11-09;16;681
1;2025-11-09;17;616
1;2025-11-09;18;528
1;2025-11-09;19;443
1;2025-11-09;20;356
1;2025-11-09;21;276
1;2025-11-09;22;112
1;2025-11-09;23;32
1;2025-11-10;0;4
1;2025-11-10;1;0
1;2025-11-10;2;0
1;2025-11-10;3;0
1;2025-11-10;4;8
1;2025-11-10;5;132
1;2025-11-10;6;556
1;2025-11-10;7;1530
1;2025-11-10;8;1945
1;2025-11-10;9;1500
1;2025-11-10;10;1339
1;2025-11-10;11;1376
1;2025-11-10;12;1431
1;2025-11-10;13;1455
1;2025-11-10;14;1405
1;2025-11-10;15;1564
1;2025-11-10;16;1553
1;2025-11-10;17;1803
1;2025-11-10;18;1859
1;2025-11-10;19;1387
1;2025-11-10;20;903
1;2025-11-10;21;497
1;2025-11-10;22;220
1;2025-11-10;23;49
1;2025-11-11;0;4
1;2025-11-11;1;0
1;2025-11-11;2;0
1;2025-11-11;3;0
1;2025-11-11;4;9
1;2025-11-11;5;136
1;2025-11-11;6;572
1;2025-11-11;7;1572
1;2025-11-11;8;1999
1;2025-11-11;9;1542
1;2025-11-11;10;1376
1;2025-11-11;11;1414
1;2025-11-11;12;1470
1;2025-11-11;13;1495
1;2025-11-11;14;1443
1;2025-11-11;15;1607
1;2025-11-11;16;1596
1;2025-11-11;17;1852
1;2025-11-11;18;1911
1;2025-11-11;19;1425
1;2025-11-11;20;928
1;2025-11-11;21;511
1;2025-11-11;22;226
1;2025-11-11;23;51
1;2025-11-12;0;4
1;2025-11-12;1;0
1;2025-11-12;2;0
1;2025-11-12;3;0
1;2025-11-12;4;9
1;2025-11-12;5;136
1;2025-11-12;6;572
1;2025-11-12;7;1572
1;2025-11-12;8;1999
1;2025-11-12;9;1542
1;2025-11-12;10;1376
1;2025-11-12;11;1414
1;2025-11-12;12;1470
1;2025-11-12;13;1495
1;2025-11-12;14;1443
1;2025-11-12;15;1607
1;2025-11-12;16;1596
1;2025-11-12;17;1852
1;2025-11-12;18;1911
1;2025-11-12;19;1425
1;2025-11-12;20;928
1;2025-11-12;21;511
1;2025-11-12;22;226
1;2025-11-12;23;51
1;2025-11-13;0;4
1;2025-11-13;1;0
1;2025-11-13;2;0
1;2025-11-13;3;0
1;2025-11-13;4;9
1;2025-11-13;5;136
1;2025-11-13;6;572
1;2025-11-13;7;1572
1;2025-11-13;8;1999
1;2025-11-13;9;1542
1;2025-11-13;10;1376
1;2025-11-13;11;1414
1;2025-11-13;12;1470
1;2025-11-13;13;1495
1;2025-11-13;14;1443
1;2025-11-13;15;1607
1;2025-11-13;16;1596
1;2025-11-13;17;1852
1;2025-11-13;18;1911
1;2025-11-13;19;1425
1;2025-11-13;20;928
1;2025-11-13;21;511
1;2025-11-13;22;226
1;2025-11-13;23;51
1;2025-11-14;0;6
1;2025-11-14;1;0
1;2025-11-14;2;0
1;2025-11-14;3;0
1;2025-11-14;4;6
1;2025-11-14;5;140
1;2025-11-14;6;550
1;2025-11-14;7;1586
1;2025-11-14;8;1892
1;2025-11-14;9;1483
1;2025-11-14;10;1325
1;2025-11-14;11;1465
1;2025-11-14;12;1438
1;2025-11-14;13;1490
1;2025-11-14;14;1398
1;2025-11-14;15;1577
1;2025-11-14;16;1667
1;2025-11-14;17;1825
1;2025-11-14;18;1585
1;2025-11-14;19;1255
1;2025-11-14;20;841
1;2025-11-14;21;532
1;2025-11-14;22;233
1;2025-11-14;23;62
1;2025-11-15;0;9
1;2025-11-15;1;0
1;2025-11-15;2;0
1;2025-11-15;3;0
1;2025-11-15;4;0
1;2025-11-15;5;34
1;2025-11-15;6;169
1;2025-11-15;7;357
1;2025-11-15;8;487
1;2025-11-15;9;773
1;2025-11-15;10;911
1;2025-11-15;11;885
1;2025-11-15;12;1098
1;2025-11-15;13;1132
1;2025-11-15;14;1070
1;2025-11-15;15;913
1;2025-11-15;16;812
1;2025-11-15;17;765
1;2025-11-15;18;652
1;2025-11-15;19;572
1;2025-11-15;20;436
1;2025-11-15;21;309
1;2025-11-15;22;137
1;2025-11-15;23;35
1;2025-11-16;0;0
1;2025-11-16;1;0
1;2025-11-16;2;0
1;2025-11-16;3;0
1;2025-11-16;4;0
1;2025-11-16;5;25
1;2025-11-16;6;129
1;2025-11-16;7;255
1;2025-11-16;8;355
1;2025-11-16;9;615
1;2025-11-16;10;721
1;2025-11-16;11;741
1;2025-11-16;12;878
1;2025-11-16;13;927
1;2025-11-16;14;828
1;2025-11-16;15;750
1;2025-11-16;16;681
1;2025-11-16;17;616
1;2025-11-16;18;528
1;2025-11-16;19;443
1;2025-11-16;20;356
1;2025-11-16;21;276
1;2025-11-16;22;112
1;2025-11-16;23;32
1;2025-11-17;0;4
1;2025-11-17;1;0
1;2025-11-17;2;0
1;2025-11-17;3;0
1;2025-11-17;4;8
1;2025-11-17;5;132
1;2025-11-17;6;556
1;2025-11-17;7;1530
1;2025-11-17;8;1945
1;2025-11-17;9;1500
1;2025-11-17;10;1339
1;2025-11-17;11;1376
1;2025-11-17;12;1431
1;2025-11-17;13;1455
1;2025-11-17;14;1405
1;2025-11-17;15;1564
1;2025-11-17;16;1553
1;2025-11-17;17;1803
1;2025-11-17;18;1859
1;2025-11-17;19;1387
1;2025-11-17;20;903
1;2025-11-17;21;497
1;2025-11-17;22;220
1;2025-11-17;23;49
1;2025-11-18;0;4
1;2025-11-18;1;0
1;2025-11-18;2;0
1;2025-11-18;3;0
1;2025-11-18;4;9
1;2025-11-18;5;136
1;2025-11-18;6;572
1;2025-11-18;7;1572
1;2025-11-18;8;1999
1;2025-11-18;9;1542
1;2025-11-18;10;1376
1;2025-11-18;11;1414
1;2025-11-18;12;1470
1;2025-11-18;13;1495
1;2025-11-18;14;1443
1;2025-11-18;15;1607
1;2025-11-18;16;1596
1;2025-11-18;17;1852
1;2025-11-18;18;1911
1;2025-11-18;19;1425
1;2025-11-18;20;928
1;2025-11-18;21;511
1;2025-11-18;22;226
1;2025-11-18;23;51
1;2025-11-19;0;4
1;2025-11-19;1;0
1;2025-11-19;2;0
1;2025-11-19;3;0
1;2025-11-19;4;9
1;2025-11-19;5;136
1;2025-11-19;6;572
1;2025-11-19;7;1572
1;2025-11-19;8;1999
1;2025-11-19;9;1542
1;2025-11-19;10;1376
1;2025-11-19;11;1414
1;2025-11-19;12;1470
1;2025-11-19;13;1495
1;2025-11-19;14;1443
1;2025-11-19;15;1607
1;2025-11-19;16;1596
1;2025-11-19;17;1852
1;2025-11-19;18;1911
1;2025-11-19;19;1425
1;2025-11-19;20;928
1;2025-11-19;21;511
1;2025-11-19;22;226
1;2025-11-19;23;51
1;2025-11-20;0;4
1;2025-11-20;1;0
1;2025-11-20;2;0
1;2025-11-20;3;0
1;2025-11-20;4;9
1;2025-11-20;5;136
1;2025-11-20;6;572
1;2025-11-20;7;1572
1;2025-11-20;8;1999
1;2025-11-20;9;1542
1;2025-11-20;10;1376
1;2025-11-20;11;1414
1;2025-11-20;12;1470
1;2025-11-20;13;1495
1;2025-11-20;14;1443
1;2025-11-20;15;1607
1;2025-11-20;16;1596
1;2025-11-20;17;1852
1;2025-11-20;18;1911
1;2025-11-20;19;1425
1;2025-11-20;20;928
1;2025-11-20;21;511
1;2025-11-20;22;226
1;2025-11-20;23;51
1;2025-11-21;0;6
1;2025-11-21;1;0
1;2025-11-21;2;0
1;2025-11-21;3;0
1;2025-11-21;4;6
1;2025-11-21;5;140
1;2025-11-21;6;550
1;2025-11-21;7;1586
1;2025-11-21;8;1892
1;2025-11-21;9;1483
1;2025-11-21;10;1325
1;2025-11-21;11;1465
1;2025-11-21;12;1438
1;2025-11-21;13;1490
1;2025-11-21;14;1398
1;2025-11-21;15;1577
1;2025-11-21;16;1667
1;2025-11-21;17;1825
1;2025-11-21;18;1585
1;2025-11-21;19;1255
1;2025-11-21;20;841
1;2025-11-21;21;532
1;2025-11-21;22;233
1;2025-11-21;23;62
1;2025-11-22;0;9
1;2025-11-22;1;0
1;2025-11-22;2;0
1;2025-11-22;3;0
1;2025-11-22;4;0
1;2025-11-22;5;34
1;2025-11-22;6;169
1;2025-11-22;7;357
1;2025-11-22;8;487
1;2025-11-22;9;773
1;2025-11-22;10;911
1;2025-11-22;11;885
1;2025-11-22;12;1098
1;2025-11-22;13;1132
1;2025-11-22;14;1070
1;2025-11-22;15;913
1;2025-11-22;16;812
1;2025-11-22;17;765
1;2025-11-22;18;652
1;2025-11-22;19;572
1;2025-11-22;20;436
1;2025-11-22;21;309
1;2025-11-22;22;137
1;2025-11-22;23;35
1;2025-11-23;0;0
1;2025-11-23;1;0
1;2025-11-23;2;0
1;2025-11-23;3;0
1;2025-11-23;4;0
1;2025-11-23;5;25
1;2025-11-23;6;129
1;2025-11-23;7;255
1;2025-11-23;8;355
1;2025-11-23;9;615
1;2025-11-23;10;721
1;2025-11-23;11;741
1;2025-11-23;12;878
1;2025-11-23;13;927
1;2025-11-23;14;828
1;2025-11-23;15;750
1;2025-11-23;16;681
1;2025-11-23;17;616
1;2025-11-23;18;528
1;2025-11-23;19;443
1;2025-11-23;20;356
1;2025-11-23;21;276
1;2025-11-23;22;112
1;2025-11-23;23;32
1;2025-11-24;0;4
1;2025-11-24;1;0
1;2025-11-24;2;0
1;2025-11-24;3;0
1;2025-11-24;4;8
1;2025-11-24;5;132
1;2025-11-24;6;556
1;2025-11-24;7;1530
1;2025-11-24;8;1945
1;2025-11-24;9;1500
1;2025-11-24;10;1339
1;2025-11-24;11;1376
1;2025-11-24;12;1431
1;2025-11-24;13;1455
1;2025-11-24;14;1405
1;2025-11-24;15;1564
1;2025-11-24;16;1553
1;2025-11-24;17;1803
1;2025-11-24;18;1859
1;2025-11-24;19;1387
1;2025-11-24;20;903
1;2025-11-24;21;497
1;2025-11-24;22;220
1;2025-11-24;23;49
1;2025-11-25;0;4
1;2025-11-25;1;0
1;2025-11-25;2;0
1;2025-11-25;3;0
1;2025-11-25;4;9
1;2025-11-25;5;136
1;2025-11-25;6;572
1;2025-11-25;7;1572
1;2025-11-25;8;1999
1;2025-11-25;9;1542
1;2025-11-25;10;1376
1;2025-11-25;11;1414
1;2025-11-25;12;1470
1;2025-11-25;13;1495
1;2025-11-25;14;1443
1;2025-11-25;15;1607
1;2025-11-25;16;1596
1;2025-11-25;17;1852
1;2025-11-25;18;1911
1;2025-11-25;19;1425
1;2025-11-25;20;928
1;2025-11-25;21;511
1;2025-11-25;22;226
1;2025-11-25;23;51
1;2025-11-26;0;4
1;2025-11-26;1;0
1;2025-11-26;2;0
1;2025-11-26;3;0
1;2025-11-26;4;9
1;2025-11-26;5;136
1;2025-11-26;6;572
1;2025-11-26;7;1572
1;2025-11-26;8;1999
1;2025-11-26;9;1542
1;2025-11-26;10;1376
1;2025-11-26;11;1414
1;2025-11-26;12;1470
1;2025-11-26;13;1495
1;2025-11-26;14;1443
1;2025-11-26;15;1607
1;2025-11-26;16;1596
1;2025-11-26;17;1852
1;2025-11-26;18;1911
1;2025-11-26;19;1425
1;2025-11-26;20;928
1;2025-11-26;21;511
1;2025-11-26;22;226
1;2025-11-26;23;51
1;2025-11-27;0;4
1;2025-11-27;1;0
1;2025-11-27;2;0
1;2025-11-27;3;0
1;2025-11-27;4;9
1;2025-11-27;5;136
1;2025-11-27;6;572
1;2025-11-27;7;1572
1;2025-11-27;8;1999
1;2025-11-27;9;1542
1;2025-11-27;10;1376
1;2025-11-27;11;1414
1;2025-11-27;12;1470
1;2025-11-27;13;1495
1;2025-11-27;14;1443
1;2025-11-27;15;1607
1;2025-11-27;16;1596
1;2025-11-27;17;1852
1;2025-11-27;18;1911
1;2025-11-27;19;1425
1;2025-11-27;20;928
1;2025-11-27;21;511
1;2025-11-27;22;226
1;2025-11-27;23;51
1;2025-11-28;0;6
1;2025-11-28;1;0
1;2025-11-28;2;0
1;2025-11-28;3;0
1;2025-11-28;4;6
1;2025-11-28;5;140
1;2025-11-28;6;550
1;2025-11-28;7;1586
1;2025-11-28;8;1892
1;2025-11-28;9;1483
1;2025-11-28;10;1325
1;2025-11-28;11;1465
1;2025-11-28;12;1438
1;2025-11-28;13;1490
1;2025-11-28;14;1398
1;2025-11-28;15;1577
1;2025-11-28;16;1667
1;2025-11-28;17;1825
1;2025-11-28;18;1585
1;2025-11-28;19;1255
1;2025-11-28;20;841
1;2025-11-28;21;532
1;2025-11-28;22;233
1;2025-11-28;23;62
1;2025-11-29;0;9
1;2025-11-29;1;0
1;2025-11-29;2;0
1;2025-11-29;3;0
1;2025-11-29;4;0
1;2025-11-29;5;34
1;2025-11-29;6;169
1;2025-11-29;7;357
1;2025-11-29;8;487
1;2025-11-29;9;773
1;2025-11-29;10;911
1;2025-11-29;11;885
1;2025-11-29;12;1098
1;2025-11-29;13;1132
1;2025-11-29;14;1070
1;2025-11-29;15;913
1;2025-11-29;16;812
1;2025-11-29;17;765
1;2025-11-29;18;652
1;2025-11-29;19;572
1;2025-11-29;20;436
1;2025-11-29;21;309
1;2025-11-29;22;137
1;2025-11-29;23;35
1;2025-11-30;0;0
1;2025-11-30;1;0
1;2025-11-30;2;0
1;2025-11-30;3;0
1;2025-11-30;4;0
1;2025-11-30;5;25
1;2025-11-30;6;129
1;2025-11-30;7;255
1;2025-11-30;8;355
1;2025-11-30;9;615
1;2025-11-30;10;721
1;2025-11-30;11;741
1;2025-11-30;12;878
1;2025-11-30;13;927
1;2025-11-30;14;828
1;2025-11-30;15;750
1;2025-11-30;16;681
1;2025-11-30;17;616
1;2025-11-30;18;528
1;2025-11-30;19;443
1;2025-11-30;20;356
1;2025-11-30;21;276
1;2025-11-30;22;112
1;2025-11-30;23;32
1;2025-12-01;0;4
1;2025-12-01;1;0
1;2025-12-01;2;0
1;2025-12-01;3;0
1;2025-12-01;4;8
1;2025-12-01;5;134
1;2025-12-01;6;566
1;2025-12-01;7;1534
1;2025-12-01;8;1934
1;2025-12-01;9;1500
1;2025-12-01;10;1334
1;2025-12-01;11;1381
1;2025-12-01;12;1434
1;2025-12-01;13;1451
1;2025-12-01;14;1403
1;2025-12-01;15;1568
1;2025-12-01;16;1551
1;2025-12-01;17;1797
1;2025-12-01;18;1851
1;2025-12-01;19;1386
1;2025-12-01;20;903
1;2025-12-01;21;501
1;2025-12-01;22;227
1;2025-12-01;23;51
1;2025-12-02;0;4
1;2025-12-02;1;0
1;2025-12-02;2;0
1;2025-12-02;3;0
1;2025-12-02;4;8
1;2025-12-02;5;138
1;2025-12-02;6;582
1;2025-12-02;7;1576
1;2025-12-02;8;1987
1;2025-12-02;9;1541
1;2025-12-02;10;1371
1;2025-12-02;11;1419
1;2025-12-02;12;1473
1;2025-12-02;13;1491
1;2025-12-02;14;1441
1;2025-12-02;15;1612
1;2025-12-02;16;1594
1;2025-12-02;17;1846
1;2025-12-02;18;1902
1;2025-12-02;19;1424
1;2025-12-02;20;928
1;2025-12-02;21;515
1;2025-12-02;22;233
1;2025-12-02;23;53
1;2025-12-03;0;4
1;2025-12-03;1;0
1;2025-12-03;2;0
1;2025-12-03;3;0
1;2025-12-03;4;8
1;2025-12-03;5;138
1;2025-12-03;6;582
1;2025-12-03;7;1576
1;2025-12-03;8;1987
1;2025-12-03;9;1541
1;2025-12-03;10;1371
1;2025-12-03;11;1419
1;2025-12-03;12;1473
1;2025-12-03;13;1491
1;2025-12-03;14;1441
1;2025-12-03;15;1612
1;2025-12-03;16;1594
1;2025-12-03;17;1846
1;2025-12-03;18;1902
1;2025-12-03;19;1424
1;2025-12-03;20;928
1;2025-12-03;21;515
1;2025-12-03;22;233
1;2025-12-03;23;53
1;2025-12-04;0;4
1;2025-12-04;1;0
1;2025-12-04;2;0
1;2025-12-04;3;0
1;2025-12-04;4;8
1;2025-12-04;5;138
1;2025-12-04;6;582
1;2025-12-04;7;1576
1;2025-12-04;8;1987
1;2025-12-04;9;1541
1;2025-12-04;10;1371
1;2025-12-04;11;1419
1;2025-12-04;12;1473
1;2025-12-04;13;1491
1;2025-12-04;14;1441
1;2025-12-04;15;1612
1;2025-12-04;16;1594
1;2025-12-04;17;1846
1;2025-12-04;18;1902
1;2025-12-04;19;1424
1;2025-12-04;20;928
1;2025-12-04;21;515
1;2025-12-04;22;233
1;2025-12-04;23;53
1;2025-12-05;0;6
1;2025-12-05;1;0
1;2025-12-05;2;0
1;2025-12-05;3;0
1;2025-12-05;4;6
1;2025-12-05;5;140
1;2025-12-05;6;559
1;2025-12-05;7;1584
1;2025-12-05;8;1884
1;2025-12-05;9;1478
1;2025-12-05;10;1322
1;2025-12-05;11;1472
1;2025-12-05;12;1441
1;2025-12-05;13;1493
1;2025-12-05;14;1400
1;2025-12-05;15;1580
1;2025-12-05;16;1663
1;2025-12-05;17;1805
1;2025-12-05;18;1590
1;2025-12-05;19;1246
1;2025-12-05;20;843
1;2025-12-05;21;537
1;2025-12-05;22;242
1;2025-12-05;23;66
1;2025-12-06;0;9
1;2025-12-06;1;0
1;2025-12-06;2;0
1;2025-12-06;3;0
1;2025-12-06;4;0
1;2025-12-06;5;34
1;2025-12-06;6;172
1;2025-12-06;7;356
1;2025-12-06;8;485
1;2025-12-06;9;775
1;2025-12-06;10;906
1;2025-12-06;11;878
1;2025-12-06;12;1096
1;2025-12-06;13;1127
1;2025-12-06;14;1068
1;2025-12-06;15;909
1;2025-12-06;16;815
1;2025-12-06;17;769
1;2025-12-06;18;652
1;2025-12-06;19;573
1;2025-12-06;20;437
1;2025-12-06;21;310
1;2025-12-06;22;140
1;2025-12-06;23;37
1;2025-12-07;0;0
1;2025-12-07;1;0
1;2025-12-07;2;0
1;2025-12-07;3;0
1;2025-12-07;4;0
1;2025-12-07;5;26
1;2025-12-07;6;132
1;2025-12-07;7;253
1;2025-12-07;8;355
1;2025-12-07;9;615
1;2025-12-07;10;728
1;2025-12-07;11;744
1;2025-12-07;12;887
1;2025-12-07;13;940
1;2025-12-07;14;833
1;2025-12-07;15;756
1;2025-12-07;16;685
1;2025-12-07;17;623
1;2025-12-07;18;534
1;2025-12-07;19;445
1;2025-12-07;20;361
1;2025-12-07;21;277
1;2025-12-07;22;114
1;2025-12-07;23;33
1;2025-12-08;0;4
1;2025-12-08;1;0
1;2025-12-08;2;0
1;2025-12-08;3;0
1;2025-12-08;4;8
1;2025-12-08;5;134
1;2025-12-08;6;566
1;2025-12-08;7;1534
1;2025-12-08;8;1934
1;2025-12-08;9;1500
1;2025-12-08;10;1334
1;2025-12-08;11;1381
1;2025-12-08;12;1434
1;2025-12-08;13;1451
1;2025-12-08;14;1403
1;2025-12-08;15;1568
1;2025-12-08;16;1551
1;2025-12-08;17;1797
1;2025-12-08;18;1851
1;2025-12-08;19;1386
1;2025-12-08;20;903
1;2025-12-08;21;501
1;2025-12-08;22;227
1;2025-12-08;23;51
1;2025-12-09;0;4
1;2025-12-09;1;0
1;2025-12-09;2;0
1;2025-12-09;3;0
1;2025-12-09;4;8
1;2025-12-09;5;138
1;2025-12-09;6;582
1;2025-12-09;7;1576
1;2025-12-09;8;1987
1;2025-12-09;9;1541
1;2025-12-09;10;1371
1;2025-12-09;11;1419
1;2025-12-09;12;1473
1;2025-12-09;13;1491
1;2025-12-09;14;1441
1;2025-12-09;15;1612
1;2025-12-09;16;1594
1;2025-12-09;17;1846
1;2025-12-09;18;1902
1;2025-12-09;19;1424
1;2025-12-09;20;928
1;2025-12-09;21;515
1;2025-12-09;22;233
1;2025-12-09;23;53
1;2025-12-10;0;4
1;2025-12-10;1;0
1;2025-12-10;2;0
1;2025-12-10;3;0
1;2025-12-10;4;8
1;2025-12-10;5;138
1;2025-12-10;6;582
1;2025-12-10;7;1576
1;2025-12-10;8;1987
1;2025-12-10;9;1541
1;2025-12-10;10;1371
1;2025-12-10;11;1419
1;2025-12-10;12;1473
1;2025-12-10;13;1491
1;2025-12-10;14;1441
1;2025-12-10;15;1612
1;2025-12-10;16;1594
1;2025-12-10;17;1846
1;2025-12-10;18;1902
1;2025-12-10;19;1424
1;2025-12-10;20;928
1;2025-12-10;21;515
1;2025-12-10;22;233
1;2025-12-10;23;53
1;2025-12-11;0;4
1;2025-12-11;1;0
1;2025-12-11;2;0
1;2025-12-11;3;0
1;2025-12-11;4;8
1;2025-12-11;5;138
1;2025-12-11;6;582
1;2025-12-11;7;1576
1;2025-12-11;8;1987
1;2025-12-11;9;1541
1;2025-12-11;10;1371
1;2025-12-11;11;1419
1;2025-12-11;12;1473
1;2025-12-11;13;1491
1;2025-12-11;14;1441
1;2025-12-11;15;1612
1;2025-12-11;16;1594
1;2025-12-11;17;1846
1;2025-12-11;18;1902
1;2025-12-11;19;1424
1;2025-12-11;20;928
1;2025-12-11;21;515
1;2025-12-11;22;233
1;2025-12-11;23;53
1;2025-12-12;0;6
1;2025-12-12;1;0
1;2025-12-12;2;0
1;2025-12-12;3;0
1;2025-12-12;4;6
1;2025-12-12;5;140
1;2025-12-12;6;559
1;2025-12-12;7;1584
1;2025-12-12;8;1884
1;2025-12-12;9;1478
1;2025-12-12;10;1322
1;2025-12-12;11;1472
1;2025-12-12;12;1441
1;2025-12-12;13;1493
1;2025-12-12;14;1400
1;2025-12-12;15;1580
1;2025-12-12;16;1663
1;2025-12-12;17;1805
1;2025-12-12;18;1590
1;2025-12-12;19;1246
1;2025-12-12;20;843
1;2025-12-12;21;537
1;2025-12-12;22;242
1;2025-12-12;23;66
1;2025-12-13;0;9
1;2025-12-13;1;0
1;2025-12-13;2;0
1;2025-12-13;3;0
1;2025-12-13;4;0
1;2025-12-13;5;34
1;2025-12-13;6;172
1;2025-12-13;7;356
1;2025-12-13;8;485
1;2025-12-13;9;775
1;2025-12-13;10;906
1;2025-12-13;11;878
1;2025-12-13;12;1096
1;2025-12-13;13;1127
1;2025-12-13;14;1068
1;2025-12-13;15;909
1;2025-12-13;16;815
1;2025-12-13;17;769
1;2025-12-13;18;652
1;2025-12-13;19;573
1;2025-12-13;20;437
1;2025-12-13;21;310
1;2025-12-13;22;140
1;2025-12-13;23;37
1;2025-12-14;0;0
1;2025-12-14;1;0
1;2025-12-14;2;0
1;2025-12-14;3;0
1;2025-12-14;4;0
1;2025-12-14;5;26
1;2025-12-14;6;132
1;2025-12-14;7;253
1;2025-12-14;8;355
1;2025-12-14;9;615
1;2025-12-14;10;728
1;2025-12-14;11;744
1;2025-12-14;12;887
1;2025-12-14;13;940
1;2025-12-14;14;833
1;2025-12-14;15;756
1;2025-12-14;16;685
1;2025-12-14;17;623
1;2025-12-14;18;534
1;2025-12-14;19;445
1;2025-12-14;20;361
1;2025-12-14;21;277
1;2025-12-14;22;114
1;2025-12-14;23;33
1;2025-12-15;0;4
1;2025-12-15;1;0
1;2025-12-15;2;0
1;2025-12-15;3;0
1;2025-12-15;4;8
1;2025-12-15;5;134
1;2025-12-15;6;566
1;2025-12-15;7;1534
1;2025-12-15;8;1934
1;2025-12-15;9;1500
1;2025-12-15;10;1334
1;2025-12-15;11;1381
1;2025-12-15;12;1434
1;2025-12-15;13;1451
1;2025-12-15;14;1403
1;2025-12-15;15;1568
1;2025-12-15;16;1551
1;2025-12-15;17;1797
1;2025-12-15;18;1851
1;2025-12-15;19;1386
1;2025-12-15;20;903
1;2025-12-15;21;501
1;2025-12-15;22;227
1;2025-12-15;23;51
1;2025-12-16;0;4
1;2025-12-16;1;0
1;2025-12-16;2;0
1;2025-12-16;3;0
1;2025-12-16;4;8
1;2025-12-16;5;138
1;2025-12-16;6;582
1;2025-12-16;7;1576
1;2025-12-16;8;1987
1;2025-12-16;9;1541
1;2025-12-16;10;1371
1;2025-12-16;11;1419
1;2025-12-16;12;1473
1;2025-12-16;13;1491
1;2025-12-16;14;1441
1;2025-12-16;15;1612
1;2025-12-16;16;1594
1;2025-12-16;17;1846
1;2025-12-16;18;1902
1;2025-12-16;19;1424
1;2025-12-16;20;928
1;2025-12-16;21;515
1;2025-12-16;22;233
1;2025-12-16;23;53
1;2025-12-17;0;4
1;2025-12-17;1;0
1;2025-12-17;2;0
1;2025-12-17;3;0
1;2025-12-17;4;8
1;2025-12-17;5;138
1;2025-12-17;6;582
1;2025-12-17;7;1576
1;2025-12-17;8;1987
1;2025-12-17;9;1541
1;2025-12-17;10;1371
1;2025-12-17;11;1419
1;2025-12-17;12;1473
1;2025-12-17;13;1491
1;2025-12-17;14;1441
1;2025-12-17;15;1612
1;2025-12-17;16;1594
1;2025-12-17;17;1846
1;2025-12-17;18;1902
1;2025-12-17;19;1424
1;2025-12-17;20;928
1;2025-12-17;21;515
1;2025-12-17;22;233
1;2025-12-17;23;53
1;2025-12-18;0;4
1;2025-12-18;1;0
1;2025-12-18;2;0
1;2025-12-18;3;0
1;2025-12-18;4;8
1;2025-12-18;5;138
1;2025-12-18;6;582
1;2025-12-18;7;1576
1;2025-12-18;8;1987
1;2025-12-18;9;1541
1;2025-12-18;10;1371
1;2025-12-18;11;1419
1;2025-12-18;12;1473
1;2025-12-18;13;1491
1;2025-12-18;14;1441
1;2025-12-18;15;1612
1;2025-12-18;16;1594
1;2025-12-18;17;1846
1;2025-12-18;18;1902
1;2025-12-18;19;1424
1;2025-12-18;20;928
1;2025-12-18;21;515
1;2025-12-18;22;233
1;2025-12-18;23;53
1;2025-12-19;0;6
1;2025-12-19;1;0
1;2025-12-19;2;0
1;2025-12-19;3;0
1;2025-12-19;4;6
1;2025-12-19;5;140
1;2025-12-19;6;559
1;2025-12-19;7;1584
1;2025-12-19;8;1884
1;2025-12-19;9;1478
1;2025-12-19;10;1322
1;2025-12-19;11;1472
1;2025-12-19;12;1441
1;2025-12-19;13;1493
1;2025-12-19;14;1400
1;2025-12-19;15;1580
1;2025-12-19;16;1663
1;2025-12-19;17;1805
1;2025-12-19;18;1590
1;2025-12-19;19;1246
1;2025-12-19;20;843
1;2025-12-19;21;537
1;2025-12-19;22;242
1;2025-12-19;23;66
1;2025-12-20;0;9
1;2025-12-20;1;0
1;2025-12-20;2;0
1;2025-12-20;3;0
1;2025-12-20;4;0
1;2025-12-20;5;34
1;2025-12-20;6;172
1;2025-12-20;7;356
1;2025-12-20;8;485
1;2025-12-20;9;775
1;2025-12-20;10;906
1;2025-12-20;11;878
1;2025-12-20;12;1096
1;2025-12-20;13;1127
1;2025-12-20;14;1068
1;2025-12-20;15;909
1;2025-12-20;16;815
1;2025-12-20;17;769
1;2025-12-20;18;652
1;2025-12-20;19;573
1;2025-12-20;20;437
1;2025-12-20;21;310
1;2025-12-20;22;140
1;2025-12-20;23;37
1;2025-12-21;0;0
1;2025-12-21;1;0
1;2025-12-21;2;0
1;2025-12-21;3;0
1;2025-12-21;4;0
1;2025-12-21;5;26
1;2025-12-21;6;132
1;2025-12-21;7;253
1;2025-12-21;8;355
1;2025-12-21;9;615
1;2025-12-21;10;728
1;2025-12-21;11;744
1;2025-12-21;12;887
1;2025-12-21;13;940
1;2025-12-21;14;833
1;2025-12-21;15;756
1;2025-12-21;16;685
1;2025-12-21;17;623
1;2025-12-21;18;534
1;2025-12-21;19;445
1;2025-12-21;20;361
1;2025-12-21;21;277
1;2025-12-21;22;114
1;2025-12-21;23;33
1;2025-12-22;0;4
1;2025-12-22;1;0
1;2025-12-22;2;0
1;2025-12-22;3;0
1;2025-12-22;4;8
1;2025-12-22;5;134
1;2025-12-22;6;566
1;2025-12-22;7;1534
1;2025-12-22;8;1934
1;2025-12-22;9;1500
1;2025-12-22;10;1334
1;2025-12-22;11;1381
1;2025-12-22;12;1434
1;2025-12-22;13;1451
1;2025-12-22;14;1403
1;2025-12-22;15;1568
1;2025-12-22;16;1551
1;2025-12-22;17;1797
1;2025-12-22;18;1851
1;2025-12-22;19;1386
1;2025-12-22;20;903
1;2025-12-22;21;501
1;2025-12-22;22;227
1;2025-12-22;23;51
1;2025-12-23;0;4
1;2025-12-23;1;0
1;2025-12-23;2;0
1;2025-12-23;3;0
1;2025-12-23;4;8
1;2025-12-23;5;138
1;2025-12-23;6;582
1;2025-12-23;7;1576
1;2025-12-23;8;1987
1;2025-12-23;9;1541
1;2025-12-23;10;1371
1;2025-12-23;11;1419
1;2025-12-23;12;1473
1;2025-12-23;13;1491
1;2025-12-23;14;1441
1;2025-12-23;15;1612
1;2025-12-23;16;1594
1;2025-12-23;17;1846
1;2025-12-23;18;1902
1;2025-12-23;19;1424
1;2025-12-23;20;928
1;2025-12-23;21;515
1;2025-12-23;22;233
1;2025-12-23;23;53
1;2025-12-24;0;4
1;2025-12-24;1;0
1;2025-12-24;2;0
1;2025-12-24;3;0
1;2025-12-24;4;8
1;2025-12-24;5;138
1;2025-12-24;6;582
1;2025-12-24;7;1576
1;2025-12-24;8;1987
1;2025-12-24;9;1541
1;2025-12-24;10;1371
1;2025-12-24;11;1419
1;2025-12-24;12;1473
1;2025-12-24;13;1491
1;2025-12-24;14;1441
1;2025-12-24;15;1612
1;2025-12-24;16;1594
1;2025-12-24;17;1846
1;2025-12-24;18;1902
1;2025-12-24;19;1424
1;2025-12-24;20;928
1;2025-12-24;21;515
1;2025-12-24;22;233
1;2025-12-24;23;53
1;2025-12-25;0;4
1;2025-12-25;1;0
1;2025-12-25;2;0
1;2025-12-25;3;0
1;2025-12-25;4;8
1;2025-12-25;5;138
1;2025-12-25;6;582
1;2025-12-25;7;1576
1;2025-12-25;8;1987
1;2025-12-25;9;1541
1;2025-12-25;10;1371
1;2025-12-25;11;1419
1;2025-12-25;12;1473
1;2025-12-25;13;1491
1;2025-12-25;14;1441
1;2025-12-25;15;1612
1;2025-12-25;16;1594
1;2025-12-25;17;1846
1;2025-12-25;18;1902
1;2025-12-25;19;1424
1;2025-12-25;20;928
1;2025-12-25;21;515
1;2025-12-25;22;233
1;2025-12-25;23;53
1;2025-12-26;0;6
1;2025-12-26;1;0
1;2025-12-26;2;0
1;2025-12-26;3;0
1;2025-12-26;4;6
1;2025-12-26;5;140
1;2025-12-26;6;559
1;2025-12-26;7;1584
1;2025-12-26;8;1884
1;2025-12-26;9;1478
1;2025-12-26;10;1322
1;2025-12-26;11;1472
1;2025-12-26;12;1441
1;2025-12-26;13;1493
1;2025-12-26;14;1400
1;2025-12-26;15;1580
1;2025-12-26;16;1663
1;2025-12-26;17;1805
1;2025-12-26;18;1590
1;2025-12-26;19;1246
1;2025-12-26;20;843
1;2025-12-26;21;537
1;2025-12-26;22;242
1;2025-12-26;23;66
1;2025-12-27;0;9
1;2025-12-27;1;0
1;2025-12-27;2;0
1;2025-12-27;3;0
1;2025-12-27;4;0
1;2025-12-27;5;34
1;2025-12-27;6;172
1;2025-12-27;7;356
1;2025-12-27;8;485
1;2025-12-27;9;775
1;2025-12-27;10;906
1;2025-12-27;11;878
1;2025-12-27;12;1096
1;2025-12-27;13;1127
1;2025-12-27;14;1068
1;2025-12-27;15;909
1;2025-12-27;16;815
1;2025-12-27;17;769
1;2025-12-27;18;652
1;2025-12-27;19;573
1;2025-12-27;20;437
1;2025-12-27;21;310
1;2025-12-27;22;140
1;2025-12-27;23;37
1;2025-12-28;0;0
1;2025-12-28;1;0
1;2025-12-28;2;0
1;2025-12-28;3;0
1;2025-12-28;4;0
1;2025-12-28;5;26
1;2025-12-28;6;132
1;2025-12-28;7;253
1;2025-12-28;8;355
1;2025-12-28;9;615
1;2025-12-28;10;728
1;2025-12-28;11;744
1;2025-12-28;12;887
1;2025-12-28;13;940
1;2025-12-28;14;833
1;2025-12-28;15;756
1;2025-12-28;16;685
1;2025-12-28;17;623
1;2025-12-28;18;534
1;2025-12-28;19;445
1;2025-12-28;20;361
1;2025-12-28;21;277
1;2025-12-28;22;114
1;2025-12-28;23;33
1;2025-12-29;0;4
1;2025-12-29;1;0
1;2025-12-29;2;0
1;2025-12-29;3;0
1;2025-12-29;4;7
1;2025-12-29;5;121
1;2025-12-29;6;510
1;2025-12-29;7;1380
1;2025-12-29;8;1740
1;2025-12-29;9;1350
1;2025-12-29;10;1201
1;2025-12-29;11;1243
1;2025-12-29;12;1290
1;2025-12-29;13;1306
1;2025-12-29;14;1263
1;2025-12-29;15;1411
1;2025-12-29;16;1396
1;2025-12-29;17;1617
1;2025-12-29;18;1666
1;2025-12-29;19;1247
1;2025-12-29;20;813
1;2025-12-29;21;451
1;2025-12-29;22;204
1;2025-12-29;23;46
1;2025-12-30;0;4
1;2025-12-30;1;0
1;2025-12-30;2;0
1;2025-12-30;3;0
1;2025-12-30;4;7
1;2025-12-30;5;117
1;2025-12-30;6;495
1;2025-12-30;7;1340
1;2025-12-30;8;1689
1;2025-12-30;9;1310
1;2025-12-30;10;1166
1;2025-12-30;11;1206
1;2025-12-30;12;1252
1;2025-12-30;13;1268
1;2025-12-30;14;1225
1;2025-12-30;15;1370
1;2025-12-30;16;1355
1;2025-12-30;17;1569
1;2025-12-30;18;1617
1;2025-12-30;19;1210
1;2025-12-30;20;789
1;2025-12-30;21;438
1;2025-12-30;22;198
1;2025-12-30;23;45
1;2025-12-31;0;8
1;2025-12-31;1;0
1;2025-12-31;2;0
1;2025-12-31;3;0
1;2025-12-31;4;0
1;2025-12-31;5;29
1;2025-12-31;6;146
1;2025-12-31;7;303
1;2025-12-31;8;413
1;2025-12-31;9;658
1;2025-12-31;10;770
1;2025-12-31;11;746
1;2025-12-31;12;931
1;2025-12-31;13;958
1;2025-12-31;14;908
1;2025-12-31;15;772
1;2025-12-31;16;693
1;2025-12-31;17;654
1;2025-12-31;18;554
1;2025-12-31;19;487
1;2025-12-31;20;371
1;2025-12-31;21;264
1;2025-12-31;22;119
1;2025-12-31;23;32
5;2025-11-01;0;0
5;2025-11-01;1;0
5;2025-11-01;2;0
5;2025-11-01;3;0
5;2025-11-01;4;0
5;2025-11-01;5;0
5;2025-11-01;6;0
5;2025-11-01;7;0
5;2025-11-01;8;0
5;2025-11-01;9;0
5;2025-11-01;10;0
5;2025-11-01;11;0
5;2025-11-01;12;0
5;2025-11-01;13;0
5;2025-11-01;14;0
5;2025-11-01;15;0
5;2025-11-01;16;0
5;2025-11-01;17;0
5;2025-11-01;18;0
5;2025-11-01;19;0
5;2025-11-01;20;0
5;2025-11-01;21;0
5;2025-11-01;22;0
5;2025-11-01;23;0
5;2025-11-02;0;0
5;2025-11-02;1;0
5;2025-11-02;2;0
5;2025-11-02;3;0
5;2025-11-02;4;0
5;2025-11-02;5;0
5;2025-11-02;6;0
5;2025-11-02;7;0
5;2025-11-02;8;0
5;2025-11-02;9;0
5;2025-11-02;10;0
5;2025-11-02;11;0
5;2025-11-02;12;0
5;2025-11-02;13;0
5;2025-11-02;14;0
5;2025-11-02;15;0
5;2025-11-02;16;0
5;2025-11-02;17;0
5;2025-11-02;18;0
5;2025-11-02;19;0
5;2025-11-02;20;0
5;2025-11-02;21;0
5;2025-11-02;22;0
5;2025-11-02;23;0
5;2025-11-03;0;0
5;2025-11-03;1;0
5;2025-11-03;2;0
5;2025-11-03;3;0
5;2025-11-03;4;0
5;2025-11-03;5;0
5;2025-11-03;6;0
5;2025-11-03;7;0
5;2025-11-03;8;0
5;2025-11-03;9;0
5;2025-11-03;10;0
5;2025-11-03;11;0
5;2025-11-03;12;0
5;2025-11-03;13;0
5;2025-11-03;14;0
5;2025-11-03;15;0
5;2025-11-03;16;0
5;2025-11-03;17;0
5;2025-11-03;18;0
5;2025-11-03;19;0
5;2025-11-03;20;0
5;2025-11-03;21;0
5;2025-11-03;22;0
5;2025-11-03;23;0
5;2025-11-04;0;0
5;2025-11-04;1;0
5;2025-11-04;2;0
5;2025-11-04;3;0
5;2025-11-04;4;0
5;2025-11-04;5;0
5;2025-11-04;6;0
5;2025-11-04;7;0
5;2025-11-04;8;0
5;2025-11-04;9;0
5;2025-11-04;10;0
5;2025-11-04;11;0
5;2025-11-04;12;0
5;2025-11-04;13;0
5;2025-11-04;14;0
5;2025-11-04;15;0
5;2025-11-04;16;0
5;2025-11-04;17;0
5;2025-11-04;18;0
5;2025-11-04;19;0
5;2025-11-04;20;0
5;2025-11-04;21;0
5;2025-11-04;22;0
5;2025-11-04;23;0
5;2025-11-05;0;0
5;2025-11-05;1;0
5;2025-11-05;2;0
5;2025-11-05;3;0
5;2025-11-05;4;0
5;2025-11-05;5;0
5;2025-11-05;6;0
5;2025-11-05;7;0
5;2025-11-05;8;0
5;2025-11-05;9;0
5;2025-11-05;10;0
5;2025-11-05;11;0
5;2025-11-05;12;0
5;2025-11-05;13;0
5;2025-11-05;14;0
5;2025-11-05;15;0
5;2025-11-05;16;0
5;2025-11-05;17;0
5;2025-11-05;18;0
5;2025-11-05;19;0
5;2025-11-05;20;0
5;2025-11-05;21;0
5;2025-11-05;22;0
5;2025-11-05;23;0
5;2025-11-06;0;0
5;2025-11-06;1;0
5;2025-11-06;2;0
5;2025-11-06;3;0
5;2025-11-06;4;0
5;2025-11-06;5;0
5;2025-11-06;6;0
5;2025-11-06;7;0
5;2025-11-06;8;0
5;2025-11-06;9;0
5;2025-11-06;10;0
5;2025-11-06;11;0
5;2025-11-06;12;0
5;2025-11-06;13;0
5;2025-11-06;14;0
5;2025-11-06;15;0
5;2025-11-06;16;0
5;2025-11-06;17;0
5;2025-11-06;18;0
5;2025-11-06;19;0
5;2025-11-06;20;0
5;2025-11-06;21;0
5;2025-11-06;22;0
5;2025-11-06;23;0
5;2025-11-07;0;0
5;2025-11-07;1;0
5;2025-11-07;2;0
5;2025-11-07;3;0
5;2025-11-07;4;0
5;2025-11-07;5;0
5;2025-11-07;6;0
5;2025-11-07;7;0
5;2025-11-07;8;0
5;2025-11-07;9;0
5;2025-11-07;10;0
5;2025-11-07;11;0
5;2025-11-07;12;0
5;2025-11-07;13;0
5;2025-11-07;14;0
5;2025-11-07;15;0
5;2025-11-07;16;0
5;2025-11-07;17;0
5;2025-11-07;18;0
5;2025-11-07;19;0
5;2025-11-07;20;0
5;2025-11-07;21;0
5;2025-11-07;22;0
5;2025-11-07;23;0
5;2025-11-08;0;0
5;2025-11-08;1;0
5;2025-11-08;2;0
5;2025-11-08;3;0
5;2025-11-08;4;0
5;2025-11-08;5;0
5;2025-11-08;6;0
5;2025-11-08;7;0
5;2025-11-08;8;0
5;2025-11-08;9;0
5;2025-11-08;10;0
5;2025-11-08;11;0
5;2025-11-08;12;0
5;2025-11-08;13;0
5;2025-11-08;14;0
5;2025-11-08;15;0
5;2025-11-08;16;0
5;2025-11-08;17;0
5;2025-11-08;18;0
5;2025-11-08;19;0
5;2025-11-08;20;0
5;2025-11-08;21;0
5;2025-11-08;22;0
5;2025-11-08;23;0
5;2025-11-09;0;0
5;2025-11-09;1;0
5;2025-11-09;2;0
5;2025-11-09;3;0
5;2025-11-09;4;0
5;2025-11-09;5;0
5;2025-11-09;6;0
5;2025-11-09;7;0
5;2025-11-09;8;0
5;2025-11-09;9;0
5;2025-11-09;10;0
5;2025-11-09;11;0
5;2025-11-09;12;0
5;2025-11-09;13;0
5;2025-11-09;14;0
5;2025-11-09;15;0
5;2025-11-09;16;0
5;2025-11-09;17;0
5;2025-11-09;18;0
5;2025-11-09;19;0
5;2025-11-09;20;0
5;2025-11-09;21;0
5;2025-11-09;22;0
5;2025-11-09;23;0
5;2025-11-10;0;0
5;2025-11-10;1;0
5;2025-11-10;2;0
5;2025-11-10;3;0
5;2025-11-10;4;0
5;2025-11-10;5;0
5;2025-11-10;6;0
5;2025-11-10;7;0
5;2025-11-10;8;0
5;2025-11-10;9;0
5;2025-11-10;10;0
5;2025-11-10;11;0
5;2025-11-10;12;0
5;2025-11-10;13;0
5;2025-11-10;14;0
5;2025-11-10;15;0
5;2025-11-10;16;0
5;2025-11-10;17;0
5;2025-11-10;18;0
5;2025-11-10;19;0
5;2025-11-10;20;0
5;2025-11-10;21;0
5;2025-11-10;22;0
5;2025-11-10;23;0
5;2025-11-11;0;0
5;2025-11-11;1;0
5;2025-11-11;2;0
5;2025-11-11;3;0
5;2025-11-11;4;0
5;2025-11-11;5;0
5;2025-11-11;6;0
5;2025-11-11;7;0
5;2025-11-11;8;0
5;2025-11-11;9;0
5;2025-11-11;10;0
5;2025-11-11;11;0
5;2025-11-11;12;0
5;2025-11-11;13;0
5;2025-11-11;14;0
5;2025-11-11;15;0
5;2025-11-11;16;0
5;2025-11-11;17;0
5;2025-11-11;18;0
5;2025-11-11;19;0
5;2025-11-11;20;0
5;2025-11-11;21;0
5;2025-11-11;22;0
5;2025-11-11;23;0
5;2025-11-12;0;0
5;2025-11-12;1;0
5;2025-11-12;2;0
5;2025-11-12;3;0
5;2025-11-12;4;0
5;2025-11-12;5;0
5;2025-11-12;6;0
5;2025-11-12;7;0
5;2025-11-12;8;0
5;2025-11-12;9;0
5;2025-11-12;10;0
5;2025-11-12;11;0
5;2025-11-12;12;0
5;2025-11-12;13;0
5;2025-11-12;14;0
5;2025-11-12;15;0
5;2025-11-12;16;0
5;2025-11-12;17;0
5;2025-11-12;18;0
5;2025-11-12;19;0
5;2025-11-12;20;0
5;2025-11-12;21;0
5;2025-11-12;22;0
5;2025-11-12;23;0
5;2025-11-13;0;0
5;2025-11-13;1;0
5;2025-11-13;2;0
5;2025-11-13;3;0
5;2025-11-13;4;0
5;2025-11-13;5;0
5;2025-11-13;6;0
5;2025-11-13;7;0
5;2025-11-13;8;0
5;2025-11-13;9;0
5;2025-11-13;10;0
5;2025-11-13;11;0
5;2025-11-13;12;0
5;2025-11-13;13;0
5;2025-11-13;14;0
5;2025-11-13;15;0
5;2025-11-13;16;0
5;2025-11-13;17;0
5;2025-11-13;18;0
5;2025-11-13;19;0
5;2025-11-13;20;0
5;2025-11-13;21;0
5;2025-11-13;22;0
5;2025-11-13;23;0
5;2025-11-14;0;0
5;2025-11-14;1;0
5;2025-11-14;2;0
5;2025-11-14;3;0
5;2025-11-14;4;0
5;2025-11-14;5;0
5;2025-11-14;6;0
5;2025-11-14;7;0
5;2025-11-14;8;0
5;2025-11-14;9;0
5;2025-11-14;10;0
5;2025-11-14;11;0
5;2025-11-14;12;0
5;2025-11-14;13;0
5;2025-11-14;14;0
5;2025-11-14;15;0
5;2025-11-14;16;0
5;2025-11-14;17;0
5;2025-11-14;18;0
5;2025-11-14;19;0
5;2025-11-14;20;0
5;2025-11-14;21;0
5;2025-11-14;22;0
5;2025-11-14;23;0
5;2025-11-15;0;0
5;2025-11-15;1;0
5;2025-11-15;2;0
5;2025-11-15;3;0
5;2025-11-15;4;0
5;2025-11-15;5;0
5;2025-11-15;6;0
5;2025-11-15;7;0
5;2025-11-15;8;0
5;2025-11-15;9;0
5;2025-11-15;10;0
5;2025-11-15;11;0
5;2025-11-15;12;0
5;2025-11-15;13;0
5;2025-11-15;14;0
5;2025-11-15;15;0
5;2025-11-15;16;0
5;2025-11-15;17;0
5;2025-11-15;18;0
5;2025-11-15;19;0
5;2025-11-15;20;0
5;2025-11-15;21;0
5;2025-11-15;22;0
5;2025-11-15;23;0
5;2025-11-16;0;0
5;2025-11-16;1;0
5;2025-11-16;2;0
5;2025-11-16;3;0
5;2025-11-16;4;0
5;2025-11-16;5;0
5;2025-11-16;6;0
5;2025-11-16;7;0
5;2025-11-16;8;0
5;2025-11-16;9;0
5;2025-11-16;10;0
5;2025-11-16;11;0
5;2025-11-16;12;0
5;2025-11-16;13;0
5;2025-11-16;14;0
5;2025-11-16;15;0
5;2025-11-16;16;0
5;2025-11-16;17;0
5;2025-11-16;18;0
5;2025-11-16;19;0
5;2025-11-16;20;0
5;2025-11-16;21;0
5;2025-11-16;22;0
5;2025-11-16;23;0
5;2025-11-17;0;0
5;2025-11-17;1;0
5;2025-11-17;2;0
5;2025-11-17;3;0
5;2025-11-17;4;0
5;2025-11-17;5;0
5;2025-11-17;6;0
5;2025-11-17;7;0
5;2025-11-17;8;0
5;2025-11-17;9;0
5;2025-11-17;10;0
5;2025-11-17;11;0
5;2025-11-17;12;0
5;2025-11-17;13;0
5;2025-11-17;14;0
5;2025-11-17;15;0
5;2025-11-17;16;0
5;2025-11-17;17;0
5;2025-11-17;18;0
5;2025-11-17;19;0
5;2025-11-17;20;0
5;2025-11-17;21;0
5;2025-11-17;22;0
5;2025-11-17;23;0
5;2025-11-18;0;0
5;2025-11-18;1;0
5;2025-11-18;2;0
5;2025-11-18;3;0
5;2025-11-18;4;0
5;2025-11-18;5;0
5;2025-11-18;6;0
5;2025-11-18;7;0
5;2025-11-18;8;0
5;2025-11-18;9;0
5;2025-11-18;10;0
5;2025-11-18;11;0
5;2025-11-18;12;0
5;2025-11-18;13;0
5;2025-11-18;14;0
5;2025-11-18;15;0
5;2025-11-18;16;0
5;2025-11-18;17;0
5;2025-11-18;18;0
5;2025-11-18;19;0
5;2025-11-18;20;0
5;2025-11-18;21;0
5;2025-11-18;22;0
5;2025-11-18;23;0
5;2025-11-19;0;0
5;2025-11-19;1;0
5;2025-11-19;2;0
5;2025-11-19;3;0
5;2025-11-19;4;0
5;2025-11-19;5;0
5;2025-11-19;6;0
5;2025-11-19;7;0
5;2025-11-19;8;0
5;2025-11-19;9;0
5;2025-11-19;10;0
5;2025-11-19;11;0
5;2025-11-19;12;0
5;2025-11-19;13;0
5;2025-11-19;14;0
5;2025-11-19;15;0
5;2025-11-19;16;0
5;2025-11-19;17;0
5;2025-11-19;18;0
5;2025-11-19;19;0
5;2025-11-19;20;0
5;2025-11-19;21;0
5;2025-11-19;22;0
5;2025-11-19;23;0
5;2025-11-20;0;0
5;2025-11-20;1;0
5;2025-11-20;2;0
5;2025-11-20;3;0
5;2025-11-20;4;0
5;2025-11-20;5;0
5;2025-11-20;6;0
5;2025-11-20;7;0
5;2025-11-20;8;0
5;2025-11-20;9;0
5;2025-11-20;10;0
5;2025-11-20;11;0
5;2025-11-20;12;0
5;2025-11-20;13;0
5;2025-11-20;14;0
5;2025-11-20;15;0
5;2025-11-20;16;0
5;2025-11-20;17;0
5;2025-11-20;18;0
5;2025-11-20;19;0
5;2025-11-20;20;0
5;2025-11-20;21;0
5;2025-11-20;22;0
5;2025-11-20;23;0
5;2025-11-21;0;0
5;2025-11-21;1;0
5;2025-11-21;2;0
5;2025-11-21;3;0
5;2025-11-21;4;0
5;2025-11-21;5;0
5;2025-11-21;6;0
5;2025-11-21;7;0
5;2025-11-21;8;0
5;2025-11-21;9;0
5;2025-11-21;10;0
5;2025-11-21;11;0
5;2025-11-21;12;0
5;2025-11-21;13;0
5;2025-11-21;14;0
5;2025-11-21;15;0
5;2025-11-21;16;0
5;2025-11-21;17;0
5;2025-11-21;18;0
5;2025-11-21;19;0
5;2025-11-21;20;0
5;2025-11-21;21;0
5;2025-11-21;22;0
5;2025-11-21;23;0
5;2025-11-22;0;0
5;2025-11-22;1;0
5;2025-11-22;2;0
5;2025-11-22;3;0
5;2025-11-22;4;0
5;2025-11-22;5;0
5;2025-11-22;6;0
5;2025-11-22;7;0
5;2025-11-22;8;0
5;2025-11-22;9;0
5;2025-11-22;10;0
5;2025-11-22;11;0
5;2025-11-22;12;0
5;2025-11-22;13;0
5;2025-11-22;14;0
5;2025-11-22;15;0
5;2025-11-22;16;0
5;2025-11-22;17;0
5;2025-11-22;18;0
5;2025-11-22;19;0
5;2025-11-22;20;0
5;2025-11-22;21;0
5;2025-11-22;22;0
5;2025-11-22;23;0
5;2025-11-23;0;0
5;2025-11-23;1;0
5;2025-11-23;2;0
5;2025-11-23;3;0
5;2025-11-23;4;0
5;2025-11-23;5;0
5;2025-11-23;6;0
5;2025-11-23;7;0
5;2025-11-23;8;0
5;2025-11-23;9;0
5;2025-11-23;10;0
5;2025-11-23;11;0
5;2025-11-23;12;0
5;2025-11-23;13;0
5;2025-11-23;14;0
5;2025-11-23;15;0
5;2025-11-23;16;0
5;2025-11-23;17;0
5;2025-11-23;18;0
5;2025-11-23;19;0
5;2025-11-23;20;0
5;2025-11-23;21;0
5;2025-11-23;22;0
5;2025-11-23;23;0
5;2025-11-24;0;0
5;2025-11-24;1;0
5;2025-11-24;2;0
5;2025-11-24;3;0
5;2025-11-24;4;0
5;2025-11-24;5;0
5;2025-11-24;6;0
5;2025-11-24;7;0
5;2025-11-24;8;0
5;2025-11-24;9;0
5;2025-11-24;10;0
5;2025-11-24;11;0
5;2025-11-24;12;0
5;2025-11-24;13;0
5;2025-11-24;14;0
5;2025-11-24;15;0
5;2025-11-24;16;0
5;2025-11-24;17;0
5;2025-11-24;18;0
5;2025-11-24;19;0
5;2025-11-24;20;0
5;2025-11-24;21;0
5;2025-11-24;22;0
5;2025-11-24;23;0
5;2025-11-25;0;0
5;2025-11-25;1;0
5;2025-11-25;2;0
5;2025-11-25;3;0
5;2025-11-25;4;0
5;2025-11-25;5;0
5;2025-11-25;6;0
5;2025-11-25;7;0
5;2025-11-25;8;0
5;2025-11-25;9;0
5;2025-11-25;10;0
5;2025-11-25;11;0
5;2025-11-25;12;0
5;2025-11-25;13;0
5;2025-11-25;14;0
5;2025-11-25;15;0
5;2025-11-25;16;0
5;2025-11-25;17;0
5;2025-11-25;18;0
5;2025-11-25;19;0
5;2025-11-25;20;0
5;2025-11-25;21;0
5;2025-11-25;22;0
5;2025-11-25;23;0
5;2025-11-26;0;0
5;2025-11-26;1;0
5;2025-11-26;2;0
5;2025-11-26;3;0
5;2025-11-26;4;0
5;2025-11-26;5;0
5;2025-11-26;6;0
5;2025-11-26;7;0
5;2025-11-26;8;0
5;2025-11-26;9;0
5;2025-11-26;10;0
5;2025-11-26;11;0
5;2025-11-26;12;0
5;2025-11-26;13;0
5;2025-11-26;14;0
5;2025-11-26;15;0
5;2025-11-26;16;0
5;2025-11-26;17;0
5;2025-11-26;18;0
5;2025-11-26;19;0
5;2025-11-26;20;0
5;2025-11-26;21;0
5;2025-11-26;22;0
5;2025-11-26;23;0
5;2025-11-27;0;0
5;2025-11-27;1;0
5;2025-11-27;2;0
5;2025-11-27;3;0
5;2025-11-27;4;0
5;2025-11-27;5;0
5;2025-11-27;6;0
5;2025-11-27;7;0
5;2025-11-27;8;0
5;2025-11-27;9;0
5;2025-11-27;10;0
5;2025-11-27;11;0
5;2025-11-27;12;0
5;2025-11-27;13;0
5;2025-11-27;14;0
5;2025-11-27;15;0
5;2025-11-27;16;0
5;2025-11-27;17;0
5;2025-11-27;18;0
5;2025-11-27;19;0
5;2025-11-27;20;0
5;2025-11-27;21;0
5;2025-11-27;22;0
5;2025-11-27;23;0
5;2025-11-28;0;0
5;2025-11-28;1;0
5;2025-11-28;2;0
5;2025-11-28;3;0
5;2025-11-28;4;0
5;2025-11-28;5;0
5;2025-11-28;6;0
5;2025-11-28;7;0
5;2025-11-28;8;0
5;2025-11-28;9;0
5;2025-11-28;10;0
5;2025-11-28;11;0
5;2025-11-28;12;0
5;2025-11-28;13;0
5;2025-11-28;14;0
5;2025-11-28;15;0
5;2025-11-28;16;0
5;2025-11-28;17;0
5;2025-11-28;18;0
5;2025-11-28;19;0
5;2025-11-28;20;0
5;2025-11-28;21;0
5;2025-11-28;22;0
5;2025-11-28;23;0
5;2025-11-29;0;0
5;2025-11-29;1;0
5;2025-11-29;2;0
5;2025-11-29;3;0
5;2025-11-29;4;0
5;2025-11-29;5;0
5;2025-11-29;6;0
5;2025-11-29;7;0
5;2025-11-29;8;0
5;2025-11-29;9;0
5;2025-11-29;10;0
5;2025-11-29;11;0
5;2025-11-29;12;0
5;2025-11-29;13;0
5;2025-11-29;14;0
5;2025-11-29;15;0
5;2025-11-29;16;0
5;2025-11-29;17;0
5;2025-11-29;18;0
5;2025-11-29;19;0
5;2025-11-29;20;0
5;2025-11-29;21;0
5;2025-11-29;22;0
5;2025-11-29;23;0
5;2025-11-30;0;0
5;2025-11-30;1;0
5;2025-11-30;2;0
5;2025-11-30;3;0
5;2025-11-30;4;0
5;2025-11-30;5;0
5;2025-11-30;6;0
5;2025-11-30;7;0
5;2025-11-30;8;0
5;2025-11-30;9;0
5;2025-11-30;10;0
5;2025-11-30;11;0
5;2025-11-30;12;0
5;2025-11-30;13;0
5;2025-11-30;14;0
5;2025-11-30;15;0
5;2025-11-30;16;0
5;2025-11-30;17;0
5;2025-11-30;18;0
5;2025-11-30;19;0
5;2025-11-30;20;0
5;2025-11-30;21;0
5;2025-11-30;22;0
5;2025-11-30;23;0
5;2025-12-01;0;0
5;2025-12-01;1;0
5;2025-12-01;2;0
5;2025-12-01;3;0
5;2025-12-01;4;0
5;2025-12-01;5;0
5;2025-12-01;6;0
5;2025-12-01;7;0
5;2025-12-01;8;0
5;2025-12-01;9;0
5;2025-12-01;10;0
5;2025-12-01;11;0
5;2025-12-01;12;0
5;2025-12-01;13;0
5;2025-12-01;14;0
5;2025-12-01;15;0
5;2025-12-01;16;0
5;2025-12-01;17;0
5;2025-12-01;18;0
5;2025-12-01;19;0
5;2025-12-01;20;0
5;2025-12-01;21;0
5;2025-12-01;22;0
5;2025-12-01;23;0
5;2025-12-02;0;0
5;2025-12-02;1;0
5;2025-12-02;2;0
5;2025-12-02;3;0
5;2025-12-02;4;0
5;2025-12-02;5;0
5;2025-12-02;6;0
5;2025-12-02;7;0
5;2025-12-02;8;0
5;2025-12-02;9;0
5;2025-12-02;10;0
5;2025-12-02;11;0
5;2025-12-02;12;0
5;2025-12-02;13;0
5;2025-12-02;14;0
5;2025-12-02;15;0
5;2025-12-02;16;0
5;2025-12-02;17;0
5;2025-12-02;18;0
5;2025-12-02;19;0
5;2025-12-02;20;0
5;2025-12-02;21;0
5;2025-12-02;22;0
5;2025-12-02;23;0
5;2025-12-03;0;0
5;2025-12-03;1;0
5;2025-12-03;2;0
5;2025-12-03;3;0
5;2025-12-03;4;0
5;2025-12-03;5;0
5;2025-12-03;6;0
5;2025-12-03;7;0
5;2025-12-03;8;0
5;2025-12-03;9;0
5;2025-12-03;10;0
5;2025-12-03;11;0
5;2025-12-03;12;0
5;2025-12-03;13;0
5;2025-12-03;14;0
5;2025-12-03;15;0
5;2025-12-03;16;0
5;2025-12-03;17;0
5;2025-12-03;18;0
5;2025-12-03;19;0
5;2025-12-03;20;0
5;2025-12-03;21;0
5;2025-12-03;22;0
5;2025-12-03;23;0
5;2025-12-04;0;0
5;2025-12-04;1;0
5;2025-12-04;2;0
5;2025-12-04;3;0
5;2025-12-04;4;0
5;2025-12-04;5;0
5;2025-12-04;6;0
5;2025-12-04;7;0
5;2025-12-04;8;0
5;2025-12-04;9;0
5;2025-12-04;10;0
5;2025-12-04;11;0
5;2025-12-04;12;0
5;2025-12-04;13;0
5;2025-12-04;14;0
5;2025-12-04;15;0
5;2025-12-04;16;0
5;2025-12-04;17;0
5;2025-12-04;18;0
5;2025-12-04;19;0
5;2025-12-04;20;0
5;2025-12-04;21;0
5;2025-12-04;22;0
5;2025-12-04;23;0
5;2025-12-05;0;0
5;2025-12-05;1;0
5;2025-12-05;2;0
5;2025-12-05;3;0
5;2025-12-05;4;0
5;2025-12-05;5;0
5;2025-12-05;6;0
5;2025-12-05;7;0
5;2025-12-05;8;0
5;2025-12-05;9;0
5;2025-12-05;10;0
5;2025-12-05;11;0
5;2025-12-05;12;0
5;2025-12-05;13;0
5;2025-12-05;14;0
5;2025-12-05;15;0
5;2025-12-05;16;0
5;2025-12-05;17;0
5;2025-12-05;18;0
5;2025-12-05;19;0
5;2025-12-05;20;0
5;2025-12-05;21;0
5;2025-12-05;22;0
5;2025-12-05;23;0
5;2025-12-06;0;0
5;2025-12-06;1;0
5;2025-12-06;2;0
5;2025-12-06;3;0
5;2025-12-06;4;0
5;2025-12-06;5;0
5;2025-12-06;6;0
5;2025-12-06;7;0
5;2025-12-06;8;0
5;2025-12-06;9;0
5;2025-12-06;10;0
5;2025-12-06;11;0
5;2025-12-06;12;0
5;2025-12-06;13;0
5;2025-12-06;14;0
5;2025-12-06;15;0
5;2025-12-06;16;0
5;2025-12-06;17;0
5;2025-12-06;18;0
5;2025-12-06;19;0
5;2025-12-06;20;0
5;2025-12-06;21;0
5;2025-12-06;22;0
5;2025-12-06;23;0
5;2025-12-07;0;0
5;2025-12-07;1;0
5;2025-12-07;2;0
5;2025-12-07;3;0
5;2025-12-07;4;0
5;2025-12-07;5;0
5;2025-12-07;6;0
5;2025-12-07;7;0
5;2025-12-07;8;0
5;2025-12-07;9;0
5;2025-12-07;10;0
5;2025-12-07;11;0
5;2025-12-07;12;0
5;2025-12-07;13;0
5;2025-12-07;14;0
5;2025-12-07;15;0
5;2025-12-07;16;0
5;2025-12-07;17;0
5;2025-12-07;18;0
5;2025-12-07;19;0
5;2025-12-07;20;0
5;2025-12-07;21;0
5;2025-12-07;22;0
5;2025-12-07;23;0
5;2025-12-08;0;0
5;2025-12-08;1;0
5;2025-12-08;2;0
5;2025-12-08;3;0
5;2025-12-08;4;0
5;2025-12-08;5;0
5;2025-12-08;6;0
5;2025-12-08;7;0
5;2025-12-08;8;0
5;2025-12-08;9;0
5;2025-12-08;10;0
5;2025-12-08;11;0
5;2025-12-08;12;0
5;2025-12-08;13;0
5;2025-12-08;14;0
5;2025-12-08;15;0
5;2025-12-08;16;0
5;2025-12-08;17;0
5;2025-12-08;18;0
5;2025-12-08;19;0
5;2025-12-08;20;0
5;2025-12-08;21;0
5;2025-12-08;22;0
5;2025-12-08;23;0
5;2025-12-09;0;0
5;2025-12-09;1;0
5;2025-12-09;2;0
5;2025-12-09;3;0
5;2025-12-09;4;0
5;2025-12-09;5;0
5;2025-12-09;6;0
5;2025-12-09;7;0
5;2025-12-09;8;0
5;2025-12-09;9;0
5;2025-12-09;10;0
5;2025-12-09;11;0
5;2025-12-09;12;0
5;2025-12-09;13;0
5;2025-12-09;14;0
5;2025-12-09;15;0
5;2025-12-09;16;0
5;2025-12-09;17;0
5;2025-12-09;18;0
5;2025-12-09;19;0
5;2025-12-09;20;0
5;2025-12-09;21;0
5;2025-12-09;22;0
5;2025-12-09;23;0
5;2025-12-10;0;0
5;2025-12-10;1;0
5;2025-12-10;2;0
5;2025-12-10;3;0
5;2025-12-10;4;0
5;2025-12-10;5;0
5;2025-12-10;6;0
5;2025-12-10;7;0
5;2025-12-10;8;0
5;2025-12-10;9;0
5;2025-12-10;10;0
5;2025-12-10;11;0
5;2025-12-10;12;0
5;2025-12-10;13;0
5;2025-12-10;14;0
5;2025-12-10;15;0
5;2025-12-10;16;0
5;2025-12-10;17;0
5;2025-12-10;18;0
5;2025-12-10;19;0
5;2025-12-10;20;0
5;2025-12-10;21;0
5;2025-12-10;22;0
5;2025-12-10;23;0
5;2025-12-11;0;0
5;2025-12-11;1;0
5;2025-12-11;2;0
5;2025-12-11;3;0
5;2025-12-11;4;0
5;2025-12-11;5;0
5;2025-12-11;6;0
5;2025-12-11;7;0
5;2025-12-11;8;0
5;2025-12-11;9;0
5;2025-12-11;10;0
5;2025-12-11;11;0
5;2025-12-11;12;0
5;2025-12-11;13;0
5;2025-12-11;14;0
5;2025-12-11;15;0
5;2025-12-11;16;0
5;2025-12-11;17;0
5;2025-12-11;18;0
5;2025-12-11;19;0
5;2025-12-11;20;0
5;2025-12-11;21;0
5;2025-12-11;22;0
5;2025-12-11;23;0
5;2025-12-12;0;0
5;2025-12-12;1;0
5;2025-12-12;2;0
5;2025-12-12;3;0
5;2025-12-12;4;0
5;2025-12-12;5;0
5;2025-12-12;6;0
5;2025-12-12;7;0
5;2025-12-12;8;0
5;2025-12-12;9;0
5;2025-12-12;10;0
5;2025-12-12;11;0
5;2025-12-12;12;0
5;2025-12-12;13;0
5;2025-12-12;14;0
5;2025-12-12;15;0
5;2025-12-12;16;0
5;2025-12-12;17;0
5;2025-12-12;18;0
5;2025-12-12;19;0
5;2025-12-12;20;0
5;2025-12-12;21;0
5;2025-12-12;22;0
5;2025-12-12;23;0
5;2025-12-13;0;0
5;2025-12-13;1;0
5;2025-12-13;2;0
5;2025-12-13;3;0
5;2025-12-13;4;0
5;2025-12-13;5;0
5;2025-12-13;6;0
5;2025-12-13;7;0
5;2025-12-13;8;0
5;2025-12-13;9;0
5;2025-12-13;10;0
5;2025-12-13;11;0
5;2025-12-13;12;0
5;2025-12-13;13;0
5;2025-12-13;14;0
5;2025-12-13;15;0
5;2025-12-13;16;0
5;2025-12-13;17;0
5;2025-12-13;18;0
5;2025-12-13;19;0
5;2025-12-13;20;0
5;2025-12-13;21;0
5;2025-12-13;22;0
5;2025-12-13;23;0
5;2025-12-14;0;0
5;2025-12-14;1;0
5;2025-12-14;2;0
5;2025-12-14;3;0
5;2025-12-14;4;0
5;2025-12-14;5;0
5;2025-12-14;6;0
5;2025-12-14;7;0
5;2025-12-14;8;0
5;2025-12-14;9;0
5;2025-12-14;10;0
5;2025-12-14;11;0
5;2025-12-14;12;0
5;2025-12-14;13;0
5;2025-12-14;14;0
5;2025-12-14;15;0
5;2025-12-14;16;0
5;2025-12-14;17;0
5;2025-12-14;18;0
5;2025-12-14;19;0
5;2025-12-14;20;0
5;2025-12-14;21;0
5;2025-12-14;22;0
5;2025-12-14;23;0
5;2025-12-15;0;0
5;2025-12-15;1;0
5;2025-12-15;2;0
5;2025-12-15;3;0
5;2025-12-15;4;0
5;2025-12-15;5;0
5;2025-12-15;6;0
5;2025-12-15;7;0
5;2025-12-15;8;0
5;2025-12-15;9;0
5;2025-12-15;10;0
5;2025-12-15;11;0
5;2025-12-15;12;0
5;2025-12-15;13;0
5;2025-12-15;14;0
5;2025-12-15;15;0
5;2025-12-15;16;0
5;2025-12-15;17;0
5;2025-12-15;18;0
5;2025-12-15;19;0
5;2025-12-15;20;0
5;2025-12-15;21;0
5;2025-12-15;22;0
5;2025-12-15;23;0
5;2025-12-16;0;8
5;2025-12-16;1;1
5;2025-12-16;2;0
5;2025-12-16;3;0
5;2025-12-16;4;0
5;2025-12-16;5;26
5;2025-12-16;6;98
5;2025-12-16;7;220
5;2025-12-16;8;334
5;2025-12-16;9;256
5;2025-12-16;10;215
5;2025-12-16;11;188
5;2025-12-16;12;198
5;2025-12-16;13;195
5;2025-12-16;14;209
5;2025-12-16;15;228
5;2025-12-16;16;244
5;2025-12-16;17;314
5;2025-12-16;18;347
5;2025-12-16;19;234
5;2025-12-16;20;140
5;2025-12-16;21;83
5;2025-12-16;22;39
5;2025-12-16;23;23
5;2025-12-17;0;13
5;2025-12-17;1;2
5;2025-12-17;2;0
5;2025-12-17;3;0
5;2025-12-17;4;0
5;2025-12-17;5;43
5;2025-12-17;6;164
5;2025-12-17;7;366
5;2025-12-17;8;556
5;2025-12-17;9;426
5;2025-12-17;10;358
5;2025-12-17;11;313
5;2025-12-17;12;330
5;2025-12-17;13;326
5;2025-12-17;14;349
5;2025-12-17;15;381
5;2025-12-17;16;407
5;2025-12-17;17;523
5;2025-12-17;18;578
5;2025-12-17;19;390
5;2025-12-17;20;233
5;2025-12-17;21;138
5;2025-12-17;22;66
5;2025-12-17;23;39
5;2025-12-18;0;13
5;2025-12-18;1;2
5;2025-12-18;2;0
5;2025-12-18;3;0
5;2025-12-18;4;0
5;2025-12-18;5;43
5;2025-12-18;6;164
5;2025-12-18;7;366
5;2025-12-18;8;556
5;2025-12-18;9;426
5;2025-12-18;10;358
5;2025-12-18;11;313
5;2025-12-18;12;330
5;2025-12-18;13;326
5;2025-12-18;14;349
5;2025-12-18;15;381
5;2025-12-18;16;407
5;2025-12-18;17;523
5;2025-12-18;18;578
5;2025-12-18;19;390
5;2025-12-18;20;233
5;2025-12-18;21;138
5;2025-12-18;22;66
5;2025-12-18;23;39
5;2025-12-19;0;14
5;2025-12-19;1;2
5;2025-12-19;2;0
5;2025-12-19;3;0
5;2025-12-19;4;0
5;2025-12-19;5;42
5;2025-12-19;6;154
5;2025-12-19;7;354
5;2025-12-19;8;517
5;2025-12-19;9;404
5;2025-12-19;10;360
5;2025-12-19;11;339
5;2025-12-19;12;347
5;2025-12-19;13;370
5;2025-12-19;14;385
5;2025-12-19;15;408
5;2025-12-19;16;482
5;2025-12-19;17;518
5;2025-12-19;18;470
5;2025-12-19;19;345
5;2025-12-19;20;226
5;2025-12-19;21;139
5;2025-12-19;22;75
5;2025-12-19;23;49
5;2025-12-20;0;19
5;2025-12-20;1;6
5;2025-12-20;2;0
5;2025-12-20;3;0
5;2025-12-20;4;0
5;2025-12-20;5;11
5;2025-12-20;6;66
5;2025-12-20;7;100
5;2025-12-20;8;164
5;2025-12-20;9;199
5;2025-12-20;10;208
5;2025-12-20;11;263
5;2025-12-20;12;298
5;2025-12-20;13;291
5;2025-12-20;14;312
5;2025-12-20;15;278
5;2025-12-20;16;272
5;2025-12-20;17;259
5;2025-12-20;18;243
5;2025-12-20;19;232
5;2025-12-20;20;183
5;2025-12-20;21;137
5;2025-12-20;22;73
5;2025-12-20;23;47
5;2025-12-21;0;21
5;2025-12-21;1;5
5;2025-12-21;2;0
5;2025-12-21;3;0
5;2025-12-21;4;0
5;2025-12-21;5;9
5;2025-12-21;6;49
5;2025-12-21;7;69
5;2025-12-21;8;114
5;2025-12-21;9;142
5;2025-12-21;10;169
5;2025-12-21;11;222
5;2025-12-21;12;246
5;2025-12-21;13;259
5;2025-12-21;14;271
5;2025-12-21;15;259
5;2025-12-21;16;243
5;2025-12-21;17;244
5;2025-12-21;18;204
5;2025-12-21;19;172
5;2025-12-21;20;150
5;2025-12-21;21;114
5;2025-12-21;22;64
5;2025-12-21;23;35
5;2025-12-22;0;13
5;2025-12-22;1;2
5;2025-12-22;2;0
5;2025-12-22;3;0
5;2025-12-22;4;0
5;2025-12-22;5;43
5;2025-12-22;6;164
5;2025-12-22;7;366
5;2025-12-22;8;556
5;2025-12-22;9;426
5;2025-12-22;10;358
5;2025-12-22;11;313
5;2025-12-22;12;330
5;2025-12-22;13;326
5;2025-12-22;14;349
5;2025-12-22;15;381
5;2025-12-22;16;407
5;2025-12-22;17;523
5;2025-12-22;18;578
5;2025-12-22;19;390
5;2025-12-22;20;233
5;2025-12-22;21;138
5;2025-12-22;22;66
5;2025-12-22;23;39
5;2025-12-23;0;13
5;2025-12-23;1;2
5;2025-12-23;2;0
5;2025-12-23;3;0
5;2025-12-23;4;0
5;2025-12-23;5;43
5;2025-12-23;6;164
5;2025-12-23;7;366
5;2025-12-23;8;556
5;2025-12-23;9;426
5;2025-12-23;10;358
5;2025-12-23;11;313
5;2025-12-23;12;330
5;2025-12-23;13;326
5;2025-12-23;14;349
5;2025-12-23;15;381
5;2025-12-23;16;407
5;2025-12-23;17;523
5;2025-12-23;18;578
5;2025-12-23;19;390
5;2025-12-23;20;233
5;2025-12-23;21;138
5;2025-12-23;22;66
5;2025-12-23;23;39
5;2025-12-24;0;13
5;2025-12-24;1;2
5;2025-12-24;2;0
5;2025-12-24;3;0
5;2025-12-24;4;0
5;2025-12-24;5;43
5;2025-12-24;6;164
5;2025-12-24;7;366
5;2025-12-24;8;556
5;2025-12-24;9;426
5;2025-12-24;10;358
5;2025-12-24;11;313
5;2025-12-24;12;330
5;2025-12-24;13;326
5;2025-12-24;14;349
5;2025-12-24;15;381
5;2025-12-24;16;407
5;2025-12-24;17;523
5;2025-12-24;18;578
5;2025-12-24;19;390
5;2025-12-24;20;233
5;2025-12-24;21;138
5;2025-12-24;22;66
5;2025-12-24;23;39
5;2025-12-25;0;13
5;2025-12-25;1;2
5;2025-12-25;2;0
5;2025-12-25;3;0
5;2025-12-25;4;0
5;2025-12-25;5;43
5;2025-12-25;6;164
5;2025-12-25;7;366
5;2025-12-25;8;556
5;2025-12-25;9;426
5;2025-12-25;10;358
5;2025-12-25;11;313
5;2025-12-25;12;330
5;2025-12-25;13;326
5;2025-12-25;14;349
5;2025-12-25;15;381
5;2025-12-25;16;407
5;2025-12-25;17;523
5;2025-12-25;18;578
5;2025-12-25;19;390
5;2025-12-25;20;233
5;2025-12-25;21;138
5;2025-12-25;22;66
5;2025-12-25;23;39
5;2025-12-26;0;14
5;2025-12-26;1;2
5;2025-12-26;2;0
5;2025-12-26;3;0
5;2025-12-26;4;0
5;2025-12-26;5;42
5;2025-12-26;6;154
5;2025-12-26;7;354
5;2025-12-26;8;517
5;2025-12-26;9;404
5;2025-12-26;10;360
5;2025-12-26;11;339
5;2025-12-26;12;347
5;2025-12-26;13;370
5;2025-12-26;14;385
5;2025-12-26;15;408
5;2025-12-26;16;482
5;2025-12-26;17;518
5;2025-12-26;18;470
5;2025-12-26;19;345
5;2025-12-26;20;226
5;2025-12-26;21;139
5;2025-12-26;22;75
5;2025-12-26;23;49
5;2025-12-27;0;19
5;2025-12-27;1;6
5;2025-12-27;2;0
5;2025-12-27;3;0
5;2025-12-27;4;0
5;2025-12-27;5;11
5;2025-12-27;6;66
5;2025-12-27;7;100
5;2025-12-27;8;164
5;2025-12-27;9;199
5;2025-12-27;10;208
5;2025-12-27;11;263
5;2025-12-27;12;298
5;2025-12-27;13;291
5;2025-12-27;14;312
5;2025-12-27;15;278
5;2025-12-27;16;272
5;2025-12-27;17;259
5;2025-12-27;18;243
5;2025-12-27;19;232
5;2025-12-27;20;183
5;2025-12-27;21;137
5;2025-12-27;22;73
5;2025-12-27;23;47
5;2025-12-28;0;21
5;2025-12-28;1;5
5;2025-12-28;2;0
5;2025-12-28;3;0
5;2025-12-28;4;0
5;2025-12-28;5;9
5;2025-12-28;6;49
5;2025-12-28;7;69
5;2025-12-28;8;114
5;2025-12-28;9;142
5;2025-12-28;10;169
5;2025-12-28;11;222
5;2025-12-28;12;246
5;2025-12-28;13;259
5;2025-12-28;14;271
5;2025-12-28;15;259
5;2025-12-28;16;243
5;2025-12-28;17;244
5;2025-12-28;18;204
5;2025-12-28;19;172
5;2025-12-28;20;150
5;2025-12-28;21;114
5;2025-12-28;22;64
5;2025-12-28;23;35
5;2025-12-29;0;12
5;2025-12-29;1;2
5;2025-12-29;2;0
5;2025-12-29;3;0
5;2025-12-29;4;0
5;2025-12-29;5;39
5;2025-12-29;6;147
5;2025-12-29;7;330
5;2025-12-29;8;500
5;2025-12-29;9;384
5;2025-12-29;10;322
5;2025-12-29;11;281
5;2025-12-29;12;297
5;2025-12-29;13;293
5;2025-12-29;14;314
5;2025-12-29;15;343
5;2025-12-29;16;367
5;2025-12-29;17;471
5;2025-12-29;18;520
5;2025-12-29;19;351
5;2025-12-29;20;210
5;2025-12-29;21;124
5;2025-12-29;22;59
5;2025-12-29;23;35
5;2025-12-30;0;11
5;2025-12-30;1;2
5;2025-12-30;2;0
5;2025-12-30;3;0
5;2025-12-30;4;0
5;2025-12-30;5;37
5;2025-12-30;6;139
5;2025-12-30;7;311
5;2025-12-30;8;473
5;2025-12-30;9;362
5;2025-12-30;10;304
5;2025-12-30;11;266
5;2025-12-30;12;281
5;2025-12-30;13;277
5;2025-12-30;14;296
5;2025-12-30;15;323
5;2025-12-30;16;346
5;2025-12-30;17;445
5;2025-12-30;18;491
5;2025-12-30;19;331
5;2025-12-30;20;198
5;2025-12-30;21;117
5;2025-12-30;22;56
5;2025-12-30;23;33
5;2025-12-31;0;16
5;2025-12-31;1;5
5;2025-12-31;2;0
5;2025-12-31;3;0
5;2025-12-31;4;0
5;2025-12-31;5;9
5;2025-12-31;6;56
5;2025-12-31;7;85
5;2025-12-31;8;139
5;2025-12-31;9;169
5;2025-12-31;10;176
5;2025-12-31;11;224
5;2025-12-31;12;253
5;2025-12-31;13;248
5;2025-12-31;14;265
5;2025-12-31;15;236
5;2025-12-31;16;232
5;2025-12-31;17;221
5;2025-12-31;18;207
5;2025-12-31;19;197
5;2025-12-31;20;155
5;2025-12-31;21;117
5;2025-12-31;22;62
5;2025-12-31;23;40
7;2025-11-01;0;109
7;2025-11-01;1;25
7;2025-11-01;2;0
7;2025-11-01;3;0
7;2025-11-01;4;1
7;2025-11-01;5;150
7;2025-11-01;6;545
7;2025-11-01;7;1268
7;2025-11-01;8;1860
7;2025-11-01;9;1442
7;2025-11-01;10;1316
7;2025-11-01;11;1234
7;2025-11-01;12;1268
7;2025-11-01;13;1340
7;2025-11-01;14;1394
7;2025-11-01;15;1482
7;2025-11-01;16;1734
7;2025-11-01;17;1871
7;2025-11-01;18;1684
7;2025-11-01;19;1223
7;2025-11-01;20;812
7;2025-11-01;21;499
7;2025-11-01;22;270
7;2025-11-01;23;180
7;2025-11-02;0;104
7;2025-11-02;1;25
7;2025-11-02;2;0
7;2025-11-02;3;0
7;2025-11-02;4;1
7;2025-11-02;5;30
7;2025-11-02;6;130
7;2025-11-02;7;175
7;2025-11-02;8;394
7;2025-11-02;9;522
7;2025-11-02;10;404
7;2025-11-02;11;601
7;2025-11-02;12;649
7;2025-11-02;13;645
7;2025-11-02;14;674
7;2025-11-02;15;730
7;2025-11-02;16;628
7;2025-11-02;17;639
7;2025-11-02;18;663
7;2025-11-02;19;491
7;2025-11-02;20;406
7;2025-11-02;21;298
7;2025-11-02;22;154
7;2025-11-02;23;123
7;2025-11-03;0;93
7;2025-11-03;1;22
7;2025-11-03;2;0
7;2025-11-03;3;0
7;2025-11-03;4;1
7;2025-11-03;5;32
7;2025-11-03;6;158
7;2025-11-03;7;191
7;2025-11-03;8;444
7;2025-11-03;9;455
7;2025-11-03;10;422
7;2025-11-03;11;529
7;2025-11-03;12;647
7;2025-11-03;13;625
7;2025-11-03;14;625
7;2025-11-03;15;646
7;2025-11-03;16;597
7;2025-11-03;17;598
7;2025-11-03;18;591
7;2025-11-03;19;452
7;2025-11-03;20;387
7;2025-11-03;21;277
7;2025-11-03;22;149
7;2025-11-03;23;120
7;2025-11-04;0;93
7;2025-11-04;1;22
7;2025-11-04;2;0
7;2025-11-04;3;0
7;2025-11-04;4;1
7;2025-11-04;5;32
7;2025-11-04;6;158
7;2025-11-04;7;191
7;2025-11-04;8;444
7;2025-11-04;9;455
7;2025-11-04;10;422
7;2025-11-04;11;529
7;2025-11-04;12;647
7;2025-11-04;13;625
7;2025-11-04;14;625
7;2025-11-04;15;646
7;2025-11-04;16;597
7;2025-11-04;17;598
7;2025-11-04;18;591
7;2025-11-04;19;452
7;2025-11-04;20;387
7;2025-11-04;21;277
7;2025-11-04;22;149
7;2025-11-04;23;120
7;2025-11-05;0;62
7;2025-11-05;1;12
7;2025-11-05;2;0
7;2025-11-05;3;0
7;2025-11-05;4;1
7;2025-11-05;5;206
7;2025-11-05;6;760
7;2025-11-05;7;1750
7;2025-11-05;8;2665
7;2025-11-05;9;2033
7;2025-11-05;10;1725
7;2025-11-05;11;1527
7;2025-11-05;12;1619
7;2025-11-05;13;1580
7;2025-11-05;14;1682
7;2025-11-05;15;1834
7;2025-11-05;16;1955
7;2025-11-05;17;2515
7;2025-11-05;18;2771
7;2025-11-05;19;1856
7;2025-11-05;20;1123
7;2025-11-05;21;663
7;2025-11-05;22;316
7;2025-11-05;23;190
7;2025-11-06;0;62
7;2025-11-06;1;12
7;2025-11-06;2;0
7;2025-11-06;3;0
7;2025-11-06;4;1
7;2025-11-06;5;206
7;2025-11-06;6;760
7;2025-11-06;7;1750
7;2025-11-06;8;2665
7;2025-11-06;9;2033
7;2025-11-06;10;1725
7;2025-11-06;11;1527
7;2025-11-06;12;1619
7;2025-11-06;13;1580
7;2025-11-06;14;1682
7;2025-11-06;15;1834
7;2025-11-06;16;1955
7;2025-11-06;17;2515
7;2025-11-06;18;2771
7;2025-11-06;19;1856
7;2025-11-06;20;1123
7;2025-11-06;21;663
7;2025-11-06;22;316
7;2025-11-06;23;190
7;2025-11-07;0;68
7;2025-11-07;1;12
7;2025-11-07;2;0
7;2025-11-07;3;0
7;2025-11-07;4;1
7;2025-11-07;5;193
7;2025-11-07;6;702
7;2025-11-07;7;1633
7;2025-11-07;8;2396
7;2025-11-07;9;1858
7;2025-11-07;10;1695
7;2025-11-07;11;1589
7;2025-11-07;12;1634
7;2025-11-07;13;1726
7;2025-11-07;14;1796
7;2025-11-07;15;1909
7;2025-11-07;16;2234
7;2025-11-07;17;2410
7;2025-11-07;18;2169
7;2025-11-07;19;1575
7;2025-11-07;20;1046
7;2025-11-07;21;642
7;2025-11-07;22;348
7;2025-11-07;23;232
7;2025-11-08;0;121
7;2025-11-08;1;27
7;2025-11-08;2;0
7;2025-11-08;3;0
7;2025-11-08;4;1
7;2025-11-08;5;49
7;2025-11-08;6;266
7;2025-11-08;7;296
7;2025-11-08;8;706
7;2025-11-08;9;569
7;2025-11-08;10;632
7;2025-11-08;11;671
7;2025-11-08;12;934
7;2025-11-08;13;878
7;2025-11-08;14;839
7;2025-11-08;15;823
7;2025-11-08;16;822
7;2025-11-08;17;810
7;2025-11-08;18;761
7;2025-11-08;19;602
7;2025-11-08;20;533
7;2025-11-08;21;373
7;2025-11-08;22;210
7;2025-11-08;23;170
7;2025-11-09;0;104
7;2025-11-09;1;25
7;2025-11-09;2;0
7;2025-11-09;3;0
7;2025-11-09;4;1
7;2025-11-09;5;30
7;2025-11-09;6;130
7;2025-11-09;7;175
7;2025-11-09;8;394
7;2025-11-09;9;522
7;2025-11-09;10;404
7;2025-11-09;11;601
7;2025-11-09;12;649
7;2025-11-09;13;645
7;2025-11-09;14;674
7;2025-11-09;15;730
7;2025-11-09;16;628
7;2025-11-09;17;639
7;2025-11-09;18;663
7;2025-11-09;19;491
7;2025-11-09;20;406
7;2025-11-09;21;298
7;2025-11-09;22;154
7;2025-11-09;23;123
7;2025-11-10;0;60
7;2025-11-10;1;12
7;2025-11-10;2;0
7;2025-11-10;3;0
7;2025-11-10;4;1
7;2025-11-10;5;200
7;2025-11-10;6;739
7;2025-11-10;7;1703
7;2025-11-10;8;2594
7;2025-11-10;9;1979
7;2025-11-10;10;1679
7;2025-11-10;11;1486
7;2025-11-10;12;1576
7;2025-11-10;13;1537
7;2025-11-10;14;1637
7;2025-11-10;15;1785
7;2025-11-10;16;1902
7;2025-11-10;17;2447
7;2025-11-10;18;2697
7;2025-11-10;19;1806
7;2025-11-10;20;1093
7;2025-11-10;21;645
7;2025-11-10;22;307
7;2025-11-10;23;185
7;2025-11-11;0;62
7;2025-11-11;1;12
7;2025-11-11;2;0
7;2025-11-11;3;0
7;2025-11-11;4;1
7;2025-11-11;5;206
7;2025-11-11;6;760
7;2025-11-11;7;1750
7;2025-11-11;8;2665
7;2025-11-11;9;2033
7;2025-11-11;10;1725
7;2025-11-11;11;1527
7;2025-11-11;12;1619
7;2025-11-11;13;1580
7;2025-11-11;14;1682
7;2025-11-11;15;1834
7;2025-11-11;16;1955
7;2025-11-11;17;2515
7;2025-11-11;18;2771
7;2025-11-11;19;1856
7;2025-11-11;20;1123
7;2025-11-11;21;663
7;2025-11-11;22;316
7;2025-11-11;23;190
7;2025-11-12;0;62
7;2025-11-12;1;12
7;2025-11-12;2;0
7;2025-11-12;3;0
7;2025-11-12;4;1
7;2025-11-12;5;206
7;2025-11-12;6;760
7;2025-11-12;7;1750
7;2025-11-12;8;2665
7;2025-11-12;9;2033
7;2025-11-12;10;1725
7;2025-11-12;11;1527
7;2025-11-12;12;1619
7;2025-11-12;13;1580
7;2025-11-12;14;1682
7;2025-11-12;15;1834
7;2025-11-12;16;1955
7;2025-11-12;17;2515
7;2025-11-12;18;2771
7;2025-11-12;19;1856
7;2025-11-12;20;1123
7;2025-11-12;21;663
7;2025-11-12;22;316
7;2025-11-12;23;190
7;2025-11-13;0;62
7;2025-11-13;1;12
7;2025-11-13;2;0
7;2025-11-13;3;0
7;2025-11-13;4;1
7;2025-11-13;5;206
7;2025-11-13;6;760
7;2025-11-13;7;1750
7;2025-11-13;8;2665
7;2025-11-13;9;2033
7;2025-11-13;10;1725
7;2025-11-13;11;1527
7;2025-11-13;12;1619
7;2025-11-13;13;1580
7;2025-11-13;14;1682
7;2025-11-13;15;1834
7;2025-11-13;16;1955
7;2025-11-13;17;2515
7;2025-11-13;18;2771
7;2025-11-13;19;1856
7;2025-11-13;20;1123
7;2025-11-13;21;663
7;2025-11-13;22;316
7;2025-11-13;23;190
7;2025-11-14;0;68
7;2025-11-14;1;12
7;2025-11-14;2;0
7;2025-11-14;3;0
7;2025-11-14;4;1
7;2025-11-14;5;193
7;2025-11-14;6;702
7;2025-11-14;7;1633
7;2025-11-14;8;2396
7;2025-11-14;9;1858
7;2025-11-14;10;1695
7;2025-11-14;11;1589
7;2025-11-14;12;1634
7;2025-11-14;13;1726
7;2025-11-14;14;1796
7;2025-11-14;15;1909
7;2025-11-14;16;2234
7;2025-11-14;17;2410
7;2025-11-14;18;2169
7;2025-11-14;19;1575
7;2025-11-14;20;1046
7;2025-11-14;21;642
7;2025-11-14;22;348
7;2025-11-14;23;232
7;2025-11-15;0;121
7;2025-11-15;1;27
7;2025-11-15;2;0
7;2025-11-15;3;0
7;2025-11-15;4;1
7;2025-11-15;5;49
7;2025-11-15;6;266
7;2025-11-15;7;296
7;2025-11-15;8;706
7;2025-11-15;9;569
7;2025-11-15;10;632
7;2025-11-15;11;671
7;2025-11-15;12;934
7;2025-11-15;13;878
7;2025-11-15;14;839
7;2025-11-15;15;823
7;2025-11-15;16;822
7;2025-11-15;17;810
7;2025-11-15;18;761
7;2025-11-15;19;602
7;2025-11-15;20;533
7;2025-11-15;21;373
7;2025-11-15;22;210
7;2025-11-15;23;170
7;2025-11-16;0;104
7;2025-11-16;1;25
7;2025-11-16;2;0
7;2025-11-16;3;0
7;2025-11-16;4;1
7;2025-11-16;5;30
7;2025-11-16;6;130
7;2025-11-16;7;175
7;2025-11-16;8;394
7;2025-11-16;9;522
7;2025-11-16;10;404
7;2025-11-16;11;601
7;2025-11-16;12;649
7;2025-11-16;13;645
7;2025-11-16;14;674
7;2025-11-16;15;730
7;2025-11-16;16;628
7;2025-11-16;17;639
7;2025-11-16;18;663
7;2025-11-16;19;491
7;2025-11-16;20;406
7;2025-11-16;21;298
7;2025-11-16;22;154
7;2025-11-16;23;123
7;2025-11-17;0;60
7;2025-11-17;1;12
7;2025-11-17;2;0
7;2025-11-17;3;0
7;2025-11-17;4;1
7;2025-11-17;5;200
7;2025-11-17;6;739
7;2025-11-17;7;1703
7;2025-11-17;8;2594
7;2025-11-17;9;1979
7;2025-11-17;10;1679
7;2025-11-17;11;1486
7;2025-11-17;12;1576
7;2025-11-17;13;1537
7;2025-11-17;14;1637
7;2025-11-17;15;1785
7;2025-11-17;16;1902
7;2025-11-17;17;2447
7;2025-11-17;18;2697
7;2025-11-17;19;1806
7;2025-11-17;20;1093
7;2025-11-17;21;645
7;2025-11-17;22;307
7;2025-11-17;23;185
7;2025-11-18;0;62
7;2025-11-18;1;12
7;2025-11-18;2;0
7;2025-11-18;3;0
7;2025-11-18;4;1
7;2025-11-18;5;206
7;2025-11-18;6;760
7;2025-11-18;7;1750
7;2025-11-18;8;2665
7;2025-11-18;9;2033
7;2025-11-18;10;1725
7;2025-11-18;11;1527
7;2025-11-18;12;1619
7;2025-11-18;13;1580
7;2025-11-18;14;1682
7;2025-11-18;15;1834
7;2025-11-18;16;1955
7;2025-11-18;17;2515
7;2025-11-18;18;2771
7;2025-11-18;19;1856
7;2025-11-18;20;1123
7;2025-11-18;21;663
7;2025-11-18;22;316
7;2025-11-18;23;190
7;2025-11-19;0;62
7;2025-11-19;1;12
7;2025-11-19;2;0
7;2025-11-19;3;0
7;2025-11-19;4;1
7;2025-11-19;5;206
7;2025-11-19;6;760
7;2025-11-19;7;1750
7;2025-11-19;8;2665
7;2025-11-19;9;2033
7;2025-11-19;10;1725
7;2025-11-19;11;1527
7;2025-11-19;12;1619
7;2025-11-19;13;1580
7;2025-11-19;14;1682
7;2025-11-19;15;1834
7;2025-11-19;16;1955
7;2025-11-19;17;2515
7;2025-11-19;18;2771
7;2025-11-19;19;1856
7;2025-11-19;20;1123
7;2025-11-19;21;663
7;2025-11-19;22;316
7;2025-11-19;23;190
7;2025-11-20;0;62
7;2025-11-20;1;12
7;2025-11-20;2;0
7;2025-11-20;3;0
7;2025-11-20;4;1
7;2025-11-20;5;206
7;2025-11-20;6;760
7;2025-11-20;7;1750
7;2025-11-20;8;2665
7;2025-11-20;9;2033
7;2025-11-20;10;1725
7;2025-11-20;11;1527
7;2025-11-20;12;1619
7;2025-11-20;13;1580
7;2025-11-20;14;1682
7;2025-11-20;15;1834
7;2025-11-20;16;1955
7;2025-11-20;17;2515
7;2025-11-20;18;2771
7;2025-11-20;19;1856
7;2025-11-20;20;1123
7;2025-11-20;21;663
7;2025-11-20;22;316
7;2025-11-20;23;190
7;2025-11-21;0;68
7;2025-11-21;1;12
7;2025-11-21;2;0
7;2025-11-21;3;0
7;2025-11-21;4;1
7;2025-11-21;5;193
7;2025-11-21;6;702
7;2025-11-21;7;1633
7;2025-11-21;8;2396
7;2025-11-21;9;1858
7;2025-11-21;10;1695
7;2025-11-21;11;1589
7;2025-11-21;12;1634
7;2025-11-21;13;1726
7;2025-11-21;14;1796
7;2025-11-21;15;1909
7;2025-11-21;16;2234
7;2025-11-21;17;2410
7;2025-11-21;18;2169
7;2025-11-21;19;1575
7;2025-11-21;20;1046
7;2025-11-21;21;642
7;2025-11-21;22;348
7;2025-11-21;23;232
7;2025-11-22;0;121
7;2025-11-22;1;27
7;2025-11-22;2;0
7;2025-11-22;3;0
7;2025-11-22;4;1
7;2025-11-22;5;49
7;2025-11-22;6;266
7;2025-11-22;7;296
7;2025-11-22;8;706
7;2025-11-22;9;569
7;2025-11-22;10;632
7;2025-11-22;11;671
7;2025-11-22;12;934
7;2025-11-22;13;878
7;2025-11-22;14;839
7;2025-11-22;15;823
7;2025-11-22;16;822
7;2025-11-22;17;810
7;2025-11-22;18;761
7;2025-11-22;19;602
7;2025-11-22;20;533
7;2025-11-22;21;373
7;2025-11-22;22;210
7;2025-11-22;23;170
7;2025-11-23;0;104
7;2025-11-23;1;25
7;2025-11-23;2;0
7;2025-11-23;3;0
7;2025-11-23;4;1
7;2025-11-23;5;30
7;2025-11-23;6;130
7;2025-11-23;7;175
7;2025-11-23;8;394
7;2025-11-23;9;522
7;2025-11-23;10;404
7;2025-11-23;11;601
7;2025-11-23;12;649
7;2025-11-23;13;645
7;2025-11-23;14;674
7;2025-11-23;15;730
7;2025-11-23;16;628
7;2025-11-23;17;639
7;2025-11-23;18;663
7;2025-11-23;19;491
7;2025-11-23;20;406
7;2025-11-23;21;298
7;2025-11-23;22;154
7;2025-11-23;23;123
7;2025-11-24;0;60
7;2025-11-24;1;12
7;2025-11-24;2;0
7;2025-11-24;3;0
7;2025-11-24;4;1
7;2025-11-24;5;200
7;2025-11-24;6;739
7;2025-11-24;7;1703
7;2025-11-24;8;2594
7;2025-11-24;9;1979
7;2025-11-24;10;1679
7;2025-11-24;11;1486
7;2025-11-24;12;1576
7;2025-11-24;13;1537
7;2025-11-24;14;1637
7;2025-11-24;15;1785
7;2025-11-24;16;1902
7;2025-11-24;17;2447
7;2025-11-24;18;2697
7;2025-11-24;19;1806
7;2025-11-24;20;1093
7;2025-11-24;21;645
7;2025-11-24;22;307
7;2025-11-24;23;185
7;2025-11-25;0;62
7;2025-11-25;1;12
7;2025-11-25;2;0
7;2025-11-25;3;0
7;2025-11-25;4;1
7;2025-11-25;5;206
7;2025-11-25;6;760
7;2025-11-25;7;1750
7;2025-11-25;8;2665
7;2025-11-25;9;2033
7;2025-11-25;10;1725
7;2025-11-25;11;1527
7;2025-11-25;12;1619
7;2025-11-25;13;1580
7;2025-11-25;14;1682
7;2025-11-25;15;1834
7;2025-11-25;16;1955
7;2025-11-25;17;2515
7;2025-11-25;18;2771
7;2025-11-25;19;1856
7;2025-11-25;20;1123
7;2025-11-25;21;663
7;2025-11-25;22;316
7;2025-11-25;23;190
7;2025-11-26;0;62
7;2025-11-26;1;12
7;2025-11-26;2;0
7;2025-11-26;3;0
7;2025-11-26;4;1
7;2025-11-26;5;206
7;2025-11-26;6;760
7;2025-11-26;7;1750
7;2025-11-26;8;2665
7;2025-11-26;9;2033
7;2025-11-26;10;1725
7;2025-11-26;11;1527
7;2025-11-26;12;1619
7;2025-11-26;13;1580
7;2025-11-26;14;1682
7;2025-11-26;15;1834
7;2025-11-26;16;1955
7;2025-11-26;17;2515
7;2025-11-26;18;2771
7;2025-11-26;19;1856
7;2025-11-26;20;1123
7;2025-11-26;21;663
7;2025-11-26;22;316
7;2025-11-26;23;190
7;2025-11-27;0;62
7;2025-11-27;1;12
7;2025-11-27;2;0
7;2025-11-27;3;0
7;2025-11-27;4;1
7;2025-11-27;5;206
7;2025-11-27;6;760
7;2025-11-27;7;1750
7;2025-11-27;8;2665
7;2025-11-27;9;2033
7;2025-11-27;10;1725
7;2025-11-27;11;1527
7;2025-11-27;12;1619
7;2025-11-27;13;1580
7;2025-11-27;14;1682
7;2025-11-27;15;1834
7;2025-11-27;16;1955
7;2025-11-27;17;2515
7;2025-11-27;18;2771
7;2025-11-27;19;1856
7;2025-11-27;20;1123
7;2025-11-27;21;663
7;2025-11-27;22;316
7;2025-11-27;23;190
7;2025-11-28;0;68
7;2025-11-28;1;12
7;2025-11-28;2;0
7;2025-11-28;3;0
7;2025-11-28;4;1
7;2025-11-28;5;193
7;2025-11-28;6;702
7;2025-11-28;7;1633
7;2025-11-28;8;2396
7;2025-11-28;9;1858
7;2025-11-28;10;1695
7;2025-11-28;11;1589
7;2025-11-28;12;1634
7;2025-11-28;13;1726
7;2025-11-28;14;1796
7;2025-11-28;15;1909
7;2025-11-28;16;2234
7;2025-11-28;17;2410
7;2025-11-28;18;2169
7;2025-11-28;19;1575
7;2025-11-28;20;1046
7;2025-11-28;21;642
7;2025-11-28;22;348
7;2025-11-28;23;232
7;2025-11-29;0;121
7;2025-11-29;1;27
7;2025-11-29;2;0
7;2025-11-29;3;0
7;2025-11-29;4;1
7;2025-11-29;5;49
7;2025-11-29;6;266
7;2025-11-29;7;296
7;2025-11-29;8;706
7;2025-11-29;9;569
7;2025-11-29;10;632
7;2025-11-29;11;671
7;2025-11-29;12;934
7;2025-11-29;13;878
7;2025-11-29;14;839
7;2025-11-29;15;823
7;2025-11-29;16;822
7;2025-11-29;17;810
7;2025-11-29;18;761
7;2025-11-29;19;602
7;2025-11-29;20;533
7;2025-11-29;21;373
7;2025-11-29;22;210
7;2025-11-29;23;170
7;2025-11-30;0;104
7;2025-11-30;1;25
7;2025-11-30;2;0
7;2025-11-30;3;0
7;2025-11-30;4;1
7;2025-11-30;5;30
7;2025-11-30;6;130
7;2025-11-30;7;175
7;2025-11-30;8;394
7;2025-11-30;9;522
7;2025-11-30;10;404
7;2025-11-30;11;601
7;2025-11-30;12;649
7;2025-11-30;13;645
7;2025-11-30;14;674
7;2025-11-30;15;730
7;2025-11-30;16;628
7;2025-11-30;17;639
7;2025-11-30;18;663
7;2025-11-30;19;491
7;2025-11-30;20;406
7;2025-11-30;21;298
7;2025-11-30;22;154
7;2025-11-30;23;123
7;2025-12-01;0;60
7;2025-12-01;1;12
7;2025-12-01;2;0
7;2025-12-01;3;0
7;2025-12-01;4;1
7;2025-12-01;5;202
7;2025-12-01;6;766
7;2025-12-01;7;1714
7;2025-12-01;8;2601
7;2025-12-01;9;1994
7;2025-12-01;10;1673
7;2025-12-01;11;1463
7;2025-12-01;12;1545
7;2025-12-01;13;1523
7;2025-12-01;14;1631
7;2025-12-01;15;1780
7;2025-12-01;16;1905
7;2025-12-01;17;2447
7;2025-12-01;18;2704
7;2025-12-01;19;1824
7;2025-12-01;20;1091
7;2025-12-01;21;644
7;2025-12-01;22;307
7;2025-12-01;23;182
7;2025-12-02;0;61
7;2025-12-02;1;12
7;2025-12-02;2;0
7;2025-12-02;3;0
7;2025-12-02;4;1
7;2025-12-02;5;208
7;2025-12-02;6;787
7;2025-12-02;7;1761
7;2025-12-02;8;2673
7;2025-12-02;9;2049
7;2025-12-02;10;1719
7;2025-12-02;11;1503
7;2025-12-02;12;1587
7;2025-12-02;13;1565
7;2025-12-02;14;1676
7;2025-12-02;15;1829
7;2025-12-02;16;1958
7;2025-12-02;17;2515
7;2025-12-02;18;2778
7;2025-12-02;19;1874
7;2025-12-02;20;1121
7;2025-12-02;21;662
7;2025-12-02;22;315
7;2025-12-02;23;187
7;2025-12-03;0;61
7;2025-12-03;1;12
7;2025-12-03;2;0
7;2025-12-03;3;0
7;2025-12-03;4;1
7;2025-12-03;5;208
7;2025-12-03;6;787
7;2025-12-03;7;1761
7;2025-12-03;8;2673
7;2025-12-03;9;2049
7;2025-12-03;10;1719
7;2025-12-03;11;1503
7;2025-12-03;12;1587
7;2025-12-03;13;1565
7;2025-12-03;14;1676
7;2025-12-03;15;1829
7;2025-12-03;16;1958
7;2025-12-03;17;2515
7;2025-12-03;18;2778
7;2025-12-03;19;1874
7;2025-12-03;20;1121
7;2025-12-03;21;662
7;2025-12-03;22;315
7;2025-12-03;23;187
7;2025-12-04;0;61
7;2025-12-04;1;12
7;2025-12-04;2;0
7;2025-12-04;3;0
7;2025-12-04;4;1
7;2025-12-04;5;208
7;2025-12-04;6;787
7;2025-12-04;7;1761
7;2025-12-04;8;2673
7;2025-12-04;9;2049
7;2025-12-04;10;1719
7;2025-12-04;11;1503
7;2025-12-04;12;1587
7;2025-12-04;13;1565
7;2025-12-04;14;1676
7;2025-12-04;15;1829
7;2025-12-04;16;1958
7;2025-12-04;17;2515
7;2025-12-04;18;2778
7;2025-12-04;19;1874
7;2025-12-04;20;1121
7;2025-12-04;21;662
7;2025-12-04;22;315
7;2025-12-04;23;187
7;2025-12-05;0;66
7;2025-12-05;1;12
7;2025-12-05;2;0
7;2025-12-05;3;0
7;2025-12-05;4;1
7;2025-12-05;5;195
7;2025-12-05;6;717
7;2025-12-05;7;1645
7;2025-12-05;8;2399
7;2025-12-05;9;1876
7;2025-12-05;10;1672
7;2025-12-05;11;1575
7;2025-12-05;12;1611
7;2025-12-05;13;1717
7;2025-12-05;14;1789
7;2025-12-05;15;1894
7;2025-12-05;16;2238
7;2025-12-05;17;2404
7;2025-12-05;18;2183
7;2025-12-05;19;1604
7;2025-12-05;20;1049
7;2025-12-05;21;646
7;2025-12-05;22;349
7;2025-12-05;23;226
7;2025-12-06;0;99
7;2025-12-06;1;29
7;2025-12-06;2;0
7;2025-12-06;3;0
7;2025-12-06;4;1
7;2025-12-06;5;54
7;2025-12-06;6;343
7;2025-12-06;7;517
7;2025-12-06;8;846
7;2025-12-06;9;1024
7;2025-12-06;10;1071
7;2025-12-06;11;1357
7;2025-12-06;12;1536
7;2025-12-06;13;1502
7;2025-12-06;14;1607
7;2025-12-06;15;1432
7;2025-12-06;16;1405
7;2025-12-06;17;1338
7;2025-12-06;18;1255
7;2025-12-06;19;1194
7;2025-12-06;20;943
7;2025-12-06;21;707
7;2025-12-06;22;375
7;2025-12-06;23;242
7;2025-12-07;0;107
7;2025-12-07;1;24
7;2025-12-07;2;0
7;2025-12-07;3;0
7;2025-12-07;4;0
7;2025-12-07;5;44
7;2025-12-07;6;243
7;2025-12-07;7;343
7;2025-12-07;8;567
7;2025-12-07;9;710
7;2025-12-07;10;842
7;2025-12-07;11;1110
7;2025-12-07;12;1226
7;2025-12-07;13;1294
7;2025-12-07;14;1355
7;2025-12-07;15;1292
7;2025-12-07;16;1211
7;2025-12-07;17;1217
7;2025-12-07;18;1018
7;2025-12-07;19;856
7;2025-12-07;20;750
7;2025-12-07;21;569
7;2025-12-07;22;318
7;2025-12-07;23;175
7;2025-12-08;0;60
7;2025-12-08;1;12
7;2025-12-08;2;0
7;2025-12-08;3;0
7;2025-12-08;4;1
7;2025-12-08;5;202
7;2025-12-08;6;766
7;2025-12-08;7;1714
7;2025-12-08;8;2601
7;2025-12-08;9;1994
7;2025-12-08;10;1673
7;2025-12-08;11;1463
7;2025-12-08;12;1545
7;2025-12-08;13;1523
7;2025-12-08;14;1631
7;2025-12-08;15;1780
7;2025-12-08;16;1905
7;2025-12-08;17;2447
7;2025-12-08;18;2704
7;2025-12-08;19;1824
7;2025-12-08;20;1091
7;2025-12-08;21;644
7;2025-12-08;22;307
7;2025-12-08;23;182
7;2025-12-09;0;61
7;2025-12-09;1;12
7;2025-12-09;2;0
7;2025-12-09;3;0
7;2025-12-09;4;1
7;2025-12-09;5;208
7;2025-12-09;6;787
7;2025-12-09;7;1761
7;2025-12-09;8;2673
7;2025-12-09;9;2049
7;2025-12-09;10;1719
7;2025-12-09;11;1503
7;2025-12-09;12;1587
7;2025-12-09;13;1565
7;2025-12-09;14;1676
7;2025-12-09;15;1829
7;2025-12-09;16;1958
7;2025-12-09;17;2515
7;2025-12-09;18;2778
7;2025-12-09;19;1874
7;2025-12-09;20;1121
7;2025-12-09;21;662
7;2025-12-09;22;315
7;2025-12-09;23;187
7;2025-12-10;0;61
7;2025-12-10;1;12
7;2025-12-10;2;0
7;2025-12-10;3;0
7;2025-12-10;4;1
7;2025-12-10;5;208
7;2025-12-10;6;787
7;2025-12-10;7;1761
7;2025-12-10;8;2673
7;2025-12-10;9;2049
7;2025-12-10;10;1719
7;2025-12-10;11;1503
7;2025-12-10;12;1587
7;2025-12-10;13;1565
7;2025-12-10;14;1676
7;2025-12-10;15;1829
7;2025-12-10;16;1958
7;2025-12-10;17;2515
7;2025-12-10;18;2778
7;2025-12-10;19;1874
7;2025-12-10;20;1121
7;2025-12-10;21;662
7;2025-12-10;22;315
7;2025-12-10;23;187
7;2025-12-11;0;61
7;2025-12-11;1;12
7;2025-12-11;2;0
7;2025-12-11;3;0
7;2025-12-11;4;1
7;2025-12-11;5;208
7;2025-12-11;6;787
7;2025-12-11;7;1761
7;2025-12-11;8;2673
7;2025-12-11;9;2049
7;2025-12-11;10;1719
7;2025-12-11;11;1503
7;2025-12-11;12;1587
7;2025-12-11;13;1565
7;2025-12-11;14;1676
7;2025-12-11;15;1829
7;2025-12-11;16;1958
7;2025-12-11;17;2515
7;2025-12-11;18;2778
7;2025-12-11;19;1874
7;2025-12-11;20;1121
7;2025-12-11;21;662
7;2025-12-11;22;315
7;2025-12-11;23;187
7;2025-12-12;0;66
7;2025-12-12;1;12
7;2025-12-12;2;0
7;2025-12-12;3;0
7;2025-12-12;4;1
7;2025-12-12;5;195
7;2025-12-12;6;717
7;2025-12-12;7;1645
7;2025-12-12;8;2399
7;2025-12-12;9;1876
7;2025-12-12;10;1672
7;2025-12-12;11;1575
7;2025-12-12;12;1611
7;2025-12-12;13;1717
7;2025-12-12;14;1789
7;2025-12-12;15;1894
7;2025-12-12;16;2238
7;2025-12-12;17;2404
7;2025-12-12;18;2183
7;2025-12-12;19;1604
7;2025-12-12;20;1049
7;2025-12-12;21;646
7;2025-12-12;22;349
7;2025-12-12;23;226
7;2025-12-13;0;99
7;2025-12-13;1;29
7;2025-12-13;2;0
7;2025-12-13;3;0
7;2025-12-13;4;1
7;2025-12-13;5;54
7;2025-12-13;6;343
7;2025-12-13;7;517
7;2025-12-13;8;846
7;2025-12-13;9;1024
7;2025-12-13;10;1071
7;2025-12-13;11;1357
7;2025-12-13;12;1536
7;2025-12-13;13;1502
7;2025-12-13;14;1607
7;2025-12-13;15;1432
7;2025-12-13;16;1405
7;2025-12-13;17;1338
7;2025-12-13;18;1255
7;2025-12-13;19;1194
7;2025-12-13;20;943
7;2025-12-13;21;707
7;2025-12-13;22;375
7;2025-12-13;23;242
7;2025-12-14;0;107
7;2025-12-14;1;24
7;2025-12-14;2;0
7;2025-12-14;3;0
7;2025-12-14;4;0
7;2025-12-14;5;44
7;2025-12-14;6;243
7;2025-12-14;7;343
7;2025-12-14;8;567
7;2025-12-14;9;710
7;2025-12-14;10;842
7;2025-12-14;11;1110
7;2025-12-14;12;1226
7;2025-12-14;13;1294
7;2025-12-14;14;1355
7;2025-12-14;15;1292
7;2025-12-14;16;1211
7;2025-12-14;17;1217
7;2025-12-14;18;1018
7;2025-12-14;19;856
7;2025-12-14;20;750
7;2025-12-14;21;569
7;2025-12-14;22;318
7;2025-12-14;23;175
7;2025-12-15;0;60
7;2025-12-15;1;12
7;2025-12-15;2;0
7;2025-12-15;3;0
7;2025-12-15;4;1
7;2025-12-15;5;202
7;2025-12-15;6;766
7;2025-12-15;7;1714
7;2025-12-15;8;2601
7;2025-12-15;9;1994
7;2025-12-15;10;1673
7;2025-12-15;11;1463
7;2025-12-15;12;1545
7;2025-12-15;13;1523
7;2025-12-15;14;1631
7;2025-12-15;15;1780
7;2025-12-15;16;1905
7;2025-12-15;17;2447
7;2025-12-15;18;2704
7;2025-12-15;19;1824
7;2025-12-15;20;1091
7;2025-12-15;21;644
7;2025-12-15;22;307
7;2025-12-15;23;182
7;2025-12-16;0;61
7;2025-12-16;1;12
7;2025-12-16;2;0
7;2025-12-16;3;0
7;2025-12-16;4;1
7;2025-12-16;5;208
7;2025-12-16;6;787
7;2025-12-16;7;1761
7;2025-12-16;8;2673
7;2025-12-16;9;2049
7;2025-12-16;10;1719
7;2025-12-16;11;1503
7;2025-12-16;12;1587
7;2025-12-16;13;1565
7;2025-12-16;14;1676
7;2025-12-16;15;1829
7;2025-12-16;16;1958
7;2025-12-16;17;2515
7;2025-12-16;18;2778
7;2025-12-16;19;1874
7;2025-12-16;20;1121
7;2025-12-16;21;662
7;2025-12-16;22;315
7;2025-12-16;23;187
7;2025-12-17;0;61
7;2025-12-17;1;12
7;2025-12-17;2;0
7;2025-12-17;3;0
7;2025-12-17;4;1
7;2025-12-17;5;208
7;2025-12-17;6;787
7;2025-12-17;7;1761
7;2025-12-17;8;2673
7;2025-12-17;9;2049
7;2025-12-17;10;1719
7;2025-12-17;11;1503
7;2025-12-17;12;1587
7;2025-12-17;13;1565
7;2025-12-17;14;1676
7;2025-12-17;15;1829
7;2025-12-17;16;1958
7;2025-12-17;17;2515
7;2025-12-17;18;2778
7;2025-12-17;19;1874
7;2025-12-17;20;1121
7;2025-12-17;21;662
7;2025-12-17;22;315
7;2025-12-17;23;187
7;2025-12-18;0;61
7;2025-12-18;1;12
7;2025-12-18;2;0
7;2025-12-18;3;0
7;2025-12-18;4;1
7;2025-12-18;5;208
7;2025-12-18;6;787
7;2025-12-18;7;1761
7;2025-12-18;8;2673
7;2025-12-18;9;2049
7;2025-12-18;10;1719
7;2025-12-18;11;1503
7;2025-12-18;12;1587
7;2025-12-18;13;1565
7;2025-12-18;14;1676
7;2025-12-18;15;1829
7;2025-12-18;16;1958
7;2025-12-18;17;2515
7;2025-12-18;18;2778
7;2025-12-18;19;1874
7;2025-12-18;20;1121
7;2025-12-18;21;662
7;2025-12-18;22;315
7;2025-12-18;23;187
7;2025-12-19;0;66
7;2025-12-19;1;12
7;2025-12-19;2;0
7;2025-12-19;3;0
7;2025-12-19;4;1
7;2025-12-19;5;195
7;2025-12-19;6;717
7;2025-12-19;7;1645
7;2025-12-19;8;2399
7;2025-12-19;9;1876
7;2025-12-19;10;1672
7;2025-12-19;11;1575
7;2025-12-19;12;1611
7;2025-12-19;13;1717
7;2025-12-19;14;1789
7;2025-12-19;15;1894
7;2025-12-19;16;2238
7;2025-12-19;17;2404
7;2025-12-19;18;2183
7;2025-12-19;19;1604
7;2025-12-19;20;1049
7;2025-12-19;21;646
7;2025-12-19;22;349
7;2025-12-19;23;226
7;2025-12-20;0;99
7;2025-12-20;1;29
7;2025-12-20;2;0
7;2025-12-20;3;0
7;2025-12-20;4;1
7;2025-12-20;5;54
7;2025-12-20;6;343
7;2025-12-20;7;517
7;2025-12-20;8;846
7;2025-12-20;9;1024
7;2025-12-20;10;1071
7;2025-12-20;11;1357
7;2025-12-20;12;1536
7;2025-12-20;13;1502
7;2025-12-20;14;1607
7;2025-12-20;15;1432
7;2025-12-20;16;1405
7;2025-12-20;17;1338
7;2025-12-20;18;1255
7;2025-12-20;19;1194
7;2025-12-20;20;943
7;2025-12-20;21;707
7;2025-12-20;22;375
7;2025-12-20;23;242
7;2025-12-21;0;107
7;2025-12-21;1;24
7;2025-12-21;2;0
7;2025-12-21;3;0
7;2025-12-21;4;0
7;2025-12-21;5;44
7;2025-12-21;6;243
7;2025-12-21;7;343
7;2025-12-21;8;567
7;2025-12-21;9;710
7;2025-12-21;10;842
7;2025-12-21;11;1110
7;2025-12-21;12;1226
7;2025-12-21;13;1294
7;2025-12-21;14;1355
7;2025-12-21;15;1292
7;2025-12-21;16;1211
7;2025-12-21;17;1217
7;2025-12-21;18;1018
7;2025-12-21;19;856
7;2025-12-21;20;750
7;2025-12-21;21;569
7;2025-12-21;22;318
7;2025-12-21;23;175
7;2025-12-22;0;60
7;2025-12-22;1;12
7;2025-12-22;2;0
7;2025-12-22;3;0
7;2025-12-22;4;1
7;2025-12-22;5;202
7;2025-12-22;6;766
7;2025-12-22;7;1714
7;2025-12-22;8;2601
7;2025-12-22;9;1994
7;2025-12-22;10;1673
7;2025-12-22;11;1463
7;2025-12-22;12;1545
7;2025-12-22;13;1523
7;2025-12-22;14;1631
7;2025-12-22;15;1780
7;2025-12-22;16;1905
7;2025-12-22;17;2447
7;2025-12-22;18;2704
7;2025-12-22;19;1824
7;2025-12-22;20;1091
7;2025-12-22;21;644
7;2025-12-22;22;307
7;2025-12-22;23;182
7;2025-12-23;0;61
7;2025-12-23;1;12
7;2025-12-23;2;0
7;2025-12-23;3;0
7;2025-12-23;4;1
7;2025-12-23;5;208
7;2025-12-23;6;787
7;2025-12-23;7;1761
7;2025-12-23;8;2673
7;2025-12-23;9;2049
7;2025-12-23;10;1719
7;2025-12-23;11;1503
7;2025-12-23;12;1587
7;2025-12-23;13;1565
7;2025-12-23;14;1676
7;2025-12-23;15;1829
7;2025-12-23;16;1958
7;2025-12-23;17;2515
7;2025-12-23;18;2778
7;2025-12-23;19;1874
7;2025-12-23;20;1121
7;2025-12-23;21;662
7;2025-12-23;22;315
7;2025-12-23;23;187
7;2025-12-24;0;61
7;2025-12-24;1;12
7;2025-12-24;2;0
7;2025-12-24;3;0
7;2025-12-24;4;1
7;2025-12-24;5;208
7;2025-12-24;6;787
7;2025-12-24;7;1761
7;2025-12-24;8;2673
7;2025-12-24;9;2049
7;2025-12-24;10;1719
7;2025-12-24;11;1503
7;2025-12-24;12;1587
7;2025-12-24;13;1565
7;2025-12-24;14;1676
7;2025-12-24;15;1829
7;2025-12-24;16;1958
7;2025-12-24;17;2515
7;2025-12-24;18;2778
7;2025-12-24;19;1874
7;2025-12-24;20;1121
7;2025-12-24;21;662
7;2025-12-24;22;315
7;2025-12-24;23;187
7;2025-12-25;0;61
7;2025-12-25;1;12
7;2025-12-25;2;0
7;2025-12-25;3;0
7;2025-12-25;4;1
7;2025-12-25;5;208
7;2025-12-25;6;787
7;2025-12-25;7;1761
7;2025-12-25;8;2673
7;2025-12-25;9;2049
7;2025-12-25;10;1719
7;2025-12-25;11;1503
7;2025-12-25;12;1587
7;2025-12-25;13;1565
7;2025-12-25;14;1676
7;2025-12-25;15;1829
7;2025-12-25;16;1958
7;2025-12-25;17;2515
7;2025-12-25;18;2778
7;2025-12-25;19;1874
7;2025-12-25;20;1121
7;2025-12-25;21;662
7;2025-12-25;22;315
7;2025-12-25;23;187
7;2025-12-26;0;66
7;2025-12-26;1;12
7;2025-12-26;2;0
7;2025-12-26;3;0
7;2025-12-26;4;1
7;2025-12-26;5;195
7;2025-12-26;6;717
7;2025-12-26;7;1645
7;2025-12-26;8;2399
7;2025-12-26;9;1876
7;2025-12-26;10;1672
7;2025-12-26;11;1575
7;2025-12-26;12;1611
7;2025-12-26;13;1717
7;2025-12-26;14;1789
7;2025-12-26;15;1894
7;2025-12-26;16;2238
7;2025-12-26;17;2404
7;2025-12-26;18;2183
7;2025-12-26;19;1604
7;2025-12-26;20;1049
7;2025-12-26;21;646
7;2025-12-26;22;349
7;2025-12-26;23;226
7;2025-12-27;0;99
7;2025-12-27;1;29
7;2025-12-27;2;0
7;2025-12-27;3;0
7;2025-12-27;4;1
7;2025-12-27;5;54
7;2025-12-27;6;343
7;2025-12-27;7;517
7;2025-12-27;8;846
7;2025-12-27;9;1024
7;2025-12-27;10;1071
7;2025-12-27;11;1357
7;2025-12-27;12;1536
7;2025-12-27;13;1502
7;2025-12-27;14;1607
7;2025-12-27;15;1432
7;2025-12-27;16;1405
7;2025-12-27;17;1338
7;2025-12-27;18;1255
7;2025-12-27;19;1194
7;2025-12-27;20;943
7;2025-12-27;21;707
7;2025-12-27;22;375
7;2025-12-27;23;242
7;2025-12-28;0;107
7;2025-12-28;1;24
7;2025-12-28;2;0
7;2025-12-28;3;0
7;2025-12-28;4;0
7;2025-12-28;5;44
7;2025-12-28;6;243
7;2025-12-28;7;343
7;2025-12-28;8;567
7;2025-12-28;9;710
7;2025-12-28;10;842
7;2025-12-28;11;1110
7;2025-12-28;12;1226
7;2025-12-28;13;1294
7;2025-12-28;14;1355
7;2025-12-28;15;1292
7;2025-12-28;16;1211
7;2025-12-28;17;1217
7;2025-12-28;18;1018
7;2025-12-28;19;856
7;2025-12-28;20;750
7;2025-12-28;21;569
7;2025-12-28;22;318
7;2025-12-28;23;175
7;2025-12-29;0;54
7;2025-12-29;1;10
7;2025-12-29;2;0
7;2025-12-29;3;0
7;2025-12-29;4;1
7;2025-12-29;5;182
7;2025-12-29;6;689
7;2025-12-29;7;1543
7;2025-12-29;8;2341
7;2025-12-29;9;1795
7;2025-12-29;10;1505
7;2025-12-29;11;1317
7;2025-12-29;12;1390
7;2025-12-29;13;1371
7;2025-12-29;14;1468
7;2025-12-29;15;1602
7;2025-12-29;16;1715
7;2025-12-29;17;2203
7;2025-12-29;18;2433
7;2025-12-29;19;1641
7;2025-12-29;20;982
7;2025-12-29;21;579
7;2025-12-29;22;276
7;2025-12-29;23;164
7;2025-12-30;0;52
7;2025-12-30;1;10
7;2025-12-30;2;0
7;2025-12-30;3;0
7;2025-12-30;4;1
7;2025-12-30;5;177
7;2025-12-30;6;669
7;2025-12-30;7;1497
7;2025-12-30;8;2272
7;2025-12-30;9;1742
7;2025-12-30;10;1461
7;2025-12-30;11;1278
7;2025-12-30;12;1349
7;2025-12-30;13;1330
7;2025-12-30;14;1425
7;2025-12-30;15;1555
7;2025-12-30;16;1664
7;2025-12-30;17;2138
7;2025-12-30;18;2362
7;2025-12-30;19;1593
7;2025-12-30;20;953
7;2025-12-30;21;562
7;2025-12-30;22;268
7;2025-12-30;23;159
7;2025-12-31;0;84
7;2025-12-31;1;25
7;2025-12-31;2;0
7;2025-12-31;3;0
7;2025-12-31;4;1
7;2025-12-31;5;46
7;2025-12-31;6;291
7;2025-12-31;7;440
7;2025-12-31;8;719
7;2025-12-31;9;870
7;2025-12-31;10;910
7;2025-12-31;11;1153
7;2025-12-31;12;1306
7;2025-12-31;13;1277
7;2025-12-31;14;1366
7;2025-12-31;15;1217
7;2025-12-31;16;1195
7;2025-12-31;17;1138
7;2025-12-31;18;1066
7;2025-12-31;19;1015
7;2025-12-31;20;801
7;2025-12-31;21;601
7;2025-12-31;22;319
7;2025-12-31;23;206
11;2025-11-01;0;108
11;2025-11-01;1;0
11;2025-11-01;2;0
11;2025-11-01;3;0
11;2025-11-01;4;2
11;2025-11-01;5;227
11;2025-11-01;6;1030
11;2025-11-01;7;1854
11;2025-11-01;8;2466
11;2025-11-01;9;1839
11;2025-11-01;10;1470
11;2025-11-01;11;1423
11;2025-11-01;12;1483
11;2025-11-01;13;1535
11;2025-11-01;14;1632
11;2025-11-01;15;1718
11;2025-11-01;16;1915
11;2025-11-01;17;2310
11;2025-11-01;18;1981
11;2025-11-01;19;1536
11;2025-11-01;20;1080
11;2025-11-01;21;678
11;2025-11-01;22;338
11;2025-11-01;23;240
11;2025-11-02;0;112
11;2025-11-02;1;14
11;2025-11-02;2;0
11;2025-11-02;3;0
11;2025-11-02;4;2
11;2025-11-02;5;120
11;2025-11-02;6;486
11;2025-11-02;7;513
11;2025-11-02;8;687
11;2025-11-02;9;953
11;2025-11-02;10;1057
11;2025-11-02;11;1536
11;2025-11-02;12;1663
11;2025-11-02;13;1597
11;2025-11-02;14;1718
11;2025-11-02;15;1699
11;2025-11-02;16;1617
11;2025-11-02;17;1717
11;2025-11-02;18;1301
11;2025-11-02;19;1065
11;2025-11-02;20;841
11;2025-11-02;21;628
11;2025-11-02;22;356
11;2025-11-02;23;254
11;2025-11-03;0;98
11;2025-11-03;1;8
11;2025-11-03;2;0
11;2025-11-03;3;0
11;2025-11-03;4;2
11;2025-11-03;5;129
11;2025-11-03;6;534
11;2025-11-03;7;539
11;2025-11-03;8;725
11;2025-11-03;9;916
11;2025-11-03;10;1032
11;2025-11-03;11;1421
11;2025-11-03;12;1553
11;2025-11-03;13;1478
11;2025-11-03;14;1603
11;2025-11-03;15;1549
11;2025-11-03;16;1505
11;2025-11-03;17;1561
11;2025-11-03;18;1234
11;2025-11-03;19;1069
11;2025-11-03;20;812
11;2025-11-03;21;594
11;2025-11-03;22;340
11;2025-11-03;23;238
11;2025-11-04;0;98
11;2025-11-04;1;8
11;2025-11-04;2;0
11;2025-11-04;3;0
11;2025-11-04;4;2
11;2025-11-04;5;129
11;2025-11-04;6;534
11;2025-11-04;7;539
11;2025-11-04;8;725
11;2025-11-04;9;916
11;2025-11-04;10;1032
11;2025-11-04;11;1421
11;2025-11-04;12;1553
11;2025-11-04;13;1478
11;2025-11-04;14;1603
11;2025-11-04;15;1549
11;2025-11-04;16;1505
11;2025-11-04;17;1561
11;2025-11-04;18;1234
11;2025-11-04;19;1069
11;2025-11-04;20;812
11;2025-11-04;21;594
11;2025-11-04;22;340
11;2025-11-04;23;238
11;2025-11-05;0;67
11;2025-11-05;1;3
11;2025-11-05;2;0
11;2025-11-05;3;0
11;2025-11-05;4;3
11;2025-11-05;5;293
11;2025-11-05;6;1333
11;2025-11-05;7;2490
11;2025-11-05;8;3261
11;2025-11-05;9;2515
11;2025-11-05;10;1966
11;2025-11-05;11;1904
11;2025-11-05;12;1927
11;2025-11-05;13;2110
11;2025-11-05;14;2065
11;2025-11-05;15;2114
11;2025-11-05;16;2324
11;2025-11-05;17;2884
11;2025-11-05;18;3218
11;2025-11-05;19;2297
11;2025-11-05;20;1460
11;2025-11-05;21;877
11;2025-11-05;22;425
11;2025-11-05;23;226
11;2025-11-06;0;67
11;2025-11-06;1;3
11;2025-11-06;2;0
11;2025-11-06;3;0
11;2025-11-06;4;3
11;2025-11-06;5;293
11;2025-11-06;6;1333
11;2025-11-06;7;2490
11;2025-11-06;8;3261
11;2025-11-06;9;2515
11;2025-11-06;10;1966
11;2025-11-06;11;1904
11;2025-11-06;12;1927
11;2025-11-06;13;2110
11;2025-11-06;14;2065
11;2025-11-06;15;2114
11;2025-11-06;16;2324
11;2025-11-06;17;2884
11;2025-11-06;18;3218
11;2025-11-06;19;2297
11;2025-11-06;20;1460
11;2025-11-06;21;877
11;2025-11-06;22;425
11;2025-11-06;23;226
11;2025-11-07;0;80
11;2025-11-07;1;3
11;2025-11-07;2;0
11;2025-11-07;3;0
11;2025-11-07;4;3
11;2025-11-07;5;293
11;2025-11-07;6;1326
11;2025-11-07;7;2388
11;2025-11-07;8;3177
11;2025-11-07;9;2369
11;2025-11-07;10;1894
11;2025-11-07;11;1833
11;2025-11-07;12;1910
11;2025-11-07;13;1977
11;2025-11-07;14;2102
11;2025-11-07;15;2214
11;2025-11-07;16;2467
11;2025-11-07;17;2976
11;2025-11-07;18;2552
11;2025-11-07;19;1979
11;2025-11-07;20;1391
11;2025-11-07;21;873
11;2025-11-07;22;436
11;2025-11-07;23;310
11;2025-11-08;0;114
11;2025-11-08;1;3
11;2025-11-08;2;0
11;2025-11-08;3;0
11;2025-11-08;4;3
11;2025-11-08;5;183
11;2025-11-08;6;772
11;2025-11-08;7;754
11;2025-11-08;8;1017
11;2025-11-08;9;1182
11;2025-11-08;10;1351
11;2025-11-08;11;1763
11;2025-11-08;12;1948
11;2025-11-08;13;1834
11;2025-11-08;14;2007
11;2025-11-08;15;1893
11;2025-11-08;16;1880
11;2025-11-08;17;1900
11;2025-11-08;18;1571
11;2025-11-08;19;1436
11;2025-11-08;20;1053
11;2025-11-08;21;755
11;2025-11-08;22;436
11;2025-11-08;23;299
11;2025-11-09;0;112
11;2025-11-09;1;14
11;2025-11-09;2;0
11;2025-11-09;3;0
11;2025-11-09;4;2
11;2025-11-09;5;120
11;2025-11-09;6;486
11;2025-11-09;7;513
11;2025-11-09;8;687
11;2025-11-09;9;953
11;2025-11-09;10;1057
11;2025-11-09;11;1536
11;2025-11-09;12;1663
11;2025-11-09;13;1597
11;2025-11-09;14;1718
11;2025-11-09;15;1699
11;2025-11-09;16;1617
11;2025-11-09;17;1717
11;2025-11-09;18;1301
11;2025-11-09;19;1065
11;2025-11-09;20;841
11;2025-11-09;21;628
11;2025-11-09;22;356
11;2025-11-09;23;254
11;2025-11-10;0;65
11;2025-11-10;1;3
11;2025-11-10;2;0
11;2025-11-10;3;0
11;2025-11-10;4;3
11;2025-11-10;5;285
11;2025-11-10;6;1297
11;2025-11-10;7;2423
11;2025-11-10;8;3174
11;2025-11-10;9;2448
11;2025-11-10;10;1913
11;2025-11-10;11;1853
11;2025-11-10;12;1875
11;2025-11-10;13;2054
11;2025-11-10;14;2009
11;2025-11-10;15;2057
11;2025-11-10;16;2262
11;2025-11-10;17;2806
11;2025-11-10;18;3132
11;2025-11-10;19;2235
11;2025-11-10;20;1420
11;2025-11-10;21;854
11;2025-11-10;22;414
11;2025-11-10;23;220
11;2025-11-11;0;67
11;2025-11-11;1;3
11;2025-11-11;2;0
11;2025-11-11;3;0
11;2025-11-11;4;3
11;2025-11-11;5;293
11;2025-11-11;6;1333
11;2025-11-11;7;2490
11;2025-11-11;8;3261
11;2025-11-11;9;2515
11;2025-11-11;10;1966
11;2025-11-11;11;1904
11;2025-11-11;12;1927
11;2025-11-11;13;2110
11;2025-11-11;14;2065
11;2025-11-11;15;2114
11;2025-11-11;16;2324
11;2025-11-11;17;2884
11;2025-11-11;18;3218
11;2025-11-11;19;2297
11;2025-11-11;20;1460
11;2025-11-11;21;877
11;2025-11-11;22;425
11;2025-11-11;23;226
11;2025-11-12;0;67
11;2025-11-12;1;3
11;2025-11-12;2;0
11;2025-11-12;3;0
11;2025-11-12;4;3
11;2025-11-12;5;293
11;2025-11-12;6;1333
11;2025-11-12;7;2490
11;2025-11-12;8;3261
11;2025-11-12;9;2515
11;2025-11-12;10;1966
11;2025-11-12;11;1904
11;2025-11-12;12;1927
11;2025-11-12;13;2110
11;2025-11-12;14;2065
11;2025-11-12;15;2114
11;2025-11-12;16;2324
11;2025-11-12;17;2884
11;2025-11-12;18;3218
11;2025-11-12;19;2297
11;2025-11-12;20;1460
11;2025-11-12;21;877
11;2025-11-12;22;425
11;2025-11-12;23;226
11;2025-11-13;0;67
11;2025-11-13;1;3
11;2025-11-13;2;0
11;2025-11-13;3;0
11;2025-11-13;4;3
11;2025-11-13;5;293
11;2025-11-13;6;1333
11;2025-11-13;7;2490
11;2025-11-13;8;3261
11;2025-11-13;9;2515
11;2025-11-13;10;1966
11;2025-11-13;11;1904
11;2025-11-13;12;1927
11;2025-11-13;13;2110
11;2025-11-13;14;2065
11;2025-11-13;15;2114
11;2025-11-13;16;2324
11;2025-11-13;17;2884
11;2025-11-13;18;3218
11;2025-11-13;19;2297
11;2025-11-13;20;1460
11;2025-11-13;21;877
11;2025-11-13;22;425
11;2025-11-13;23;226
11;2025-11-14;0;80
11;2025-11-14;1;3
11;2025-11-14;2;0
11;2025-11-14;3;0
11;2025-11-14;4;3
11;2025-11-14;5;293
11;2025-11-14;6;1326
11;2025-11-14;7;2388
11;2025-11-14;8;3177
11;2025-11-14;9;2369
11;2025-11-14;10;1894
11;2025-11-14;11;1833
11;2025-11-14;12;1910
11;2025-11-14;13;1977
11;2025-11-14;14;2102
11;2025-11-14;15;2214
11;2025-11-14;16;2467
11;2025-11-14;17;2976
11;2025-11-14;18;2552
11;2025-11-14;19;1979
11;2025-11-14;20;1391
11;2025-11-14;21;873
11;2025-11-14;22;436
11;2025-11-14;23;310
11;2025-11-15;0;114
11;2025-11-15;1;3
11;2025-11-15;2;0
11;2025-11-15;3;0
11;2025-11-15;4;3
11;2025-11-15;5;183
11;2025-11-15;6;772
11;2025-11-15;7;754
11;2025-11-15;8;1017
11;2025-11-15;9;1182
11;2025-11-15;10;1351
11;2025-11-15;11;1763
11;2025-11-15;12;1948
11;2025-11-15;13;1834
11;2025-11-15;14;2007
11;2025-11-15;15;1893
11;2025-11-15;16;1880
11;2025-11-15;17;1900
11;2025-11-15;18;1571
11;2025-11-15;19;1436
11;2025-11-15;20;1053
11;2025-11-15;21;755
11;2025-11-15;22;436
11;2025-11-15;23;299
11;2025-11-16;0;112
11;2025-11-16;1;14
11;2025-11-16;2;0
11;2025-11-16;3;0
11;2025-11-16;4;2
11;2025-11-16;5;120
11;2025-11-16;6;486
11;2025-11-16;7;513
11;2025-11-16;8;687
11;2025-11-16;9;953
11;2025-11-16;10;1057
11;2025-11-16;11;1536
11;2025-11-16;12;1663
11;2025-11-16;13;1597
11;2025-11-16;14;1718
11;2025-11-16;15;1699
11;2025-11-16;16;1617
11;2025-11-16;17;1717
11;2025-11-16;18;1301
11;2025-11-16;19;1065
11;2025-11-16;20;841
11;2025-11-16;21;628
11;2025-11-16;22;356
11;2025-11-16;23;254
11;2025-11-17;0;65
11;2025-11-17;1;3
11;2025-11-17;2;0
11;2025-11-17;3;0
11;2025-11-17;4;3
11;2025-11-17;5;285
11;2025-11-17;6;1297
11;2025-11-17;7;2423
11;2025-11-17;8;3174
11;2025-11-17;9;2448
11;2025-11-17;10;1913
11;2025-11-17;11;1853
11;2025-11-17;12;1875
11;2025-11-17;13;2054
11;2025-11-17;14;2009
11;2025-11-17;15;2057
11;2025-11-17;16;2262
11;2025-11-17;17;2806
11;2025-11-17;18;3132
11;2025-11-17;19;2235
11;2025-11-17;20;1420
11;2025-11-17;21;854
11;2025-11-17;22;414
11;2025-11-17;23;220
11;2025-11-18;0;67
11;2025-11-18;1;3
11;2025-11-18;2;0
11;2025-11-18;3;0
11;2025-11-18;4;3
11;2025-11-18;5;293
11;2025-11-18;6;1333
11;2025-11-18;7;2490
11;2025-11-18;8;3261
11;2025-11-18;9;2515
11;2025-11-18;10;1966
11;2025-11-18;11;1904
11;2025-11-18;12;1927
11;2025-11-18;13;2110
11;2025-11-18;14;2065
11;2025-11-18;15;2114
11;2025-11-18;16;2324
11;2025-11-18;17;2884
11;2025-11-18;18;3218
11;2025-11-18;19;2297
11;2025-11-18;20;1460
11;2025-11-18;21;877
11;2025-11-18;22;425
11;2025-11-18;23;226
11;2025-11-19;0;67
11;2025-11-19;1;3
11;2025-11-19;2;0
11;2025-11-19;3;0
11;2025-11-19;4;3
11;2025-11-19;5;293
11;2025-11-19;6;1333
11;2025-11-19;7;2490
11;2025-11-19;8;3261
11;2025-11-19;9;2515
11;2025-11-19;10;1966
11;2025-11-19;11;1904
11;2025-11-19;12;1927
11;2025-11-19;13;2110
11;2025-11-19;14;2065
11;2025-11-19;15;2114
11;2025-11-19;16;2324
11;2025-11-19;17;2884
11;2025-11-19;18;3218
11;2025-11-19;19;2297
11;2025-11-19;20;1460
11;2025-11-19;21;877
11;2025-11-19;22;425
11;2025-11-19;23;226
11;2025-11-20;0;67
11;2025-11-20;1;3
11;2025-11-20;2;0
11;2025-11-20;3;0
11;2025-11-20;4;3
11;2025-11-20;5;293
11;2025-11-20;6;1333
11;2025-11-20;7;2490
11;2025-11-20;8;3261
11;2025-11-20;9;2515
11;2025-11-20;10;1966
11;2025-11-20;11;1904
11;2025-11-20;12;1927
11;2025-11-20;13;2110
11;2025-11-20;14;2065
11;2025-11-20;15;2114
11;2025-11-20;16;2324
11;2025-11-20;17;2884
11;2025-11-20;18;3218
11;2025-11-20;19;2297
11;2025-11-20;20;1460
11;2025-11-20;21;877
11;2025-11-20;22;425
11;2025-11-20;23;226
11;2025-11-21;0;80
11;2025-11-21;1;3
11;2025-11-21;2;0
11;2025-11-21;3;0
11;2025-11-21;4;3
11;2025-11-21;5;293
11;2025-11-21;6;1326
11;2025-11-21;7;2388
11;2025-11-21;8;3177
11;2025-11-21;9;2369
11;2025-11-21;10;1894
11;2025-11-21;11;1833
11;2025-11-21;12;1910
11;2025-11-21;13;1977
11;2025-11-21;14;2102
11;2025-11-21;15;2214
11;2025-11-21;16;2467
11;2025-11-21;17;2976
11;2025-11-21;18;2552
11;2025-11-21;19;1979
11;2025-11-21;20;1391
11;2025-11-21;21;873
11;2025-11-21;22;436
11;2025-11-21;23;310
11;2025-11-22;0;114
11;2025-11-22;1;3
11;2025-11-22;2;0
11;2025-11-22;3;0
11;2025-11-22;4;3
11;2025-11-22;5;183
11;2025-11-22;6;772
11;2025-11-22;7;754
11;2025-11-22;8;1017
11;2025-11-22;9;1182
11;2025-11-22;10;1351
11;2025-11-22;11;1763
11;2025-11-22;12;1948
11;2025-11-22;13;1834
11;2025-11-22;14;2007
11;2025-11-22;15;1893
11;2025-11-22;16;1880
11;2025-11-22;17;1900
11;2025-11-22;18;1571
11;2025-11-22;19;1436
11;2025-11-22;20;1053
11;2025-11-22;21;755
11;2025-11-22;22;436
11;2025-11-22;23;299
11;2025-11-23;0;112
11;2025-11-23;1;14
11;2025-11-23;2;0
11;2025-11-23;3;0
11;2025-11-23;4;2
11;2025-11-23;5;120
11;2025-11-23;6;486
11;2025-11-23;7;513
11;2025-11-23;8;687
11;2025-11-23;9;953
11;2025-11-23;10;1057
11;2025-11-23;11;1536
11;2025-11-23;12;1663
11;2025-11-23;13;1597
11;2025-11-23;14;1718
11;2025-11-23;15;1699
11;2025-11-23;16;1617
11;2025-11-23;17;1717
11;2025-11-23;18;1301
11;2025-11-23;19;1065
11;2025-11-23;20;841
11;2025-11-23;21;628
11;2025-11-23;22;356
11;2025-11-23;23;254
11;2025-11-24;0;65
11;2025-11-24;1;3
11;2025-11-24;2;0
11;2025-11-24;3;0
11;2025-11-24;4;3
11;2025-11-24;5;285
11;2025-11-24;6;1297
11;2025-11-24;7;2423
11;2025-11-24;8;3174
11;2025-11-24;9;2448
11;2025-11-24;10;1913
11;2025-11-24;11;1853
11;2025-11-24;12;1875
11;2025-11-24;13;2054
11;2025-11-24;14;2009
11;2025-11-24;15;2057
11;2025-11-24;16;2262
11;2025-11-24;17;2806
11;2025-11-24;18;3132
11;2025-11-24;19;2235
11;2025-11-24;20;1420
11;2025-11-24;21;854
11;2025-11-24;22;414
11;2025-11-24;23;220
11;2025-11-25;0;67
11;2025-11-25;1;3
11;2025-11-25;2;0
11;2025-11-25;3;0
11;2025-11-25;4;3
11;2025-11-25;5;293
11;2025-11-25;6;1333
11;2025-11-25;7;2490
11;2025-11-25;8;3261
11;2025-11-25;9;2515
11;2025-11-25;10;1966
11;2025-11-25;11;1904
11;2025-11-25;12;1927
11;2025-11-25;13;2110
11;2025-11-25;14;2065
11;2025-11-25;15;2114
11;2025-11-25;16;2324
11;2025-11-25;17;2884
11;2025-11-25;18;3218
11;2025-11-25;19;2297
11;2025-11-25;20;1460
11;2025-11-25;21;877
11;2025-11-25;22;425
11;2025-11-25;23;226
11;2025-11-26;0;67
11;2025-11-26;1;3
11;2025-11-26;2;0
11;2025-11-26;3;0
11;2025-11-26;4;3
11;2025-11-26;5;293
11;2025-11-26;6;1333
11;2025-11-26;7;2490
11;2025-11-26;8;3261
11;2025-11-26;9;2515
11;2025-11-26;10;1966
11;2025-11-26;11;1904
11;2025-11-26;12;1927
11;2025-11-26;13;2110
11;2025-11-26;14;2065
11;2025-11-26;15;2114
11;2025-11-26;16;2324
11;2025-11-26;17;2884
11;2025-11-26;18;3218
11;2025-11-26;19;2297
11;2025-11-26;20;1460
11;2025-11-26;21;877
11;2025-11-26;22;425
11;2025-11-26;23;226
11;2025-11-27;0;67
11;2025-11-27;1;3
11;2025-11-27;2;0
11;2025-11-27;3;0
11;2025-11-27;4;3
11;2025-11-27;5;293
11;2025-11-27;6;1333
11;2025-11-27;7;2490
11;2025-11-27;8;3261
11;2025-11-27;9;2515
11;2025-11-27;10;1966
11;2025-11-27;11;1904
11;2025-11-27;12;1927
11;2025-11-27;13;2110
11;2025-11-27;14;2065
11;2025-11-27;15;2114
11;2025-11-27;16;2324
11;2025-11-27;17;2884
11;2025-11-27;18;3218
11;2025-11-27;19;2297
11;2025-11-27;20;1460
11;2025-11-27;21;877
11;2025-11-27;22;425
11;2025-11-27;23;226
11;2025-11-28;0;80
11;2025-11-28;1;3
11;2025-11-28;2;0
11;2025-11-28;3;0
11;2025-11-28;4;3
11;2025-11-28;5;293
11;2025-11-28;6;1326
11;2025-11-28;7;2388
11;2025-11-28;8;3177
11;2025-11-28;9;2369
11;2025-11-28;10;1894
11;2025-11-28;11;1833
11;2025-11-28;12;1910
11;2025-11-28;13;1977
11;2025-11-28;14;2102
11;2025-11-28;15;2214
11;2025-11-28;16;2467
11;2025-11-28;17;2976
11;2025-11-28;18;2552
11;2025-11-28;19;1979
11;2025-11-28;20;1391
11;2025-11-28;21;873
11;2025-11-28;22;436
11;2025-11-28;23;310
11;2025-11-29;0;114
11;2025-11-29;1;3
11;2025-11-29;2;0
11;2025-11-29;3;0
11;2025-11-29;4;3
11;2025-11-29;5;183
11;2025-11-29;6;772
11;2025-11-29;7;754
11;2025-11-29;8;1017
11;2025-11-29;9;1182
11;2025-11-29;10;1351
11;2025-11-29;11;1763
11;2025-11-29;12;1948
11;2025-11-29;13;1834
11;2025-11-29;14;2007
11;2025-11-29;15;1893
11;2025-11-29;16;1880
11;2025-11-29;17;1900
11;2025-11-29;18;1571
11;2025-11-29;19;1436
11;2025-11-29;20;1053
11;2025-11-29;21;755
11;2025-11-29;22;436
11;2025-11-29;23;299
11;2025-11-30;0;112
11;2025-11-30;1;14
11;2025-11-30;2;0
11;2025-11-30;3;0
11;2025-11-30;4;2
11;2025-11-30;5;120
11;2025-11-30;6;486
11;2025-11-30;7;513
11;2025-11-30;8;687
11;2025-11-30;9;953
11;2025-11-30;10;1057
11;2025-11-30;11;1536
11;2025-11-30;12;1663
11;2025-11-30;13;1597
11;2025-11-30;14;1718
11;2025-11-30;15;1699
11;2025-11-30;16;1617
11;2025-11-30;17;1717
11;2025-11-30;18;1301
11;2025-11-30;19;1065
11;2025-11-30;20;841
11;2025-11-30;21;628
11;2025-11-30;22;356
11;2025-11-30;23;254
11;2025-12-01;0;66
11;2025-12-01;1;3
11;2025-12-01;2;0
11;2025-12-01;3;0
11;2025-12-01;4;4
11;2025-12-01;5;293
11;2025-12-01;6;1293
11;2025-12-01;7;2411
11;2025-12-01;8;3161
11;2025-12-01;9;2449
11;2025-12-01;10;1890
11;2025-12-01;11;1843
11;2025-12-01;12;1860
11;2025-12-01;13;2049
11;2025-12-01;14;2001
11;2025-12-01;15;2078
11;2025-12-01;16;2276
11;2025-12-01;17;2815
11;2025-12-01;18;3140
11;2025-12-01;19;2239
11;2025-12-01;20;1428
11;2025-12-01;21;864
11;2025-12-01;22;423
11;2025-12-01;23;216
11;2025-12-02;0;68
11;2025-12-02;1;3
11;2025-12-02;2;0
11;2025-12-02;3;0
11;2025-12-02;4;4
11;2025-12-02;5;301
11;2025-12-02;6;1328
11;2025-12-02;7;2477
11;2025-12-02;8;3248
11;2025-12-02;9;2517
11;2025-12-02;10;1942
11;2025-12-02;11;1894
11;2025-12-02;12;1911
11;2025-12-02;13;2106
11;2025-12-02;14;2056
11;2025-12-02;15;2136
11;2025-12-02;16;2339
11;2025-12-02;17;2893
11;2025-12-02;18;3227
11;2025-12-02;19;2301
11;2025-12-02;20;1468
11;2025-12-02;21;888
11;2025-12-02;22;434
11;2025-12-02;23;222
11;2025-12-03;0;68
11;2025-12-03;1;3
11;2025-12-03;2;0
11;2025-12-03;3;0
11;2025-12-03;4;4
11;2025-12-03;5;301
11;2025-12-03;6;1328
11;2025-12-03;7;2477
11;2025-12-03;8;3248
11;2025-12-03;9;2517
11;2025-12-03;10;1942
11;2025-12-03;11;1894
11;2025-12-03;12;1911
11;2025-12-03;13;2106
11;2025-12-03;14;2056
11;2025-12-03;15;2136
11;2025-12-03;16;2339
11;2025-12-03;17;2893
11;2025-12-03;18;3227
11;2025-12-03;19;2301
11;2025-12-03;20;1468
11;2025-12-03;21;888
11;2025-12-03;22;434
11;2025-12-03;23;222
11;2025-12-04;0;68
11;2025-12-04;1;3
11;2025-12-04;2;0
11;2025-12-04;3;0
11;2025-12-04;4;4
11;2025-12-04;5;301
11;2025-12-04;6;1328
11;2025-12-04;7;2477
11;2025-12-04;8;3248
11;2025-12-04;9;2517
11;2025-12-04;10;1942
11;2025-12-04;11;1894
11;2025-12-04;12;1911
11;2025-12-04;13;2106
11;2025-12-04;14;2056
11;2025-12-04;15;2136
11;2025-12-04;16;2339
11;2025-12-04;17;2893
11;2025-12-04;18;3227
11;2025-12-04;19;2301
11;2025-12-04;20;1468
11;2025-12-04;21;888
11;2025-12-04;22;434
11;2025-12-04;23;222
11;2025-12-05;0;81
11;2025-12-05;1;4
11;2025-12-05;2;0
11;2025-12-05;3;0
11;2025-12-05;4;3
11;2025-12-05;5;298
11;2025-12-05;6;1322
11;2025-12-05;7;2362
11;2025-12-05;8;3129
11;2025-12-05;9;2382
11;2025-12-05;10;1890
11;2025-12-05;11;1837
11;2025-12-05;12;1899
11;2025-12-05;13;1986
11;2025-12-05;14;2092
11;2025-12-05;15;2229
11;2025-12-05;16;2486
11;2025-12-05;17;2971
11;2025-12-05;18;2561
11;2025-12-05;19;1998
11;2025-12-05;20;1396
11;2025-12-05;21;878
11;2025-12-05;22;446
11;2025-12-05;23;302
11;2025-12-06;0;114
11;2025-12-06;1;3
11;2025-12-06;2;0
11;2025-12-06;3;0
11;2025-12-06;4;3
11;2025-12-06;5;184
11;2025-12-06;6;751
11;2025-12-06;7;745
11;2025-12-06;8;1001
11;2025-12-06;9;1173
11;2025-12-06;10;1328
11;2025-12-06;11;1753
11;2025-12-06;12;1925
11;2025-12-06;13;1817
11;2025-12-06;14;1975
11;2025-12-06;15;1869
11;2025-12-06;16;1878
11;2025-12-06;17;1880
11;2025-12-06;18;1567
11;2025-12-06;19;1415
11;2025-12-06;20;1056
11;2025-12-06;21;755
11;2025-12-06;22;436
11;2025-12-06;23;300
11;2025-12-07;0;110
11;2025-12-07;1;14
11;2025-12-07;2;0
11;2025-12-07;3;0
11;2025-12-07;4;2
11;2025-12-07;5;120
11;2025-12-07;6;474
11;2025-12-07;7;508
11;2025-12-07;8;674
11;2025-12-07;9;938
11;2025-12-07;10;1041
11;2025-12-07;11;1510
11;2025-12-07;12;1645
11;2025-12-07;13;1578
11;2025-12-07;14;1699
11;2025-12-07;15;1683
11;2025-12-07;16;1605
11;2025-12-07;17;1689
11;2025-12-07;18;1287
11;2025-12-07;19;1059
11;2025-12-07;20;840
11;2025-12-07;21;625
11;2025-12-07;22;351
11;2025-12-07;23;252
11;2025-12-08;0;66
11;2025-12-08;1;3
11;2025-12-08;2;0
11;2025-12-08;3;0
11;2025-12-08;4;4
11;2025-12-08;5;293
11;2025-12-08;6;1293
11;2025-12-08;7;2411
11;2025-12-08;8;3161
11;2025-12-08;9;2449
11;2025-12-08;10;1890
11;2025-12-08;11;1843
11;2025-12-08;12;1860
11;2025-12-08;13;2049
11;2025-12-08;14;2001
11;2025-12-08;15;2078
11;2025-12-08;16;2276
11;2025-12-08;17;2815
11;2025-12-08;18;3140
11;2025-12-08;19;2239
11;2025-12-08;20;1428
11;2025-12-08;21;864
11;2025-12-08;22;423
11;2025-12-08;23;216
11;2025-12-09;0;68
11;2025-12-09;1;3
11;2025-12-09;2;0
11;2025-12-09;3;0
11;2025-12-09;4;4
11;2025-12-09;5;301
11;2025-12-09;6;1328
11;2025-12-09;7;2477
11;2025-12-09;8;3248
11;2025-12-09;9;2517
11;2025-12-09;10;1942
11;2025-12-09;11;1894
11;2025-12-09;12;1911
11;2025-12-09;13;2106
11;2025-12-09;14;2056
11;2025-12-09;15;2136
11;2025-12-09;16;2339
11;2025-12-09;17;2893
11;2025-12-09;18;3227
11;2025-12-09;19;2301
11;2025-12-09;20;1468
11;2025-12-09;21;888
11;2025-12-09;22;434
11;2025-12-09;23;222
11;2025-12-10;0;68
11;2025-12-10;1;3
11;2025-12-10;2;0
11;2025-12-10;3;0
11;2025-12-10;4;4
11;2025-12-10;5;301
11;2025-12-10;6;1328
11;2025-12-10;7;2477
11;2025-12-10;8;3248
11;2025-12-10;9;2517
11;2025-12-10;10;1942
11;2025-12-10;11;1894
11;2025-12-10;12;1911
11;2025-12-10;13;2106
11;2025-12-10;14;2056
11;2025-12-10;15;2136
11;2025-12-10;16;2339
11;2025-12-10;17;2893
11;2025-12-10;18;3227
11;2025-12-10;19;2301
11;2025-12-10;20;1468
11;2025-12-10;21;888
11;2025-12-10;22;434
11;2025-12-10;23;222
11;2025-12-11;0;68
11;2025-12-11;1;3
11;2025-12-11;2;0
11;2025-12-11;3;0
11;2025-12-11;4;4
11;2025-12-11;5;301
11;2025-12-11;6;1328
11;2025-12-11;7;2477
11;2025-12-11;8;3248
11;2025-12-11;9;2517
11;2025-12-11;10;1942
11;2025-12-11;11;1894
11;2025-12-11;12;1911
11;2025-12-11;13;2106
11;2025-12-11;14;2056
11;2025-12-11;15;2136
11;2025-12-11;16;2339
11;2025-12-11;17;2893
11;2025-12-11;18;3227
11;2025-12-11;19;2301
11;2025-12-11;20;1468
11;2025-12-11;21;888
11;2025-12-11;22;434
11;2025-12-11;23;222
11;2025-12-12;0;81
11;2025-12-12;1;4
11;2025-12-12;2;0
11;2025-12-12;3;0
11;2025-12-12;4;3
11;2025-12-12;5;298
11;2025-12-12;6;1322
11;2025-12-12;7;2362
11;2025-12-12;8;3129
11;2025-12-12;9;2382
11;2025-12-12;10;1890
11;2025-12-12;11;1837
11;2025-12-12;12;1899
11;2025-12-12;13;1986
11;2025-12-12;14;2092
11;2025-12-12;15;2229
11;2025-12-12;16;2486
11;2025-12-12;17;2971
11;2025-12-12;18;2561
11;2025-12-12;19;1998
11;2025-12-12;20;1396
11;2025-12-12;21;878
11;2025-12-12;22;446
11;2025-12-12;23;302
11;2025-12-13;0;114
11;2025-12-13;1;3
11;2025-12-13;2;0
11;2025-12-13;3;0
11;2025-12-13;4;3
11;2025-12-13;5;184
11;2025-12-13;6;751
11;2025-12-13;7;745
11;2025-12-13;8;1001
11;2025-12-13;9;1173
11;2025-12-13;10;1328
11;2025-12-13;11;1753
11;2025-12-13;12;1925
11;2025-12-13;13;1817
11;2025-12-13;14;1975
11;2025-12-13;15;1869
11;2025-12-13;16;1878
11;2025-12-13;17;1880
11;2025-12-13;18;1567
11;2025-12-13;19;1415
11;2025-12-13;20;1056
11;2025-12-13;21;755
11;2025-12-13;22;436
11;2025-12-13;23;300
11;2025-12-14;0;110
11;2025-12-14;1;14
11;2025-12-14;2;0
11;2025-12-14;3;0
11;2025-12-14;4;2
11;2025-12-14;5;120
11;2025-12-14;6;474
11;2025-12-14;7;508
11;2025-12-14;8;674
11;2025-12-14;9;938
11;2025-12-14;10;1041
11;2025-12-14;11;1510
11;2025-12-14;12;1645
11;2025-12-14;13;1578
11;2025-12-14;14;1699
11;2025-12-14;15;1683
11;2025-12-14;16;1605
11;2025-12-14;17;1689
11;2025-12-14;18;1287
11;2025-12-14;19;1059
11;2025-12-14;20;840
11;2025-12-14;21;625
11;2025-12-14;22;351
11;2025-12-14;23;252
11;2025-12-15;0;66
11;2025-12-15;1;3
11;2025-12-15;2;0
11;2025-12-15;3;0
11;2025-12-15;4;4
11;2025-12-15;5;293
11;2025-12-15;6;1293
11;2025-12-15;7;2411
11;2025-12-15;8;3161
11;2025-12-15;9;2449
11;2025-12-15;10;1890
11;2025-12-15;11;1843
11;2025-12-15;12;1860
11;2025-12-15;13;2049
11;2025-12-15;14;2001
11;2025-12-15;15;2078
11;2025-12-15;16;2276
11;2025-12-15;17;2815
11;2025-12-15;18;3140
11;2025-12-15;19;2239
11;2025-12-15;20;1428
11;2025-12-15;21;864
11;2025-12-15;22;423
11;2025-12-15;23;216
11;2025-12-16;0;68
11;2025-12-16;1;3
11;2025-12-16;2;0
11;2025-12-16;3;0
11;2025-12-16;4;4
11;2025-12-16;5;301
11;2025-12-16;6;1328
11;2025-12-16;7;2477
11;2025-12-16;8;3248
11;2025-12-16;9;2517
11;2025-12-16;10;1942
11;2025-12-16;11;1894
11;2025-12-16;12;1911
11;2025-12-16;13;2106
11;2025-12-16;14;2056
11;2025-12-16;15;2136
11;2025-12-16;16;2339
11;2025-12-16;17;2893
11;2025-12-16;18;3227
11;2025-12-16;19;2301
11;2025-12-16;20;1468
11;2025-12-16;21;888
11;2025-12-16;22;434
11;2025-12-16;23;222
11;2025-12-17;0;68
11;2025-12-17;1;3
11;2025-12-17;2;0
11;2025-12-17;3;0
11;2025-12-17;4;4
11;2025-12-17;5;301
11;2025-12-17;6;1328
11;2025-12-17;7;2477
11;2025-12-17;8;3248
11;2025-12-17;9;2517
11;2025-12-17;10;1942
11;2025-12-17;11;1894
11;2025-12-17;12;1911
11;2025-12-17;13;2106
11;2025-12-17;14;2056
11;2025-12-17;15;2136
11;2025-12-17;16;2339
11;2025-12-17;17;2893
11;2025-12-17;18;3227
11;2025-12-17;19;2301
11;2025-12-17;20;1468
11;2025-12-17;21;888
11;2025-12-17;22;434
11;2025-12-17;23;222
11;2025-12-18;0;68
11;2025-12-18;1;3
11;2025-12-18;2;0
11;2025-12-18;3;0
11;2025-12-18;4;4
11;2025-12-18;5;301
11;2025-12-18;6;1328
11;2025-12-18;7;2477
11;2025-12-18;8;3248
11;2025-12-18;9;2517
11;2025-12-18;10;1942
11;2025-12-18;11;1894
11;2025-12-18;12;1911
11;2025-12-18;13;2106
11;2025-12-18;14;2056
11;2025-12-18;15;2136
11;2025-12-18;16;2339
11;2025-12-18;17;2893
11;2025-12-18;18;3227
11;2025-12-18;19;2301
11;2025-12-18;20;1468
11;2025-12-18;21;888
11;2025-12-18;22;434
11;2025-12-18;23;222
11;2025-12-19;0;81
11;2025-12-19;1;4
11;2025-12-19;2;0
11;2025-12-19;3;0
11;2025-12-19;4;3
11;2025-12-19;5;298
11;2025-12-19;6;1322
11;2025-12-19;7;2362
11;2025-12-19;8;3129
11;2025-12-19;9;2382
11;2025-12-19;10;1890
11;2025-12-19;11;1837
11;2025-12-19;12;1899
11;2025-12-19;13;1986
11;2025-12-19;14;2092
11;2025-12-19;15;2229
11;2025-12-19;16;2486
11;2025-12-19;17;2971
11;2025-12-19;18;2561
11;2025-12-19;19;1998
11;2025-12-19;20;1396
11;2025-12-19;21;878
11;2025-12-19;22;446
11;2025-12-19;23;302
11;2025-12-20;0;114
11;2025-12-20;1;3
11;2025-12-20;2;0
11;2025-12-20;3;0
11;2025-12-20;4;3
11;2025-12-20;5;184
11;2025-12-20;6;751
11;2025-12-20;7;745
11;2025-12-20;8;1001
11;2025-12-20;9;1173
11;2025-12-20;10;1328
11;2025-12-20;11;1753
11;2025-12-20;12;1925
11;2025-12-20;13;1817
11;2025-12-20;14;1975
11;2025-12-20;15;1869
11;2025-12-20;16;1878
11;2025-12-20;17;1880
11;2025-12-20;18;1567
11;2025-12-20;19;1415
11;2025-12-20;20;1056
11;2025-12-20;21;755
11;2025-12-20;22;436
11;2025-12-20;23;300
11;2025-12-21;0;110
11;2025-12-21;1;14
11;2025-12-21;2;0
11;2025-12-21;3;0
11;2025-12-21;4;2
11;2025-12-21;5;120
11;2025-12-21;6;474
11;2025-12-21;7;508
11;2025-12-21;8;674
11;2025-12-21;9;938
11;2025-12-21;10;1041
11;2025-12-21;11;1510
11;2025-12-21;12;1645
11;2025-12-21;13;1578
11;2025-12-21;14;1699
11;2025-12-21;15;1683
11;2025-12-21;16;1605
11;2025-12-21;17;1689
11;2025-12-21;18;1287
11;2025-12-21;19;1059
11;2025-12-21;20;840
11;2025-12-21;21;625
11;2025-12-21;22;351
11;2025-12-21;23;252
11;2025-12-22;0;66
11;2025-12-22;1;3
11;2025-12-22;2;0
11;2025-12-22;3;0
11;2025-12-22;4;4
11;2025-12-22;5;293
11;2025-12-22;6;1293
11;2025-12-22;7;2411
11;2025-12-22;8;3161
11;2025-12-22;9;2449
11;2025-12-22;10;1890
11;2025-12-22;11;1843
11;2025-12-22;12;1860
11;2025-12-22;13;2049
11;2025-12-22;14;2001
11;2025-12-22;15;2078
11;2025-12-22;16;2276
11;2025-12-22;17;2815
11;2025-12-22;18;3140
11;2025-12-22;19;2239
11;2025-12-22;20;1428
11;2025-12-22;21;864
11;2025-12-22;22;423
11;2025-12-22;23;216
11;2025-12-23;0;68
11;2025-12-23;1;3
11;2025-12-23;2;0
11;2025-12-23;3;0
11;2025-12-23;4;4
11;2025-12-23;5;301
11;2025-12-23;6;1328
11;2025-12-23;7;2477
11;2025-12-23;8;3248
11;2025-12-23;9;2517
11;2025-12-23;10;1942
11;2025-12-23;11;1894
11;2025-12-23;12;1911
11;2025-12-23;13;2106
11;2025-12-23;14;2056
11;2025-12-23;15;2136
11;2025-12-23;16;2339
11;2025-12-23;17;2893
11;2025-12-23;18;3227
11;2025-12-23;19;2301
11;2025-12-23;20;1468
11;2025-12-23;21;888
11;2025-12-23;22;434
11;2025-12-23;23;222
11;2025-12-24;0;68
11;2025-12-24;1;3
11;2025-12-24;2;0
11;2025-12-24;3;0
11;2025-12-24;4;4
11;2025-12-24;5;301
11;2025-12-24;6;1328
11;2025-12-24;7;2477
11;2025-12-24;8;3248
11;2025-12-24;9;2517
11;2025-12-24;10;1942
11;2025-12-24;11;1894
11;2025-12-24;12;1911
11;2025-12-24;13;2106
11;2025-12-24;14;2056
11;2025-12-24;15;2136
11;2025-12-24;16;2339
11;2025-12-24;17;2893
11;2025-12-24;18;3227
11;2025-12-24;19;2301
11;2025-12-24;20;1468
11;2025-12-24;21;888
11;2025-12-24;22;434
11;2025-12-24;23;222
11;2025-12-25;0;68
11;2025-12-25;1;3
11;2025-12-25;2;0
11;2025-12-25;3;0
11;2025-12-25;4;4
11;2025-12-25;5;301
11;2025-12-25;6;1328
11;2025-12-25;7;2477
11;2025-12-25;8;3248
11;2025-12-25;9;2517
11;2025-12-25;10;1942
11;2025-12-25;11;1894
11;2025-12-25;12;1911
11;2025-12-25;13;2106
11;2025-12-25;14;2056
11;2025-12-25;15;2136
11;2025-12-25;16;2339
11;2025-12-25;17;2893
11;2025-12-25;18;3227
11;2025-12-25;19;2301
11;2025-12-25;20;1468
11;2025-12-25;21;888
11;2025-12-25;22;434
11;2025-12-25;23;222
11;2025-12-26;0;81
11;2025-12-26;1;4
11;2025-12-26;2;0
11;2025-12-26;3;0
11;2025-12-26;4;3
11;2025-12-26;5;298
11;2025-12-26;6;1322
11;2025-12-26;7;2362
11;2025-12-26;8;3129
11;2025-12-26;9;2382
11;2025-12-26;10;1890
11;2025-12-26;11;1837
11;2025-12-26;12;1899
11;2025-12-26;13;1986
11;2025-12-26;14;2092
11;2025-12-26;15;2229
11;2025-12-26;16;2486
11;2025-12-26;17;2971
11;2025-12-26;18;2561
11;2025-12-26;19;1998
11;2025-12-26;20;1396
11;2025-12-26;21;878
11;2025-12-26;22;446
11;2025-12-26;23;302
11;2025-12-27;0;114
11;2025-12-27;1;3
11;2025-12-27;2;0
11;2025-12-27;3;0
11;2025-12-27;4;3
11;2025-12-27;5;184
11;2025-12-27;6;751
11;2025-12-27;7;745
11;2025-12-27;8;1001
11;2025-12-27;9;1173
11;2025-12-27;10;1328
11;2025-12-27;11;1753
11;2025-12-27;12;1925
11;2025-12-27;13;1817
11;2025-12-27;14;1975
11;2025-12-27;15;1869
11;2025-12-27;16;1878
11;2025-12-27;17;1880
11;2025-12-27;18;1567
11;2025-12-27;19;1415
11;2025-12-27;20;1056
11;2025-12-27;21;755
11;2025-12-27;22;436
11;2025-12-27;23;300
11;2025-12-28;0;110
11;2025-12-28;1;14
11;2025-12-28;2;0
11;2025-12-28;3;0
11;2025-12-28;4;2
11;2025-12-28;5;120
11;2025-12-28;6;474
11;2025-12-28;7;508
11;2025-12-28;8;674
11;2025-12-28;9;938
11;2025-12-28;10;1041
11;2025-12-28;11;1510
11;2025-12-28;12;1645
11;2025-12-28;13;1578
11;2025-12-28;14;1699
11;2025-12-28;15;1683
11;2025-12-28;16;1605
11;2025-12-28;17;1689
11;2025-12-28;18;1287
11;2025-12-28;19;1059
11;2025-12-28;20;840
11;2025-12-28;21;625
11;2025-12-28;22;351
11;2025-12-28;23;252
11;2025-12-29;0;60
11;2025-12-29;1;2
11;2025-12-29;2;0
11;2025-12-29;3;0
11;2025-12-29;4;3
11;2025-12-29;5;264
11;2025-12-29;6;1163
11;2025-12-29;7;2170
11;2025-12-29;8;2845
11;2025-12-29;9;2204
11;2025-12-29;10;1701
11;2025-12-29;11;1659
11;2025-12-29;12;1674
11;2025-12-29;13;1844
11;2025-12-29;14;1801
11;2025-12-29;15;1871
11;2025-12-29;16;2049
11;2025-12-29;17;2534
11;2025-12-29;18;2826
11;2025-12-29;19;2015
11;2025-12-29;20;1286
11;2025-12-29;21;778
11;2025-12-29;22;380
11;2025-12-29;23;195
11;2025-12-30;0;58
11;2025-12-30;1;2
11;2025-12-30;2;0
11;2025-12-30;3;0
11;2025-12-30;4;3
11;2025-12-30;5;256
11;2025-12-30;6;1129
11;2025-12-30;7;2106
11;2025-12-30;8;2761
11;2025-12-30;9;2139
11;2025-12-30;10;1651
11;2025-12-30;11;1610
11;2025-12-30;12;1624
11;2025-12-30;13;1790
11;2025-12-30;14;1748
11;2025-12-30;15;1815
11;2025-12-30;16;1988
11;2025-12-30;17;2459
11;2025-12-30;18;2743
11;2025-12-30;19;1956
11;2025-12-30;20;1248
11;2025-12-30;21;755
11;2025-12-30;22;369
11;2025-12-30;23;189
11;2025-12-31;0;97
11;2025-12-31;1;3
11;2025-12-31;2;0
11;2025-12-31;3;0
11;2025-12-31;4;3
11;2025-12-31;5;156
11;2025-12-31;6;639
11;2025-12-31;7;633
11;2025-12-31;8;851
11;2025-12-31;9;997
11;2025-12-31;10;1129
11;2025-12-31;11;1490
11;2025-12-31;12;1636
11;2025-12-31;13;1544
11;2025-12-31;14;1678
11;2025-12-31;15;1589
11;2025-12-31;16;1596
11;2025-12-31;17;1598
11;2025-12-31;18;1332
11;2025-12-31;19;1203
11;2025-12-31;20;898
11;2025-12-31;21;642
11;2025-12-31;22;370
11;2025-12-31;23;255
12;2025-11-01;0;30
12;2025-11-01;1;3
12;2025-11-01;2;0
12;2025-11-01;3;0
12;2025-11-01;4;3
12;2025-11-01;5;245
12;2025-11-01;6;1064
12;2025-11-01;7;2126
12;2025-11-01;8;2722
12;2025-11-01;9;1911
12;2025-11-01;10;1552
12;2025-11-01;11;1566
12;2025-11-01;12;1603
12;2025-11-01;13;1681
12;2025-11-01;14;1664
12;2025-11-01;15;1890
12;2025-11-01;16;2422
12;2025-11-01;17;2382
12;2025-11-01;18;2092
12;2025-11-01;19;1722
12;2025-11-01;20;1129
12;2025-11-01;21;781
12;2025-11-01;22;401
12;2025-11-01;23;246
12;2025-11-02;0;92
12;2025-11-02;1;6
12;2025-11-02;2;0
12;2025-11-02;3;0
12;2025-11-02;4;3
12;2025-11-02;5;142
12;2025-11-02;6;520
12;2025-11-02;7;662
12;2025-11-02;8;741
12;2025-11-02;9;969
12;2025-11-02;10;1202
12;2025-11-02;11;1340
12;2025-11-02;12;1423
12;2025-11-02;13;1674
12;2025-11-02;14;1560
12;2025-11-02;15;1504
12;2025-11-02;16;1547
12;2025-11-02;17;1568
12;2025-11-02;18;1338
12;2025-11-02;19;1031
12;2025-11-02;20;762
12;2025-11-02;21;595
12;2025-11-02;22;396
12;2025-11-02;23;208
12;2025-11-03;0;75
12;2025-11-03;1;5
12;2025-11-03;2;0
12;2025-11-03;3;0
12;2025-11-03;4;2
12;2025-11-03;5;155
12;2025-11-03;6;565
12;2025-11-03;7;678
12;2025-11-03;8;761
12;2025-11-03;9;956
12;2025-11-03;10;1163
12;2025-11-03;11;1274
12;2025-11-03;12;1321
12;2025-11-03;13;1558
12;2025-11-03;14;1418
12;2025-11-03;15;1366
12;2025-11-03;16;1421
12;2025-11-03;17;1401
12;2025-11-03;18;1267
12;2025-11-03;19;1051
12;2025-11-03;20;744
12;2025-11-03;21;565
12;2025-11-03;22;355
12;2025-11-03;23;217
12;2025-11-04;0;75
12;2025-11-04;1;5
12;2025-11-04;2;0
12;2025-11-04;3;0
12;2025-11-04;4;2
12;2025-11-04;5;155
12;2025-11-04;6;565
12;2025-11-04;7;678
12;2025-11-04;8;761
12;2025-11-04;9;956
12;2025-11-04;10;1163
12;2025-11-04;11;1274
12;2025-11-04;12;1321
12;2025-11-04;13;1558
12;2025-11-04;14;1418
12;2025-11-04;15;1366
12;2025-11-04;16;1421
12;2025-11-04;17;1401
12;2025-11-04;18;1267
12;2025-11-04;19;1051
12;2025-11-04;20;744
12;2025-11-04;21;565
12;2025-11-04;22;355
12;2025-11-04;23;217
12;2025-11-05;0;55
12;2025-11-05;1;2
12;2025-11-05;2;0
12;2025-11-05;3;0
12;2025-11-05;4;6
12;2025-11-05;5;328
12;2025-11-05;6;1414
12;2025-11-05;7;2810
12;2025-11-05;8;3756
12;2025-11-05;9;2575
12;2025-11-05;10;2144
12;2025-11-05;11;2054
12;2025-11-05;12;2141
12;2025-11-05;13;2115
12;2025-11-05;14;2105
12;2025-11-05;15;2340
12;2025-11-05;16;2862
12;2025-11-05;17;3153
12;2025-11-05;18;3318
12;2025-11-05;19;2534
12;2025-11-05;20;1583
12;2025-11-05;21;957
12;2025-11-05;22;487
12;2025-11-05;23;256
12;2025-11-06;0;55
12;2025-11-06;1;2
12;2025-11-06;2;0
12;2025-11-06;3;0
12;2025-11-06;4;6
12;2025-11-06;5;328
12;2025-11-06;6;1414
12;2025-11-06;7;2810
12;2025-11-06;8;3756
12;2025-11-06;9;2575
12;2025-11-06;10;2144
12;2025-11-06;11;2054
12;2025-11-06;12;2141
12;2025-11-06;13;2115
12;2025-11-06;14;2105
12;2025-11-06;15;2340
12;2025-11-06;16;2862
12;2025-11-06;17;3153
12;2025-11-06;18;3318
12;2025-11-06;19;2534
12;2025-11-06;20;1583
12;2025-11-06;21;957
12;2025-11-06;22;487
12;2025-11-06;23;256
12;2025-11-07;0;60
12;2025-11-07;1;2
12;2025-11-07;2;0
12;2025-11-07;3;0
12;2025-11-07;4;4
12;2025-11-07;5;315
12;2025-11-07;6;1370
12;2025-11-07;7;2738
12;2025-11-07;8;3506
12;2025-11-07;9;2461
12;2025-11-07;10;1999
12;2025-11-07;11;2017
12;2025-11-07;12;2065
12;2025-11-07;13;2165
12;2025-11-07;14;2144
12;2025-11-07;15;2435
12;2025-11-07;16;3120
12;2025-11-07;17;3068
12;2025-11-07;18;2695
12;2025-11-07;19;2219
12;2025-11-07;20;1454
12;2025-11-07;21;1006
12;2025-11-07;22;516
12;2025-11-07;23;316
12;2025-11-08;0;78
12;2025-11-08;1;5
12;2025-11-08;2;0
12;2025-11-08;3;0
12;2025-11-08;4;2
12;2025-11-08;5;218
12;2025-11-08;6;789
12;2025-11-08;7;903
12;2025-11-08;8;1016
12;2025-11-08;9;1230
12;2025-11-08;10;1470
12;2025-11-08;11;1583
12;2025-11-08;12;1601
12;2025-11-08;13;1894
12;2025-11-08;14;1682
12;2025-11-08;15;1618
12;2025-11-08;16;1705
12;2025-11-08;17;1630
12;2025-11-08;18;1568
12;2025-11-08;19;1394
12;2025-11-08;20;949
12;2025-11-08;21;701
12;2025-11-08;22;414
12;2025-11-08;23;292
12;2025-11-09;0;92
12;2025-11-09;1;6
12;2025-11-09;2;0
12;2025-11-09;3;0
12;2025-11-09;4;3
12;2025-11-09;5;142
12;2025-11-09;6;520
12;2025-11-09;7;662
12;2025-11-09;8;741
12;2025-11-09;9;969
12;2025-11-09;10;1202
12;2025-11-09;11;1340
12;2025-11-09;12;1423
12;2025-11-09;13;1674
12;2025-11-09;14;1560
12;2025-11-09;15;1504
12;2025-11-09;16;1547
12;2025-11-09;17;1568
12;2025-11-09;18;1338
12;2025-11-09;19;1031
12;2025-11-09;20;762
12;2025-11-09;21;595
12;2025-11-09;22;396
12;2025-11-09;23;208
12;2025-11-10;0;54
12;2025-11-10;1;2
12;2025-11-10;2;0
12;2025-11-10;3;0
12;2025-11-10;4;6
12;2025-11-10;5;319
12;2025-11-10;6;1376
12;2025-11-10;7;2735
12;2025-11-10;8;3655
12;2025-11-10;9;2506
12;2025-11-10;10;2087
12;2025-11-10;11;1999
12;2025-11-10;12;2083
12;2025-11-10;13;2058
12;2025-11-10;14;2048
12;2025-11-10;15;2277
12;2025-11-10;16;2785
12;2025-11-10;17;3068
12;2025-11-10;18;3229
12;2025-11-10;19;2466
12;2025-11-10;20;1541
12;2025-11-10;21;932
12;2025-11-10;22;474
12;2025-11-10;23;249
12;2025-11-11;0;55
12;2025-11-11;1;2
12;2025-11-11;2;0
12;2025-11-11;3;0
12;2025-11-11;4;6
12;2025-11-11;5;328
12;2025-11-11;6;1414
12;2025-11-11;7;2810
12;2025-11-11;8;3756
12;2025-11-11;9;2575
12;2025-11-11;10;2144
12;2025-11-11;11;2054
12;2025-11-11;12;2141
12;2025-11-11;13;2115
12;2025-11-11;14;2105
12;2025-11-11;15;2340
12;2025-11-11;16;2862
12;2025-11-11;17;3153
12;2025-11-11;18;3318
12;2025-11-11;19;2534
12;2025-11-11;20;1583
12;2025-11-11;21;957
12;2025-11-11;22;487
12;2025-11-11;23;256
12;2025-11-12;0;55
12;2025-11-12;1;2
12;2025-11-12;2;0
12;2025-11-12;3;0
12;2025-11-12;4;6
12;2025-11-12;5;328
12;2025-11-12;6;1414
12;2025-11-12;7;2810
12;2025-11-12;8;3756
12;2025-11-12;9;2575
12;2025-11-12;10;2144
12;2025-11-12;11;2054
12;2025-11-12;12;2141
12;2025-11-12;13;2115
12;2025-11-12;14;2105
12;2025-11-12;15;2340
12;2025-11-12;16;2862
12;2025-11-12;17;3153
12;2025-11-12;18;3318
12;2025-11-12;19;2534
12;2025-11-12;20;1583
12;2025-11-12;21;957
12;2025-11-12;22;487
12;2025-11-12;23;256
12;2025-11-13;0;55
12;2025-11-13;1;2
12;2025-11-13;2;0
12;2025-11-13;3;0
12;2025-11-13;4;6
12;2025-11-13;5;328
12;2025-11-13;6;1414
12;2025-11-13;7;2810
12;2025-11-13;8;3756
12;2025-11-13;9;2575
12;2025-11-13;10;2144
12;2025-11-13;11;2054
12;2025-11-13;12;2141
12;2025-11-13;13;2115
12;2025-11-13;14;2105
12;2025-11-13;15;2340
12;2025-11-13;16;2862
12;2025-11-13;17;3153
12;2025-11-13;18;3318
12;2025-11-13;19;2534
12;2025-11-13;20;1583
12;2025-11-13;21;957
12;2025-11-13;22;487
12;2025-11-13;23;256
12;2025-11-14;0;60
12;2025-11-14;1;2
12;2025-11-14;2;0
12;2025-11-14;3;0
12;2025-11-14;4;4
12;2025-11-14;5;315
12;2025-11-14;6;1370
12;2025-11-14;7;2738
12;2025-11-14;8;3506
12;2025-11-14;9;2461
12;2025-11-14;10;1999
12;2025-11-14;11;2017
12;2025-11-14;12;2065
12;2025-11-14;13;2165
12;2025-11-14;14;2144
12;2025-11-14;15;2435
12;2025-11-14;16;3120
12;2025-11-14;17;3068
12;2025-11-14;18;2695
12;2025-11-14;19;2219
12;2025-11-14;20;1454
12;2025-11-14;21;1006
12;2025-11-14;22;516
12;2025-11-14;23;316
12;2025-11-15;0;78
12;2025-11-15;1;5
12;2025-11-15;2;0
12;2025-11-15;3;0
12;2025-11-15;4;2
12;2025-11-15;5;218
12;2025-11-15;6;789
12;2025-11-15;7;903
12;2025-11-15;8;1016
12;2025-11-15;9;1230
12;2025-11-15;10;1470
12;2025-11-15;11;1583
12;2025-11-15;12;1601
12;2025-11-15;13;1894
12;2025-11-15;14;1682
12;2025-11-15;15;1618
12;2025-11-15;16;1705
12;2025-11-15;17;1630
12;2025-11-15;18;1568
12;2025-11-15;19;1394
12;2025-11-15;20;949
12;2025-11-15;21;701
12;2025-11-15;22;414
12;2025-11-15;23;292
12;2025-11-16;0;92
12;2025-11-16;1;6
12;2025-11-16;2;0
12;2025-11-16;3;0
12;2025-11-16;4;3
12;2025-11-16;5;142
12;2025-11-16;6;520
12;2025-11-16;7;662
12;2025-11-16;8;741
12;2025-11-16;9;969
12;2025-11-16;10;1202
12;2025-11-16;11;1340
12;2025-11-16;12;1423
12;2025-11-16;13;1674
12;2025-11-16;14;1560
12;2025-11-16;15;1504
12;2025-11-16;16;1547
12;2025-11-16;17;1568
12;2025-11-16;18;1338
12;2025-11-16;19;1031
12;2025-11-16;20;762
12;2025-11-16;21;595
12;2025-11-16;22;396
12;2025-11-16;23;208
12;2025-11-17;0;54
12;2025-11-17;1;2
12;2025-11-17;2;0
12;2025-11-17;3;0
12;2025-11-17;4;6
12;2025-11-17;5;319
12;2025-11-17;6;1376
12;2025-11-17;7;2735
12;2025-11-17;8;3655
12;2025-11-17;9;2506
12;2025-11-17;10;2087
12;2025-11-17;11;1999
12;2025-11-17;12;2083
12;2025-11-17;13;2058
12;2025-11-17;14;2048
12;2025-11-17;15;2277
12;2025-11-17;16;2785
12;2025-11-17;17;3068
12;2025-11-17;18;3229
12;2025-11-17;19;2466
12;2025-11-17;20;1541
12;2025-11-17;21;932
12;2025-11-17;22;474
12;2025-11-17;23;249
12;2025-11-18;0;55
12;2025-11-18;1;2
12;2025-11-18;2;0
12;2025-11-18;3;0
12;2025-11-18;4;6
12;2025-11-18;5;328
12;2025-11-18;6;1414
12;2025-11-18;7;2810
12;2025-11-18;8;3756
12;2025-11-18;9;2575
12;2025-11-18;10;2144
12;2025-11-18;11;2054
12;2025-11-18;12;2141
12;2025-11-18;13;2115
12;2025-11-18;14;2105
12;2025-11-18;15;2340
12;2025-11-18;16;2862
12;2025-11-18;17;3153
12;2025-11-18;18;3318
12;2025-11-18;19;2534
12;2025-11-18;20;1583
12;2025-11-18;21;957
12;2025-11-18;22;487
12;2025-11-18;23;256
12;2025-11-19;0;55
12;2025-11-19;1;2
12;2025-11-19;2;0
12;2025-11-19;3;0
12;2025-11-19;4;6
12;2025-11-19;5;328
12;2025-11-19;6;1414
12;2025-11-19;7;2810
12;2025-11-19;8;3756
12;2025-11-19;9;2575
12;2025-11-19;10;2144
12;2025-11-19;11;2054
12;2025-11-19;12;2141
12;2025-11-19;13;2115
12;2025-11-19;14;2105
12;2025-11-19;15;2340
12;2025-11-19;16;2862
12;2025-11-19;17;3153
12;2025-11-19;18;3318
12;2025-11-19;19;2534
12;2025-11-19;20;1583
12;2025-11-19;21;957
12;2025-11-19;22;487
12;2025-11-19;23;256
12;2025-11-20;0;55
12;2025-11-20;1;2
12;2025-11-20;2;0
12;2025-11-20;3;0
12;2025-11-20;4;6
12;2025-11-20;5;328
12;2025-11-20;6;1414
12;2025-11-20;7;2810
12;2025-11-20;8;3756
12;2025-11-20;9;2575
12;2025-11-20;10;2144
12;2025-11-20;11;2054
12;2025-11-20;12;2141
12;2025-11-20;13;2115
12;2025-11-20;14;2105
12;2025-11-20;15;2340
12;2025-11-20;16;2862
12;2025-11-20;17;3153
12;2025-11-20;18;3318
12;2025-11-20;19;2534
12;2025-11-20;20;1583
12;2025-11-20;21;957
12;2025-11-20;22;487
12;2025-11-20;23;256
12;2025-11-21;0;60
12;2025-11-21;1;2
12;2025-11-21;2;0
12;2025-11-21;3;0
12;2025-11-21;4;4
12;2025-11-21;5;315
12;2025-11-21;6;1370
12;2025-11-21;7;2738
12;2025-11-21;8;3506
12;2025-11-21;9;2461
12;2025-11-21;10;1999
12;2025-11-21;11;2017
12;2025-11-21;12;2065
12;2025-11-21;13;2165
12;2025-11-21;14;2144
12;2025-11-21;15;2435
12;2025-11-21;16;3120
12;2025-11-21;17;3068
12;2025-11-21;18;2695
12;2025-11-21;19;2219
12;2025-11-21;20;1454
12;2025-11-21;21;1006
12;2025-11-21;22;516
12;2025-11-21;23;316
12;2025-11-22;0;78
12;2025-11-22;1;5
12;2025-11-22;2;0
12;2025-11-22;3;0
12;2025-11-22;4;2
12;2025-11-22;5;218
12;2025-11-22;6;789
12;2025-11-22;7;903
12;2025-11-22;8;1016
12;2025-11-22;9;1230
12;2025-11-22;10;1470
12;2025-11-22;11;1583
12;2025-11-22;12;1601
12;2025-11-22;13;1894
12;2025-11-22;14;1682
12;2025-11-22;15;1618
12;2025-11-22;16;1705
12;2025-11-22;17;1630
12;2025-11-22;18;1568
12;2025-11-22;19;1394
12;2025-11-22;20;949
12;2025-11-22;21;701
12;2025-11-22;22;414
12;2025-11-22;23;292
12;2025-11-23;0;92
12;2025-11-23;1;6
12;2025-11-23;2;0
12;2025-11-23;3;0
12;2025-11-23;4;3
12;2025-11-23;5;142
12;2025-11-23;6;520
12;2025-11-23;7;662
12;2025-11-23;8;741
12;2025-11-23;9;969
12;2025-11-23;10;1202
12;2025-11-23;11;1340
12;2025-11-23;12;1423
12;2025-11-23;13;1674
12;2025-11-23;14;1560
12;2025-11-23;15;1504
12;2025-11-23;16;1547
12;2025-11-23;17;1568
12;2025-11-23;18;1338
12;2025-11-23;19;1031
12;2025-11-23;20;762
12;2025-11-23;21;595
12;2025-11-23;22;396
12;2025-11-23;23;208
12;2025-11-24;0;54
12;2025-11-24;1;2
12;2025-11-24;2;0
12;2025-11-24;3;0
12;2025-11-24;4;6
12;2025-11-24;5;319
12;2025-11-24;6;1376
12;2025-11-24;7;2735
12;2025-11-24;8;3655
12;2025-11-24;9;2506
12;2025-11-24;10;2087
12;2025-11-24;11;1999
12;2025-11-24;12;2083
12;2025-11-24;13;2058
12;2025-11-24;14;2048
12;2025-11-24;15;2277
12;2025-11-24;16;2785
12;2025-11-24;17;3068
12;2025-11-24;18;3229
12;2025-11-24;19;2466
12;2025-11-24;20;1541
12;2025-11-24;21;932
12;2025-11-24;22;474
12;2025-11-24;23;249
12;2025-11-25;0;55
12;2025-11-25;1;2
12;2025-11-25;2;0
12;2025-11-25;3;0
12;2025-11-25;4;6
12;2025-11-25;5;328
12;2025-11-25;6;1414
12;2025-11-25;7;2810
12;2025-11-25;8;3756
12;2025-11-25;9;2575
12;2025-11-25;10;2144
12;2025-11-25;11;2054
12;2025-11-25;12;2141
12;2025-11-25;13;2115
12;2025-11-25;14;2105
12;2025-11-25;15;2340
12;2025-11-25;16;2862
12;2025-11-25;17;3153
12;2025-11-25;18;3318
12;2025-11-25;19;2534
12;2025-11-25;20;1583
12;2025-11-25;21;957
12;2025-11-25;22;487
12;2025-11-25;23;256
12;2025-11-26;0;55
12;2025-11-26;1;2
12;2025-11-26;2;0
12;2025-11-26;3;0
12;2025-11-26;4;6
12;2025-11-26;5;328
12;2025-11-26;6;1414
12;2025-11-26;7;2810
12;2025-11-26;8;3756
12;2025-11-26;9;2575
12;2025-11-26;10;2144
12;2025-11-26;11;2054
12;2025-11-26;12;2141
12;2025-11-26;13;2115
12;2025-11-26;14;2105
12;2025-11-26;15;2340
12;2025-11-26;16;2862
12;2025-11-26;17;3153
12;2025-11-26;18;3318
12;2025-11-26;19;2534
12;2025-11-26;20;1583
12;2025-11-26;21;957
12;2025-11-26;22;487
12;2025-11-26;23;256
12;2025-11-27;0;55
12;2025-11-27;1;2
12;2025-11-27;2;0
12;2025-11-27;3;0
12;2025-11-27;4;6
12;2025-11-27;5;328
12;2025-11-27;6;1414
12;2025-11-27;7;2810
12;2025-11-27;8;3756
12;2025-11-27;9;2575
12;2025-11-27;10;2144
12;2025-11-27;11;2054
12;2025-11-27;12;2141
12;2025-11-27;13;2115
12;2025-11-27;14;2105
12;2025-11-27;15;2340
12;2025-11-27;16;2862
12;2025-11-27;17;3153
12;2025-11-27;18;3318
12;2025-11-27;19;2534
12;2025-11-27;20;1583
12;2025-11-27;21;957
12;2025-11-27;22;487
12;2025-11-27;23;256
12;2025-11-28;0;60
12;2025-11-28;1;2
12;2025-11-28;2;0
12;2025-11-28;3;0
12;2025-11-28;4;4
12;2025-11-28;5;315
12;2025-11-28;6;1370
12;2025-11-28;7;2738
12;2025-11-28;8;3506
12;2025-11-28;9;2461
12;2025-11-28;10;1999
12;2025-11-28;11;2017
12;2025-11-28;12;2065
12;2025-11-28;13;2165
12;2025-11-28;14;2144
12;2025-11-28;15;2435
12;2025-11-28;16;3120
12;2025-11-28;17;3068
12;2025-11-28;18;2695
12;2025-11-28;19;2219
12;2025-11-28;20;1454
12;2025-11-28;21;1006
12;2025-11-28;22;516
12;2025-11-28;23;316
12;2025-11-29;0;78
12;2025-11-29;1;5
12;2025-11-29;2;0
12;2025-11-29;3;0
12;2025-11-29;4;2
12;2025-11-29;5;218
12;2025-11-29;6;789
12;2025-11-29;7;903
12;2025-11-29;8;1016
12;2025-11-29;9;1230
12;2025-11-29;10;1470
12;2025-11-29;11;1583
12;2025-11-29;12;1601
12;2025-11-29;13;1894
12;2025-11-29;14;1682
12;2025-11-29;15;1618
12;2025-11-29;16;1705
12;2025-11-29;17;1630
12;2025-11-29;18;1568
12;2025-11-29;19;1394
12;2025-11-29;20;949
12;2025-11-29;21;701
12;2025-11-29;22;414
12;2025-11-29;23;292
12;2025-11-30;0;92
12;2025-11-30;1;6
12;2025-11-30;2;0
12;2025-11-30;3;0
12;2025-11-30;4;3
12;2025-11-30;5;142
12;2025-11-30;6;520
12;2025-11-30;7;662
12;2025-11-30;8;741
12;2025-11-30;9;969
12;2025-11-30;10;1202
12;2025-11-30;11;1340
12;2025-11-30;12;1423
12;2025-11-30;13;1674
12;2025-11-30;14;1560
12;2025-11-30;15;1504
12;2025-11-30;16;1547
12;2025-11-30;17;1568
12;2025-11-30;18;1338
12;2025-11-30;19;1031
12;2025-11-30;20;762
12;2025-11-30;21;595
12;2025-11-30;22;396
12;2025-11-30;23;208
12;2025-12-01;0;54
12;2025-12-01;1;2
12;2025-12-01;2;0
12;2025-12-01;3;0
12;2025-12-01;4;6
12;2025-12-01;5;319
12;2025-12-01;6;1361
12;2025-12-01;7;2734
12;2025-12-01;8;3650
12;2025-12-01;9;2487
12;2025-12-01;10;2083
12;2025-12-01;11;2005
12;2025-12-01;12;2085
12;2025-12-01;13;2051
12;2025-12-01;14;2060
12;2025-12-01;15;2288
12;2025-12-01;16;2799
12;2025-12-01;17;3077
12;2025-12-01;18;3233
12;2025-12-01;19;2480
12;2025-12-01;20;1534
12;2025-12-01;21;923
12;2025-12-01;22;470
12;2025-12-01;23;247
12;2025-12-02;0;55
12;2025-12-02;1;2
12;2025-12-02;2;0
12;2025-12-02;3;0
12;2025-12-02;4;6
12;2025-12-02;5;328
12;2025-12-02;6;1399
12;2025-12-02;7;2809
12;2025-12-02;8;3751
12;2025-12-02;9;2556
12;2025-12-02;10;2141
12;2025-12-02;11;2060
12;2025-12-02;12;2142
12;2025-12-02;13;2107
12;2025-12-02;14;2117
12;2025-12-02;15;2351
12;2025-12-02;16;2876
12;2025-12-02;17;3162
12;2025-12-02;18;3322
12;2025-12-02;19;2548
12;2025-12-02;20;1576
12;2025-12-02;21;948
12;2025-12-02;22;483
12;2025-12-02;23;254
12;2025-12-03;0;55
12;2025-12-03;1;2
12;2025-12-03;2;0
12;2025-12-03;3;0
12;2025-12-03;4;6
12;2025-12-03;5;328
12;2025-12-03;6;1399
12;2025-12-03;7;2809
12;2025-12-03;8;3751
12;2025-12-03;9;2556
12;2025-12-03;10;2141
12;2025-12-03;11;2060
12;2025-12-03;12;2142
12;2025-12-03;13;2107
12;2025-12-03;14;2117
12;2025-12-03;15;2351
12;2025-12-03;16;2876
12;2025-12-03;17;3162
12;2025-12-03;18;3322
12;2025-12-03;19;2548
12;2025-12-03;20;1576
12;2025-12-03;21;948
12;2025-12-03;22;483
12;2025-12-03;23;254
12;2025-12-04;0;55
12;2025-12-04;1;2
12;2025-12-04;2;0
12;2025-12-04;3;0
12;2025-12-04;4;6
12;2025-12-04;5;328
12;2025-12-04;6;1399
12;2025-12-04;7;2809
12;2025-12-04;8;3751
12;2025-12-04;9;2556
12;2025-12-04;10;2141
12;2025-12-04;11;2060
12;2025-12-04;12;2142
12;2025-12-04;13;2107
12;2025-12-04;14;2117
12;2025-12-04;15;2351
12;2025-12-04;16;2876
12;2025-12-04;17;3162
12;2025-12-04;18;3322
12;2025-12-04;19;2548
12;2025-12-04;20;1576
12;2025-12-04;21;948
12;2025-12-04;22;483
12;2025-12-04;23;254
12;2025-12-05;0;60
12;2025-12-05;1;2
12;2025-12-05;2;0
12;2025-12-05;3;0
12;2025-12-05;4;4
12;2025-12-05;5;310
12;2025-12-05;6;1349
12;2025-12-05;7;2719
12;2025-12-05;8;3507
12;2025-12-05;9;2428
12;2025-12-05;10;2004
12;2025-12-05;11;2028
12;2025-12-05;12;2077
12;2025-12-05;13;2144
12;2025-12-05;14;2162
12;2025-12-05;15;2460
12;2025-12-05;16;3138
12;2025-12-05;17;3076
12;2025-12-05;18;2702
12;2025-12-05;19;2225
12;2025-12-05;20;1458
12;2025-12-05;21;999
12;2025-12-05;22;515
12;2025-12-05;23;310
12;2025-12-06;0;80
12;2025-12-06;1;5
12;2025-12-06;2;0
12;2025-12-06;3;0
12;2025-12-06;4;2
12;2025-12-06;5;215
12;2025-12-06;6;782
12;2025-12-06;7;897
12;2025-12-06;8;1002
12;2025-12-06;9;1216
12;2025-12-06;10;1456
12;2025-12-06;11;1586
12;2025-12-06;12;1600
12;2025-12-06;13;1908
12;2025-12-06;14;1688
12;2025-12-06;15;1618
12;2025-12-06;16;1697
12;2025-12-06;17;1622
12;2025-12-06;18;1550
12;2025-12-06;19;1393
12;2025-12-06;20;943
12;2025-12-06;21;682
12;2025-12-06;22;416
12;2025-12-06;23;290
12;2025-12-07;0;92
12;2025-12-07;1;6
12;2025-12-07;2;0
12;2025-12-07;3;0
12;2025-12-07;4;3
12;2025-12-07;5;142
12;2025-12-07;6;511
12;2025-12-07;7;641
12;2025-12-07;8;732
12;2025-12-07;9;965
12;2025-12-07;10;1192
12;2025-12-07;11;1336
12;2025-12-07;12;1418
12;2025-12-07;13;1669
12;2025-12-07;14;1554
12;2025-12-07;15;1481
12;2025-12-07;16;1531
12;2025-12-07;17;1546
12;2025-12-07;18;1315
12;2025-12-07;19;1020
12;2025-12-07;20;746
12;2025-12-07;21;584
12;2025-12-07;22;391
12;2025-12-07;23;207
12;2025-12-08;0;54
12;2025-12-08;1;2
12;2025-12-08;2;0
12;2025-12-08;3;0
12;2025-12-08;4;6
12;2025-12-08;5;319
12;2025-12-08;6;1361
12;2025-12-08;7;2734
12;2025-12-08;8;3650
12;2025-12-08;9;2487
12;2025-12-08;10;2083
12;2025-12-08;11;2005
12;2025-12-08;12;2085
12;2025-12-08;13;2051
12;2025-12-08;14;2060
12;2025-12-08;15;2288
12;2025-12-08;16;2799
12;2025-12-08;17;3077
12;2025-12-08;18;3233
12;2025-12-08;19;2480
12;2025-12-08;20;1534
12;2025-12-08;21;923
12;2025-12-08;22;470
12;2025-12-08;23;247
12;2025-12-09;0;55
12;2025-12-09;1;2
12;2025-12-09;2;0
12;2025-12-09;3;0
12;2025-12-09;4;6
12;2025-12-09;5;328
12;2025-12-09;6;1399
12;2025-12-09;7;2809
12;2025-12-09;8;3751
12;2025-12-09;9;2556
12;2025-12-09;10;2141
12;2025-12-09;11;2060
12;2025-12-09;12;2142
12;2025-12-09;13;2107
12;2025-12-09;14;2117
12;2025-12-09;15;2351
12;2025-12-09;16;2876
12;2025-12-09;17;3162
12;2025-12-09;18;3322
12;2025-12-09;19;2548
12;2025-12-09;20;1576
12;2025-12-09;21;948
12;2025-12-09;22;483
12;2025-12-09;23;254
12;2025-12-10;0;55
12;2025-12-10;1;2
12;2025-12-10;2;0
12;2025-12-10;3;0
12;2025-12-10;4;6
12;2025-12-10;5;328
12;2025-12-10;6;1399
12;2025-12-10;7;2809
12;2025-12-10;8;3751
12;2025-12-10;9;2556
12;2025-12-10;10;2141
12;2025-12-10;11;2060
12;2025-12-10;12;2142
12;2025-12-10;13;2107
12;2025-12-10;14;2117
12;2025-12-10;15;2351
12;2025-12-10;16;2876
12;2025-12-10;17;3162
12;2025-12-10;18;3322
12;2025-12-10;19;2548
12;2025-12-10;20;1576
12;2025-12-10;21;948
12;2025-12-10;22;483
12;2025-12-10;23;254
12;2025-12-11;0;55
12;2025-12-11;1;2
12;2025-12-11;2;0
12;2025-12-11;3;0
12;2025-12-11;4;6
12;2025-12-11;5;328
12;2025-12-11;6;1399
12;2025-12-11;7;2809
12;2025-12-11;8;3751
12;2025-12-11;9;2556
12;2025-12-11;10;2141
12;2025-12-11;11;2060
12;2025-12-11;12;2142
12;2025-12-11;13;2107
12;2025-12-11;14;2117
12;2025-12-11;15;2351
12;2025-12-11;16;2876
12;2025-12-11;17;3162
12;2025-12-11;18;3322
12;2025-12-11;19;2548
12;2025-12-11;20;1576
12;2025-12-11;21;948
12;2025-12-11;22;483
12;2025-12-11;23;254
12;2025-12-12;0;60
12;2025-12-12;1;2
12;2025-12-12;2;0
12;2025-12-12;3;0
12;2025-12-12;4;4
12;2025-12-12;5;310
12;2025-12-12;6;1349
12;2025-12-12;7;2719
12;2025-12-12;8;3507
12;2025-12-12;9;2428
12;2025-12-12;10;2004
12;2025-12-12;11;2028
12;2025-12-12;12;2077
12;2025-12-12;13;2144
12;2025-12-12;14;2162
12;2025-12-12;15;2460
12;2025-12-12;16;3138
12;2025-12-12;17;3076
12;2025-12-12;18;2702
12;2025-12-12;19;2225
12;2025-12-12;20;1458
12;2025-12-12;21;999
12;2025-12-12;22;515
12;2025-12-12;23;310
12;2025-12-13;0;80
12;2025-12-13;1;5
12;2025-12-13;2;0
12;2025-12-13;3;0
12;2025-12-13;4;2
12;2025-12-13;5;215
12;2025-12-13;6;782
12;2025-12-13;7;897
12;2025-12-13;8;1002
12;2025-12-13;9;1216
12;2025-12-13;10;1456
12;2025-12-13;11;1586
12;2025-12-13;12;1600
12;2025-12-13;13;1908
12;2025-12-13;14;1688
12;2025-12-13;15;1618
12;2025-12-13;16;1697
12;2025-12-13;17;1622
12;2025-12-13;18;1550
12;2025-12-13;19;1393
12;2025-12-13;20;943
12;2025-12-13;21;682
12;2025-12-13;22;416
12;2025-12-13;23;290
12;2025-12-14;0;92
12;2025-12-14;1;6
12;2025-12-14;2;0
12;2025-12-14;3;0
12;2025-12-14;4;3
12;2025-12-14;5;142
12;2025-12-14;6;511
12;2025-12-14;7;641
12;2025-12-14;8;732
12;2025-12-14;9;965
12;2025-12-14;10;1192
12;2025-12-14;11;1336
12;2025-12-14;12;1418
12;2025-12-14;13;1669
12;2025-12-14;14;1554
12;2025-12-14;15;1481
12;2025-12-14;16;1531
12;2025-12-14;17;1546
12;2025-12-14;18;1315
12;2025-12-14;19;1020
12;2025-12-14;20;746
12;2025-12-14;21;584
12;2025-12-14;22;391
12;2025-12-14;23;207
12;2025-12-15;0;54
12;2025-12-15;1;2
12;2025-12-15;2;0
12;2025-12-15;3;0
12;2025-12-15;4;6
12;2025-12-15;5;319
12;2025-12-15;6;1361
12;2025-12-15;7;2734
12;2025-12-15;8;3650
12;2025-12-15;9;2487
12;2025-12-15;10;2083
12;2025-12-15;11;2005
12;2025-12-15;12;2085
12;2025-12-15;13;2051
12;2025-12-15;14;2060
12;2025-12-15;15;2288
12;2025-12-15;16;2799
12;2025-12-15;17;3077
12;2025-12-15;18;3233
12;2025-12-15;19;2480
12;2025-12-15;20;1534
12;2025-12-15;21;923
12;2025-12-15;22;470
12;2025-12-15;23;247
12;2025-12-16;0;55
12;2025-12-16;1;2
12;2025-12-16;2;0
12;2025-12-16;3;0
12;2025-12-16;4;6
12;2025-12-16;5;328
12;2025-12-16;6;1399
12;2025-12-16;7;2809
12;2025-12-16;8;3751
12;2025-12-16;9;2556
12;2025-12-16;10;2141
12;2025-12-16;11;2060
12;2025-12-16;12;2142
12;2025-12-16;13;2107
12;2025-12-16;14;2117
12;2025-12-16;15;2351
12;2025-12-16;16;2876
12;2025-12-16;17;3162
12;2025-12-16;18;3322
12;2025-12-16;19;2548
12;2025-12-16;20;1576
12;2025-12-16;21;948
12;2025-12-16;22;483
12;2025-12-16;23;254
12;2025-12-17;0;55
12;2025-12-17;1;2
12;2025-12-17;2;0
12;2025-12-17;3;0
12;2025-12-17;4;6
12;2025-12-17;5;328
12;2025-12-17;6;1399
12;2025-12-17;7;2809
12;2025-12-17;8;3751
12;2025-12-17;9;2556
12;2025-12-17;10;2141
12;2025-12-17;11;2060
12;2025-12-17;12;2142
12;2025-12-17;13;2107
12;2025-12-17;14;2117
12;2025-12-17;15;2351
12;2025-12-17;16;2876
12;2025-12-17;17;3162
12;2025-12-17;18;3322
12;2025-12-17;19;2548
12;2025-12-17;20;1576
12;2025-12-17;21;948
12;2025-12-17;22;483
12;2025-12-17;23;254
12;2025-12-18;0;55
12;2025-12-18;1;2
12;2025-12-18;2;0
12;2025-12-18;3;0
12;2025-12-18;4;6
12;2025-12-18;5;328
12;2025-12-18;6;1399
12;2025-12-18;7;2809
12;2025-12-18;8;3751
12;2025-12-18;9;2556
12;2025-12-18;10;2141
12;2025-12-18;11;2060
12;2025-12-18;12;2142
12;2025-12-18;13;2107
12;2025-12-18;14;2117
12;2025-12-18;15;2351
12;2025-12-18;16;2876
12;2025-12-18;17;3162
12;2025-12-18;18;3322
12;2025-12-18;19;2548
12;2025-12-18;20;1576
12;2025-12-18;21;948
12;2025-12-18;22;483
12;2025-12-18;23;254
12;2025-12-19;0;60
12;2025-12-19;1;2
12;2025-12-19;2;0
12;2025-12-19;3;0
12;2025-12-19;4;4
12;2025-12-19;5;310
12;2025-12-19;6;1349
12;2025-12-19;7;2719
12;2025-12-19;8;3507
12;2025-12-19;9;2428
12;2025-12-19;10;2004
12;2025-12-19;11;2028
12;2025-12-19;12;2077
12;2025-12-19;13;2144
12;2025-12-19;14;2162
12;2025-12-19;15;2460
12;2025-12-19;16;3138
12;2025-12-19;17;3076
12;2025-12-19;18;2702
12;2025-12-19;19;2225
12;2025-12-19;20;1458
12;2025-12-19;21;999
12;2025-12-19;22;515
12;2025-12-19;23;310
12;2025-12-20;0;80
12;2025-12-20;1;5
12;2025-12-20;2;0
12;2025-12-20;3;0
12;2025-12-20;4;2
12;2025-12-20;5;215
12;2025-12-20;6;782
12;2025-12-20;7;897
12;2025-12-20;8;1002
12;2025-12-20;9;1216
12;2025-12-20;10;1456
12;2025-12-20;11;1586
12;2025-12-20;12;1600
12;2025-12-20;13;1908
12;2025-12-20;14;1688
12;2025-12-20;15;1618
12;2025-12-20;16;1697
12;2025-12-20;17;1622
12;2025-12-20;18;1550
12;2025-12-20;19;1393
12;2025-12-20;20;943
12;2025-12-20;21;682
12;2025-12-20;22;416
12;2025-12-20;23;290
12;2025-12-21;0;92
12;2025-12-21;1;6
12;2025-12-21;2;0
12;2025-12-21;3;0
12;2025-12-21;4;3
12;2025-12-21;5;142
12;2025-12-21;6;511
12;2025-12-21;7;641
12;2025-12-21;8;732
12;2025-12-21;9;965
12;2025-12-21;10;1192
12;2025-12-21;11;1336
12;2025-12-21;12;1418
12;2025-12-21;13;1669
12;2025-12-21;14;1554
12;2025-12-21;15;1481
12;2025-12-21;16;1531
12;2025-12-21;17;1546
12;2025-12-21;18;1315
12;2025-12-21;19;1020
12;2025-12-21;20;746
12;2025-12-21;21;584
12;2025-12-21;22;391
12;2025-12-21;23;207
12;2025-12-22;0;54
12;2025-12-22;1;2
12;2025-12-22;2;0
12;2025-12-22;3;0
12;2025-12-22;4;6
12;2025-12-22;5;319
12;2025-12-22;6;1361
12;2025-12-22;7;2734
12;2025-12-22;8;3650
12;2025-12-22;9;2487
12;2025-12-22;10;2083
12;2025-12-22;11;2005
12;2025-12-22;12;2085
12;2025-12-22;13;2051
12;2025-12-22;14;2060
12;2025-12-22;15;2288
12;2025-12-22;16;2799
12;2025-12-22;17;3077
12;2025-12-22;18;3233
12;2025-12-22;19;2480
12;2025-12-22;20;1534
12;2025-12-22;21;923
12;2025-12-22;22;470
12;2025-12-22;23;247
12;2025-12-23;0;55
12;2025-12-23;1;2
12;2025-12-23;2;0
12;2025-12-23;3;0
12;2025-12-23;4;6
12;2025-12-23;5;328
12;2025-12-23;6;1399
12;2025-12-23;7;2809
12;2025-12-23;8;3751
12;2025-12-23;9;2556
12;2025-12-23;10;2141
12;2025-12-23;11;2060
12;2025-12-23;12;2142
12;2025-12-23;13;2107
12;2025-12-23;14;2117
12;2025-12-23;15;2351
12;2025-12-23;16;2876
12;2025-12-23;17;3162
12;2025-12-23;18;3322
12;2025-12-23;19;2548
12;2025-12-23;20;1576
12;2025-12-23;21;948
12;2025-12-23;22;483
12;2025-12-23;23;254
12;2025-12-24;0;55
12;2025-12-24;1;2
12;2025-12-24;2;0
12;2025-12-24;3;0
12;2025-12-24;4;6
12;2025-12-24;5;328
12;2025-12-24;6;1399
12;2025-12-24;7;2809
12;2025-12-24;8;3751
12;2025-12-24;9;2556
12;2025-12-24;10;2141
12;2025-12-24;11;2060
12;2025-12-24;12;2142
12;2025-12-24;13;2107
12;2025-12-24;14;2117
12;2025-12-24;15;2351
12;2025-12-24;16;2876
12;2025-12-24;17;3162
12;2025-12-24;18;3322
12;2025-12-24;19;2548
12;2025-12-24;20;1576
12;2025-12-24;21;948
12;2025-12-24;22;483
12;2025-12-24;23;254
12;2025-12-25;0;55
12;2025-12-25;1;2
12;2025-12-25;2;0
12;2025-12-25;3;0
12;2025-12-25;4;6
12;2025-12-25;5;328
12;2025-12-25;6;1399
12;2025-12-25;7;2809
12;2025-12-25;8;3751
12;2025-12-25;9;2556
12;2025-12-25;10;2141
12;2025-12-25;11;2060
12;2025-12-25;12;2142
12;2025-12-25;13;2107
12;2025-12-25;14;2117
12;2025-12-25;15;2351
12;2025-12-25;16;2876
12;2025-12-25;17;3162
12;2025-12-25;18;3322
12;2025-12-25;19;2548
12;2025-12-25;20;1576
12;2025-12-25;21;948
12;2025-12-25;22;483
12;2025-12-25;23;254
12;2025-12-26;0;60
12;2025-12-26;1;2
12;2025-12-26;2;0
12;2025-12-26;3;0
12;2025-12-26;4;4
12;2025-12-26;5;310
12;2025-12-26;6;1349
12;2025-12-26;7;2719
12;2025-12-26;8;3507
12;2025-12-26;9;2428
12;2025-12-26;10;2004
12;2025-12-26;11;2028
12;2025-12-26;12;2077
12;2025-12-26;13;2144
12;2025-12-26;14;2162
12;2025-12-26;15;2460
12;2025-12-26;16;3138
12;2025-12-26;17;3076
12;2025-12-26;18;2702
12;2025-12-26;19;2225
12;2025-12-26;20;1458
12;2025-12-26;21;999
12;2025-12-26;22;515
12;2025-12-26;23;310
12;2025-12-27;0;80
12;2025-12-27;1;5
12;2025-12-27;2;0
12;2025-12-27;3;0
12;2025-12-27;4;2
12;2025-12-27;5;215
12;2025-12-27;6;782
12;2025-12-27;7;897
12;2025-12-27;8;1002
12;2025-12-27;9;1216
12;2025-12-27;10;1456
12;2025-12-27;11;1586
12;2025-12-27;12;1600
12;2025-12-27;13;1908
12;2025-12-27;14;1688
12;2025-12-27;15;1618
12;2025-12-27;16;1697
12;2025-12-27;17;1622
12;2025-12-27;18;1550
12;2025-12-27;19;1393
12;2025-12-27;20;943
12;2025-12-27;21;682
12;2025-12-27;22;416
12;2025-12-27;23;290
12;2025-12-28;0;92
12;2025-12-28;1;6
12;2025-12-28;2;0
12;2025-12-28;3;0
12;2025-12-28;4;3
12;2025-12-28;5;142
12;2025-12-28;6;511
12;2025-12-28;7;641
12;2025-12-28;8;732
12;2025-12-28;9;965
12;2025-12-28;10;1192
12;2025-12-28;11;1336
12;2025-12-28;12;1418
12;2025-12-28;13;1669
12;2025-12-28;14;1554
12;2025-12-28;15;1481
12;2025-12-28;16;1531
12;2025-12-28;17;1546
12;2025-12-28;18;1315
12;2025-12-28;19;1020
12;2025-12-28;20;746
12;2025-12-28;21;584
12;2025-12-28;22;391
12;2025-12-28;23;207
12;2025-12-29;0;48
12;2025-12-29;1;2
12;2025-12-29;2;0
12;2025-12-29;3;0
12;2025-12-29;4;5
12;2025-12-29;5;287
12;2025-12-29;6;1225
12;2025-12-29;7;2461
12;2025-12-29;8;3285
12;2025-12-29;9;2239
12;2025-12-29;10;1875
12;2025-12-29;11;1805
12;2025-12-29;12;1876
12;2025-12-29;13;1845
12;2025-12-29;14;1854
12;2025-12-29;15;2059
12;2025-12-29;16;2519
12;2025-12-29;17;2769
12;2025-12-29;18;2910
12;2025-12-29;19;2232
12;2025-12-29;20;1380
12;2025-12-29;21;830
12;2025-12-29;22;423
12;2025-12-29;23;223
12;2025-12-30;0;47
12;2025-12-30;1;2
12;2025-12-30;2;0
12;2025-12-30;3;0
12;2025-12-30;4;5
12;2025-12-30;5;279
12;2025-12-30;6;1189
12;2025-12-30;7;2388
12;2025-12-30;8;3188
12;2025-12-30;9;2173
12;2025-12-30;10;1820
12;2025-12-30;11;1751
12;2025-12-30;12;1821
12;2025-12-30;13;1791
12;2025-12-30;14;1799
12;2025-12-30;15;1998
12;2025-12-30;16;2445
12;2025-12-30;17;2688
12;2025-12-30;18;2824
12;2025-12-30;19;2166
12;2025-12-30;20;1340
12;2025-12-30;21;806
12;2025-12-30;22;411
12;2025-12-30;23;216
12;2025-12-31;0;68
12;2025-12-31;1;4
12;2025-12-31;2;0
12;2025-12-31;3;0
12;2025-12-31;4;2
12;2025-12-31;5;183
12;2025-12-31;6;665
12;2025-12-31;7;762
12;2025-12-31;8;851
12;2025-12-31;9;1034
12;2025-12-31;10;1237
12;2025-12-31;11;1348
12;2025-12-31;12;1360
12;2025-12-31;13;1622
12;2025-12-31;14;1435
12;2025-12-31;15;1375
12;2025-12-31;16;1443
12;2025-12-31;17;1379
12;2025-12-31;18;1317
12;2025-12-31;19;1184
12;2025-12-31;20;802
12;2025-12-31;21;580
12;2025-12-31;22;353
12;2025-12-31;23;246
17;2025-11-01;0;151
17;2025-11-01;1;30
17;2025-11-01;2;0
17;2025-11-01;3;0
17;2025-11-01;4;20
17;2025-11-01;5;245
17;2025-11-01;6;1197
17;2025-11-01;7;3155
17;2025-11-01;8;4119
17;2025-11-01;9;2947
17;2025-11-01;10;2339
17;2025-11-01;11;2351
17;2025-11-01;12;2387
17;2025-11-01;13;2441
17;2025-11-01;14;2510
17;2025-11-01;15;2777
17;2025-11-01;16;3333
17;2025-11-01;17;3686
17;2025-11-01;18;3437
17;2025-11-01;19;2510
17;2025-11-01;20;1835
17;2025-11-01;21;1237
17;2025-11-01;22;657
17;2025-11-01;23;362
17;2025-11-02;0;187
17;2025-11-02;1;26
17;2025-11-02;2;0
17;2025-11-02;3;0
17;2025-11-02;4;4
17;2025-11-02;5;110
17;2025-11-02;6;454
17;2025-11-02;7;831
17;2025-11-02;8;1287
17;2025-11-02;9;1760
17;2025-11-02;10;2071
17;2025-11-02;11;2638
17;2025-11-02;12;3052
17;2025-11-02;13;3338
17;2025-11-02;14;3416
17;2025-11-02;15;3390
17;2025-11-02;16;3294
17;2025-11-02;17;3132
17;2025-11-02;18;2719
17;2025-11-02;19;2189
17;2025-11-02;20;1647
17;2025-11-02;21;1182
17;2025-11-02;22;742
17;2025-11-02;23;329
17;2025-11-03;0;171
17;2025-11-03;1;23
17;2025-11-03;2;0
17;2025-11-03;3;0
17;2025-11-03;4;4
17;2025-11-03;5;108
17;2025-11-03;6;451
17;2025-11-03;7;898
17;2025-11-03;8;1339
17;2025-11-03;9;1770
17;2025-11-03;10;2022
17;2025-11-03;11;2510
17;2025-11-03;12;2861
17;2025-11-03;13;3086
17;2025-11-03;14;3146
17;2025-11-03;15;3128
17;2025-11-03;16;3092
17;2025-11-03;17;2913
17;2025-11-03;18;2559
17;2025-11-03;19;2061
17;2025-11-03;20;1570
17;2025-11-03;21;1135
17;2025-11-03;22;715
17;2025-11-03;23;344
17;2025-11-04;0;171
17;2025-11-04;1;23
17;2025-11-04;2;0
17;2025-11-04;3;0
17;2025-11-04;4;4
17;2025-11-04;5;108
17;2025-11-04;6;451
17;2025-11-04;7;898
17;2025-11-04;8;1339
17;2025-11-04;9;1770
17;2025-11-04;10;2022
17;2025-11-04;11;2510
17;2025-11-04;12;2861
17;2025-11-04;13;3086
17;2025-11-04;14;3146
17;2025-11-04;15;3128
17;2025-11-04;16;3092
17;2025-11-04;17;2913
17;2025-11-04;18;2559
17;2025-11-04;19;2061
17;2025-11-04;20;1570
17;2025-11-04;21;1135
17;2025-11-04;22;715
17;2025-11-04;23;344
17;2025-11-05;0;122
17;2025-11-05;1;12
17;2025-11-05;2;0
17;2025-11-05;3;0
17;2025-11-05;4;28
17;2025-11-05;5;336
17;2025-11-05;6;1639
17;2025-11-05;7;4349
17;2025-11-05;8;5716
17;2025-11-05;9;4045
17;2025-11-05;10;3157
17;2025-11-05;11;3128
17;2025-11-05;12;3171
17;2025-11-05;13;3234
17;2025-11-05;14;3328
17;2025-11-05;15;3458
17;2025-11-05;16;3900
17;2025-11-05;17;4773
17;2025-11-05;18;5138
17;2025-11-05;19;3548
17;2025-11-05;20;2465
17;2025-11-05;21;1519
17;2025-11-05;22;780
17;2025-11-05;23;377
17;2025-11-06;0;122
17;2025-11-06;1;12
17;2025-11-06;2;0
17;2025-11-06;3;0
17;2025-11-06;4;28
17;2025-11-06;5;336
17;2025-11-06;6;1639
17;2025-11-06;7;4349
17;2025-11-06;8;5716
17;2025-11-06;9;4045
17;2025-11-06;10;3157
17;2025-11-06;11;3128
17;2025-11-06;12;3171
17;2025-11-06;13;3234
17;2025-11-06;14;3328
17;2025-11-06;15;3458
17;2025-11-06;16;3900
17;2025-11-06;17;4773
17;2025-11-06;18;5138
17;2025-11-06;19;3548
17;2025-11-06;20;2465
17;2025-11-06;21;1519
17;2025-11-06;22;780
17;2025-11-06;23;377
17;2025-11-07;0;144
17;2025-11-07;1;17
17;2025-11-07;2;0
17;2025-11-07;3;0
17;2025-11-07;4;26
17;2025-11-07;5;316
17;2025-11-07;6;1542
17;2025-11-07;7;4064
17;2025-11-07;8;5306
17;2025-11-07;9;3796
17;2025-11-07;10;3013
17;2025-11-07;11;3028
17;2025-11-07;12;3075
17;2025-11-07;13;3144
17;2025-11-07;14;3233
17;2025-11-07;15;3578
17;2025-11-07;16;4293
17;2025-11-07;17;4749
17;2025-11-07;18;4428
17;2025-11-07;19;3233
17;2025-11-07;20;2364
17;2025-11-07;21;1593
17;2025-11-07;22;846
17;2025-11-07;23;466
17;2025-11-08;0;203
17;2025-11-08;1;27
17;2025-11-08;2;0
17;2025-11-08;3;0
17;2025-11-08;4;6
17;2025-11-08;5;138
17;2025-11-08;6;580
17;2025-11-08;7;1240
17;2025-11-08;8;1794
17;2025-11-08;9;2303
17;2025-11-08;10;2560
17;2025-11-08;11;3100
17;2025-11-08;12;3480
17;2025-11-08;13;3699
17;2025-11-08;14;3757
17;2025-11-08;15;3742
17;2025-11-08;16;3767
17;2025-11-08;17;3513
17;2025-11-08;18;3126
17;2025-11-08;19;2518
17;2025-11-08;20;1942
17;2025-11-08;21;1414
17;2025-11-08;22;894
17;2025-11-08;23;464
17;2025-11-09;0;187
17;2025-11-09;1;26
17;2025-11-09;2;0
17;2025-11-09;3;0
17;2025-11-09;4;4
17;2025-11-09;5;110
17;2025-11-09;6;454
17;2025-11-09;7;831
17;2025-11-09;8;1287
17;2025-11-09;9;1760
17;2025-11-09;10;2071
17;2025-11-09;11;2638
17;2025-11-09;12;3052
17;2025-11-09;13;3338
17;2025-11-09;14;3416
17;2025-11-09;15;3390
17;2025-11-09;16;3294
17;2025-11-09;17;3132
17;2025-11-09;18;2719
17;2025-11-09;19;2189
17;2025-11-09;20;1647
17;2025-11-09;21;1182
17;2025-11-09;22;742
17;2025-11-09;23;329
17;2025-11-10;0;119
17;2025-11-10;1;12
17;2025-11-10;2;0
17;2025-11-10;3;0
17;2025-11-10;4;28
17;2025-11-10;5;327
17;2025-11-10;6;1595
17;2025-11-10;7;4232
17;2025-11-10;8;5563
17;2025-11-10;9;3936
17;2025-11-10;10;3072
17;2025-11-10;11;3044
17;2025-11-10;12;3086
17;2025-11-10;13;3148
17;2025-11-10;14;3239
17;2025-11-10;15;3365
17;2025-11-10;16;3796
17;2025-11-10;17;4645
17;2025-11-10;18;5000
17;2025-11-10;19;3453
17;2025-11-10;20;2399
17;2025-11-10;21;1479
17;2025-11-10;22;759
17;2025-11-10;23;367
17;2025-11-11;0;122
17;2025-11-11;1;12
17;2025-11-11;2;0
17;2025-11-11;3;0
17;2025-11-11;4;28
17;2025-11-11;5;336
17;2025-11-11;6;1639
17;2025-11-11;7;4349
17;2025-11-11;8;5716
17;2025-11-11;9;4045
17;2025-11-11;10;3157
17;2025-11-11;11;3128
17;2025-11-11;12;3171
17;2025-11-11;13;3234
17;2025-11-11;14;3328
17;2025-11-11;15;3458
17;2025-11-11;16;3900
17;2025-11-11;17;4773
17;2025-11-11;18;5138
17;2025-11-11;19;3548
17;2025-11-11;20;2465
17;2025-11-11;21;1519
17;2025-11-11;22;780
17;2025-11-11;23;377
17;2025-11-12;0;122
17;2025-11-12;1;12
17;2025-11-12;2;0
17;2025-11-12;3;0
17;2025-11-12;4;28
17;2025-11-12;5;336
17;2025-11-12;6;1639
17;2025-11-12;7;4349
17;2025-11-12;8;5716
17;2025-11-12;9;4045
17;2025-11-12;10;3157
17;2025-11-12;11;3128
17;2025-11-12;12;3171
17;2025-11-12;13;3234
17;2025-11-12;14;3328
17;2025-11-12;15;3458
17;2025-11-12;16;3900
17;2025-11-12;17;4773
17;2025-11-12;18;5138
17;2025-11-12;19;3548
17;2025-11-12;20;2465
17;2025-11-12;21;1519
17;2025-11-12;22;780
17;2025-11-12;23;377
17;2025-11-13;0;122
17;2025-11-13;1;12
17;2025-11-13;2;0
17;2025-11-13;3;0
17;2025-11-13;4;28
17;2025-11-13;5;336
17;2025-11-13;6;1639
17;2025-11-13;7;4349
17;2025-11-13;8;5716
17;2025-11-13;9;4045
17;2025-11-13;10;3157
17;2025-11-13;11;3128
17;2025-11-13;12;3171
17;2025-11-13;13;3234
17;2025-11-13;14;3328
17;2025-11-13;15;3458
17;2025-11-13;16;3900
17;2025-11-13;17;4773
17;2025-11-13;18;5138
17;2025-11-13;19;3548
17;2025-11-13;20;2465
17;2025-11-13;21;1519
17;2025-11-13;22;780
17;2025-11-13;23;377
17;2025-11-14;0;144
17;2025-11-14;1;17
17;2025-11-14;2;0
17;2025-11-14;3;0
17;2025-11-14;4;26
17;2025-11-14;5;316
17;2025-11-14;6;1542
17;2025-11-14;7;4064
17;2025-11-14;8;5306
17;2025-11-14;9;3796
17;2025-11-14;10;3013
17;2025-11-14;11;3028
17;2025-11-14;12;3075
17;2025-11-14;13;3144
17;2025-11-14;14;3233
17;2025-11-14;15;3578
17;2025-11-14;16;4293
17;2025-11-14;17;4749
17;2025-11-14;18;4428
17;2025-11-14;19;3233
17;2025-11-14;20;2364
17;2025-11-14;21;1593
17;2025-11-14;22;846
17;2025-11-14;23;466
17;2025-11-15;0;203
17;2025-11-15;1;27
17;2025-11-15;2;0
17;2025-11-15;3;0
17;2025-11-15;4;6
17;2025-11-15;5;138
17;2025-11-15;6;580
17;2025-11-15;7;1240
17;2025-11-15;8;1794
17;2025-11-15;9;2303
17;2025-11-15;10;2560
17;2025-11-15;11;3100
17;2025-11-15;12;3480
17;2025-11-15;13;3699
17;2025-11-15;14;3757
17;2025-11-15;15;3742
17;2025-11-15;16;3767
17;2025-11-15;17;3513
17;2025-11-15;18;3126
17;2025-11-15;19;2518
17;2025-11-15;20;1942
17;2025-11-15;21;1414
17;2025-11-15;22;894
17;2025-11-15;23;464
17;2025-11-16;0;187
17;2025-11-16;1;26
17;2025-11-16;2;0
17;2025-11-16;3;0
17;2025-11-16;4;4
17;2025-11-16;5;110
17;2025-11-16;6;454
17;2025-11-16;7;831
17;2025-11-16;8;1287
17;2025-11-16;9;1760
17;2025-11-16;10;2071
17;2025-11-16;11;2638
17;2025-11-16;12;3052
17;2025-11-16;13;3338
17;2025-11-16;14;3416
17;2025-11-16;15;3390
17;2025-11-16;16;3294
17;2025-11-16;17;3132
17;2025-11-16;18;2719
17;2025-11-16;19;2189
17;2025-11-16;20;1647
17;2025-11-16;21;1182
17;2025-11-16;22;742
17;2025-11-16;23;329
17;2025-11-17;0;119
17;2025-11-17;1;12
17;2025-11-17;2;0
17;2025-11-17;3;0
17;2025-11-17;4;28
17;2025-11-17;5;327
17;2025-11-17;6;1595
17;2025-11-17;7;4232
17;2025-11-17;8;5563
17;2025-11-17;9;3936
17;2025-11-17;10;3072
17;2025-11-17;11;3044
17;2025-11-17;12;3086
17;2025-11-17;13;3148
17;2025-11-17;14;3239
17;2025-11-17;15;3365
17;2025-11-17;16;3796
17;2025-11-17;17;4645
17;2025-11-17;18;5000
17;2025-11-17;19;3453
17;2025-11-17;20;2399
17;2025-11-17;21;1479
17;2025-11-17;22;759
17;2025-11-17;23;367
17;2025-11-18;0;122
17;2025-11-18;1;12
17;2025-11-18;2;0
17;2025-11-18;3;0
17;2025-11-18;4;28
17;2025-11-18;5;336
17;2025-11-18;6;1639
17;2025-11-18;7;4349
17;2025-11-18;8;5716
17;2025-11-18;9;4045
17;2025-11-18;10;3157
17;2025-11-18;11;3128
17;2025-11-18;12;3171
17;2025-11-18;13;3234
17;2025-11-18;14;3328
17;2025-11-18;15;3458
17;2025-11-18;16;3900
17;2025-11-18;17;4773
17;2025-11-18;18;5138
17;2025-11-18;19;3548
17;2025-11-18;20;2465
17;2025-11-18;21;1519
17;2025-11-18;22;780
17;2025-11-18;23;377
17;2025-11-19;0;122
17;2025-11-19;1;12
17;2025-11-19;2;0
17;2025-11-19;3;0
17;2025-11-19;4;28
17;2025-11-19;5;336
17;2025-11-19;6;1639
17;2025-11-19;7;4349
17;2025-11-19;8;5716
17;2025-11-19;9;4045
17;2025-11-19;10;3157
17;2025-11-19;11;3128
17;2025-11-19;12;3171
17;2025-11-19;13;3234
17;2025-11-19;14;3328
17;2025-11-19;15;3458
17;2025-11-19;16;3900
17;2025-11-19;17;4773
17;2025-11-19;18;5138
17;2025-11-19;19;3548
17;2025-11-19;20;2465
17;2025-11-19;21;1519
17;2025-11-19;22;780
17;2025-11-19;23;377
17;2025-11-20;0;122
17;2025-11-20;1;12
17;2025-11-20;2;0
17;2025-11-20;3;0
17;2025-11-20;4;28
17;2025-11-20;5;336
17;2025-11-20;6;1639
17;2025-11-20;7;4349
17;2025-11-20;8;5716
17;2025-11-20;9;4045
17;2025-11-20;10;3157
17;2025-11-20;11;3128
17;2025-11-20;12;3171
17;2025-11-20;13;3234
17;2025-11-20;14;3328
17;2025-11-20;15;3458
17;2025-11-20;16;3900
17;2025-11-20;17;4773
17;2025-11-20;18;5138
17;2025-11-20;19;3548
17;2025-11-20;20;2465
17;2025-11-20;21;1519
17;2025-11-20;22;780
17;2025-11-20;23;377
17;2025-11-21;0;144
17;2025-11-21;1;17
17;2025-11-21;2;0
17;2025-11-21;3;0
17;2025-11-21;4;26
17;2025-11-21;5;316
17;2025-11-21;6;1542
17;2025-11-21;7;4064
17;2025-11-21;8;5306
17;2025-11-21;9;3796
17;2025-11-21;10;3013
17;2025-11-21;11;3028
17;2025-11-21;12;3075
17;2025-11-21;13;3144
17;2025-11-21;14;3233
17;2025-11-21;15;3578
17;2025-11-21;16;4293
17;2025-11-21;17;4749
17;2025-11-21;18;4428
17;2025-11-21;19;3233
17;2025-11-21;20;2364
17;2025-11-21;21;1593
17;2025-11-21;22;846
17;2025-11-21;23;466
17;2025-11-22;0;203
17;2025-11-22;1;27
17;2025-11-22;2;0
17;2025-11-22;3;0
17;2025-11-22;4;6
17;2025-11-22;5;138
17;2025-11-22;6;580
17;2025-11-22;7;1240
17;2025-11-22;8;1794
17;2025-11-22;9;2303
17;2025-11-22;10;2560
17;2025-11-22;11;3100
17;2025-11-22;12;3480
17;2025-11-22;13;3699
17;2025-11-22;14;3757
17;2025-11-22;15;3742
17;2025-11-22;16;3767
17;2025-11-22;17;3513
17;2025-11-22;18;3126
17;2025-11-22;19;2518
17;2025-11-22;20;1942
17;2025-11-22;21;1414
17;2025-11-22;22;894
17;2025-11-22;23;464
17;2025-11-23;0;187
17;2025-11-23;1;26
17;2025-11-23;2;0
17;2025-11-23;3;0
17;2025-11-23;4;4
17;2025-11-23;5;110
17;2025-11-23;6;454
17;2025-11-23;7;831
17;2025-11-23;8;1287
17;2025-11-23;9;1760
17;2025-11-23;10;2071
17;2025-11-23;11;2638
17;2025-11-23;12;3052
17;2025-11-23;13;3338
17;2025-11-23;14;3416
17;2025-11-23;15;3390
17;2025-11-23;16;3294
17;2025-11-23;17;3132
17;2025-11-23;18;2719
17;2025-11-23;19;2189
17;2025-11-23;20;1647
17;2025-11-23;21;1182
17;2025-11-23;22;742
17;2025-11-23;23;329
17;2025-11-24;0;119
17;2025-11-24;1;12
17;2025-11-24;2;0
17;2025-11-24;3;0
17;2025-11-24;4;28
17;2025-11-24;5;327
17;2025-11-24;6;1595
17;2025-11-24;7;4232
17;2025-11-24;8;5563
17;2025-11-24;9;3936
17;2025-11-24;10;3072
17;2025-11-24;11;3044
17;2025-11-24;12;3086
17;2025-11-24;13;3148
17;2025-11-24;14;3239
17;2025-11-24;15;3365
17;2025-11-24;16;3796
17;2025-11-24;17;4645
17;2025-11-24;18;5000
17;2025-11-24;19;3453
17;2025-11-24;20;2399
17;2025-11-24;21;1479
17;2025-11-24;22;759
17;2025-11-24;23;367
17;2025-11-25;0;122
17;2025-11-25;1;12
17;2025-11-25;2;0
17;2025-11-25;3;0
17;2025-11-25;4;28
17;2025-11-25;5;336
17;2025-11-25;6;1639
17;2025-11-25;7;4349
17;2025-11-25;8;5716
17;2025-11-25;9;4045
17;2025-11-25;10;3157
17;2025-11-25;11;3128
17;2025-11-25;12;3171
17;2025-11-25;13;3234
17;2025-11-25;14;3328
17;2025-11-25;15;3458
17;2025-11-25;16;3900
17;2025-11-25;17;4773
17;2025-11-25;18;5138
17;2025-11-25;19;3548
17;2025-11-25;20;2465
17;2025-11-25;21;1519
17;2025-11-25;22;780
17;2025-11-25;23;377
17;2025-11-26;0;122
17;2025-11-26;1;12
17;2025-11-26;2;0
17;2025-11-26;3;0
17;2025-11-26;4;28
17;2025-11-26;5;336
17;2025-11-26;6;1639
17;2025-11-26;7;4349
17;2025-11-26;8;5716
17;2025-11-26;9;4045
17;2025-11-26;10;3157
17;2025-11-26;11;3128
17;2025-11-26;12;3171
17;2025-11-26;13;3234
17;2025-11-26;14;3328
17;2025-11-26;15;3458
17;2025-11-26;16;3900
17;2025-11-26;17;4773
17;2025-11-26;18;5138
17;2025-11-26;19;3548
17;2025-11-26;20;2465
17;2025-11-26;21;1519
17;2025-11-26;22;780
17;2025-11-26;23;377
17;2025-11-27;0;122
17;2025-11-27;1;12
17;2025-11-27;2;0
17;2025-11-27;3;0
17;2025-11-27;4;28
17;2025-11-27;5;336
17;2025-11-27;6;1639
17;2025-11-27;7;4349
17;2025-11-27;8;5716
17;2025-11-27;9;4045
17;2025-11-27;10;3157
17;2025-11-27;11;3128
17;2025-11-27;12;3171
17;2025-11-27;13;3234
17;2025-11-27;14;3328
17;2025-11-27;15;3458
17;2025-11-27;16;3900
17;2025-11-27;17;4773
17;2025-11-27;18;5138
17;2025-11-27;19;3548
17;2025-11-27;20;2465
17;2025-11-27;21;1519
17;2025-11-27;22;780
17;2025-11-27;23;377
17;2025-11-28;0;144
17;2025-11-28;1;17
17;2025-11-28;2;0
17;2025-11-28;3;0
17;2025-11-28;4;26
17;2025-11-28;5;316
17;2025-11-28;6;1542
17;2025-11-28;7;4064
17;2025-11-28;8;5306
17;2025-11-28;9;3796
17;2025-11-28;10;3013
17;2025-11-28;11;3028
17;2025-11-28;12;3075
17;2025-11-28;13;3144
17;2025-11-28;14;3233
17;2025-11-28;15;3578
17;2025-11-28;16;4293
17;2025-11-28;17;4749
17;2025-11-28;18;4428
17;2025-11-28;19;3233
17;2025-11-28;20;2364
17;2025-11-28;21;1593
17;2025-11-28;22;846
17;2025-11-28;23;466
17;2025-11-29;0;203
17;2025-11-29;1;27
17;2025-11-29;2;0
17;2025-11-29;3;0
17;2025-11-29;4;6
17;2025-11-29;5;138
17;2025-11-29;6;580
17;2025-11-29;7;1240
17;2025-11-29;8;1794
17;2025-11-29;9;2303
17;2025-11-29;10;2560
17;2025-11-29;11;3100
17;2025-11-29;12;3480
17;2025-11-29;13;3699
17;2025-11-29;14;3757
17;2025-11-29;15;3742
17;2025-11-29;16;3767
17;2025-11-29;17;3513
17;2025-11-29;18;3126
17;2025-11-29;19;2518
17;2025-11-29;20;1942
17;2025-11-29;21;1414
17;2025-11-29;22;894
17;2025-11-29;23;464
17;2025-11-30;0;187
17;2025-11-30;1;26
17;2025-11-30;2;0
17;2025-11-30;3;0
17;2025-11-30;4;4
17;2025-11-30;5;110
17;2025-11-30;6;454
17;2025-11-30;7;831
17;2025-11-30;8;1287
17;2025-11-30;9;1760
17;2025-11-30;10;2071
17;2025-11-30;11;2638
17;2025-11-30;12;3052
17;2025-11-30;13;3338
17;2025-11-30;14;3416
17;2025-11-30;15;3390
17;2025-11-30;16;3294
17;2025-11-30;17;3132
17;2025-11-30;18;2719
17;2025-11-30;19;2189
17;2025-11-30;20;1647
17;2025-11-30;21;1182
17;2025-11-30;22;742
17;2025-11-30;23;329
17;2025-12-01;0;118
17;2025-12-01;1;11
17;2025-12-01;2;0
17;2025-12-01;3;0
17;2025-12-01;4;28
17;2025-12-01;5;329
17;2025-12-01;6;1596
17;2025-12-01;7;4212
17;2025-12-01;8;5560
17;2025-12-01;9;3925
17;2025-12-01;10;3061
17;2025-12-01;11;3033
17;2025-12-01;12;3078
17;2025-12-01;13;3141
17;2025-12-01;14;3227
17;2025-12-01;15;3367
17;2025-12-01;16;3794
17;2025-12-01;17;4647
17;2025-12-01;18;5025
17;2025-12-01;19;3485
17;2025-12-01;20;2410
17;2025-12-01;21;1480
17;2025-12-01;22;769
17;2025-12-01;23;365
17;2025-12-02;0;121
17;2025-12-02;1;12
17;2025-12-02;2;0
17;2025-12-02;3;0
17;2025-12-02;4;29
17;2025-12-02;5;338
17;2025-12-02;6;1640
17;2025-12-02;7;4328
17;2025-12-02;8;5713
17;2025-12-02;9;4033
17;2025-12-02;10;3145
17;2025-12-02;11;3116
17;2025-12-02;12;3163
17;2025-12-02;13;3227
17;2025-12-02;14;3316
17;2025-12-02;15;3460
17;2025-12-02;16;3899
17;2025-12-02;17;4775
17;2025-12-02;18;5164
17;2025-12-02;19;3581
17;2025-12-02;20;2476
17;2025-12-02;21;1521
17;2025-12-02;22;790
17;2025-12-02;23;376
17;2025-12-03;0;121
17;2025-12-03;1;12
17;2025-12-03;2;0
17;2025-12-03;3;0
17;2025-12-03;4;29
17;2025-12-03;5;338
17;2025-12-03;6;1640
17;2025-12-03;7;4328
17;2025-12-03;8;5713
17;2025-12-03;9;4033
17;2025-12-03;10;3145
17;2025-12-03;11;3116
17;2025-12-03;12;3163
17;2025-12-03;13;3227
17;2025-12-03;14;3316
17;2025-12-03;15;3460
17;2025-12-03;16;3899
17;2025-12-03;17;4775
17;2025-12-03;18;5164
17;2025-12-03;19;3581
17;2025-12-03;20;2476
17;2025-12-03;21;1521
17;2025-12-03;22;790
17;2025-12-03;23;376
17;2025-12-04;0;121
17;2025-12-04;1;12
17;2025-12-04;2;0
17;2025-12-04;3;0
17;2025-12-04;4;29
17;2025-12-04;5;338
17;2025-12-04;6;1640
17;2025-12-04;7;4328
17;2025-12-04;8;5713
17;2025-12-04;9;4033
17;2025-12-04;10;3145
17;2025-12-04;11;3116
17;2025-12-04;12;3163
17;2025-12-04;13;3227
17;2025-12-04;14;3316
17;2025-12-04;15;3460
17;2025-12-04;16;3899
17;2025-12-04;17;4775
17;2025-12-04;18;5164
17;2025-12-04;19;3581
17;2025-12-04;20;2476
17;2025-12-04;21;1521
17;2025-12-04;22;790
17;2025-12-04;23;376
17;2025-12-05;0;144
17;2025-12-05;1;16
17;2025-12-05;2;0
17;2025-12-05;3;0
17;2025-12-05;4;27
17;2025-12-05;5;316
17;2025-12-05;6;1542
17;2025-12-05;7;4039
17;2025-12-05;8;5305
17;2025-12-05;9;3788
17;2025-12-05;10;3008
17;2025-12-05;11;3016
17;2025-12-05;12;3079
17;2025-12-05;13;3144
17;2025-12-05;14;3237
17;2025-12-05;15;3595
17;2025-12-05;16;4307
17;2025-12-05;17;4738
17;2025-12-05;18;4442
17;2025-12-05;19;3235
17;2025-12-05;20;2361
17;2025-12-05;21;1592
17;2025-12-05;22;862
17;2025-12-05;23;463
17;2025-12-06;0;201
17;2025-12-06;1;27
17;2025-12-06;2;0
17;2025-12-06;3;0
17;2025-12-06;4;6
17;2025-12-06;5;137
17;2025-12-06;6;575
17;2025-12-06;7;1225
17;2025-12-06;8;1779
17;2025-12-06;9;2288
17;2025-12-06;10;2541
17;2025-12-06;11;3087
17;2025-12-06;12;3474
17;2025-12-06;13;3683
17;2025-12-06;14;3748
17;2025-12-06;15;3732
17;2025-12-06;16;3759
17;2025-12-06;17;3514
17;2025-12-06;18;3130
17;2025-12-06;19;2530
17;2025-12-06;20;1944
17;2025-12-06;21;1420
17;2025-12-06;22;906
17;2025-12-06;23;463
17;2025-12-07;0;185
17;2025-12-07;1;26
17;2025-12-07;2;0
17;2025-12-07;3;0
17;2025-12-07;4;4
17;2025-12-07;5;109
17;2025-12-07;6;451
17;2025-12-07;7;816
17;2025-12-07;8;1280
17;2025-12-07;9;1749
17;2025-12-07;10;2058
17;2025-12-07;11;2616
17;2025-12-07;12;3038
17;2025-12-07;13;3328
17;2025-12-07;14;3394
17;2025-12-07;15;3377
17;2025-12-07;16;3280
17;2025-12-07;17;3121
17;2025-12-07;18;2712
17;2025-12-07;19;2187
17;2025-12-07;20;1652
17;2025-12-07;21;1178
17;2025-12-07;22;744
17;2025-12-07;23;327
17;2025-12-08;0;118
17;2025-12-08;1;11
17;2025-12-08;2;0
17;2025-12-08;3;0
17;2025-12-08;4;28
17;2025-12-08;5;329
17;2025-12-08;6;1596
17;2025-12-08;7;4212
17;2025-12-08;8;5560
17;2025-12-08;9;3925
17;2025-12-08;10;3061
17;2025-12-08;11;3033
17;2025-12-08;12;3078
17;2025-12-08;13;3141
17;2025-12-08;14;3227
17;2025-12-08;15;3367
17;2025-12-08;16;3794
17;2025-12-08;17;4647
17;2025-12-08;18;5025
17;2025-12-08;19;3485
17;2025-12-08;20;2410
17;2025-12-08;21;1480
17;2025-12-08;22;769
17;2025-12-08;23;365
17;2025-12-09;0;121
17;2025-12-09;1;12
17;2025-12-09;2;0
17;2025-12-09;3;0
17;2025-12-09;4;29
17;2025-12-09;5;338
17;2025-12-09;6;1640
17;2025-12-09;7;4328
17;2025-12-09;8;5713
17;2025-12-09;9;4033
17;2025-12-09;10;3145
17;2025-12-09;11;3116
17;2025-12-09;12;3163
17;2025-12-09;13;3227
17;2025-12-09;14;3316
17;2025-12-09;15;3460
17;2025-12-09;16;3899
17;2025-12-09;17;4775
17;2025-12-09;18;5164
17;2025-12-09;19;3581
17;2025-12-09;20;2476
17;2025-12-09;21;1521
17;2025-12-09;22;790
17;2025-12-09;23;376
17;2025-12-10;0;121
17;2025-12-10;1;12
17;2025-12-10;2;0
17;2025-12-10;3;0
17;2025-12-10;4;29
17;2025-12-10;5;338
17;2025-12-10;6;1640
17;2025-12-10;7;4328
17;2025-12-10;8;5713
17;2025-12-10;9;4033
17;2025-12-10;10;3145
17;2025-12-10;11;3116
17;2025-12-10;12;3163
17;2025-12-10;13;3227
17;2025-12-10;14;3316
17;2025-12-10;15;3460
17;2025-12-10;16;3899
17;2025-12-10;17;4775
17;2025-12-10;18;5164
17;2025-12-10;19;3581
17;2025-12-10;20;2476
17;2025-12-10;21;1521
17;2025-12-10;22;790
17;2025-12-10;23;376
17;2025-12-11;0;121
17;2025-12-11;1;12
17;2025-12-11;2;0
17;2025-12-11;3;0
17;2025-12-11;4;29
17;2025-12-11;5;338
17;2025-12-11;6;1640
17;2025-12-11;7;4328
17;2025-12-11;8;5713
17;2025-12-11;9;4033
17;2025-12-11;10;3145
17;2025-12-11;11;3116
17;2025-12-11;12;3163
17;2025-12-11;13;3227
17;2025-12-11;14;3316
17;2025-12-11;15;3460
17;2025-12-11;16;3899
17;2025-12-11;17;4775
17;2025-12-11;18;5164
17;2025-12-11;19;3581
17;2025-12-11;20;2476
17;2025-12-11;21;1521
17;2025-12-11;22;790
17;2025-12-11;23;376
17;2025-12-12;0;144
17;2025-12-12;1;16
17;2025-12-12;2;0
17;2025-12-12;3;0
17;2025-12-12;4;27
17;2025-12-12;5;316
17;2025-12-12;6;1542
17;2025-12-12;7;4039
17;2025-12-12;8;5305
17;2025-12-12;9;3788
17;2025-12-12;10;3008
17;2025-12-12;11;3016
17;2025-12-12;12;3079
17;2025-12-12;13;3144
17;2025-12-12;14;3237
17;2025-12-12;15;3595
17;2025-12-12;16;4307
17;2025-12-12;17;4738
17;2025-12-12;18;4442
17;2025-12-12;19;3235
17;2025-12-12;20;2361
17;2025-12-12;21;1592
17;2025-12-12;22;862
17;2025-12-12;23;463
17;2025-12-13;0;201
17;2025-12-13;1;27
17;2025-12-13;2;0
17;2025-12-13;3;0
17;2025-12-13;4;6
17;2025-12-13;5;137
17;2025-12-13;6;575
17;2025-12-13;7;1225
17;2025-12-13;8;1779
17;2025-12-13;9;2288
17;2025-12-13;10;2541
17;2025-12-13;11;3087
17;2025-12-13;12;3474
17;2025-12-13;13;3683
17;2025-12-13;14;3748
17;2025-12-13;15;3732
17;2025-12-13;16;3759
17;2025-12-13;17;3514
17;2025-12-13;18;3130
17;2025-12-13;19;2530
17;2025-12-13;20;1944
17;2025-12-13;21;1420
17;2025-12-13;22;906
17;2025-12-13;23;463
17;2025-12-14;0;185
17;2025-12-14;1;26
17;2025-12-14;2;0
17;2025-12-14;3;0
17;2025-12-14;4;4
17;2025-12-14;5;109
17;2025-12-14;6;451
17;2025-12-14;7;816
17;2025-12-14;8;1280
17;2025-12-14;9;1749
17;2025-12-14;10;2058
17;2025-12-14;11;2616
17;2025-12-14;12;3038
17;2025-12-14;13;3328
17;2025-12-14;14;3394
17;2025-12-14;15;3377
17;2025-12-14;16;3280
17;2025-12-14;17;3121
17;2025-12-14;18;2712
17;2025-12-14;19;2187
17;2025-12-14;20;1652
17;2025-12-14;21;1178
17;2025-12-14;22;744
17;2025-12-14;23;327
17;2025-12-15;0;118
17;2025-12-15;1;11
17;2025-12-15;2;0
17;2025-12-15;3;0
17;2025-12-15;4;28
17;2025-12-15;5;329
17;2025-12-15;6;1596
17;2025-12-15;7;4212
17;2025-12-15;8;5560
17;2025-12-15;9;3925
17;2025-12-15;10;3061
17;2025-12-15;11;3033
17;2025-12-15;12;3078
17;2025-12-15;13;3141
17;2025-12-15;14;3227
17;2025-12-15;15;3367
17;2025-12-15;16;3794
17;2025-12-15;17;4647
17;2025-12-15;18;5025
17;2025-12-15;19;3485
17;2025-12-15;20;2410
17;2025-12-15;21;1480
17;2025-12-15;22;769
17;2025-12-15;23;365
17;2025-12-16;0;121
17;2025-12-16;1;12
17;2025-12-16;2;0
17;2025-12-16;3;0
17;2025-12-16;4;29
17;2025-12-16;5;338
17;2025-12-16;6;1640
17;2025-12-16;7;4328
17;2025-12-16;8;5713
17;2025-12-16;9;4033
17;2025-12-16;10;3145
17;2025-12-16;11;3116
17;2025-12-16;12;3163
17;2025-12-16;13;3227
17;2025-12-16;14;3316
17;2025-12-16;15;3460
17;2025-12-16;16;3899
17;2025-12-16;17;4775
17;2025-12-16;18;5164
17;2025-12-16;19;3581
17;2025-12-16;20;2476
17;2025-12-16;21;1521
17;2025-12-16;22;790
17;2025-12-16;23;376
17;2025-12-17;0;121
17;2025-12-17;1;12
17;2025-12-17;2;0
17;2025-12-17;3;0
17;2025-12-17;4;29
17;2025-12-17;5;338
17;2025-12-17;6;1640
17;2025-12-17;7;4328
17;2025-12-17;8;5713
17;2025-12-17;9;4033
17;2025-12-17;10;3145
17;2025-12-17;11;3116
17;2025-12-17;12;3163
17;2025-12-17;13;3227
17;2025-12-17;14;3316
17;2025-12-17;15;3460
17;2025-12-17;16;3899
17;2025-12-17;17;4775
17;2025-12-17;18;5164
17;2025-12-17;19;3581
17;2025-12-17;20;2476
17;2025-12-17;21;1521
17;2025-12-17;22;790
17;2025-12-17;23;376
17;2025-12-18;0;121
17;2025-12-18;1;12
17;2025-12-18;2;0
17;2025-12-18;3;0
17;2025-12-18;4;29
17;2025-12-18;5;338
17;2025-12-18;6;1640
17;2025-12-18;7;4328
17;2025-12-18;8;5713
17;2025-12-18;9;4033
17;2025-12-18;10;3145
17;2025-12-18;11;3116
17;2025-12-18;12;3163
17;2025-12-18;13;3227
17;2025-12-18;14;3316
17;2025-12-18;15;3460
17;2025-12-18;16;3899
17;2025-12-18;17;4775
17;2025-12-18;18;5164
17;2025-12-18;19;3581
17;2025-12-18;20;2476
17;2025-12-18;21;1521
17;2025-12-18;22;790
17;2025-12-18;23;376
17;2025-12-19;0;144
17;2025-12-19;1;16
17;2025-12-19;2;0
17;2025-12-19;3;0
17;2025-12-19;4;27
17;2025-12-19;5;316
17;2025-12-19;6;1542
17;2025-12-19;7;4039
17;2025-12-19;8;5305
17;2025-12-19;9;3788
17;2025-12-19;10;3008
17;2025-12-19;11;3016
17;2025-12-19;12;3079
17;2025-12-19;13;3144
17;2025-12-19;14;3237
17;2025-12-19;15;3595
17;2025-12-19;16;4307
17;2025-12-19;17;4738
17;2025-12-19;18;4442
17;2025-12-19;19;3235
17;2025-12-19;20;2361
17;2025-12-19;21;1592
17;2025-12-19;22;862
17;2025-12-19;23;463
17;2025-12-20;0;201
17;2025-12-20;1;27
17;2025-12-20;2;0
17;2025-12-20;3;0
17;2025-12-20;4;6
17;2025-12-20;5;137
17;2025-12-20;6;575
17;2025-12-20;7;1225
17;2025-12-20;8;1779
17;2025-12-20;9;2288
17;2025-12-20;10;2541
17;2025-12-20;11;3087
17;2025-12-20;12;3474
17;2025-12-20;13;3683
17;2025-12-20;14;3748
17;2025-12-20;15;3732
17;2025-12-20;16;3759
17;2025-12-20;17;3514
17;2025-12-20;18;3130
17;2025-12-20;19;2530
17;2025-12-20;20;1944
17;2025-12-20;21;1420
17;2025-12-20;22;906
17;2025-12-20;23;463
17;2025-12-21;0;185
17;2025-12-21;1;26
17;2025-12-21;2;0
17;2025-12-21;3;0
17;2025-12-21;4;4
17;2025-12-21;5;109
17;2025-12-21;6;451
17;2025-12-21;7;816
17;2025-12-21;8;1280
17;2025-12-21;9;1749
17;2025-12-21;10;2058
17;2025-12-21;11;2616
17;2025-12-21;12;3038
17;2025-12-21;13;3328
17;2025-12-21;14;3394
17;2025-12-21;15;3377
17;2025-12-21;16;3280
17;2025-12-21;17;3121
17;2025-12-21;18;2712
17;2025-12-21;19;2187
17;2025-12-21;20;1652
17;2025-12-21;21;1178
17;2025-12-21;22;744
17;2025-12-21;23;327
17;2025-12-22;0;118
17;2025-12-22;1;11
17;2025-12-22;2;0
17;2025-12-22;3;0
17;2025-12-22;4;28
17;2025-12-22;5;329
17;2025-12-22;6;1596
17;2025-12-22;7;4212
17;2025-12-22;8;5560
17;2025-12-22;9;3925
17;2025-12-22;10;3061
17;2025-12-22;11;3033
17;2025-12-22;12;3078
17;2025-12-22;13;3141
17;2025-12-22;14;3227
17;2025-12-22;15;3367
17;2025-12-22;16;3794
17;2025-12-22;17;4647
17;2025-12-22;18;5025
17;2025-12-22;19;3485
17;2025-12-22;20;2410
17;2025-12-22;21;1480
17;2025-12-22;22;769
17;2025-12-22;23;365
17;2025-12-23;0;121
17;2025-12-23;1;12
17;2025-12-23;2;0
17;2025-12-23;3;0
17;2025-12-23;4;29
17;2025-12-23;5;338
17;2025-12-23;6;1640
17;2025-12-23;7;4328
17;2025-12-23;8;5713
17;2025-12-23;9;4033
17;2025-12-23;10;3145
17;2025-12-23;11;3116
17;2025-12-23;12;3163
17;2025-12-23;13;3227
17;2025-12-23;14;3316
17;2025-12-23;15;3460
17;2025-12-23;16;3899
17;2025-12-23;17;4775
17;2025-12-23;18;5164
17;2025-12-23;19;3581
17;2025-12-23;20;2476
17;2025-12-23;21;1521
17;2025-12-23;22;790
17;2025-12-23;23;376
17;2025-12-24;0;121
17;2025-12-24;1;12
17;2025-12-24;2;0
17;2025-12-24;3;0
17;2025-12-24;4;29
17;2025-12-24;5;338
17;2025-12-24;6;1640
17;2025-12-24;7;4328
17;2025-12-24;8;5713
17;2025-12-24;9;4033
17;2025-12-24;10;3145
17;2025-12-24;11;3116
17;2025-12-24;12;3163
17;2025-12-24;13;3227
17;2025-12-24;14;3316
17;2025-12-24;15;3460
17;2025-12-24;16;3899
17;2025-12-24;17;4775
17;2025-12-24;18;5164
17;2025-12-24;19;3581
17;2025-12-24;20;2476
17;2025-12-24;21;1521
17;2025-12-24;22;790
17;2025-12-24;23;376
17;2025-12-25;0;121
17;2025-12-25;1;12
17;2025-12-25;2;0
17;2025-12-25;3;0
17;2025-12-25;4;29
17;2025-12-25;5;338
17;2025-12-25;6;1640
17;2025-12-25;7;4328
17;2025-12-25;8;5713
17;2025-12-25;9;4033
17;2025-12-25;10;3145
17;2025-12-25;11;3116
17;2025-12-25;12;3163
17;2025-12-25;13;3227
17;2025-12-25;14;3316
17;2025-12-25;15;3460
17;2025-12-25;16;3899
17;2025-12-25;17;4775
17;2025-12-25;18;5164
17;2025-12-25;19;3581
17;2025-12-25;20;2476
17;2025-12-25;21;1521
17;2025-12-25;22;790
17;2025-12-25;23;376
17;2025-12-26;0;144
17;2025-12-26;1;16
17;2025-12-26;2;0
17;2025-12-26;3;0
17;2025-12-26;4;27
17;2025-12-26;5;316
17;2025-12-26;6;1542
17;2025-12-26;7;4039
17;2025-12-26;8;5305
17;2025-12-26;9;3788
17;2025-12-26;10;3008
17;2025-12-26;11;3016
17;2025-12-26;12;3079
17;2025-12-26;13;3144
17;2025-12-26;14;3237
17;2025-12-26;15;3595
17;2025-12-26;16;4307
17;2025-12-26;17;4738
17;2025-12-26;18;4442
17;2025-12-26;19;3235
17;2025-12-26;20;2361
17;2025-12-26;21;1592
17;2025-12-26;22;862
17;2025-12-26;23;463
17;2025-12-27;0;201
17;2025-12-27;1;27
17;2025-12-27;2;0
17;2025-12-27;3;0
17;2025-12-27;4;6
17;2025-12-27;5;137
17;2025-12-27;6;575
17;2025-12-27;7;1225
17;2025-12-27;8;1779
17;2025-12-27;9;2288
17;2025-12-27;10;2541
17;2025-12-27;11;3087
17;2025-12-27;12;3474
17;2025-12-27;13;3683
17;2025-12-27;14;3748
17;2025-12-27;15;3732
17;2025-12-27;16;3759
17;2025-12-27;17;3514
17;2025-12-27;18;3130
17;2025-12-27;19;2530
17;2025-12-27;20;1944
17;2025-12-27;21;1420
17;2025-12-27;22;906
17;2025-12-27;23;463
17;2025-12-28;0;185
17;2025-12-28;1;26
17;2025-12-28;2;0
17;2025-12-28;3;0
17;2025-12-28;4;4
17;2025-12-28;5;109
17;2025-12-28;6;451
17;2025-12-28;7;816
17;2025-12-28;8;1280
17;2025-12-28;9;1749
17;2025-12-28;10;2058
17;2025-12-28;11;2616
17;2025-12-28;12;3038
17;2025-12-28;13;3328
17;2025-12-28;14;3394
17;2025-12-28;15;3377
17;2025-12-28;16;3280
17;2025-12-28;17;3121
17;2025-12-28;18;2712
17;2025-12-28;19;2187
17;2025-12-28;20;1652
17;2025-12-28;21;1178
17;2025-12-28;22;744
17;2025-12-28;23;327
17;2025-12-29;0;106
17;2025-12-29;1;10
17;2025-12-29;2;0
17;2025-12-29;3;0
17;2025-12-29;4;25
17;2025-12-29;5;296
17;2025-12-29;6;1437
17;2025-12-29;7;3791
17;2025-12-29;8;5004
17;2025-12-29;9;3532
17;2025-12-29;10;2755
17;2025-12-29;11;2729
17;2025-12-29;12;2771
17;2025-12-29;13;2827
17;2025-12-29;14;2905
17;2025-12-29;15;3030
17;2025-12-29;16;3415
17;2025-12-29;17;4182
17;2025-12-29;18;4523
17;2025-12-29;19;3136
17;2025-12-29;20;2169
17;2025-12-29;21;1332
17;2025-12-29;22;692
17;2025-12-29;23;329
17;2025-12-30;0;103
17;2025-12-30;1;10
17;2025-12-30;2;0
17;2025-12-30;3;0
17;2025-12-30;4;24
17;2025-12-30;5;287
17;2025-12-30;6;1394
17;2025-12-30;7;3679
17;2025-12-30;8;4856
17;2025-12-30;9;3428
17;2025-12-30;10;2674
17;2025-12-30;11;2649
17;2025-12-30;12;2689
17;2025-12-30;13;2743
17;2025-12-30;14;2819
17;2025-12-30;15;2941
17;2025-12-30;16;3314
17;2025-12-30;17;4059
17;2025-12-30;18;4389
17;2025-12-30;19;3044
17;2025-12-30;20;2105
17;2025-12-30;21;1293
17;2025-12-30;22;672
17;2025-12-30;23;319
17;2025-12-31;0;171
17;2025-12-31;1;23
17;2025-12-31;2;0
17;2025-12-31;3;0
17;2025-12-31;4;5
17;2025-12-31;5;116
17;2025-12-31;6;489
17;2025-12-31;7;1041
17;2025-12-31;8;1512
17;2025-12-31;9;1945
17;2025-12-31;10;2159
17;2025-12-31;11;2624
17;2025-12-31;12;2953
17;2025-12-31;13;3130
17;2025-12-31;14;3186
17;2025-12-31;15;3172
17;2025-12-31;16;3195
17;2025-12-31;17;2987
17;2025-12-31;18;2660
17;2025-12-31;19;2151
17;2025-12-31;20;1652
17;2025-12-31;21;1207
17;2025-12-31;22;770
17;2025-12-31;23;394
25;2025-11-01;0;0
25;2025-11-01;1;0
25;2025-11-01;2;0
25;2025-11-01;3;0
25;2025-11-01;4;0
25;2025-11-01;5;7
25;2025-11-01;6;175
25;2025-11-01;7;458
25;2025-11-01;8;725
25;2025-11-01;9;363
25;2025-11-01;10;318
25;2025-11-01;11;345
25;2025-11-01;12;347
25;2025-11-01;13;430
25;2025-11-01;14;395
25;2025-11-01;15;505
25;2025-11-01;16;667
25;2025-11-01;17;666
25;2025-11-01;18;564
25;2025-11-01;19;446
25;2025-11-01;20;270
25;2025-11-01;21;178
25;2025-11-01;22;111
25;2025-11-01;23;11
25;2025-11-02;0;18
25;2025-11-02;1;0
25;2025-11-02;2;0
25;2025-11-02;3;0
25;2025-11-02;4;0
25;2025-11-02;5;7
25;2025-11-02;6;85
25;2025-11-02;7;108
25;2025-11-02;8;211
25;2025-11-02;9;239
25;2025-11-02;10;242
25;2025-11-02;11;338
25;2025-11-02;12;397
25;2025-11-02;13;508
25;2025-11-02;14;568
25;2025-11-02;15;650
25;2025-11-02;16;569
25;2025-11-02;17;539
25;2025-11-02;18;447
25;2025-11-02;19;341
25;2025-11-02;20;240
25;2025-11-02;21;191
25;2025-11-02;22;111
25;2025-11-02;23;42
25;2025-11-03;0;10
25;2025-11-03;1;0
25;2025-11-03;2;0
25;2025-11-03;3;0
25;2025-11-03;4;0
25;2025-11-03;5;7
25;2025-11-03;6;81
25;2025-11-03;7;110
25;2025-11-03;8;230
25;2025-11-03;9;230
25;2025-11-03;10;238
25;2025-11-03;11;321
25;2025-11-03;12;365
25;2025-11-03;13;494
25;2025-11-03;14;525
25;2025-11-03;15;608
25;2025-11-03;16;548
25;2025-11-03;17;485
25;2025-11-03;18;415
25;2025-11-03;19;339
25;2025-11-03;20;223
25;2025-11-03;21;179
25;2025-11-03;22;109
25;2025-11-03;23;43
25;2025-11-04;0;10
25;2025-11-04;1;0
25;2025-11-04;2;0
25;2025-11-04;3;0
25;2025-11-04;4;0
25;2025-11-04;5;7
25;2025-11-04;6;81
25;2025-11-04;7;110
25;2025-11-04;8;230
25;2025-11-04;9;230
25;2025-11-04;10;238
25;2025-11-04;11;321
25;2025-11-04;12;365
25;2025-11-04;13;494
25;2025-11-04;14;525
25;2025-11-04;15;608
25;2025-11-04;16;548
25;2025-11-04;17;485
25;2025-11-04;18;415
25;2025-11-04;19;339
25;2025-11-04;20;223
25;2025-11-04;21;179
25;2025-11-04;22;109
25;2025-11-04;23;43
25;2025-11-05;0;4
25;2025-11-05;1;0
25;2025-11-05;2;0
25;2025-11-05;3;0
25;2025-11-05;4;0
25;2025-11-05;5;12
25;2025-11-05;6;240
25;2025-11-05;7;620
25;2025-11-05;8;1035
25;2025-11-05;9;536
25;2025-11-05;10;411
25;2025-11-05;11;465
25;2025-11-05;12;456
25;2025-11-05;13;570
25;2025-11-05;14;498
25;2025-11-05;15;591
25;2025-11-05;16;774
25;2025-11-05;17;867
25;2025-11-05;18;905
25;2025-11-05;19;611
25;2025-11-05;20;347
25;2025-11-05;21;231
25;2025-11-05;22;126
25;2025-11-05;23;10
25;2025-11-06;0;4
25;2025-11-06;1;0
25;2025-11-06;2;0
25;2025-11-06;3;0
25;2025-11-06;4;0
25;2025-11-06;5;12
25;2025-11-06;6;240
25;2025-11-06;7;620
25;2025-11-06;8;1035
25;2025-11-06;9;536
25;2025-11-06;10;411
25;2025-11-06;11;465
25;2025-11-06;12;456
25;2025-11-06;13;570
25;2025-11-06;14;498
25;2025-11-06;15;591
25;2025-11-06;16;774
25;2025-11-06;17;867
25;2025-11-06;18;905
25;2025-11-06;19;611
25;2025-11-06;20;347
25;2025-11-06;21;231
25;2025-11-06;22;126
25;2025-11-06;23;10
25;2025-11-07;0;1
25;2025-11-07;1;0
25;2025-11-07;2;0
25;2025-11-07;3;0
25;2025-11-07;4;0
25;2025-11-07;5;9
25;2025-11-07;6;225
25;2025-11-07;7;590
25;2025-11-07;8;935
25;2025-11-07;9;467
25;2025-11-07;10;409
25;2025-11-07;11;445
25;2025-11-07;12;447
25;2025-11-07;13;554
25;2025-11-07;14;509
25;2025-11-07;15;651
25;2025-11-07;16;859
25;2025-11-07;17;858
25;2025-11-07;18;726
25;2025-11-07;19;574
25;2025-11-07;20;348
25;2025-11-07;21;229
25;2025-11-07;22;143
25;2025-11-07;23;14
25;2025-11-08;0;5
25;2025-11-08;1;0
25;2025-11-08;2;0
25;2025-11-08;3;0
25;2025-11-08;4;0
25;2025-11-08;5;10
25;2025-11-08;6;98
25;2025-11-08;7;143
25;2025-11-08;8;317
25;2025-11-08;9;285
25;2025-11-08;10;300
25;2025-11-08;11;393
25;2025-11-08;12;431
25;2025-11-08;13;619
25;2025-11-08;14;626
25;2025-11-08;15;731
25;2025-11-08;16;679
25;2025-11-08;17;559
25;2025-11-08;18;497
25;2025-11-08;19;434
25;2025-11-08;20;266
25;2025-11-08;21;216
25;2025-11-08;22;137
25;2025-11-08;23;56
25;2025-11-09;0;18
25;2025-11-09;1;0
25;2025-11-09;2;0
25;2025-11-09;3;0
25;2025-11-09;4;0
25;2025-11-09;5;7
25;2025-11-09;6;85
25;2025-11-09;7;108
25;2025-11-09;8;211
25;2025-11-09;9;239
25;2025-11-09;10;242
25;2025-11-09;11;338
25;2025-11-09;12;397
25;2025-11-09;13;508
25;2025-11-09;14;568
25;2025-11-09;15;650
25;2025-11-09;16;569
25;2025-11-09;17;539
25;2025-11-09;18;447
25;2025-11-09;19;341
25;2025-11-09;20;240
25;2025-11-09;21;191
25;2025-11-09;22;111
25;2025-11-09;23;42
25;2025-11-10;0;4
25;2025-11-10;1;0
25;2025-11-10;2;0
25;2025-11-10;3;0
25;2025-11-10;4;0
25;2025-11-10;5;12
25;2025-11-10;6;233
25;2025-11-10;7;603
25;2025-11-10;8;1007
25;2025-11-10;9;522
25;2025-11-10;10;400
25;2025-11-10;11;452
25;2025-11-10;12;444
25;2025-11-10;13;555
25;2025-11-10;14;485
25;2025-11-10;15;575
25;2025-11-10;16;753
25;2025-11-10;17;844
25;2025-11-10;18;880
25;2025-11-10;19;595
25;2025-11-10;20;338
25;2025-11-10;21;224
25;2025-11-10;22;122
25;2025-11-10;23;10
25;2025-11-11;0;4
25;2025-11-11;1;0
25;2025-11-11;2;0
25;2025-11-11;3;0
25;2025-11-11;4;0
25;2025-11-11;5;12
25;2025-11-11;6;240
25;2025-11-11;7;620
25;2025-11-11;8;1035
25;2025-11-11;9;536
25;2025-11-11;10;411
25;2025-11-11;11;465
25;2025-11-11;12;456
25;2025-11-11;13;570
25;2025-11-11;14;498
25;2025-11-11;15;591
25;2025-11-11;16;774
25;2025-11-11;17;867
25;2025-11-11;18;905
25;2025-11-11;19;611
25;2025-11-11;20;347
25;2025-11-11;21;231
25;2025-11-11;22;126
25;2025-11-11;23;10
25;2025-11-12;0;4
25;2025-11-12;1;0
25;2025-11-12;2;0
25;2025-11-12;3;0
25;2025-11-12;4;0
25;2025-11-12;5;12
25;2025-11-12;6;240
25;2025-11-12;7;620
25;2025-11-12;8;1035
25;2025-11-12;9;536
25;2025-11-12;10;411
25;2025-11-12;11;465
25;2025-11-12;12;456
25;2025-11-12;13;570
25;2025-11-12;14;498
25;2025-11-12;15;591
25;2025-11-12;16;774
25;2025-11-12;17;867
25;2025-11-12;18;905
25;2025-11-12;19;611
25;2025-11-12;20;347
25;2025-11-12;21;231
25;2025-11-12;22;126
25;2025-11-12;23;10
25;2025-11-13;0;4
25;2025-11-13;1;0
25;2025-11-13;2;0
25;2025-11-13;3;0
25;2025-11-13;4;0
25;2025-11-13;5;12
25;2025-11-13;6;240
25;2025-11-13;7;620
25;2025-11-13;8;1035
25;2025-11-13;9;536
25;2025-11-13;10;411
25;2025-11-13;11;465
25;2025-11-13;12;456
25;2025-11-13;13;570
25;2025-11-13;14;498
25;2025-11-13;15;591
25;2025-11-13;16;774
25;2025-11-13;17;867
25;2025-11-13;18;905
25;2025-11-13;19;611
25;2025-11-13;20;347
25;2025-11-13;21;231
25;2025-11-13;22;126
25;2025-11-13;23;10
25;2025-11-14;0;1
25;2025-11-14;1;0
25;2025-11-14;2;0
25;2025-11-14;3;0
25;2025-11-14;4;0
25;2025-11-14;5;9
25;2025-11-14;6;225
25;2025-11-14;7;590
25;2025-11-14;8;935
25;2025-11-14;9;467
25;2025-11-14;10;409
25;2025-11-14;11;445
25;2025-11-14;12;447
25;2025-11-14;13;554
25;2025-11-14;14;509
25;2025-11-14;15;651
25;2025-11-14;16;859
25;2025-11-14;17;858
25;2025-11-14;18;726
25;2025-11-14;19;574
25;2025-11-14;20;348
25;2025-11-14;21;229
25;2025-11-14;22;143
25;2025-11-14;23;14
25;2025-11-15;0;5
25;2025-11-15;1;0
25;2025-11-15;2;0
25;2025-11-15;3;0
25;2025-11-15;4;0
25;2025-11-15;5;10
25;2025-11-15;6;98
25;2025-11-15;7;143
25;2025-11-15;8;317
25;2025-11-15;9;285
25;2025-11-15;10;300
25;2025-11-15;11;393
25;2025-11-15;12;431
25;2025-11-15;13;619
25;2025-11-15;14;626
25;2025-11-15;15;731
25;2025-11-15;16;679
25;2025-11-15;17;559
25;2025-11-15;18;497
25;2025-11-15;19;434
25;2025-11-15;20;266
25;2025-11-15;21;216
25;2025-11-15;22;137
25;2025-11-15;23;56
25;2025-11-16;0;18
25;2025-11-16;1;0
25;2025-11-16;2;0
25;2025-11-16;3;0
25;2025-11-16;4;0
25;2025-11-16;5;7
25;2025-11-16;6;85
25;2025-11-16;7;108
25;2025-11-16;8;211
25;2025-11-16;9;239
25;2025-11-16;10;242
25;2025-11-16;11;338
25;2025-11-16;12;397
25;2025-11-16;13;508
25;2025-11-16;14;568
25;2025-11-16;15;650
25;2025-11-16;16;569
25;2025-11-16;17;539
25;2025-11-16;18;447
25;2025-11-16;19;341
25;2025-11-16;20;240
25;2025-11-16;21;191
25;2025-11-16;22;111
25;2025-11-16;23;42
25;2025-11-17;0;4
25;2025-11-17;1;0
25;2025-11-17;2;0
25;2025-11-17;3;0
25;2025-11-17;4;0
25;2025-11-17;5;12
25;2025-11-17;6;233
25;2025-11-17;7;603
25;2025-11-17;8;1007
25;2025-11-17;9;522
25;2025-11-17;10;400
25;2025-11-17;11;452
25;2025-11-17;12;444
25;2025-11-17;13;555
25;2025-11-17;14;485
25;2025-11-17;15;575
25;2025-11-17;16;753
25;2025-11-17;17;844
25;2025-11-17;18;880
25;2025-11-17;19;595
25;2025-11-17;20;338
25;2025-11-17;21;224
25;2025-11-17;22;122
25;2025-11-17;23;10
25;2025-11-18;0;4
25;2025-11-18;1;0
25;2025-11-18;2;0
25;2025-11-18;3;0
25;2025-11-18;4;0
25;2025-11-18;5;12
25;2025-11-18;6;240
25;2025-11-18;7;620
25;2025-11-18;8;1035
25;2025-11-18;9;536
25;2025-11-18;10;411
25;2025-11-18;11;465
25;2025-11-18;12;456
25;2025-11-18;13;570
25;2025-11-18;14;498
25;2025-11-18;15;591
25;2025-11-18;16;774
25;2025-11-18;17;867
25;2025-11-18;18;905
25;2025-11-18;19;611
25;2025-11-18;20;347
25;2025-11-18;21;231
25;2025-11-18;22;126
25;2025-11-18;23;10
25;2025-11-19;0;4
25;2025-11-19;1;0
25;2025-11-19;2;0
25;2025-11-19;3;0
25;2025-11-19;4;0
25;2025-11-19;5;12
25;2025-11-19;6;240
25;2025-11-19;7;620
25;2025-11-19;8;1035
25;2025-11-19;9;536
25;2025-11-19;10;411
25;2025-11-19;11;465
25;2025-11-19;12;456
25;2025-11-19;13;570
25;2025-11-19;14;498
25;2025-11-19;15;591
25;2025-11-19;16;774
25;2025-11-19;17;867
25;2025-11-19;18;905
25;2025-11-19;19;611
25;2025-11-19;20;347
25;2025-11-19;21;231
25;2025-11-19;22;126
25;2025-11-19;23;10
25;2025-11-20;0;4
25;2025-11-20;1;0
25;2025-11-20;2;0
25;2025-11-20;3;0
25;2025-11-20;4;0
25;2025-11-20;5;12
25;2025-11-20;6;240
25;2025-11-20;7;620
25;2025-11-20;8;1035
25;2025-11-20;9;536
25;2025-11-20;10;411
25;2025-11-20;11;465
25;2025-11-20;12;456
25;2025-11-20;13;570
25;2025-11-20;14;498
25;2025-11-20;15;591
25;2025-11-20;16;774
25;2025-11-20;17;867
25;2025-11-20;18;905
25;2025-11-20;19;611
25;2025-11-20;20;347
25;2025-11-20;21;231
25;2025-11-20;22;126
25;2025-11-20;23;10
25;2025-11-21;0;1
25;2025-11-21;1;0
25;2025-11-21;2;0
25;2025-11-21;3;0
25;2025-11-21;4;0
25;2025-11-21;5;9
25;2025-11-21;6;225
25;2025-11-21;7;590
25;2025-11-21;8;935
25;2025-11-21;9;467
25;2025-11-21;10;409
25;2025-11-21;11;445
25;2025-11-21;12;447
25;2025-11-21;13;554
25;2025-11-21;14;509
25;2025-11-21;15;651
25;2025-11-21;16;859
25;2025-11-21;17;858
25;2025-11-21;18;726
25;2025-11-21;19;574
25;2025-11-21;20;348
25;2025-11-21;21;229
25;2025-11-21;22;143
25;2025-11-21;23;14
25;2025-11-22;0;5
25;2025-11-22;1;0
25;2025-11-22;2;0
25;2025-11-22;3;0
25;2025-11-22;4;0
25;2025-11-22;5;10
25;2025-11-22;6;98
25;2025-11-22;7;143
25;2025-11-22;8;317
25;2025-11-22;9;285
25;2025-11-22;10;300
25;2025-11-22;11;393
25;2025-11-22;12;431
25;2025-11-22;13;619
25;2025-11-22;14;626
25;2025-11-22;15;731
25;2025-11-22;16;679
25;2025-11-22;17;559
25;2025-11-22;18;497
25;2025-11-22;19;434
25;2025-11-22;20;266
25;2025-11-22;21;216
25;2025-11-22;22;137
25;2025-11-22;23;56
25;2025-11-23;0;18
25;2025-11-23;1;0
25;2025-11-23;2;0
25;2025-11-23;3;0
25;2025-11-23;4;0
25;2025-11-23;5;7
25;2025-11-23;6;85
25;2025-11-23;7;108
25;2025-11-23;8;211
25;2025-11-23;9;239
25;2025-11-23;10;242
25;2025-11-23;11;338
25;2025-11-23;12;397
25;2025-11-23;13;508
25;2025-11-23;14;568
25;2025-11-23;15;650
25;2025-11-23;16;569
25;2025-11-23;17;539
25;2025-11-23;18;447
25;2025-11-23;19;341
25;2025-11-23;20;240
25;2025-11-23;21;191
25;2025-11-23;22;111
25;2025-11-23;23;42
25;2025-11-24;0;4
25;2025-11-24;1;0
25;2025-11-24;2;0
25;2025-11-24;3;0
25;2025-11-24;4;0
25;2025-11-24;5;12
25;2025-11-24;6;233
25;2025-11-24;7;603
25;2025-11-24;8;1007
25;2025-11-24;9;522
25;2025-11-24;10;400
25;2025-11-24;11;452
25;2025-11-24;12;444
25;2025-11-24;13;555
25;2025-11-24;14;485
25;2025-11-24;15;575
25;2025-11-24;16;753
25;2025-11-24;17;844
25;2025-11-24;18;880
25;2025-11-24;19;595
25;2025-11-24;20;338
25;2025-11-24;21;224
25;2025-11-24;22;122
25;2025-11-24;23;10
25;2025-11-25;0;4
25;2025-11-25;1;0
25;2025-11-25;2;0
25;2025-11-25;3;0
25;2025-11-25;4;0
25;2025-11-25;5;12
25;2025-11-25;6;240
25;2025-11-25;7;620
25;2025-11-25;8;1035
25;2025-11-25;9;536
25;2025-11-25;10;411
25;2025-11-25;11;465
25;2025-11-25;12;456
25;2025-11-25;13;570
25;2025-11-25;14;498
25;2025-11-25;15;591
25;2025-11-25;16;774
25;2025-11-25;17;867
25;2025-11-25;18;905
25;2025-11-25;19;611
25;2025-11-25;20;347
25;2025-11-25;21;231
25;2025-11-25;22;126
25;2025-11-25;23;10
25;2025-11-26;0;4
25;2025-11-26;1;0
25;2025-11-26;2;0
25;2025-11-26;3;0
25;2025-11-26;4;0
25;2025-11-26;5;12
25;2025-11-26;6;240
25;2025-11-26;7;620
25;2025-11-26;8;1035
25;2025-11-26;9;536
25;2025-11-26;10;411
25;2025-11-26;11;465
25;2025-11-26;12;456
25;2025-11-26;13;570
25;2025-11-26;14;498
25;2025-11-26;15;591
25;2025-11-26;16;774
25;2025-11-26;17;867
25;2025-11-26;18;905
25;2025-11-26;19;611
25;2025-11-26;20;347
25;2025-11-26;21;231
25;2025-11-26;22;126
25;2025-11-26;23;10
25;2025-11-27;0;4
25;2025-11-27;1;0
25;2025-11-27;2;0
25;2025-11-27;3;0
25;2025-11-27;4;0
25;2025-11-27;5;12
25;2025-11-27;6;240
25;2025-11-27;7;620
25;2025-11-27;8;1035
25;2025-11-27;9;536
25;2025-11-27;10;411
25;2025-11-27;11;465
25;2025-11-27;12;456
25;2025-11-27;13;570
25;2025-11-27;14;498
25;2025-11-27;15;591
25;2025-11-27;16;774
25;2025-11-27;17;867
25;2025-11-27;18;905
25;2025-11-27;19;611
25;2025-11-27;20;347
25;2025-11-27;21;231
25;2025-11-27;22;126
25;2025-11-27;23;10
25;2025-11-28;0;1
25;2025-11-28;1;0
25;2025-11-28;2;0
25;2025-11-28;3;0
25;2025-11-28;4;0
25;2025-11-28;5;9
25;2025-11-28;6;225
25;2025-11-28;7;590
25;2025-11-28;8;935
25;2025-11-28;9;467
25;2025-11-28;10;409
25;2025-11-28;11;445
25;2025-11-28;12;447
25;2025-11-28;13;554
25;2025-11-28;14;509
25;2025-11-28;15;651
25;2025-11-28;16;859
25;2025-11-28;17;858
25;2025-11-28;18;726
25;2025-11-28;19;574
25;2025-11-28;20;348
25;2025-11-28;21;229
25;2025-11-28;22;143
25;2025-11-28;23;14
25;2025-11-29;0;5
25;2025-11-29;1;0
25;2025-11-29;2;0
25;2025-11-29;3;0
25;2025-11-29;4;0
25;2025-11-29;5;10
25;2025-11-29;6;98
25;2025-11-29;7;143
25;2025-11-29;8;317
25;2025-11-29;9;285
25;2025-11-29;10;300
25;2025-11-29;11;393
25;2025-11-29;12;431
25;2025-11-29;13;619
25;2025-11-29;14;626
25;2025-11-29;15;731
25;2025-11-29;16;679
25;2025-11-29;17;559
25;2025-11-29;18;497
25;2025-11-29;19;434
25;2025-11-29;20;266
25;2025-11-29;21;216
25;2025-11-29;22;137
25;2025-11-29;23;56
25;2025-11-30;0;18
25;2025-11-30;1;0
25;2025-11-30;2;0
25;2025-11-30;3;0
25;2025-11-30;4;0
25;2025-11-30;5;7
25;2025-11-30;6;85
25;2025-11-30;7;108
25;2025-11-30;8;211
25;2025-11-30;9;239
25;2025-11-30;10;242
25;2025-11-30;11;338
25;2025-11-30;12;397
25;2025-11-30;13;508
25;2025-11-30;14;568
25;2025-11-30;15;650
25;2025-11-30;16;569
25;2025-11-30;17;539
25;2025-11-30;18;447
25;2025-11-30;19;341
25;2025-11-30;20;240
25;2025-11-30;21;191
25;2025-11-30;22;111
25;2025-11-30;23;42
25;2025-12-01;0;4
25;2025-12-01;1;0
25;2025-12-01;2;0
25;2025-12-01;3;0
25;2025-12-01;4;0
25;2025-12-01;5;10
25;2025-12-01;6;224
25;2025-12-01;7;611
25;2025-12-01;8;1015
25;2025-12-01;9;525
25;2025-12-01;10;399
25;2025-12-01;11;450
25;2025-12-01;12;442
25;2025-12-01;13;550
25;2025-12-01;14;483
25;2025-12-01;15;570
25;2025-12-01;16;759
25;2025-12-01;17;846
25;2025-12-01;18;890
25;2025-12-01;19;584
25;2025-12-01;20;339
25;2025-12-01;21;221
25;2025-12-01;22;128
25;2025-12-01;23;10
25;2025-12-02;0;4
25;2025-12-02;1;0
25;2025-12-02;2;0
25;2025-12-02;3;0
25;2025-12-02;4;0
25;2025-12-02;5;10
25;2025-12-02;6;230
25;2025-12-02;7;628
25;2025-12-02;8;1043
25;2025-12-02;9;539
25;2025-12-02;10;410
25;2025-12-02;11;462
25;2025-12-02;12;454
25;2025-12-02;13;565
25;2025-12-02;14;497
25;2025-12-02;15;586
25;2025-12-02;16;780
25;2025-12-02;17;869
25;2025-12-02;18;914
25;2025-12-02;19;600
25;2025-12-02;20;348
25;2025-12-02;21;227
25;2025-12-02;22;132
25;2025-12-02;23;10
25;2025-12-03;0;4
25;2025-12-03;1;0
25;2025-12-03;2;0
25;2025-12-03;3;0
25;2025-12-03;4;0
25;2025-12-03;5;10
25;2025-12-03;6;230
25;2025-12-03;7;628
25;2025-12-03;8;1043
25;2025-12-03;9;539
25;2025-12-03;10;410
25;2025-12-03;11;462
25;2025-12-03;12;454
25;2025-12-03;13;565
25;2025-12-03;14;497
25;2025-12-03;15;586
25;2025-12-03;16;780
25;2025-12-03;17;869
25;2025-12-03;18;914
25;2025-12-03;19;600
25;2025-12-03;20;348
25;2025-12-03;21;227
25;2025-12-03;22;132
25;2025-12-03;23;10
25;2025-12-04;0;4
25;2025-12-04;1;0
25;2025-12-04;2;0
25;2025-12-04;3;0
25;2025-12-04;4;0
25;2025-12-04;5;10
25;2025-12-04;6;230
25;2025-12-04;7;628
25;2025-12-04;8;1043
25;2025-12-04;9;539
25;2025-12-04;10;410
25;2025-12-04;11;462
25;2025-12-04;12;454
25;2025-12-04;13;565
25;2025-12-04;14;497
25;2025-12-04;15;586
25;2025-12-04;16;780
25;2025-12-04;17;869
25;2025-12-04;18;914
25;2025-12-04;19;600
25;2025-12-04;20;348
25;2025-12-04;21;227
25;2025-12-04;22;132
25;2025-12-04;23;10
25;2025-12-05;0;1
25;2025-12-05;1;0
25;2025-12-05;2;0
25;2025-12-05;3;0
25;2025-12-05;4;0
25;2025-12-05;5;7
25;2025-12-05;6;214
25;2025-12-05;7;592
25;2025-12-05;8;944
25;2025-12-05;9;470
25;2025-12-05;10;408
25;2025-12-05;11;442
25;2025-12-05;12;449
25;2025-12-05;13;550
25;2025-12-05;14;515
25;2025-12-05;15;648
25;2025-12-05;16;862
25;2025-12-05;17;867
25;2025-12-05;18;728
25;2025-12-05;19;557
25;2025-12-05;20;347
25;2025-12-05;21;229
25;2025-12-05;22;150
25;2025-12-05;23;14
25;2025-12-06;0;4
25;2025-12-06;1;0
25;2025-12-06;2;0
25;2025-12-06;3;0
25;2025-12-06;4;0
25;2025-12-06;5;8
25;2025-12-06;6;89
25;2025-12-06;7;143
25;2025-12-06;8;315
25;2025-12-06;9;282
25;2025-12-06;10;299
25;2025-12-06;11;391
25;2025-12-06;12;432
25;2025-12-06;13;603
25;2025-12-06;14;610
25;2025-12-06;15;712
25;2025-12-06;16;659
25;2025-12-06;17;547
25;2025-12-06;18;487
25;2025-12-06;19;426
25;2025-12-06;20;265
25;2025-12-06;21;217
25;2025-12-06;22;140
25;2025-12-06;23;57
25;2025-12-07;0;18
25;2025-12-07;1;0
25;2025-12-07;2;0
25;2025-12-07;3;0
25;2025-12-07;4;0
25;2025-12-07;5;6
25;2025-12-07;6;79
25;2025-12-07;7;108
25;2025-12-07;8;211
25;2025-12-07;9;240
25;2025-12-07;10;243
25;2025-12-07;11;337
25;2025-12-07;12;394
25;2025-12-07;13;502
25;2025-12-07;14;554
25;2025-12-07;15;636
25;2025-12-07;16;559
25;2025-12-07;17;525
25;2025-12-07;18;441
25;2025-12-07;19;345
25;2025-12-07;20;238
25;2025-12-07;21;197
25;2025-12-07;22;113
25;2025-12-07;23;43
25;2025-12-08;0;4
25;2025-12-08;1;0
25;2025-12-08;2;0
25;2025-12-08;3;0
25;2025-12-08;4;0
25;2025-12-08;5;10
25;2025-12-08;6;224
25;2025-12-08;7;611
25;2025-12-08;8;1015
25;2025-12-08;9;525
25;2025-12-08;10;399
25;2025-12-08;11;450
25;2025-12-08;12;442
25;2025-12-08;13;550
25;2025-12-08;14;483
25;2025-12-08;15;570
25;2025-12-08;16;759
25;2025-12-08;17;846
25;2025-12-08;18;890
25;2025-12-08;19;584
25;2025-12-08;20;339
25;2025-12-08;21;221
25;2025-12-08;22;128
25;2025-12-08;23;10
25;2025-12-09;0;4
25;2025-12-09;1;0
25;2025-12-09;2;0
25;2025-12-09;3;0
25;2025-12-09;4;0
25;2025-12-09;5;10
25;2025-12-09;6;230
25;2025-12-09;7;628
25;2025-12-09;8;1043
25;2025-12-09;9;539
25;2025-12-09;10;410
25;2025-12-09;11;462
25;2025-12-09;12;454
25;2025-12-09;13;565
25;2025-12-09;14;497
25;2025-12-09;15;586
25;2025-12-09;16;780
25;2025-12-09;17;869
25;2025-12-09;18;914
25;2025-12-09;19;600
25;2025-12-09;20;348
25;2025-12-09;21;227
25;2025-12-09;22;132
25;2025-12-09;23;10
25;2025-12-10;0;4
25;2025-12-10;1;0
25;2025-12-10;2;0
25;2025-12-10;3;0
25;2025-12-10;4;0
25;2025-12-10;5;10
25;2025-12-10;6;230
25;2025-12-10;7;628
25;2025-12-10;8;1043
25;2025-12-10;9;539
25;2025-12-10;10;410
25;2025-12-10;11;462
25;2025-12-10;12;454
25;2025-12-10;13;565
25;2025-12-10;14;497
25;2025-12-10;15;586
25;2025-12-10;16;780
25;2025-12-10;17;869
25;2025-12-10;18;914
25;2025-12-10;19;600
25;2025-12-10;20;348
25;2025-12-10;21;227
25;2025-12-10;22;132
25;2025-12-10;23;10
25;2025-12-11;0;4
25;2025-12-11;1;0
25;2025-12-11;2;0
25;2025-12-11;3;0
25;2025-12-11;4;0
25;2025-12-11;5;10
25;2025-12-11;6;230
25;2025-12-11;7;628
25;2025-12-11;8;1043
25;2025-12-11;9;539
25;2025-12-11;10;410
25;2025-12-11;11;462
25;2025-12-11;12;454
25;2025-12-11;13;565
25;2025-12-11;14;497
25;2025-12-11;15;586
25;2025-12-11;16;780
25;2025-12-11;17;869
25;2025-12-11;18;914
25;2025-12-11;19;600
25;2025-12-11;20;348
25;2025-12-11;21;227
25;2025-12-11;22;132
25;2025-12-11;23;10
25;2025-12-12;0;1
25;2025-12-12;1;0
25;2025-12-12;2;0
25;2025-12-12;3;0
25;2025-12-12;4;0
25;2025-12-12;5;7
25;2025-12-12;6;214
25;2025-12-12;7;592
25;2025-12-12;8;944
25;2025-12-12;9;470
25;2025-12-12;10;408
25;2025-12-12;11;442
25;2025-12-12;12;449
25;2025-12-12;13;550
25;2025-12-12;14;515
25;2025-12-12;15;648
25;2025-12-12;16;862
25;2025-12-12;17;867
25;2025-12-12;18;728
25;2025-12-12;19;557
25;2025-12-12;20;347
25;2025-12-12;21;229
25;2025-12-12;22;150
25;2025-12-12;23;14
25;2025-12-13;0;4
25;2025-12-13;1;0
25;2025-12-13;2;0
25;2025-12-13;3;0
25;2025-12-13;4;0
25;2025-12-13;5;8
25;2025-12-13;6;89
25;2025-12-13;7;143
25;2025-12-13;8;315
25;2025-12-13;9;282
25;2025-12-13;10;299
25;2025-12-13;11;391
25;2025-12-13;12;432
25;2025-12-13;13;603
25;2025-12-13;14;610
25;2025-12-13;15;712
25;2025-12-13;16;659
25;2025-12-13;17;547
25;2025-12-13;18;487
25;2025-12-13;19;426
25;2025-12-13;20;265
25;2025-12-13;21;217
25;2025-12-13;22;140
25;2025-12-13;23;57
25;2025-12-14;0;18
25;2025-12-14;1;0
25;2025-12-14;2;0
25;2025-12-14;3;0
25;2025-12-14;4;0
25;2025-12-14;5;6
25;2025-12-14;6;79
25;2025-12-14;7;108
25;2025-12-14;8;211
25;2025-12-14;9;240
25;2025-12-14;10;243
25;2025-12-14;11;337
25;2025-12-14;12;394
25;2025-12-14;13;502
25;2025-12-14;14;554
25;2025-12-14;15;636
25;2025-12-14;16;559
25;2025-12-14;17;525
25;2025-12-14;18;441
25;2025-12-14;19;345
25;2025-12-14;20;238
25;2025-12-14;21;197
25;2025-12-14;22;113
25;2025-12-14;23;43
25;2025-12-15;0;4
25;2025-12-15;1;0
25;2025-12-15;2;0
25;2025-12-15;3;0
25;2025-12-15;4;0
25;2025-12-15;5;10
25;2025-12-15;6;224
25;2025-12-15;7;611
25;2025-12-15;8;1015
25;2025-12-15;9;525
25;2025-12-15;10;399
25;2025-12-15;11;450
25;2025-12-15;12;442
25;2025-12-15;13;550
25;2025-12-15;14;483
25;2025-12-15;15;570
25;2025-12-15;16;759
25;2025-12-15;17;846
25;2025-12-15;18;890
25;2025-12-15;19;584
25;2025-12-15;20;339
25;2025-12-15;21;221
25;2025-12-15;22;128
25;2025-12-15;23;10
25;2025-12-16;0;4
25;2025-12-16;1;0
25;2025-12-16;2;0
25;2025-12-16;3;0
25;2025-12-16;4;0
25;2025-12-16;5;10
25;2025-12-16;6;230
25;2025-12-16;7;628
25;2025-12-16;8;1043
25;2025-12-16;9;539
25;2025-12-16;10;410
25;2025-12-16;11;462
25;2025-12-16;12;454
25;2025-12-16;13;565
25;2025-12-16;14;497
25;2025-12-16;15;586
25;2025-12-16;16;780
25;2025-12-16;17;869
25;2025-12-16;18;914
25;2025-12-16;19;600
25;2025-12-16;20;348
25;2025-12-16;21;227
25;2025-12-16;22;132
25;2025-12-16;23;10
25;2025-12-17;0;4
25;2025-12-17;1;0
25;2025-12-17;2;0
25;2025-12-17;3;0
25;2025-12-17;4;0
25;2025-12-17;5;10
25;2025-12-17;6;230
25;2025-12-17;7;628
25;2025-12-17;8;1043
25;2025-12-17;9;539
25;2025-12-17;10;410
25;2025-12-17;11;462
25;2025-12-17;12;454
25;2025-12-17;13;565
25;2025-12-17;14;497
25;2025-12-17;15;586
25;2025-12-17;16;780
25;2025-12-17;17;869
25;2025-12-17;18;914
25;2025-12-17;19;600
25;2025-12-17;20;348
25;2025-12-17;21;227
25;2025-12-17;22;132
25;2025-12-17;23;10
25;2025-12-18;0;4
25;2025-12-18;1;0
25;2025-12-18;2;0
25;2025-12-18;3;0
25;2025-12-18;4;0
25;2025-12-18;5;10
25;2025-12-18;6;230
25;2025-12-18;7;628
25;2025-12-18;8;1043
25;2025-12-18;9;539
25;2025-12-18;10;410
25;2025-12-18;11;462
25;2025-12-18;12;454
25;2025-12-18;13;565
25;2025-12-18;14;497
25;2025-12-18;15;586
25;2025-12-18;16;780
25;2025-12-18;17;869
25;2025-12-18;18;914
25;2025-12-18;19;600
25;2025-12-18;20;348
25;2025-12-18;21;227
25;2025-12-18;22;132
25;2025-12-18;23;10
25;2025-12-19;0;1
25;2025-12-19;1;0
25;2025-12-19;2;0
25;2025-12-19;3;0
25;2025-12-19;4;0
25;2025-12-19;5;7
25;2025-12-19;6;214
25;2025-12-19;7;592
25;2025-12-19;8;944
25;2025-12-19;9;470
25;2025-12-19;10;408
25;2025-12-19;11;442
25;2025-12-19;12;449
25;2025-12-19;13;550
25;2025-12-19;14;515
25;2025-12-19;15;648
25;2025-12-19;16;862
25;2025-12-19;17;867
25;2025-12-19;18;728
25;2025-12-19;19;557
25;2025-12-19;20;347
25;2025-12-19;21;229
25;2025-12-19;22;150
25;2025-12-19;23;14
25;2025-12-20;0;4
25;2025-12-20;1;0
25;2025-12-20;2;0
25;2025-12-20;3;0
25;2025-12-20;4;0
25;2025-12-20;5;8
25;2025-12-20;6;89
25;2025-12-20;7;143
25;2025-12-20;8;315
25;2025-12-20;9;282
25;2025-12-20;10;299
25;2025-12-20;11;391
25;2025-12-20;12;432
25;2025-12-20;13;603
25;2025-12-20;14;610
25;2025-12-20;15;712
25;2025-12-20;16;659
25;2025-12-20;17;547
25;2025-12-20;18;487
25;2025-12-20;19;426
25;2025-12-20;20;265
25;2025-12-20;21;217
25;2025-12-20;22;140
25;2025-12-20;23;57
25;2025-12-21;0;18
25;2025-12-21;1;0
25;2025-12-21;2;0
25;2025-12-21;3;0
25;2025-12-21;4;0
25;2025-12-21;5;6
25;2025-12-21;6;79
25;2025-12-21;7;108
25;2025-12-21;8;211
25;2025-12-21;9;240
25;2025-12-21;10;243
25;2025-12-21;11;337
25;2025-12-21;12;394
25;2025-12-21;13;502
25;2025-12-21;14;554
25;2025-12-21;15;636
25;2025-12-21;16;559
25;2025-12-21;17;525
25;2025-12-21;18;441
25;2025-12-21;19;345
25;2025-12-21;20;238
25;2025-12-21;21;197
25;2025-12-21;22;113
25;2025-12-21;23;43
25;2025-12-22;0;4
25;2025-12-22;1;0
25;2025-12-22;2;0
25;2025-12-22;3;0
25;2025-12-22;4;0
25;2025-12-22;5;10
25;2025-12-22;6;224
25;2025-12-22;7;611
25;2025-12-22;8;1015
25;2025-12-22;9;525
25;2025-12-22;10;399
25;2025-12-22;11;450
25;2025-12-22;12;442
25;2025-12-22;13;550
25;2025-12-22;14;483
25;2025-12-22;15;570
25;2025-12-22;16;759
25;2025-12-22;17;846
25;2025-12-22;18;890
25;2025-12-22;19;584
25;2025-12-22;20;339
25;2025-12-22;21;221
25;2025-12-22;22;128
25;2025-12-22;23;10
25;2025-12-23;0;4
25;2025-12-23;1;0
25;2025-12-23;2;0
25;2025-12-23;3;0
25;2025-12-23;4;0
25;2025-12-23;5;10
25;2025-12-23;6;230
25;2025-12-23;7;628
25;2025-12-23;8;1043
25;2025-12-23;9;539
25;2025-12-23;10;410
25;2025-12-23;11;462
25;2025-12-23;12;454
25;2025-12-23;13;565
25;2025-12-23;14;497
25;2025-12-23;15;586
25;2025-12-23;16;780
25;2025-12-23;17;869
25;2025-12-23;18;914
25;2025-12-23;19;600
25;2025-12-23;20;348
25;2025-12-23;21;227
25;2025-12-23;22;132
25;2025-12-23;23;10
25;2025-12-24;0;4
25;2025-12-24;1;0
25;2025-12-24;2;0
25;2025-12-24;3;0
25;2025-12-24;4;0
25;2025-12-24;5;10
25;2025-12-24;6;230
25;2025-12-24;7;628
25;2025-12-24;8;1043
25;2025-12-24;9;539
25;2025-12-24;10;410
25;2025-12-24;11;462
25;2025-12-24;12;454
25;2025-12-24;13;565
25;2025-12-24;14;497
25;2025-12-24;15;586
25;2025-12-24;16;780
25;2025-12-24;17;869
25;2025-12-24;18;914
25;2025-12-24;19;600
25;2025-12-24;20;348
25;2025-12-24;21;227
25;2025-12-24;22;132
25;2025-12-24;23;10
25;2025-12-25;0;4
25;2025-12-25;1;0
25;2025-12-25;2;0
25;2025-12-25;3;0
25;2025-12-25;4;0
25;2025-12-25;5;10
25;2025-12-25;6;230
25;2025-12-25;7;628
25;2025-12-25;8;1043
25;2025-12-25;9;539
25;2025-12-25;10;410
25;2025-12-25;11;462
25;2025-12-25;12;454
25;2025-12-25;13;565
25;2025-12-25;14;497
25;2025-12-25;15;586
25;2025-12-25;16;780
25;2025-12-25;17;869
25;2025-12-25;18;914
25;2025-12-25;19;600
25;2025-12-25;20;348
25;2025-12-25;21;227
25;2025-12-25;22;132
25;2025-12-25;23;10
25;2025-12-26;0;1
25;2025-12-26;1;0
25;2025-12-26;2;0
25;2025-12-26;3;0
25;2025-12-26;4;0
25;2025-12-26;5;7
25;2025-12-26;6;214
25;2025-12-26;7;592
25;2025-12-26;8;944
25;2025-12-26;9;470
25;2025-12-26;10;408
25;2025-12-26;11;442
25;2025-12-26;12;449
25;2025-12-26;13;550
25;2025-12-26;14;515
25;2025-12-26;15;648
25;2025-12-26;16;862
25;2025-12-26;17;867
25;2025-12-26;18;728
25;2025-12-26;19;557
25;2025-12-26;20;347
25;2025-12-26;21;229
25;2025-12-26;22;150
25;2025-12-26;23;14
25;2025-12-27;0;4
25;2025-12-27;1;0
25;2025-12-27;2;0
25;2025-12-27;3;0
25;2025-12-27;4;0
25;2025-12-27;5;8
25;2025-12-27;6;89
25;2025-12-27;7;143
25;2025-12-27;8;315
25;2025-12-27;9;282
25;2025-12-27;10;299
25;2025-12-27;11;391
25;2025-12-27;12;432
25;2025-12-27;13;603
25;2025-12-27;14;610
25;2025-12-27;15;712
25;2025-12-27;16;659
25;2025-12-27;17;547
25;2025-12-27;18;487
25;2025-12-27;19;426
25;2025-12-27;20;265
25;2025-12-27;21;217
25;2025-12-27;22;140
25;2025-12-27;23;57
25;2025-12-28;0;18
25;2025-12-28;1;0
25;2025-12-28;2;0
25;2025-12-28;3;0
25;2025-12-28;4;0
25;2025-12-28;5;6
25;2025-12-28;6;79
25;2025-12-28;7;108
25;2025-12-28;8;211
25;2025-12-28;9;240
25;2025-12-28;10;243
25;2025-12-28;11;337
25;2025-12-28;12;394
25;2025-12-28;13;502
25;2025-12-28;14;554
25;2025-12-28;15;636
25;2025-12-28;16;559
25;2025-12-28;17;525
25;2025-12-28;18;441
25;2025-12-28;19;345
25;2025-12-28;20;238
25;2025-12-28;21;197
25;2025-12-28;22;113
25;2025-12-28;23;43
25;2025-12-29;0;3
25;2025-12-29;1;0
25;2025-12-29;2;0
25;2025-12-29;3;0
25;2025-12-29;4;0
25;2025-12-29;5;9
25;2025-12-29;6;201
25;2025-12-29;7;550
25;2025-12-29;8;913
25;2025-12-29;9;472
25;2025-12-29;10;359
25;2025-12-29;11;405
25;2025-12-29;12;397
25;2025-12-29;13;495
25;2025-12-29;14;435
25;2025-12-29;15;513
25;2025-12-29;16;683
25;2025-12-29;17;761
25;2025-12-29;18;801
25;2025-12-29;19;526
25;2025-12-29;20;305
25;2025-12-29;21;199
25;2025-12-29;22;115
25;2025-12-29;23;9
25;2025-12-30;0;3
25;2025-12-30;1;0
25;2025-12-30;2;0
25;2025-12-30;3;0
25;2025-12-30;4;0
25;2025-12-30;5;9
25;2025-12-30;6;196
25;2025-12-30;7;534
25;2025-12-30;8;886
25;2025-12-30;9;458
25;2025-12-30;10;348
25;2025-12-30;11;393
25;2025-12-30;12;386
25;2025-12-30;13;480
25;2025-12-30;14;422
25;2025-12-30;15;498
25;2025-12-30;16;663
25;2025-12-30;17;739
25;2025-12-30;18;777
25;2025-12-30;19;510
25;2025-12-30;20;296
25;2025-12-30;21;193
25;2025-12-30;22;112
25;2025-12-30;23;9
25;2025-12-31;0;4
25;2025-12-31;1;0
25;2025-12-31;2;0
25;2025-12-31;3;0
25;2025-12-31;4;0
25;2025-12-31;5;7
25;2025-12-31;6;76
25;2025-12-31;7;121
25;2025-12-31;8;268
25;2025-12-31;9;240
25;2025-12-31;10;254
25;2025-12-31;11;332
25;2025-12-31;12;367
25;2025-12-31;13;513
25;2025-12-31;14;518
25;2025-12-31;15;605
25;2025-12-31;16;560
25;2025-12-31;17;465
25;2025-12-31;18;414
25;2025-12-31;19;362
25;2025-12-31;20;225
25;2025-12-31;21;185
25;2025-12-31;22;119
25;2025-12-31;23;49
26;2025-11-01;0;40
26;2025-11-01;1;3
26;2025-11-01;2;0
26;2025-11-01;3;0
26;2025-11-01;4;1
26;2025-11-01;5;71
26;2025-11-01;6;417
26;2025-11-01;7;847
26;2025-11-01;8;1723
26;2025-11-01;9;1161
26;2025-11-01;10;995
26;2025-11-01;11;904
26;2025-11-01;12;920
26;2025-11-01;13;954
26;2025-11-01;14;1025
26;2025-11-01;15;1133
26;2025-11-01;16;1348
26;2025-11-01;17;1430
26;2025-11-01;18;1133
26;2025-11-01;19;876
26;2025-11-01;20;574
26;2025-11-01;21;368
26;2025-11-01;22;169
26;2025-11-01;23;121
26;2025-11-02;0;53
26;2025-11-02;1;5
26;2025-11-02;2;0
26;2025-11-02;3;0
26;2025-11-02;4;2
26;2025-11-02;5;32
26;2025-11-02;6;169
26;2025-11-02;7;262
26;2025-11-02;8;413
26;2025-11-02;9;580
26;2025-11-02;10;640
26;2025-11-02;11;899
26;2025-11-02;12;903
26;2025-11-02;13;976
26;2025-11-02;14;939
26;2025-11-02;15;868
26;2025-11-02;16;839
26;2025-11-02;17;858
26;2025-11-02;18;778
26;2025-11-02;19;586
26;2025-11-02;20;433
26;2025-11-02;21;308
26;2025-11-02;22;199
26;2025-11-02;23;117
26;2025-11-03;0;43
26;2025-11-03;1;3
26;2025-11-03;2;0
26;2025-11-03;3;0
26;2025-11-03;4;2
26;2025-11-03;5;33
26;2025-11-03;6;183
26;2025-11-03;7;273
26;2025-11-03;8;437
26;2025-11-03;9;548
26;2025-11-03;10;632
26;2025-11-03;11;826
26;2025-11-03;12;853
26;2025-11-03;13;887
26;2025-11-03;14;879
26;2025-11-03;15;809
26;2025-11-03;16;809
26;2025-11-03;17;785
26;2025-11-03;18;726
26;2025-11-03;19;586
26;2025-11-03;20;420
26;2025-11-03;21;290
26;2025-11-03;22;178
26;2025-11-03;23;115
26;2025-11-04;0;43
26;2025-11-04;1;3
26;2025-11-04;2;0
26;2025-11-04;3;0
26;2025-11-04;4;2
26;2025-11-04;5;33
26;2025-11-04;6;183
26;2025-11-04;7;273
26;2025-11-04;8;437
26;2025-11-04;9;548
26;2025-11-04;10;632
26;2025-11-04;11;826
26;2025-11-04;12;853
26;2025-11-04;13;887
26;2025-11-04;14;879
26;2025-11-04;15;809
26;2025-11-04;16;809
26;2025-11-04;17;785
26;2025-11-04;18;726
26;2025-11-04;19;586
26;2025-11-04;20;420
26;2025-11-04;21;290
26;2025-11-04;22;178
26;2025-11-04;23;115
26;2025-11-05;0;32
26;2025-11-05;1;2
26;2025-11-05;2;0
26;2025-11-05;3;0
26;2025-11-05;4;2
26;2025-11-05;5;98
26;2025-11-05;6;521
26;2025-11-05;7;1161
26;2025-11-05;8;2306
26;2025-11-05;9;1543
26;2025-11-05;10;1279
26;2025-11-05;11;1156
26;2025-11-05;12;1200
26;2025-11-05;13;1239
26;2025-11-05;14;1310
26;2025-11-05;15;1410
26;2025-11-05;16;1560
26;2025-11-05;17;1793
26;2025-11-05;18;1997
26;2025-11-05;19;1339
26;2025-11-05;20;801
26;2025-11-05;21;498
26;2025-11-05;22;224
26;2025-11-05;23;121
26;2025-11-06;0;32
26;2025-11-06;1;2
26;2025-11-06;2;0
26;2025-11-06;3;0
26;2025-11-06;4;2
26;2025-11-06;5;98
26;2025-11-06;6;521
26;2025-11-06;7;1161
26;2025-11-06;8;2306
26;2025-11-06;9;1543
26;2025-11-06;10;1279
26;2025-11-06;11;1156
26;2025-11-06;12;1200
26;2025-11-06;13;1239
26;2025-11-06;14;1310
26;2025-11-06;15;1410
26;2025-11-06;16;1560
26;2025-11-06;17;1793
26;2025-11-06;18;1997
26;2025-11-06;19;1339
26;2025-11-06;20;801
26;2025-11-06;21;498
26;2025-11-06;22;224
26;2025-11-06;23;121
26;2025-11-07;0;32
26;2025-11-07;1;2
26;2025-11-07;2;0
26;2025-11-07;3;0
26;2025-11-07;4;1
26;2025-11-07;5;91
26;2025-11-07;6;537
26;2025-11-07;7;1091
26;2025-11-07;8;2220
26;2025-11-07;9;1495
26;2025-11-07;10;1281
26;2025-11-07;11;1164
26;2025-11-07;12;1185
26;2025-11-07;13;1229
26;2025-11-07;14;1321
26;2025-11-07;15;1460
26;2025-11-07;16;1737
26;2025-11-07;17;1842
26;2025-11-07;18;1459
26;2025-11-07;19;1129
26;2025-11-07;20;739
26;2025-11-07;21;474
26;2025-11-07;22;218
26;2025-11-07;23;155
26;2025-11-08;0;47
26;2025-11-08;1;3
26;2025-11-08;2;0
26;2025-11-08;3;0
26;2025-11-08;4;2
26;2025-11-08;5;47
26;2025-11-08;6;271
26;2025-11-08;7;390
26;2025-11-08;8;634
26;2025-11-08;9;718
26;2025-11-08;10;863
26;2025-11-08;11;1053
26;2025-11-08;12;1119
26;2025-11-08;13;1115
26;2025-11-08;14;1139
26;2025-11-08;15;1044
26;2025-11-08;16;1081
26;2025-11-08;17;995
26;2025-11-08;18;940
26;2025-11-08;19;810
26;2025-11-08;20;565
26;2025-11-08;21;378
26;2025-11-08;22;220
26;2025-11-08;23;158
26;2025-11-09;0;53
26;2025-11-09;1;5
26;2025-11-09;2;0
26;2025-11-09;3;0
26;2025-11-09;4;2
26;2025-11-09;5;32
26;2025-11-09;6;169
26;2025-11-09;7;262
26;2025-11-09;8;413
26;2025-11-09;9;580
26;2025-11-09;10;640
26;2025-11-09;11;899
26;2025-11-09;12;903
26;2025-11-09;13;976
26;2025-11-09;14;939
26;2025-11-09;15;868
26;2025-11-09;16;839
26;2025-11-09;17;858
26;2025-11-09;18;778
26;2025-11-09;19;586
26;2025-11-09;20;433
26;2025-11-09;21;308
26;2025-11-09;22;199
26;2025-11-09;23;117
26;2025-11-10;0;31
26;2025-11-10;1;2
26;2025-11-10;2;0
26;2025-11-10;3;0
26;2025-11-10;4;2
26;2025-11-10;5;95
26;2025-11-10;6;507
26;2025-11-10;7;1130
26;2025-11-10;8;2244
26;2025-11-10;9;1502
26;2025-11-10;10;1245
26;2025-11-10;11;1125
26;2025-11-10;12;1168
26;2025-11-10;13;1206
26;2025-11-10;14;1274
26;2025-11-10;15;1372
26;2025-11-10;16;1518
26;2025-11-10;17;1745
26;2025-11-10;18;1943
26;2025-11-10;19;1303
26;2025-11-10;20;779
26;2025-11-10;21;485
26;2025-11-10;22;218
26;2025-11-10;23;118
26;2025-11-11;0;32
26;2025-11-11;1;2
26;2025-11-11;2;0
26;2025-11-11;3;0
26;2025-11-11;4;2
26;2025-11-11;5;98
26;2025-11-11;6;521
26;2025-11-11;7;1161
26;2025-11-11;8;2306
26;2025-11-11;9;1543
26;2025-11-11;10;1279
26;2025-11-11;11;1156
26;2025-11-11;12;1200
26;2025-11-11;13;1239
26;2025-11-11;14;1310
26;2025-11-11;15;1410
26;2025-11-11;16;1560
26;2025-11-11;17;1793
26;2025-11-11;18;1997
26;2025-11-11;19;1339
26;2025-11-11;20;801
26;2025-11-11;21;498
26;2025-11-11;22;224
26;2025-11-11;23;121
26;2025-11-12;0;32
26;2025-11-12;1;2
26;2025-11-12;2;0
26;2025-11-12;3;0
26;2025-11-12;4;2
26;2025-11-12;5;98
26;2025-11-12;6;521
26;2025-11-12;7;1161
26;2025-11-12;8;2306
26;2025-11-12;9;1543
26;2025-11-12;10;1279
26;2025-11-12;11;1156
26;2025-11-12;12;1200
26;2025-11-12;13;1239
26;2025-11-12;14;1310
26;2025-11-12;15;1410
26;2025-11-12;16;1560
26;2025-11-12;17;1793
26;2025-11-12;18;1997
26;2025-11-12;19;1339
26;2025-11-12;20;801
26;2025-11-12;21;498
26;2025-11-12;22;224
26;2025-11-12;23;121
26;2025-11-13;0;32
26;2025-11-13;1;2
26;2025-11-13;2;0
26;2025-11-13;3;0
26;2025-11-13;4;2
26;2025-11-13;5;98
26;2025-11-13;6;521
26;2025-11-13;7;1161
26;2025-11-13;8;2306
26;2025-11-13;9;1543
26;2025-11-13;10;1279
26;2025-11-13;11;1156
26;2025-11-13;12;1200
26;2025-11-13;13;1239
26;2025-11-13;14;1310
26;2025-11-13;15;1410
26;2025-11-13;16;1560
26;2025-11-13;17;1793
26;2025-11-13;18;1997
26;2025-11-13;19;1339
26;2025-11-13;20;801
26;2025-11-13;21;498
26;2025-11-13;22;224
26;2025-11-13;23;121
26;2025-11-14;0;32
26;2025-11-14;1;2
26;2025-11-14;2;0
26;2025-11-14;3;0
26;2025-11-14;4;1
26;2025-11-14;5;91
26;2025-11-14;6;537
26;2025-11-14;7;1091
26;2025-11-14;8;2220
26;2025-11-14;9;1495
26;2025-11-14;10;1281
26;2025-11-14;11;1164
26;2025-11-14;12;1185
26;2025-11-14;13;1229
26;2025-11-14;14;1321
26;2025-11-14;15;1460
26;2025-11-14;16;1737
26;2025-11-14;17;1842
26;2025-11-14;18;1459
26;2025-11-14;19;1129
26;2025-11-14;20;739
26;2025-11-14;21;474
26;2025-11-14;22;218
26;2025-11-14;23;155
26;2025-11-15;0;47
26;2025-11-15;1;3
26;2025-11-15;2;0
26;2025-11-15;3;0
26;2025-11-15;4;2
26;2025-11-15;5;47
26;2025-11-15;6;271
26;2025-11-15;7;390
26;2025-11-15;8;634
26;2025-11-15;9;718
26;2025-11-15;10;863
26;2025-11-15;11;1053
26;2025-11-15;12;1119
26;2025-11-15;13;1115
26;2025-11-15;14;1139
26;2025-11-15;15;1044
26;2025-11-15;16;1081
26;2025-11-15;17;995
26;2025-11-15;18;940
26;2025-11-15;19;810
26;2025-11-15;20;565
26;2025-11-15;21;378
26;2025-11-15;22;220
26;2025-11-15;23;158
26;2025-11-16;0;53
26;2025-11-16;1;5
26;2025-11-16;2;0
26;2025-11-16;3;0
26;2025-11-16;4;2
26;2025-11-16;5;32
26;2025-11-16;6;169
26;2025-11-16;7;262
26;2025-11-16;8;413
26;2025-11-16;9;580
26;2025-11-16;10;640
26;2025-11-16;11;899
26;2025-11-16;12;903
26;2025-11-16;13;976
26;2025-11-16;14;939
26;2025-11-16;15;868
26;2025-11-16;16;839
26;2025-11-16;17;858
26;2025-11-16;18;778
26;2025-11-16;19;586
26;2025-11-16;20;433
26;2025-11-16;21;308
26;2025-11-16;22;199
26;2025-11-16;23;117
26;2025-11-17;0;31
26;2025-11-17;1;2
26;2025-11-17;2;0
26;2025-11-17;3;0
26;2025-11-17;4;2
26;2025-11-17;5;95
26;2025-11-17;6;507
26;2025-11-17;7;1130
26;2025-11-17;8;2244
26;2025-11-17;9;1502
26;2025-11-17;10;1245
26;2025-11-17;11;1125
26;2025-11-17;12;1168
26;2025-11-17;13;1206
26;2025-11-17;14;1274
26;2025-11-17;15;1372
26;2025-11-17;16;1518
26;2025-11-17;17;1745
26;2025-11-17;18;1943
26;2025-11-17;19;1303
26;2025-11-17;20;779
26;2025-11-17;21;485
26;2025-11-17;22;218
26;2025-11-17;23;118
26;2025-11-18;0;32
26;2025-11-18;1;2
26;2025-11-18;2;0
26;2025-11-18;3;0
26;2025-11-18;4;2
26;2025-11-18;5;98
26;2025-11-18;6;521
26;2025-11-18;7;1161
26;2025-11-18;8;2306
26;2025-11-18;9;1543
26;2025-11-18;10;1279
26;2025-11-18;11;1156
26;2025-11-18;12;1200
26;2025-11-18;13;1239
26;2025-11-18;14;1310
26;2025-11-18;15;1410
26;2025-11-18;16;1560
26;2025-11-18;17;1793
26;2025-11-18;18;1997
26;2025-11-18;19;1339
26;2025-11-18;20;801
26;2025-11-18;21;498
26;2025-11-18;22;224
26;2025-11-18;23;121
26;2025-11-19;0;32
26;2025-11-19;1;2
26;2025-11-19;2;0
26;2025-11-19;3;0
26;2025-11-19;4;2
26;2025-11-19;5;98
26;2025-11-19;6;521
26;2025-11-19;7;1161
26;2025-11-19;8;2306
26;2025-11-19;9;1543
26;2025-11-19;10;1279
26;2025-11-19;11;1156
26;2025-11-19;12;1200
26;2025-11-19;13;1239
26;2025-11-19;14;1310
26;2025-11-19;15;1410
26;2025-11-19;16;1560
26;2025-11-19;17;1793
26;2025-11-19;18;1997
26;2025-11-19;19;1339
26;2025-11-19;20;801
26;2025-11-19;21;498
26;2025-11-19;22;224
26;2025-11-19;23;121
26;2025-11-20;0;32
26;2025-11-20;1;2
26;2025-11-20;2;0
26;2025-11-20;3;0
26;2025-11-20;4;2
26;2025-11-20;5;98
26;2025-11-20;6;521
26;2025-11-20;7;1161
26;2025-11-20;8;2306
26;2025-11-20;9;1543
26;2025-11-20;10;1279
26;2025-11-20;11;1156
26;2025-11-20;12;1200
26;2025-11-20;13;1239
26;2025-11-20;14;1310
26;2025-11-20;15;1410
26;2025-11-20;16;1560
26;2025-11-20;17;1793
26;2025-11-20;18;1997
26;2025-11-20;19;1339
26;2025-11-20;20;801
26;2025-11-20;21;498
26;2025-11-20;22;224
26;2025-11-20;23;121
26;2025-11-21;0;32
26;2025-11-21;1;2
26;2025-11-21;2;0
26;2025-11-21;3;0
26;2025-11-21;4;1
26;2025-11-21;5;91
26;2025-11-21;6;537
26;2025-11-21;7;1091
26;2025-11-21;8;2220
26;2025-11-21;9;1495
26;2025-11-21;10;1281
26;2025-11-21;11;1164
26;2025-11-21;12;1185
26;2025-11-21;13;1229
26;2025-11-21;14;1321
26;2025-11-21;15;1460
26;2025-11-21;16;1737
26;2025-11-21;17;1842
26;2025-11-21;18;1459
26;2025-11-21;19;1129
26;2025-11-21;20;739
26;2025-11-21;21;474
26;2025-11-21;22;218
26;2025-11-21;23;155
26;2025-11-22;0;47
26;2025-11-22;1;3
26;2025-11-22;2;0
26;2025-11-22;3;0
26;2025-11-22;4;2
26;2025-11-22;5;47
26;2025-11-22;6;271
26;2025-11-22;7;390
26;2025-11-22;8;634
26;2025-11-22;9;718
26;2025-11-22;10;863
26;2025-11-22;11;1053
26;2025-11-22;12;1119
26;2025-11-22;13;1115
26;2025-11-22;14;1139
26;2025-11-22;15;1044
26;2025-11-22;16;1081
26;2025-11-22;17;995
26;2025-11-22;18;940
26;2025-11-22;19;810
26;2025-11-22;20;565
26;2025-11-22;21;378
26;2025-11-22;22;220
26;2025-11-22;23;158
26;2025-11-23;0;53
26;2025-11-23;1;5
26;2025-11-23;2;0
26;2025-11-23;3;0
26;2025-11-23;4;2
26;2025-11-23;5;32
26;2025-11-23;6;169
26;2025-11-23;7;262
26;2025-11-23;8;413
26;2025-11-23;9;580
26;2025-11-23;10;640
26;2025-11-23;11;899
26;2025-11-23;12;903
26;2025-11-23;13;976
26;2025-11-23;14;939
26;2025-11-23;15;868
26;2025-11-23;16;839
26;2025-11-23;17;858
26;2025-11-23;18;778
26;2025-11-23;19;586
26;2025-11-23;20;433
26;2025-11-23;21;308
26;2025-11-23;22;199
26;2025-11-23;23;117
26;2025-11-24;0;31
26;2025-11-24;1;2
26;2025-11-24;2;0
26;2025-11-24;3;0
26;2025-11-24;4;2
26;2025-11-24;5;95
26;2025-11-24;6;507
26;2025-11-24;7;1130
26;2025-11-24;8;2244
26;2025-11-24;9;1502
26;2025-11-24;10;1245
26;2025-11-24;11;1125
26;2025-11-24;12;1168
26;2025-11-24;13;1206
26;2025-11-24;14;1274
26;2025-11-24;15;1372
26;2025-11-24;16;1518
26;2025-11-24;17;1745
26;2025-11-24;18;1943
26;2025-11-24;19;1303
26;2025-11-24;20;779
26;2025-11-24;21;485
26;2025-11-24;22;218
26;2025-11-24;23;118
26;2025-11-25;0;32
26;2025-11-25;1;2
26;2025-11-25;2;0
26;2025-11-25;3;0
26;2025-11-25;4;2
26;2025-11-25;5;98
26;2025-11-25;6;521
26;2025-11-25;7;1161
26;2025-11-25;8;2306
26;2025-11-25;9;1543
26;2025-11-25;10;1279
26;2025-11-25;11;1156
26;2025-11-25;12;1200
26;2025-11-25;13;1239
26;2025-11-25;14;1310
26;2025-11-25;15;1410
26;2025-11-25;16;1560
26;2025-11-25;17;1793
26;2025-11-25;18;1997
26;2025-11-25;19;1339
26;2025-11-25;20;801
26;2025-11-25;21;498
26;2025-11-25;22;224
26;2025-11-25;23;121
26;2025-11-26;0;32
26;2025-11-26;1;2
26;2025-11-26;2;0
26;2025-11-26;3;0
26;2025-11-26;4;2
26;2025-11-26;5;98
26;2025-11-26;6;521
26;2025-11-26;7;1161
26;2025-11-26;8;2306
26;2025-11-26;9;1543
26;2025-11-26;10;1279
26;2025-11-26;11;1156
26;2025-11-26;12;1200
26;2025-11-26;13;1239
26;2025-11-26;14;1310
26;2025-11-26;15;1410
26;2025-11-26;16;1560
26;2025-11-26;17;1793
26;2025-11-26;18;1997
26;2025-11-26;19;1339
26;2025-11-26;20;801
26;2025-11-26;21;498
26;2025-11-26;22;224
26;2025-11-26;23;121
26;2025-11-27;0;32
26;2025-11-27;1;2
26;2025-11-27;2;0
26;2025-11-27;3;0
26;2025-11-27;4;2
26;2025-11-27;5;98
26;2025-11-27;6;521
26;2025-11-27;7;1161
26;2025-11-27;8;2306
26;2025-11-27;9;1543
26;2025-11-27;10;1279
26;2025-11-27;11;1156
26;2025-11-27;12;1200
26;2025-11-27;13;1239
26;2025-11-27;14;1310
26;2025-11-27;15;1410
26;2025-11-27;16;1560
26;2025-11-27;17;1793
26;2025-11-27;18;1997
26;2025-11-27;19;1339
26;2025-11-27;20;801
26;2025-11-27;21;498
26;2025-11-27;22;224
26;2025-11-27;23;121
26;2025-11-28;0;32
26;2025-11-28;1;2
26;2025-11-28;2;0
26;2025-11-28;3;0
26;2025-11-28;4;1
26;2025-11-28;5;91
26;2025-11-28;6;537
26;2025-11-28;7;1091
26;2025-11-28;8;2220
26;2025-11-28;9;1495
26;2025-11-28;10;1281
26;2025-11-28;11;1164
26;2025-11-28;12;1185
26;2025-11-28;13;1229
26;2025-11-28;14;1321
26;2025-11-28;15;1460
26;2025-11-28;16;1737
26;2025-11-28;17;1842
26;2025-11-28;18;1459
26;2025-11-28;19;1129
26;2025-11-28;20;739
26;2025-11-28;21;474
26;2025-11-28;22;218
26;2025-11-28;23;155
26;2025-11-29;0;47
26;2025-11-29;1;3
26;2025-11-29;2;0
26;2025-11-29;3;0
26;2025-11-29;4;2
26;2025-11-29;5;47
26;2025-11-29;6;271
26;2025-11-29;7;390
26;2025-11-29;8;634
26;2025-11-29;9;718
26;2025-11-29;10;863
26;2025-11-29;11;1053
26;2025-11-29;12;1119
26;2025-11-29;13;1115
26;2025-11-29;14;1139
26;2025-11-29;15;1044
26;2025-11-29;16;1081
26;2025-11-29;17;995
26;2025-11-29;18;940
26;2025-11-29;19;810
26;2025-11-29;20;565
26;2025-11-29;21;378
26;2025-11-29;22;220
26;2025-11-29;23;158
26;2025-11-30;0;53
26;2025-11-30;1;5
26;2025-11-30;2;0
26;2025-11-30;3;0
26;2025-11-30;4;2
26;2025-11-30;5;32
26;2025-11-30;6;169
26;2025-11-30;7;262
26;2025-11-30;8;413
26;2025-11-30;9;580
26;2025-11-30;10;640
26;2025-11-30;11;899
26;2025-11-30;12;903
26;2025-11-30;13;976
26;2025-11-30;14;939
26;2025-11-30;15;868
26;2025-11-30;16;839
26;2025-11-30;17;858
26;2025-11-30;18;778
26;2025-11-30;19;586
26;2025-11-30;20;433
26;2025-11-30;21;308
26;2025-11-30;22;199
26;2025-11-30;23;117
26;2025-12-01;0;31
26;2025-12-01;1;2
26;2025-12-01;2;0
26;2025-12-01;3;0
26;2025-12-01;4;2
26;2025-12-01;5;95
26;2025-12-01;6;515
26;2025-12-01;7;1131
26;2025-12-01;8;2231
26;2025-12-01;9;1504
26;2025-12-01;10;1244
26;2025-12-01;11;1125
26;2025-12-01;12;1166
26;2025-12-01;13;1209
26;2025-12-01;14;1260
26;2025-12-01;15;1367
26;2025-12-01;16;1523
26;2025-12-01;17;1745
26;2025-12-01;18;1948
26;2025-12-01;19;1312
26;2025-12-01;20;784
26;2025-12-01;21;481
26;2025-12-01;22;221
26;2025-12-01;23;117
26;2025-12-02;0;32
26;2025-12-02;1;2
26;2025-12-02;2;0
26;2025-12-02;3;0
26;2025-12-02;4;2
26;2025-12-02;5;97
26;2025-12-02;6;529
26;2025-12-02;7;1163
26;2025-12-02;8;2293
26;2025-12-02;9;1546
26;2025-12-02;10;1278
26;2025-12-02;11;1157
26;2025-12-02;12;1198
26;2025-12-02;13;1242
26;2025-12-02;14;1295
26;2025-12-02;15;1404
26;2025-12-02;16;1565
26;2025-12-02;17;1793
26;2025-12-02;18;2002
26;2025-12-02;19;1349
26;2025-12-02;20;806
26;2025-12-02;21;494
26;2025-12-02;22;227
26;2025-12-02;23;120
26;2025-12-03;0;32
26;2025-12-03;1;2
26;2025-12-03;2;0
26;2025-12-03;3;0
26;2025-12-03;4;2
26;2025-12-03;5;97
26;2025-12-03;6;529
26;2025-12-03;7;1163
26;2025-12-03;8;2293
26;2025-12-03;9;1546
26;2025-12-03;10;1278
26;2025-12-03;11;1157
26;2025-12-03;12;1198
26;2025-12-03;13;1242
26;2025-12-03;14;1295
26;2025-12-03;15;1404
26;2025-12-03;16;1565
26;2025-12-03;17;1793
26;2025-12-03;18;2002
26;2025-12-03;19;1349
26;2025-12-03;20;806
26;2025-12-03;21;494
26;2025-12-03;22;227
26;2025-12-03;23;120
26;2025-12-04;0;32
26;2025-12-04;1;2
26;2025-12-04;2;0
26;2025-12-04;3;0
26;2025-12-04;4;2
26;2025-12-04;5;97
26;2025-12-04;6;529
26;2025-12-04;7;1163
26;2025-12-04;8;2293
26;2025-12-04;9;1546
26;2025-12-04;10;1278
26;2025-12-04;11;1157
26;2025-12-04;12;1198
26;2025-12-04;13;1242
26;2025-12-04;14;1295
26;2025-12-04;15;1404
26;2025-12-04;16;1565
26;2025-12-04;17;1793
26;2025-12-04;18;2002
26;2025-12-04;19;1349
26;2025-12-04;20;806
26;2025-12-04;21;494
26;2025-12-04;22;227
26;2025-12-04;23;120
26;2025-12-05;0;32
26;2025-12-05;1;2
26;2025-12-05;2;0
26;2025-12-05;3;0
26;2025-12-05;4;1
26;2025-12-05;5;92
26;2025-12-05;6;541
26;2025-12-05;7;1093
26;2025-12-05;8;2195
26;2025-12-05;9;1501
26;2025-12-05;10;1274
26;2025-12-05;11;1162
26;2025-12-05;12;1188
26;2025-12-05;13;1235
26;2025-12-05;14;1297
26;2025-12-05;15;1467
26;2025-12-05;16;1736
26;2025-12-05;17;1835
26;2025-12-05;18;1476
26;2025-12-05;19;1139
26;2025-12-05;20;750
26;2025-12-05;21;471
26;2025-12-05;22;221
26;2025-12-05;23;154
26;2025-12-06;0;46
26;2025-12-06;1;3
26;2025-12-06;2;0
26;2025-12-06;3;0
26;2025-12-06;4;2
26;2025-12-06;5;46
26;2025-12-06;6;277
26;2025-12-06;7;391
26;2025-12-06;8;632
26;2025-12-06;9;723
26;2025-12-06;10;864
26;2025-12-06;11;1057
26;2025-12-06;12;1121
26;2025-12-06;13;1121
26;2025-12-06;14;1140
26;2025-12-06;15;1048
26;2025-12-06;16;1082
26;2025-12-06;17;998
26;2025-12-06;18;947
26;2025-12-06;19;815
26;2025-12-06;20;567
26;2025-12-06;21;381
26;2025-12-06;22;223
26;2025-12-06;23;158
26;2025-12-07;0;53
26;2025-12-07;1;5
26;2025-12-07;2;0
26;2025-12-07;3;0
26;2025-12-07;4;2
26;2025-12-07;5;34
26;2025-12-07;6;170
26;2025-12-07;7;260
26;2025-12-07;8;415
26;2025-12-07;9;585
26;2025-12-07;10;643
26;2025-12-07;11;904
26;2025-12-07;12;910
26;2025-12-07;13;986
26;2025-12-07;14;945
26;2025-12-07;15;876
26;2025-12-07;16;848
26;2025-12-07;17;866
26;2025-12-07;18;786
26;2025-12-07;19;595
26;2025-12-07;20;435
26;2025-12-07;21;311
26;2025-12-07;22;205
26;2025-12-07;23;118
26;2025-12-08;0;31
26;2025-12-08;1;2
26;2025-12-08;2;0
26;2025-12-08;3;0
26;2025-12-08;4;2
26;2025-12-08;5;95
26;2025-12-08;6;515
26;2025-12-08;7;1131
26;2025-12-08;8;2231
26;2025-12-08;9;1504
26;2025-12-08;10;1244
26;2025-12-08;11;1125
26;2025-12-08;12;1166
26;2025-12-08;13;1209
26;2025-12-08;14;1260
26;2025-12-08;15;1367
26;2025-12-08;16;1523
26;2025-12-08;17;1745
26;2025-12-08;18;1948
26;2025-12-08;19;1312
26;2025-12-08;20;784
26;2025-12-08;21;481
26;2025-12-08;22;221
26;2025-12-08;23;117
26;2025-12-09;0;32
26;2025-12-09;1;2
26;2025-12-09;2;0
26;2025-12-09;3;0
26;2025-12-09;4;2
26;2025-12-09;5;97
26;2025-12-09;6;529
26;2025-12-09;7;1163
26;2025-12-09;8;2293
26;2025-12-09;9;1546
26;2025-12-09;10;1278
26;2025-12-09;11;1157
26;2025-12-09;12;1198
26;2025-12-09;13;1242
26;2025-12-09;14;1295
26;2025-12-09;15;1404
26;2025-12-09;16;1565
26;2025-12-09;17;1793
26;2025-12-09;18;2002
26;2025-12-09;19;1349
26;2025-12-09;20;806
26;2025-12-09;21;494
26;2025-12-09;22;227
26;2025-12-09;23;120
26;2025-12-10;0;32
26;2025-12-10;1;2
26;2025-12-10;2;0
26;2025-12-10;3;0
26;2025-12-10;4;2
26;2025-12-10;5;97
26;2025-12-10;6;529
26;2025-12-10;7;1163
26;2025-12-10;8;2293
26;2025-12-10;9;1546
26;2025-12-10;10;1278
26;2025-12-10;11;1157
26;2025-12-10;12;1198
26;2025-12-10;13;1242
26;2025-12-10;14;1295
26;2025-12-10;15;1404
26;2025-12-10;16;1565
26;2025-12-10;17;1793
26;2025-12-10;18;2002
26;2025-12-10;19;1349
26;2025-12-10;20;806
26;2025-12-10;21;494
26;2025-12-10;22;227
26;2025-12-10;23;120
26;2025-12-11;0;32
26;2025-12-11;1;2
26;2025-12-11;2;0
26;2025-12-11;3;0
26;2025-12-11;4;2
26;2025-12-11;5;97
26;2025-12-11;6;529
26;2025-12-11;7;1163
26;2025-12-11;8;2293
26;2025-12-11;9;1546
26;2025-12-11;10;1278
26;2025-12-11;11;1157
26;2025-12-11;12;1198
26;2025-12-11;13;1242
26;2025-12-11;14;1295
26;2025-12-11;15;1404
26;2025-12-11;16;1565
26;2025-12-11;17;1793
26;2025-12-11;18;2002
26;2025-12-11;19;1349
26;2025-12-11;20;806
26;2025-12-11;21;494
26;2025-12-11;22;227
26;2025-12-11;23;120
26;2025-12-12;0;32
26;2025-12-12;1;2
26;2025-12-12;2;0
26;2025-12-12;3;0
26;2025-12-12;4;1
26;2025-12-12;5;92
26;2025-12-12;6;541
26;2025-12-12;7;1093
26;2025-12-12;8;2195
26;2025-12-12;9;1501
26;2025-12-12;10;1274
26;2025-12-12;11;1162
26;2025-12-12;12;1188
26;2025-12-12;13;1235
26;2025-12-12;14;1297
26;2025-12-12;15;1467
26;2025-12-12;16;1736
26;2025-12-12;17;1835
26;2025-12-12;18;1476
26;2025-12-12;19;1139
26;2025-12-12;20;750
26;2025-12-12;21;471
26;2025-12-12;22;221
26;2025-12-12;23;154
26;2025-12-13;0;46
26;2025-12-13;1;3
26;2025-12-13;2;0
26;2025-12-13;3;0
26;2025-12-13;4;2
26;2025-12-13;5;46
26;2025-12-13;6;277
26;2025-12-13;7;391
26;2025-12-13;8;632
26;2025-12-13;9;723
26;2025-12-13;10;864
26;2025-12-13;11;1057
26;2025-12-13;12;1121
26;2025-12-13;13;1121
26;2025-12-13;14;1140
26;2025-12-13;15;1048
26;2025-12-13;16;1082
26;2025-12-13;17;998
26;2025-12-13;18;947
26;2025-12-13;19;815
26;2025-12-13;20;567
26;2025-12-13;21;381
26;2025-12-13;22;223
26;2025-12-13;23;158
26;2025-12-14;0;53
26;2025-12-14;1;5
26;2025-12-14;2;0
26;2025-12-14;3;0
26;2025-12-14;4;2
26;2025-12-14;5;34
26;2025-12-14;6;170
26;2025-12-14;7;260
26;2025-12-14;8;415
26;2025-12-14;9;585
26;2025-12-14;10;643
26;2025-12-14;11;904
26;2025-12-14;12;910
26;2025-12-14;13;986
26;2025-12-14;14;945
26;2025-12-14;15;876
26;2025-12-14;16;848
26;2025-12-14;17;866
26;2025-12-14;18;786
26;2025-12-14;19;595
26;2025-12-14;20;435
26;2025-12-14;21;311
26;2025-12-14;22;205
26;2025-12-14;23;118
26;2025-12-15;0;31
26;2025-12-15;1;2
26;2025-12-15;2;0
26;2025-12-15;3;0
26;2025-12-15;4;2
26;2025-12-15;5;95
26;2025-12-15;6;515
26;2025-12-15;7;1131
26;2025-12-15;8;2231
26;2025-12-15;9;1504
26;2025-12-15;10;1244
26;2025-12-15;11;1125
26;2025-12-15;12;1166
26;2025-12-15;13;1209
26;2025-12-15;14;1260
26;2025-12-15;15;1367
26;2025-12-15;16;1523
26;2025-12-15;17;1745
26;2025-12-15;18;1948
26;2025-12-15;19;1312
26;2025-12-15;20;784
26;2025-12-15;21;481
26;2025-12-15;22;221
26;2025-12-15;23;117
26;2025-12-16;0;32
26;2025-12-16;1;2
26;2025-12-16;2;0
26;2025-12-16;3;0
26;2025-12-16;4;2
26;2025-12-16;5;97
26;2025-12-16;6;529
26;2025-12-16;7;1163
26;2025-12-16;8;2293
26;2025-12-16;9;1546
26;2025-12-16;10;1278
26;2025-12-16;11;1157
26;2025-12-16;12;1198
26;2025-12-16;13;1242
26;2025-12-16;14;1295
26;2025-12-16;15;1404
26;2025-12-16;16;1565
26;2025-12-16;17;1793
26;2025-12-16;18;2002
26;2025-12-16;19;1349
26;2025-12-16;20;806
26;2025-12-16;21;494
26;2025-12-16;22;227
26;2025-12-16;23;120
26;2025-12-17;0;32
26;2025-12-17;1;2
26;2025-12-17;2;0
26;2025-12-17;3;0
26;2025-12-17;4;2
26;2025-12-17;5;97
26;2025-12-17;6;529
26;2025-12-17;7;1163
26;2025-12-17;8;2293
26;2025-12-17;9;1546
26;2025-12-17;10;1278
26;2025-12-17;11;1157
26;2025-12-17;12;1198
26;2025-12-17;13;1242
26;2025-12-17;14;1295
26;2025-12-17;15;1404
26;2025-12-17;16;1565
26;2025-12-17;17;1793
26;2025-12-17;18;2002
26;2025-12-17;19;1349
26;2025-12-17;20;806
26;2025-12-17;21;494
26;2025-12-17;22;227
26;2025-12-17;23;120
26;2025-12-18;0;32
26;2025-12-18;1;2
26;2025-12-18;2;0
26;2025-12-18;3;0
26;2025-12-18;4;2
26;2025-12-18;5;97
26;2025-12-18;6;529
26;2025-12-18;7;1163
26;2025-12-18;8;2293
26;2025-12-18;9;1546
26;2025-12-18;10;1278
26;2025-12-18;11;1157
26;2025-12-18;12;1198
26;2025-12-18;13;1242
26;2025-12-18;14;1295
26;2025-12-18;15;1404
26;2025-12-18;16;1565
26;2025-12-18;17;1793
26;2025-12-18;18;2002
26;2025-12-18;19;1349
26;2025-12-18;20;806
26;2025-12-18;21;494
26;2025-12-18;22;227
26;2025-12-18;23;120
26;2025-12-19;0;32
26;2025-12-19;1;2
26;2025-12-19;2;0
26;2025-12-19;3;0
26;2025-12-19;4;1
26;2025-12-19;5;92
26;2025-12-19;6;541
26;2025-12-19;7;1093
26;2025-12-19;8;2195
26;2025-12-19;9;1501
26;2025-12-19;10;1274
26;2025-12-19;11;1162
26;2025-12-19;12;1188
26;2025-12-19;13;1235
26;2025-12-19;14;1297
26;2025-12-19;15;1467
26;2025-12-19;16;1736
26;2025-12-19;17;1835
26;2025-12-19;18;1476
26;2025-12-19;19;1139
26;2025-12-19;20;750
26;2025-12-19;21;471
26;2025-12-19;22;221
26;2025-12-19;23;154
26;2025-12-20;0;46
26;2025-12-20;1;3
26;2025-12-20;2;0
26;2025-12-20;3;0
26;2025-12-20;4;2
26;2025-12-20;5;46
26;2025-12-20;6;277
26;2025-12-20;7;391
26;2025-12-20;8;632
26;2025-12-20;9;723
26;2025-12-20;10;864
26;2025-12-20;11;1057
26;2025-12-20;12;1121
26;2025-12-20;13;1121
26;2025-12-20;14;1140
26;2025-12-20;15;1048
26;2025-12-20;16;1082
26;2025-12-20;17;998
26;2025-12-20;18;947
26;2025-12-20;19;815
26;2025-12-20;20;567
26;2025-12-20;21;381
26;2025-12-20;22;223
26;2025-12-20;23;158
26;2025-12-21;0;53
26;2025-12-21;1;5
26;2025-12-21;2;0
26;2025-12-21;3;0
26;2025-12-21;4;2
26;2025-12-21;5;34
26;2025-12-21;6;170
26;2025-12-21;7;260
26;2025-12-21;8;415
26;2025-12-21;9;585
26;2025-12-21;10;643
26;2025-12-21;11;904
26;2025-12-21;12;910
26;2025-12-21;13;986
26;2025-12-21;14;945
26;2025-12-21;15;876
26;2025-12-21;16;848
26;2025-12-21;17;866
26;2025-12-21;18;786
26;2025-12-21;19;595
26;2025-12-21;20;435
26;2025-12-21;21;311
26;2025-12-21;22;205
26;2025-12-21;23;118
26;2025-12-22;0;31
26;2025-12-22;1;2
26;2025-12-22;2;0
26;2025-12-22;3;0
26;2025-12-22;4;2
26;2025-12-22;5;95
26;2025-12-22;6;515
26;2025-12-22;7;1131
26;2025-12-22;8;2231
26;2025-12-22;9;1504
26;2025-12-22;10;1244
26;2025-12-22;11;1125
26;2025-12-22;12;1166
26;2025-12-22;13;1209
26;2025-12-22;14;1260
26;2025-12-22;15;1367
26;2025-12-22;16;1523
26;2025-12-22;17;1745
26;2025-12-22;18;1948
26;2025-12-22;19;1312
26;2025-12-22;20;784
26;2025-12-22;21;481
26;2025-12-22;22;221
26;2025-12-22;23;117
26;2025-12-23;0;32
26;2025-12-23;1;2
26;2025-12-23;2;0
26;2025-12-23;3;0
26;2025-12-23;4;2
26;2025-12-23;5;97
26;2025-12-23;6;529
26;2025-12-23;7;1163
26;2025-12-23;8;2293
26;2025-12-23;9;1546
26;2025-12-23;10;1278
26;2025-12-23;11;1157
26;2025-12-23;12;1198
26;2025-12-23;13;1242
26;2025-12-23;14;1295
26;2025-12-23;15;1404
26;2025-12-23;16;1565
26;2025-12-23;17;1793
26;2025-12-23;18;2002
26;2025-12-23;19;1349
26;2025-12-23;20;806
26;2025-12-23;21;494
26;2025-12-23;22;227
26;2025-12-23;23;120
26;2025-12-24;0;32
26;2025-12-24;1;2
26;2025-12-24;2;0
26;2025-12-24;3;0
26;2025-12-24;4;2
26;2025-12-24;5;97
26;2025-12-24;6;529
26;2025-12-24;7;1163
26;2025-12-24;8;2293
26;2025-12-24;9;1546
26;2025-12-24;10;1278
26;2025-12-24;11;1157
26;2025-12-24;12;1198
26;2025-12-24;13;1242
26;2025-12-24;14;1295
26;2025-12-24;15;1404
26;2025-12-24;16;1565
26;2025-12-24;17;1793
26;2025-12-24;18;2002
26;2025-12-24;19;1349
26;2025-12-24;20;806
26;2025-12-24;21;494
26;2025-12-24;22;227
26;2025-12-24;23;120
26;2025-12-25;0;32
26;2025-12-25;1;2
26;2025-12-25;2;0
26;2025-12-25;3;0
26;2025-12-25;4;2
26;2025-12-25;5;97
26;2025-12-25;6;529
26;2025-12-25;7;1163
26;2025-12-25;8;2293
26;2025-12-25;9;1546
26;2025-12-25;10;1278
26;2025-12-25;11;1157
26;2025-12-25;12;1198
26;2025-12-25;13;1242
26;2025-12-25;14;1295
26;2025-12-25;15;1404
26;2025-12-25;16;1565
26;2025-12-25;17;1793
26;2025-12-25;18;2002
26;2025-12-25;19;1349
26;2025-12-25;20;806
26;2025-12-25;21;494
26;2025-12-25;22;227
26;2025-12-25;23;120
26;2025-12-26;0;32
26;2025-12-26;1;2
26;2025-12-26;2;0
26;2025-12-26;3;0
26;2025-12-26;4;1
26;2025-12-26;5;92
26;2025-12-26;6;541
26;2025-12-26;7;1093
26;2025-12-26;8;2195
26;2025-12-26;9;1501
26;2025-12-26;10;1274
26;2025-12-26;11;1162
26;2025-12-26;12;1188
26;2025-12-26;13;1235
26;2025-12-26;14;1297
26;2025-12-26;15;1467
26;2025-12-26;16;1736
26;2025-12-26;17;1835
26;2025-12-26;18;1476
26;2025-12-26;19;1139
26;2025-12-26;20;750
26;2025-12-26;21;471
26;2025-12-26;22;221
26;2025-12-26;23;154
26;2025-12-27;0;46
26;2025-12-27;1;3
26;2025-12-27;2;0
26;2025-12-27;3;0
26;2025-12-27;4;2
26;2025-12-27;5;46
26;2025-12-27;6;277
26;2025-12-27;7;391
26;2025-12-27;8;632
26;2025-12-27;9;723
26;2025-12-27;10;864
26;2025-12-27;11;1057
26;2025-12-27;12;1121
26;2025-12-27;13;1121
26;2025-12-27;14;1140
26;2025-12-27;15;1048
26;2025-12-27;16;1082
26;2025-12-27;17;998
26;2025-12-27;18;947
26;2025-12-27;19;815
26;2025-12-27;20;567
26;2025-12-27;21;381
26;2025-12-27;22;223
26;2025-12-27;23;158
26;2025-12-28;0;53
26;2025-12-28;1;5
26;2025-12-28;2;0
26;2025-12-28;3;0
26;2025-12-28;4;2
26;2025-12-28;5;34
26;2025-12-28;6;170
26;2025-12-28;7;260
26;2025-12-28;8;415
26;2025-12-28;9;585
26;2025-12-28;10;643
26;2025-12-28;11;904
26;2025-12-28;12;910
26;2025-12-28;13;986
26;2025-12-28;14;945
26;2025-12-28;15;876
26;2025-12-28;16;848
26;2025-12-28;17;866
26;2025-12-28;18;786
26;2025-12-28;19;595
26;2025-12-28;20;435
26;2025-12-28;21;311
26;2025-12-28;22;205
26;2025-12-28;23;118
26;2025-12-29;0;28
26;2025-12-29;1;1
26;2025-12-29;2;0
26;2025-12-29;3;0
26;2025-12-29;4;2
26;2025-12-29;5;85
26;2025-12-29;6;463
26;2025-12-29;7;1018
26;2025-12-29;8;2008
26;2025-12-29;9;1354
26;2025-12-29;10;1119
26;2025-12-29;11;1013
26;2025-12-29;12;1050
26;2025-12-29;13;1088
26;2025-12-29;14;1134
26;2025-12-29;15;1230
26;2025-12-29;16;1371
26;2025-12-29;17;1570
26;2025-12-29;18;1753
26;2025-12-29;19;1181
26;2025-12-29;20;706
26;2025-12-29;21;433
26;2025-12-29;22;199
26;2025-12-29;23;105
26;2025-12-30;0;27
26;2025-12-30;1;1
26;2025-12-30;2;0
26;2025-12-30;3;0
26;2025-12-30;4;2
26;2025-12-30;5;83
26;2025-12-30;6;449
26;2025-12-30;7;988
26;2025-12-30;8;1949
26;2025-12-30;9;1314
26;2025-12-30;10;1086
26;2025-12-30;11;983
26;2025-12-30;12;1019
26;2025-12-30;13;1056
26;2025-12-30;14;1100
26;2025-12-30;15;1194
26;2025-12-30;16;1330
26;2025-12-30;17;1524
26;2025-12-30;18;1702
26;2025-12-30;19;1146
26;2025-12-30;20;685
26;2025-12-30;21;420
26;2025-12-30;22;193
26;2025-12-30;23;102
26;2025-12-31;0;39
26;2025-12-31;1;3
26;2025-12-31;2;0
26;2025-12-31;3;0
26;2025-12-31;4;2
26;2025-12-31;5;39
26;2025-12-31;6;236
26;2025-12-31;7;333
26;2025-12-31;8;538
26;2025-12-31;9;614
26;2025-12-31;10;734
26;2025-12-31;11;898
26;2025-12-31;12;953
26;2025-12-31;13;953
26;2025-12-31;14;969
26;2025-12-31;15;890
26;2025-12-31;16;920
26;2025-12-31;17;848
26;2025-12-31;18;805
26;2025-12-31;19;692
26;2025-12-31;20;482
26;2025-12-31;21;324
26;2025-12-31;22;189
26;2025-12-31;23;134
28;2025-11-01;0;0
28;2025-11-01;1;0
28;2025-11-01;2;0
28;2025-11-01;3;0
28;2025-11-01;4;1
28;2025-11-01;5;58
28;2025-11-01;6;211
28;2025-11-01;7;647
28;2025-11-01;8;985
28;2025-11-01;9;662
28;2025-11-01;10;503
28;2025-11-01;11;458
28;2025-11-01;12;573
28;2025-11-01;13;580
28;2025-11-01;14;562
28;2025-11-01;15;576
28;2025-11-01;16;780
28;2025-11-01;17;793
28;2025-11-01;18;671
28;2025-11-01;19;494
28;2025-11-01;20;361
28;2025-11-01;21;247
28;2025-11-01;22;111
28;2025-11-01;23;17
28;2025-11-02;0;1
28;2025-11-02;1;0
28;2025-11-02;2;0
28;2025-11-02;3;0
28;2025-11-02;4;0
28;2025-11-02;5;30
28;2025-11-02;6;82
28;2025-11-02;7;153
28;2025-11-02;8;253
28;2025-11-02;9;344
28;2025-11-02;10;387
28;2025-11-02;11;425
28;2025-11-02;12;458
28;2025-11-02;13;549
28;2025-11-02;14;515
28;2025-11-02;15;523
28;2025-11-02;16;483
28;2025-11-02;17;512
28;2025-11-02;18;427
28;2025-11-02;19;378
28;2025-11-02;20;295
28;2025-11-02;21;233
28;2025-11-02;22;110
28;2025-11-02;23;12
28;2025-11-03;0;1
28;2025-11-03;1;0
28;2025-11-03;2;0
28;2025-11-03;3;0
28;2025-11-03;4;1
28;2025-11-03;5;29
28;2025-11-03;6;78
28;2025-11-03;7;162
28;2025-11-03;8;271
28;2025-11-03;9;349
28;2025-11-03;10;382
28;2025-11-03;11;406
28;2025-11-03;12;455
28;2025-11-03;13;504
28;2025-11-03;14;480
28;2025-11-03;15;485
28;2025-11-03;16;465
28;2025-11-03;17;473
28;2025-11-03;18;405
28;2025-11-03;19;338
28;2025-11-03;20;255
28;2025-11-03;21;216
28;2025-11-03;22;98
28;2025-11-03;23;11
28;2025-11-04;0;1
28;2025-11-04;1;0
28;2025-11-04;2;0
28;2025-11-04;3;0
28;2025-11-04;4;1
28;2025-11-04;5;29
28;2025-11-04;6;78
28;2025-11-04;7;162
28;2025-11-04;8;271
28;2025-11-04;9;349
28;2025-11-04;10;382
28;2025-11-04;11;406
28;2025-11-04;12;455
28;2025-11-04;13;504
28;2025-11-04;14;480
28;2025-11-04;15;485
28;2025-11-04;16;465
28;2025-11-04;17;473
28;2025-11-04;18;405
28;2025-11-04;19;338
28;2025-11-04;20;255
28;2025-11-04;21;216
28;2025-11-04;22;98
28;2025-11-04;23;11
28;2025-11-05;0;3
28;2025-11-05;1;0
28;2025-11-05;2;0
28;2025-11-05;3;0
28;2025-11-05;4;2
28;2025-11-05;5;82
28;2025-11-05;6;276
28;2025-11-05;7;852
28;2025-11-05;8;1330
28;2025-11-05;9;903
28;2025-11-05;10;665
28;2025-11-05;11;590
28;2025-11-05;12;717
28;2025-11-05;13;740
28;2025-11-05;14;681
28;2025-11-05;15;718
28;2025-11-05;16;907
28;2025-11-05;17;1067
28;2025-11-05;18;1048
28;2025-11-05;19;779
28;2025-11-05;20;541
28;2025-11-05;21;331
28;2025-11-05;22;137
28;2025-11-05;23;20
28;2025-11-06;0;3
28;2025-11-06;1;0
28;2025-11-06;2;0
28;2025-11-06;3;0
28;2025-11-06;4;2
28;2025-11-06;5;82
28;2025-11-06;6;276
28;2025-11-06;7;852
28;2025-11-06;8;1330
28;2025-11-06;9;903
28;2025-11-06;10;665
28;2025-11-06;11;590
28;2025-11-06;12;717
28;2025-11-06;13;740
28;2025-11-06;14;681
28;2025-11-06;15;718
28;2025-11-06;16;907
28;2025-11-06;17;1067
28;2025-11-06;18;1048
28;2025-11-06;19;779
28;2025-11-06;20;541
28;2025-11-06;21;331
28;2025-11-06;22;137
28;2025-11-06;23;20
28;2025-11-07;0;2
28;2025-11-07;1;0
28;2025-11-07;2;0
28;2025-11-07;3;0
28;2025-11-07;4;1
28;2025-11-07;5;75
28;2025-11-07;6;271
28;2025-11-07;7;834
28;2025-11-07;8;1269
28;2025-11-07;9;853
28;2025-11-07;10;648
28;2025-11-07;11;590
28;2025-11-07;12;738
28;2025-11-07;13;748
28;2025-11-07;14;724
28;2025-11-07;15;742
28;2025-11-07;16;1005
28;2025-11-07;17;1022
28;2025-11-07;18;865
28;2025-11-07;19;636
28;2025-11-07;20;465
28;2025-11-07;21;318
28;2025-11-07;22;142
28;2025-11-07;23;21
28;2025-11-08;0;1
28;2025-11-08;1;0
28;2025-11-08;2;0
28;2025-11-08;3;0
28;2025-11-08;4;1
28;2025-11-08;5;37
28;2025-11-08;6;102
28;2025-11-08;7;230
28;2025-11-08;8;388
28;2025-11-08;9;476
28;2025-11-08;10;508
28;2025-11-08;11;523
28;2025-11-08;12;608
28;2025-11-08;13;624
28;2025-11-08;14;604
28;2025-11-08;15;607
28;2025-11-08;16;604
28;2025-11-08;17;591
28;2025-11-08;18;518
28;2025-11-08;19;406
28;2025-11-08;20;294
28;2025-11-08;21;271
28;2025-11-08;22;117
28;2025-11-08;23;14
28;2025-11-09;0;1
28;2025-11-09;1;0
28;2025-11-09;2;0
28;2025-11-09;3;0
28;2025-11-09;4;0
28;2025-11-09;5;30
28;2025-11-09;6;82
28;2025-11-09;7;153
28;2025-11-09;8;253
28;2025-11-09;9;344
28;2025-11-09;10;387
28;2025-11-09;11;425
28;2025-11-09;12;458
28;2025-11-09;13;549
28;2025-11-09;14;515
28;2025-11-09;15;523
28;2025-11-09;16;483
28;2025-11-09;17;512
28;2025-11-09;18;427
28;2025-11-09;19;378
28;2025-11-09;20;295
28;2025-11-09;21;233
28;2025-11-09;22;110
28;2025-11-09;23;12
28;2025-11-10;0;3
28;2025-11-10;1;0
28;2025-11-10;2;0
28;2025-11-10;3;0
28;2025-11-10;4;2
28;2025-11-10;5;80
28;2025-11-10;6;268
28;2025-11-10;7;829
28;2025-11-10;8;1294
28;2025-11-10;9;879
28;2025-11-10;10;647
28;2025-11-10;11;574
28;2025-11-10;12;698
28;2025-11-10;13;721
28;2025-11-10;14;662
28;2025-11-10;15;698
28;2025-11-10;16;882
28;2025-11-10;17;1038
28;2025-11-10;18;1020
28;2025-11-10;19;758
28;2025-11-10;20;527
28;2025-11-10;21;322
28;2025-11-10;22;133
28;2025-11-10;23;19
28;2025-11-11;0;3
28;2025-11-11;1;0
28;2025-11-11;2;0
28;2025-11-11;3;0
28;2025-11-11;4;2
28;2025-11-11;5;82
28;2025-11-11;6;276
28;2025-11-11;7;852
28;2025-11-11;8;1330
28;2025-11-11;9;903
28;2025-11-11;10;665
28;2025-11-11;11;590
28;2025-11-11;12;717
28;2025-11-11;13;740
28;2025-11-11;14;681
28;2025-11-11;15;718
28;2025-11-11;16;907
28;2025-11-11;17;1067
28;2025-11-11;18;1048
28;2025-11-11;19;779
28;2025-11-11;20;541
28;2025-11-11;21;331
28;2025-11-11;22;137
28;2025-11-11;23;20
28;2025-11-12;0;3
28;2025-11-12;1;0
28;2025-11-12;2;0
28;2025-11-12;3;0
28;2025-11-12;4;2
28;2025-11-12;5;82
28;2025-11-12;6;276
28;2025-11-12;7;852
28;2025-11-12;8;1330
28;2025-11-12;9;903
28;2025-11-12;10;665
28;2025-11-12;11;590
28;2025-11-12;12;717
28;2025-11-12;13;740
28;2025-11-12;14;681
28;2025-11-12;15;718
28;2025-11-12;16;907
28;2025-11-12;17;1067
28;2025-11-12;18;1048
28;2025-11-12;19;779
28;2025-11-12;20;541
28;2025-11-12;21;331
28;2025-11-12;22;137
28;2025-11-12;23;20
28;2025-11-13;0;3
28;2025-11-13;1;0
28;2025-11-13;2;0
28;2025-11-13;3;0
28;2025-11-13;4;2
28;2025-11-13;5;82
28;2025-11-13;6;276
28;2025-11-13;7;852
28;2025-11-13;8;1330
28;2025-11-13;9;903
28;2025-11-13;10;665
28;2025-11-13;11;590
28;2025-11-13;12;717
28;2025-11-13;13;740
28;2025-11-13;14;681
28;2025-11-13;15;718
28;2025-11-13;16;907
28;2025-11-13;17;1067
28;2025-11-13;18;1048
28;2025-11-13;19;779
28;2025-11-13;20;541
28;2025-11-13;21;331
28;2025-11-13;22;137
28;2025-11-13;23;20
28;2025-11-14;0;2
28;2025-11-14;1;0
28;2025-11-14;2;0
28;2025-11-14;3;0
28;2025-11-14;4;1
28;2025-11-14;5;75
28;2025-11-14;6;271
28;2025-11-14;7;834
28;2025-11-14;8;1269
28;2025-11-14;9;853
28;2025-11-14;10;648
28;2025-11-14;11;590
28;2025-11-14;12;738
28;2025-11-14;13;748
28;2025-11-14;14;724
28;2025-11-14;15;742
28;2025-11-14;16;1005
28;2025-11-14;17;1022
28;2025-11-14;18;865
28;2025-11-14;19;636
28;2025-11-14;20;465
28;2025-11-14;21;318
28;2025-11-14;22;142
28;2025-11-14;23;21
28;2025-11-15;0;1
28;2025-11-15;1;0
28;2025-11-15;2;0
28;2025-11-15;3;0
28;2025-11-15;4;1
28;2025-11-15;5;37
28;2025-11-15;6;102
28;2025-11-15;7;230
28;2025-11-15;8;388
28;2025-11-15;9;476
28;2025-11-15;10;508
28;2025-11-15;11;523
28;2025-11-15;12;608
28;2025-11-15;13;624
28;2025-11-15;14;604
28;2025-11-15;15;607
28;2025-11-15;16;604
28;2025-11-15;17;591
28;2025-11-15;18;518
28;2025-11-15;19;406
28;2025-11-15;20;294
28;2025-11-15;21;271
28;2025-11-15;22;117
28;2025-11-15;23;14
28;2025-11-16;0;1
28;2025-11-16;1;0
28;2025-11-16;2;0
28;2025-11-16;3;0
28;2025-11-16;4;0
28;2025-11-16;5;30
28;2025-11-16;6;82
28;2025-11-16;7;153
28;2025-11-16;8;253
28;2025-11-16;9;344
28;2025-11-16;10;387
28;2025-11-16;11;425
28;2025-11-16;12;458
28;2025-11-16;13;549
28;2025-11-16;14;515
28;2025-11-16;15;523
28;2025-11-16;16;483
28;2025-11-16;17;512
28;2025-11-16;18;427
28;2025-11-16;19;378
28;2025-11-16;20;295
28;2025-11-16;21;233
28;2025-11-16;22;110
28;2025-11-16;23;12
28;2025-11-17;0;3
28;2025-11-17;1;0
28;2025-11-17;2;0
28;2025-11-17;3;0
28;2025-11-17;4;2
28;2025-11-17;5;80
28;2025-11-17;6;268
28;2025-11-17;7;829
28;2025-11-17;8;1294
28;2025-11-17;9;879
28;2025-11-17;10;647
28;2025-11-17;11;574
28;2025-11-17;12;698
28;2025-11-17;13;721
28;2025-11-17;14;662
28;2025-11-17;15;698
28;2025-11-17;16;882
28;2025-11-17;17;1038
28;2025-11-17;18;1020
28;2025-11-17;19;758
28;2025-11-17;20;527
28;2025-11-17;21;322
28;2025-11-17;22;133
28;2025-11-17;23;19
28;2025-11-18;0;3
28;2025-11-18;1;0
28;2025-11-18;2;0
28;2025-11-18;3;0
28;2025-11-18;4;2
28;2025-11-18;5;82
28;2025-11-18;6;276
28;2025-11-18;7;852
28;2025-11-18;8;1330
28;2025-11-18;9;903
28;2025-11-18;10;665
28;2025-11-18;11;590
28;2025-11-18;12;717
28;2025-11-18;13;740
28;2025-11-18;14;681
28;2025-11-18;15;718
28;2025-11-18;16;907
28;2025-11-18;17;1067
28;2025-11-18;18;1048
28;2025-11-18;19;779
28;2025-11-18;20;541
28;2025-11-18;21;331
28;2025-11-18;22;137
28;2025-11-18;23;20
28;2025-11-19;0;3
28;2025-11-19;1;0
28;2025-11-19;2;0
28;2025-11-19;3;0
28;2025-11-19;4;2
28;2025-11-19;5;82
28;2025-11-19;6;276
28;2025-11-19;7;852
28;2025-11-19;8;1330
28;2025-11-19;9;903
28;2025-11-19;10;665
28;2025-11-19;11;590
28;2025-11-19;12;717
28;2025-11-19;13;740
28;2025-11-19;14;681
28;2025-11-19;15;718
28;2025-11-19;16;907
28;2025-11-19;17;1067
28;2025-11-19;18;1048
28;2025-11-19;19;779
28;2025-11-19;20;541
28;2025-11-19;21;331
28;2025-11-19;22;137
28;2025-11-19;23;20
28;2025-11-20;0;3
28;2025-11-20;1;0
28;2025-11-20;2;0
28;2025-11-20;3;0
28;2025-11-20;4;2
28;2025-11-20;5;82
28;2025-11-20;6;276
28;2025-11-20;7;852
28;2025-11-20;8;1330
28;2025-11-20;9;903
28;2025-11-20;10;665
28;2025-11-20;11;590
28;2025-11-20;12;717
28;2025-11-20;13;740
28;2025-11-20;14;681
28;2025-11-20;15;718
28;2025-11-20;16;907
28;2025-11-20;17;1067
28;2025-11-20;18;1048
28;2025-11-20;19;779
28;2025-11-20;20;541
28;2025-11-20;21;331
28;2025-11-20;22;137
28;2025-11-20;23;20
28;2025-11-21;0;2
28;2025-11-21;1;0
28;2025-11-21;2;0
28;2025-11-21;3;0
28;2025-11-21;4;1
28;2025-11-21;5;75
28;2025-11-21;6;271
28;2025-11-21;7;834
28;2025-11-21;8;1269
28;2025-11-21;9;853
28;2025-11-21;10;648
28;2025-11-21;11;590
28;2025-11-21;12;738
28;2025-11-21;13;748
28;2025-11-21;14;724
28;2025-11-21;15;742
28;2025-11-21;16;1005
28;2025-11-21;17;1022
28;2025-11-21;18;865
28;2025-11-21;19;636
28;2025-11-21;20;465
28;2025-11-21;21;318
28;2025-11-21;22;142
28;2025-11-21;23;21
28;2025-11-22;0;1
28;2025-11-22;1;0
28;2025-11-22;2;0
28;2025-11-22;3;0
28;2025-11-22;4;1
28;2025-11-22;5;37
28;2025-11-22;6;102
28;2025-11-22;7;230
28;2025-11-22;8;388
28;2025-11-22;9;476
28;2025-11-22;10;508
28;2025-11-22;11;523
28;2025-11-22;12;608
28;2025-11-22;13;624
28;2025-11-22;14;604
28;2025-11-22;15;607
28;2025-11-22;16;604
28;2025-11-22;17;591
28;2025-11-22;18;518
28;2025-11-22;19;406
28;2025-11-22;20;294
28;2025-11-22;21;271
28;2025-11-22;22;117
28;2025-11-22;23;14
28;2025-11-23;0;1
28;2025-11-23;1;0
28;2025-11-23;2;0
28;2025-11-23;3;0
28;2025-11-23;4;0
28;2025-11-23;5;30
28;2025-11-23;6;82
28;2025-11-23;7;153
28;2025-11-23;8;253
28;2025-11-23;9;344
28;2025-11-23;10;387
28;2025-11-23;11;425
28;2025-11-23;12;458
28;2025-11-23;13;549
28;2025-11-23;14;515
28;2025-11-23;15;523
28;2025-11-23;16;483
28;2025-11-23;17;512
28;2025-11-23;18;427
28;2025-11-23;19;378
28;2025-11-23;20;295
28;2025-11-23;21;233
28;2025-11-23;22;110
28;2025-11-23;23;12
28;2025-11-24;0;3
28;2025-11-24;1;0
28;2025-11-24;2;0
28;2025-11-24;3;0
28;2025-11-24;4;2
28;2025-11-24;5;80
28;2025-11-24;6;268
28;2025-11-24;7;829
28;2025-11-24;8;1294
28;2025-11-24;9;879
28;2025-11-24;10;647
28;2025-11-24;11;574
28;2025-11-24;12;698
28;2025-11-24;13;721
28;2025-11-24;14;662
28;2025-11-24;15;698
28;2025-11-24;16;882
28;2025-11-24;17;1038
28;2025-11-24;18;1020
28;2025-11-24;19;758
28;2025-11-24;20;527
28;2025-11-24;21;322
28;2025-11-24;22;133
28;2025-11-24;23;19
28;2025-11-25;0;3
28;2025-11-25;1;0
28;2025-11-25;2;0
28;2025-11-25;3;0
28;2025-11-25;4;2
28;2025-11-25;5;82
28;2025-11-25;6;276
28;2025-11-25;7;852
28;2025-11-25;8;1330
28;2025-11-25;9;903
28;2025-11-25;10;665
28;2025-11-25;11;590
28;2025-11-25;12;717
28;2025-11-25;13;740
28;2025-11-25;14;681
28;2025-11-25;15;718
28;2025-11-25;16;907
28;2025-11-25;17;1067
28;2025-11-25;18;1048
28;2025-11-25;19;779
28;2025-11-25;20;541
28;2025-11-25;21;331
28;2025-11-25;22;137
28;2025-11-25;23;20
28;2025-11-26;0;3
28;2025-11-26;1;0
28;2025-11-26;2;0
28;2025-11-26;3;0
28;2025-11-26;4;2
28;2025-11-26;5;82
28;2025-11-26;6;276
28;2025-11-26;7;852
28;2025-11-26;8;1330
28;2025-11-26;9;903
28;2025-11-26;10;665
28;2025-11-26;11;590
28;2025-11-26;12;717
28;2025-11-26;13;740
28;2025-11-26;14;681
28;2025-11-26;15;718
28;2025-11-26;16;907
28;2025-11-26;17;1067
28;2025-11-26;18;1048
28;2025-11-26;19;779
28;2025-11-26;20;541
28;2025-11-26;21;331
28;2025-11-26;22;137
28;2025-11-26;23;20
28;2025-11-27;0;3
28;2025-11-27;1;0
28;2025-11-27;2;0
28;2025-11-27;3;0
28;2025-11-27;4;2
28;2025-11-27;5;82
28;2025-11-27;6;276
28;2025-11-27;7;852
28;2025-11-27;8;1330
28;2025-11-27;9;903
28;2025-11-27;10;665
28;2025-11-27;11;590
28;2025-11-27;12;717
28;2025-11-27;13;740
28;2025-11-27;14;681
28;2025-11-27;15;718
28;2025-11-27;16;907
28;2025-11-27;17;1067
28;2025-11-27;18;1048
28;2025-11-27;19;779
28;2025-11-27;20;541
28;2025-11-27;21;331
28;2025-11-27;22;137
28;2025-11-27;23;20
28;2025-11-28;0;2
28;2025-11-28;1;0
28;2025-11-28;2;0
28;2025-11-28;3;0
28;2025-11-28;4;1
28;2025-11-28;5;75
28;2025-11-28;6;271
28;2025-11-28;7;834
28;2025-11-28;8;1269
28;2025-11-28;9;853
28;2025-11-28;10;648
28;2025-11-28;11;590
28;2025-11-28;12;738
28;2025-11-28;13;748
28;2025-11-28;14;724
28;2025-11-28;15;742
28;2025-11-28;16;1005
28;2025-11-28;17;1022
28;2025-11-28;18;865
28;2025-11-28;19;636
28;2025-11-28;20;465
28;2025-11-28;21;318
28;2025-11-28;22;142
28;2025-11-28;23;21
28;2025-11-29;0;1
28;2025-11-29;1;0
28;2025-11-29;2;0
28;2025-11-29;3;0
28;2025-11-29;4;1
28;2025-11-29;5;37
28;2025-11-29;6;102
28;2025-11-29;7;230
28;2025-11-29;8;388
28;2025-11-29;9;476
28;2025-11-29;10;508
28;2025-11-29;11;523
28;2025-11-29;12;608
28;2025-11-29;13;624
28;2025-11-29;14;604
28;2025-11-29;15;607
28;2025-11-29;16;604
28;2025-11-29;17;591
28;2025-11-29;18;518
28;2025-11-29;19;406
28;2025-11-29;20;294
28;2025-11-29;21;271
28;2025-11-29;22;117
28;2025-11-29;23;14
28;2025-11-30;0;1
28;2025-11-30;1;0
28;2025-11-30;2;0
28;2025-11-30;3;0
28;2025-11-30;4;0
28;2025-11-30;5;30
28;2025-11-30;6;82
28;2025-11-30;7;153
28;2025-11-30;8;253
28;2025-11-30;9;344
28;2025-11-30;10;387
28;2025-11-30;11;425
28;2025-11-30;12;458
28;2025-11-30;13;549
28;2025-11-30;14;515
28;2025-11-30;15;523
28;2025-11-30;16;483
28;2025-11-30;17;512
28;2025-11-30;18;427
28;2025-11-30;19;378
28;2025-11-30;20;295
28;2025-11-30;21;233
28;2025-11-30;22;110
28;2025-11-30;23;12
28;2025-12-01;0;3
28;2025-12-01;1;0
28;2025-12-01;2;0
28;2025-12-01;3;0
28;2025-12-01;4;2
28;2025-12-01;5;80
28;2025-12-01;6;271
28;2025-12-01;7;835
28;2025-12-01;8;1291
28;2025-12-01;9;886
28;2025-12-01;10;652
28;2025-12-01;11;575
28;2025-12-01;12;695
28;2025-12-01;13;721
28;2025-12-01;14;659
28;2025-12-01;15;697
28;2025-12-01;16;877
28;2025-12-01;17;1032
28;2025-12-01;18;1017
28;2025-12-01;19;756
28;2025-12-01;20;527
28;2025-12-01;21;321
28;2025-12-01;22;136
28;2025-12-01;23;21
28;2025-12-02;0;3
28;2025-12-02;1;0
28;2025-12-02;2;0
28;2025-12-02;3;0
28;2025-12-02;4;2
28;2025-12-02;5;83
28;2025-12-02;6;278
28;2025-12-02;7;858
28;2025-12-02;8;1327
28;2025-12-02;9;911
28;2025-12-02;10;670
28;2025-12-02;11;591
28;2025-12-02;12;714
28;2025-12-02;13;741
28;2025-12-02;14;678
28;2025-12-02;15;716
28;2025-12-02;16;902
28;2025-12-02;17;1061
28;2025-12-02;18;1045
28;2025-12-02;19;777
28;2025-12-02;20;541
28;2025-12-02;21;330
28;2025-12-02;22;140
28;2025-12-02;23;21
28;2025-12-03;0;3
28;2025-12-03;1;0
28;2025-12-03;2;0
28;2025-12-03;3;0
28;2025-12-03;4;2
28;2025-12-03;5;83
28;2025-12-03;6;278
28;2025-12-03;7;858
28;2025-12-03;8;1327
28;2025-12-03;9;911
28;2025-12-03;10;670
28;2025-12-03;11;591
28;2025-12-03;12;714
28;2025-12-03;13;741
28;2025-12-03;14;678
28;2025-12-03;15;716
28;2025-12-03;16;902
28;2025-12-03;17;1061
28;2025-12-03;18;1045
28;2025-12-03;19;777
28;2025-12-03;20;541
28;2025-12-03;21;330
28;2025-12-03;22;140
28;2025-12-03;23;21
28;2025-12-04;0;3
28;2025-12-04;1;0
28;2025-12-04;2;0
28;2025-12-04;3;0
28;2025-12-04;4;2
28;2025-12-04;5;83
28;2025-12-04;6;278
28;2025-12-04;7;858
28;2025-12-04;8;1327
28;2025-12-04;9;911
28;2025-12-04;10;670
28;2025-12-04;11;591
28;2025-12-04;12;714
28;2025-12-04;13;741
28;2025-12-04;14;678
28;2025-12-04;15;716
28;2025-12-04;16;902
28;2025-12-04;17;1061
28;2025-12-04;18;1045
28;2025-12-04;19;777
28;2025-12-04;20;541
28;2025-12-04;21;330
28;2025-12-04;22;140
28;2025-12-04;23;21
28;2025-12-05;0;2
28;2025-12-05;1;0
28;2025-12-05;2;0
28;2025-12-05;3;0
28;2025-12-05;4;1
28;2025-12-05;5;75
28;2025-12-05;6;270
28;2025-12-05;7;830
28;2025-12-05;8;1261
28;2025-12-05;9;855
28;2025-12-05;10;651
28;2025-12-05;11;587
28;2025-12-05;12;727
28;2025-12-05;13;752
28;2025-12-05;14;727
28;2025-12-05;15;745
28;2025-12-05;16;1014
28;2025-12-05;17;1025
28;2025-12-05;18;862
28;2025-12-05;19;632
28;2025-12-05;20;473
28;2025-12-05;21;315
28;2025-12-05;22;145
28;2025-12-05;23;22
28;2025-12-06;0;1
28;2025-12-06;1;0
28;2025-12-06;2;0
28;2025-12-06;3;0
28;2025-12-06;4;1
28;2025-12-06;5;37
28;2025-12-06;6;101
28;2025-12-06;7;228
28;2025-12-06;8;383
28;2025-12-06;9;478
28;2025-12-06;10;508
28;2025-12-06;11;525
28;2025-12-06;12;607
28;2025-12-06;13;626
28;2025-12-06;14;611
28;2025-12-06;15;605
28;2025-12-06;16;600
28;2025-12-06;17;590
28;2025-12-06;18;519
28;2025-12-06;19;409
28;2025-12-06;20;296
28;2025-12-06;21;273
28;2025-12-06;22;119
28;2025-12-06;23;15
28;2025-12-07;0;1
28;2025-12-07;1;0
28;2025-12-07;2;0
28;2025-12-07;3;0
28;2025-12-07;4;1
28;2025-12-07;5;30
28;2025-12-07;6;82
28;2025-12-07;7;150
28;2025-12-07;8;251
28;2025-12-07;9;341
28;2025-12-07;10;384
28;2025-12-07;11;421
28;2025-12-07;12;458
28;2025-12-07;13;546
28;2025-12-07;14;512
28;2025-12-07;15;522
28;2025-12-07;16;485
28;2025-12-07;17;513
28;2025-12-07;18;425
28;2025-12-07;19;375
28;2025-12-07;20;295
28;2025-12-07;21;232
28;2025-12-07;22;109
28;2025-12-07;23;12
28;2025-12-08;0;3
28;2025-12-08;1;0
28;2025-12-08;2;0
28;2025-12-08;3;0
28;2025-12-08;4;2
28;2025-12-08;5;80
28;2025-12-08;6;271
28;2025-12-08;7;835
28;2025-12-08;8;1291
28;2025-12-08;9;886
28;2025-12-08;10;652
28;2025-12-08;11;575
28;2025-12-08;12;695
28;2025-12-08;13;721
28;2025-12-08;14;659
28;2025-12-08;15;697
28;2025-12-08;16;877
28;2025-12-08;17;1032
28;2025-12-08;18;1017
28;2025-12-08;19;756
28;2025-12-08;20;527
28;2025-12-08;21;321
28;2025-12-08;22;136
28;2025-12-08;23;21
28;2025-12-09;0;3
28;2025-12-09;1;0
28;2025-12-09;2;0
28;2025-12-09;3;0
28;2025-12-09;4;2
28;2025-12-09;5;83
28;2025-12-09;6;278
28;2025-12-09;7;858
28;2025-12-09;8;1327
28;2025-12-09;9;911
28;2025-12-09;10;670
28;2025-12-09;11;591
28;2025-12-09;12;714
28;2025-12-09;13;741
28;2025-12-09;14;678
28;2025-12-09;15;716
28;2025-12-09;16;902
28;2025-12-09;17;1061
28;2025-12-09;18;1045
28;2025-12-09;19;777
28;2025-12-09;20;541
28;2025-12-09;21;330
28;2025-12-09;22;140
28;2025-12-09;23;21
28;2025-12-10;0;3
28;2025-12-10;1;0
28;2025-12-10;2;0
28;2025-12-10;3;0
28;2025-12-10;4;2
28;2025-12-10;5;83
28;2025-12-10;6;278
28;2025-12-10;7;858
28;2025-12-10;8;1327
28;2025-12-10;9;911
28;2025-12-10;10;670
28;2025-12-10;11;591
28;2025-12-10;12;714
28;2025-12-10;13;741
28;2025-12-10;14;678
28;2025-12-10;15;716
28;2025-12-10;16;902
28;2025-12-10;17;1061
28;2025-12-10;18;1045
28;2025-12-10;19;777
28;2025-12-10;20;541
28;2025-12-10;21;330
28;2025-12-10;22;140
28;2025-12-10;23;21
28;2025-12-11;0;3
28;2025-12-11;1;0
28;2025-12-11;2;0
28;2025-12-11;3;0
28;2025-12-11;4;2
28;2025-12-11;5;83
28;2025-12-11;6;278
28;2025-12-11;7;858
28;2025-12-11;8;1327
28;2025-12-11;9;911
28;2025-12-11;10;670
28;2025-12-11;11;591
28;2025-12-11;12;714
28;2025-12-11;13;741
28;2025-12-11;14;678
28;2025-12-11;15;716
28;2025-12-11;16;902
28;2025-12-11;17;1061
28;2025-12-11;18;1045
28;2025-12-11;19;777
28;2025-12-11;20;541
28;2025-12-11;21;330
28;2025-12-11;22;140
28;2025-12-11;23;21
28;2025-12-12;0;2
28;2025-12-12;1;0
28;2025-12-12;2;0
28;2025-12-12;3;0
28;2025-12-12;4;1
28;2025-12-12;5;75
28;2025-12-12;6;270
28;2025-12-12;7;830
28;2025-12-12;8;1261
28;2025-12-12;9;855
28;2025-12-12;10;651
28;2025-12-12;11;587
28;2025-12-12;12;727
28;2025-12-12;13;752
28;2025-12-12;14;727
28;2025-12-12;15;745
28;2025-12-12;16;1014
28;2025-12-12;17;1025
28;2025-12-12;18;862
28;2025-12-12;19;632
28;2025-12-12;20;473
28;2025-12-12;21;315
28;2025-12-12;22;145
28;2025-12-12;23;22
28;2025-12-13;0;1
28;2025-12-13;1;0
28;2025-12-13;2;0
28;2025-12-13;3;0
28;2025-12-13;4;1
28;2025-12-13;5;37
28;2025-12-13;6;101
28;2025-12-13;7;228
28;2025-12-13;8;383
28;2025-12-13;9;478
28;2025-12-13;10;508
28;2025-12-13;11;525
28;2025-12-13;12;607
28;2025-12-13;13;626
28;2025-12-13;14;611
28;2025-12-13;15;605
28;2025-12-13;16;600
28;2025-12-13;17;590
28;2025-12-13;18;519
28;2025-12-13;19;409
28;2025-12-13;20;296
28;2025-12-13;21;273
28;2025-12-13;22;119
28;2025-12-13;23;15
28;2025-12-14;0;1
28;2025-12-14;1;0
28;2025-12-14;2;0
28;2025-12-14;3;0
28;2025-12-14;4;1
28;2025-12-14;5;30
28;2025-12-14;6;82
28;2025-12-14;7;150
28;2025-12-14;8;251
28;2025-12-14;9;341
28;2025-12-14;10;384
28;2025-12-14;11;421
28;2025-12-14;12;458
28;2025-12-14;13;546
28;2025-12-14;14;512
28;2025-12-14;15;522
28;2025-12-14;16;485
28;2025-12-14;17;513
28;2025-12-14;18;425
28;2025-12-14;19;375
28;2025-12-14;20;295
28;2025-12-14;21;232
28;2025-12-14;22;109
28;2025-12-14;23;12
28;2025-12-15;0;3
28;2025-12-15;1;0
28;2025-12-15;2;0
28;2025-12-15;3;0
28;2025-12-15;4;2
28;2025-12-15;5;80
28;2025-12-15;6;271
28;2025-12-15;7;835
28;2025-12-15;8;1291
28;2025-12-15;9;886
28;2025-12-15;10;652
28;2025-12-15;11;575
28;2025-12-15;12;695
28;2025-12-15;13;721
28;2025-12-15;14;659
28;2025-12-15;15;697
28;2025-12-15;16;877
28;2025-12-15;17;1032
28;2025-12-15;18;1017
28;2025-12-15;19;756
28;2025-12-15;20;527
28;2025-12-15;21;321
28;2025-12-15;22;136
28;2025-12-15;23;21
28;2025-12-16;0;3
28;2025-12-16;1;0
28;2025-12-16;2;0
28;2025-12-16;3;0
28;2025-12-16;4;2
28;2025-12-16;5;83
28;2025-12-16;6;278
28;2025-12-16;7;858
28;2025-12-16;8;1327
28;2025-12-16;9;911
28;2025-12-16;10;670
28;2025-12-16;11;591
28;2025-12-16;12;714
28;2025-12-16;13;741
28;2025-12-16;14;678
28;2025-12-16;15;716
28;2025-12-16;16;902
28;2025-12-16;17;1061
28;2025-12-16;18;1045
28;2025-12-16;19;777
28;2025-12-16;20;541
28;2025-12-16;21;330
28;2025-12-16;22;140
28;2025-12-16;23;21
28;2025-12-17;0;3
28;2025-12-17;1;0
28;2025-12-17;2;0
28;2025-12-17;3;0
28;2025-12-17;4;2
28;2025-12-17;5;83
28;2025-12-17;6;278
28;2025-12-17;7;858
28;2025-12-17;8;1327
28;2025-12-17;9;911
28;2025-12-17;10;670
28;2025-12-17;11;591
28;2025-12-17;12;714
28;2025-12-17;13;741
28;2025-12-17;14;678
28;2025-12-17;15;716
28;2025-12-17;16;902
28;2025-12-17;17;1061
28;2025-12-17;18;1045
28;2025-12-17;19;777
28;2025-12-17;20;541
28;2025-12-17;21;330
28;2025-12-17;22;140
28;2025-12-17;23;21
28;2025-12-18;0;3
28;2025-12-18;1;0
28;2025-12-18;2;0
28;2025-12-18;3;0
28;2025-12-18;4;2
28;2025-12-18;5;83
28;2025-12-18;6;278
28;2025-12-18;7;858
28;2025-12-18;8;1327
28;2025-12-18;9;911
28;2025-12-18;10;670
28;2025-12-18;11;591
28;2025-12-18;12;714
28;2025-12-18;13;741
28;2025-12-18;14;678
28;2025-12-18;15;716
28;2025-12-18;16;902
28;2025-12-18;17;1061
28;2025-12-18;18;1045
28;2025-12-18;19;777
28;2025-12-18;20;541
28;2025-12-18;21;330
28;2025-12-18;22;140
28;2025-12-18;23;21
28;2025-12-19;0;2
28;2025-12-19;1;0
28;2025-12-19;2;0
28;2025-12-19;3;0
28;2025-12-19;4;1
28;2025-12-19;5;75
28;2025-12-19;6;270
28;2025-12-19;7;830
28;2025-12-19;8;1261
28;2025-12-19;9;855
28;2025-12-19;10;651
28;2025-12-19;11;587
28;2025-12-19;12;727
28;2025-12-19;13;752
28;2025-12-19;14;727
28;2025-12-19;15;745
28;2025-12-19;16;1014
28;2025-12-19;17;1025
28;2025-12-19;18;862
28;2025-12-19;19;632
28;2025-12-19;20;473
28;2025-12-19;21;315
28;2025-12-19;22;145
28;2025-12-19;23;22
28;2025-12-20;0;1
28;2025-12-20;1;0
28;2025-12-20;2;0
28;2025-12-20;3;0
28;2025-12-20;4;1
28;2025-12-20;5;37
28;2025-12-20;6;101
28;2025-12-20;7;228
28;2025-12-20;8;383
28;2025-12-20;9;478
28;2025-12-20;10;508
28;2025-12-20;11;525
28;2025-12-20;12;607
28;2025-12-20;13;626
28;2025-12-20;14;611
28;2025-12-20;15;605
28;2025-12-20;16;600
28;2025-12-20;17;590
28;2025-12-20;18;519
28;2025-12-20;19;409
28;2025-12-20;20;296
28;2025-12-20;21;273
28;2025-12-20;22;119
28;2025-12-20;23;15
28;2025-12-21;0;1
28;2025-12-21;1;0
28;2025-12-21;2;0
28;2025-12-21;3;0
28;2025-12-21;4;1
28;2025-12-21;5;30
28;2025-12-21;6;82
28;2025-12-21;7;150
28;2025-12-21;8;251
28;2025-12-21;9;341
28;2025-12-21;10;384
28;2025-12-21;11;421
28;2025-12-21;12;458
28;2025-12-21;13;546
28;2025-12-21;14;512
28;2025-12-21;15;522
28;2025-12-21;16;485
28;2025-12-21;17;513
28;2025-12-21;18;425
28;2025-12-21;19;375
28;2025-12-21;20;295
28;2025-12-21;21;232
28;2025-12-21;22;109
28;2025-12-21;23;12
28;2025-12-22;0;3
28;2025-12-22;1;0
28;2025-12-22;2;0
28;2025-12-22;3;0
28;2025-12-22;4;2
28;2025-12-22;5;80
28;2025-12-22;6;271
28;2025-12-22;7;835
28;2025-12-22;8;1291
28;2025-12-22;9;886
28;2025-12-22;10;652
28;2025-12-22;11;575
28;2025-12-22;12;695
28;2025-12-22;13;721
28;2025-12-22;14;659
28;2025-12-22;15;697
28;2025-12-22;16;877
28;2025-12-22;17;1032
28;2025-12-22;18;1017
28;2025-12-22;19;756
28;2025-12-22;20;527
28;2025-12-22;21;321
28;2025-12-22;22;136
28;2025-12-22;23;21
28;2025-12-23;0;3
28;2025-12-23;1;0
28;2025-12-23;2;0
28;2025-12-23;3;0
28;2025-12-23;4;2
28;2025-12-23;5;83
28;2025-12-23;6;278
28;2025-12-23;7;858
28;2025-12-23;8;1327
28;2025-12-23;9;911
28;2025-12-23;10;670
28;2025-12-23;11;591
28;2025-12-23;12;714
28;2025-12-23;13;741
28;2025-12-23;14;678
28;2025-12-23;15;716
28;2025-12-23;16;902
28;2025-12-23;17;1061
28;2025-12-23;18;1045
28;2025-12-23;19;777
28;2025-12-23;20;541
28;2025-12-23;21;330
28;2025-12-23;22;140
28;2025-12-23;23;21
28;2025-12-24;0;3
28;2025-12-24;1;0
28;2025-12-24;2;0
28;2025-12-24;3;0
28;2025-12-24;4;2
28;2025-12-24;5;83
28;2025-12-24;6;278
28;2025-12-24;7;858
28;2025-12-24;8;1327
28;2025-12-24;9;911
28;2025-12-24;10;670
28;2025-12-24;11;591
28;2025-12-24;12;714
28;2025-12-24;13;741
28;2025-12-24;14;678
28;2025-12-24;15;716
28;2025-12-24;16;902
28;2025-12-24;17;1061
28;2025-12-24;18;1045
28;2025-12-24;19;777
28;2025-12-24;20;541
28;2025-12-24;21;330
28;2025-12-24;22;140
28;2025-12-24;23;21
28;2025-12-25;0;3
28;2025-12-25;1;0
28;2025-12-25;2;0
28;2025-12-25;3;0
28;2025-12-25;4;2
28;2025-12-25;5;83
28;2025-12-25;6;278
28;2025-12-25;7;858
28;2025-12-25;8;1327
28;2025-12-25;9;911
28;2025-12-25;10;670
28;2025-12-25;11;591
28;2025-12-25;12;714
28;2025-12-25;13;741
28;2025-12-25;14;678
28;2025-12-25;15;716
28;2025-12-25;16;902
28;2025-12-25;17;1061
28;2025-12-25;18;1045
28;2025-12-25;19;777
28;2025-12-25;20;541
28;2025-12-25;21;330
28;2025-12-25;22;140
28;2025-12-25;23;21
28;2025-12-26;0;2
28;2025-12-26;1;0
28;2025-12-26;2;0
28;2025-12-26;3;0
28;2025-12-26;4;1
28;2025-12-26;5;75
28;2025-12-26;6;270
28;2025-12-26;7;830
28;2025-12-26;8;1261
28;2025-12-26;9;855
28;2025-12-26;10;651
28;2025-12-26;11;587
28;2025-12-26;12;727
28;2025-12-26;13;752
28;2025-12-26;14;727
28;2025-12-26;15;745
28;2025-12-26;16;1014
28;2025-12-26;17;1025
28;2025-12-26;18;862
28;2025-12-26;19;632
28;2025-12-26;20;473
28;2025-12-26;21;315
28;2025-12-26;22;145
28;2025-12-26;23;22
28;2025-12-27;0;1
28;2025-12-27;1;0
28;2025-12-27;2;0
28;2025-12-27;3;0
28;2025-12-27;4;1
28;2025-12-27;5;37
28;2025-12-27;6;101
28;2025-12-27;7;228
28;2025-12-27;8;383
28;2025-12-27;9;478
28;2025-12-27;10;508
28;2025-12-27;11;525
28;2025-12-27;12;607
28;2025-12-27;13;626
28;2025-12-27;14;611
28;2025-12-27;15;605
28;2025-12-27;16;600
28;2025-12-27;17;590
28;2025-12-27;18;519
28;2025-12-27;19;409
28;2025-12-27;20;296
28;2025-12-27;21;273
28;2025-12-27;22;119
28;2025-12-27;23;15
28;2025-12-28;0;1
28;2025-12-28;1;0
28;2025-12-28;2;0
28;2025-12-28;3;0
28;2025-12-28;4;1
28;2025-12-28;5;30
28;2025-12-28;6;82
28;2025-12-28;7;150
28;2025-12-28;8;251
28;2025-12-28;9;341
28;2025-12-28;10;384
28;2025-12-28;11;421
28;2025-12-28;12;458
28;2025-12-28;13;546
28;2025-12-28;14;512
28;2025-12-28;15;522
28;2025-12-28;16;485
28;2025-12-28;17;513
28;2025-12-28;18;425
28;2025-12-28;19;375
28;2025-12-28;20;295
28;2025-12-28;21;232
28;2025-12-28;22;109
28;2025-12-28;23;12
28;2025-12-29;0;2
28;2025-12-29;1;0
28;2025-12-29;2;0
28;2025-12-29;3;0
28;2025-12-29;4;2
28;2025-12-29;5;72
28;2025-12-29;6;244
28;2025-12-29;7;752
28;2025-12-29;8;1162
28;2025-12-29;9;798
28;2025-12-29;10;587
28;2025-12-29;11;518
28;2025-12-29;12;625
28;2025-12-29;13;649
28;2025-12-29;14;593
28;2025-12-29;15;627
28;2025-12-29;16;790
28;2025-12-29;17;929
28;2025-12-29;18;916
28;2025-12-29;19;680
28;2025-12-29;20;474
28;2025-12-29;21;289
28;2025-12-29;22;123
28;2025-12-29;23;19
28;2025-12-30;0;2
28;2025-12-30;1;0
28;2025-12-30;2;0
28;2025-12-30;3;0
28;2025-12-30;4;1
28;2025-12-30;5;70
28;2025-12-30;6;237
28;2025-12-30;7;729
28;2025-12-30;8;1128
28;2025-12-30;9;774
28;2025-12-30;10;569
28;2025-12-30;11;502
28;2025-12-30;12;607
28;2025-12-30;13;630
28;2025-12-30;14;576
28;2025-12-30;15;609
28;2025-12-30;16;766
28;2025-12-30;17;902
28;2025-12-30;18;889
28;2025-12-30;19;660
28;2025-12-30;20;460
28;2025-12-30;21;281
28;2025-12-30;22;119
28;2025-12-30;23;18
28;2025-12-31;0;1
28;2025-12-31;1;0
28;2025-12-31;2;0
28;2025-12-31;3;0
28;2025-12-31;4;1
28;2025-12-31;5;31
28;2025-12-31;6;86
28;2025-12-31;7;194
28;2025-12-31;8;326
28;2025-12-31;9;407
28;2025-12-31;10;432
28;2025-12-31;11;446
28;2025-12-31;12;516
28;2025-12-31;13;532
28;2025-12-31;14;519
28;2025-12-31;15;514
28;2025-12-31;16;510
28;2025-12-31;17;501
28;2025-12-31;18;441
28;2025-12-31;19;348
28;2025-12-31;20;251
28;2025-12-31;21;232
28;2025-12-31;22;101
28;2025-12-31;23;13
50;2025-11-01;0;55
50;2025-11-01;1;6
50;2025-11-01;2;0
50;2025-11-01;3;0
50;2025-11-01;4;3
50;2025-11-01;5;53
50;2025-11-01;6;434
50;2025-11-01;7;1397
50;2025-11-01;8;2194
50;2025-11-01;9;1688
50;2025-11-01;10;1240
50;2025-11-01;11;1288
50;2025-11-01;12;1212
50;2025-11-01;13;1233
50;2025-11-01;14;1175
50;2025-11-01;15;1446
50;2025-11-01;16;1748
50;2025-11-01;17;1749
50;2025-11-01;18;1421
50;2025-11-01;19;988
50;2025-11-01;20;673
50;2025-11-01;21;462
50;2025-11-01;22;240
50;2025-11-01;23;139
50;2025-11-02;0;0
50;2025-11-02;1;0
50;2025-11-02;2;0
50;2025-11-02;3;0
50;2025-11-02;4;0
50;2025-11-02;5;0
50;2025-11-02;6;1
50;2025-11-02;7;1
50;2025-11-02;8;2
50;2025-11-02;9;1
50;2025-11-02;10;4
50;2025-11-02;11;13
50;2025-11-02;12;10
50;2025-11-02;13;12
50;2025-11-02;14;21
50;2025-11-02;15;17
50;2025-11-02;16;20
50;2025-11-02;17;18
50;2025-11-02;18;11
50;2025-11-02;19;11
50;2025-11-02;20;8
50;2025-11-02;21;5
50;2025-11-02;22;6
50;2025-11-02;23;2
50;2025-11-03;0;6
50;2025-11-03;1;1
50;2025-11-03;2;0
50;2025-11-03;3;0
50;2025-11-03;4;0
50;2025-11-03;5;1
50;2025-11-03;6;1
50;2025-11-03;7;2
50;2025-11-03;8;5
50;2025-11-03;9;8
50;2025-11-03;10;5
50;2025-11-03;11;11
50;2025-11-03;12;13
50;2025-11-03;13;11
50;2025-11-03;14;17
50;2025-11-03;15;18
50;2025-11-03;16;16
50;2025-11-03;17;15
50;2025-11-03;18;7
50;2025-11-03;19;7
50;2025-11-03;20;5
50;2025-11-03;21;4
50;2025-11-03;22;4
50;2025-11-03;23;1
50;2025-11-04;0;6
50;2025-11-04;1;1
50;2025-11-04;2;0
50;2025-11-04;3;0
50;2025-11-04;4;0
50;2025-11-04;5;1
50;2025-11-04;6;1
50;2025-11-04;7;2
50;2025-11-04;8;5
50;2025-11-04;9;8
50;2025-11-04;10;5
50;2025-11-04;11;11
50;2025-11-04;12;13
50;2025-11-04;13;11
50;2025-11-04;14;17
50;2025-11-04;15;18
50;2025-11-04;16;16
50;2025-11-04;17;15
50;2025-11-04;18;7
50;2025-11-04;19;7
50;2025-11-04;20;5
50;2025-11-04;21;4
50;2025-11-04;22;4
50;2025-11-04;23;1
50;2025-11-05;0;33
50;2025-11-05;1;4
50;2025-11-05;2;0
50;2025-11-05;3;0
50;2025-11-05;4;3
50;2025-11-05;5;74
50;2025-11-05;6;559
50;2025-11-05;7;1815
50;2025-11-05;8;2869
50;2025-11-05;9;2247
50;2025-11-05;10;1742
50;2025-11-05;11;1624
50;2025-11-05;12;1522
50;2025-11-05;13;1532
50;2025-11-05;14;1481
50;2025-11-05;15;1751
50;2025-11-05;16;1742
50;2025-11-05;17;2525
50;2025-11-05;18;2666
50;2025-11-05;19;1538
50;2025-11-05;20;951
50;2025-11-05;21;653
50;2025-11-05;22;281
50;2025-11-05;23;144
50;2025-11-06;0;33
50;2025-11-06;1;4
50;2025-11-06;2;0
50;2025-11-06;3;0
50;2025-11-06;4;3
50;2025-11-06;5;74
50;2025-11-06;6;559
50;2025-11-06;7;1815
50;2025-11-06;8;2869
50;2025-11-06;9;2247
50;2025-11-06;10;1742
50;2025-11-06;11;1624
50;2025-11-06;12;1522
50;2025-11-06;13;1532
50;2025-11-06;14;1481
50;2025-11-06;15;1751
50;2025-11-06;16;1742
50;2025-11-06;17;2525
50;2025-11-06;18;2666
50;2025-11-06;19;1538
50;2025-11-06;20;951
50;2025-11-06;21;653
50;2025-11-06;22;281
50;2025-11-06;23;144
50;2025-11-07;0;41
50;2025-11-07;1;3
50;2025-11-07;2;0
50;2025-11-07;3;0
50;2025-11-07;4;3
50;2025-11-07;5;68
50;2025-11-07;6;559
50;2025-11-07;7;1800
50;2025-11-07;8;2826
50;2025-11-07;9;2175
50;2025-11-07;10;1598
50;2025-11-07;11;1659
50;2025-11-07;12;1562
50;2025-11-07;13;1588
50;2025-11-07;14;1514
50;2025-11-07;15;1863
50;2025-11-07;16;2252
50;2025-11-07;17;2254
50;2025-11-07;18;1831
50;2025-11-07;19;1273
50;2025-11-07;20;868
50;2025-11-07;21;595
50;2025-11-07;22;309
50;2025-11-07;23;179
50;2025-11-08;0;20
50;2025-11-08;1;2
50;2025-11-08;2;0
50;2025-11-08;3;1
50;2025-11-08;4;0
50;2025-11-08;5;3
50;2025-11-08;6;4
50;2025-11-08;7;7
50;2025-11-08;8;13
50;2025-11-08;9;26
50;2025-11-08;10;9
50;2025-11-08;11;16
50;2025-11-08;12;29
50;2025-11-08;13;19
50;2025-11-08;14;24
50;2025-11-08;15;35
50;2025-11-08;16;22
50;2025-11-08;17;22
50;2025-11-08;18;5
50;2025-11-08;19;5
50;2025-11-08;20;3
50;2025-11-08;21;4
50;2025-11-08;22;4
50;2025-11-08;23;1
50;2025-11-09;0;0
50;2025-11-09;1;0
50;2025-11-09;2;0
50;2025-11-09;3;0
50;2025-11-09;4;0
50;2025-11-09;5;0
50;2025-11-09;6;1
50;2025-11-09;7;1
50;2025-11-09;8;2
50;2025-11-09;9;1
50;2025-11-09;10;4
50;2025-11-09;11;13
50;2025-11-09;12;10
50;2025-11-09;13;12
50;2025-11-09;14;21
50;2025-11-09;15;17
50;2025-11-09;16;20
50;2025-11-09;17;18
50;2025-11-09;18;11
50;2025-11-09;19;11
50;2025-11-09;20;8
50;2025-11-09;21;5
50;2025-11-09;22;6
50;2025-11-09;23;2
50;2025-11-10;0;32
50;2025-11-10;1;4
50;2025-11-10;2;0
50;2025-11-10;3;0
50;2025-11-10;4;3
50;2025-11-10;5;72
50;2025-11-10;6;544
50;2025-11-10;7;1766
50;2025-11-10;8;2792
50;2025-11-10;9;2186
50;2025-11-10;10;1695
50;2025-11-10;11;1581
50;2025-11-10;12;1481
50;2025-11-10;13;1491
50;2025-11-10;14;1441
50;2025-11-10;15;1704
50;2025-11-10;16;1695
50;2025-11-10;17;2457
50;2025-11-10;18;2594
50;2025-11-10;19;1497
50;2025-11-10;20;925
50;2025-11-10;21;636
50;2025-11-10;22;273
50;2025-11-10;23;140
50;2025-11-11;0;33
50;2025-11-11;1;4
50;2025-11-11;2;0
50;2025-11-11;3;0
50;2025-11-11;4;3
50;2025-11-11;5;74
50;2025-11-11;6;559
50;2025-11-11;7;1815
50;2025-11-11;8;2869
50;2025-11-11;9;2247
50;2025-11-11;10;1742
50;2025-11-11;11;1624
50;2025-11-11;12;1522
50;2025-11-11;13;1532
50;2025-11-11;14;1481
50;2025-11-11;15;1751
50;2025-11-11;16;1742
50;2025-11-11;17;2525
50;2025-11-11;18;2666
50;2025-11-11;19;1538
50;2025-11-11;20;951
50;2025-11-11;21;653
50;2025-11-11;22;281
50;2025-11-11;23;144
50;2025-11-12;0;33
50;2025-11-12;1;4
50;2025-11-12;2;0
50;2025-11-12;3;0
50;2025-11-12;4;3
50;2025-11-12;5;74
50;2025-11-12;6;559
50;2025-11-12;7;1815
50;2025-11-12;8;2869
50;2025-11-12;9;2247
50;2025-11-12;10;1742
50;2025-11-12;11;1624
50;2025-11-12;12;1522
50;2025-11-12;13;1532
50;2025-11-12;14;1481
50;2025-11-12;15;1751
50;2025-11-12;16;1742
50;2025-11-12;17;2525
50;2025-11-12;18;2666
50;2025-11-12;19;1538
50;2025-11-12;20;951
50;2025-11-12;21;653
50;2025-11-12;22;281
50;2025-11-12;23;144
50;2025-11-13;0;33
50;2025-11-13;1;4
50;2025-11-13;2;0
50;2025-11-13;3;0
50;2025-11-13;4;3
50;2025-11-13;5;74
50;2025-11-13;6;559
50;2025-11-13;7;1815
50;2025-11-13;8;2869
50;2025-11-13;9;2247
50;2025-11-13;10;1742
50;2025-11-13;11;1624
50;2025-11-13;12;1522
50;2025-11-13;13;1532
50;2025-11-13;14;1481
50;2025-11-13;15;1751
50;2025-11-13;16;1742
50;2025-11-13;17;2525
50;2025-11-13;18;2666
50;2025-11-13;19;1538
50;2025-11-13;20;951
50;2025-11-13;21;653
50;2025-11-13;22;281
50;2025-11-13;23;144
50;2025-11-14;0;41
50;2025-11-14;1;3
50;2025-11-14;2;0
50;2025-11-14;3;0
50;2025-11-14;4;3
50;2025-11-14;5;68
50;2025-11-14;6;559
50;2025-11-14;7;1800
50;2025-11-14;8;2826
50;2025-11-14;9;2175
50;2025-11-14;10;1598
50;2025-11-14;11;1659
50;2025-11-14;12;1562
50;2025-11-14;13;1588
50;2025-11-14;14;1514
50;2025-11-14;15;1863
50;2025-11-14;16;2252
50;2025-11-14;17;2254
50;2025-11-14;18;1831
50;2025-11-14;19;1273
50;2025-11-14;20;868
50;2025-11-14;21;595
50;2025-11-14;22;309
50;2025-11-14;23;179
50;2025-11-15;0;20
50;2025-11-15;1;2
50;2025-11-15;2;0
50;2025-11-15;3;1
50;2025-11-15;4;0
50;2025-11-15;5;3
50;2025-11-15;6;4
50;2025-11-15;7;7
50;2025-11-15;8;13
50;2025-11-15;9;26
50;2025-11-15;10;9
50;2025-11-15;11;16
50;2025-11-15;12;29
50;2025-11-15;13;19
50;2025-11-15;14;24
50;2025-11-15;15;35
50;2025-11-15;16;22
50;2025-11-15;17;22
50;2025-11-15;18;5
50;2025-11-15;19;5
50;2025-11-15;20;3
50;2025-11-15;21;4
50;2025-11-15;22;4
50;2025-11-15;23;1
50;2025-11-16;0;0
50;2025-11-16;1;0
50;2025-11-16;2;0
50;2025-11-16;3;0
50;2025-11-16;4;0
50;2025-11-16;5;0
50;2025-11-16;6;1
50;2025-11-16;7;1
50;2025-11-16;8;2
50;2025-11-16;9;1
50;2025-11-16;10;4
50;2025-11-16;11;13
50;2025-11-16;12;10
50;2025-11-16;13;12
50;2025-11-16;14;21
50;2025-11-16;15;17
50;2025-11-16;16;20
50;2025-11-16;17;18
50;2025-11-16;18;11
50;2025-11-16;19;11
50;2025-11-16;20;8
50;2025-11-16;21;5
50;2025-11-16;22;6
50;2025-11-16;23;2
50;2025-11-17;0;32
50;2025-11-17;1;4
50;2025-11-17;2;0
50;2025-11-17;3;0
50;2025-11-17;4;3
50;2025-11-17;5;72
50;2025-11-17;6;544
50;2025-11-17;7;1766
50;2025-11-17;8;2792
50;2025-11-17;9;2186
50;2025-11-17;10;1695
50;2025-11-17;11;1581
50;2025-11-17;12;1481
50;2025-11-17;13;1491
50;2025-11-17;14;1441
50;2025-11-17;15;1704
50;2025-11-17;16;1695
50;2025-11-17;17;2457
50;2025-11-17;18;2594
50;2025-11-17;19;1497
50;2025-11-17;20;925
50;2025-11-17;21;636
50;2025-11-17;22;273
50;2025-11-17;23;140
50;2025-11-18;0;33
50;2025-11-18;1;4
50;2025-11-18;2;0
50;2025-11-18;3;0
50;2025-11-18;4;3
50;2025-11-18;5;74
50;2025-11-18;6;559
50;2025-11-18;7;1815
50;2025-11-18;8;2869
50;2025-11-18;9;2247
50;2025-11-18;10;1742
50;2025-11-18;11;1624
50;2025-11-18;12;1522
50;2025-11-18;13;1532
50;2025-11-18;14;1481
50;2025-11-18;15;1751
50;2025-11-18;16;1742
50;2025-11-18;17;2525
50;2025-11-18;18;2666
50;2025-11-18;19;1538
50;2025-11-18;20;951
50;2025-11-18;21;653
50;2025-11-18;22;281
50;2025-11-18;23;144
50;2025-11-19;0;33
50;2025-11-19;1;4
50;2025-11-19;2;0
50;2025-11-19;3;0
50;2025-11-19;4;3
50;2025-11-19;5;74
50;2025-11-19;6;559
50;2025-11-19;7;1815
50;2025-11-19;8;2869
50;2025-11-19;9;2247
50;2025-11-19;10;1742
50;2025-11-19;11;1624
50;2025-11-19;12;1522
50;2025-11-19;13;1532
50;2025-11-19;14;1481
50;2025-11-19;15;1751
50;2025-11-19;16;1742
50;2025-11-19;17;2525
50;2025-11-19;18;2666
50;2025-11-19;19;1538
50;2025-11-19;20;951
50;2025-11-19;21;653
50;2025-11-19;22;281
50;2025-11-19;23;144
50;2025-11-20;0;33
50;2025-11-20;1;4
50;2025-11-20;2;0
50;2025-11-20;3;0
50;2025-11-20;4;3
50;2025-11-20;5;74
50;2025-11-20;6;559
50;2025-11-20;7;1815
50;2025-11-20;8;2869
50;2025-11-20;9;2247
50;2025-11-20;10;1742
50;2025-11-20;11;1624
50;2025-11-20;12;1522
50;2025-11-20;13;1532
50;2025-11-20;14;1481
50;2025-11-20;15;1751
50;2025-11-20;16;1742
50;2025-11-20;17;2525
50;2025-11-20;18;2666
50;2025-11-20;19;1538
50;2025-11-20;20;951
50;2025-11-20;21;653
50;2025-11-20;22;281
50;2025-11-20;23;144
50;2025-11-21;0;41
50;2025-11-21;1;3
50;2025-11-21;2;0
50;2025-11-21;3;0
50;2025-11-21;4;3
50;2025-11-21;5;68
50;2025-11-21;6;559
50;2025-11-21;7;1800
50;2025-11-21;8;2826
50;2025-11-21;9;2175
50;2025-11-21;10;1598
50;2025-11-21;11;1659
50;2025-11-21;12;1562
50;2025-11-21;13;1588
50;2025-11-21;14;1514
50;2025-11-21;15;1863
50;2025-11-21;16;2252
50;2025-11-21;17;2254
50;2025-11-21;18;1831
50;2025-11-21;19;1273
50;2025-11-21;20;868
50;2025-11-21;21;595
50;2025-11-21;22;309
50;2025-11-21;23;179
50;2025-11-22;0;20
50;2025-11-22;1;2
50;2025-11-22;2;0
50;2025-11-22;3;1
50;2025-11-22;4;0
50;2025-11-22;5;3
50;2025-11-22;6;4
50;2025-11-22;7;7
50;2025-11-22;8;13
50;2025-11-22;9;26
50;2025-11-22;10;9
50;2025-11-22;11;16
50;2025-11-22;12;29
50;2025-11-22;13;19
50;2025-11-22;14;24
50;2025-11-22;15;35
50;2025-11-22;16;22
50;2025-11-22;17;22
50;2025-11-22;18;5
50;2025-11-22;19;5
50;2025-11-22;20;3
50;2025-11-22;21;4
50;2025-11-22;22;4
50;2025-11-22;23;1
50;2025-11-23;0;0
50;2025-11-23;1;0
50;2025-11-23;2;0
50;2025-11-23;3;0
50;2025-11-23;4;0
50;2025-11-23;5;0
50;2025-11-23;6;1
50;2025-11-23;7;1
50;2025-11-23;8;2
50;2025-11-23;9;1
50;2025-11-23;10;4
50;2025-11-23;11;13
50;2025-11-23;12;10
50;2025-11-23;13;12
50;2025-11-23;14;21
50;2025-11-23;15;17
50;2025-11-23;16;20
50;2025-11-23;17;18
50;2025-11-23;18;11
50;2025-11-23;19;11
50;2025-11-23;20;8
50;2025-11-23;21;5
50;2025-11-23;22;6
50;2025-11-23;23;2
50;2025-11-24;0;32
50;2025-11-24;1;4
50;2025-11-24;2;0
50;2025-11-24;3;0
50;2025-11-24;4;3
50;2025-11-24;5;72
50;2025-11-24;6;544
50;2025-11-24;7;1766
50;2025-11-24;8;2792
50;2025-11-24;9;2186
50;2025-11-24;10;1695
50;2025-11-24;11;1581
50;2025-11-24;12;1481
50;2025-11-24;13;1491
50;2025-11-24;14;1441
50;2025-11-24;15;1704
50;2025-11-24;16;1695
50;2025-11-24;17;2457
50;2025-11-24;18;2594
50;2025-11-24;19;1497
50;2025-11-24;20;925
50;2025-11-24;21;636
50;2025-11-24;22;273
50;2025-11-24;23;140
50;2025-11-25;0;33
50;2025-11-25;1;4
50;2025-11-25;2;0
50;2025-11-25;3;0
50;2025-11-25;4;3
50;2025-11-25;5;74
50;2025-11-25;6;559
50;2025-11-25;7;1815
50;2025-11-25;8;2869
50;2025-11-25;9;2247
50;2025-11-25;10;1742
50;2025-11-25;11;1624
50;2025-11-25;12;1522
50;2025-11-25;13;1532
50;2025-11-25;14;1481
50;2025-11-25;15;1751
50;2025-11-25;16;1742
50;2025-11-25;17;2525
50;2025-11-25;18;2666
50;2025-11-25;19;1538
50;2025-11-25;20;951
50;2025-11-25;21;653
50;2025-11-25;22;281
50;2025-11-25;23;144
50;2025-11-26;0;33
50;2025-11-26;1;4
50;2025-11-26;2;0
50;2025-11-26;3;0
50;2025-11-26;4;3
50;2025-11-26;5;74
50;2025-11-26;6;559
50;2025-11-26;7;1815
50;2025-11-26;8;2869
50;2025-11-26;9;2247
50;2025-11-26;10;1742
50;2025-11-26;11;1624
50;2025-11-26;12;1522
50;2025-11-26;13;1532
50;2025-11-26;14;1481
50;2025-11-26;15;1751
50;2025-11-26;16;1742
50;2025-11-26;17;2525
50;2025-11-26;18;2666
50;2025-11-26;19;1538
50;2025-11-26;20;951
50;2025-11-26;21;653
50;2025-11-26;22;281
50;2025-11-26;23;144
50;2025-11-27;0;33
50;2025-11-27;1;4
50;2025-11-27;2;0
50;2025-11-27;3;0
50;2025-11-27;4;3
50;2025-11-27;5;74
50;2025-11-27;6;559
50;2025-11-27;7;1815
50;2025-11-27;8;2869
50;2025-11-27;9;2247
50;2025-11-27;10;1742
50;2025-11-27;11;1624
50;2025-11-27;12;1522
50;2025-11-27;13;1532
50;2025-11-27;14;1481
50;2025-11-27;15;1751
50;2025-11-27;16;1742
50;2025-11-27;17;2525
50;2025-11-27;18;2666
50;2025-11-27;19;1538
50;2025-11-27;20;951
50;2025-11-27;21;653
50;2025-11-27;22;281
50;2025-11-27;23;144
50;2025-11-28;0;41
50;2025-11-28;1;3
50;2025-11-28;2;0
50;2025-11-28;3;0
50;2025-11-28;4;3
50;2025-11-28;5;68
50;2025-11-28;6;559
50;2025-11-28;7;1800
50;2025-11-28;8;2826
50;2025-11-28;9;2175
50;2025-11-28;10;1598
50;2025-11-28;11;1659
50;2025-11-28;12;1562
50;2025-11-28;13;1588
50;2025-11-28;14;1514
50;2025-11-28;15;1863
50;2025-11-28;16;2252
50;2025-11-28;17;2254
50;2025-11-28;18;1831
50;2025-11-28;19;1273
50;2025-11-28;20;868
50;2025-11-28;21;595
50;2025-11-28;22;309
50;2025-11-28;23;179
50;2025-11-29;0;20
50;2025-11-29;1;2
50;2025-11-29;2;0
50;2025-11-29;3;1
50;2025-11-29;4;0
50;2025-11-29;5;3
50;2025-11-29;6;4
50;2025-11-29;7;7
50;2025-11-29;8;13
50;2025-11-29;9;26
50;2025-11-29;10;9
50;2025-11-29;11;16
50;2025-11-29;12;29
50;2025-11-29;13;19
50;2025-11-29;14;24
50;2025-11-29;15;35
50;2025-11-29;16;22
50;2025-11-29;17;22
50;2025-11-29;18;5
50;2025-11-29;19;5
50;2025-11-29;20;3
50;2025-11-29;21;4
50;2025-11-29;22;4
50;2025-11-29;23;1
50;2025-11-30;0;0
50;2025-11-30;1;0
50;2025-11-30;2;0
50;2025-11-30;3;0
50;2025-11-30;4;0
50;2025-11-30;5;0
50;2025-11-30;6;1
50;2025-11-30;7;1
50;2025-11-30;8;2
50;2025-11-30;9;1
50;2025-11-30;10;4
50;2025-11-30;11;13
50;2025-11-30;12;10
50;2025-11-30;13;12
50;2025-11-30;14;21
50;2025-11-30;15;17
50;2025-11-30;16;20
50;2025-11-30;17;18
50;2025-11-30;18;11
50;2025-11-30;19;11
50;2025-11-30;20;8
50;2025-11-30;21;5
50;2025-11-30;22;6
50;2025-11-30;23;2
50;2025-12-01;0;33
50;2025-12-01;1;4
50;2025-12-01;2;0
50;2025-12-01;3;0
50;2025-12-01;4;3
50;2025-12-01;5;71
50;2025-12-01;6;546
50;2025-12-01;7;1774
50;2025-12-01;8;2780
50;2025-12-01;9;2173
50;2025-12-01;10;1685
50;2025-12-01;11;1589
50;2025-12-01;12;1486
50;2025-12-01;13;1483
50;2025-12-01;14;1438
50;2025-12-01;15;1708
50;2025-12-01;16;1694
50;2025-12-01;17;2458
50;2025-12-01;18;2608
50;2025-12-01;19;1510
50;2025-12-01;20;919
50;2025-12-01;21;632
50;2025-12-01;22;278
50;2025-12-01;23;139
50;2025-12-02;0;34
50;2025-12-02;1;4
50;2025-12-02;2;0
50;2025-12-02;3;0
50;2025-12-02;4;3
50;2025-12-02;5;73
50;2025-12-02;6;561
50;2025-12-02;7;1823
50;2025-12-02;8;2857
50;2025-12-02;9;2233
50;2025-12-02;10;1731
50;2025-12-02;11;1633
50;2025-12-02;12;1527
50;2025-12-02;13;1524
50;2025-12-02;14;1478
50;2025-12-02;15;1755
50;2025-12-02;16;1741
50;2025-12-02;17;2526
50;2025-12-02;18;2680
50;2025-12-02;19;1551
50;2025-12-02;20;944
50;2025-12-02;21;650
50;2025-12-02;22;286
50;2025-12-02;23;143
50;2025-12-03;0;34
50;2025-12-03;1;4
50;2025-12-03;2;0
50;2025-12-03;3;0
50;2025-12-03;4;3
50;2025-12-03;5;73
50;2025-12-03;6;561
50;2025-12-03;7;1823
50;2025-12-03;8;2857
50;2025-12-03;9;2233
50;2025-12-03;10;1731
50;2025-12-03;11;1633
50;2025-12-03;12;1527
50;2025-12-03;13;1524
50;2025-12-03;14;1478
50;2025-12-03;15;1755
50;2025-12-03;16;1741
50;2025-12-03;17;2526
50;2025-12-03;18;2680
50;2025-12-03;19;1551
50;2025-12-03;20;944
50;2025-12-03;21;650
50;2025-12-03;22;286
50;2025-12-03;23;143
50;2025-12-04;0;34
50;2025-12-04;1;4
50;2025-12-04;2;0
50;2025-12-04;3;0
50;2025-12-04;4;3
50;2025-12-04;5;73
50;2025-12-04;6;561
50;2025-12-04;7;1823
50;2025-12-04;8;2857
50;2025-12-04;9;2233
50;2025-12-04;10;1731
50;2025-12-04;11;1633
50;2025-12-04;12;1527
50;2025-12-04;13;1524
50;2025-12-04;14;1478
50;2025-12-04;15;1755
50;2025-12-04;16;1741
50;2025-12-04;17;2526
50;2025-12-04;18;2680
50;2025-12-04;19;1551
50;2025-12-04;20;944
50;2025-12-04;21;650
50;2025-12-04;22;286
50;2025-12-04;23;143
50;2025-12-05;0;42
50;2025-12-05;1;3
50;2025-12-05;2;0
50;2025-12-05;3;0
50;2025-12-05;4;3
50;2025-12-05;5;67
50;2025-12-05;6;564
50;2025-12-05;7;1790
50;2025-12-05;8;2807
50;2025-12-05;9;2155
50;2025-12-05;10;1601
50;2025-12-05;11;1672
50;2025-12-05;12;1578
50;2025-12-05;13;1585
50;2025-12-05;14;1511
50;2025-12-05;15;1871
50;2025-12-05;16;2224
50;2025-12-05;17;2252
50;2025-12-05;18;1860
50;2025-12-05;19;1277
50;2025-12-05;20;860
50;2025-12-05;21;599
50;2025-12-05;22;314
50;2025-12-05;23;180
50;2025-12-06;0;67
50;2025-12-06;1;4
50;2025-12-06;2;0
50;2025-12-06;3;0
50;2025-12-06;4;1
50;2025-12-06;5;30
50;2025-12-06;6;170
50;2025-12-06;7;405
50;2025-12-06;8;628
50;2025-12-06;9;676
50;2025-12-06;10;648
50;2025-12-06;11;850
50;2025-12-06;12;870
50;2025-12-06;13;917
50;2025-12-06;14;932
50;2025-12-06;15;890
50;2025-12-06;16;855
50;2025-12-06;17;846
50;2025-12-06;18;740
50;2025-12-06;19;633
50;2025-12-06;20;466
50;2025-12-06;21;382
50;2025-12-06;22;246
50;2025-12-06;23;143
50;2025-12-07;0;52
50;2025-12-07;1;7
50;2025-12-07;2;0
50;2025-12-07;3;0
50;2025-12-07;4;1
50;2025-12-07;5;25
50;2025-12-07;6;117
50;2025-12-07;7;224
50;2025-12-07;8;339
50;2025-12-07;9;439
50;2025-12-07;10;492
50;2025-12-07;11;622
50;2025-12-07;12;728
50;2025-12-07;13;789
50;2025-12-07;14;839
50;2025-12-07;15;729
50;2025-12-07;16;774
50;2025-12-07;17;737
50;2025-12-07;18;665
50;2025-12-07;19;559
50;2025-12-07;20;456
50;2025-12-07;21;350
50;2025-12-07;22;228
50;2025-12-07;23;107
50;2025-12-08;0;33
50;2025-12-08;1;4
50;2025-12-08;2;0
50;2025-12-08;3;0
50;2025-12-08;4;3
50;2025-12-08;5;71
50;2025-12-08;6;546
50;2025-12-08;7;1774
50;2025-12-08;8;2780
50;2025-12-08;9;2173
50;2025-12-08;10;1685
50;2025-12-08;11;1589
50;2025-12-08;12;1486
50;2025-12-08;13;1483
50;2025-12-08;14;1438
50;2025-12-08;15;1708
50;2025-12-08;16;1694
50;2025-12-08;17;2458
50;2025-12-08;18;2608
50;2025-12-08;19;1510
50;2025-12-08;20;919
50;2025-12-08;21;632
50;2025-12-08;22;278
50;2025-12-08;23;139
50;2025-12-09;0;34
50;2025-12-09;1;4
50;2025-12-09;2;0
50;2025-12-09;3;0
50;2025-12-09;4;3
50;2025-12-09;5;73
50;2025-12-09;6;561
50;2025-12-09;7;1823
50;2025-12-09;8;2857
50;2025-12-09;9;2233
50;2025-12-09;10;1731
50;2025-12-09;11;1633
50;2025-12-09;12;1527
50;2025-12-09;13;1524
50;2025-12-09;14;1478
50;2025-12-09;15;1755
50;2025-12-09;16;1741
50;2025-12-09;17;2526
50;2025-12-09;18;2680
50;2025-12-09;19;1551
50;2025-12-09;20;944
50;2025-12-09;21;650
50;2025-12-09;22;286
50;2025-12-09;23;143
50;2025-12-10;0;34
50;2025-12-10;1;4
50;2025-12-10;2;0
50;2025-12-10;3;0
50;2025-12-10;4;3
50;2025-12-10;5;73
50;2025-12-10;6;561
50;2025-12-10;7;1823
50;2025-12-10;8;2857
50;2025-12-10;9;2233
50;2025-12-10;10;1731
50;2025-12-10;11;1633
50;2025-12-10;12;1527
50;2025-12-10;13;1524
50;2025-12-10;14;1478
50;2025-12-10;15;1755
50;2025-12-10;16;1741
50;2025-12-10;17;2526
50;2025-12-10;18;2680
50;2025-12-10;19;1551
50;2025-12-10;20;944
50;2025-12-10;21;650
50;2025-12-10;22;286
50;2025-12-10;23;143
50;2025-12-11;0;34
50;2025-12-11;1;4
50;2025-12-11;2;0
50;2025-12-11;3;0
50;2025-12-11;4;3
50;2025-12-11;5;73
50;2025-12-11;6;561
50;2025-12-11;7;1823
50;2025-12-11;8;2857
50;2025-12-11;9;2233
50;2025-12-11;10;1731
50;2025-12-11;11;1633
50;2025-12-11;12;1527
50;2025-12-11;13;1524
50;2025-12-11;14;1478
50;2025-12-11;15;1755
50;2025-12-11;16;1741
50;2025-12-11;17;2526
50;2025-12-11;18;2680
50;2025-12-11;19;1551
50;2025-12-11;20;944
50;2025-12-11;21;650
50;2025-12-11;22;286
50;2025-12-11;23;143
50;2025-12-12;0;42
50;2025-12-12;1;3
50;2025-12-12;2;0
50;2025-12-12;3;0
50;2025-12-12;4;3
50;2025-12-12;5;67
50;2025-12-12;6;564
50;2025-12-12;7;1790
50;2025-12-12;8;2807
50;2025-12-12;9;2155
50;2025-12-12;10;1601
50;2025-12-12;11;1672
50;2025-12-12;12;1578
50;2025-12-12;13;1585
50;2025-12-12;14;1511
50;2025-12-12;15;1871
50;2025-12-12;16;2224
50;2025-12-12;17;2252
50;2025-12-12;18;1860
50;2025-12-12;19;1277
50;2025-12-12;20;860
50;2025-12-12;21;599
50;2025-12-12;22;314
50;2025-12-12;23;180
50;2025-12-13;0;67
50;2025-12-13;1;4
50;2025-12-13;2;0
50;2025-12-13;3;0
50;2025-12-13;4;1
50;2025-12-13;5;30
50;2025-12-13;6;170
50;2025-12-13;7;405
50;2025-12-13;8;628
50;2025-12-13;9;676
50;2025-12-13;10;648
50;2025-12-13;11;850
50;2025-12-13;12;870
50;2025-12-13;13;917
50;2025-12-13;14;932
50;2025-12-13;15;890
50;2025-12-13;16;855
50;2025-12-13;17;846
50;2025-12-13;18;740
50;2025-12-13;19;633
50;2025-12-13;20;466
50;2025-12-13;21;382
50;2025-12-13;22;246
50;2025-12-13;23;143
50;2025-12-14;0;52
50;2025-12-14;1;7
50;2025-12-14;2;0
50;2025-12-14;3;0
50;2025-12-14;4;1
50;2025-12-14;5;25
50;2025-12-14;6;117
50;2025-12-14;7;224
50;2025-12-14;8;339
50;2025-12-14;9;439
50;2025-12-14;10;492
50;2025-12-14;11;622
50;2025-12-14;12;728
50;2025-12-14;13;789
50;2025-12-14;14;839
50;2025-12-14;15;729
50;2025-12-14;16;774
50;2025-12-14;17;737
50;2025-12-14;18;665
50;2025-12-14;19;559
50;2025-12-14;20;456
50;2025-12-14;21;350
50;2025-12-14;22;228
50;2025-12-14;23;107
50;2025-12-15;0;33
50;2025-12-15;1;4
50;2025-12-15;2;0
50;2025-12-15;3;0
50;2025-12-15;4;3
50;2025-12-15;5;71
50;2025-12-15;6;546
50;2025-12-15;7;1774
50;2025-12-15;8;2780
50;2025-12-15;9;2173
50;2025-12-15;10;1685
50;2025-12-15;11;1589
50;2025-12-15;12;1486
50;2025-12-15;13;1483
50;2025-12-15;14;1438
50;2025-12-15;15;1708
50;2025-12-15;16;1694
50;2025-12-15;17;2458
50;2025-12-15;18;2608
50;2025-12-15;19;1510
50;2025-12-15;20;919
50;2025-12-15;21;632
50;2025-12-15;22;278
50;2025-12-15;23;139
50;2025-12-16;0;34
50;2025-12-16;1;4
50;2025-12-16;2;0
50;2025-12-16;3;0
50;2025-12-16;4;3
50;2025-12-16;5;73
50;2025-12-16;6;561
50;2025-12-16;7;1823
50;2025-12-16;8;2857
50;2025-12-16;9;2233
50;2025-12-16;10;1731
50;2025-12-16;11;1633
50;2025-12-16;12;1527
50;2025-12-16;13;1524
50;2025-12-16;14;1478
50;2025-12-16;15;1755
50;2025-12-16;16;1741
50;2025-12-16;17;2526
50;2025-12-16;18;2680
50;2025-12-16;19;1551
50;2025-12-16;20;944
50;2025-12-16;21;650
50;2025-12-16;22;286
50;2025-12-16;23;143
50;2025-12-17;0;34
50;2025-12-17;1;4
50;2025-12-17;2;0
50;2025-12-17;3;0
50;2025-12-17;4;3
50;2025-12-17;5;73
50;2025-12-17;6;561
50;2025-12-17;7;1823
50;2025-12-17;8;2857
50;2025-12-17;9;2233
50;2025-12-17;10;1731
50;2025-12-17;11;1633
50;2025-12-17;12;1527
50;2025-12-17;13;1524
50;2025-12-17;14;1478
50;2025-12-17;15;1755
50;2025-12-17;16;1741
50;2025-12-17;17;2526
50;2025-12-17;18;2680
50;2025-12-17;19;1551
50;2025-12-17;20;944
50;2025-12-17;21;650
50;2025-12-17;22;286
50;2025-12-17;23;143
50;2025-12-18;0;34
50;2025-12-18;1;4
50;2025-12-18;2;0
50;2025-12-18;3;0
50;2025-12-18;4;3
50;2025-12-18;5;73
50;2025-12-18;6;561
50;2025-12-18;7;1823
50;2025-12-18;8;2857
50;2025-12-18;9;2233
50;2025-12-18;10;1731
50;2025-12-18;11;1633
50;2025-12-18;12;1527
50;2025-12-18;13;1524
50;2025-12-18;14;1478
50;2025-12-18;15;1755
50;2025-12-18;16;1741
50;2025-12-18;17;2526
50;2025-12-18;18;2680
50;2025-12-18;19;1551
50;2025-12-18;20;944
50;2025-12-18;21;650
50;2025-12-18;22;286
50;2025-12-18;23;143
50;2025-12-19;0;42
50;2025-12-19;1;3
50;2025-12-19;2;0
50;2025-12-19;3;0
50;2025-12-19;4;3
50;2025-12-19;5;67
50;2025-12-19;6;564
50;2025-12-19;7;1790
50;2025-12-19;8;2807
50;2025-12-19;9;2155
50;2025-12-19;10;1601
50;2025-12-19;11;1672
50;2025-12-19;12;1578
50;2025-12-19;13;1585
50;2025-12-19;14;1511
50;2025-12-19;15;1871
50;2025-12-19;16;2224
50;2025-12-19;17;2252
50;2025-12-19;18;1860
50;2025-12-19;19;1277
50;2025-12-19;20;860
50;2025-12-19;21;599
50;2025-12-19;22;314
50;2025-12-19;23;180
50;2025-12-20;0;67
50;2025-12-20;1;4
50;2025-12-20;2;0
50;2025-12-20;3;0
50;2025-12-20;4;1
50;2025-12-20;5;30
50;2025-12-20;6;170
50;2025-12-20;7;405
50;2025-12-20;8;628
50;2025-12-20;9;676
50;2025-12-20;10;648
50;2025-12-20;11;850
50;2025-12-20;12;870
50;2025-12-20;13;917
50;2025-12-20;14;932
50;2025-12-20;15;890
50;2025-12-20;16;855
50;2025-12-20;17;846
50;2025-12-20;18;740
50;2025-12-20;19;633
50;2025-12-20;20;466
50;2025-12-20;21;382
50;2025-12-20;22;246
50;2025-12-20;23;143
50;2025-12-21;0;52
50;2025-12-21;1;7
50;2025-12-21;2;0
50;2025-12-21;3;0
50;2025-12-21;4;1
50;2025-12-21;5;25
50;2025-12-21;6;117
50;2025-12-21;7;224
50;2025-12-21;8;339
50;2025-12-21;9;439
50;2025-12-21;10;492
50;2025-12-21;11;622
50;2025-12-21;12;728
50;2025-12-21;13;789
50;2025-12-21;14;839
50;2025-12-21;15;729
50;2025-12-21;16;774
50;2025-12-21;17;737
50;2025-12-21;18;665
50;2025-12-21;19;559
50;2025-12-21;20;456
50;2025-12-21;21;350
50;2025-12-21;22;228
50;2025-12-21;23;107
50;2025-12-22;0;33
50;2025-12-22;1;4
50;2025-12-22;2;0
50;2025-12-22;3;0
50;2025-12-22;4;3
50;2025-12-22;5;71
50;2025-12-22;6;546
50;2025-12-22;7;1774
50;2025-12-22;8;2780
50;2025-12-22;9;2173
50;2025-12-22;10;1685
50;2025-12-22;11;1589
50;2025-12-22;12;1486
50;2025-12-22;13;1483
50;2025-12-22;14;1438
50;2025-12-22;15;1708
50;2025-12-22;16;1694
50;2025-12-22;17;2458
50;2025-12-22;18;2608
50;2025-12-22;19;1510
50;2025-12-22;20;919
50;2025-12-22;21;632
50;2025-12-22;22;278
50;2025-12-22;23;139
50;2025-12-23;0;34
50;2025-12-23;1;4
50;2025-12-23;2;0
50;2025-12-23;3;0
50;2025-12-23;4;3
50;2025-12-23;5;73
50;2025-12-23;6;561
50;2025-12-23;7;1823
50;2025-12-23;8;2857
50;2025-12-23;9;2233
50;2025-12-23;10;1731
50;2025-12-23;11;1633
50;2025-12-23;12;1527
50;2025-12-23;13;1524
50;2025-12-23;14;1478
50;2025-12-23;15;1755
50;2025-12-23;16;1741
50;2025-12-23;17;2526
50;2025-12-23;18;2680
50;2025-12-23;19;1551
50;2025-12-23;20;944
50;2025-12-23;21;650
50;2025-12-23;22;286
50;2025-12-23;23;143
50;2025-12-24;0;34
50;2025-12-24;1;4
50;2025-12-24;2;0
50;2025-12-24;3;0
50;2025-12-24;4;3
50;2025-12-24;5;73
50;2025-12-24;6;561
50;2025-12-24;7;1823
50;2025-12-24;8;2857
50;2025-12-24;9;2233
50;2025-12-24;10;1731
50;2025-12-24;11;1633
50;2025-12-24;12;1527
50;2025-12-24;13;1524
50;2025-12-24;14;1478
50;2025-12-24;15;1755
50;2025-12-24;16;1741
50;2025-12-24;17;2526
50;2025-12-24;18;2680
50;2025-12-24;19;1551
50;2025-12-24;20;944
50;2025-12-24;21;650
50;2025-12-24;22;286
50;2025-12-24;23;143
50;2025-12-25;0;34
50;2025-12-25;1;4
50;2025-12-25;2;0
50;2025-12-25;3;0
50;2025-12-25;4;3
50;2025-12-25;5;73
50;2025-12-25;6;561
50;2025-12-25;7;1823
50;2025-12-25;8;2857
50;2025-12-25;9;2233
50;2025-12-25;10;1731
50;2025-12-25;11;1633
50;2025-12-25;12;1527
50;2025-12-25;13;1524
50;2025-12-25;14;1478
50;2025-12-25;15;1755
50;2025-12-25;16;1741
50;2025-12-25;17;2526
50;2025-12-25;18;2680
50;2025-12-25;19;1551
50;2025-12-25;20;944
50;2025-12-25;21;650
50;2025-12-25;22;286
50;2025-12-25;23;143
50;2025-12-26;0;42
50;2025-12-26;1;3
50;2025-12-26;2;0
50;2025-12-26;3;0
50;2025-12-26;4;3
50;2025-12-26;5;67
50;2025-12-26;6;564
50;2025-12-26;7;1790
50;2025-12-26;8;2807
50;2025-12-26;9;2155
50;2025-12-26;10;1601
50;2025-12-26;11;1672
50;2025-12-26;12;1578
50;2025-12-26;13;1585
50;2025-12-26;14;1511
50;2025-12-26;15;1871
50;2025-12-26;16;2224
50;2025-12-26;17;2252
50;2025-12-26;18;1860
50;2025-12-26;19;1277
50;2025-12-26;20;860
50;2025-12-26;21;599
50;2025-12-26;22;314
50;2025-12-26;23;180
50;2025-12-27;0;67
50;2025-12-27;1;4
50;2025-12-27;2;0
50;2025-12-27;3;0
50;2025-12-27;4;1
50;2025-12-27;5;30
50;2025-12-27;6;170
50;2025-12-27;7;405
50;2025-12-27;8;628
50;2025-12-27;9;676
50;2025-12-27;10;648
50;2025-12-27;11;850
50;2025-12-27;12;870
50;2025-12-27;13;917
50;2025-12-27;14;932
50;2025-12-27;15;890
50;2025-12-27;16;855
50;2025-12-27;17;846
50;2025-12-27;18;740
50;2025-12-27;19;633
50;2025-12-27;20;466
50;2025-12-27;21;382
50;2025-12-27;22;246
50;2025-12-27;23;143
50;2025-12-28;0;52
50;2025-12-28;1;7
50;2025-12-28;2;0
50;2025-12-28;3;0
50;2025-12-28;4;1
50;2025-12-28;5;25
50;2025-12-28;6;117
50;2025-12-28;7;224
50;2025-12-28;8;339
50;2025-12-28;9;439
50;2025-12-28;10;492
50;2025-12-28;11;622
50;2025-12-28;12;728
50;2025-12-28;13;789
50;2025-12-28;14;839
50;2025-12-28;15;729
50;2025-12-28;16;774
50;2025-12-28;17;737
50;2025-12-28;18;665
50;2025-12-28;19;559
50;2025-12-28;20;456
50;2025-12-28;21;350
50;2025-12-28;22;228
50;2025-12-28;23;107
50;2025-12-29;0;30
50;2025-12-29;1;3
50;2025-12-29;2;0
50;2025-12-29;3;0
50;2025-12-29;4;2
50;2025-12-29;5;64
50;2025-12-29;6;492
50;2025-12-29;7;1596
50;2025-12-29;8;2502
50;2025-12-29;9;1956
50;2025-12-29;10;1516
50;2025-12-29;11;1430
50;2025-12-29;12;1338
50;2025-12-29;13;1335
50;2025-12-29;14;1294
50;2025-12-29;15;1537
50;2025-12-29;16;1524
50;2025-12-29;17;2212
50;2025-12-29;18;2348
50;2025-12-29;19;1359
50;2025-12-29;20;827
50;2025-12-29;21;569
50;2025-12-29;22;250
50;2025-12-29;23;125
50;2025-12-30;0;29
50;2025-12-30;1;3
50;2025-12-30;2;0
50;2025-12-30;3;0
50;2025-12-30;4;2
50;2025-12-30;5;62
50;2025-12-30;6;477
50;2025-12-30;7;1549
50;2025-12-30;8;2428
50;2025-12-30;9;1898
50;2025-12-30;10;1472
50;2025-12-30;11;1388
50;2025-12-30;12;1298
50;2025-12-30;13;1295
50;2025-12-30;14;1256
50;2025-12-30;15;1492
50;2025-12-30;16;1479
50;2025-12-30;17;2147
50;2025-12-30;18;2278
50;2025-12-30;19;1319
50;2025-12-30;20;803
50;2025-12-30;21;552
50;2025-12-30;22;243
50;2025-12-30;23;122
50;2025-12-31;0;57
50;2025-12-31;1;4
50;2025-12-31;2;0
50;2025-12-31;3;0
50;2025-12-31;4;1
50;2025-12-31;5;26
50;2025-12-31;6;145
50;2025-12-31;7;344
50;2025-12-31;8;534
50;2025-12-31;9;575
50;2025-12-31;10;551
50;2025-12-31;11;722
50;2025-12-31;12;740
50;2025-12-31;13;780
50;2025-12-31;14;792
50;2025-12-31;15;756
50;2025-12-31;16;726
50;2025-12-31;17;719
50;2025-12-31;18;629
50;2025-12-31;19;538
50;2025-12-31;20;396
50;2025-12-31;21;325
50;2025-12-31;22;209
50;2025-12-31;23;122
