route;date;hour;prediction
1;2025-11-01;0;2
1;2025-11-01;1;0
1;2025-11-01;2;0
1;2025-11-01;3;0
1;2025-11-01;4;5
1;2025-11-01;5;109
1;2025-11-01;6;427
1;2025-11-01;7;1231
1;2025-11-01;8;1469
1;2025-11-01;9;1152
1;2025-11-01;10;1029
1;2025-11-01;11;1137
1;2025-11-01;12;1117
1;2025-11-01;13;1157
1;2025-11-01;14;1086
1;2025-11-01;15;1225
1;2025-11-01;16;1295
1;2025-11-01;17;1417
1;2025-11-01;18;1231
1;2025-11-01;19;975
1;2025-11-01;20;653
1;2025-11-01;21;413
1;2025-11-01;22;181
1;2025-11-01;23;48
1;2025-11-02;0;0
1;2025-11-02;1;0
1;2025-11-02;2;0
1;2025-11-02;3;0
1;2025-11-02;4;0
1;2025-11-02;5;25
1;2025-11-02;6;129
1;2025-11-02;7;255
1;2025-11-02;8;356
1;2025-11-02;9;615
1;2025-11-02;10;721
1;2025-11-02;11;741
1;2025-11-02;12;878
1;2025-11-02;13;928
1;2025-11-02;14;828
1;2025-11-02;15;750
1;2025-11-02;16;681
1;2025-11-02;17;616
1;2025-11-02;18;529
1;2025-11-02;19;443
1;2025-11-02;20;357
1;2025-11-02;21;277
1;2025-11-02;22;112
1;2025-11-02;23;32
1;2025-11-03;0;3
1;2025-11-03;1;0
1;2025-11-03;2;0
1;2025-11-03;3;0
1;2025-11-03;4;0
1;2025-11-03;5;25
1;2025-11-03;6;126
1;2025-11-03;7;257
1;2025-11-03;8;355
1;2025-11-03;9;587
1;2025-11-03;10;690
1;2025-11-03;11;689
1;2025-11-03;12;836
1;2025-11-03;13;872
1;2025-11-03;14;801
1;2025-11-03;15;704
1;2025-11-03;16;633
1;2025-11-03;17;584
1;2025-11-03;18;500
1;2025-11-03;19;429
1;2025-11-03;20;336
1;2025-11-03;21;249
1;2025-11-03;22;105
1;2025-11-03;23;29
1;2025-11-04;0;3
1;2025-11-04;1;0
1;2025-11-04;2;0
1;2025-11-04;3;0
1;2025-11-04;4;0
1;2025-11-04;5;25
1;2025-11-04;6;126
1;2025-11-04;7;257
1;2025-11-04;8;355
1;2025-11-04;9;587
1;2025-11-04;10;690
1;2025-11-04;11;689
1;2025-11-04;12;836
1;2025-11-04;13;872
1;2025-11-04;14;801
1;2025-11-04;15;704
1;2025-11-04;16;633
1;2025-11-04;17;584
1;2025-11-04;18;500
1;2025-11-04;19;429
1;2025-11-04;20;336
1;2025-11-04;21;249
1;2025-11-04;22;105
1;2025-11-04;23;29
1;2025-11-05;0;4
1;2025-11-05;1;0
1;2025-11-05;2;0
1;2025-11-05;3;0
1;2025-11-05;4;9
1;2025-11-05;5;136
1;2025-11-05;6;572
1;2025-11-05;7;1572
1;2025-11-05;8;2000
1;2025-11-05;9;1542
1;2025-11-05;10;1377
1;2025-11-05;11;1415
1;2025-11-05;12;1471
1;2025-11-05;13;1496
1;2025-11-05;14;1444
1;2025-11-05;15;1608
1;2025-11-05;16;1596
1;2025-11-05;17;1853
1;2025-11-05;18;1911
1;2025-11-05;19;1426
1;2025-11-05;20;929
1;2025-11-05;21;511
1;2025-11-05;22;226
1;2025-11-05;23;51
1;2025-11-06;0;4
1;2025-11-06;1;0
1;2025-11-06;2;0
1;2025-11-06;3;0
1;2025-11-06;4;9
1;2025-11-06;5;136
1;2025-11-06;6;572
1;2025-11-06;7;1572
1;2025-11-06;8;2000
1;2025-11-06;9;1542
1;2025-11-06;10;1377
1;2025-11-06;11;1415
1;2025-11-06;12;1471
1;2025-11-06;13;1496
1;2025-11-06;14;1444
1;2025-11-06;15;1608
1;2025-11-06;16;1596
1;2025-11-06;17;1853
1;2025-11-06;18;1911
1;2025-11-06;19;1426
1;2025-11-06;20;929
1;2025-11-06;21;511
1;2025-11-06;22;226
1;2025-11-06;23;51
1;2025-11-07;0;6
1;2025-11-07;1;0
1;2025-11-07;2;0
1;2025-11-07;3;0
1;2025-11-07;4;6
1;2025-11-07;5;140
1;2025-11-07;6;550
1;2025-11-07;7;1586
1;2025-11-07;8;1893
1;2025-11-07;9;1484
1;2025-11-07;10;1325
1;2025-11-07;11;1465
1;2025-11-07;12;1439
1;2025-11-07;13;1490
1;2025-11-07;14;1399
1;2025-11-07;15;1578
1;2025-11-07;16;1668
1;2025-11-07;17;1826
1;2025-11-07;18;1585
1;2025-11-07;19;1256
1;2025-11-07;20;842
1;2025-11-07;21;533
1;2025-11-07;22;233
1;2025-11-07;23;62
1;2025-11-08;0;9
1;2025-11-08;1;0
1;2025-11-08;2;0
1;2025-11-08;3;0
1;2025-11-08;4;0
1;2025-11-08;5;34
1;2025-11-08;6;169
1;2025-11-08;7;357
1;2025-11-08;8;487
1;2025-11-08;9;773
1;2025-11-08;10;912
1;2025-11-08;11;885
1;2025-11-08;12;1098
1;2025-11-08;13;1133
1;2025-11-08;14;1070
1;2025-11-08;15;913
1;2025-11-08;16;812
1;2025-11-08;17;765
1;2025-11-08;18;653
1;2025-11-08;19;572
1;2025-11-08;20;436
1;2025-11-08;21;309
1;2025-11-08;22;137
1;2025-11-08;23;35
1;2025-11-09;0;0
1;2025-11-09;1;0
1;2025-11-09;2;0
1;2025-11-09;3;0
1;2025-11-09;4;0
1;2025-11-09;5;25
1;2025-11-09;6;129
1;2025-11-09;7;255
1;2025-11-09;8;356
1;2025-11-09;9;615
1;2025-11-09;10;721
1;2025-11-09;11;741
1;2025-11-09;12;878
1;2025-11-09;13;928
1;2025-11-09;14;828
1;2025-11-09;15;750
1;2025-11-09;16;681
1;2025-11-09;17;616
1;2025-11-09;18;529
1;2025-11-09;19;443
1;2025-11-09;20;357
1;2025-11-09;21;277
1;2025-11-09;22;112
1;2025-11-09;23;32
1;2025-11-10;0;4
1;2025-11-10;1;0
1;2025-11-10;2;0
1;2025-11-10;3;0
1;2025-11-10;4;8
1;2025-11-10;5;132
1;2025-11-10;6;557
1;2025-11-10;7;1530
1;2025-11-10;8;1946
1;2025-11-10;9;1501
1;2025-11-10;10;1340
1;2025-11-10;11;1377
1;2025-11-10;12;1431
1;2025-11-10;13;1456
1;2025-11-10;14;1405
1;2025-11-10;15;1564
1;2025-11-10;16;1553
1;2025-11-10;17;1803
1;2025-11-10;18;1860
1;2025-11-10;19;1388
1;2025-11-10;20;904
1;2025-11-10;21;497
1;2025-11-10;22;220
1;2025-11-10;23;49
1;2025-11-11;0;4
1;2025-11-11;1;0
1;2025-11-11;2;0
1;2025-11-11;3;0
1;2025-11-11;4;9
1;2025-11-11;5;136
1;2025-11-11;6;572
1;2025-11-11;7;1572
1;2025-11-11;8;2000
1;2025-11-11;9;1542
1;2025-11-11;10;1377
1;2025-11-11;11;1415
1;2025-11-11;12;1471
1;2025-11-11;13;1496
1;2025-11-11;14;1444
1;2025-11-11;15;1608
1;2025-11-11;16;1596
1;2025-11-11;17;1853
1;2025-11-11;18;1911
1;2025-11-11;19;1426
1;2025-11-11;20;929
1;2025-11-11;21;511
1;2025-11-11;22;226
1;2025-11-11;23;51
1;2025-11-12;0;4
1;2025-11-12;1;0
1;2025-11-12;2;0
1;2025-11-12;3;0
1;2025-11-12;4;9
1;2025-11-12;5;136
1;2025-11-12;6;572
1;2025-11-12;7;1572
1;2025-11-12;8;2000
1;2025-11-12;9;1542
1;2025-11-12;10;1377
1;2025-11-12;11;1415
1;2025-11-12;12;1471
1;2025-11-12;13;1496
1;2025-11-12;14;1444
1;2025-11-12;15;1608
1;2025-11-12;16;1596
1;2025-11-12;17;1853
1;2025-11-12;18;1911
1;2025-11-12;19;1426
1;2025-11-12;20;929
1;2025-11-12;21;511
1;2025-11-12;22;226
1;2025-11-12;23;51
1;2025-11-13;0;4
1;2025-11-13;1;0
1;2025-11-13;2;0
1;2025-11-13;3;0
1;2025-11-13;4;9
1;2025-11-13;5;136
1;2025-11-13;6;572
1;2025-11-13;7;1572
1;2025-11-13;8;2000
1;2025-11-13;9;1542
1;2025-11-13;10;1377
1;2025-11-13;11;1415
1;2025-11-13;12;1471
1;2025-11-13;13;1496
1;2025-11-13;14;1444
1;2025-11-13;15;1608
1;2025-11-13;16;1596
1;2025-11-13;17;1853
1;2025-11-13;18;1911
1;2025-11-13;19;1426
1;2025-11-13;20;929
1;2025-11-13;21;511
1;2025-11-13;22;226
1;2025-11-13;23;51
1;2025-11-14;0;6
1;2025-11-14;1;0
1;2025-11-14;2;0
1;2025-11-14;3;0
1;2025-11-14;4;6
1;2025-11-14;5;140
1;2025-11-14;6;550
1;2025-11-14;7;1586
1;2025-11-14;8;1893
1;2025-11-14;9;1484
1;2025-11-14;10;1325
1;2025-11-14;11;1465
1;2025-11-14;12;1439
1;2025-11-14;13;1490
1;2025-11-14;14;1399
1;2025-11-14;15;1578
1;2025-11-14;16;1668
1;2025-11-14;17;1826
1;2025-11-14;18;1585
1;2025-11-14;19;1256
1;2025-11-14;20;842
1;2025-11-14;21;533
1;2025-11-14;22;233
1;2025-11-14;23;62
1;2025-11-15;0;9
1;2025-11-15;1;0
1;2025-11-15;2;0
1;2025-11-15;3;0
1;2025-11-15;4;0
1;2025-11-15;5;34
1;2025-11-15;6;169
1;2025-11-15;7;357
1;2025-11-15;8;487
1;2025-11-15;9;773
1;2025-11-15;10;912
1;2025-11-15;11;885
1;2025-11-15;12;1098
1;2025-11-15;13;1133
1;2025-11-15;14;1070
1;2025-11-15;15;913
1;2025-11-15;16;812
1;2025-11-15;17;765
1;2025-11-15;18;653
1;2025-11-15;19;572
1;2025-11-15;20;436
1;2025-11-15;21;309
1;2025-11-15;22;137
1;2025-11-15;23;35
1;2025-11-16;0;0
1;2025-11-16;1;0
1;2025-11-16;2;0
1;2025-11-16;3;0
1;2025-11-16;4;0
1;2025-11-16;5;25
1;2025-11-16;6;129
1;2025-11-16;7;255
1;2025-11-16;8;356
1;2025-11-16;9;615
1;2025-11-16;10;721
1;2025-11-16;11;741
1;2025-11-16;12;878
1;2025-11-16;13;928
1;2025-11-16;14;828
1;2025-11-16;15;750
1;2025-11-16;16;681
1;2025-11-16;17;616
1;2025-11-16;18;529
1;2025-11-16;19;443
1;2025-11-16;20;357
1;2025-11-16;21;277
1;2025-11-16;22;112
1;2025-11-16;23;32
1;2025-11-17;0;4
1;2025-11-17;1;0
1;2025-11-17;2;0
1;2025-11-17;3;0
1;2025-11-17;4;8
1;2025-11-17;5;132
1;2025-11-17;6;557
1;2025-11-17;7;1530
1;2025-11-17;8;1946
1;2025-11-17;9;1501
1;2025-11-17;10;1340
1;2025-11-17;11;1377
1;2025-11-17;12;1431
1;2025-11-17;13;1456
1;2025-11-17;14;1405
1;2025-11-17;15;1564
1;2025-11-17;16;1553
1;2025-11-17;17;1803
1;2025-11-17;18;1860
1;2025-11-17;19;1388
1;2025-11-17;20;904
1;2025-11-17;21;497
1;2025-11-17;22;220
1;2025-11-17;23;49
1;2025-11-18;0;4
1;2025-11-18;1;0
1;2025-11-18;2;0
1;2025-11-18;3;0
1;2025-11-18;4;9
1;2025-11-18;5;136
1;2025-11-18;6;572
1;2025-11-18;7;1572
1;2025-11-18;8;2000
1;2025-11-18;9;1542
1;2025-11-18;10;1377
1;2025-11-18;11;1415
1;2025-11-18;12;1471
1;2025-11-18;13;1496
1;2025-11-18;14;1444
1;2025-11-18;15;1608
1;2025-11-18;16;1596
1;2025-11-18;17;1853
1;2025-11-18;18;1911
1;2025-11-18;19;1426
1;2025-11-18;20;929
1;2025-11-18;21;511
1;2025-11-18;22;226
1;2025-11-18;23;51
1;2025-11-19;0;4
1;2025-11-19;1;0
1;2025-11-19;2;0
1;2025-11-19;3;0
1;2025-11-19;4;9
1;2025-11-19;5;136
1;2025-11-19;6;572
1;2025-11-19;7;1572
1;2025-11-19;8;2000
1;2025-11-19;9;1542
1;2025-11-19;10;1377
1;2025-11-19;11;1415
1;2025-11-19;12;1471
1;2025-11-19;13;1496
1;2025-11-19;14;1444
1;2025-11-19;15;1608
1;2025-11-19;16;1596
1;2025-11-19;17;1853
1;2025-11-19;18;1911
1;2025-11-19;19;1426
1;2025-11-19;20;929
1;2025-11-19;21;511
1;2025-11-19;22;226
1;2025-11-19;23;51
1;2025-11-20;0;4
1;2025-11-20;1;0
1;2025-11-20;2;0
1;2025-11-20;3;0
1;2025-11-20;4;9
1;2025-11-20;5;136
1;2025-11-20;6;572
1;2025-11-20;7;1572
1;2025-11-20;8;2000
1;2025-11-20;9;1542
1;2025-11-20;10;1377
1;2025-11-20;11;1415
1;2025-11-20;12;1471
1;2025-11-20;13;1496
1;2025-11-20;14;1444
1;2025-11-20;15;1608
1;2025-11-20;16;1596
1;2025-11-20;17;1853
1;2025-11-20;18;1911
1;2025-11-20;19;1426
1;2025-11-20;20;929
1;2025-11-20;21;511
1;2025-11-20;22;226
1;2025-11-20;23;51
1;2025-11-21;0;6
1;2025-11-21;1;0
1;2025-11-21;2;0
1;2025-11-21;3;0
1;2025-11-21;4;6
1;2025-11-21;5;140
1;2025-11-21;6;550
1;2025-11-21;7;1586
1;2025-11-21;8;1893
1;2025-11-21;9;1484
1;2025-11-21;10;1325
1;2025-11-21;11;1465
1;2025-11-21;12;1439
1;2025-11-21;13;1490
1;2025-11-21;14;1399
1;2025-11-21;15;1578
1;2025-11-21;16;1668
1;2025-11-21;17;1826
1;2025-11-21;18;1585
1;2025-11-21;19;1256
1;2025-11-21;20;842
1;2025-11-21;21;533
1;2025-11-21;22;233
1;2025-11-21;23;62
1;2025-11-22;0;9
1;2025-11-22;1;0
1;2025-11-22;2;0
1;2025-11-22;3;0
1;2025-11-22;4;0
1;2025-11-22;5;34
1;2025-11-22;6;169
1;2025-11-22;7;357
1;2025-11-22;8;487
1;2025-11-22;9;773
1;2025-11-22;10;912
1;2025-11-22;11;885
1;2025-11-22;12;1098
1;2025-11-22;13;1133
1;2025-11-22;14;1070
1;2025-11-22;15;913
1;2025-11-22;16;812
1;2025-11-22;17;765
1;2025-11-22;18;653
1;2025-11-22;19;572
1;2025-11-22;20;436
1;2025-11-22;21;309
1;2025-11-22;22;137
1;2025-11-22;23;35
1;2025-11-23;0;0
1;2025-11-23;1;0
1;2025-11-23;2;0
1;2025-11-23;3;0
1;2025-11-23;4;0
1;2025-11-23;5;25
1;2025-11-23;6;129
1;2025-11-23;7;255
1;2025-11-23;8;356
1;2025-11-23;9;615
1;2025-11-23;10;721
1;2025-11-23;11;741
1;2025-11-23;12;878
1;2025-11-23;13;928
1;2025-11-23;14;828
1;2025-11-23;15;750
1;2025-11-23;16;681
1;2025-11-23;17;616
1;2025-11-23;18;529
1;2025-11-23;19;443
1;2025-11-23;20;357
1;2025-11-23;21;277
1;2025-11-23;22;112
1;2025-11-23;23;32
1;2025-11-24;0;4
1;2025-11-24;1;0
1;2025-11-24;2;0
1;2025-11-24;3;0
1;2025-11-24;4;8
1;2025-11-24;5;132
1;2025-11-24;6;557
1;2025-11-24;7;1530
1;2025-11-24;8;1946
1;2025-11-24;9;1501
1;2025-11-24;10;1340
1;2025-11-24;11;1377
1;2025-11-24;12;1431
1;2025-11-24;13;1456
1;2025-11-24;14;1405
1;2025-11-24;15;1564
1;2025-11-24;16;1553
1;2025-11-24;17;1803
1;2025-11-24;18;1860
1;2025-11-24;19;1388
1;2025-11-24;20;904
1;2025-11-24;21;497
1;2025-11-24;22;220
1;2025-11-24;23;49
1;2025-11-25;0;4
1;2025-11-25;1;0
1;2025-11-25;2;0
1;2025-11-25;3;0
1;2025-11-25;4;9
1;2025-11-25;5;136
1;2025-11-25;6;572
1;2025-11-25;7;1572
1;2025-11-25;8;2000
1;2025-11-25;9;1542
1;2025-11-25;10;1377
1;2025-11-25;11;1415
1;2025-11-25;12;1471
1;2025-11-25;13;1496
1;2025-11-25;14;1444
1;2025-11-25;15;1608
1;2025-11-25;16;1596
1;2025-11-25;17;1853
1;2025-11-25;18;1911
1;2025-11-25;19;1426
1;2025-11-25;20;929
1;2025-11-25;21;511
1;2025-11-25;22;226
1;2025-11-25;23;51
1;2025-11-26;0;4
1;2025-11-26;1;0
1;2025-11-26;2;0
1;2025-11-26;3;0
1;2025-11-26;4;9
1;2025-11-26;5;136
1;2025-11-26;6;572
1;2025-11-26;7;1572
1;2025-11-26;8;2000
1;2025-11-26;9;1542
1;2025-11-26;10;1377
1;2025-11-26;11;1415
1;2025-11-26;12;1471
1;2025-11-26;13;1496
1;2025-11-26;14;1444
1;2025-11-26;15;1608
1;2025-11-26;16;1596
1;2025-11-26;17;1853
1;2025-11-26;18;1911
1;2025-11-26;19;1426
1;2025-11-26;20;929
1;2025-11-26;21;511
1;2025-11-26;22;226
1;2025-11-26;23;51
1;2025-11-27;0;4
1;2025-11-27;1;0
1;2025-11-27;2;0
1;2025-11-27;3;0
1;2025-11-27;4;9
1;2025-11-27;5;136
1;2025-11-27;6;572
1;2025-11-27;7;1572
1;2025-11-27;8;2000
1;2025-11-27;9;1542
1;2025-11-27;10;1377
1;2025-11-27;11;1415
1;2025-11-27;12;1471
1;2025-11-27;13;1496
1;2025-11-27;14;1444
1;2025-11-27;15;1608
1;2025-11-27;16;1596
1;2025-11-27;17;1853
1;2025-11-27;18;1911
1;2025-11-27;19;1426
1;2025-11-27;20;929
1;2025-11-27;21;511
1;2025-11-27;22;226
1;2025-11-27;23;51
1;2025-11-28;0;6
1;2025-11-28;1;0
1;2025-11-28;2;0
1;2025-11-28;3;0
1;2025-11-28;4;6
1;2025-11-28;5;140
1;2025-11-28;6;550
1;2025-11-28;7;1586
1;2025-11-28;8;1893
1;2025-11-28;9;1484
1;2025-11-28;10;1325
1;2025-11-28;11;1465
1;2025-11-28;12;1439
1;2025-11-28;13;1490
1;2025-11-28;14;1399
1;2025-11-28;15;1578
1;2025-11-28;16;1668
1;2025-11-28;17;1826
1;2025-11-28;18;1585
1;2025-11-28;19;1256
1;2025-11-28;20;842
1;2025-11-28;21;533
1;2025-11-28;22;233
1;2025-11-28;23;62
1;2025-11-29;0;9
1;2025-11-29;1;0
1;2025-11-29;2;0
1;2025-11-29;3;0
1;2025-11-29;4;0
1;2025-11-29;5;34
1;2025-11-29;6;169
1;2025-11-29;7;357
1;2025-11-29;8;487
1;2025-11-29;9;773
1;2025-11-29;10;912
1;2025-11-29;11;885
1;2025-11-29;12;1098
1;2025-11-29;13;1133
1;2025-11-29;14;1070
1;2025-11-29;15;913
1;2025-11-29;16;812
1;2025-11-29;17;765
1;2025-11-29;18;653
1;2025-11-29;19;572
1;2025-11-29;20;436
1;2025-11-29;21;309
1;2025-11-29;22;137
1;2025-11-29;23;35
1;2025-11-30;0;0
1;2025-11-30;1;0
1;2025-11-30;2;0
1;2025-11-30;3;0
1;2025-11-30;4;0
1;2025-11-30;5;25
1;2025-11-30;6;129
1;2025-11-30;7;255
1;2025-11-30;8;356
1;2025-11-30;9;615
1;2025-11-30;10;721
1;2025-11-30;11;741
1;2025-11-30;12;878
1;2025-11-30;13;928
1;2025-11-30;14;828
1;2025-11-30;15;750
1;2025-11-30;16;681
1;2025-11-30;17;616
1;2025-11-30;18;529
1;2025-11-30;19;443
1;2025-11-30;20;357
1;2025-11-30;21;277
1;2025-11-30;22;112
1;2025-11-30;23;32
1;2025-12-01;0;4
1;2025-12-01;1;0
1;2025-12-01;2;0
1;2025-12-01;3;0
1;2025-12-01;4;8
1;2025-12-01;5;132
1;2025-12-01;6;555
1;2025-12-01;7;1504
1;2025-12-01;8;1896
1;2025-12-01;9;1471
1;2025-12-01;10;1309
1;2025-12-01;11;1355
1;2025-12-01;12;1406
1;2025-12-01;13;1423
1;2025-12-01;14;1376
1;2025-12-01;15;1538
1;2025-12-01;16;1521
1;2025-12-01;17;1762
1;2025-12-01;18;1815
1;2025-12-01;19;1359
1;2025-12-01;20;885
1;2025-12-01;21;492
1;2025-12-01;22;222
1;2025-12-01;23;50
1;2025-12-02;0;4
1;2025-12-02;1;0
1;2025-12-02;2;0
1;2025-12-02;3;0
1;2025-12-02;4;8
1;2025-12-02;5;135
1;2025-12-02;6;571
1;2025-12-02;7;1546
1;2025-12-02;8;1949
1;2025-12-02;9;1512
1;2025-12-02;10;1345
1;2025-12-02;11;1392
1;2025-12-02;12;1445
1;2025-12-02;13;1463
1;2025-12-02;14;1414
1;2025-12-02;15;1581
1;2025-12-02;16;1563
1;2025-12-02;17;1811
1;2025-12-02;18;1865
1;2025-12-02;19;1397
1;2025-12-02;20;910
1;2025-12-02;21;505
1;2025-12-02;22;228
1;2025-12-02;23;52
1;2025-12-03;0;4
1;2025-12-03;1;0
1;2025-12-03;2;0
1;2025-12-03;3;0
1;2025-12-03;4;8
1;2025-12-03;5;135
1;2025-12-03;6;571
1;2025-12-03;7;1546
1;2025-12-03;8;1949
1;2025-12-03;9;1512
1;2025-12-03;10;1345
1;2025-12-03;11;1392
1;2025-12-03;12;1445
1;2025-12-03;13;1463
1;2025-12-03;14;1414
1;2025-12-03;15;1581
1;2025-12-03;16;1563
1;2025-12-03;17;1811
1;2025-12-03;18;1865
1;2025-12-03;19;1397
1;2025-12-03;20;910
1;2025-12-03;21;505
1;2025-12-03;22;228
1;2025-12-03;23;52
1;2025-12-04;0;4
1;2025-12-04;1;0
1;2025-12-04;2;0
1;2025-12-04;3;0
1;2025-12-04;4;8
1;2025-12-04;5;135
1;2025-12-04;6;571
1;2025-12-04;7;1546
1;2025-12-04;8;1949
1;2025-12-04;9;1512
1;2025-12-04;10;1345
1;2025-12-04;11;1392
1;2025-12-04;12;1445
1;2025-12-04;13;1463
1;2025-12-04;14;1414
1;2025-12-04;15;1581
1;2025-12-04;16;1563
1;2025-12-04;17;1811
1;2025-12-04;18;1865
1;2025-12-04;19;1397
1;2025-12-04;20;910
1;2025-12-04;21;505
1;2025-12-04;22;228
1;2025-12-04;23;52
1;2025-12-05;0;6
1;2025-12-05;1;0
1;2025-12-05;2;0
1;2025-12-05;3;0
1;2025-12-05;4;6
1;2025-12-05;5;137
1;2025-12-05;6;548
1;2025-12-05;7;1554
1;2025-12-05;8;1847
1;2025-12-05;9;1450
1;2025-12-05;10;1296
1;2025-12-05;11;1443
1;2025-12-05;12;1413
1;2025-12-05;13;1464
1;2025-12-05;14;1373
1;2025-12-05;15;1549
1;2025-12-05;16;1631
1;2025-12-05;17;1770
1;2025-12-05;18;1560
1;2025-12-05;19;1222
1;2025-12-05;20;827
1;2025-12-05;21;527
1;2025-12-05;22;237
1;2025-12-05;23;65
1;2025-12-06;0;9
1;2025-12-06;1;0
1;2025-12-06;2;0
1;2025-12-06;3;0
1;2025-12-06;4;0
1;2025-12-06;5;33
1;2025-12-06;6;169
1;2025-12-06;7;349
1;2025-12-06;8;476
1;2025-12-06;9;760
1;2025-12-06;10;889
1;2025-12-06;11;861
1;2025-12-06;12;1075
1;2025-12-06;13;1105
1;2025-12-06;14;1048
1;2025-12-06;15;891
1;2025-12-06;16;800
1;2025-12-06;17;754
1;2025-12-06;18;640
1;2025-12-06;19;562
1;2025-12-06;20;429
1;2025-12-06;21;304
1;2025-12-06;22;137
1;2025-12-06;23;37
1;2025-12-07;0;0
1;2025-12-07;1;0
1;2025-12-07;2;0
1;2025-12-07;3;0
1;2025-12-07;4;0
1;2025-12-07;5;26
1;2025-12-07;6;129
1;2025-12-07;7;248
1;2025-12-07;8;349
1;2025-12-07;9;603
1;2025-12-07;10;714
1;2025-12-07;11;730
1;2025-12-07;12;870
1;2025-12-07;13;922
1;2025-12-07;14;817
1;2025-12-07;15;741
1;2025-12-07;16;672
1;2025-12-07;17;611
1;2025-12-07;18;524
1;2025-12-07;19;436
1;2025-12-07;20;354
1;2025-12-07;21;272
1;2025-12-07;22;112
1;2025-12-07;23;33
1;2025-12-08;0;4
1;2025-12-08;1;0
1;2025-12-08;2;0
1;2025-12-08;3;0
1;2025-12-08;4;8
1;2025-12-08;5;132
1;2025-12-08;6;555
1;2025-12-08;7;1504
1;2025-12-08;8;1896
1;2025-12-08;9;1471
1;2025-12-08;10;1309
1;2025-12-08;11;1355
1;2025-12-08;12;1406
1;2025-12-08;13;1423
1;2025-12-08;14;1376
1;2025-12-08;15;1538
1;2025-12-08;16;1521
1;2025-12-08;17;1762
1;2025-12-08;18;1815
1;2025-12-08;19;1359
1;2025-12-08;20;885
1;2025-12-08;21;492
1;2025-12-08;22;222
1;2025-12-08;23;50
1;2025-12-09;0;4
1;2025-12-09;1;0
1;2025-12-09;2;0
1;2025-12-09;3;0
1;2025-12-09;4;8
1;2025-12-09;5;135
1;2025-12-09;6;571
1;2025-12-09;7;1546
1;2025-12-09;8;1949
1;2025-12-09;9;1512
1;2025-12-09;10;1345
1;2025-12-09;11;1392
1;2025-12-09;12;1445
1;2025-12-09;13;1463
1;2025-12-09;14;1414
1;2025-12-09;15;1581
1;2025-12-09;16;1563
1;2025-12-09;17;1811
1;2025-12-09;18;1865
1;2025-12-09;19;1397
1;2025-12-09;20;910
1;2025-12-09;21;505
1;2025-12-09;22;228
1;2025-12-09;23;52
1;2025-12-10;0;4
1;2025-12-10;1;0
1;2025-12-10;2;0
1;2025-12-10;3;0
1;2025-12-10;4;8
1;2025-12-10;5;135
1;2025-12-10;6;571
1;2025-12-10;7;1546
1;2025-12-10;8;1949
1;2025-12-10;9;1512
1;2025-12-10;10;1345
1;2025-12-10;11;1392
1;2025-12-10;12;1445
1;2025-12-10;13;1463
1;2025-12-10;14;1414
1;2025-12-10;15;1581
1;2025-12-10;16;1563
1;2025-12-10;17;1811
1;2025-12-10;18;1865
1;2025-12-10;19;1397
1;2025-12-10;20;910
1;2025-12-10;21;505
1;2025-12-10;22;228
1;2025-12-10;23;52
1;2025-12-11;0;4
1;2025-12-11;1;0
1;2025-12-11;2;0
1;2025-12-11;3;0
1;2025-12-11;4;8
1;2025-12-11;5;135
1;2025-12-11;6;571
1;2025-12-11;7;1546
1;2025-12-11;8;1949
1;2025-12-11;9;1512
1;2025-12-11;10;1345
1;2025-12-11;11;1392
1;2025-12-11;12;1445
1;2025-12-11;13;1463
1;2025-12-11;14;1414
1;2025-12-11;15;1581
1;2025-12-11;16;1563
1;2025-12-11;17;1811
1;2025-12-11;18;1865
1;2025-12-11;19;1397
1;2025-12-11;20;910
1;2025-12-11;21;505
1;2025-12-11;22;228
1;2025-12-11;23;52
1;2025-12-12;0;6
1;2025-12-12;1;0
1;2025-12-12;2;0
1;2025-12-12;3;0
1;2025-12-12;4;6
1;2025-12-12;5;137
1;2025-12-12;6;548
1;2025-12-12;7;1554
1;2025-12-12;8;1847
1;2025-12-12;9;1450
1;2025-12-12;10;1296
1;2025-12-12;11;1443
1;2025-12-12;12;1413
1;2025-12-12;13;1464
1;2025-12-12;14;1373
1;2025-12-12;15;1549
1;2025-12-12;16;1631
1;2025-12-12;17;1770
1;2025-12-12;18;1560
1;2025-12-12;19;1222
1;2025-12-12;20;827
1;2025-12-12;21;527
1;2025-12-12;22;237
1;2025-12-12;23;65
1;2025-12-13;0;9
1;2025-12-13;1;0
1;2025-12-13;2;0
1;2025-12-13;3;0
1;2025-12-13;4;0
1;2025-12-13;5;33
1;2025-12-13;6;169
1;2025-12-13;7;349
1;2025-12-13;8;476
1;2025-12-13;9;760
1;2025-12-13;10;889
1;2025-12-13;11;861
1;2025-12-13;12;1075
1;2025-12-13;13;1105
1;2025-12-13;14;1048
1;2025-12-13;15;891
1;2025-12-13;16;800
1;2025-12-13;17;754
1;2025-12-13;18;640
1;2025-12-13;19;562
1;2025-12-13;20;429
1;2025-12-13;21;304
1;2025-12-13;22;137
1;2025-12-13;23;37
1;2025-12-14;0;0
1;2025-12-14;1;0
1;2025-12-14;2;0
1;2025-12-14;3;0
1;2025-12-14;4;0
1;2025-12-14;5;26
1;2025-12-14;6;129
1;2025-12-14;7;248
1;2025-12-14;8;349
1;2025-12-14;9;603
1;2025-12-14;10;714
1;2025-12-14;11;730
1;2025-12-14;12;870
1;2025-12-14;13;922
1;2025-12-14;14;817
1;2025-12-14;15;741
1;2025-12-14;16;672
1;2025-12-14;17;611
1;2025-12-14;18;524
1;2025-12-14;19;436
1;2025-12-14;20;354
1;2025-12-14;21;272
1;2025-12-14;22;112
1;2025-12-14;23;33
1;2025-12-15;0;4
1;2025-12-15;1;0
1;2025-12-15;2;0
1;2025-12-15;3;0
1;2025-12-15;4;8
1;2025-12-15;5;132
1;2025-12-15;6;555
1;2025-12-15;7;1504
1;2025-12-15;8;1896
1;2025-12-15;9;1471
1;2025-12-15;10;1309
1;2025-12-15;11;1355
1;2025-12-15;12;1406
1;2025-12-15;13;1423
1;2025-12-15;14;1376
1;2025-12-15;15;1538
1;2025-12-15;16;1521
1;2025-12-15;17;1762
1;2025-12-15;18;1815
1;2025-12-15;19;1359
1;2025-12-15;20;885
1;2025-12-15;21;492
1;2025-12-15;22;222
1;2025-12-15;23;50
1;2025-12-16;0;4
1;2025-12-16;1;0
1;2025-12-16;2;0
1;2025-12-16;3;0
1;2025-12-16;4;8
1;2025-12-16;5;135
1;2025-12-16;6;571
1;2025-12-16;7;1546
1;2025-12-16;8;1949
1;2025-12-16;9;1512
1;2025-12-16;10;1345
1;2025-12-16;11;1392
1;2025-12-16;12;1445
1;2025-12-16;13;1463
1;2025-12-16;14;1414
1;2025-12-16;15;1581
1;2025-12-16;16;1563
1;2025-12-16;17;1811
1;2025-12-16;18;1865
1;2025-12-16;19;1397
1;2025-12-16;20;910
1;2025-12-16;21;505
1;2025-12-16;22;228
1;2025-12-16;23;52
1;2025-12-17;0;4
1;2025-12-17;1;0
1;2025-12-17;2;0
1;2025-12-17;3;0
1;2025-12-17;4;8
1;2025-12-17;5;135
1;2025-12-17;6;571
1;2025-12-17;7;1546
1;2025-12-17;8;1949
1;2025-12-17;9;1512
1;2025-12-17;10;1345
1;2025-12-17;11;1392
1;2025-12-17;12;1445
1;2025-12-17;13;1463
1;2025-12-17;14;1414
1;2025-12-17;15;1581
1;2025-12-17;16;1563
1;2025-12-17;17;1811
1;2025-12-17;18;1865
1;2025-12-17;19;1397
1;2025-12-17;20;910
1;2025-12-17;21;505
1;2025-12-17;22;228
1;2025-12-17;23;52
1;2025-12-18;0;4
1;2025-12-18;1;0
1;2025-12-18;2;0
1;2025-12-18;3;0
1;2025-12-18;4;8
1;2025-12-18;5;135
1;2025-12-18;6;571
1;2025-12-18;7;1546
1;2025-12-18;8;1949
1;2025-12-18;9;1512
1;2025-12-18;10;1345
1;2025-12-18;11;1392
1;2025-12-18;12;1445
1;2025-12-18;13;1463
1;2025-12-18;14;1414
1;2025-12-18;15;1581
1;2025-12-18;16;1563
1;2025-12-18;17;1811
1;2025-12-18;18;1865
1;2025-12-18;19;1397
1;2025-12-18;20;910
1;2025-12-18;21;505
1;2025-12-18;22;228
1;2025-12-18;23;52
1;2025-12-19;0;6
1;2025-12-19;1;0
1;2025-12-19;2;0
1;2025-12-19;3;0
1;2025-12-19;4;6
1;2025-12-19;5;137
1;2025-12-19;6;548
1;2025-12-19;7;1554
1;2025-12-19;8;1847
1;2025-12-19;9;1450
1;2025-12-19;10;1296
1;2025-12-19;11;1443
1;2025-12-19;12;1413
1;2025-12-19;13;1464
1;2025-12-19;14;1373
1;2025-12-19;15;1549
1;2025-12-19;16;1631
1;2025-12-19;17;1770
1;2025-12-19;18;1560
1;2025-12-19;19;1222
1;2025-12-19;20;827
1;2025-12-19;21;527
1;2025-12-19;22;237
1;2025-12-19;23;65
1;2025-12-20;0;9
1;2025-12-20;1;0
1;2025-12-20;2;0
1;2025-12-20;3;0
1;2025-12-20;4;0
1;2025-12-20;5;33
1;2025-12-20;6;169
1;2025-12-20;7;349
1;2025-12-20;8;476
1;2025-12-20;9;760
1;2025-12-20;10;889
1;2025-12-20;11;861
1;2025-12-20;12;1075
1;2025-12-20;13;1105
1;2025-12-20;14;1048
1;2025-12-20;15;891
1;2025-12-20;16;800
1;2025-12-20;17;754
1;2025-12-20;18;640
1;2025-12-20;19;562
1;2025-12-20;20;429
1;2025-12-20;21;304
1;2025-12-20;22;137
1;2025-12-20;23;37
1;2025-12-21;0;0
1;2025-12-21;1;0
1;2025-12-21;2;0
1;2025-12-21;3;0
1;2025-12-21;4;0
1;2025-12-21;5;26
1;2025-12-21;6;129
1;2025-12-21;7;248
1;2025-12-21;8;349
1;2025-12-21;9;603
1;2025-12-21;10;714
1;2025-12-21;11;730
1;2025-12-21;12;870
1;2025-12-21;13;922
1;2025-12-21;14;817
1;2025-12-21;15;741
1;2025-12-21;16;672
1;2025-12-21;17;611
1;2025-12-21;18;524
1;2025-12-21;19;436
1;2025-12-21;20;354
1;2025-12-21;21;272
1;2025-12-21;22;112
1;2025-12-21;23;33
1;2025-12-22;0;4
1;2025-12-22;1;0
1;2025-12-22;2;0
1;2025-12-22;3;0
1;2025-12-22;4;8
1;2025-12-22;5;132
1;2025-12-22;6;555
1;2025-12-22;7;1504
1;2025-12-22;8;1896
1;2025-12-22;9;1471
1;2025-12-22;10;1309
1;2025-12-22;11;1355
1;2025-12-22;12;1406
1;2025-12-22;13;1423
1;2025-12-22;14;1376
1;2025-12-22;15;1538
1;2025-12-22;16;1521
1;2025-12-22;17;1762
1;2025-12-22;18;1815
1;2025-12-22;19;1359
1;2025-12-22;20;885
1;2025-12-22;21;492
1;2025-12-22;22;222
1;2025-12-22;23;50
1;2025-12-23;0;4
1;2025-12-23;1;0
1;2025-12-23;2;0
1;2025-12-23;3;0
1;2025-12-23;4;8
1;2025-12-23;5;135
1;2025-12-23;6;571
1;2025-12-23;7;1546
1;2025-12-23;8;1949
1;2025-12-23;9;1512
1;2025-12-23;10;1345
1;2025-12-23;11;1392
1;2025-12-23;12;1445
1;2025-12-23;13;1463
1;2025-12-23;14;1414
1;2025-12-23;15;1581
1;2025-12-23;16;1563
1;2025-12-23;17;1811
1;2025-12-23;18;1865
1;2025-12-23;19;1397
1;2025-12-23;20;910
1;2025-12-23;21;505
1;2025-12-23;22;228
1;2025-12-23;23;52
1;2025-12-24;0;4
1;2025-12-24;1;0
1;2025-12-24;2;0
1;2025-12-24;3;0
1;2025-12-24;4;8
1;2025-12-24;5;135
1;2025-12-24;6;571
1;2025-12-24;7;1546
1;2025-12-24;8;1949
1;2025-12-24;9;1512
1;2025-12-24;10;1345
1;2025-12-24;11;1392
1;2025-12-24;12;1445
1;2025-12-24;13;1463
1;2025-12-24;14;1414
1;2025-12-24;15;1581
1;2025-12-24;16;1563
1;2025-12-24;17;1811
1;2025-12-24;18;1865
1;2025-12-24;19;1397
1;2025-12-24;20;910
1;2025-12-24;21;505
1;2025-12-24;22;228
1;2025-12-24;23;52
1;2025-12-25;0;4
1;2025-12-25;1;0
1;2025-12-25;2;0
1;2025-12-25;3;0
1;2025-12-25;4;8
1;2025-12-25;5;135
1;2025-12-25;6;571
1;2025-12-25;7;1546
1;2025-12-25;8;1949
1;2025-12-25;9;1512
1;2025-12-25;10;1345
1;2025-12-25;11;1392
1;2025-12-25;12;1445
1;2025-12-25;13;1463
1;2025-12-25;14;1414
1;2025-12-25;15;1581
1;2025-12-25;16;1563
1;2025-12-25;17;1811
1;2025-12-25;18;1865
1;2025-12-25;19;1397
1;2025-12-25;20;910
1;2025-12-25;21;505
1;2025-12-25;22;228
1;2025-12-25;23;52
1;2025-12-26;0;6
1;2025-12-26;1;0
1;2025-12-26;2;0
1;2025-12-26;3;0
1;2025-12-26;4;6
1;2025-12-26;5;137
1;2025-12-26;6;548
1;2025-12-26;7;1554
1;2025-12-26;8;1847
1;2025-12-26;9;1450
1;2025-12-26;10;1296
1;2025-12-26;11;1443
1;2025-12-26;12;1413
1;2025-12-26;13;1464
1;2025-12-26;14;1373
1;2025-12-26;15;1549
1;2025-12-26;16;1631
1;2025-12-26;17;1770
1;2025-12-26;18;1560
1;2025-12-26;19;1222
1;2025-12-26;20;827
1;2025-12-26;21;527
1;2025-12-26;22;237
1;2025-12-26;23;65
1;2025-12-27;0;9
1;2025-12-27;1;0
1;2025-12-27;2;0
1;2025-12-27;3;0
1;2025-12-27;4;0
1;2025-12-27;5;33
1;2025-12-27;6;169
1;2025-12-27;7;349
1;2025-12-27;8;476
1;2025-12-27;9;760
1;2025-12-27;10;889
1;2025-12-27;11;861
1;2025-12-27;12;1075
1;2025-12-27;13;1105
1;2025-12-27;14;1048
1;2025-12-27;15;891
1;2025-12-27;16;800
1;2025-12-27;17;754
1;2025-12-27;18;640
1;2025-12-27;19;562
1;2025-12-27;20;429
1;2025-12-27;21;304
1;2025-12-27;22;137
1;2025-12-27;23;37
1;2025-12-28;0;0
1;2025-12-28;1;0
1;2025-12-28;2;0
1;2025-12-28;3;0
1;2025-12-28;4;0
1;2025-12-28;5;26
1;2025-12-28;6;129
1;2025-12-28;7;248
1;2025-12-28;8;349
1;2025-12-28;9;603
1;2025-12-28;10;714
1;2025-12-28;11;730
1;2025-12-28;12;870
1;2025-12-28;13;922
1;2025-12-28;14;817
1;2025-12-28;15;741
1;2025-12-28;16;672
1;2025-12-28;17;611
1;2025-12-28;18;524
1;2025-12-28;19;436
1;2025-12-28;20;354
1;2025-12-28;21;272
1;2025-12-28;22;112
1;2025-12-28;23;33
1;2025-12-29;0;4
1;2025-12-29;1;0
1;2025-12-29;2;0
1;2025-12-29;3;0
1;2025-12-29;4;7
1;2025-12-29;5;119
1;2025-12-29;6;500
1;2025-12-29;7;1354
1;2025-12-29;8;1707
1;2025-12-29;9;1324
1;2025-12-29;10;1178
1;2025-12-29;11;1219
1;2025-12-29;12;1265
1;2025-12-29;13;1281
1;2025-12-29;14;1238
1;2025-12-29;15;1384
1;2025-12-29;16;1369
1;2025-12-29;17;1586
1;2025-12-29;18;1634
1;2025-12-29;19;1223
1;2025-12-29;20;797
1;2025-12-29;21;442
1;2025-12-29;22;200
1;2025-12-29;23;45
1;2025-12-30;0;4
1;2025-12-30;1;0
1;2025-12-30;2;0
1;2025-12-30;3;0
1;2025-12-30;4;7
1;2025-12-30;5;115
1;2025-12-30;6;485
1;2025-12-30;7;1314
1;2025-12-30;8;1656
1;2025-12-30;9;1285
1;2025-12-30;10;1143
1;2025-12-30;11;1183
1;2025-12-30;12;1228
1;2025-12-30;13;1243
1;2025-12-30;14;1202
1;2025-12-30;15;1343
1;2025-12-30;16;1329
1;2025-12-30;17;1539
1;2025-12-30;18;1586
1;2025-12-30;19;1187
1;2025-12-30;20;773
1;2025-12-30;21;429
1;2025-12-30;22;194
1;2025-12-30;23;44
1;2025-12-31;0;8
1;2025-12-31;1;0
1;2025-12-31;2;0
1;2025-12-31;3;0
1;2025-12-31;4;0
1;2025-12-31;5;28
1;2025-12-31;6;143
1;2025-12-31;7;297
1;2025-12-31;8;405
1;2025-12-31;9;646
1;2025-12-31;10;755
1;2025-12-31;11;732
1;2025-12-31;12;913
1;2025-12-31;13;940
1;2025-12-31;14;890
1;2025-12-31;15;758
1;2025-12-31;16;680
1;2025-12-31;17;641
1;2025-12-31;18;544
1;2025-12-31;19;478
1;2025-12-31;20;364
1;2025-12-31;21;259
1;2025-12-31;22;117
1;2025-12-31;23;31
5;2025-11-01;0;0
5;2025-11-01;1;0
5;2025-11-01;2;0
5;2025-11-01;3;0
5;2025-11-01;4;0
5;2025-11-01;5;0
5;2025-11-01;6;0
5;2025-11-01;7;0
5;2025-11-01;8;0
5;2025-11-01;9;0
5;2025-11-01;10;0
5;2025-11-01;11;0
5;2025-11-01;12;0
5;2025-11-01;13;0
5;2025-11-01;14;0
5;2025-11-01;15;0
5;2025-11-01;16;0
5;2025-11-01;17;0
5;2025-11-01;18;0
5;2025-11-01;19;0
5;2025-11-01;20;0
5;2025-11-01;21;0
5;2025-11-01;22;0
5;2025-11-01;23;0
5;2025-11-02;0;0
5;2025-11-02;1;0
5;2025-11-02;2;0
5;2025-11-02;3;0
5;2025-11-02;4;0
5;2025-11-02;5;0
5;2025-11-02;6;0
5;2025-11-02;7;0
5;2025-11-02;8;0
5;2025-11-02;9;0
5;2025-11-02;10;0
5;2025-11-02;11;0
5;2025-11-02;12;0
5;2025-11-02;13;0
5;2025-11-02;14;0
5;2025-11-02;15;0
5;2025-11-02;16;0
5;2025-11-02;17;0
5;2025-11-02;18;0
5;2025-11-02;19;0
5;2025-11-02;20;0
5;2025-11-02;21;0
5;2025-11-02;22;0
5;2025-11-02;23;0
5;2025-11-03;0;0
5;2025-11-03;1;0
5;2025-11-03;2;0
5;2025-11-03;3;0
5;2025-11-03;4;0
5;2025-11-03;5;0
5;2025-11-03;6;0
5;2025-11-03;7;0
5;2025-11-03;8;0
5;2025-11-03;9;0
5;2025-11-03;10;0
5;2025-11-03;11;0
5;2025-11-03;12;0
5;2025-11-03;13;0
5;2025-11-03;14;0
5;2025-11-03;15;0
5;2025-11-03;16;0
5;2025-11-03;17;0
5;2025-11-03;18;0
5;2025-11-03;19;0
5;2025-11-03;20;0
5;2025-11-03;21;0
5;2025-11-03;22;0
5;2025-11-03;23;0
5;2025-11-04;0;0
5;2025-11-04;1;0
5;2025-11-04;2;0
5;2025-11-04;3;0
5;2025-11-04;4;0
5;2025-11-04;5;0
5;2025-11-04;6;0
5;2025-11-04;7;0
5;2025-11-04;8;0
5;2025-11-04;9;0
5;2025-11-04;10;0
5;2025-11-04;11;0
5;2025-11-04;12;0
5;2025-11-04;13;0
5;2025-11-04;14;0
5;2025-11-04;15;0
5;2025-11-04;16;0
5;2025-11-04;17;0
5;2025-11-04;18;0
5;2025-11-04;19;0
5;2025-11-04;20;0
5;2025-11-04;21;0
5;2025-11-04;22;0
5;2025-11-04;23;0
5;2025-11-05;0;0
5;2025-11-05;1;0
5;2025-11-05;2;0
5;2025-11-05;3;0
5;2025-11-05;4;0
5;2025-11-05;5;0
5;2025-11-05;6;0
5;2025-11-05;7;0
5;2025-11-05;8;0
5;2025-11-05;9;0
5;2025-11-05;10;0
5;2025-11-05;11;0
5;2025-11-05;12;0
5;2025-11-05;13;0
5;2025-11-05;14;0
5;2025-11-05;15;0
5;2025-11-05;16;0
5;2025-11-05;17;0
5;2025-11-05;18;0
5;2025-11-05;19;0
5;2025-11-05;20;0
5;2025-11-05;21;0
5;2025-11-05;22;0
5;2025-11-05;23;0
5;2025-11-06;0;0
5;2025-11-06;1;0
5;2025-11-06;2;0
5;2025-11-06;3;0
5;2025-11-06;4;0
5;2025-11-06;5;0
5;2025-11-06;6;0
5;2025-11-06;7;0
5;2025-11-06;8;0
5;2025-11-06;9;0
5;2025-11-06;10;0
5;2025-11-06;11;0
5;2025-11-06;12;0
5;2025-11-06;13;0
5;2025-11-06;14;0
5;2025-11-06;15;0
5;2025-11-06;16;0
5;2025-11-06;17;0
5;2025-11-06;18;0
5;2025-11-06;19;0
5;2025-11-06;20;0
5;2025-11-06;21;0
5;2025-11-06;22;0
5;2025-11-06;23;0
5;2025-11-07;0;0
5;2025-11-07;1;0
5;2025-11-07;2;0
5;2025-11-07;3;0
5;2025-11-07;4;0
5;2025-11-07;5;0
5;2025-11-07;6;0
5;2025-11-07;7;0
5;2025-11-07;8;0
5;2025-11-07;9;0
5;2025-11-07;10;0
5;2025-11-07;11;0
5;2025-11-07;12;0
5;2025-11-07;13;0
5;2025-11-07;14;0
5;2025-11-07;15;0
5;2025-11-07;16;0
5;2025-11-07;17;0
5;2025-11-07;18;0
5;2025-11-07;19;0
5;2025-11-07;20;0
5;2025-11-07;21;0
5;2025-11-07;22;0
5;2025-11-07;23;0
5;2025-11-08;0;0
5;2025-11-08;1;0
5;2025-11-08;2;0
5;2025-11-08;3;0
5;2025-11-08;4;0
5;2025-11-08;5;0
5;2025-11-08;6;0
5;2025-11-08;7;0
5;2025-11-08;8;0
5;2025-11-08;9;0
5;2025-11-08;10;0
5;2025-11-08;11;0
5;2025-11-08;12;0
5;2025-11-08;13;0
5;2025-11-08;14;0
5;2025-11-08;15;0
5;2025-11-08;16;0
5;2025-11-08;17;0
5;2025-11-08;18;0
5;2025-11-08;19;0
5;2025-11-08;20;0
5;2025-11-08;21;0
5;2025-11-08;22;0
5;2025-11-08;23;0
5;2025-11-09;0;0
5;2025-11-09;1;0
5;2025-11-09;2;0
5;2025-11-09;3;0
5;2025-11-09;4;0
5;2025-11-09;5;0
5;2025-11-09;6;0
5;2025-11-09;7;0
5;2025-11-09;8;0
5;2025-11-09;9;0
5;2025-11-09;10;0
5;2025-11-09;11;0
5;2025-11-09;12;0
5;2025-11-09;13;0
5;2025-11-09;14;0
5;2025-11-09;15;0
5;2025-11-09;16;0
5;2025-11-09;17;0
5;2025-11-09;18;0
5;2025-11-09;19;0
5;2025-11-09;20;0
5;2025-11-09;21;0
5;2025-11-09;22;0
5;2025-11-09;23;0
5;2025-11-10;0;0
5;2025-11-10;1;0
5;2025-11-10;2;0
5;2025-11-10;3;0
5;2025-11-10;4;0
5;2025-11-10;5;0
5;2025-11-10;6;0
5;2025-11-10;7;0
5;2025-11-10;8;0
5;2025-11-10;9;0
5;2025-11-10;10;0
5;2025-11-10;11;0
5;2025-11-10;12;0
5;2025-11-10;13;0
5;2025-11-10;14;0
5;2025-11-10;15;0
5;2025-11-10;16;0
5;2025-11-10;17;0
5;2025-11-10;18;0
5;2025-11-10;19;0
5;2025-11-10;20;0
5;2025-11-10;21;0
5;2025-11-10;22;0
5;2025-11-10;23;0
5;2025-11-11;0;0
5;2025-11-11;1;0
5;2025-11-11;2;0
5;2025-11-11;3;0
5;2025-11-11;4;0
5;2025-11-11;5;0
5;2025-11-11;6;0
5;2025-11-11;7;0
5;2025-11-11;8;0
5;2025-11-11;9;0
5;2025-11-11;10;0
5;2025-11-11;11;0
5;2025-11-11;12;0
5;2025-11-11;13;0
5;2025-11-11;14;0
5;2025-11-11;15;0
5;2025-11-11;16;0
5;2025-11-11;17;0
5;2025-11-11;18;0
5;2025-11-11;19;0
5;2025-11-11;20;0
5;2025-11-11;21;0
5;2025-11-11;22;0
5;2025-11-11;23;0
5;2025-11-12;0;0
5;2025-11-12;1;0
5;2025-11-12;2;0
5;2025-11-12;3;0
5;2025-11-12;4;0
5;2025-11-12;5;0
5;2025-11-12;6;0
5;2025-11-12;7;0
5;2025-11-12;8;0
5;2025-11-12;9;0
5;2025-11-12;10;0
5;2025-11-12;11;0
5;2025-11-12;12;0
5;2025-11-12;13;0
5;2025-11-12;14;0
5;2025-11-12;15;0
5;2025-11-12;16;0
5;2025-11-12;17;0
5;2025-11-12;18;0
5;2025-11-12;19;0
5;2025-11-12;20;0
5;2025-11-12;21;0
5;2025-11-12;22;0
5;2025-11-12;23;0
5;2025-11-13;0;0
5;2025-11-13;1;0
5;2025-11-13;2;0
5;2025-11-13;3;0
5;2025-11-13;4;0
5;2025-11-13;5;0
5;2025-11-13;6;0
5;2025-11-13;7;0
5;2025-11-13;8;0
5;2025-11-13;9;0
5;2025-11-13;10;0
5;2025-11-13;11;0
5;2025-11-13;12;0
5;2025-11-13;13;0
5;2025-11-13;14;0
5;2025-11-13;15;0
5;2025-11-13;16;0
5;2025-11-13;17;0
5;2025-11-13;18;0
5;2025-11-13;19;0
5;2025-11-13;20;0
5;2025-11-13;21;0
5;2025-11-13;22;0
5;2025-11-13;23;0
5;2025-11-14;0;0
5;2025-11-14;1;0
5;2025-11-14;2;0
5;2025-11-14;3;0
5;2025-11-14;4;0
5;2025-11-14;5;0
5;2025-11-14;6;0
5;2025-11-14;7;0
5;2025-11-14;8;0
5;2025-11-14;9;0
5;2025-11-14;10;0
5;2025-11-14;11;0
5;2025-11-14;12;0
5;2025-11-14;13;0
5;2025-11-14;14;0
5;2025-11-14;15;0
5;2025-11-14;16;0
5;2025-11-14;17;0
5;2025-11-14;18;0
5;2025-11-14;19;0
5;2025-11-14;20;0
5;2025-11-14;21;0
5;2025-11-14;22;0
5;2025-11-14;23;0
5;2025-11-15;0;0
5;2025-11-15;1;0
5;2025-11-15;2;0
5;2025-11-15;3;0
5;2025-11-15;4;0
5;2025-11-15;5;0
5;2025-11-15;6;0
5;2025-11-15;7;0
5;2025-11-15;8;0
5;2025-11-15;9;0
5;2025-11-15;10;0
5;2025-11-15;11;0
5;2025-11-15;12;0
5;2025-11-15;13;0
5;2025-11-15;14;0
5;2025-11-15;15;0
5;2025-11-15;16;0
5;2025-11-15;17;0
5;2025-11-15;18;0
5;2025-11-15;19;0
5;2025-11-15;20;0
5;2025-11-15;21;0
5;2025-11-15;22;0
5;2025-11-15;23;0
5;2025-11-16;0;0
5;2025-11-16;1;0
5;2025-11-16;2;0
5;2025-11-16;3;0
5;2025-11-16;4;0
5;2025-11-16;5;0
5;2025-11-16;6;0
5;2025-11-16;7;0
5;2025-11-16;8;0
5;2025-11-16;9;0
5;2025-11-16;10;0
5;2025-11-16;11;0
5;2025-11-16;12;0
5;2025-11-16;13;0
5;2025-11-16;14;0
5;2025-11-16;15;0
5;2025-11-16;16;0
5;2025-11-16;17;0
5;2025-11-16;18;0
5;2025-11-16;19;0
5;2025-11-16;20;0
5;2025-11-16;21;0
5;2025-11-16;22;0
5;2025-11-16;23;0
5;2025-11-17;0;0
5;2025-11-17;1;0
5;2025-11-17;2;0
5;2025-11-17;3;0
5;2025-11-17;4;0
5;2025-11-17;5;0
5;2025-11-17;6;0
5;2025-11-17;7;0
5;2025-11-17;8;0
5;2025-11-17;9;0
5;2025-11-17;10;0
5;2025-11-17;11;0
5;2025-11-17;12;0
5;2025-11-17;13;0
5;2025-11-17;14;0
5;2025-11-17;15;0
5;2025-11-17;16;0
5;2025-11-17;17;0
5;2025-11-17;18;0
5;2025-11-17;19;0
5;2025-11-17;20;0
5;2025-11-17;21;0
5;2025-11-17;22;0
5;2025-11-17;23;0
5;2025-11-18;0;0
5;2025-11-18;1;0
5;2025-11-18;2;0
5;2025-11-18;3;0
5;2025-11-18;4;0
5;2025-11-18;5;0
5;2025-11-18;6;0
5;2025-11-18;7;0
5;2025-11-18;8;0
5;2025-11-18;9;0
5;2025-11-18;10;0
5;2025-11-18;11;0
5;2025-11-18;12;0
5;2025-11-18;13;0
5;2025-11-18;14;0
5;2025-11-18;15;0
5;2025-11-18;16;0
5;2025-11-18;17;0
5;2025-11-18;18;0
5;2025-11-18;19;0
5;2025-11-18;20;0
5;2025-11-18;21;0
5;2025-11-18;22;0
5;2025-11-18;23;0
5;2025-11-19;0;0
5;2025-11-19;1;0
5;2025-11-19;2;0
5;2025-11-19;3;0
5;2025-11-19;4;0
5;2025-11-19;5;0
5;2025-11-19;6;0
5;2025-11-19;7;0
5;2025-11-19;8;0
5;2025-11-19;9;0
5;2025-11-19;10;0
5;2025-11-19;11;0
5;2025-11-19;12;0
5;2025-11-19;13;0
5;2025-11-19;14;0
5;2025-11-19;15;0
5;2025-11-19;16;0
5;2025-11-19;17;0
5;2025-11-19;18;0
5;2025-11-19;19;0
5;2025-11-19;20;0
5;2025-11-19;21;0
5;2025-11-19;22;0
5;2025-11-19;23;0
5;2025-11-20;0;0
5;2025-11-20;1;0
5;2025-11-20;2;0
5;2025-11-20;3;0
5;2025-11-20;4;0
5;2025-11-20;5;0
5;2025-11-20;6;0
5;2025-11-20;7;0
5;2025-11-20;8;0
5;2025-11-20;9;0
5;2025-11-20;10;0
5;2025-11-20;11;0
5;2025-11-20;12;0
5;2025-11-20;13;0
5;2025-11-20;14;0
5;2025-11-20;15;0
5;2025-11-20;16;0
5;2025-11-20;17;0
5;2025-11-20;18;0
5;2025-11-20;19;0
5;2025-11-20;20;0
5;2025-11-20;21;0
5;2025-11-20;22;0
5;2025-11-20;23;0
5;2025-11-21;0;0
5;2025-11-21;1;0
5;2025-11-21;2;0
5;2025-11-21;3;0
5;2025-11-21;4;0
5;2025-11-21;5;0
5;2025-11-21;6;0
5;2025-11-21;7;0
5;2025-11-21;8;0
5;2025-11-21;9;0
5;2025-11-21;10;0
5;2025-11-21;11;0
5;2025-11-21;12;0
5;2025-11-21;13;0
5;2025-11-21;14;0
5;2025-11-21;15;0
5;2025-11-21;16;0
5;2025-11-21;17;0
5;2025-11-21;18;0
5;2025-11-21;19;0
5;2025-11-21;20;0
5;2025-11-21;21;0
5;2025-11-21;22;0
5;2025-11-21;23;0
5;2025-11-22;0;0
5;2025-11-22;1;0
5;2025-11-22;2;0
5;2025-11-22;3;0
5;2025-11-22;4;0
5;2025-11-22;5;0
5;2025-11-22;6;0
5;2025-11-22;7;0
5;2025-11-22;8;0
5;2025-11-22;9;0
5;2025-11-22;10;0
5;2025-11-22;11;0
5;2025-11-22;12;0
5;2025-11-22;13;0
5;2025-11-22;14;0
5;2025-11-22;15;0
5;2025-11-22;16;0
5;2025-11-22;17;0
5;2025-11-22;18;0
5;2025-11-22;19;0
5;2025-11-22;20;0
5;2025-11-22;21;0
5;2025-11-22;22;0
5;2025-11-22;23;0
5;2025-11-23;0;0
5;2025-11-23;1;0
5;2025-11-23;2;0
5;2025-11-23;3;0
5;2025-11-23;4;0
5;2025-11-23;5;0
5;2025-11-23;6;0
5;2025-11-23;7;0
5;2025-11-23;8;0
5;2025-11-23;9;0
5;2025-11-23;10;0
5;2025-11-23;11;0
5;2025-11-23;12;0
5;2025-11-23;13;0
5;2025-11-23;14;0
5;2025-11-23;15;0
5;2025-11-23;16;0
5;2025-11-23;17;0
5;2025-11-23;18;0
5;2025-11-23;19;0
5;2025-11-23;20;0
5;2025-11-23;21;0
5;2025-11-23;22;0
5;2025-11-23;23;0
5;2025-11-24;0;0
5;2025-11-24;1;0
5;2025-11-24;2;0
5;2025-11-24;3;0
5;2025-11-24;4;0
5;2025-11-24;5;0
5;2025-11-24;6;0
5;2025-11-24;7;0
5;2025-11-24;8;0
5;2025-11-24;9;0
5;2025-11-24;10;0
5;2025-11-24;11;0
5;2025-11-24;12;0
5;2025-11-24;13;0
5;2025-11-24;14;0
5;2025-11-24;15;0
5;2025-11-24;16;0
5;2025-11-24;17;0
5;2025-11-24;18;0
5;2025-11-24;19;0
5;2025-11-24;20;0
5;2025-11-24;21;0
5;2025-11-24;22;0
5;2025-11-24;23;0
5;2025-11-25;0;0
5;2025-11-25;1;0
5;2025-11-25;2;0
5;2025-11-25;3;0
5;2025-11-25;4;0
5;2025-11-25;5;0
5;2025-11-25;6;0
5;2025-11-25;7;0
5;2025-11-25;8;0
5;2025-11-25;9;0
5;2025-11-25;10;0
5;2025-11-25;11;0
5;2025-11-25;12;0
5;2025-11-25;13;0
5;2025-11-25;14;0
5;2025-11-25;15;0
5;2025-11-25;16;0
5;2025-11-25;17;0
5;2025-11-25;18;0
5;2025-11-25;19;0
5;2025-11-25;20;0
5;2025-11-25;21;0
5;2025-11-25;22;0
5;2025-11-25;23;0
5;2025-11-26;0;0
5;2025-11-26;1;0
5;2025-11-26;2;0
5;2025-11-26;3;0
5;2025-11-26;4;0
5;2025-11-26;5;0
5;2025-11-26;6;0
5;2025-11-26;7;0
5;2025-11-26;8;0
5;2025-11-26;9;0
5;2025-11-26;10;0
5;2025-11-26;11;0
5;2025-11-26;12;0
5;2025-11-26;13;0
5;2025-11-26;14;0
5;2025-11-26;15;0
5;2025-11-26;16;0
5;2025-11-26;17;0
5;2025-11-26;18;0
5;2025-11-26;19;0
5;2025-11-26;20;0
5;2025-11-26;21;0
5;2025-11-26;22;0
5;2025-11-26;23;0
5;2025-11-27;0;0
5;2025-11-27;1;0
5;2025-11-27;2;0
5;2025-11-27;3;0
5;2025-11-27;4;0
5;2025-11-27;5;0
5;2025-11-27;6;0
5;2025-11-27;7;0
5;2025-11-27;8;0
5;2025-11-27;9;0
5;2025-11-27;10;0
5;2025-11-27;11;0
5;2025-11-27;12;0
5;2025-11-27;13;0
5;2025-11-27;14;0
5;2025-11-27;15;0
5;2025-11-27;16;0
5;2025-11-27;17;0
5;2025-11-27;18;0
5;2025-11-27;19;0
5;2025-11-27;20;0
5;2025-11-27;21;0
5;2025-11-27;22;0
5;2025-11-27;23;0
5;2025-11-28;0;0
5;2025-11-28;1;0
5;2025-11-28;2;0
5;2025-11-28;3;0
5;2025-11-28;4;0
5;2025-11-28;5;0
5;2025-11-28;6;0
5;2025-11-28;7;0
5;2025-11-28;8;0
5;2025-11-28;9;0
5;2025-11-28;10;0
5;2025-11-28;11;0
5;2025-11-28;12;0
5;2025-11-28;13;0
5;2025-11-28;14;0
5;2025-11-28;15;0
5;2025-11-28;16;0
5;2025-11-28;17;0
5;2025-11-28;18;0
5;2025-11-28;19;0
5;2025-11-28;20;0
5;2025-11-28;21;0
5;2025-11-28;22;0
5;2025-11-28;23;0
5;2025-11-29;0;0
5;2025-11-29;1;0
5;2025-11-29;2;0
5;2025-11-29;3;0
5;2025-11-29;4;0
5;2025-11-29;5;0
5;2025-11-29;6;0
5;2025-11-29;7;0
5;2025-11-29;8;0
5;2025-11-29;9;0
5;2025-11-29;10;0
5;2025-11-29;11;0
5;2025-11-29;12;0
5;2025-11-29;13;0
5;2025-11-29;14;0
5;2025-11-29;15;0
5;2025-11-29;16;0
5;2025-11-29;17;0
5;2025-11-29;18;0
5;2025-11-29;19;0
5;2025-11-29;20;0
5;2025-11-29;21;0
5;2025-11-29;22;0
5;2025-11-29;23;0
5;2025-11-30;0;0
5;2025-11-30;1;0
5;2025-11-30;2;0
5;2025-11-30;3;0
5;2025-11-30;4;0
5;2025-11-30;5;0
5;2025-11-30;6;0
5;2025-11-30;7;0
5;2025-11-30;8;0
5;2025-11-30;9;0
5;2025-11-30;10;0
5;2025-11-30;11;0
5;2025-11-30;12;0
5;2025-11-30;13;0
5;2025-11-30;14;0
5;2025-11-30;15;0
5;2025-11-30;16;0
5;2025-11-30;17;0
5;2025-11-30;18;0
5;2025-11-30;19;0
5;2025-11-30;20;0
5;2025-11-30;21;0
5;2025-11-30;22;0
5;2025-11-30;23;0
5;2025-12-01;0;0
5;2025-12-01;1;0
5;2025-12-01;2;0
5;2025-12-01;3;0
5;2025-12-01;4;0
5;2025-12-01;5;0
5;2025-12-01;6;0
5;2025-12-01;7;0
5;2025-12-01;8;0
5;2025-12-01;9;0
5;2025-12-01;10;0
5;2025-12-01;11;0
5;2025-12-01;12;0
5;2025-12-01;13;0
5;2025-12-01;14;0
5;2025-12-01;15;0
5;2025-12-01;16;0
5;2025-12-01;17;0
5;2025-12-01;18;0
5;2025-12-01;19;0
5;2025-12-01;20;0
5;2025-12-01;21;0
5;2025-12-01;22;0
5;2025-12-01;23;0
5;2025-12-02;0;0
5;2025-12-02;1;0
5;2025-12-02;2;0
5;2025-12-02;3;0
5;2025-12-02;4;0
5;2025-12-02;5;0
5;2025-12-02;6;0
5;2025-12-02;7;0
5;2025-12-02;8;0
5;2025-12-02;9;0
5;2025-12-02;10;0
5;2025-12-02;11;0
5;2025-12-02;12;0
5;2025-12-02;13;0
5;2025-12-02;14;0
5;2025-12-02;15;0
5;2025-12-02;16;0
5;2025-12-02;17;0
5;2025-12-02;18;0
5;2025-12-02;19;0
5;2025-12-02;20;0
5;2025-12-02;21;0
5;2025-12-02;22;0
5;2025-12-02;23;0
5;2025-12-03;0;0
5;2025-12-03;1;0
5;2025-12-03;2;0
5;2025-12-03;3;0
5;2025-12-03;4;0
5;2025-12-03;5;0
5;2025-12-03;6;0
5;2025-12-03;7;0
5;2025-12-03;8;0
5;2025-12-03;9;0
5;2025-12-03;10;0
5;2025-12-03;11;0
5;2025-12-03;12;0
5;2025-12-03;13;0
5;2025-12-03;14;0
5;2025-12-03;15;0
5;2025-12-03;16;0
5;2025-12-03;17;0
5;2025-12-03;18;0
5;2025-12-03;19;0
5;2025-12-03;20;0
5;2025-12-03;21;0
5;2025-12-03;22;0
5;2025-12-03;23;0
5;2025-12-04;0;0
5;2025-12-04;1;0
5;2025-12-04;2;0
5;2025-12-04;3;0
5;2025-12-04;4;0
5;2025-12-04;5;0
5;2025-12-04;6;0
5;2025-12-04;7;0
5;2025-12-04;8;0
5;2025-12-04;9;0
5;2025-12-04;10;0
5;2025-12-04;11;0
5;2025-12-04;12;0
5;2025-12-04;13;0
5;2025-12-04;14;0
5;2025-12-04;15;0
5;2025-12-04;16;0
5;2025-12-04;17;0
5;2025-12-04;18;0
5;2025-12-04;19;0
5;2025-12-04;20;0
5;2025-12-04;21;0
5;2025-12-04;22;0
5;2025-12-04;23;0
5;2025-12-05;0;0
5;2025-12-05;1;0
5;2025-12-05;2;0
5;2025-12-05;3;0
5;2025-12-05;4;0
5;2025-12-05;5;0
5;2025-12-05;6;0
5;2025-12-05;7;0
5;2025-12-05;8;0
5;2025-12-05;9;0
5;2025-12-05;10;0
5;2025-12-05;11;0
5;2025-12-05;12;0
5;2025-12-05;13;0
5;2025-12-05;14;0
5;2025-12-05;15;0
5;2025-12-05;16;0
5;2025-12-05;17;0
5;2025-12-05;18;0
5;2025-12-05;19;0
5;2025-12-05;20;0
5;2025-12-05;21;0
5;2025-12-05;22;0
5;2025-12-05;23;0
5;2025-12-06;0;0
5;2025-12-06;1;0
5;2025-12-06;2;0
5;2025-12-06;3;0
5;2025-12-06;4;0
5;2025-12-06;5;0
5;2025-12-06;6;0
5;2025-12-06;7;0
5;2025-12-06;8;0
5;2025-12-06;9;0
5;2025-12-06;10;0
5;2025-12-06;11;0
5;2025-12-06;12;0
5;2025-12-06;13;0
5;2025-12-06;14;0
5;2025-12-06;15;0
5;2025-12-06;16;0
5;2025-12-06;17;0
5;2025-12-06;18;0
5;2025-12-06;19;0
5;2025-12-06;20;0
5;2025-12-06;21;0
5;2025-12-06;22;0
5;2025-12-06;23;0
5;2025-12-07;0;0
5;2025-12-07;1;0
5;2025-12-07;2;0
5;2025-12-07;3;0
5;2025-12-07;4;0
5;2025-12-07;5;0
5;2025-12-07;6;0
5;2025-12-07;7;0
5;2025-12-07;8;0
5;2025-12-07;9;0
5;2025-12-07;10;0
5;2025-12-07;11;0
5;2025-12-07;12;0
5;2025-12-07;13;0
5;2025-12-07;14;0
5;2025-12-07;15;0
5;2025-12-07;16;0
5;2025-12-07;17;0
5;2025-12-07;18;0
5;2025-12-07;19;0
5;2025-12-07;20;0
5;2025-12-07;21;0
5;2025-12-07;22;0
5;2025-12-07;23;0
5;2025-12-08;0;0
5;2025-12-08;1;0
5;2025-12-08;2;0
5;2025-12-08;3;0
5;2025-12-08;4;0
5;2025-12-08;5;0
5;2025-12-08;6;0
5;2025-12-08;7;0
5;2025-12-08;8;0
5;2025-12-08;9;0
5;2025-12-08;10;0
5;2025-12-08;11;0
5;2025-12-08;12;0
5;2025-12-08;13;0
5;2025-12-08;14;0
5;2025-12-08;15;0
5;2025-12-08;16;0
5;2025-12-08;17;0
5;2025-12-08;18;0
5;2025-12-08;19;0
5;2025-12-08;20;0
5;2025-12-08;21;0
5;2025-12-08;22;0
5;2025-12-08;23;0
5;2025-12-09;0;0
5;2025-12-09;1;0
5;2025-12-09;2;0
5;2025-12-09;3;0
5;2025-12-09;4;0
5;2025-12-09;5;0
5;2025-12-09;6;0
5;2025-12-09;7;0
5;2025-12-09;8;0
5;2025-12-09;9;0
5;2025-12-09;10;0
5;2025-12-09;11;0
5;2025-12-09;12;0
5;2025-12-09;13;0
5;2025-12-09;14;0
5;2025-12-09;15;0
5;2025-12-09;16;0
5;2025-12-09;17;0
5;2025-12-09;18;0
5;2025-12-09;19;0
5;2025-12-09;20;0
5;2025-12-09;21;0
5;2025-12-09;22;0
5;2025-12-09;23;0
5;2025-12-10;0;0
5;2025-12-10;1;0
5;2025-12-10;2;0
5;2025-12-10;3;0
5;2025-12-10;4;0
5;2025-12-10;5;0
5;2025-12-10;6;0
5;2025-12-10;7;0
5;2025-12-10;8;0
5;2025-12-10;9;0
5;2025-12-10;10;0
5;2025-12-10;11;0
5;2025-12-10;12;0
5;2025-12-10;13;0
5;2025-12-10;14;0
5;2025-12-10;15;0
5;2025-12-10;16;0
5;2025-12-10;17;0
5;2025-12-10;18;0
5;2025-12-10;19;0
5;2025-12-10;20;0
5;2025-12-10;21;0
5;2025-12-10;22;0
5;2025-12-10;23;0
5;2025-12-11;0;0
5;2025-12-11;1;0
5;2025-12-11;2;0
5;2025-12-11;3;0
5;2025-12-11;4;0
5;2025-12-11;5;0
5;2025-12-11;6;0
5;2025-12-11;7;0
5;2025-12-11;8;0
5;2025-12-11;9;0
5;2025-12-11;10;0
5;2025-12-11;11;0
5;2025-12-11;12;0
5;2025-12-11;13;0
5;2025-12-11;14;0
5;2025-12-11;15;0
5;2025-12-11;16;0
5;2025-12-11;17;0
5;2025-12-11;18;0
5;2025-12-11;19;0
5;2025-12-11;20;0
5;2025-12-11;21;0
5;2025-12-11;22;0
5;2025-12-11;23;0
5;2025-12-12;0;0
5;2025-12-12;1;0
5;2025-12-12;2;0
5;2025-12-12;3;0
5;2025-12-12;4;0
5;2025-12-12;5;0
5;2025-12-12;6;0
5;2025-12-12;7;0
5;2025-12-12;8;0
5;2025-12-12;9;0
5;2025-12-12;10;0
5;2025-12-12;11;0
5;2025-12-12;12;0
5;2025-12-12;13;0
5;2025-12-12;14;0
5;2025-12-12;15;0
5;2025-12-12;16;0
5;2025-12-12;17;0
5;2025-12-12;18;0
5;2025-12-12;19;0
5;2025-12-12;20;0
5;2025-12-12;21;0
5;2025-12-12;22;0
5;2025-12-12;23;0
5;2025-12-13;0;0
5;2025-12-13;1;0
5;2025-12-13;2;0
5;2025-12-13;3;0
5;2025-12-13;4;0
5;2025-12-13;5;0
5;2025-12-13;6;0
5;2025-12-13;7;0
5;2025-12-13;8;0
5;2025-12-13;9;0
5;2025-12-13;10;0
5;2025-12-13;11;0
5;2025-12-13;12;0
5;2025-12-13;13;0
5;2025-12-13;14;0
5;2025-12-13;15;0
5;2025-12-13;16;0
5;2025-12-13;17;0
5;2025-12-13;18;0
5;2025-12-13;19;0
5;2025-12-13;20;0
5;2025-12-13;21;0
5;2025-12-13;22;0
5;2025-12-13;23;0
5;2025-12-14;0;0
5;2025-12-14;1;0
5;2025-12-14;2;0
5;2025-12-14;3;0
5;2025-12-14;4;0
5;2025-12-14;5;0
5;2025-12-14;6;0
5;2025-12-14;7;0
5;2025-12-14;8;0
5;2025-12-14;9;0
5;2025-12-14;10;0
5;2025-12-14;11;0
5;2025-12-14;12;0
5;2025-12-14;13;0
5;2025-12-14;14;0
5;2025-12-14;15;0
5;2025-12-14;16;0
5;2025-12-14;17;0
5;2025-12-14;18;0
5;2025-12-14;19;0
5;2025-12-14;20;0
5;2025-12-14;21;0
5;2025-12-14;22;0
5;2025-12-14;23;0
5;2025-12-15;0;0
5;2025-12-15;1;0
5;2025-12-15;2;0
5;2025-12-15;3;0
5;2025-12-15;4;0
5;2025-12-15;5;0
5;2025-12-15;6;0
5;2025-12-15;7;0
5;2025-12-15;8;0
5;2025-12-15;9;0
5;2025-12-15;10;0
5;2025-12-15;11;0
5;2025-12-15;12;0
5;2025-12-15;13;0
5;2025-12-15;14;0
5;2025-12-15;15;0
5;2025-12-15;16;0
5;2025-12-15;17;0
5;2025-12-15;18;0
5;2025-12-15;19;0
5;2025-12-15;20;0
5;2025-12-15;21;0
5;2025-12-15;22;0
5;2025-12-15;23;0
5;2025-12-16;0;8
5;2025-12-16;1;1
5;2025-12-16;2;0
5;2025-12-16;3;0
5;2025-12-16;4;0
5;2025-12-16;5;26
5;2025-12-16;6;98
5;2025-12-16;7;220
5;2025-12-16;8;334
5;2025-12-16;9;256
5;2025-12-16;10;215
5;2025-12-16;11;188
5;2025-12-16;12;198
5;2025-12-16;13;195
5;2025-12-16;14;209
5;2025-12-16;15;228
5;2025-12-16;16;244
5;2025-12-16;17;314
5;2025-12-16;18;347
5;2025-12-16;19;234
5;2025-12-16;20;140
5;2025-12-16;21;83
5;2025-12-16;22;39
5;2025-12-16;23;23
5;2025-12-17;0;13
5;2025-12-17;1;2
5;2025-12-17;2;0
5;2025-12-17;3;0
5;2025-12-17;4;0
5;2025-12-17;5;43
5;2025-12-17;6;164
5;2025-12-17;7;366
5;2025-12-17;8;556
5;2025-12-17;9;426
5;2025-12-17;10;358
5;2025-12-17;11;313
5;2025-12-17;12;330
5;2025-12-17;13;326
5;2025-12-17;14;349
5;2025-12-17;15;381
5;2025-12-17;16;407
5;2025-12-17;17;523
5;2025-12-17;18;578
5;2025-12-17;19;390
5;2025-12-17;20;233
5;2025-12-17;21;138
5;2025-12-17;22;66
5;2025-12-17;23;39
5;2025-12-18;0;13
5;2025-12-18;1;2
5;2025-12-18;2;0
5;2025-12-18;3;0
5;2025-12-18;4;0
5;2025-12-18;5;43
5;2025-12-18;6;164
5;2025-12-18;7;366
5;2025-12-18;8;556
5;2025-12-18;9;426
5;2025-12-18;10;358
5;2025-12-18;11;313
5;2025-12-18;12;330
5;2025-12-18;13;326
5;2025-12-18;14;349
5;2025-12-18;15;381
5;2025-12-18;16;407
5;2025-12-18;17;523
5;2025-12-18;18;578
5;2025-12-18;19;390
5;2025-12-18;20;233
5;2025-12-18;21;138
5;2025-12-18;22;66
5;2025-12-18;23;39
5;2025-12-19;0;14
5;2025-12-19;1;2
5;2025-12-19;2;0
5;2025-12-19;3;0
5;2025-12-19;4;0
5;2025-12-19;5;42
5;2025-12-19;6;154
5;2025-12-19;7;354
5;2025-12-19;8;517
5;2025-12-19;9;404
5;2025-12-19;10;360
5;2025-12-19;11;339
5;2025-12-19;12;347
5;2025-12-19;13;370
5;2025-12-19;14;385
5;2025-12-19;15;408
5;2025-12-19;16;482
5;2025-12-19;17;518
5;2025-12-19;18;470
5;2025-12-19;19;345
5;2025-12-19;20;226
5;2025-12-19;21;139
5;2025-12-19;22;75
5;2025-12-19;23;49
5;2025-12-20;0;19
5;2025-12-20;1;6
5;2025-12-20;2;0
5;2025-12-20;3;0
5;2025-12-20;4;0
5;2025-12-20;5;11
5;2025-12-20;6;66
5;2025-12-20;7;100
5;2025-12-20;8;164
5;2025-12-20;9;199
5;2025-12-20;10;208
5;2025-12-20;11;263
5;2025-12-20;12;298
5;2025-12-20;13;291
5;2025-12-20;14;312
5;2025-12-20;15;278
5;2025-12-20;16;272
5;2025-12-20;17;259
5;2025-12-20;18;243
5;2025-12-20;19;232
5;2025-12-20;20;183
5;2025-12-20;21;137
5;2025-12-20;22;73
5;2025-12-20;23;47
5;2025-12-21;0;21
5;2025-12-21;1;5
5;2025-12-21;2;0
5;2025-12-21;3;0
5;2025-12-21;4;0
5;2025-12-21;5;9
5;2025-12-21;6;49
5;2025-12-21;7;69
5;2025-12-21;8;114
5;2025-12-21;9;142
5;2025-12-21;10;169
5;2025-12-21;11;222
5;2025-12-21;12;246
5;2025-12-21;13;259
5;2025-12-21;14;271
5;2025-12-21;15;259
5;2025-12-21;16;243
5;2025-12-21;17;244
5;2025-12-21;18;204
5;2025-12-21;19;172
5;2025-12-21;20;150
5;2025-12-21;21;114
5;2025-12-21;22;64
5;2025-12-21;23;35
5;2025-12-22;0;13
5;2025-12-22;1;2
5;2025-12-22;2;0
5;2025-12-22;3;0
5;2025-12-22;4;0
5;2025-12-22;5;43
5;2025-12-22;6;164
5;2025-12-22;7;366
5;2025-12-22;8;556
5;2025-12-22;9;426
5;2025-12-22;10;358
5;2025-12-22;11;313
5;2025-12-22;12;330
5;2025-12-22;13;326
5;2025-12-22;14;349
5;2025-12-22;15;381
5;2025-12-22;16;407
5;2025-12-22;17;523
5;2025-12-22;18;578
5;2025-12-22;19;390
5;2025-12-22;20;233
5;2025-12-22;21;138
5;2025-12-22;22;66
5;2025-12-22;23;39
5;2025-12-23;0;13
5;2025-12-23;1;2
5;2025-12-23;2;0
5;2025-12-23;3;0
5;2025-12-23;4;0
5;2025-12-23;5;43
5;2025-12-23;6;164
5;2025-12-23;7;366
5;2025-12-23;8;556
5;2025-12-23;9;426
5;2025-12-23;10;358
5;2025-12-23;11;313
5;2025-12-23;12;330
5;2025-12-23;13;326
5;2025-12-23;14;349
5;2025-12-23;15;381
5;2025-12-23;16;407
5;2025-12-23;17;523
5;2025-12-23;18;578
5;2025-12-23;19;390
5;2025-12-23;20;233
5;2025-12-23;21;138
5;2025-12-23;22;66
5;2025-12-23;23;39
5;2025-12-24;0;13
5;2025-12-24;1;2
5;2025-12-24;2;0
5;2025-12-24;3;0
5;2025-12-24;4;0
5;2025-12-24;5;43
5;2025-12-24;6;164
5;2025-12-24;7;366
5;2025-12-24;8;556
5;2025-12-24;9;426
5;2025-12-24;10;358
5;2025-12-24;11;313
5;2025-12-24;12;330
5;2025-12-24;13;326
5;2025-12-24;14;349
5;2025-12-24;15;381
5;2025-12-24;16;407
5;2025-12-24;17;523
5;2025-12-24;18;578
5;2025-12-24;19;390
5;2025-12-24;20;233
5;2025-12-24;21;138
5;2025-12-24;22;66
5;2025-12-24;23;39
5;2025-12-25;0;13
5;2025-12-25;1;2
5;2025-12-25;2;0
5;2025-12-25;3;0
5;2025-12-25;4;0
5;2025-12-25;5;43
5;2025-12-25;6;164
5;2025-12-25;7;366
5;2025-12-25;8;556
5;2025-12-25;9;426
5;2025-12-25;10;358
5;2025-12-25;11;313
5;2025-12-25;12;330
5;2025-12-25;13;326
5;2025-12-25;14;349
5;2025-12-25;15;381
5;2025-12-25;16;407
5;2025-12-25;17;523
5;2025-12-25;18;578
5;2025-12-25;19;390
5;2025-12-25;20;233
5;2025-12-25;21;138
5;2025-12-25;22;66
5;2025-12-25;23;39
5;2025-12-26;0;14
5;2025-12-26;1;2
5;2025-12-26;2;0
5;2025-12-26;3;0
5;2025-12-26;4;0
5;2025-12-26;5;42
5;2025-12-26;6;154
5;2025-12-26;7;354
5;2025-12-26;8;517
5;2025-12-26;9;404
5;2025-12-26;10;360
5;2025-12-26;11;339
5;2025-12-26;12;347
5;2025-12-26;13;370
5;2025-12-26;14;385
5;2025-12-26;15;408
5;2025-12-26;16;482
5;2025-12-26;17;518
5;2025-12-26;18;470
5;2025-12-26;19;345
5;2025-12-26;20;226
5;2025-12-26;21;139
5;2025-12-26;22;75
5;2025-12-26;23;49
5;2025-12-27;0;19
5;2025-12-27;1;6
5;2025-12-27;2;0
5;2025-12-27;3;0
5;2025-12-27;4;0
5;2025-12-27;5;11
5;2025-12-27;6;66
5;2025-12-27;7;100
5;2025-12-27;8;164
5;2025-12-27;9;199
5;2025-12-27;10;208
5;2025-12-27;11;263
5;2025-12-27;12;298
5;2025-12-27;13;291
5;2025-12-27;14;312
5;2025-12-27;15;278
5;2025-12-27;16;272
5;2025-12-27;17;259
5;2025-12-27;18;243
5;2025-12-27;19;232
5;2025-12-27;20;183
5;2025-12-27;21;137
5;2025-12-27;22;73
5;2025-12-27;23;47
5;2025-12-28;0;21
5;2025-12-28;1;5
5;2025-12-28;2;0
5;2025-12-28;3;0
5;2025-12-28;4;0
5;2025-12-28;5;9
5;2025-12-28;6;49
5;2025-12-28;7;69
5;2025-12-28;8;114
5;2025-12-28;9;142
5;2025-12-28;10;169
5;2025-12-28;11;222
5;2025-12-28;12;246
5;2025-12-28;13;259
5;2025-12-28;14;271
5;2025-12-28;15;259
5;2025-12-28;16;243
5;2025-12-28;17;244
5;2025-12-28;18;204
5;2025-12-28;19;172
5;2025-12-28;20;150
5;2025-12-28;21;114
5;2025-12-28;22;64
5;2025-12-28;23;35
5;2025-12-29;0;12
5;2025-12-29;1;2
5;2025-12-29;2;0
5;2025-12-29;3;0
5;2025-12-29;4;0
5;2025-12-29;5;39
5;2025-12-29;6;147
5;2025-12-29;7;330
5;2025-12-29;8;500
5;2025-12-29;9;384
5;2025-12-29;10;322
5;2025-12-29;11;281
5;2025-12-29;12;297
5;2025-12-29;13;293
5;2025-12-29;14;314
5;2025-12-29;15;343
5;2025-12-29;16;367
5;2025-12-29;17;471
5;2025-12-29;18;520
5;2025-12-29;19;351
5;2025-12-29;20;210
5;2025-12-29;21;124
5;2025-12-29;22;59
5;2025-12-29;23;35
5;2025-12-30;0;11
5;2025-12-30;1;2
5;2025-12-30;2;0
5;2025-12-30;3;0
5;2025-12-30;4;0
5;2025-12-30;5;37
5;2025-12-30;6;139
5;2025-12-30;7;311
5;2025-12-30;8;473
5;2025-12-30;9;362
5;2025-12-30;10;304
5;2025-12-30;11;266
5;2025-12-30;12;281
5;2025-12-30;13;277
5;2025-12-30;14;296
5;2025-12-30;15;323
5;2025-12-30;16;346
5;2025-12-30;17;445
5;2025-12-30;18;491
5;2025-12-30;19;331
5;2025-12-30;20;198
5;2025-12-30;21;117
5;2025-12-30;22;56
5;2025-12-30;23;33
5;2025-12-31;0;16
5;2025-12-31;1;5
5;2025-12-31;2;0
5;2025-12-31;3;0
5;2025-12-31;4;0
5;2025-12-31;5;9
5;2025-12-31;6;56
5;2025-12-31;7;85
5;2025-12-31;8;139
5;2025-12-31;9;169
5;2025-12-31;10;176
5;2025-12-31;11;224
5;2025-12-31;12;253
5;2025-12-31;13;248
5;2025-12-31;14;265
5;2025-12-31;15;236
5;2025-12-31;16;232
5;2025-12-31;17;221
5;2025-12-31;18;207
5;2025-12-31;19;197
5;2025-12-31;20;155
5;2025-12-31;21;117
5;2025-12-31;22;62
5;2025-12-31;23;40
7;2025-11-01;0;109
7;2025-11-01;1;25
7;2025-11-01;2;0
7;2025-11-01;3;0
7;2025-11-01;4;1
7;2025-11-01;5;150
7;2025-11-01;6;545
7;2025-11-01;7;1268
7;2025-11-01;8;1861
7;2025-11-01;9;1443
7;2025-11-01;10;1316
7;2025-11-01;11;1234
7;2025-11-01;12;1269
7;2025-11-01;13;1340
7;2025-11-01;14;1394
7;2025-11-01;15;1482
7;2025-11-01;16;1734
7;2025-11-01;17;1871
7;2025-11-01;18;1684
7;2025-11-01;19;1223
7;2025-11-01;20;813
7;2025-11-01;21;499
7;2025-11-01;22;270
7;2025-11-01;23;180
7;2025-11-02;0;104
7;2025-11-02;1;25
7;2025-11-02;2;0
7;2025-11-02;3;0
7;2025-11-02;4;1
7;2025-11-02;5;30
7;2025-11-02;6;130
7;2025-11-02;7;175
7;2025-11-02;8;394
7;2025-11-02;9;522
7;2025-11-02;10;404
7;2025-11-02;11;601
7;2025-11-02;12;649
7;2025-11-02;13;645
7;2025-11-02;14;674
7;2025-11-02;15;730
7;2025-11-02;16;629
7;2025-11-02;17;639
7;2025-11-02;18;664
7;2025-11-02;19;491
7;2025-11-02;20;406
7;2025-11-02;21;298
7;2025-11-02;22;154
7;2025-11-02;23;123
7;2025-11-03;0;93
7;2025-11-03;1;22
7;2025-11-03;2;0
7;2025-11-03;3;0
7;2025-11-03;4;1
7;2025-11-03;5;32
7;2025-11-03;6;159
7;2025-11-03;7;191
7;2025-11-03;8;444
7;2025-11-03;9;455
7;2025-11-03;10;422
7;2025-11-03;11;529
7;2025-11-03;12;648
7;2025-11-03;13;626
7;2025-11-03;14;625
7;2025-11-03;15;646
7;2025-11-03;16;597
7;2025-11-03;17;598
7;2025-11-03;18;592
7;2025-11-03;19;452
7;2025-11-03;20;387
7;2025-11-03;21;277
7;2025-11-03;22;149
7;2025-11-03;23;120
7;2025-11-04;0;93
7;2025-11-04;1;22
7;2025-11-04;2;0
7;2025-11-04;3;0
7;2025-11-04;4;1
7;2025-11-04;5;32
7;2025-11-04;6;159
7;2025-11-04;7;191
7;2025-11-04;8;444
7;2025-11-04;9;455
7;2025-11-04;10;422
7;2025-11-04;11;529
7;2025-11-04;12;648
7;2025-11-04;13;626
7;2025-11-04;14;625
7;2025-11-04;15;646
7;2025-11-04;16;597
7;2025-11-04;17;598
7;2025-11-04;18;592
7;2025-11-04;19;452
7;2025-11-04;20;387
7;2025-11-04;21;277
7;2025-11-04;22;149
7;2025-11-04;23;120
7;2025-11-05;0;62
7;2025-11-05;1;12
7;2025-11-05;2;0
7;2025-11-05;3;0
7;2025-11-05;4;1
7;2025-11-05;5;206
7;2025-11-05;6;760
7;2025-11-05;7;1750
7;2025-11-05;8;2666
7;2025-11-05;9;2034
7;2025-11-05;10;1725
7;2025-11-05;11;1528
7;2025-11-05;12;1620
7;2025-11-05;13;1580
7;2025-11-05;14;1682
7;2025-11-05;15;1835
7;2025-11-05;16;1955
7;2025-11-05;17;2516
7;2025-11-05;18;2772
7;2025-11-05;19;1857
7;2025-11-05;20;1123
7;2025-11-05;21;663
7;2025-11-05;22;316
7;2025-11-05;23;190
7;2025-11-06;0;62
7;2025-11-06;1;12
7;2025-11-06;2;0
7;2025-11-06;3;0
7;2025-11-06;4;1
7;2025-11-06;5;206
7;2025-11-06;6;760
7;2025-11-06;7;1750
7;2025-11-06;8;2666
7;2025-11-06;9;2034
7;2025-11-06;10;1725
7;2025-11-06;11;1528
7;2025-11-06;12;1620
7;2025-11-06;13;1580
7;2025-11-06;14;1682
7;2025-11-06;15;1835
7;2025-11-06;16;1955
7;2025-11-06;17;2516
7;2025-11-06;18;2772
7;2025-11-06;19;1857
7;2025-11-06;20;1123
7;2025-11-06;21;663
7;2025-11-06;22;316
7;2025-11-06;23;190
7;2025-11-07;0;68
7;2025-11-07;1;12
7;2025-11-07;2;0
7;2025-11-07;3;0
7;2025-11-07;4;1
7;2025-11-07;5;193
7;2025-11-07;6;703
7;2025-11-07;7;1634
7;2025-11-07;8;2397
7;2025-11-07;9;1858
7;2025-11-07;10;1695
7;2025-11-07;11;1590
7;2025-11-07;12;1635
7;2025-11-07;13;1726
7;2025-11-07;14;1796
7;2025-11-07;15;1909
7;2025-11-07;16;2234
7;2025-11-07;17;2411
7;2025-11-07;18;2170
7;2025-11-07;19;1576
7;2025-11-07;20;1047
7;2025-11-07;21;643
7;2025-11-07;22;348
7;2025-11-07;23;232
7;2025-11-08;0;121
7;2025-11-08;1;27
7;2025-11-08;2;0
7;2025-11-08;3;0
7;2025-11-08;4;1
7;2025-11-08;5;49
7;2025-11-08;6;266
7;2025-11-08;7;296
7;2025-11-08;8;706
7;2025-11-08;9;570
7;2025-11-08;10;633
7;2025-11-08;11;671
7;2025-11-08;12;934
7;2025-11-08;13;879
7;2025-11-08;14;839
7;2025-11-08;15;823
7;2025-11-08;16;823
7;2025-11-08;17;810
7;2025-11-08;18;761
7;2025-11-08;19;602
7;2025-11-08;20;534
7;2025-11-08;21;373
7;2025-11-08;22;210
7;2025-11-08;23;171
7;2025-11-09;0;104
7;2025-11-09;1;25
7;2025-11-09;2;0
7;2025-11-09;3;0
7;2025-11-09;4;1
7;2025-11-09;5;30
7;2025-11-09;6;130
7;2025-11-09;7;175
7;2025-11-09;8;394
7;2025-11-09;9;522
7;2025-11-09;10;404
7;2025-11-09;11;601
7;2025-11-09;12;649
7;2025-11-09;13;645
7;2025-11-09;14;674
7;2025-11-09;15;730
7;2025-11-09;16;629
7;2025-11-09;17;639
7;2025-11-09;18;664
7;2025-11-09;19;491
7;2025-11-09;20;406
7;2025-11-09;21;298
7;2025-11-09;22;154
7;2025-11-09;23;123
7;2025-11-10;0;60
7;2025-11-10;1;12
7;2025-11-10;2;0
7;2025-11-10;3;0
7;2025-11-10;4;1
7;2025-11-10;5;200
7;2025-11-10;6;740
7;2025-11-10;7;1703
7;2025-11-10;8;2595
7;2025-11-10;9;1979
7;2025-11-10;10;1679
7;2025-11-10;11;1487
7;2025-11-10;12;1576
7;2025-11-10;13;1538
7;2025-11-10;14;1637
7;2025-11-10;15;1786
7;2025-11-10;16;1903
7;2025-11-10;17;2448
7;2025-11-10;18;2698
7;2025-11-10;19;1807
7;2025-11-10;20;1093
7;2025-11-10;21;645
7;2025-11-10;22;308
7;2025-11-10;23;185
7;2025-11-11;0;62
7;2025-11-11;1;12
7;2025-11-11;2;0
7;2025-11-11;3;0
7;2025-11-11;4;1
7;2025-11-11;5;206
7;2025-11-11;6;760
7;2025-11-11;7;1750
7;2025-11-11;8;2666
7;2025-11-11;9;2034
7;2025-11-11;10;1725
7;2025-11-11;11;1528
7;2025-11-11;12;1620
7;2025-11-11;13;1580
7;2025-11-11;14;1682
7;2025-11-11;15;1835
7;2025-11-11;16;1955
7;2025-11-11;17;2516
7;2025-11-11;18;2772
7;2025-11-11;19;1857
7;2025-11-11;20;1123
7;2025-11-11;21;663
7;2025-11-11;22;316
7;2025-11-11;23;190
7;2025-11-12;0;62
7;2025-11-12;1;12
7;2025-11-12;2;0
7;2025-11-12;3;0
7;2025-11-12;4;1
7;2025-11-12;5;206
7;2025-11-12;6;760
7;2025-11-12;7;1750
7;2025-11-12;8;2666
7;2025-11-12;9;2034
7;2025-11-12;10;1725
7;2025-11-12;11;1528
7;2025-11-12;12;1620
7;2025-11-12;13;1580
7;2025-11-12;14;1682
7;2025-11-12;15;1835
7;2025-11-12;16;1955
7;2025-11-12;17;2516
7;2025-11-12;18;2772
7;2025-11-12;19;1857
7;2025-11-12;20;1123
7;2025-11-12;21;663
7;2025-11-12;22;316
7;2025-11-12;23;190
7;2025-11-13;0;62
7;2025-11-13;1;12
7;2025-11-13;2;0
7;2025-11-13;3;0
7;2025-11-13;4;1
7;2025-11-13;5;206
7;2025-11-13;6;760
7;2025-11-13;7;1750
7;2025-11-13;8;2666
7;2025-11-13;9;2034
7;2025-11-13;10;1725
7;2025-11-13;11;1528
7;2025-11-13;12;1620
7;2025-11-13;13;1580
7;2025-11-13;14;1682
7;2025-11-13;15;1835
7;2025-11-13;16;1955
7;2025-11-13;17;2516
7;2025-11-13;18;2772
7;2025-11-13;19;1857
7;2025-11-13;20;1123
7;2025-11-13;21;663
7;2025-11-13;22;316
7;2025-11-13;23;190
7;2025-11-14;0;68
7;2025-11-14;1;12
7;2025-11-14;2;0
7;2025-11-14;3;0
7;2025-11-14;4;1
7;2025-11-14;5;193
7;2025-11-14;6;703
7;2025-11-14;7;1634
7;2025-11-14;8;2397
7;2025-11-14;9;1858
7;2025-11-14;10;1695
7;2025-11-14;11;1590
7;2025-11-14;12;1635
7;2025-11-14;13;1726
7;2025-11-14;14;1796
7;2025-11-14;15;1909
7;2025-11-14;16;2234
7;2025-11-14;17;2411
7;2025-11-14;18;2170
7;2025-11-14;19;1576
7;2025-11-14;20;1047
7;2025-11-14;21;643
7;2025-11-14;22;348
7;2025-11-14;23;232
7;2025-11-15;0;99
7;2025-11-15;1;29
7;2025-11-15;2;0
7;2025-11-15;3;0
7;2025-11-15;4;1
7;2025-11-15;5;54
7;2025-11-15;6;343
7;2025-11-15;7;518
7;2025-11-15;8;846
7;2025-11-15;9;1024
7;2025-11-15;10;1071
7;2025-11-15;11;1357
7;2025-11-15;12;1537
7;2025-11-15;13;1503
7;2025-11-15;14;1608
7;2025-11-15;15;1433
7;2025-11-15;16;1406
7;2025-11-15;17;1339
7;2025-11-15;18;1255
7;2025-11-15;19;1195
7;2025-11-15;20;943
7;2025-11-15;21;708
7;2025-11-15;22;375
7;2025-11-15;23;242
7;2025-11-16;0;107
7;2025-11-16;1;24
7;2025-11-16;2;0
7;2025-11-16;3;0
7;2025-11-16;4;0
7;2025-11-16;5;44
7;2025-11-16;6;243
7;2025-11-16;7;343
7;2025-11-16;8;567
7;2025-11-16;9;711
7;2025-11-16;10;843
7;2025-11-16;11;1111
7;2025-11-16;12;1227
7;2025-11-16;13;1294
7;2025-11-16;14;1355
7;2025-11-16;15;1293
7;2025-11-16;16;1212
7;2025-11-16;17;1217
7;2025-11-16;18;1018
7;2025-11-16;19;856
7;2025-11-16;20;750
7;2025-11-16;21;569
7;2025-11-16;22;318
7;2025-11-16;23;175
7;2025-11-17;0;60
7;2025-11-17;1;12
7;2025-11-17;2;0
7;2025-11-17;3;0
7;2025-11-17;4;1
7;2025-11-17;5;200
7;2025-11-17;6;740
7;2025-11-17;7;1703
7;2025-11-17;8;2595
7;2025-11-17;9;1979
7;2025-11-17;10;1679
7;2025-11-17;11;1487
7;2025-11-17;12;1576
7;2025-11-17;13;1538
7;2025-11-17;14;1637
7;2025-11-17;15;1786
7;2025-11-17;16;1903
7;2025-11-17;17;2448
7;2025-11-17;18;2698
7;2025-11-17;19;1807
7;2025-11-17;20;1093
7;2025-11-17;21;645
7;2025-11-17;22;308
7;2025-11-17;23;185
7;2025-11-18;0;62
7;2025-11-18;1;12
7;2025-11-18;2;0
7;2025-11-18;3;0
7;2025-11-18;4;1
7;2025-11-18;5;206
7;2025-11-18;6;760
7;2025-11-18;7;1750
7;2025-11-18;8;2666
7;2025-11-18;9;2034
7;2025-11-18;10;1725
7;2025-11-18;11;1528
7;2025-11-18;12;1620
7;2025-11-18;13;1580
7;2025-11-18;14;1682
7;2025-11-18;15;1835
7;2025-11-18;16;1955
7;2025-11-18;17;2516
7;2025-11-18;18;2772
7;2025-11-18;19;1857
7;2025-11-18;20;1123
7;2025-11-18;21;663
7;2025-11-18;22;316
7;2025-11-18;23;190
7;2025-11-19;0;62
7;2025-11-19;1;12
7;2025-11-19;2;0
7;2025-11-19;3;0
7;2025-11-19;4;1
7;2025-11-19;5;206
7;2025-11-19;6;760
7;2025-11-19;7;1750
7;2025-11-19;8;2666
7;2025-11-19;9;2034
7;2025-11-19;10;1725
7;2025-11-19;11;1528
7;2025-11-19;12;1620
7;2025-11-19;13;1580
7;2025-11-19;14;1682
7;2025-11-19;15;1835
7;2025-11-19;16;1955
7;2025-11-19;17;2516
7;2025-11-19;18;2772
7;2025-11-19;19;1857
7;2025-11-19;20;1123
7;2025-11-19;21;663
7;2025-11-19;22;316
7;2025-11-19;23;190
7;2025-11-20;0;62
7;2025-11-20;1;12
7;2025-11-20;2;0
7;2025-11-20;3;0
7;2025-11-20;4;1
7;2025-11-20;5;206
7;2025-11-20;6;760
7;2025-11-20;7;1750
7;2025-11-20;8;2666
7;2025-11-20;9;2034
7;2025-11-20;10;1725
7;2025-11-20;11;1528
7;2025-11-20;12;1620
7;2025-11-20;13;1580
7;2025-11-20;14;1682
7;2025-11-20;15;1835
7;2025-11-20;16;1955
7;2025-11-20;17;2516
7;2025-11-20;18;2772
7;2025-11-20;19;1857
7;2025-11-20;20;1123
7;2025-11-20;21;663
7;2025-11-20;22;316
7;2025-11-20;23;190
7;2025-11-21;0;68
7;2025-11-21;1;12
7;2025-11-21;2;0
7;2025-11-21;3;0
7;2025-11-21;4;1
7;2025-11-21;5;193
7;2025-11-21;6;703
7;2025-11-21;7;1634
7;2025-11-21;8;2397
7;2025-11-21;9;1858
7;2025-11-21;10;1695
7;2025-11-21;11;1590
7;2025-11-21;12;1635
7;2025-11-21;13;1726
7;2025-11-21;14;1796
7;2025-11-21;15;1909
7;2025-11-21;16;2234
7;2025-11-21;17;2411
7;2025-11-21;18;2170
7;2025-11-21;19;1576
7;2025-11-21;20;1047
7;2025-11-21;21;643
7;2025-11-21;22;348
7;2025-11-21;23;232
7;2025-11-22;0;99
7;2025-11-22;1;29
7;2025-11-22;2;0
7;2025-11-22;3;0
7;2025-11-22;4;1
7;2025-11-22;5;54
7;2025-11-22;6;343
7;2025-11-22;7;518
7;2025-11-22;8;846
7;2025-11-22;9;1024
7;2025-11-22;10;1071
7;2025-11-22;11;1357
7;2025-11-22;12;1537
7;2025-11-22;13;1503
7;2025-11-22;14;1608
7;2025-11-22;15;1433
7;2025-11-22;16;1406
7;2025-11-22;17;1339
7;2025-11-22;18;1255
7;2025-11-22;19;1195
7;2025-11-22;20;943
7;2025-11-22;21;708
7;2025-11-22;22;375
7;2025-11-22;23;242
7;2025-11-23;0;107
7;2025-11-23;1;24
7;2025-11-23;2;0
7;2025-11-23;3;0
7;2025-11-23;4;0
7;2025-11-23;5;44
7;2025-11-23;6;243
7;2025-11-23;7;343
7;2025-11-23;8;567
7;2025-11-23;9;711
7;2025-11-23;10;843
7;2025-11-23;11;1111
7;2025-11-23;12;1227
7;2025-11-23;13;1294
7;2025-11-23;14;1355
7;2025-11-23;15;1293
7;2025-11-23;16;1212
7;2025-11-23;17;1217
7;2025-11-23;18;1018
7;2025-11-23;19;856
7;2025-11-23;20;750
7;2025-11-23;21;569
7;2025-11-23;22;318
7;2025-11-23;23;175
7;2025-11-24;0;60
7;2025-11-24;1;12
7;2025-11-24;2;0
7;2025-11-24;3;0
7;2025-11-24;4;1
7;2025-11-24;5;200
7;2025-11-24;6;740
7;2025-11-24;7;1703
7;2025-11-24;8;2595
7;2025-11-24;9;1979
7;2025-11-24;10;1679
7;2025-11-24;11;1487
7;2025-11-24;12;1576
7;2025-11-24;13;1538
7;2025-11-24;14;1637
7;2025-11-24;15;1786
7;2025-11-24;16;1903
7;2025-11-24;17;2448
7;2025-11-24;18;2698
7;2025-11-24;19;1807
7;2025-11-24;20;1093
7;2025-11-24;21;645
7;2025-11-24;22;308
7;2025-11-24;23;185
7;2025-11-25;0;62
7;2025-11-25;1;12
7;2025-11-25;2;0
7;2025-11-25;3;0
7;2025-11-25;4;1
7;2025-11-25;5;206
7;2025-11-25;6;760
7;2025-11-25;7;1750
7;2025-11-25;8;2666
7;2025-11-25;9;2034
7;2025-11-25;10;1725
7;2025-11-25;11;1528
7;2025-11-25;12;1620
7;2025-11-25;13;1580
7;2025-11-25;14;1682
7;2025-11-25;15;1835
7;2025-11-25;16;1955
7;2025-11-25;17;2516
7;2025-11-25;18;2772
7;2025-11-25;19;1857
7;2025-11-25;20;1123
7;2025-11-25;21;663
7;2025-11-25;22;316
7;2025-11-25;23;190
7;2025-11-26;0;62
7;2025-11-26;1;12
7;2025-11-26;2;0
7;2025-11-26;3;0
7;2025-11-26;4;1
7;2025-11-26;5;206
7;2025-11-26;6;760
7;2025-11-26;7;1750
7;2025-11-26;8;2666
7;2025-11-26;9;2034
7;2025-11-26;10;1725
7;2025-11-26;11;1528
7;2025-11-26;12;1620
7;2025-11-26;13;1580
7;2025-11-26;14;1682
7;2025-11-26;15;1835
7;2025-11-26;16;1955
7;2025-11-26;17;2516
7;2025-11-26;18;2772
7;2025-11-26;19;1857
7;2025-11-26;20;1123
7;2025-11-26;21;663
7;2025-11-26;22;316
7;2025-11-26;23;190
7;2025-11-27;0;62
7;2025-11-27;1;12
7;2025-11-27;2;0
7;2025-11-27;3;0
7;2025-11-27;4;1
7;2025-11-27;5;206
7;2025-11-27;6;760
7;2025-11-27;7;1750
7;2025-11-27;8;2666
7;2025-11-27;9;2034
7;2025-11-27;10;1725
7;2025-11-27;11;1528
7;2025-11-27;12;1620
7;2025-11-27;13;1580
7;2025-11-27;14;1682
7;2025-11-27;15;1835
7;2025-11-27;16;1955
7;2025-11-27;17;2516
7;2025-11-27;18;2772
7;2025-11-27;19;1857
7;2025-11-27;20;1123
7;2025-11-27;21;663
7;2025-11-27;22;316
7;2025-11-27;23;190
7;2025-11-28;0;68
7;2025-11-28;1;12
7;2025-11-28;2;0
7;2025-11-28;3;0
7;2025-11-28;4;1
7;2025-11-28;5;193
7;2025-11-28;6;703
7;2025-11-28;7;1634
7;2025-11-28;8;2397
7;2025-11-28;9;1858
7;2025-11-28;10;1695
7;2025-11-28;11;1590
7;2025-11-28;12;1635
7;2025-11-28;13;1726
7;2025-11-28;14;1796
7;2025-11-28;15;1909
7;2025-11-28;16;2234
7;2025-11-28;17;2411
7;2025-11-28;18;2170
7;2025-11-28;19;1576
7;2025-11-28;20;1047
7;2025-11-28;21;643
7;2025-11-28;22;348
7;2025-11-28;23;232
7;2025-11-29;0;99
7;2025-11-29;1;29
7;2025-11-29;2;0
7;2025-11-29;3;0
7;2025-11-29;4;1
7;2025-11-29;5;54
7;2025-11-29;6;343
7;2025-11-29;7;518
7;2025-11-29;8;846
7;2025-11-29;9;1024
7;2025-11-29;10;1071
7;2025-11-29;11;1357
7;2025-11-29;12;1537
7;2025-11-29;13;1503
7;2025-11-29;14;1608
7;2025-11-29;15;1433
7;2025-11-29;16;1406
7;2025-11-29;17;1339
7;2025-11-29;18;1255
7;2025-11-29;19;1195
7;2025-11-29;20;943
7;2025-11-29;21;708
7;2025-11-29;22;375
7;2025-11-29;23;242
7;2025-11-30;0;107
7;2025-11-30;1;24
7;2025-11-30;2;0
7;2025-11-30;3;0
7;2025-11-30;4;0
7;2025-11-30;5;44
7;2025-11-30;6;243
7;2025-11-30;7;343
7;2025-11-30;8;567
7;2025-11-30;9;711
7;2025-11-30;10;843
7;2025-11-30;11;1111
7;2025-11-30;12;1227
7;2025-11-30;13;1294
7;2025-11-30;14;1355
7;2025-11-30;15;1293
7;2025-11-30;16;1212
7;2025-11-30;17;1217
7;2025-11-30;18;1018
7;2025-11-30;19;856
7;2025-11-30;20;750
7;2025-11-30;21;569
7;2025-11-30;22;318
7;2025-11-30;23;175
7;2025-12-01;0;59
7;2025-12-01;1;11
7;2025-12-01;2;0
7;2025-12-01;3;0
7;2025-12-01;4;1
7;2025-12-01;5;198
7;2025-12-01;6;751
7;2025-12-01;7;1681
7;2025-12-01;8;2551
7;2025-12-01;9;1956
7;2025-12-01;10;1641
7;2025-12-01;11;1435
7;2025-12-01;12;1515
7;2025-12-01;13;1494
7;2025-12-01;14;1600
7;2025-12-01;15;1746
7;2025-12-01;16;1869
7;2025-12-01;17;2400
7;2025-12-01;18;2652
7;2025-12-01;19;1789
7;2025-12-01;20;1070
7;2025-12-01;21;631
7;2025-12-01;22;301
7;2025-12-01;23;179
7;2025-12-02;0;60
7;2025-12-02;1;12
7;2025-12-02;2;0
7;2025-12-02;3;0
7;2025-12-02;4;1
7;2025-12-02;5;204
7;2025-12-02;6;772
7;2025-12-02;7;1727
7;2025-12-02;8;2622
7;2025-12-02;9;2010
7;2025-12-02;10;1686
7;2025-12-02;11;1475
7;2025-12-02;12;1557
7;2025-12-02;13;1535
7;2025-12-02;14;1644
7;2025-12-02;15;1794
7;2025-12-02;16;1920
7;2025-12-02;17;2466
7;2025-12-02;18;2725
7;2025-12-02;19;1838
7;2025-12-02;20;1100
7;2025-12-02;21;649
7;2025-12-02;22;309
7;2025-12-02;23;184
7;2025-12-03;0;60
7;2025-12-03;1;12
7;2025-12-03;2;0
7;2025-12-03;3;0
7;2025-12-03;4;1
7;2025-12-03;5;204
7;2025-12-03;6;772
7;2025-12-03;7;1727
7;2025-12-03;8;2622
7;2025-12-03;9;2010
7;2025-12-03;10;1686
7;2025-12-03;11;1475
7;2025-12-03;12;1557
7;2025-12-03;13;1535
7;2025-12-03;14;1644
7;2025-12-03;15;1794
7;2025-12-03;16;1920
7;2025-12-03;17;2466
7;2025-12-03;18;2725
7;2025-12-03;19;1838
7;2025-12-03;20;1100
7;2025-12-03;21;649
7;2025-12-03;22;309
7;2025-12-03;23;184
7;2025-12-04;0;60
7;2025-12-04;1;12
7;2025-12-04;2;0
7;2025-12-04;3;0
7;2025-12-04;4;1
7;2025-12-04;5;204
7;2025-12-04;6;772
7;2025-12-04;7;1727
7;2025-12-04;8;2622
7;2025-12-04;9;2010
7;2025-12-04;10;1686
7;2025-12-04;11;1475
7;2025-12-04;12;1557
7;2025-12-04;13;1535
7;2025-12-04;14;1644
7;2025-12-04;15;1794
7;2025-12-04;16;1920
7;2025-12-04;17;2466
7;2025-12-04;18;2725
7;2025-12-04;19;1838
7;2025-12-04;20;1100
7;2025-12-04;21;649
7;2025-12-04;22;309
7;2025-12-04;23;184
7;2025-12-05;0;64
7;2025-12-05;1;11
7;2025-12-05;2;0
7;2025-12-05;3;0
7;2025-12-05;4;1
7;2025-12-05;5;192
7;2025-12-05;6;704
7;2025-12-05;7;1614
7;2025-12-05;8;2353
7;2025-12-05;9;1840
7;2025-12-05;10;1639
7;2025-12-05;11;1545
7;2025-12-05;12;1580
7;2025-12-05;13;1684
7;2025-12-05;14;1755
7;2025-12-05;15;1858
7;2025-12-05;16;2195
7;2025-12-05;17;2358
7;2025-12-05;18;2141
7;2025-12-05;19;1573
7;2025-12-05;20;1029
7;2025-12-05;21;634
7;2025-12-05;22;342
7;2025-12-05;23;222
7;2025-12-06;0;97
7;2025-12-06;1;28
7;2025-12-06;2;0
7;2025-12-06;3;0
7;2025-12-06;4;1
7;2025-12-06;5;53
7;2025-12-06;6;336
7;2025-12-06;7;508
7;2025-12-06;8;830
7;2025-12-06;9;1004
7;2025-12-06;10;1050
7;2025-12-06;11;1331
7;2025-12-06;12;1507
7;2025-12-06;13;1473
7;2025-12-06;14;1576
7;2025-12-06;15;1405
7;2025-12-06;16;1378
7;2025-12-06;17;1313
7;2025-12-06;18;1230
7;2025-12-06;19;1171
7;2025-12-06;20;925
7;2025-12-06;21;694
7;2025-12-06;22;368
7;2025-12-06;23;237
7;2025-12-07;0;105
7;2025-12-07;1;24
7;2025-12-07;2;0
7;2025-12-07;3;0
7;2025-12-07;4;0
7;2025-12-07;5;43
7;2025-12-07;6;239
7;2025-12-07;7;337
7;2025-12-07;8;556
7;2025-12-07;9;697
7;2025-12-07;10;826
7;2025-12-07;11;1089
7;2025-12-07;12;1203
7;2025-12-07;13;1269
7;2025-12-07;14;1329
7;2025-12-07;15;1268
7;2025-12-07;16;1188
7;2025-12-07;17;1193
7;2025-12-07;18;998
7;2025-12-07;19;840
7;2025-12-07;20;735
7;2025-12-07;21;558
7;2025-12-07;22;312
7;2025-12-07;23;171
7;2025-12-08;0;59
7;2025-12-08;1;11
7;2025-12-08;2;0
7;2025-12-08;3;0
7;2025-12-08;4;1
7;2025-12-08;5;198
7;2025-12-08;6;751
7;2025-12-08;7;1681
7;2025-12-08;8;2551
7;2025-12-08;9;1956
7;2025-12-08;10;1641
7;2025-12-08;11;1435
7;2025-12-08;12;1515
7;2025-12-08;13;1494
7;2025-12-08;14;1600
7;2025-12-08;15;1746
7;2025-12-08;16;1869
7;2025-12-08;17;2400
7;2025-12-08;18;2652
7;2025-12-08;19;1789
7;2025-12-08;20;1070
7;2025-12-08;21;631
7;2025-12-08;22;301
7;2025-12-08;23;179
7;2025-12-09;0;60
7;2025-12-09;1;12
7;2025-12-09;2;0
7;2025-12-09;3;0
7;2025-12-09;4;1
7;2025-12-09;5;204
7;2025-12-09;6;772
7;2025-12-09;7;1727
7;2025-12-09;8;2622
7;2025-12-09;9;2010
7;2025-12-09;10;1686
7;2025-12-09;11;1475
7;2025-12-09;12;1557
7;2025-12-09;13;1535
7;2025-12-09;14;1644
7;2025-12-09;15;1794
7;2025-12-09;16;1920
7;2025-12-09;17;2466
7;2025-12-09;18;2725
7;2025-12-09;19;1838
7;2025-12-09;20;1100
7;2025-12-09;21;649
7;2025-12-09;22;309
7;2025-12-09;23;184
7;2025-12-10;0;60
7;2025-12-10;1;12
7;2025-12-10;2;0
7;2025-12-10;3;0
7;2025-12-10;4;1
7;2025-12-10;5;204
7;2025-12-10;6;772
7;2025-12-10;7;1727
7;2025-12-10;8;2622
7;2025-12-10;9;2010
7;2025-12-10;10;1686
7;2025-12-10;11;1475
7;2025-12-10;12;1557
7;2025-12-10;13;1535
7;2025-12-10;14;1644
7;2025-12-10;15;1794
7;2025-12-10;16;1920
7;2025-12-10;17;2466
7;2025-12-10;18;2725
7;2025-12-10;19;1838
7;2025-12-10;20;1100
7;2025-12-10;21;649
7;2025-12-10;22;309
7;2025-12-10;23;184
7;2025-12-11;0;60
7;2025-12-11;1;12
7;2025-12-11;2;0
7;2025-12-11;3;0
7;2025-12-11;4;1
7;2025-12-11;5;204
7;2025-12-11;6;772
7;2025-12-11;7;1727
7;2025-12-11;8;2622
7;2025-12-11;9;2010
7;2025-12-11;10;1686
7;2025-12-11;11;1475
7;2025-12-11;12;1557
7;2025-12-11;13;1535
7;2025-12-11;14;1644
7;2025-12-11;15;1794
7;2025-12-11;16;1920
7;2025-12-11;17;2466
7;2025-12-11;18;2725
7;2025-12-11;19;1838
7;2025-12-11;20;1100
7;2025-12-11;21;649
7;2025-12-11;22;309
7;2025-12-11;23;184
7;2025-12-12;0;64
7;2025-12-12;1;11
7;2025-12-12;2;0
7;2025-12-12;3;0
7;2025-12-12;4;1
7;2025-12-12;5;192
7;2025-12-12;6;704
7;2025-12-12;7;1614
7;2025-12-12;8;2353
7;2025-12-12;9;1840
7;2025-12-12;10;1639
7;2025-12-12;11;1545
7;2025-12-12;12;1580
7;2025-12-12;13;1684
7;2025-12-12;14;1755
7;2025-12-12;15;1858
7;2025-12-12;16;2195
7;2025-12-12;17;2358
7;2025-12-12;18;2141
7;2025-12-12;19;1573
7;2025-12-12;20;1029
7;2025-12-12;21;634
7;2025-12-12;22;342
7;2025-12-12;23;222
7;2025-12-13;0;97
7;2025-12-13;1;28
7;2025-12-13;2;0
7;2025-12-13;3;0
7;2025-12-13;4;1
7;2025-12-13;5;53
7;2025-12-13;6;336
7;2025-12-13;7;508
7;2025-12-13;8;830
7;2025-12-13;9;1004
7;2025-12-13;10;1050
7;2025-12-13;11;1331
7;2025-12-13;12;1507
7;2025-12-13;13;1473
7;2025-12-13;14;1576
7;2025-12-13;15;1405
7;2025-12-13;16;1378
7;2025-12-13;17;1313
7;2025-12-13;18;1230
7;2025-12-13;19;1171
7;2025-12-13;20;925
7;2025-12-13;21;694
7;2025-12-13;22;368
7;2025-12-13;23;237
7;2025-12-14;0;105
7;2025-12-14;1;24
7;2025-12-14;2;0
7;2025-12-14;3;0
7;2025-12-14;4;0
7;2025-12-14;5;43
7;2025-12-14;6;239
7;2025-12-14;7;337
7;2025-12-14;8;556
7;2025-12-14;9;697
7;2025-12-14;10;826
7;2025-12-14;11;1089
7;2025-12-14;12;1203
7;2025-12-14;13;1269
7;2025-12-14;14;1329
7;2025-12-14;15;1268
7;2025-12-14;16;1188
7;2025-12-14;17;1193
7;2025-12-14;18;998
7;2025-12-14;19;840
7;2025-12-14;20;735
7;2025-12-14;21;558
7;2025-12-14;22;312
7;2025-12-14;23;171
7;2025-12-15;0;59
7;2025-12-15;1;11
7;2025-12-15;2;0
7;2025-12-15;3;0
7;2025-12-15;4;1
7;2025-12-15;5;198
7;2025-12-15;6;751
7;2025-12-15;7;1681
7;2025-12-15;8;2551
7;2025-12-15;9;1956
7;2025-12-15;10;1641
7;2025-12-15;11;1435
7;2025-12-15;12;1515
7;2025-12-15;13;1494
7;2025-12-15;14;1600
7;2025-12-15;15;1746
7;2025-12-15;16;1869
7;2025-12-15;17;2400
7;2025-12-15;18;2652
7;2025-12-15;19;1789
7;2025-12-15;20;1070
7;2025-12-15;21;631
7;2025-12-15;22;301
7;2025-12-15;23;179
7;2025-12-16;0;60
7;2025-12-16;1;12
7;2025-12-16;2;0
7;2025-12-16;3;0
7;2025-12-16;4;1
7;2025-12-16;5;204
7;2025-12-16;6;772
7;2025-12-16;7;1727
7;2025-12-16;8;2622
7;2025-12-16;9;2010
7;2025-12-16;10;1686
7;2025-12-16;11;1475
7;2025-12-16;12;1557
7;2025-12-16;13;1535
7;2025-12-16;14;1644
7;2025-12-16;15;1794
7;2025-12-16;16;1920
7;2025-12-16;17;2466
7;2025-12-16;18;2725
7;2025-12-16;19;1838
7;2025-12-16;20;1100
7;2025-12-16;21;649
7;2025-12-16;22;309
7;2025-12-16;23;184
7;2025-12-17;0;60
7;2025-12-17;1;12
7;2025-12-17;2;0
7;2025-12-17;3;0
7;2025-12-17;4;1
7;2025-12-17;5;204
7;2025-12-17;6;772
7;2025-12-17;7;1727
7;2025-12-17;8;2622
7;2025-12-17;9;2010
7;2025-12-17;10;1686
7;2025-12-17;11;1475
7;2025-12-17;12;1557
7;2025-12-17;13;1535
7;2025-12-17;14;1644
7;2025-12-17;15;1794
7;2025-12-17;16;1920
7;2025-12-17;17;2466
7;2025-12-17;18;2725
7;2025-12-17;19;1838
7;2025-12-17;20;1100
7;2025-12-17;21;649
7;2025-12-17;22;309
7;2025-12-17;23;184
7;2025-12-18;0;60
7;2025-12-18;1;12
7;2025-12-18;2;0
7;2025-12-18;3;0
7;2025-12-18;4;1
7;2025-12-18;5;204
7;2025-12-18;6;772
7;2025-12-18;7;1727
7;2025-12-18;8;2622
7;2025-12-18;9;2010
7;2025-12-18;10;1686
7;2025-12-18;11;1475
7;2025-12-18;12;1557
7;2025-12-18;13;1535
7;2025-12-18;14;1644
7;2025-12-18;15;1794
7;2025-12-18;16;1920
7;2025-12-18;17;2466
7;2025-12-18;18;2725
7;2025-12-18;19;1838
7;2025-12-18;20;1100
7;2025-12-18;21;649
7;2025-12-18;22;309
7;2025-12-18;23;184
7;2025-12-19;0;64
7;2025-12-19;1;11
7;2025-12-19;2;0
7;2025-12-19;3;0
7;2025-12-19;4;1
7;2025-12-19;5;192
7;2025-12-19;6;704
7;2025-12-19;7;1614
7;2025-12-19;8;2353
7;2025-12-19;9;1840
7;2025-12-19;10;1639
7;2025-12-19;11;1545
7;2025-12-19;12;1580
7;2025-12-19;13;1684
7;2025-12-19;14;1755
7;2025-12-19;15;1858
7;2025-12-19;16;2195
7;2025-12-19;17;2358
7;2025-12-19;18;2141
7;2025-12-19;19;1573
7;2025-12-19;20;1029
7;2025-12-19;21;634
7;2025-12-19;22;342
7;2025-12-19;23;222
7;2025-12-20;0;97
7;2025-12-20;1;28
7;2025-12-20;2;0
7;2025-12-20;3;0
7;2025-12-20;4;1
7;2025-12-20;5;53
7;2025-12-20;6;336
7;2025-12-20;7;508
7;2025-12-20;8;830
7;2025-12-20;9;1004
7;2025-12-20;10;1050
7;2025-12-20;11;1331
7;2025-12-20;12;1507
7;2025-12-20;13;1473
7;2025-12-20;14;1576
7;2025-12-20;15;1405
7;2025-12-20;16;1378
7;2025-12-20;17;1313
7;2025-12-20;18;1230
7;2025-12-20;19;1171
7;2025-12-20;20;925
7;2025-12-20;21;694
7;2025-12-20;22;368
7;2025-12-20;23;237
7;2025-12-21;0;105
7;2025-12-21;1;24
7;2025-12-21;2;0
7;2025-12-21;3;0
7;2025-12-21;4;0
7;2025-12-21;5;43
7;2025-12-21;6;239
7;2025-12-21;7;337
7;2025-12-21;8;556
7;2025-12-21;9;697
7;2025-12-21;10;826
7;2025-12-21;11;1089
7;2025-12-21;12;1203
7;2025-12-21;13;1269
7;2025-12-21;14;1329
7;2025-12-21;15;1268
7;2025-12-21;16;1188
7;2025-12-21;17;1193
7;2025-12-21;18;998
7;2025-12-21;19;840
7;2025-12-21;20;735
7;2025-12-21;21;558
7;2025-12-21;22;312
7;2025-12-21;23;171
7;2025-12-22;0;59
7;2025-12-22;1;11
7;2025-12-22;2;0
7;2025-12-22;3;0
7;2025-12-22;4;1
7;2025-12-22;5;198
7;2025-12-22;6;751
7;2025-12-22;7;1681
7;2025-12-22;8;2551
7;2025-12-22;9;1956
7;2025-12-22;10;1641
7;2025-12-22;11;1435
7;2025-12-22;12;1515
7;2025-12-22;13;1494
7;2025-12-22;14;1600
7;2025-12-22;15;1746
7;2025-12-22;16;1869
7;2025-12-22;17;2400
7;2025-12-22;18;2652
7;2025-12-22;19;1789
7;2025-12-22;20;1070
7;2025-12-22;21;631
7;2025-12-22;22;301
7;2025-12-22;23;179
7;2025-12-23;0;60
7;2025-12-23;1;12
7;2025-12-23;2;0
7;2025-12-23;3;0
7;2025-12-23;4;1
7;2025-12-23;5;204
7;2025-12-23;6;772
7;2025-12-23;7;1727
7;2025-12-23;8;2622
7;2025-12-23;9;2010
7;2025-12-23;10;1686
7;2025-12-23;11;1475
7;2025-12-23;12;1557
7;2025-12-23;13;1535
7;2025-12-23;14;1644
7;2025-12-23;15;1794
7;2025-12-23;16;1920
7;2025-12-23;17;2466
7;2025-12-23;18;2725
7;2025-12-23;19;1838
7;2025-12-23;20;1100
7;2025-12-23;21;649
7;2025-12-23;22;309
7;2025-12-23;23;184
7;2025-12-24;0;60
7;2025-12-24;1;12
7;2025-12-24;2;0
7;2025-12-24;3;0
7;2025-12-24;4;1
7;2025-12-24;5;204
7;2025-12-24;6;772
7;2025-12-24;7;1727
7;2025-12-24;8;2622
7;2025-12-24;9;2010
7;2025-12-24;10;1686
7;2025-12-24;11;1475
7;2025-12-24;12;1557
7;2025-12-24;13;1535
7;2025-12-24;14;1644
7;2025-12-24;15;1794
7;2025-12-24;16;1920
7;2025-12-24;17;2466
7;2025-12-24;18;2725
7;2025-12-24;19;1838
7;2025-12-24;20;1100
7;2025-12-24;21;649
7;2025-12-24;22;309
7;2025-12-24;23;184
7;2025-12-25;0;60
7;2025-12-25;1;12
7;2025-12-25;2;0
7;2025-12-25;3;0
7;2025-12-25;4;1
7;2025-12-25;5;204
7;2025-12-25;6;772
7;2025-12-25;7;1727
7;2025-12-25;8;2622
7;2025-12-25;9;2010
7;2025-12-25;10;1686
7;2025-12-25;11;1475
7;2025-12-25;12;1557
7;2025-12-25;13;1535
7;2025-12-25;14;1644
7;2025-12-25;15;1794
7;2025-12-25;16;1920
7;2025-12-25;17;2466
7;2025-12-25;18;2725
7;2025-12-25;19;1838
7;2025-12-25;20;1100
7;2025-12-25;21;649
7;2025-12-25;22;309
7;2025-12-25;23;184
7;2025-12-26;0;64
7;2025-12-26;1;11
7;2025-12-26;2;0
7;2025-12-26;3;0
7;2025-12-26;4;1
7;2025-12-26;5;192
7;2025-12-26;6;704
7;2025-12-26;7;1614
7;2025-12-26;8;2353
7;2025-12-26;9;1840
7;2025-12-26;10;1639
7;2025-12-26;11;1545
7;2025-12-26;12;1580
7;2025-12-26;13;1684
7;2025-12-26;14;1755
7;2025-12-26;15;1858
7;2025-12-26;16;2195
7;2025-12-26;17;2358
7;2025-12-26;18;2141
7;2025-12-26;19;1573
7;2025-12-26;20;1029
7;2025-12-26;21;634
7;2025-12-26;22;342
7;2025-12-26;23;222
7;2025-12-27;0;97
7;2025-12-27;1;28
7;2025-12-27;2;0
7;2025-12-27;3;0
7;2025-12-27;4;1
7;2025-12-27;5;53
7;2025-12-27;6;336
7;2025-12-27;7;508
7;2025-12-27;8;830
7;2025-12-27;9;1004
7;2025-12-27;10;1050
7;2025-12-27;11;1331
7;2025-12-27;12;1507
7;2025-12-27;13;1473
7;2025-12-27;14;1576
7;2025-12-27;15;1405
7;2025-12-27;16;1378
7;2025-12-27;17;1313
7;2025-12-27;18;1230
7;2025-12-27;19;1171
7;2025-12-27;20;925
7;2025-12-27;21;694
7;2025-12-27;22;368
7;2025-12-27;23;237
7;2025-12-28;0;105
7;2025-12-28;1;24
7;2025-12-28;2;0
7;2025-12-28;3;0
7;2025-12-28;4;0
7;2025-12-28;5;43
7;2025-12-28;6;239
7;2025-12-28;7;337
7;2025-12-28;8;556
7;2025-12-28;9;697
7;2025-12-28;10;826
7;2025-12-28;11;1089
7;2025-12-28;12;1203
7;2025-12-28;13;1269
7;2025-12-28;14;1329
7;2025-12-28;15;1268
7;2025-12-28;16;1188
7;2025-12-28;17;1193
7;2025-12-28;18;998
7;2025-12-28;19;840
7;2025-12-28;20;735
7;2025-12-28;21;558
7;2025-12-28;22;312
7;2025-12-28;23;171
7;2025-12-29;0;53
7;2025-12-29;1;10
7;2025-12-29;2;0
7;2025-12-29;3;0
7;2025-12-29;4;1
7;2025-12-29;5;179
7;2025-12-29;6;676
7;2025-12-29;7;1513
7;2025-12-29;8;2296
7;2025-12-29;9;1760
7;2025-12-29;10;1477
7;2025-12-29;11;1292
7;2025-12-29;12;1364
7;2025-12-29;13;1344
7;2025-12-29;14;1440
7;2025-12-29;15;1572
7;2025-12-29;16;1682
7;2025-12-29;17;2160
7;2025-12-29;18;2387
7;2025-12-29;19;1610
7;2025-12-29;20;963
7;2025-12-29;21;568
7;2025-12-29;22;271
7;2025-12-29;23;161
7;2025-12-30;0;51
7;2025-12-30;1;10
7;2025-12-30;2;0
7;2025-12-30;3;0
7;2025-12-30;4;1
7;2025-12-30;5;173
7;2025-12-30;6;656
7;2025-12-30;7;1468
7;2025-12-30;8;2228
7;2025-12-30;9;1708
7;2025-12-30;10;1433
7;2025-12-30;11;1253
7;2025-12-30;12;1323
7;2025-12-30;13;1304
7;2025-12-30;14;1398
7;2025-12-30;15;1525
7;2025-12-30;16;1632
7;2025-12-30;17;2096
7;2025-12-30;18;2316
7;2025-12-30;19;1562
7;2025-12-30;20;935
7;2025-12-30;21;552
7;2025-12-30;22;263
7;2025-12-30;23;156
7;2025-12-31;0;82
7;2025-12-31;1;24
7;2025-12-31;2;0
7;2025-12-31;3;0
7;2025-12-31;4;1
7;2025-12-31;5;45
7;2025-12-31;6;286
7;2025-12-31;7;431
7;2025-12-31;8;705
7;2025-12-31;9;854
7;2025-12-31;10;893
7;2025-12-31;11;1131
7;2025-12-31;12;1281
7;2025-12-31;13;1252
7;2025-12-31;14;1340
7;2025-12-31;15;1194
7;2025-12-31;16;1172
7;2025-12-31;17;1116
7;2025-12-31;18;1046
7;2025-12-31;19;996
7;2025-12-31;20;786
7;2025-12-31;21;590
7;2025-12-31;22;313
7;2025-12-31;23;202
11;2025-11-01;0;108
11;2025-11-01;1;0
11;2025-11-01;2;0
11;2025-11-01;3;0
11;2025-11-01;4;2
11;2025-11-01;5;227
11;2025-11-01;6;1030
11;2025-11-01;7;1854
11;2025-11-01;8;2467
11;2025-11-01;9;1840
11;2025-11-01;10;1471
11;2025-11-01;11;1423
11;2025-11-01;12;1483
11;2025-11-01;13;1535
11;2025-11-01;14;1632
11;2025-11-01;15;1719
11;2025-11-01;16;1916
11;2025-11-01;17;2311
11;2025-11-01;18;1982
11;2025-11-01;19;1536
11;2025-11-01;20;1080
11;2025-11-01;21;678
11;2025-11-01;22;339
11;2025-11-01;23;241
11;2025-11-02;0;112
11;2025-11-02;1;14
11;2025-11-02;2;0
11;2025-11-02;3;0
11;2025-11-02;4;2
11;2025-11-02;5;120
11;2025-11-02;6;486
11;2025-11-02;7;513
11;2025-11-02;8;687
11;2025-11-02;9;953
11;2025-11-02;10;1057
11;2025-11-02;11;1536
11;2025-11-02;12;1663
11;2025-11-02;13;1598
11;2025-11-02;14;1718
11;2025-11-02;15;1700
11;2025-11-02;16;1617
11;2025-11-02;17;1718
11;2025-11-02;18;1302
11;2025-11-02;19;1066
11;2025-11-02;20;841
11;2025-11-02;21;629
11;2025-11-02;22;356
11;2025-11-02;23;254
11;2025-11-03;0;98
11;2025-11-03;1;8
11;2025-11-03;2;0
11;2025-11-03;3;0
11;2025-11-03;4;2
11;2025-11-03;5;129
11;2025-11-03;6;534
11;2025-11-03;7;540
11;2025-11-03;8;725
11;2025-11-03;9;917
11;2025-11-03;10;1032
11;2025-11-03;11;1421
11;2025-11-03;12;1554
11;2025-11-03;13;1478
11;2025-11-03;14;1603
11;2025-11-03;15;1550
11;2025-11-03;16;1506
11;2025-11-03;17;1561
11;2025-11-03;18;1234
11;2025-11-03;19;1069
11;2025-11-03;20;812
11;2025-11-03;21;594
11;2025-11-03;22;340
11;2025-11-03;23;238
11;2025-11-04;0;98
11;2025-11-04;1;8
11;2025-11-04;2;0
11;2025-11-04;3;0
11;2025-11-04;4;2
11;2025-11-04;5;129
11;2025-11-04;6;534
11;2025-11-04;7;540
11;2025-11-04;8;725
11;2025-11-04;9;917
11;2025-11-04;10;1032
11;2025-11-04;11;1421
11;2025-11-04;12;1554
11;2025-11-04;13;1478
11;2025-11-04;14;1603
11;2025-11-04;15;1550
11;2025-11-04;16;1506
11;2025-11-04;17;1561
11;2025-11-04;18;1234
11;2025-11-04;19;1069
11;2025-11-04;20;812
11;2025-11-04;21;594
11;2025-11-04;22;340
11;2025-11-04;23;238
11;2025-11-05;0;67
11;2025-11-05;1;3
11;2025-11-05;2;0
11;2025-11-05;3;0
11;2025-11-05;4;3
11;2025-11-05;5;293
11;2025-11-05;6;1334
11;2025-11-05;7;2491
11;2025-11-05;8;3263
11;2025-11-05;9;2516
11;2025-11-05;10;1967
11;2025-11-05;11;1905
11;2025-11-05;12;1928
11;2025-11-05;13;2111
11;2025-11-05;14;2065
11;2025-11-05;15;2115
11;2025-11-05;16;2325
11;2025-11-05;17;2885
11;2025-11-05;18;3220
11;2025-11-05;19;2298
11;2025-11-05;20;1460
11;2025-11-05;21;878
11;2025-11-05;22;425
11;2025-11-05;23;226
11;2025-11-06;0;67
11;2025-11-06;1;3
11;2025-11-06;2;0
11;2025-11-06;3;0
11;2025-11-06;4;3
11;2025-11-06;5;293
11;2025-11-06;6;1334
11;2025-11-06;7;2491
11;2025-11-06;8;3263
11;2025-11-06;9;2516
11;2025-11-06;10;1967
11;2025-11-06;11;1905
11;2025-11-06;12;1928
11;2025-11-06;13;2111
11;2025-11-06;14;2065
11;2025-11-06;15;2115
11;2025-11-06;16;2325
11;2025-11-06;17;2885
11;2025-11-06;18;3220
11;2025-11-06;19;2298
11;2025-11-06;20;1460
11;2025-11-06;21;878
11;2025-11-06;22;425
11;2025-11-06;23;226
11;2025-11-07;0;80
11;2025-11-07;1;3
11;2025-11-07;2;0
11;2025-11-07;3;0
11;2025-11-07;4;3
11;2025-11-07;5;293
11;2025-11-07;6;1327
11;2025-11-07;7;2389
11;2025-11-07;8;3178
11;2025-11-07;9;2370
11;2025-11-07;10;1895
11;2025-11-07;11;1834
11;2025-11-07;12;1911
11;2025-11-07;13;1978
11;2025-11-07;14;2103
11;2025-11-07;15;2214
11;2025-11-07;16;2468
11;2025-11-07;17;2978
11;2025-11-07;18;2553
11;2025-11-07;19;1979
11;2025-11-07;20;1392
11;2025-11-07;21;874
11;2025-11-07;22;436
11;2025-11-07;23;310
11;2025-11-08;0;114
11;2025-11-08;1;3
11;2025-11-08;2;0
11;2025-11-08;3;0
11;2025-11-08;4;3
11;2025-11-08;5;183
11;2025-11-08;6;773
11;2025-11-08;7;755
11;2025-11-08;8;1017
11;2025-11-08;9;1183
11;2025-11-08;10;1352
11;2025-11-08;11;1763
11;2025-11-08;12;1949
11;2025-11-08;13;1835
11;2025-11-08;14;2008
11;2025-11-08;15;1894
11;2025-11-08;16;1881
11;2025-11-08;17;1901
11;2025-11-08;18;1572
11;2025-11-08;19;1437
11;2025-11-08;20;1053
11;2025-11-08;21;755
11;2025-11-08;22;436
11;2025-11-08;23;299
11;2025-11-09;0;112
11;2025-11-09;1;14
11;2025-11-09;2;0
11;2025-11-09;3;0
11;2025-11-09;4;2
11;2025-11-09;5;120
11;2025-11-09;6;486
11;2025-11-09;7;513
11;2025-11-09;8;687
11;2025-11-09;9;953
11;2025-11-09;10;1057
11;2025-11-09;11;1536
11;2025-11-09;12;1663
11;2025-11-09;13;1598
11;2025-11-09;14;1718
11;2025-11-09;15;1700
11;2025-11-09;16;1617
11;2025-11-09;17;1718
11;2025-11-09;18;1302
11;2025-11-09;19;1066
11;2025-11-09;20;841
11;2025-11-09;21;629
11;2025-11-09;22;356
11;2025-11-09;23;254
11;2025-11-10;0;65
11;2025-11-10;1;3
11;2025-11-10;2;0
11;2025-11-10;3;0
11;2025-11-10;4;3
11;2025-11-10;5;285
11;2025-11-10;6;1298
11;2025-11-10;7;2424
11;2025-11-10;8;3175
11;2025-11-10;9;2449
11;2025-11-10;10;1914
11;2025-11-10;11;1854
11;2025-11-10;12;1876
11;2025-11-10;13;2054
11;2025-11-10;14;2010
11;2025-11-10;15;2058
11;2025-11-10;16;2263
11;2025-11-10;17;2807
11;2025-11-10;18;3133
11;2025-11-10;19;2236
11;2025-11-10;20;1421
11;2025-11-10;21;854
11;2025-11-10;22;414
11;2025-11-10;23;220
11;2025-11-11;0;67
11;2025-11-11;1;3
11;2025-11-11;2;0
11;2025-11-11;3;0
11;2025-11-11;4;3
11;2025-11-11;5;293
11;2025-11-11;6;1334
11;2025-11-11;7;2491
11;2025-11-11;8;3263
11;2025-11-11;9;2516
11;2025-11-11;10;1967
11;2025-11-11;11;1905
11;2025-11-11;12;1928
11;2025-11-11;13;2111
11;2025-11-11;14;2065
11;2025-11-11;15;2115
11;2025-11-11;16;2325
11;2025-11-11;17;2885
11;2025-11-11;18;3220
11;2025-11-11;19;2298
11;2025-11-11;20;1460
11;2025-11-11;21;878
11;2025-11-11;22;425
11;2025-11-11;23;226
11;2025-11-12;0;67
11;2025-11-12;1;3
11;2025-11-12;2;0
11;2025-11-12;3;0
11;2025-11-12;4;3
11;2025-11-12;5;293
11;2025-11-12;6;1334
11;2025-11-12;7;2491
11;2025-11-12;8;3263
11;2025-11-12;9;2516
11;2025-11-12;10;1967
11;2025-11-12;11;1905
11;2025-11-12;12;1928
11;2025-11-12;13;2111
11;2025-11-12;14;2065
11;2025-11-12;15;2115
11;2025-11-12;16;2325
11;2025-11-12;17;2885
11;2025-11-12;18;3220
11;2025-11-12;19;2298
11;2025-11-12;20;1460
11;2025-11-12;21;878
11;2025-11-12;22;425
11;2025-11-12;23;226
11;2025-11-13;0;67
11;2025-11-13;1;3
11;2025-11-13;2;0
11;2025-11-13;3;0
11;2025-11-13;4;3
11;2025-11-13;5;293
11;2025-11-13;6;1334
11;2025-11-13;7;2491
11;2025-11-13;8;3263
11;2025-11-13;9;2516
11;2025-11-13;10;1967
11;2025-11-13;11;1905
11;2025-11-13;12;1928
11;2025-11-13;13;2111
11;2025-11-13;14;2065
11;2025-11-13;15;2115
11;2025-11-13;16;2325
11;2025-11-13;17;2885
11;2025-11-13;18;3220
11;2025-11-13;19;2298
11;2025-11-13;20;1460
11;2025-11-13;21;878
11;2025-11-13;22;425
11;2025-11-13;23;226
11;2025-11-14;0;80
11;2025-11-14;1;3
11;2025-11-14;2;0
11;2025-11-14;3;0
11;2025-11-14;4;3
11;2025-11-14;5;293
11;2025-11-14;6;1327
11;2025-11-14;7;2389
11;2025-11-14;8;3178
11;2025-11-14;9;2370
11;2025-11-14;10;1895
11;2025-11-14;11;1834
11;2025-11-14;12;1911
11;2025-11-14;13;1978
11;2025-11-14;14;2103
11;2025-11-14;15;2214
11;2025-11-14;16;2468
11;2025-11-14;17;2978
11;2025-11-14;18;2553
11;2025-11-14;19;1979
11;2025-11-14;20;1392
11;2025-11-14;21;874
11;2025-11-14;22;436
11;2025-11-14;23;310
11;2025-11-15;0;114
11;2025-11-15;1;3
11;2025-11-15;2;0
11;2025-11-15;3;0
11;2025-11-15;4;3
11;2025-11-15;5;183
11;2025-11-15;6;773
11;2025-11-15;7;755
11;2025-11-15;8;1017
11;2025-11-15;9;1183
11;2025-11-15;10;1352
11;2025-11-15;11;1763
11;2025-11-15;12;1949
11;2025-11-15;13;1835
11;2025-11-15;14;2008
11;2025-11-15;15;1894
11;2025-11-15;16;1881
11;2025-11-15;17;1901
11;2025-11-15;18;1572
11;2025-11-15;19;1437
11;2025-11-15;20;1053
11;2025-11-15;21;755
11;2025-11-15;22;436
11;2025-11-15;23;299
11;2025-11-16;0;112
11;2025-11-16;1;14
11;2025-11-16;2;0
11;2025-11-16;3;0
11;2025-11-16;4;2
11;2025-11-16;5;120
11;2025-11-16;6;486
11;2025-11-16;7;513
11;2025-11-16;8;687
11;2025-11-16;9;953
11;2025-11-16;10;1057
11;2025-11-16;11;1536
11;2025-11-16;12;1663
11;2025-11-16;13;1598
11;2025-11-16;14;1718
11;2025-11-16;15;1700
11;2025-11-16;16;1617
11;2025-11-16;17;1718
11;2025-11-16;18;1302
11;2025-11-16;19;1066
11;2025-11-16;20;841
11;2025-11-16;21;629
11;2025-11-16;22;356
11;2025-11-16;23;254
11;2025-11-17;0;65
11;2025-11-17;1;3
11;2025-11-17;2;0
11;2025-11-17;3;0
11;2025-11-17;4;3
11;2025-11-17;5;285
11;2025-11-17;6;1298
11;2025-11-17;7;2424
11;2025-11-17;8;3175
11;2025-11-17;9;2449
11;2025-11-17;10;1914
11;2025-11-17;11;1854
11;2025-11-17;12;1876
11;2025-11-17;13;2054
11;2025-11-17;14;2010
11;2025-11-17;15;2058
11;2025-11-17;16;2263
11;2025-11-17;17;2807
11;2025-11-17;18;3133
11;2025-11-17;19;2236
11;2025-11-17;20;1421
11;2025-11-17;21;854
11;2025-11-17;22;414
11;2025-11-17;23;220
11;2025-11-18;0;67
11;2025-11-18;1;3
11;2025-11-18;2;0
11;2025-11-18;3;0
11;2025-11-18;4;3
11;2025-11-18;5;293
11;2025-11-18;6;1334
11;2025-11-18;7;2491
11;2025-11-18;8;3263
11;2025-11-18;9;2516
11;2025-11-18;10;1967
11;2025-11-18;11;1905
11;2025-11-18;12;1928
11;2025-11-18;13;2111
11;2025-11-18;14;2065
11;2025-11-18;15;2115
11;2025-11-18;16;2325
11;2025-11-18;17;2885
11;2025-11-18;18;3220
11;2025-11-18;19;2298
11;2025-11-18;20;1460
11;2025-11-18;21;878
11;2025-11-18;22;425
11;2025-11-18;23;226
11;2025-11-19;0;67
11;2025-11-19;1;3
11;2025-11-19;2;0
11;2025-11-19;3;0
11;2025-11-19;4;3
11;2025-11-19;5;293
11;2025-11-19;6;1334
11;2025-11-19;7;2491
11;2025-11-19;8;3263
11;2025-11-19;9;2516
11;2025-11-19;10;1967
11;2025-11-19;11;1905
11;2025-11-19;12;1928
11;2025-11-19;13;2111
11;2025-11-19;14;2065
11;2025-11-19;15;2115
11;2025-11-19;16;2325
11;2025-11-19;17;2885
11;2025-11-19;18;3220
11;2025-11-19;19;2298
11;2025-11-19;20;1460
11;2025-11-19;21;878
11;2025-11-19;22;425
11;2025-11-19;23;226
11;2025-11-20;0;67
11;2025-11-20;1;3
11;2025-11-20;2;0
11;2025-11-20;3;0
11;2025-11-20;4;3
11;2025-11-20;5;293
11;2025-11-20;6;1334
11;2025-11-20;7;2491
11;2025-11-20;8;3263
11;2025-11-20;9;2516
11;2025-11-20;10;1967
11;2025-11-20;11;1905
11;2025-11-20;12;1928
11;2025-11-20;13;2111
11;2025-11-20;14;2065
11;2025-11-20;15;2115
11;2025-11-20;16;2325
11;2025-11-20;17;2885
11;2025-11-20;18;3220
11;2025-11-20;19;2298
11;2025-11-20;20;1460
11;2025-11-20;21;878
11;2025-11-20;22;425
11;2025-11-20;23;226
11;2025-11-21;0;80
11;2025-11-21;1;3
11;2025-11-21;2;0
11;2025-11-21;3;0
11;2025-11-21;4;3
11;2025-11-21;5;293
11;2025-11-21;6;1327
11;2025-11-21;7;2389
11;2025-11-21;8;3178
11;2025-11-21;9;2370
11;2025-11-21;10;1895
11;2025-11-21;11;1834
11;2025-11-21;12;1911
11;2025-11-21;13;1978
11;2025-11-21;14;2103
11;2025-11-21;15;2214
11;2025-11-21;16;2468
11;2025-11-21;17;2978
11;2025-11-21;18;2553
11;2025-11-21;19;1979
11;2025-11-21;20;1392
11;2025-11-21;21;874
11;2025-11-21;22;436
11;2025-11-21;23;310
11;2025-11-22;0;114
11;2025-11-22;1;3
11;2025-11-22;2;0
11;2025-11-22;3;0
11;2025-11-22;4;3
11;2025-11-22;5;183
11;2025-11-22;6;773
11;2025-11-22;7;755
11;2025-11-22;8;1017
11;2025-11-22;9;1183
11;2025-11-22;10;1352
11;2025-11-22;11;1763
11;2025-11-22;12;1949
11;2025-11-22;13;1835
11;2025-11-22;14;2008
11;2025-11-22;15;1894
11;2025-11-22;16;1881
11;2025-11-22;17;1901
11;2025-11-22;18;1572
11;2025-11-22;19;1437
11;2025-11-22;20;1053
11;2025-11-22;21;755
11;2025-11-22;22;436
11;2025-11-22;23;299
11;2025-11-23;0;112
11;2025-11-23;1;14
11;2025-11-23;2;0
11;2025-11-23;3;0
11;2025-11-23;4;2
11;2025-11-23;5;120
11;2025-11-23;6;486
11;2025-11-23;7;513
11;2025-11-23;8;687
11;2025-11-23;9;953
11;2025-11-23;10;1057
11;2025-11-23;11;1536
11;2025-11-23;12;1663
11;2025-11-23;13;1598
11;2025-11-23;14;1718
11;2025-11-23;15;1700
11;2025-11-23;16;1617
11;2025-11-23;17;1718
11;2025-11-23;18;1302
11;2025-11-23;19;1066
11;2025-11-23;20;841
11;2025-11-23;21;629
11;2025-11-23;22;356
11;2025-11-23;23;254
11;2025-11-24;0;65
11;2025-11-24;1;3
11;2025-11-24;2;0
11;2025-11-24;3;0
11;2025-11-24;4;3
11;2025-11-24;5;285
11;2025-11-24;6;1298
11;2025-11-24;7;2424
11;2025-11-24;8;3175
11;2025-11-24;9;2449
11;2025-11-24;10;1914
11;2025-11-24;11;1854
11;2025-11-24;12;1876
11;2025-11-24;13;2054
11;2025-11-24;14;2010
11;2025-11-24;15;2058
11;2025-11-24;16;2263
11;2025-11-24;17;2807
11;2025-11-24;18;3133
11;2025-11-24;19;2236
11;2025-11-24;20;1421
11;2025-11-24;21;854
11;2025-11-24;22;414
11;2025-11-24;23;220
11;2025-11-25;0;67
11;2025-11-25;1;3
11;2025-11-25;2;0
11;2025-11-25;3;0
11;2025-11-25;4;3
11;2025-11-25;5;293
11;2025-11-25;6;1334
11;2025-11-25;7;2491
11;2025-11-25;8;3263
11;2025-11-25;9;2516
11;2025-11-25;10;1967
11;2025-11-25;11;1905
11;2025-11-25;12;1928
11;2025-11-25;13;2111
11;2025-11-25;14;2065
11;2025-11-25;15;2115
11;2025-11-25;16;2325
11;2025-11-25;17;2885
11;2025-11-25;18;3220
11;2025-11-25;19;2298
11;2025-11-25;20;1460
11;2025-11-25;21;878
11;2025-11-25;22;425
11;2025-11-25;23;226
11;2025-11-26;0;67
11;2025-11-26;1;3
11;2025-11-26;2;0
11;2025-11-26;3;0
11;2025-11-26;4;3
11;2025-11-26;5;293
11;2025-11-26;6;1334
11;2025-11-26;7;2491
11;2025-11-26;8;3263
11;2025-11-26;9;2516
11;2025-11-26;10;1967
11;2025-11-26;11;1905
11;2025-11-26;12;1928
11;2025-11-26;13;2111
11;2025-11-26;14;2065
11;2025-11-26;15;2115
11;2025-11-26;16;2325
11;2025-11-26;17;2885
11;2025-11-26;18;3220
11;2025-11-26;19;2298
11;2025-11-26;20;1460
11;2025-11-26;21;878
11;2025-11-26;22;425
11;2025-11-26;23;226
11;2025-11-27;0;67
11;2025-11-27;1;3
11;2025-11-27;2;0
11;2025-11-27;3;0
11;2025-11-27;4;3
11;2025-11-27;5;293
11;2025-11-27;6;1334
11;2025-11-27;7;2491
11;2025-11-27;8;3263
11;2025-11-27;9;2516
11;2025-11-27;10;1967
11;2025-11-27;11;1905
11;2025-11-27;12;1928
11;2025-11-27;13;2111
11;2025-11-27;14;2065
11;2025-11-27;15;2115
11;2025-11-27;16;2325
11;2025-11-27;17;2885
11;2025-11-27;18;3220
11;2025-11-27;19;2298
11;2025-11-27;20;1460
11;2025-11-27;21;878
11;2025-11-27;22;425
11;2025-11-27;23;226
11;2025-11-28;0;80
11;2025-11-28;1;3
11;2025-11-28;2;0
11;2025-11-28;3;0
11;2025-11-28;4;3
11;2025-11-28;5;293
11;2025-11-28;6;1327
11;2025-11-28;7;2389
11;2025-11-28;8;3178
11;2025-11-28;9;2370
11;2025-11-28;10;1895
11;2025-11-28;11;1834
11;2025-11-28;12;1911
11;2025-11-28;13;1978
11;2025-11-28;14;2103
11;2025-11-28;15;2214
11;2025-11-28;16;2468
11;2025-11-28;17;2978
11;2025-11-28;18;2553
11;2025-11-28;19;1979
11;2025-11-28;20;1392
11;2025-11-28;21;874
11;2025-11-28;22;436
11;2025-11-28;23;310
11;2025-11-29;0;114
11;2025-11-29;1;3
11;2025-11-29;2;0
11;2025-11-29;3;0
11;2025-11-29;4;3
11;2025-11-29;5;183
11;2025-11-29;6;773
11;2025-11-29;7;755
11;2025-11-29;8;1017
11;2025-11-29;9;1183
11;2025-11-29;10;1352
11;2025-11-29;11;1763
11;2025-11-29;12;1949
11;2025-11-29;13;1835
11;2025-11-29;14;2008
11;2025-11-29;15;1894
11;2025-11-29;16;1881
11;2025-11-29;17;1901
11;2025-11-29;18;1572
11;2025-11-29;19;1437
11;2025-11-29;20;1053
11;2025-11-29;21;755
11;2025-11-29;22;436
11;2025-11-29;23;299
11;2025-11-30;0;112
11;2025-11-30;1;14
11;2025-11-30;2;0
11;2025-11-30;3;0
11;2025-11-30;4;2
11;2025-11-30;5;120
11;2025-11-30;6;486
11;2025-11-30;7;513
11;2025-11-30;8;687
11;2025-11-30;9;953
11;2025-11-30;10;1057
11;2025-11-30;11;1536
11;2025-11-30;12;1663
11;2025-11-30;13;1598
11;2025-11-30;14;1718
11;2025-11-30;15;1700
11;2025-11-30;16;1617
11;2025-11-30;17;1718
11;2025-11-30;18;1302
11;2025-11-30;19;1066
11;2025-11-30;20;841
11;2025-11-30;21;629
11;2025-11-30;22;356
11;2025-11-30;23;254
11;2025-12-01;0;65
11;2025-12-01;1;3
11;2025-12-01;2;0
11;2025-12-01;3;0
11;2025-12-01;4;4
11;2025-12-01;5;288
11;2025-12-01;6;1268
11;2025-12-01;7;2364
11;2025-12-01;8;3100
11;2025-12-01;9;2402
11;2025-12-01;10;1854
11;2025-12-01;11;1808
11;2025-12-01;12;1824
11;2025-12-01;13;2010
11;2025-12-01;14;1962
11;2025-12-01;15;2038
11;2025-12-01;16;2232
11;2025-12-01;17;2761
11;2025-12-01;18;3080
11;2025-12-01;19;2196
11;2025-12-01;20;1401
11;2025-12-01;21;848
11;2025-12-01;22;414
11;2025-12-01;23;212
11;2025-12-02;0;67
11;2025-12-02;1;3
11;2025-12-02;2;0
11;2025-12-02;3;0
11;2025-12-02;4;4
11;2025-12-02;5;296
11;2025-12-02;6;1303
11;2025-12-02;7;2430
11;2025-12-02;8;3186
11;2025-12-02;9;2468
11;2025-12-02;10;1905
11;2025-12-02;11;1858
11;2025-12-02;12;1874
11;2025-12-02;13;2065
11;2025-12-02;14;2017
11;2025-12-02;15;2095
11;2025-12-02;16;2294
11;2025-12-02;17;2837
11;2025-12-02;18;3165
11;2025-12-02;19;2257
11;2025-12-02;20;1440
11;2025-12-02;21;871
11;2025-12-02;22;426
11;2025-12-02;23;218
11;2025-12-03;0;67
11;2025-12-03;1;3
11;2025-12-03;2;0
11;2025-12-03;3;0
11;2025-12-03;4;4
11;2025-12-03;5;296
11;2025-12-03;6;1303
11;2025-12-03;7;2430
11;2025-12-03;8;3186
11;2025-12-03;9;2468
11;2025-12-03;10;1905
11;2025-12-03;11;1858
11;2025-12-03;12;1874
11;2025-12-03;13;2065
11;2025-12-03;14;2017
11;2025-12-03;15;2095
11;2025-12-03;16;2294
11;2025-12-03;17;2837
11;2025-12-03;18;3165
11;2025-12-03;19;2257
11;2025-12-03;20;1440
11;2025-12-03;21;871
11;2025-12-03;22;426
11;2025-12-03;23;218
11;2025-12-04;0;67
11;2025-12-04;1;3
11;2025-12-04;2;0
11;2025-12-04;3;0
11;2025-12-04;4;4
11;2025-12-04;5;296
11;2025-12-04;6;1303
11;2025-12-04;7;2430
11;2025-12-04;8;3186
11;2025-12-04;9;2468
11;2025-12-04;10;1905
11;2025-12-04;11;1858
11;2025-12-04;12;1874
11;2025-12-04;13;2065
11;2025-12-04;14;2017
11;2025-12-04;15;2095
11;2025-12-04;16;2294
11;2025-12-04;17;2837
11;2025-12-04;18;3165
11;2025-12-04;19;2257
11;2025-12-04;20;1440
11;2025-12-04;21;871
11;2025-12-04;22;426
11;2025-12-04;23;218
11;2025-12-05;0;80
11;2025-12-05;1;4
11;2025-12-05;2;0
11;2025-12-05;3;0
11;2025-12-05;4;3
11;2025-12-05;5;292
11;2025-12-05;6;1297
11;2025-12-05;7;2317
11;2025-12-05;8;3069
11;2025-12-05;9;2336
11;2025-12-05;10;1853
11;2025-12-05;11;1802
11;2025-12-05;12;1862
11;2025-12-05;13;1947
11;2025-12-05;14;2052
11;2025-12-05;15;2186
11;2025-12-05;16;2439
11;2025-12-05;17;2914
11;2025-12-05;18;2512
11;2025-12-05;19;1960
11;2025-12-05;20;1369
11;2025-12-05;21;861
11;2025-12-05;22;438
11;2025-12-05;23;297
11;2025-12-06;0;112
11;2025-12-06;1;3
11;2025-12-06;2;0
11;2025-12-06;3;0
11;2025-12-06;4;3
11;2025-12-06;5;181
11;2025-12-06;6;737
11;2025-12-06;7;731
11;2025-12-06;8;982
11;2025-12-06;9;1150
11;2025-12-06;10;1303
11;2025-12-06;11;1719
11;2025-12-06;12;1888
11;2025-12-06;13;1782
11;2025-12-06;14;1937
11;2025-12-06;15;1833
11;2025-12-06;16;1842
11;2025-12-06;17;1844
11;2025-12-06;18;1537
11;2025-12-06;19;1388
11;2025-12-06;20;1036
11;2025-12-06;21;741
11;2025-12-06;22;427
11;2025-12-06;23;295
11;2025-12-07;0;107
11;2025-12-07;1;13
11;2025-12-07;2;0
11;2025-12-07;3;0
11;2025-12-07;4;2
11;2025-12-07;5;118
11;2025-12-07;6;465
11;2025-12-07;7;498
11;2025-12-07;8;661
11;2025-12-07;9;920
11;2025-12-07;10;1021
11;2025-12-07;11;1481
11;2025-12-07;12;1613
11;2025-12-07;13;1548
11;2025-12-07;14;1666
11;2025-12-07;15;1651
11;2025-12-07;16;1574
11;2025-12-07;17;1656
11;2025-12-07;18;1262
11;2025-12-07;19;1039
11;2025-12-07;20;823
11;2025-12-07;21;613
11;2025-12-07;22;345
11;2025-12-07;23;247
11;2025-12-08;0;65
11;2025-12-08;1;3
11;2025-12-08;2;0
11;2025-12-08;3;0
11;2025-12-08;4;4
11;2025-12-08;5;288
11;2025-12-08;6;1268
11;2025-12-08;7;2364
11;2025-12-08;8;3100
11;2025-12-08;9;2402
11;2025-12-08;10;1854
11;2025-12-08;11;1808
11;2025-12-08;12;1824
11;2025-12-08;13;2010
11;2025-12-08;14;1962
11;2025-12-08;15;2038
11;2025-12-08;16;2232
11;2025-12-08;17;2761
11;2025-12-08;18;3080
11;2025-12-08;19;2196
11;2025-12-08;20;1401
11;2025-12-08;21;848
11;2025-12-08;22;414
11;2025-12-08;23;212
11;2025-12-09;0;67
11;2025-12-09;1;3
11;2025-12-09;2;0
11;2025-12-09;3;0
11;2025-12-09;4;4
11;2025-12-09;5;296
11;2025-12-09;6;1303
11;2025-12-09;7;2430
11;2025-12-09;8;3186
11;2025-12-09;9;2468
11;2025-12-09;10;1905
11;2025-12-09;11;1858
11;2025-12-09;12;1874
11;2025-12-09;13;2065
11;2025-12-09;14;2017
11;2025-12-09;15;2095
11;2025-12-09;16;2294
11;2025-12-09;17;2837
11;2025-12-09;18;3165
11;2025-12-09;19;2257
11;2025-12-09;20;1440
11;2025-12-09;21;871
11;2025-12-09;22;426
11;2025-12-09;23;218
11;2025-12-10;0;67
11;2025-12-10;1;3
11;2025-12-10;2;0
11;2025-12-10;3;0
11;2025-12-10;4;4
11;2025-12-10;5;296
11;2025-12-10;6;1303
11;2025-12-10;7;2430
11;2025-12-10;8;3186
11;2025-12-10;9;2468
11;2025-12-10;10;1905
11;2025-12-10;11;1858
11;2025-12-10;12;1874
11;2025-12-10;13;2065
11;2025-12-10;14;2017
11;2025-12-10;15;2095
11;2025-12-10;16;2294
11;2025-12-10;17;2837
11;2025-12-10;18;3165
11;2025-12-10;19;2257
11;2025-12-10;20;1440
11;2025-12-10;21;871
11;2025-12-10;22;426
11;2025-12-10;23;218
11;2025-12-11;0;67
11;2025-12-11;1;3
11;2025-12-11;2;0
11;2025-12-11;3;0
11;2025-12-11;4;4
11;2025-12-11;5;296
11;2025-12-11;6;1303
11;2025-12-11;7;2430
11;2025-12-11;8;3186
11;2025-12-11;9;2468
11;2025-12-11;10;1905
11;2025-12-11;11;1858
11;2025-12-11;12;1874
11;2025-12-11;13;2065
11;2025-12-11;14;2017
11;2025-12-11;15;2095
11;2025-12-11;16;2294
11;2025-12-11;17;2837
11;2025-12-11;18;3165
11;2025-12-11;19;2257
11;2025-12-11;20;1440
11;2025-12-11;21;871
11;2025-12-11;22;426
11;2025-12-11;23;218
11;2025-12-12;0;80
11;2025-12-12;1;4
11;2025-12-12;2;0
11;2025-12-12;3;0
11;2025-12-12;4;3
11;2025-12-12;5;292
11;2025-12-12;6;1297
11;2025-12-12;7;2317
11;2025-12-12;8;3069
11;2025-12-12;9;2336
11;2025-12-12;10;1853
11;2025-12-12;11;1802
11;2025-12-12;12;1862
11;2025-12-12;13;1947
11;2025-12-12;14;2052
11;2025-12-12;15;2186
11;2025-12-12;16;2439
11;2025-12-12;17;2914
11;2025-12-12;18;2512
11;2025-12-12;19;1960
11;2025-12-12;20;1369
11;2025-12-12;21;861
11;2025-12-12;22;438
11;2025-12-12;23;297
11;2025-12-13;0;112
11;2025-12-13;1;3
11;2025-12-13;2;0
11;2025-12-13;3;0
11;2025-12-13;4;3
11;2025-12-13;5;181
11;2025-12-13;6;737
11;2025-12-13;7;731
11;2025-12-13;8;982
11;2025-12-13;9;1150
11;2025-12-13;10;1303
11;2025-12-13;11;1719
11;2025-12-13;12;1888
11;2025-12-13;13;1782
11;2025-12-13;14;1937
11;2025-12-13;15;1833
11;2025-12-13;16;1842
11;2025-12-13;17;1844
11;2025-12-13;18;1537
11;2025-12-13;19;1388
11;2025-12-13;20;1036
11;2025-12-13;21;741
11;2025-12-13;22;427
11;2025-12-13;23;295
11;2025-12-14;0;107
11;2025-12-14;1;13
11;2025-12-14;2;0
11;2025-12-14;3;0
11;2025-12-14;4;2
11;2025-12-14;5;118
11;2025-12-14;6;465
11;2025-12-14;7;498
11;2025-12-14;8;661
11;2025-12-14;9;920
11;2025-12-14;10;1021
11;2025-12-14;11;1481
11;2025-12-14;12;1613
11;2025-12-14;13;1548
11;2025-12-14;14;1666
11;2025-12-14;15;1651
11;2025-12-14;16;1574
11;2025-12-14;17;1656
11;2025-12-14;18;1262
11;2025-12-14;19;1039
11;2025-12-14;20;823
11;2025-12-14;21;613
11;2025-12-14;22;345
11;2025-12-14;23;247
11;2025-12-15;0;65
11;2025-12-15;1;3
11;2025-12-15;2;0
11;2025-12-15;3;0
11;2025-12-15;4;4
11;2025-12-15;5;288
11;2025-12-15;6;1268
11;2025-12-15;7;2364
11;2025-12-15;8;3100
11;2025-12-15;9;2402
11;2025-12-15;10;1854
11;2025-12-15;11;1808
11;2025-12-15;12;1824
11;2025-12-15;13;2010
11;2025-12-15;14;1962
11;2025-12-15;15;2038
11;2025-12-15;16;2232
11;2025-12-15;17;2761
11;2025-12-15;18;3080
11;2025-12-15;19;2196
11;2025-12-15;20;1401
11;2025-12-15;21;848
11;2025-12-15;22;414
11;2025-12-15;23;212
11;2025-12-16;0;67
11;2025-12-16;1;3
11;2025-12-16;2;0
11;2025-12-16;3;0
11;2025-12-16;4;4
11;2025-12-16;5;296
11;2025-12-16;6;1303
11;2025-12-16;7;2430
11;2025-12-16;8;3186
11;2025-12-16;9;2468
11;2025-12-16;10;1905
11;2025-12-16;11;1858
11;2025-12-16;12;1874
11;2025-12-16;13;2065
11;2025-12-16;14;2017
11;2025-12-16;15;2095
11;2025-12-16;16;2294
11;2025-12-16;17;2837
11;2025-12-16;18;3165
11;2025-12-16;19;2257
11;2025-12-16;20;1440
11;2025-12-16;21;871
11;2025-12-16;22;426
11;2025-12-16;23;218
11;2025-12-17;0;67
11;2025-12-17;1;3
11;2025-12-17;2;0
11;2025-12-17;3;0
11;2025-12-17;4;4
11;2025-12-17;5;296
11;2025-12-17;6;1303
11;2025-12-17;7;2430
11;2025-12-17;8;3186
11;2025-12-17;9;2468
11;2025-12-17;10;1905
11;2025-12-17;11;1858
11;2025-12-17;12;1874
11;2025-12-17;13;2065
11;2025-12-17;14;2017
11;2025-12-17;15;2095
11;2025-12-17;16;2294
11;2025-12-17;17;2837
11;2025-12-17;18;3165
11;2025-12-17;19;2257
11;2025-12-17;20;1440
11;2025-12-17;21;871
11;2025-12-17;22;426
11;2025-12-17;23;218
11;2025-12-18;0;67
11;2025-12-18;1;3
11;2025-12-18;2;0
11;2025-12-18;3;0
11;2025-12-18;4;4
11;2025-12-18;5;296
11;2025-12-18;6;1303
11;2025-12-18;7;2430
11;2025-12-18;8;3186
11;2025-12-18;9;2468
11;2025-12-18;10;1905
11;2025-12-18;11;1858
11;2025-12-18;12;1874
11;2025-12-18;13;2065
11;2025-12-18;14;2017
11;2025-12-18;15;2095
11;2025-12-18;16;2294
11;2025-12-18;17;2837
11;2025-12-18;18;3165
11;2025-12-18;19;2257
11;2025-12-18;20;1440
11;2025-12-18;21;871
11;2025-12-18;22;426
11;2025-12-18;23;218
11;2025-12-19;0;80
11;2025-12-19;1;4
11;2025-12-19;2;0
11;2025-12-19;3;0
11;2025-12-19;4;3
11;2025-12-19;5;292
11;2025-12-19;6;1297
11;2025-12-19;7;2317
11;2025-12-19;8;3069
11;2025-12-19;9;2336
11;2025-12-19;10;1853
11;2025-12-19;11;1802
11;2025-12-19;12;1862
11;2025-12-19;13;1947
11;2025-12-19;14;2052
11;2025-12-19;15;2186
11;2025-12-19;16;2439
11;2025-12-19;17;2914
11;2025-12-19;18;2512
11;2025-12-19;19;1960
11;2025-12-19;20;1369
11;2025-12-19;21;861
11;2025-12-19;22;438
11;2025-12-19;23;297
11;2025-12-20;0;112
11;2025-12-20;1;3
11;2025-12-20;2;0
11;2025-12-20;3;0
11;2025-12-20;4;3
11;2025-12-20;5;181
11;2025-12-20;6;737
11;2025-12-20;7;731
11;2025-12-20;8;982
11;2025-12-20;9;1150
11;2025-12-20;10;1303
11;2025-12-20;11;1719
11;2025-12-20;12;1888
11;2025-12-20;13;1782
11;2025-12-20;14;1937
11;2025-12-20;15;1833
11;2025-12-20;16;1842
11;2025-12-20;17;1844
11;2025-12-20;18;1537
11;2025-12-20;19;1388
11;2025-12-20;20;1036
11;2025-12-20;21;741
11;2025-12-20;22;427
11;2025-12-20;23;295
11;2025-12-21;0;107
11;2025-12-21;1;13
11;2025-12-21;2;0
11;2025-12-21;3;0
11;2025-12-21;4;2
11;2025-12-21;5;118
11;2025-12-21;6;465
11;2025-12-21;7;498
11;2025-12-21;8;661
11;2025-12-21;9;920
11;2025-12-21;10;1021
11;2025-12-21;11;1481
11;2025-12-21;12;1613
11;2025-12-21;13;1548
11;2025-12-21;14;1666
11;2025-12-21;15;1651
11;2025-12-21;16;1574
11;2025-12-21;17;1656
11;2025-12-21;18;1262
11;2025-12-21;19;1039
11;2025-12-21;20;823
11;2025-12-21;21;613
11;2025-12-21;22;345
11;2025-12-21;23;247
11;2025-12-22;0;65
11;2025-12-22;1;3
11;2025-12-22;2;0
11;2025-12-22;3;0
11;2025-12-22;4;4
11;2025-12-22;5;288
11;2025-12-22;6;1268
11;2025-12-22;7;2364
11;2025-12-22;8;3100
11;2025-12-22;9;2402
11;2025-12-22;10;1854
11;2025-12-22;11;1808
11;2025-12-22;12;1824
11;2025-12-22;13;2010
11;2025-12-22;14;1962
11;2025-12-22;15;2038
11;2025-12-22;16;2232
11;2025-12-22;17;2761
11;2025-12-22;18;3080
11;2025-12-22;19;2196
11;2025-12-22;20;1401
11;2025-12-22;21;848
11;2025-12-22;22;414
11;2025-12-22;23;212
11;2025-12-23;0;67
11;2025-12-23;1;3
11;2025-12-23;2;0
11;2025-12-23;3;0
11;2025-12-23;4;4
11;2025-12-23;5;296
11;2025-12-23;6;1303
11;2025-12-23;7;2430
11;2025-12-23;8;3186
11;2025-12-23;9;2468
11;2025-12-23;10;1905
11;2025-12-23;11;1858
11;2025-12-23;12;1874
11;2025-12-23;13;2065
11;2025-12-23;14;2017
11;2025-12-23;15;2095
11;2025-12-23;16;2294
11;2025-12-23;17;2837
11;2025-12-23;18;3165
11;2025-12-23;19;2257
11;2025-12-23;20;1440
11;2025-12-23;21;871
11;2025-12-23;22;426
11;2025-12-23;23;218
11;2025-12-24;0;67
11;2025-12-24;1;3
11;2025-12-24;2;0
11;2025-12-24;3;0
11;2025-12-24;4;4
11;2025-12-24;5;296
11;2025-12-24;6;1303
11;2025-12-24;7;2430
11;2025-12-24;8;3186
11;2025-12-24;9;2468
11;2025-12-24;10;1905
11;2025-12-24;11;1858
11;2025-12-24;12;1874
11;2025-12-24;13;2065
11;2025-12-24;14;2017
11;2025-12-24;15;2095
11;2025-12-24;16;2294
11;2025-12-24;17;2837
11;2025-12-24;18;3165
11;2025-12-24;19;2257
11;2025-12-24;20;1440
11;2025-12-24;21;871
11;2025-12-24;22;426
11;2025-12-24;23;218
11;2025-12-25;0;67
11;2025-12-25;1;3
11;2025-12-25;2;0
11;2025-12-25;3;0
11;2025-12-25;4;4
11;2025-12-25;5;296
11;2025-12-25;6;1303
11;2025-12-25;7;2430
11;2025-12-25;8;3186
11;2025-12-25;9;2468
11;2025-12-25;10;1905
11;2025-12-25;11;1858
11;2025-12-25;12;1874
11;2025-12-25;13;2065
11;2025-12-25;14;2017
11;2025-12-25;15;2095
11;2025-12-25;16;2294
11;2025-12-25;17;2837
11;2025-12-25;18;3165
11;2025-12-25;19;2257
11;2025-12-25;20;1440
11;2025-12-25;21;871
11;2025-12-25;22;426
11;2025-12-25;23;218
11;2025-12-26;0;80
11;2025-12-26;1;4
11;2025-12-26;2;0
11;2025-12-26;3;0
11;2025-12-26;4;3
11;2025-12-26;5;292
11;2025-12-26;6;1297
11;2025-12-26;7;2317
11;2025-12-26;8;3069
11;2025-12-26;9;2336
11;2025-12-26;10;1853
11;2025-12-26;11;1802
11;2025-12-26;12;1862
11;2025-12-26;13;1947
11;2025-12-26;14;2052
11;2025-12-26;15;2186
11;2025-12-26;16;2439
11;2025-12-26;17;2914
11;2025-12-26;18;2512
11;2025-12-26;19;1960
11;2025-12-26;20;1369
11;2025-12-26;21;861
11;2025-12-26;22;438
11;2025-12-26;23;297
11;2025-12-27;0;112
11;2025-12-27;1;3
11;2025-12-27;2;0
11;2025-12-27;3;0
11;2025-12-27;4;3
11;2025-12-27;5;181
11;2025-12-27;6;737
11;2025-12-27;7;731
11;2025-12-27;8;982
11;2025-12-27;9;1150
11;2025-12-27;10;1303
11;2025-12-27;11;1719
11;2025-12-27;12;1888
11;2025-12-27;13;1782
11;2025-12-27;14;1937
11;2025-12-27;15;1833
11;2025-12-27;16;1842
11;2025-12-27;17;1844
11;2025-12-27;18;1537
11;2025-12-27;19;1388
11;2025-12-27;20;1036
11;2025-12-27;21;741
11;2025-12-27;22;427
11;2025-12-27;23;295
11;2025-12-28;0;107
11;2025-12-28;1;13
11;2025-12-28;2;0
11;2025-12-28;3;0
11;2025-12-28;4;2
11;2025-12-28;5;118
11;2025-12-28;6;465
11;2025-12-28;7;498
11;2025-12-28;8;661
11;2025-12-28;9;920
11;2025-12-28;10;1021
11;2025-12-28;11;1481
11;2025-12-28;12;1613
11;2025-12-28;13;1548
11;2025-12-28;14;1666
11;2025-12-28;15;1651
11;2025-12-28;16;1574
11;2025-12-28;17;1656
11;2025-12-28;18;1262
11;2025-12-28;19;1039
11;2025-12-28;20;823
11;2025-12-28;21;613
11;2025-12-28;22;345
11;2025-12-28;23;247
11;2025-12-29;0;58
11;2025-12-29;1;2
11;2025-12-29;2;0
11;2025-12-29;3;0
11;2025-12-29;4;3
11;2025-12-29;5;259
11;2025-12-29;6;1141
11;2025-12-29;7;2128
11;2025-12-29;8;2790
11;2025-12-29;9;2162
11;2025-12-29;10;1668
11;2025-12-29;11;1627
11;2025-12-29;12;1641
11;2025-12-29;13;1809
11;2025-12-29;14;1766
11;2025-12-29;15;1835
11;2025-12-29;16;2009
11;2025-12-29;17;2485
11;2025-12-29;18;2772
11;2025-12-29;19;1977
11;2025-12-29;20;1261
11;2025-12-29;21;763
11;2025-12-29;22;373
11;2025-12-29;23;191
11;2025-12-30;0;57
11;2025-12-30;1;2
11;2025-12-30;2;0
11;2025-12-30;3;0
11;2025-12-30;4;3
11;2025-12-30;5;251
11;2025-12-30;6;1107
11;2025-12-30;7;2065
11;2025-12-30;8;2708
11;2025-12-30;9;2098
11;2025-12-30;10;1619
11;2025-12-30;11;1579
11;2025-12-30;12;1593
11;2025-12-30;13;1755
11;2025-12-30;14;1714
11;2025-12-30;15;1780
11;2025-12-30;16;1950
11;2025-12-30;17;2412
11;2025-12-30;18;2690
11;2025-12-30;19;1918
11;2025-12-30;20;1224
11;2025-12-30;21;741
11;2025-12-30;22;362
11;2025-12-30;23;185
11;2025-12-31;0;95
11;2025-12-31;1;3
11;2025-12-31;2;0
11;2025-12-31;3;0
11;2025-12-31;4;3
11;2025-12-31;5;153
11;2025-12-31;6;626
11;2025-12-31;7;621
11;2025-12-31;8;834
11;2025-12-31;9;978
11;2025-12-31;10;1107
11;2025-12-31;11;1461
11;2025-12-31;12;1605
11;2025-12-31;13;1515
11;2025-12-31;14;1646
11;2025-12-31;15;1558
11;2025-12-31;16;1566
11;2025-12-31;17;1568
11;2025-12-31;18;1307
11;2025-12-31;19;1180
11;2025-12-31;20;881
11;2025-12-31;21;630
11;2025-12-31;22;363
11;2025-12-31;23;251
12;2025-11-01;0;30
12;2025-11-01;1;3
12;2025-11-01;2;0
12;2025-11-01;3;0
12;2025-11-01;4;3
12;2025-11-01;5;245
12;2025-11-01;6;1064
12;2025-11-01;7;2126
12;2025-11-01;8;2723
12;2025-11-01;9;1911
12;2025-11-01;10;1552
12;2025-11-01;11;1566
12;2025-11-01;12;1604
12;2025-11-01;13;1681
12;2025-11-01;14;1665
12;2025-11-01;15;1891
12;2025-11-01;16;2423
12;2025-11-01;17;2383
12;2025-11-01;18;2092
12;2025-11-01;19;1723
12;2025-11-01;20;1129
12;2025-11-01;21;782
12;2025-11-01;22;401
12;2025-11-01;23;246
12;2025-11-02;0;92
12;2025-11-02;1;6
12;2025-11-02;2;0
12;2025-11-02;3;0
12;2025-11-02;4;3
12;2025-11-02;5;142
12;2025-11-02;6;521
12;2025-11-02;7;662
12;2025-11-02;8;741
12;2025-11-02;9;969
12;2025-11-02;10;1202
12;2025-11-02;11;1341
12;2025-11-02;12;1424
12;2025-11-02;13;1674
12;2025-11-02;14;1560
12;2025-11-02;15;1505
12;2025-11-02;16;1547
12;2025-11-02;17;1569
12;2025-11-02;18;1338
12;2025-11-02;19;1032
12;2025-11-02;20;763
12;2025-11-02;21;595
12;2025-11-02;22;396
12;2025-11-02;23;208
12;2025-11-03;0;75
12;2025-11-03;1;5
12;2025-11-03;2;0
12;2025-11-03;3;0
12;2025-11-03;4;2
12;2025-11-03;5;155
12;2025-11-03;6;565
12;2025-11-03;7;679
12;2025-11-03;8;762
12;2025-11-03;9;956
12;2025-11-03;10;1163
12;2025-11-03;11;1275
12;2025-11-03;12;1321
12;2025-11-03;13;1559
12;2025-11-03;14;1419
12;2025-11-03;15;1367
12;2025-11-03;16;1422
12;2025-11-03;17;1402
12;2025-11-03;18;1267
12;2025-11-03;19;1051
12;2025-11-03;20;745
12;2025-11-03;21;565
12;2025-11-03;22;355
12;2025-11-03;23;217
12;2025-11-04;0;75
12;2025-11-04;1;5
12;2025-11-04;2;0
12;2025-11-04;3;0
12;2025-11-04;4;2
12;2025-11-04;5;155
12;2025-11-04;6;565
12;2025-11-04;7;679
12;2025-11-04;8;762
12;2025-11-04;9;956
12;2025-11-04;10;1163
12;2025-11-04;11;1275
12;2025-11-04;12;1321
12;2025-11-04;13;1559
12;2025-11-04;14;1419
12;2025-11-04;15;1367
12;2025-11-04;16;1422
12;2025-11-04;17;1402
12;2025-11-04;18;1267
12;2025-11-04;19;1051
12;2025-11-04;20;745
12;2025-11-04;21;565
12;2025-11-04;22;355
12;2025-11-04;23;217
12;2025-11-05;0;55
12;2025-11-05;1;2
12;2025-11-05;2;0
12;2025-11-05;3;0
12;2025-11-05;4;6
12;2025-11-05;5;328
12;2025-11-05;6;1415
12;2025-11-05;7;2811
12;2025-11-05;8;3757
12;2025-11-05;9;2576
12;2025-11-05;10;2145
12;2025-11-05;11;2055
12;2025-11-05;12;2142
12;2025-11-05;13;2116
12;2025-11-05;14;2105
12;2025-11-05;15;2341
12;2025-11-05;16;2863
12;2025-11-05;17;3154
12;2025-11-05;18;3319
12;2025-11-05;19;2535
12;2025-11-05;20;1584
12;2025-11-05;21;958
12;2025-11-05;22;487
12;2025-11-05;23;256
12;2025-11-06;0;55
12;2025-11-06;1;2
12;2025-11-06;2;0
12;2025-11-06;3;0
12;2025-11-06;4;6
12;2025-11-06;5;328
12;2025-11-06;6;1415
12;2025-11-06;7;2811
12;2025-11-06;8;3757
12;2025-11-06;9;2576
12;2025-11-06;10;2145
12;2025-11-06;11;2055
12;2025-11-06;12;2142
12;2025-11-06;13;2116
12;2025-11-06;14;2105
12;2025-11-06;15;2341
12;2025-11-06;16;2863
12;2025-11-06;17;3154
12;2025-11-06;18;3319
12;2025-11-06;19;2535
12;2025-11-06;20;1584
12;2025-11-06;21;958
12;2025-11-06;22;487
12;2025-11-06;23;256
12;2025-11-07;0;60
12;2025-11-07;1;2
12;2025-11-07;2;0
12;2025-11-07;3;0
12;2025-11-07;4;4
12;2025-11-07;5;315
12;2025-11-07;6;1371
12;2025-11-07;7;2739
12;2025-11-07;8;3507
12;2025-11-07;9;2462
12;2025-11-07;10;2000
12;2025-11-07;11;2018
12;2025-11-07;12;2066
12;2025-11-07;13;2166
12;2025-11-07;14;2145
12;2025-11-07;15;2436
12;2025-11-07;16;3121
12;2025-11-07;17;3069
12;2025-11-07;18;2696
12;2025-11-07;19;2220
12;2025-11-07;20;1455
12;2025-11-07;21;1007
12;2025-11-07;22;516
12;2025-11-07;23;317
12;2025-11-08;0;78
12;2025-11-08;1;5
12;2025-11-08;2;0
12;2025-11-08;3;0
12;2025-11-08;4;2
12;2025-11-08;5;218
12;2025-11-08;6;789
12;2025-11-08;7;904
12;2025-11-08;8;1017
12;2025-11-08;9;1231
12;2025-11-08;10;1471
12;2025-11-08;11;1583
12;2025-11-08;12;1602
12;2025-11-08;13;1895
12;2025-11-08;14;1683
12;2025-11-08;15;1619
12;2025-11-08;16;1706
12;2025-11-08;17;1631
12;2025-11-08;18;1568
12;2025-11-08;19;1394
12;2025-11-08;20;950
12;2025-11-08;21;701
12;2025-11-08;22;414
12;2025-11-08;23;292
12;2025-11-09;0;92
12;2025-11-09;1;6
12;2025-11-09;2;0
12;2025-11-09;3;0
12;2025-11-09;4;3
12;2025-11-09;5;142
12;2025-11-09;6;521
12;2025-11-09;7;662
12;2025-11-09;8;741
12;2025-11-09;9;969
12;2025-11-09;10;1202
12;2025-11-09;11;1341
12;2025-11-09;12;1424
12;2025-11-09;13;1674
12;2025-11-09;14;1560
12;2025-11-09;15;1505
12;2025-11-09;16;1547
12;2025-11-09;17;1569
12;2025-11-09;18;1338
12;2025-11-09;19;1032
12;2025-11-09;20;763
12;2025-11-09;21;595
12;2025-11-09;22;396
12;2025-11-09;23;208
12;2025-11-10;0;54
12;2025-11-10;1;2
12;2025-11-10;2;0
12;2025-11-10;3;0
12;2025-11-10;4;6
12;2025-11-10;5;319
12;2025-11-10;6;1377
12;2025-11-10;7;2736
12;2025-11-10;8;3657
12;2025-11-10;9;2507
12;2025-11-10;10;2088
12;2025-11-10;11;2000
12;2025-11-10;12;2084
12;2025-11-10;13;2059
12;2025-11-10;14;2049
12;2025-11-10;15;2278
12;2025-11-10;16;2786
12;2025-11-10;17;3070
12;2025-11-10;18;3230
12;2025-11-10;19;2467
12;2025-11-10;20;1542
12;2025-11-10;21;932
12;2025-11-10;22;474
12;2025-11-10;23;249
12;2025-11-11;0;55
12;2025-11-11;1;2
12;2025-11-11;2;0
12;2025-11-11;3;0
12;2025-11-11;4;6
12;2025-11-11;5;328
12;2025-11-11;6;1415
12;2025-11-11;7;2811
12;2025-11-11;8;3757
12;2025-11-11;9;2576
12;2025-11-11;10;2145
12;2025-11-11;11;2055
12;2025-11-11;12;2142
12;2025-11-11;13;2116
12;2025-11-11;14;2105
12;2025-11-11;15;2341
12;2025-11-11;16;2863
12;2025-11-11;17;3154
12;2025-11-11;18;3319
12;2025-11-11;19;2535
12;2025-11-11;20;1584
12;2025-11-11;21;958
12;2025-11-11;22;487
12;2025-11-11;23;256
12;2025-11-12;0;55
12;2025-11-12;1;2
12;2025-11-12;2;0
12;2025-11-12;3;0
12;2025-11-12;4;6
12;2025-11-12;5;328
12;2025-11-12;6;1415
12;2025-11-12;7;2811
12;2025-11-12;8;3757
12;2025-11-12;9;2576
12;2025-11-12;10;2145
12;2025-11-12;11;2055
12;2025-11-12;12;2142
12;2025-11-12;13;2116
12;2025-11-12;14;2105
12;2025-11-12;15;2341
12;2025-11-12;16;2863
12;2025-11-12;17;3154
12;2025-11-12;18;3319
12;2025-11-12;19;2535
12;2025-11-12;20;1584
12;2025-11-12;21;958
12;2025-11-12;22;487
12;2025-11-12;23;256
12;2025-11-13;0;55
12;2025-11-13;1;2
12;2025-11-13;2;0
12;2025-11-13;3;0
12;2025-11-13;4;6
12;2025-11-13;5;328
12;2025-11-13;6;1415
12;2025-11-13;7;2811
12;2025-11-13;8;3757
12;2025-11-13;9;2576
12;2025-11-13;10;2145
12;2025-11-13;11;2055
12;2025-11-13;12;2142
12;2025-11-13;13;2116
12;2025-11-13;14;2105
12;2025-11-13;15;2341
12;2025-11-13;16;2863
12;2025-11-13;17;3154
12;2025-11-13;18;3319
12;2025-11-13;19;2535
12;2025-11-13;20;1584
12;2025-11-13;21;958
12;2025-11-13;22;487
12;2025-11-13;23;256
12;2025-11-14;0;60
12;2025-11-14;1;2
12;2025-11-14;2;0
12;2025-11-14;3;0
12;2025-11-14;4;4
12;2025-11-14;5;315
12;2025-11-14;6;1371
12;2025-11-14;7;2739
12;2025-11-14;8;3507
12;2025-11-14;9;2462
12;2025-11-14;10;2000
12;2025-11-14;11;2018
12;2025-11-14;12;2066
12;2025-11-14;13;2166
12;2025-11-14;14;2145
12;2025-11-14;15;2436
12;2025-11-14;16;3121
12;2025-11-14;17;3069
12;2025-11-14;18;2696
12;2025-11-14;19;2220
12;2025-11-14;20;1455
12;2025-11-14;21;1007
12;2025-11-14;22;516
12;2025-11-14;23;317
12;2025-11-15;0;78
12;2025-11-15;1;5
12;2025-11-15;2;0
12;2025-11-15;3;0
12;2025-11-15;4;2
12;2025-11-15;5;218
12;2025-11-15;6;789
12;2025-11-15;7;904
12;2025-11-15;8;1017
12;2025-11-15;9;1231
12;2025-11-15;10;1471
12;2025-11-15;11;1583
12;2025-11-15;12;1602
12;2025-11-15;13;1895
12;2025-11-15;14;1683
12;2025-11-15;15;1619
12;2025-11-15;16;1706
12;2025-11-15;17;1631
12;2025-11-15;18;1568
12;2025-11-15;19;1394
12;2025-11-15;20;950
12;2025-11-15;21;701
12;2025-11-15;22;414
12;2025-11-15;23;292
12;2025-11-16;0;92
12;2025-11-16;1;6
12;2025-11-16;2;0
12;2025-11-16;3;0
12;2025-11-16;4;3
12;2025-11-16;5;142
12;2025-11-16;6;521
12;2025-11-16;7;662
12;2025-11-16;8;741
12;2025-11-16;9;969
12;2025-11-16;10;1202
12;2025-11-16;11;1341
12;2025-11-16;12;1424
12;2025-11-16;13;1674
12;2025-11-16;14;1560
12;2025-11-16;15;1505
12;2025-11-16;16;1547
12;2025-11-16;17;1569
12;2025-11-16;18;1338
12;2025-11-16;19;1032
12;2025-11-16;20;763
12;2025-11-16;21;595
12;2025-11-16;22;396
12;2025-11-16;23;208
12;2025-11-17;0;54
12;2025-11-17;1;2
12;2025-11-17;2;0
12;2025-11-17;3;0
12;2025-11-17;4;6
12;2025-11-17;5;319
12;2025-11-17;6;1377
12;2025-11-17;7;2736
12;2025-11-17;8;3657
12;2025-11-17;9;2507
12;2025-11-17;10;2088
12;2025-11-17;11;2000
12;2025-11-17;12;2084
12;2025-11-17;13;2059
12;2025-11-17;14;2049
12;2025-11-17;15;2278
12;2025-11-17;16;2786
12;2025-11-17;17;3070
12;2025-11-17;18;3230
12;2025-11-17;19;2467
12;2025-11-17;20;1542
12;2025-11-17;21;932
12;2025-11-17;22;474
12;2025-11-17;23;249
12;2025-11-18;0;55
12;2025-11-18;1;2
12;2025-11-18;2;0
12;2025-11-18;3;0
12;2025-11-18;4;6
12;2025-11-18;5;328
12;2025-11-18;6;1415
12;2025-11-18;7;2811
12;2025-11-18;8;3757
12;2025-11-18;9;2576
12;2025-11-18;10;2145
12;2025-11-18;11;2055
12;2025-11-18;12;2142
12;2025-11-18;13;2116
12;2025-11-18;14;2105
12;2025-11-18;15;2341
12;2025-11-18;16;2863
12;2025-11-18;17;3154
12;2025-11-18;18;3319
12;2025-11-18;19;2535
12;2025-11-18;20;1584
12;2025-11-18;21;958
12;2025-11-18;22;487
12;2025-11-18;23;256
12;2025-11-19;0;55
12;2025-11-19;1;2
12;2025-11-19;2;0
12;2025-11-19;3;0
12;2025-11-19;4;6
12;2025-11-19;5;328
12;2025-11-19;6;1415
12;2025-11-19;7;2811
12;2025-11-19;8;3757
12;2025-11-19;9;2576
12;2025-11-19;10;2145
12;2025-11-19;11;2055
12;2025-11-19;12;2142
12;2025-11-19;13;2116
12;2025-11-19;14;2105
12;2025-11-19;15;2341
12;2025-11-19;16;2863
12;2025-11-19;17;3154
12;2025-11-19;18;3319
12;2025-11-19;19;2535
12;2025-11-19;20;1584
12;2025-11-19;21;958
12;2025-11-19;22;487
12;2025-11-19;23;256
12;2025-11-20;0;55
12;2025-11-20;1;2
12;2025-11-20;2;0
12;2025-11-20;3;0
12;2025-11-20;4;6
12;2025-11-20;5;328
12;2025-11-20;6;1415
12;2025-11-20;7;2811
12;2025-11-20;8;3757
12;2025-11-20;9;2576
12;2025-11-20;10;2145
12;2025-11-20;11;2055
12;2025-11-20;12;2142
12;2025-11-20;13;2116
12;2025-11-20;14;2105
12;2025-11-20;15;2341
12;2025-11-20;16;2863
12;2025-11-20;17;3154
12;2025-11-20;18;3319
12;2025-11-20;19;2535
12;2025-11-20;20;1584
12;2025-11-20;21;958
12;2025-11-20;22;487
12;2025-11-20;23;256
12;2025-11-21;0;60
12;2025-11-21;1;2
12;2025-11-21;2;0
12;2025-11-21;3;0
12;2025-11-21;4;4
12;2025-11-21;5;315
12;2025-11-21;6;1371
12;2025-11-21;7;2739
12;2025-11-21;8;3507
12;2025-11-21;9;2462
12;2025-11-21;10;2000
12;2025-11-21;11;2018
12;2025-11-21;12;2066
12;2025-11-21;13;2166
12;2025-11-21;14;2145
12;2025-11-21;15;2436
12;2025-11-21;16;3121
12;2025-11-21;17;3069
12;2025-11-21;18;2696
12;2025-11-21;19;2220
12;2025-11-21;20;1455
12;2025-11-21;21;1007
12;2025-11-21;22;516
12;2025-11-21;23;317
12;2025-11-22;0;78
12;2025-11-22;1;5
12;2025-11-22;2;0
12;2025-11-22;3;0
12;2025-11-22;4;2
12;2025-11-22;5;218
12;2025-11-22;6;789
12;2025-11-22;7;904
12;2025-11-22;8;1017
12;2025-11-22;9;1231
12;2025-11-22;10;1471
12;2025-11-22;11;1583
12;2025-11-22;12;1602
12;2025-11-22;13;1895
12;2025-11-22;14;1683
12;2025-11-22;15;1619
12;2025-11-22;16;1706
12;2025-11-22;17;1631
12;2025-11-22;18;1568
12;2025-11-22;19;1394
12;2025-11-22;20;950
12;2025-11-22;21;701
12;2025-11-22;22;414
12;2025-11-22;23;292
12;2025-11-23;0;92
12;2025-11-23;1;6
12;2025-11-23;2;0
12;2025-11-23;3;0
12;2025-11-23;4;3
12;2025-11-23;5;142
12;2025-11-23;6;521
12;2025-11-23;7;662
12;2025-11-23;8;741
12;2025-11-23;9;969
12;2025-11-23;10;1202
12;2025-11-23;11;1341
12;2025-11-23;12;1424
12;2025-11-23;13;1674
12;2025-11-23;14;1560
12;2025-11-23;15;1505
12;2025-11-23;16;1547
12;2025-11-23;17;1569
12;2025-11-23;18;1338
12;2025-11-23;19;1032
12;2025-11-23;20;763
12;2025-11-23;21;595
12;2025-11-23;22;396
12;2025-11-23;23;208
12;2025-11-24;0;54
12;2025-11-24;1;2
12;2025-11-24;2;0
12;2025-11-24;3;0
12;2025-11-24;4;6
12;2025-11-24;5;319
12;2025-11-24;6;1377
12;2025-11-24;7;2736
12;2025-11-24;8;3657
12;2025-11-24;9;2507
12;2025-11-24;10;2088
12;2025-11-24;11;2000
12;2025-11-24;12;2084
12;2025-11-24;13;2059
12;2025-11-24;14;2049
12;2025-11-24;15;2278
12;2025-11-24;16;2786
12;2025-11-24;17;3070
12;2025-11-24;18;3230
12;2025-11-24;19;2467
12;2025-11-24;20;1542
12;2025-11-24;21;932
12;2025-11-24;22;474
12;2025-11-24;23;249
12;2025-11-25;0;55
12;2025-11-25;1;2
12;2025-11-25;2;0
12;2025-11-25;3;0
12;2025-11-25;4;6
12;2025-11-25;5;328
12;2025-11-25;6;1415
12;2025-11-25;7;2811
12;2025-11-25;8;3757
12;2025-11-25;9;2576
12;2025-11-25;10;2145
12;2025-11-25;11;2055
12;2025-11-25;12;2142
12;2025-11-25;13;2116
12;2025-11-25;14;2105
12;2025-11-25;15;2341
12;2025-11-25;16;2863
12;2025-11-25;17;3154
12;2025-11-25;18;3319
12;2025-11-25;19;2535
12;2025-11-25;20;1584
12;2025-11-25;21;958
12;2025-11-25;22;487
12;2025-11-25;23;256
12;2025-11-26;0;55
12;2025-11-26;1;2
12;2025-11-26;2;0
12;2025-11-26;3;0
12;2025-11-26;4;6
12;2025-11-26;5;328
12;2025-11-26;6;1415
12;2025-11-26;7;2811
12;2025-11-26;8;3757
12;2025-11-26;9;2576
12;2025-11-26;10;2145
12;2025-11-26;11;2055
12;2025-11-26;12;2142
12;2025-11-26;13;2116
12;2025-11-26;14;2105
12;2025-11-26;15;2341
12;2025-11-26;16;2863
12;2025-11-26;17;3154
12;2025-11-26;18;3319
12;2025-11-26;19;2535
12;2025-11-26;20;1584
12;2025-11-26;21;958
12;2025-11-26;22;487
12;2025-11-26;23;256
12;2025-11-27;0;55
12;2025-11-27;1;2
12;2025-11-27;2;0
12;2025-11-27;3;0
12;2025-11-27;4;6
12;2025-11-27;5;328
12;2025-11-27;6;1415
12;2025-11-27;7;2811
12;2025-11-27;8;3757
12;2025-11-27;9;2576
12;2025-11-27;10;2145
12;2025-11-27;11;2055
12;2025-11-27;12;2142
12;2025-11-27;13;2116
12;2025-11-27;14;2105
12;2025-11-27;15;2341
12;2025-11-27;16;2863
12;2025-11-27;17;3154
12;2025-11-27;18;3319
12;2025-11-27;19;2535
12;2025-11-27;20;1584
12;2025-11-27;21;958
12;2025-11-27;22;487
12;2025-11-27;23;256
12;2025-11-28;0;60
12;2025-11-28;1;2
12;2025-11-28;2;0
12;2025-11-28;3;0
12;2025-11-28;4;4
12;2025-11-28;5;315
12;2025-11-28;6;1371
12;2025-11-28;7;2739
12;2025-11-28;8;3507
12;2025-11-28;9;2462
12;2025-11-28;10;2000
12;2025-11-28;11;2018
12;2025-11-28;12;2066
12;2025-11-28;13;2166
12;2025-11-28;14;2145
12;2025-11-28;15;2436
12;2025-11-28;16;3121
12;2025-11-28;17;3069
12;2025-11-28;18;2696
12;2025-11-28;19;2220
12;2025-11-28;20;1455
12;2025-11-28;21;1007
12;2025-11-28;22;516
12;2025-11-28;23;317
12;2025-11-29;0;78
12;2025-11-29;1;5
12;2025-11-29;2;0
12;2025-11-29;3;0
12;2025-11-29;4;2
12;2025-11-29;5;218
12;2025-11-29;6;789
12;2025-11-29;7;904
12;2025-11-29;8;1017
12;2025-11-29;9;1231
12;2025-11-29;10;1471
12;2025-11-29;11;1583
12;2025-11-29;12;1602
12;2025-11-29;13;1895
12;2025-11-29;14;1683
12;2025-11-29;15;1619
12;2025-11-29;16;1706
12;2025-11-29;17;1631
12;2025-11-29;18;1568
12;2025-11-29;19;1394
12;2025-11-29;20;950
12;2025-11-29;21;701
12;2025-11-29;22;414
12;2025-11-29;23;292
12;2025-11-30;0;92
12;2025-11-30;1;6
12;2025-11-30;2;0
12;2025-11-30;3;0
12;2025-11-30;4;3
12;2025-11-30;5;142
12;2025-11-30;6;521
12;2025-11-30;7;662
12;2025-11-30;8;741
12;2025-11-30;9;969
12;2025-11-30;10;1202
12;2025-11-30;11;1341
12;2025-11-30;12;1424
12;2025-11-30;13;1674
12;2025-11-30;14;1560
12;2025-11-30;15;1505
12;2025-11-30;16;1547
12;2025-11-30;17;1569
12;2025-11-30;18;1338
12;2025-11-30;19;1032
12;2025-11-30;20;763
12;2025-11-30;21;595
12;2025-11-30;22;396
12;2025-11-30;23;208
12;2025-12-01;0;53
12;2025-12-01;1;2
12;2025-12-01;2;0
12;2025-12-01;3;0
12;2025-12-01;4;6
12;2025-12-01;5;313
12;2025-12-01;6;1335
12;2025-12-01;7;2681
12;2025-12-01;8;3580
12;2025-12-01;9;2440
12;2025-12-01;10;2043
12;2025-12-01;11;1967
12;2025-12-01;12;2045
12;2025-12-01;13;2011
12;2025-12-01;14;2020
12;2025-12-01;15;2244
12;2025-12-01;16;2745
12;2025-12-01;17;3018
12;2025-12-01;18;3171
12;2025-12-01;19;2432
12;2025-12-01;20;1504
12;2025-12-01;21;905
12;2025-12-01;22;461
12;2025-12-01;23;243
12;2025-12-02;0;54
12;2025-12-02;1;2
12;2025-12-02;2;0
12;2025-12-02;3;0
12;2025-12-02;4;6
12;2025-12-02;5;322
12;2025-12-02;6;1372
12;2025-12-02;7;2755
12;2025-12-02;8;3678
12;2025-12-02;9;2507
12;2025-12-02;10;2100
12;2025-12-02;11;2021
12;2025-12-02;12;2101
12;2025-12-02;13;2067
12;2025-12-02;14;2076
12;2025-12-02;15;2306
12;2025-12-02;16;2821
12;2025-12-02;17;3101
12;2025-12-02;18;3258
12;2025-12-02;19;2499
12;2025-12-02;20;1546
12;2025-12-02;21;930
12;2025-12-02;22;474
12;2025-12-02;23;249
12;2025-12-03;0;54
12;2025-12-03;1;2
12;2025-12-03;2;0
12;2025-12-03;3;0
12;2025-12-03;4;6
12;2025-12-03;5;322
12;2025-12-03;6;1372
12;2025-12-03;7;2755
12;2025-12-03;8;3678
12;2025-12-03;9;2507
12;2025-12-03;10;2100
12;2025-12-03;11;2021
12;2025-12-03;12;2101
12;2025-12-03;13;2067
12;2025-12-03;14;2076
12;2025-12-03;15;2306
12;2025-12-03;16;2821
12;2025-12-03;17;3101
12;2025-12-03;18;3258
12;2025-12-03;19;2499
12;2025-12-03;20;1546
12;2025-12-03;21;930
12;2025-12-03;22;474
12;2025-12-03;23;249
12;2025-12-04;0;54
12;2025-12-04;1;2
12;2025-12-04;2;0
12;2025-12-04;3;0
12;2025-12-04;4;6
12;2025-12-04;5;322
12;2025-12-04;6;1372
12;2025-12-04;7;2755
12;2025-12-04;8;3678
12;2025-12-04;9;2507
12;2025-12-04;10;2100
12;2025-12-04;11;2021
12;2025-12-04;12;2101
12;2025-12-04;13;2067
12;2025-12-04;14;2076
12;2025-12-04;15;2306
12;2025-12-04;16;2821
12;2025-12-04;17;3101
12;2025-12-04;18;3258
12;2025-12-04;19;2499
12;2025-12-04;20;1546
12;2025-12-04;21;930
12;2025-12-04;22;474
12;2025-12-04;23;249
12;2025-12-05;0;59
12;2025-12-05;1;2
12;2025-12-05;2;0
12;2025-12-05;3;0
12;2025-12-05;4;4
12;2025-12-05;5;304
12;2025-12-05;6;1323
12;2025-12-05;7;2667
12;2025-12-05;8;3440
12;2025-12-05;9;2382
12;2025-12-05;10;1965
12;2025-12-05;11;1989
12;2025-12-05;12;2037
12;2025-12-05;13;2102
12;2025-12-05;14;2120
12;2025-12-05;15;2413
12;2025-12-05;16;3077
12;2025-12-05;17;3017
12;2025-12-05;18;2650
12;2025-12-05;19;2182
12;2025-12-05;20;1430
12;2025-12-05;21;980
12;2025-12-05;22;505
12;2025-12-05;23;304
12;2025-12-06;0;78
12;2025-12-06;1;5
12;2025-12-06;2;0
12;2025-12-06;3;0
12;2025-12-06;4;2
12;2025-12-06;5;211
12;2025-12-06;6;767
12;2025-12-06;7;879
12;2025-12-06;8;982
12;2025-12-06;9;1193
12;2025-12-06;10;1428
12;2025-12-06;11;1555
12;2025-12-06;12;1569
12;2025-12-06;13;1871
12;2025-12-06;14;1656
12;2025-12-06;15;1587
12;2025-12-06;16;1665
12;2025-12-06;17;1591
12;2025-12-06;18;1520
12;2025-12-06;19;1366
12;2025-12-06;20;925
12;2025-12-06;21;669
12;2025-12-06;22;408
12;2025-12-06;23;284
12;2025-12-07;0;90
12;2025-12-07;1;6
12;2025-12-07;2;0
12;2025-12-07;3;0
12;2025-12-07;4;3
12;2025-12-07;5;139
12;2025-12-07;6;501
12;2025-12-07;7;629
12;2025-12-07;8;718
12;2025-12-07;9;946
12;2025-12-07;10;1169
12;2025-12-07;11;1310
12;2025-12-07;12;1391
12;2025-12-07;13;1637
12;2025-12-07;14;1524
12;2025-12-07;15;1453
12;2025-12-07;16;1502
12;2025-12-07;17;1517
12;2025-12-07;18;1289
12;2025-12-07;19;1001
12;2025-12-07;20;732
12;2025-12-07;21;573
12;2025-12-07;22;383
12;2025-12-07;23;203
12;2025-12-08;0;53
12;2025-12-08;1;2
12;2025-12-08;2;0
12;2025-12-08;3;0
12;2025-12-08;4;6
12;2025-12-08;5;313
12;2025-12-08;6;1335
12;2025-12-08;7;2681
12;2025-12-08;8;3580
12;2025-12-08;9;2440
12;2025-12-08;10;2043
12;2025-12-08;11;1967
12;2025-12-08;12;2045
12;2025-12-08;13;2011
12;2025-12-08;14;2020
12;2025-12-08;15;2244
12;2025-12-08;16;2745
12;2025-12-08;17;3018
12;2025-12-08;18;3171
12;2025-12-08;19;2432
12;2025-12-08;20;1504
12;2025-12-08;21;905
12;2025-12-08;22;461
12;2025-12-08;23;243
12;2025-12-09;0;54
12;2025-12-09;1;2
12;2025-12-09;2;0
12;2025-12-09;3;0
12;2025-12-09;4;6
12;2025-12-09;5;322
12;2025-12-09;6;1372
12;2025-12-09;7;2755
12;2025-12-09;8;3678
12;2025-12-09;9;2507
12;2025-12-09;10;2100
12;2025-12-09;11;2021
12;2025-12-09;12;2101
12;2025-12-09;13;2067
12;2025-12-09;14;2076
12;2025-12-09;15;2306
12;2025-12-09;16;2821
12;2025-12-09;17;3101
12;2025-12-09;18;3258
12;2025-12-09;19;2499
12;2025-12-09;20;1546
12;2025-12-09;21;930
12;2025-12-09;22;474
12;2025-12-09;23;249
12;2025-12-10;0;54
12;2025-12-10;1;2
12;2025-12-10;2;0
12;2025-12-10;3;0
12;2025-12-10;4;6
12;2025-12-10;5;322
12;2025-12-10;6;1372
12;2025-12-10;7;2755
12;2025-12-10;8;3678
12;2025-12-10;9;2507
12;2025-12-10;10;2100
12;2025-12-10;11;2021
12;2025-12-10;12;2101
12;2025-12-10;13;2067
12;2025-12-10;14;2076
12;2025-12-10;15;2306
12;2025-12-10;16;2821
12;2025-12-10;17;3101
12;2025-12-10;18;3258
12;2025-12-10;19;2499
12;2025-12-10;20;1546
12;2025-12-10;21;930
12;2025-12-10;22;474
12;2025-12-10;23;249
12;2025-12-11;0;54
12;2025-12-11;1;2
12;2025-12-11;2;0
12;2025-12-11;3;0
12;2025-12-11;4;6
12;2025-12-11;5;322
12;2025-12-11;6;1372
12;2025-12-11;7;2755
12;2025-12-11;8;3678
12;2025-12-11;9;2507
12;2025-12-11;10;2100
12;2025-12-11;11;2021
12;2025-12-11;12;2101
12;2025-12-11;13;2067
12;2025-12-11;14;2076
12;2025-12-11;15;2306
12;2025-12-11;16;2821
12;2025-12-11;17;3101
12;2025-12-11;18;3258
12;2025-12-11;19;2499
12;2025-12-11;20;1546
12;2025-12-11;21;930
12;2025-12-11;22;474
12;2025-12-11;23;249
12;2025-12-12;0;59
12;2025-12-12;1;2
12;2025-12-12;2;0
12;2025-12-12;3;0
12;2025-12-12;4;4
12;2025-12-12;5;304
12;2025-12-12;6;1323
12;2025-12-12;7;2667
12;2025-12-12;8;3440
12;2025-12-12;9;2382
12;2025-12-12;10;1965
12;2025-12-12;11;1989
12;2025-12-12;12;2037
12;2025-12-12;13;2102
12;2025-12-12;14;2120
12;2025-12-12;15;2413
12;2025-12-12;16;3077
12;2025-12-12;17;3017
12;2025-12-12;18;2650
12;2025-12-12;19;2182
12;2025-12-12;20;1430
12;2025-12-12;21;980
12;2025-12-12;22;505
12;2025-12-12;23;304
12;2025-12-13;0;78
12;2025-12-13;1;5
12;2025-12-13;2;0
12;2025-12-13;3;0
12;2025-12-13;4;2
12;2025-12-13;5;211
12;2025-12-13;6;767
12;2025-12-13;7;879
12;2025-12-13;8;982
12;2025-12-13;9;1193
12;2025-12-13;10;1428
12;2025-12-13;11;1555
12;2025-12-13;12;1569
12;2025-12-13;13;1871
12;2025-12-13;14;1656
12;2025-12-13;15;1587
12;2025-12-13;16;1665
12;2025-12-13;17;1591
12;2025-12-13;18;1520
12;2025-12-13;19;1366
12;2025-12-13;20;925
12;2025-12-13;21;669
12;2025-12-13;22;408
12;2025-12-13;23;284
12;2025-12-14;0;90
12;2025-12-14;1;6
12;2025-12-14;2;0
12;2025-12-14;3;0
12;2025-12-14;4;3
12;2025-12-14;5;139
12;2025-12-14;6;501
12;2025-12-14;7;629
12;2025-12-14;8;718
12;2025-12-14;9;946
12;2025-12-14;10;1169
12;2025-12-14;11;1310
12;2025-12-14;12;1391
12;2025-12-14;13;1637
12;2025-12-14;14;1524
12;2025-12-14;15;1453
12;2025-12-14;16;1502
12;2025-12-14;17;1517
12;2025-12-14;18;1289
12;2025-12-14;19;1001
12;2025-12-14;20;732
12;2025-12-14;21;573
12;2025-12-14;22;383
12;2025-12-14;23;203
12;2025-12-15;0;53
12;2025-12-15;1;2
12;2025-12-15;2;0
12;2025-12-15;3;0
12;2025-12-15;4;6
12;2025-12-15;5;313
12;2025-12-15;6;1335
12;2025-12-15;7;2681
12;2025-12-15;8;3580
12;2025-12-15;9;2440
12;2025-12-15;10;2043
12;2025-12-15;11;1967
12;2025-12-15;12;2045
12;2025-12-15;13;2011
12;2025-12-15;14;2020
12;2025-12-15;15;2244
12;2025-12-15;16;2745
12;2025-12-15;17;3018
12;2025-12-15;18;3171
12;2025-12-15;19;2432
12;2025-12-15;20;1504
12;2025-12-15;21;905
12;2025-12-15;22;461
12;2025-12-15;23;243
12;2025-12-16;0;54
12;2025-12-16;1;2
12;2025-12-16;2;0
12;2025-12-16;3;0
12;2025-12-16;4;6
12;2025-12-16;5;322
12;2025-12-16;6;1372
12;2025-12-16;7;2755
12;2025-12-16;8;3678
12;2025-12-16;9;2507
12;2025-12-16;10;2100
12;2025-12-16;11;2021
12;2025-12-16;12;2101
12;2025-12-16;13;2067
12;2025-12-16;14;2076
12;2025-12-16;15;2306
12;2025-12-16;16;2821
12;2025-12-16;17;3101
12;2025-12-16;18;3258
12;2025-12-16;19;2499
12;2025-12-16;20;1546
12;2025-12-16;21;930
12;2025-12-16;22;474
12;2025-12-16;23;249
12;2025-12-17;0;54
12;2025-12-17;1;2
12;2025-12-17;2;0
12;2025-12-17;3;0
12;2025-12-17;4;6
12;2025-12-17;5;322
12;2025-12-17;6;1372
12;2025-12-17;7;2755
12;2025-12-17;8;3678
12;2025-12-17;9;2507
12;2025-12-17;10;2100
12;2025-12-17;11;2021
12;2025-12-17;12;2101
12;2025-12-17;13;2067
12;2025-12-17;14;2076
12;2025-12-17;15;2306
12;2025-12-17;16;2821
12;2025-12-17;17;3101
12;2025-12-17;18;3258
12;2025-12-17;19;2499
12;2025-12-17;20;1546
12;2025-12-17;21;930
12;2025-12-17;22;474
12;2025-12-17;23;249
12;2025-12-18;0;54
12;2025-12-18;1;2
12;2025-12-18;2;0
12;2025-12-18;3;0
12;2025-12-18;4;6
12;2025-12-18;5;322
12;2025-12-18;6;1372
12;2025-12-18;7;2755
12;2025-12-18;8;3678
12;2025-12-18;9;2507
12;2025-12-18;10;2100
12;2025-12-18;11;2021
12;2025-12-18;12;2101
12;2025-12-18;13;2067
12;2025-12-18;14;2076
12;2025-12-18;15;2306
12;2025-12-18;16;2821
12;2025-12-18;17;3101
12;2025-12-18;18;3258
12;2025-12-18;19;2499
12;2025-12-18;20;1546
12;2025-12-18;21;930
12;2025-12-18;22;474
12;2025-12-18;23;249
12;2025-12-19;0;59
12;2025-12-19;1;2
12;2025-12-19;2;0
12;2025-12-19;3;0
12;2025-12-19;4;4
12;2025-12-19;5;304
12;2025-12-19;6;1323
12;2025-12-19;7;2667
12;2025-12-19;8;3440
12;2025-12-19;9;2382
12;2025-12-19;10;1965
12;2025-12-19;11;1989
12;2025-12-19;12;2037
12;2025-12-19;13;2102
12;2025-12-19;14;2120
12;2025-12-19;15;2413
12;2025-12-19;16;3077
12;2025-12-19;17;3017
12;2025-12-19;18;2650
12;2025-12-19;19;2182
12;2025-12-19;20;1430
12;2025-12-19;21;980
12;2025-12-19;22;505
12;2025-12-19;23;304
12;2025-12-20;0;78
12;2025-12-20;1;5
12;2025-12-20;2;0
12;2025-12-20;3;0
12;2025-12-20;4;2
12;2025-12-20;5;211
12;2025-12-20;6;767
12;2025-12-20;7;879
12;2025-12-20;8;982
12;2025-12-20;9;1193
12;2025-12-20;10;1428
12;2025-12-20;11;1555
12;2025-12-20;12;1569
12;2025-12-20;13;1871
12;2025-12-20;14;1656
12;2025-12-20;15;1587
12;2025-12-20;16;1665
12;2025-12-20;17;1591
12;2025-12-20;18;1520
12;2025-12-20;19;1366
12;2025-12-20;20;925
12;2025-12-20;21;669
12;2025-12-20;22;408
12;2025-12-20;23;284
12;2025-12-21;0;90
12;2025-12-21;1;6
12;2025-12-21;2;0
12;2025-12-21;3;0
12;2025-12-21;4;3
12;2025-12-21;5;139
12;2025-12-21;6;501
12;2025-12-21;7;629
12;2025-12-21;8;718
12;2025-12-21;9;946
12;2025-12-21;10;1169
12;2025-12-21;11;1310
12;2025-12-21;12;1391
12;2025-12-21;13;1637
12;2025-12-21;14;1524
12;2025-12-21;15;1453
12;2025-12-21;16;1502
12;2025-12-21;17;1517
12;2025-12-21;18;1289
12;2025-12-21;19;1001
12;2025-12-21;20;732
12;2025-12-21;21;573
12;2025-12-21;22;383
12;2025-12-21;23;203
12;2025-12-22;0;53
12;2025-12-22;1;2
12;2025-12-22;2;0
12;2025-12-22;3;0
12;2025-12-22;4;6
12;2025-12-22;5;313
12;2025-12-22;6;1335
12;2025-12-22;7;2681
12;2025-12-22;8;3580
12;2025-12-22;9;2440
12;2025-12-22;10;2043
12;2025-12-22;11;1967
12;2025-12-22;12;2045
12;2025-12-22;13;2011
12;2025-12-22;14;2020
12;2025-12-22;15;2244
12;2025-12-22;16;2745
12;2025-12-22;17;3018
12;2025-12-22;18;3171
12;2025-12-22;19;2432
12;2025-12-22;20;1504
12;2025-12-22;21;905
12;2025-12-22;22;461
12;2025-12-22;23;243
12;2025-12-23;0;54
12;2025-12-23;1;2
12;2025-12-23;2;0
12;2025-12-23;3;0
12;2025-12-23;4;6
12;2025-12-23;5;322
12;2025-12-23;6;1372
12;2025-12-23;7;2755
12;2025-12-23;8;3678
12;2025-12-23;9;2507
12;2025-12-23;10;2100
12;2025-12-23;11;2021
12;2025-12-23;12;2101
12;2025-12-23;13;2067
12;2025-12-23;14;2076
12;2025-12-23;15;2306
12;2025-12-23;16;2821
12;2025-12-23;17;3101
12;2025-12-23;18;3258
12;2025-12-23;19;2499
12;2025-12-23;20;1546
12;2025-12-23;21;930
12;2025-12-23;22;474
12;2025-12-23;23;249
12;2025-12-24;0;54
12;2025-12-24;1;2
12;2025-12-24;2;0
12;2025-12-24;3;0
12;2025-12-24;4;6
12;2025-12-24;5;322
12;2025-12-24;6;1372
12;2025-12-24;7;2755
12;2025-12-24;8;3678
12;2025-12-24;9;2507
12;2025-12-24;10;2100
12;2025-12-24;11;2021
12;2025-12-24;12;2101
12;2025-12-24;13;2067
12;2025-12-24;14;2076
12;2025-12-24;15;2306
12;2025-12-24;16;2821
12;2025-12-24;17;3101
12;2025-12-24;18;3258
12;2025-12-24;19;2499
12;2025-12-24;20;1546
12;2025-12-24;21;930
12;2025-12-24;22;474
12;2025-12-24;23;249
12;2025-12-25;0;54
12;2025-12-25;1;2
12;2025-12-25;2;0
12;2025-12-25;3;0
12;2025-12-25;4;6
12;2025-12-25;5;322
12;2025-12-25;6;1372
12;2025-12-25;7;2755
12;2025-12-25;8;3678
12;2025-12-25;9;2507
12;2025-12-25;10;2100
12;2025-12-25;11;2021
12;2025-12-25;12;2101
12;2025-12-25;13;2067
12;2025-12-25;14;2076
12;2025-12-25;15;2306
12;2025-12-25;16;2821
12;2025-12-25;17;3101
12;2025-12-25;18;3258
12;2025-12-25;19;2499
12;2025-12-25;20;1546
12;2025-12-25;21;930
12;2025-12-25;22;474
12;2025-12-25;23;249
12;2025-12-26;0;59
12;2025-12-26;1;2
12;2025-12-26;2;0
12;2025-12-26;3;0
12;2025-12-26;4;4
12;2025-12-26;5;304
12;2025-12-26;6;1323
12;2025-12-26;7;2667
12;2025-12-26;8;3440
12;2025-12-26;9;2382
12;2025-12-26;10;1965
12;2025-12-26;11;1989
12;2025-12-26;12;2037
12;2025-12-26;13;2102
12;2025-12-26;14;2120
12;2025-12-26;15;2413
12;2025-12-26;16;3077
12;2025-12-26;17;3017
12;2025-12-26;18;2650
12;2025-12-26;19;2182
12;2025-12-26;20;1430
12;2025-12-26;21;980
12;2025-12-26;22;505
12;2025-12-26;23;304
12;2025-12-27;0;78
12;2025-12-27;1;5
12;2025-12-27;2;0
12;2025-12-27;3;0
12;2025-12-27;4;2
12;2025-12-27;5;211
12;2025-12-27;6;767
12;2025-12-27;7;879
12;2025-12-27;8;982
12;2025-12-27;9;1193
12;2025-12-27;10;1428
12;2025-12-27;11;1555
12;2025-12-27;12;1569
12;2025-12-27;13;1871
12;2025-12-27;14;1656
12;2025-12-27;15;1587
12;2025-12-27;16;1665
12;2025-12-27;17;1591
12;2025-12-27;18;1520
12;2025-12-27;19;1366
12;2025-12-27;20;925
12;2025-12-27;21;669
12;2025-12-27;22;408
12;2025-12-27;23;284
12;2025-12-28;0;90
12;2025-12-28;1;6
12;2025-12-28;2;0
12;2025-12-28;3;0
12;2025-12-28;4;3
12;2025-12-28;5;139
12;2025-12-28;6;501
12;2025-12-28;7;629
12;2025-12-28;8;718
12;2025-12-28;9;946
12;2025-12-28;10;1169
12;2025-12-28;11;1310
12;2025-12-28;12;1391
12;2025-12-28;13;1637
12;2025-12-28;14;1524
12;2025-12-28;15;1453
12;2025-12-28;16;1502
12;2025-12-28;17;1517
12;2025-12-28;18;1289
12;2025-12-28;19;1001
12;2025-12-28;20;732
12;2025-12-28;21;573
12;2025-12-28;22;383
12;2025-12-28;23;203
12;2025-12-29;0;47
12;2025-12-29;1;2
12;2025-12-29;2;0
12;2025-12-29;3;0
12;2025-12-29;4;5
12;2025-12-29;5;282
12;2025-12-29;6;1202
12;2025-12-29;7;2413
12;2025-12-29;8;3222
12;2025-12-29;9;2196
12;2025-12-29;10;1839
12;2025-12-29;11;1770
12;2025-12-29;12;1840
12;2025-12-29;13;1810
12;2025-12-29;14;1818
12;2025-12-29;15;2019
12;2025-12-29;16;2471
12;2025-12-29;17;2716
12;2025-12-29;18;2854
12;2025-12-29;19;2189
12;2025-12-29;20;1354
12;2025-12-29;21;814
12;2025-12-29;22;415
12;2025-12-29;23;218
12;2025-12-30;0;46
12;2025-12-30;1;2
12;2025-12-30;2;0
12;2025-12-30;3;0
12;2025-12-30;4;5
12;2025-12-30;5;274
12;2025-12-30;6;1166
12;2025-12-30;7;2342
12;2025-12-30;8;3127
12;2025-12-30;9;2131
12;2025-12-30;10;1785
12;2025-12-30;11;1718
12;2025-12-30;12;1786
12;2025-12-30;13;1757
12;2025-12-30;14;1764
12;2025-12-30;15;1960
12;2025-12-30;16;2398
12;2025-12-30;17;2636
12;2025-12-30;18;2770
12;2025-12-30;19;2124
12;2025-12-30;20;1314
12;2025-12-30;21;790
12;2025-12-30;22;403
12;2025-12-30;23;212
12;2025-12-31;0;67
12;2025-12-31;1;4
12;2025-12-31;2;0
12;2025-12-31;3;0
12;2025-12-31;4;2
12;2025-12-31;5;179
12;2025-12-31;6;652
12;2025-12-31;7;748
12;2025-12-31;8;835
12;2025-12-31;9;1014
12;2025-12-31;10;1214
12;2025-12-31;11;1322
12;2025-12-31;12;1334
12;2025-12-31;13;1590
12;2025-12-31;14;1407
12;2025-12-31;15;1349
12;2025-12-31;16;1415
12;2025-12-31;17;1352
12;2025-12-31;18;1292
12;2025-12-31;19;1161
12;2025-12-31;20;786
12;2025-12-31;21;568
12;2025-12-31;22;346
12;2025-12-31;23;242
17;2025-11-01;0;151
17;2025-11-01;1;30
17;2025-11-01;2;0
17;2025-11-01;3;0
17;2025-11-01;4;20
17;2025-11-01;5;245
17;2025-11-01;6;1198
17;2025-11-01;7;3156
17;2025-11-01;8;4120
17;2025-11-01;9;2948
17;2025-11-01;10;2340
17;2025-11-01;11;2352
17;2025-11-01;12;2388
17;2025-11-01;13;2442
17;2025-11-01;14;2511
17;2025-11-01;15;2779
17;2025-11-01;16;3334
17;2025-11-01;17;3688
17;2025-11-01;18;3439
17;2025-11-01;19;2511
17;2025-11-01;20;1835
17;2025-11-01;21;1237
17;2025-11-01;22;657
17;2025-11-01;23;362
17;2025-11-02;0;187
17;2025-11-02;1;26
17;2025-11-02;2;0
17;2025-11-02;3;0
17;2025-11-02;4;4
17;2025-11-02;5;110
17;2025-11-02;6;454
17;2025-11-02;7;832
17;2025-11-02;8;1288
17;2025-11-02;9;1760
17;2025-11-02;10;2072
17;2025-11-02;11;2639
17;2025-11-02;12;3053
17;2025-11-02;13;3339
17;2025-11-02;14;3417
17;2025-11-02;15;3391
17;2025-11-02;16;3295
17;2025-11-02;17;3134
17;2025-11-02;18;2720
17;2025-11-02;19;2190
17;2025-11-02;20;1648
17;2025-11-02;21;1182
17;2025-11-02;22;743
17;2025-11-02;23;329
17;2025-11-03;0;171
17;2025-11-03;1;23
17;2025-11-03;2;0
17;2025-11-03;3;0
17;2025-11-03;4;4
17;2025-11-03;5;108
17;2025-11-03;6;451
17;2025-11-03;7;898
17;2025-11-03;8;1339
17;2025-11-03;9;1771
17;2025-11-03;10;2023
17;2025-11-03;11;2511
17;2025-11-03;12;2862
17;2025-11-03;13;3087
17;2025-11-03;14;3148
17;2025-11-03;15;3129
17;2025-11-03;16;3093
17;2025-11-03;17;2914
17;2025-11-03;18;2560
17;2025-11-03;19;2062
17;2025-11-03;20;1571
17;2025-11-03;21;1135
17;2025-11-03;22;715
17;2025-11-03;23;345
17;2025-11-04;0;171
17;2025-11-04;1;23
17;2025-11-04;2;0
17;2025-11-04;3;0
17;2025-11-04;4;4
17;2025-11-04;5;108
17;2025-11-04;6;451
17;2025-11-04;7;898
17;2025-11-04;8;1339
17;2025-11-04;9;1771
17;2025-11-04;10;2023
17;2025-11-04;11;2511
17;2025-11-04;12;2862
17;2025-11-04;13;3087
17;2025-11-04;14;3148
17;2025-11-04;15;3129
17;2025-11-04;16;3093
17;2025-11-04;17;2914
17;2025-11-04;18;2560
17;2025-11-04;19;2062
17;2025-11-04;20;1571
17;2025-11-04;21;1135
17;2025-11-04;22;715
17;2025-11-04;23;345
17;2025-11-05;0;122
17;2025-11-05;1;12
17;2025-11-05;2;0
17;2025-11-05;3;0
17;2025-11-05;4;28
17;2025-11-05;5;336
17;2025-11-05;6;1640
17;2025-11-05;7;4351
17;2025-11-05;8;5718
17;2025-11-05;9;4046
17;2025-11-05;10;3158
17;2025-11-05;11;3129
17;2025-11-05;12;3173
17;2025-11-05;13;3236
17;2025-11-05;14;3330
17;2025-11-05;15;3459
17;2025-11-05;16;3902
17;2025-11-05;17;4775
17;2025-11-05;18;5140
17;2025-11-05;19;3549
17;2025-11-05;20;2466
17;2025-11-05;21;1520
17;2025-11-05;22;780
17;2025-11-05;23;377
17;2025-11-06;0;122
17;2025-11-06;1;12
17;2025-11-06;2;0
17;2025-11-06;3;0
17;2025-11-06;4;28
17;2025-11-06;5;336
17;2025-11-06;6;1640
17;2025-11-06;7;4351
17;2025-11-06;8;5718
17;2025-11-06;9;4046
17;2025-11-06;10;3158
17;2025-11-06;11;3129
17;2025-11-06;12;3173
17;2025-11-06;13;3236
17;2025-11-06;14;3330
17;2025-11-06;15;3459
17;2025-11-06;16;3902
17;2025-11-06;17;4775
17;2025-11-06;18;5140
17;2025-11-06;19;3549
17;2025-11-06;20;2466
17;2025-11-06;21;1520
17;2025-11-06;22;780
17;2025-11-06;23;377
17;2025-11-07;0;144
17;2025-11-07;1;17
17;2025-11-07;2;0
17;2025-11-07;3;0
17;2025-11-07;4;26
17;2025-11-07;5;316
17;2025-11-07;6;1543
17;2025-11-07;7;4066
17;2025-11-07;8;5308
17;2025-11-07;9;3797
17;2025-11-07;10;3014
17;2025-11-07;11;3029
17;2025-11-07;12;3076
17;2025-11-07;13;3145
17;2025-11-07;14;3234
17;2025-11-07;15;3579
17;2025-11-07;16;4295
17;2025-11-07;17;4751
17;2025-11-07;18;4430
17;2025-11-07;19;3234
17;2025-11-07;20;2365
17;2025-11-07;21;1594
17;2025-11-07;22;847
17;2025-11-07;23;466
17;2025-11-08;0;203
17;2025-11-08;1;27
17;2025-11-08;2;0
17;2025-11-08;3;0
17;2025-11-08;4;6
17;2025-11-08;5;138
17;2025-11-08;6;580
17;2025-11-08;7;1240
17;2025-11-08;8;1794
17;2025-11-08;9;2304
17;2025-11-08;10;2561
17;2025-11-08;11;3102
17;2025-11-08;12;3481
17;2025-11-08;13;3701
17;2025-11-08;14;3758
17;2025-11-08;15;3743
17;2025-11-08;16;3768
17;2025-11-08;17;3514
17;2025-11-08;18;3127
17;2025-11-08;19;2519
17;2025-11-08;20;1943
17;2025-11-08;21;1415
17;2025-11-08;22;894
17;2025-11-08;23;464
17;2025-11-09;0;187
17;2025-11-09;1;26
17;2025-11-09;2;0
17;2025-11-09;3;0
17;2025-11-09;4;4
17;2025-11-09;5;110
17;2025-11-09;6;454
17;2025-11-09;7;832
17;2025-11-09;8;1288
17;2025-11-09;9;1760
17;2025-11-09;10;2072
17;2025-11-09;11;2639
17;2025-11-09;12;3053
17;2025-11-09;13;3339
17;2025-11-09;14;3417
17;2025-11-09;15;3391
17;2025-11-09;16;3295
17;2025-11-09;17;3134
17;2025-11-09;18;2720
17;2025-11-09;19;2190
17;2025-11-09;20;1648
17;2025-11-09;21;1182
17;2025-11-09;22;743
17;2025-11-09;23;329
17;2025-11-10;0;119
17;2025-11-10;1;12
17;2025-11-10;2;0
17;2025-11-10;3;0
17;2025-11-10;4;28
17;2025-11-10;5;327
17;2025-11-10;6;1596
17;2025-11-10;7;4234
17;2025-11-10;8;5565
17;2025-11-10;9;3938
17;2025-11-10;10;3073
17;2025-11-10;11;3045
17;2025-11-10;12;3087
17;2025-11-10;13;3149
17;2025-11-10;14;3240
17;2025-11-10;15;3366
17;2025-11-10;16;3797
17;2025-11-10;17;4647
17;2025-11-10;18;5002
17;2025-11-10;19;3454
17;2025-11-10;20;2400
17;2025-11-10;21;1479
17;2025-11-10;22;759
17;2025-11-10;23;367
17;2025-11-11;0;122
17;2025-11-11;1;12
17;2025-11-11;2;0
17;2025-11-11;3;0
17;2025-11-11;4;28
17;2025-11-11;5;336
17;2025-11-11;6;1640
17;2025-11-11;7;4351
17;2025-11-11;8;5718
17;2025-11-11;9;4046
17;2025-11-11;10;3158
17;2025-11-11;11;3129
17;2025-11-11;12;3173
17;2025-11-11;13;3236
17;2025-11-11;14;3330
17;2025-11-11;15;3459
17;2025-11-11;16;3902
17;2025-11-11;17;4775
17;2025-11-11;18;5140
17;2025-11-11;19;3549
17;2025-11-11;20;2466
17;2025-11-11;21;1520
17;2025-11-11;22;780
17;2025-11-11;23;377
17;2025-11-12;0;122
17;2025-11-12;1;12
17;2025-11-12;2;0
17;2025-11-12;3;0
17;2025-11-12;4;28
17;2025-11-12;5;336
17;2025-11-12;6;1640
17;2025-11-12;7;4351
17;2025-11-12;8;5718
17;2025-11-12;9;4046
17;2025-11-12;10;3158
17;2025-11-12;11;3129
17;2025-11-12;12;3173
17;2025-11-12;13;3236
17;2025-11-12;14;3330
17;2025-11-12;15;3459
17;2025-11-12;16;3902
17;2025-11-12;17;4775
17;2025-11-12;18;5140
17;2025-11-12;19;3549
17;2025-11-12;20;2466
17;2025-11-12;21;1520
17;2025-11-12;22;780
17;2025-11-12;23;377
17;2025-11-13;0;122
17;2025-11-13;1;12
17;2025-11-13;2;0
17;2025-11-13;3;0
17;2025-11-13;4;28
17;2025-11-13;5;336
17;2025-11-13;6;1640
17;2025-11-13;7;4351
17;2025-11-13;8;5718
17;2025-11-13;9;4046
17;2025-11-13;10;3158
17;2025-11-13;11;3129
17;2025-11-13;12;3173
17;2025-11-13;13;3236
17;2025-11-13;14;3330
17;2025-11-13;15;3459
17;2025-11-13;16;3902
17;2025-11-13;17;4775
17;2025-11-13;18;5140
17;2025-11-13;19;3549
17;2025-11-13;20;2466
17;2025-11-13;21;1520
17;2025-11-13;22;780
17;2025-11-13;23;377
17;2025-11-14;0;144
17;2025-11-14;1;17
17;2025-11-14;2;0
17;2025-11-14;3;0
17;2025-11-14;4;26
17;2025-11-14;5;316
17;2025-11-14;6;1543
17;2025-11-14;7;4066
17;2025-11-14;8;5308
17;2025-11-14;9;3797
17;2025-11-14;10;3014
17;2025-11-14;11;3029
17;2025-11-14;12;3076
17;2025-11-14;13;3145
17;2025-11-14;14;3234
17;2025-11-14;15;3579
17;2025-11-14;16;4295
17;2025-11-14;17;4751
17;2025-11-14;18;4430
17;2025-11-14;19;3234
17;2025-11-14;20;2365
17;2025-11-14;21;1594
17;2025-11-14;22;847
17;2025-11-14;23;466
17;2025-11-15;0;203
17;2025-11-15;1;27
17;2025-11-15;2;0
17;2025-11-15;3;0
17;2025-11-15;4;6
17;2025-11-15;5;138
17;2025-11-15;6;580
17;2025-11-15;7;1240
17;2025-11-15;8;1794
17;2025-11-15;9;2304
17;2025-11-15;10;2561
17;2025-11-15;11;3102
17;2025-11-15;12;3481
17;2025-11-15;13;3701
17;2025-11-15;14;3758
17;2025-11-15;15;3743
17;2025-11-15;16;3768
17;2025-11-15;17;3514
17;2025-11-15;18;3127
17;2025-11-15;19;2519
17;2025-11-15;20;1943
17;2025-11-15;21;1415
17;2025-11-15;22;894
17;2025-11-15;23;464
17;2025-11-16;0;187
17;2025-11-16;1;26
17;2025-11-16;2;0
17;2025-11-16;3;0
17;2025-11-16;4;4
17;2025-11-16;5;110
17;2025-11-16;6;454
17;2025-11-16;7;832
17;2025-11-16;8;1288
17;2025-11-16;9;1760
17;2025-11-16;10;2072
17;2025-11-16;11;2639
17;2025-11-16;12;3053
17;2025-11-16;13;3339
17;2025-11-16;14;3417
17;2025-11-16;15;3391
17;2025-11-16;16;3295
17;2025-11-16;17;3134
17;2025-11-16;18;2720
17;2025-11-16;19;2190
17;2025-11-16;20;1648
17;2025-11-16;21;1182
17;2025-11-16;22;743
17;2025-11-16;23;329
17;2025-11-17;0;119
17;2025-11-17;1;12
17;2025-11-17;2;0
17;2025-11-17;3;0
17;2025-11-17;4;28
17;2025-11-17;5;327
17;2025-11-17;6;1596
17;2025-11-17;7;4234
17;2025-11-17;8;5565
17;2025-11-17;9;3938
17;2025-11-17;10;3073
17;2025-11-17;11;3045
17;2025-11-17;12;3087
17;2025-11-17;13;3149
17;2025-11-17;14;3240
17;2025-11-17;15;3366
17;2025-11-17;16;3797
17;2025-11-17;17;4647
17;2025-11-17;18;5002
17;2025-11-17;19;3454
17;2025-11-17;20;2400
17;2025-11-17;21;1479
17;2025-11-17;22;759
17;2025-11-17;23;367
17;2025-11-18;0;122
17;2025-11-18;1;12
17;2025-11-18;2;0
17;2025-11-18;3;0
17;2025-11-18;4;28
17;2025-11-18;5;336
17;2025-11-18;6;1640
17;2025-11-18;7;4351
17;2025-11-18;8;5718
17;2025-11-18;9;4046
17;2025-11-18;10;3158
17;2025-11-18;11;3129
17;2025-11-18;12;3173
17;2025-11-18;13;3236
17;2025-11-18;14;3330
17;2025-11-18;15;3459
17;2025-11-18;16;3902
17;2025-11-18;17;4775
17;2025-11-18;18;5140
17;2025-11-18;19;3549
17;2025-11-18;20;2466
17;2025-11-18;21;1520
17;2025-11-18;22;780
17;2025-11-18;23;377
17;2025-11-19;0;122
17;2025-11-19;1;12
17;2025-11-19;2;0
17;2025-11-19;3;0
17;2025-11-19;4;28
17;2025-11-19;5;336
17;2025-11-19;6;1640
17;2025-11-19;7;4351
17;2025-11-19;8;5718
17;2025-11-19;9;4046
17;2025-11-19;10;3158
17;2025-11-19;11;3129
17;2025-11-19;12;3173
17;2025-11-19;13;3236
17;2025-11-19;14;3330
17;2025-11-19;15;3459
17;2025-11-19;16;3902
17;2025-11-19;17;4775
17;2025-11-19;18;5140
17;2025-11-19;19;3549
17;2025-11-19;20;2466
17;2025-11-19;21;1520
17;2025-11-19;22;780
17;2025-11-19;23;377
17;2025-11-20;0;122
17;2025-11-20;1;12
17;2025-11-20;2;0
17;2025-11-20;3;0
17;2025-11-20;4;28
17;2025-11-20;5;336
17;2025-11-20;6;1640
17;2025-11-20;7;4351
17;2025-11-20;8;5718
17;2025-11-20;9;4046
17;2025-11-20;10;3158
17;2025-11-20;11;3129
17;2025-11-20;12;3173
17;2025-11-20;13;3236
17;2025-11-20;14;3330
17;2025-11-20;15;3459
17;2025-11-20;16;3902
17;2025-11-20;17;4775
17;2025-11-20;18;5140
17;2025-11-20;19;3549
17;2025-11-20;20;2466
17;2025-11-20;21;1520
17;2025-11-20;22;780
17;2025-11-20;23;377
17;2025-11-21;0;144
17;2025-11-21;1;17
17;2025-11-21;2;0
17;2025-11-21;3;0
17;2025-11-21;4;26
17;2025-11-21;5;316
17;2025-11-21;6;1543
17;2025-11-21;7;4066
17;2025-11-21;8;5308
17;2025-11-21;9;3797
17;2025-11-21;10;3014
17;2025-11-21;11;3029
17;2025-11-21;12;3076
17;2025-11-21;13;3145
17;2025-11-21;14;3234
17;2025-11-21;15;3579
17;2025-11-21;16;4295
17;2025-11-21;17;4751
17;2025-11-21;18;4430
17;2025-11-21;19;3234
17;2025-11-21;20;2365
17;2025-11-21;21;1594
17;2025-11-21;22;847
17;2025-11-21;23;466
17;2025-11-22;0;203
17;2025-11-22;1;27
17;2025-11-22;2;0
17;2025-11-22;3;0
17;2025-11-22;4;6
17;2025-11-22;5;138
17;2025-11-22;6;580
17;2025-11-22;7;1240
17;2025-11-22;8;1794
17;2025-11-22;9;2304
17;2025-11-22;10;2561
17;2025-11-22;11;3102
17;2025-11-22;12;3481
17;2025-11-22;13;3701
17;2025-11-22;14;3758
17;2025-11-22;15;3743
17;2025-11-22;16;3768
17;2025-11-22;17;3514
17;2025-11-22;18;3127
17;2025-11-22;19;2519
17;2025-11-22;20;1943
17;2025-11-22;21;1415
17;2025-11-22;22;894
17;2025-11-22;23;464
17;2025-11-23;0;187
17;2025-11-23;1;26
17;2025-11-23;2;0
17;2025-11-23;3;0
17;2025-11-23;4;4
17;2025-11-23;5;110
17;2025-11-23;6;454
17;2025-11-23;7;832
17;2025-11-23;8;1288
17;2025-11-23;9;1760
17;2025-11-23;10;2072
17;2025-11-23;11;2639
17;2025-11-23;12;3053
17;2025-11-23;13;3339
17;2025-11-23;14;3417
17;2025-11-23;15;3391
17;2025-11-23;16;3295
17;2025-11-23;17;3134
17;2025-11-23;18;2720
17;2025-11-23;19;2190
17;2025-11-23;20;1648
17;2025-11-23;21;1182
17;2025-11-23;22;743
17;2025-11-23;23;329
17;2025-11-24;0;119
17;2025-11-24;1;12
17;2025-11-24;2;0
17;2025-11-24;3;0
17;2025-11-24;4;28
17;2025-11-24;5;327
17;2025-11-24;6;1596
17;2025-11-24;7;4234
17;2025-11-24;8;5565
17;2025-11-24;9;3938
17;2025-11-24;10;3073
17;2025-11-24;11;3045
17;2025-11-24;12;3087
17;2025-11-24;13;3149
17;2025-11-24;14;3240
17;2025-11-24;15;3366
17;2025-11-24;16;3797
17;2025-11-24;17;4647
17;2025-11-24;18;5002
17;2025-11-24;19;3454
17;2025-11-24;20;2400
17;2025-11-24;21;1479
17;2025-11-24;22;759
17;2025-11-24;23;367
17;2025-11-25;0;122
17;2025-11-25;1;12
17;2025-11-25;2;0
17;2025-11-25;3;0
17;2025-11-25;4;28
17;2025-11-25;5;336
17;2025-11-25;6;1640
17;2025-11-25;7;4351
17;2025-11-25;8;5718
17;2025-11-25;9;4046
17;2025-11-25;10;3158
17;2025-11-25;11;3129
17;2025-11-25;12;3173
17;2025-11-25;13;3236
17;2025-11-25;14;3330
17;2025-11-25;15;3459
17;2025-11-25;16;3902
17;2025-11-25;17;4775
17;2025-11-25;18;5140
17;2025-11-25;19;3549
17;2025-11-25;20;2466
17;2025-11-25;21;1520
17;2025-11-25;22;780
17;2025-11-25;23;377
17;2025-11-26;0;122
17;2025-11-26;1;12
17;2025-11-26;2;0
17;2025-11-26;3;0
17;2025-11-26;4;28
17;2025-11-26;5;336
17;2025-11-26;6;1640
17;2025-11-26;7;4351
17;2025-11-26;8;5718
17;2025-11-26;9;4046
17;2025-11-26;10;3158
17;2025-11-26;11;3129
17;2025-11-26;12;3173
17;2025-11-26;13;3236
17;2025-11-26;14;3330
17;2025-11-26;15;3459
17;2025-11-26;16;3902
17;2025-11-26;17;4775
17;2025-11-26;18;5140
17;2025-11-26;19;3549
17;2025-11-26;20;2466
17;2025-11-26;21;1520
17;2025-11-26;22;780
17;2025-11-26;23;377
17;2025-11-27;0;122
17;2025-11-27;1;12
17;2025-11-27;2;0
17;2025-11-27;3;0
17;2025-11-27;4;28
17;2025-11-27;5;336
17;2025-11-27;6;1640
17;2025-11-27;7;4351
17;2025-11-27;8;5718
17;2025-11-27;9;4046
17;2025-11-27;10;3158
17;2025-11-27;11;3129
17;2025-11-27;12;3173
17;2025-11-27;13;3236
17;2025-11-27;14;3330
17;2025-11-27;15;3459
17;2025-11-27;16;3902
17;2025-11-27;17;4775
17;2025-11-27;18;5140
17;2025-11-27;19;3549
17;2025-11-27;20;2466
17;2025-11-27;21;1520
17;2025-11-27;22;780
17;2025-11-27;23;377
17;2025-11-28;0;144
17;2025-11-28;1;17
17;2025-11-28;2;0
17;2025-11-28;3;0
17;2025-11-28;4;26
17;2025-11-28;5;316
17;2025-11-28;6;1543
17;2025-11-28;7;4066
17;2025-11-28;8;5308
17;2025-11-28;9;3797
17;2025-11-28;10;3014
17;2025-11-28;11;3029
17;2025-11-28;12;3076
17;2025-11-28;13;3145
17;2025-11-28;14;3234
17;2025-11-28;15;3579
17;2025-11-28;16;4295
17;2025-11-28;17;4751
17;2025-11-28;18;4430
17;2025-11-28;19;3234
17;2025-11-28;20;2365
17;2025-11-28;21;1594
17;2025-11-28;22;847
17;2025-11-28;23;466
17;2025-11-29;0;203
17;2025-11-29;1;27
17;2025-11-29;2;0
17;2025-11-29;3;0
17;2025-11-29;4;6
17;2025-11-29;5;138
17;2025-11-29;6;580
17;2025-11-29;7;1240
17;2025-11-29;8;1794
17;2025-11-29;9;2304
17;2025-11-29;10;2561
17;2025-11-29;11;3102
17;2025-11-29;12;3481
17;2025-11-29;13;3701
17;2025-11-29;14;3758
17;2025-11-29;15;3743
17;2025-11-29;16;3768
17;2025-11-29;17;3514
17;2025-11-29;18;3127
17;2025-11-29;19;2519
17;2025-11-29;20;1943
17;2025-11-29;21;1415
17;2025-11-29;22;894
17;2025-11-29;23;464
17;2025-11-30;0;187
17;2025-11-30;1;26
17;2025-11-30;2;0
17;2025-11-30;3;0
17;2025-11-30;4;4
17;2025-11-30;5;110
17;2025-11-30;6;454
17;2025-11-30;7;832
17;2025-11-30;8;1288
17;2025-11-30;9;1760
17;2025-11-30;10;2072
17;2025-11-30;11;2639
17;2025-11-30;12;3053
17;2025-11-30;13;3339
17;2025-11-30;14;3417
17;2025-11-30;15;3391
17;2025-11-30;16;3295
17;2025-11-30;17;3134
17;2025-11-30;18;2720
17;2025-11-30;19;2190
17;2025-11-30;20;1648
17;2025-11-30;21;1182
17;2025-11-30;22;743
17;2025-11-30;23;329
17;2025-12-01;0;115
17;2025-12-01;1;11
17;2025-12-01;2;0
17;2025-12-01;3;0
17;2025-12-01;4;27
17;2025-12-01;5;322
17;2025-12-01;6;1566
17;2025-12-01;7;4131
17;2025-12-01;8;5453
17;2025-12-01;9;3849
17;2025-12-01;10;3002
17;2025-12-01;11;2974
17;2025-12-01;12;3019
17;2025-12-01;13;3080
17;2025-12-01;14;3165
17;2025-12-01;15;3302
17;2025-12-01;16;3721
17;2025-12-01;17;4558
17;2025-12-01;18;4929
17;2025-12-01;19;3418
17;2025-12-01;20;2364
17;2025-12-01;21;1452
17;2025-12-01;22;754
17;2025-12-01;23;358
17;2025-12-02;0;118
17;2025-12-02;1;12
17;2025-12-02;2;0
17;2025-12-02;3;0
17;2025-12-02;4;28
17;2025-12-02;5;331
17;2025-12-02;6;1609
17;2025-12-02;7;4245
17;2025-12-02;8;5604
17;2025-12-02;9;3955
17;2025-12-02;10;3085
17;2025-12-02;11;3056
17;2025-12-02;12;3102
17;2025-12-02;13;3165
17;2025-12-02;14;3253
17;2025-12-02;15;3393
17;2025-12-02;16;3824
17;2025-12-02;17;4683
17;2025-12-02;18;5064
17;2025-12-02;19;3512
17;2025-12-02;20;2429
17;2025-12-02;21;1492
17;2025-12-02;22;775
17;2025-12-02;23;368
17;2025-12-03;0;118
17;2025-12-03;1;12
17;2025-12-03;2;0
17;2025-12-03;3;0
17;2025-12-03;4;28
17;2025-12-03;5;331
17;2025-12-03;6;1609
17;2025-12-03;7;4245
17;2025-12-03;8;5604
17;2025-12-03;9;3955
17;2025-12-03;10;3085
17;2025-12-03;11;3056
17;2025-12-03;12;3102
17;2025-12-03;13;3165
17;2025-12-03;14;3253
17;2025-12-03;15;3393
17;2025-12-03;16;3824
17;2025-12-03;17;4683
17;2025-12-03;18;5064
17;2025-12-03;19;3512
17;2025-12-03;20;2429
17;2025-12-03;21;1492
17;2025-12-03;22;775
17;2025-12-03;23;368
17;2025-12-04;0;118
17;2025-12-04;1;12
17;2025-12-04;2;0
17;2025-12-04;3;0
17;2025-12-04;4;28
17;2025-12-04;5;331
17;2025-12-04;6;1609
17;2025-12-04;7;4245
17;2025-12-04;8;5604
17;2025-12-04;9;3955
17;2025-12-04;10;3085
17;2025-12-04;11;3056
17;2025-12-04;12;3102
17;2025-12-04;13;3165
17;2025-12-04;14;3253
17;2025-12-04;15;3393
17;2025-12-04;16;3824
17;2025-12-04;17;4683
17;2025-12-04;18;5064
17;2025-12-04;19;3512
17;2025-12-04;20;2429
17;2025-12-04;21;1492
17;2025-12-04;22;775
17;2025-12-04;23;368
17;2025-12-05;0;141
17;2025-12-05;1;16
17;2025-12-05;2;0
17;2025-12-05;3;0
17;2025-12-05;4;26
17;2025-12-05;5;310
17;2025-12-05;6;1512
17;2025-12-05;7;3961
17;2025-12-05;8;5203
17;2025-12-05;9;3715
17;2025-12-05;10;2950
17;2025-12-05;11;2958
17;2025-12-05;12;3020
17;2025-12-05;13;3083
17;2025-12-05;14;3175
17;2025-12-05;15;3526
17;2025-12-05;16;4224
17;2025-12-05;17;4647
17;2025-12-05;18;4357
17;2025-12-05;19;3173
17;2025-12-05;20;2316
17;2025-12-05;21;1562
17;2025-12-05;22;845
17;2025-12-05;23;454
17;2025-12-06;0;198
17;2025-12-06;1;26
17;2025-12-06;2;0
17;2025-12-06;3;0
17;2025-12-06;4;5
17;2025-12-06;5;134
17;2025-12-06;6;564
17;2025-12-06;7;1201
17;2025-12-06;8;1745
17;2025-12-06;9;2244
17;2025-12-06;10;2492
17;2025-12-06;11;3028
17;2025-12-06;12;3408
17;2025-12-06;13;3612
17;2025-12-06;14;3676
17;2025-12-06;15;3660
17;2025-12-06;16;3686
17;2025-12-06;17;3446
17;2025-12-06;18;3070
17;2025-12-06;19;2482
17;2025-12-06;20;1907
17;2025-12-06;21;1392
17;2025-12-06;22;888
17;2025-12-06;23;454
17;2025-12-07;0;181
17;2025-12-07;1;25
17;2025-12-07;2;0
17;2025-12-07;3;0
17;2025-12-07;4;4
17;2025-12-07;5;107
17;2025-12-07;6;442
17;2025-12-07;7;801
17;2025-12-07;8;1256
17;2025-12-07;9;1716
17;2025-12-07;10;2018
17;2025-12-07;11;2565
17;2025-12-07;12;2980
17;2025-12-07;13;3264
17;2025-12-07;14;3328
17;2025-12-07;15;3312
17;2025-12-07;16;3217
17;2025-12-07;17;3061
17;2025-12-07;18;2660
17;2025-12-07;19;2145
17;2025-12-07;20;1620
17;2025-12-07;21;1156
17;2025-12-07;22;729
17;2025-12-07;23;321
17;2025-12-08;0;115
17;2025-12-08;1;11
17;2025-12-08;2;0
17;2025-12-08;3;0
17;2025-12-08;4;27
17;2025-12-08;5;322
17;2025-12-08;6;1566
17;2025-12-08;7;4131
17;2025-12-08;8;5453
17;2025-12-08;9;3849
17;2025-12-08;10;3002
17;2025-12-08;11;2974
17;2025-12-08;12;3019
17;2025-12-08;13;3080
17;2025-12-08;14;3165
17;2025-12-08;15;3302
17;2025-12-08;16;3721
17;2025-12-08;17;4558
17;2025-12-08;18;4929
17;2025-12-08;19;3418
17;2025-12-08;20;2364
17;2025-12-08;21;1452
17;2025-12-08;22;754
17;2025-12-08;23;358
17;2025-12-09;0;118
17;2025-12-09;1;12
17;2025-12-09;2;0
17;2025-12-09;3;0
17;2025-12-09;4;28
17;2025-12-09;5;331
17;2025-12-09;6;1609
17;2025-12-09;7;4245
17;2025-12-09;8;5604
17;2025-12-09;9;3955
17;2025-12-09;10;3085
17;2025-12-09;11;3056
17;2025-12-09;12;3102
17;2025-12-09;13;3165
17;2025-12-09;14;3253
17;2025-12-09;15;3393
17;2025-12-09;16;3824
17;2025-12-09;17;4683
17;2025-12-09;18;5064
17;2025-12-09;19;3512
17;2025-12-09;20;2429
17;2025-12-09;21;1492
17;2025-12-09;22;775
17;2025-12-09;23;368
17;2025-12-10;0;118
17;2025-12-10;1;12
17;2025-12-10;2;0
17;2025-12-10;3;0
17;2025-12-10;4;28
17;2025-12-10;5;331
17;2025-12-10;6;1609
17;2025-12-10;7;4245
17;2025-12-10;8;5604
17;2025-12-10;9;3955
17;2025-12-10;10;3085
17;2025-12-10;11;3056
17;2025-12-10;12;3102
17;2025-12-10;13;3165
17;2025-12-10;14;3253
17;2025-12-10;15;3393
17;2025-12-10;16;3824
17;2025-12-10;17;4683
17;2025-12-10;18;5064
17;2025-12-10;19;3512
17;2025-12-10;20;2429
17;2025-12-10;21;1492
17;2025-12-10;22;775
17;2025-12-10;23;368
17;2025-12-11;0;118
17;2025-12-11;1;12
17;2025-12-11;2;0
17;2025-12-11;3;0
17;2025-12-11;4;28
17;2025-12-11;5;331
17;2025-12-11;6;1609
17;2025-12-11;7;4245
17;2025-12-11;8;5604
17;2025-12-11;9;3955
17;2025-12-11;10;3085
17;2025-12-11;11;3056
17;2025-12-11;12;3102
17;2025-12-11;13;3165
17;2025-12-11;14;3253
17;2025-12-11;15;3393
17;2025-12-11;16;3824
17;2025-12-11;17;4683
17;2025-12-11;18;5064
17;2025-12-11;19;3512
17;2025-12-11;20;2429
17;2025-12-11;21;1492
17;2025-12-11;22;775
17;2025-12-11;23;368
17;2025-12-12;0;141
17;2025-12-12;1;16
17;2025-12-12;2;0
17;2025-12-12;3;0
17;2025-12-12;4;26
17;2025-12-12;5;310
17;2025-12-12;6;1512
17;2025-12-12;7;3961
17;2025-12-12;8;5203
17;2025-12-12;9;3715
17;2025-12-12;10;2950
17;2025-12-12;11;2958
17;2025-12-12;12;3020
17;2025-12-12;13;3083
17;2025-12-12;14;3175
17;2025-12-12;15;3526
17;2025-12-12;16;4224
17;2025-12-12;17;4647
17;2025-12-12;18;4357
17;2025-12-12;19;3173
17;2025-12-12;20;2316
17;2025-12-12;21;1562
17;2025-12-12;22;845
17;2025-12-12;23;454
17;2025-12-13;0;198
17;2025-12-13;1;26
17;2025-12-13;2;0
17;2025-12-13;3;0
17;2025-12-13;4;5
17;2025-12-13;5;134
17;2025-12-13;6;564
17;2025-12-13;7;1201
17;2025-12-13;8;1745
17;2025-12-13;9;2244
17;2025-12-13;10;2492
17;2025-12-13;11;3028
17;2025-12-13;12;3408
17;2025-12-13;13;3612
17;2025-12-13;14;3676
17;2025-12-13;15;3660
17;2025-12-13;16;3686
17;2025-12-13;17;3446
17;2025-12-13;18;3070
17;2025-12-13;19;2482
17;2025-12-13;20;1907
17;2025-12-13;21;1392
17;2025-12-13;22;888
17;2025-12-13;23;454
17;2025-12-14;0;181
17;2025-12-14;1;25
17;2025-12-14;2;0
17;2025-12-14;3;0
17;2025-12-14;4;4
17;2025-12-14;5;107
17;2025-12-14;6;442
17;2025-12-14;7;801
17;2025-12-14;8;1256
17;2025-12-14;9;1716
17;2025-12-14;10;2018
17;2025-12-14;11;2565
17;2025-12-14;12;2980
17;2025-12-14;13;3264
17;2025-12-14;14;3328
17;2025-12-14;15;3312
17;2025-12-14;16;3217
17;2025-12-14;17;3061
17;2025-12-14;18;2660
17;2025-12-14;19;2145
17;2025-12-14;20;1620
17;2025-12-14;21;1156
17;2025-12-14;22;729
17;2025-12-14;23;321
17;2025-12-15;0;115
17;2025-12-15;1;11
17;2025-12-15;2;0
17;2025-12-15;3;0
17;2025-12-15;4;27
17;2025-12-15;5;322
17;2025-12-15;6;1566
17;2025-12-15;7;4131
17;2025-12-15;8;5453
17;2025-12-15;9;3849
17;2025-12-15;10;3002
17;2025-12-15;11;2974
17;2025-12-15;12;3019
17;2025-12-15;13;3080
17;2025-12-15;14;3165
17;2025-12-15;15;3302
17;2025-12-15;16;3721
17;2025-12-15;17;4558
17;2025-12-15;18;4929
17;2025-12-15;19;3418
17;2025-12-15;20;2364
17;2025-12-15;21;1452
17;2025-12-15;22;754
17;2025-12-15;23;358
17;2025-12-16;0;118
17;2025-12-16;1;12
17;2025-12-16;2;0
17;2025-12-16;3;0
17;2025-12-16;4;28
17;2025-12-16;5;331
17;2025-12-16;6;1609
17;2025-12-16;7;4245
17;2025-12-16;8;5604
17;2025-12-16;9;3955
17;2025-12-16;10;3085
17;2025-12-16;11;3056
17;2025-12-16;12;3102
17;2025-12-16;13;3165
17;2025-12-16;14;3253
17;2025-12-16;15;3393
17;2025-12-16;16;3824
17;2025-12-16;17;4683
17;2025-12-16;18;5064
17;2025-12-16;19;3512
17;2025-12-16;20;2429
17;2025-12-16;21;1492
17;2025-12-16;22;775
17;2025-12-16;23;368
17;2025-12-17;0;118
17;2025-12-17;1;12
17;2025-12-17;2;0
17;2025-12-17;3;0
17;2025-12-17;4;28
17;2025-12-17;5;331
17;2025-12-17;6;1609
17;2025-12-17;7;4245
17;2025-12-17;8;5604
17;2025-12-17;9;3955
17;2025-12-17;10;3085
17;2025-12-17;11;3056
17;2025-12-17;12;3102
17;2025-12-17;13;3165
17;2025-12-17;14;3253
17;2025-12-17;15;3393
17;2025-12-17;16;3824
17;2025-12-17;17;4683
17;2025-12-17;18;5064
17;2025-12-17;19;3512
17;2025-12-17;20;2429
17;2025-12-17;21;1492
17;2025-12-17;22;775
17;2025-12-17;23;368
17;2025-12-18;0;118
17;2025-12-18;1;12
17;2025-12-18;2;0
17;2025-12-18;3;0
17;2025-12-18;4;28
17;2025-12-18;5;331
17;2025-12-18;6;1609
17;2025-12-18;7;4245
17;2025-12-18;8;5604
17;2025-12-18;9;3955
17;2025-12-18;10;3085
17;2025-12-18;11;3056
17;2025-12-18;12;3102
17;2025-12-18;13;3165
17;2025-12-18;14;3253
17;2025-12-18;15;3393
17;2025-12-18;16;3824
17;2025-12-18;17;4683
17;2025-12-18;18;5064
17;2025-12-18;19;3512
17;2025-12-18;20;2429
17;2025-12-18;21;1492
17;2025-12-18;22;775
17;2025-12-18;23;368
17;2025-12-19;0;141
17;2025-12-19;1;16
17;2025-12-19;2;0
17;2025-12-19;3;0
17;2025-12-19;4;26
17;2025-12-19;5;310
17;2025-12-19;6;1512
17;2025-12-19;7;3961
17;2025-12-19;8;5203
17;2025-12-19;9;3715
17;2025-12-19;10;2950
17;2025-12-19;11;2958
17;2025-12-19;12;3020
17;2025-12-19;13;3083
17;2025-12-19;14;3175
17;2025-12-19;15;3526
17;2025-12-19;16;4224
17;2025-12-19;17;4647
17;2025-12-19;18;4357
17;2025-12-19;19;3173
17;2025-12-19;20;2316
17;2025-12-19;21;1562
17;2025-12-19;22;845
17;2025-12-19;23;454
17;2025-12-20;0;198
17;2025-12-20;1;26
17;2025-12-20;2;0
17;2025-12-20;3;0
17;2025-12-20;4;5
17;2025-12-20;5;134
17;2025-12-20;6;564
17;2025-12-20;7;1201
17;2025-12-20;8;1745
17;2025-12-20;9;2244
17;2025-12-20;10;2492
17;2025-12-20;11;3028
17;2025-12-20;12;3408
17;2025-12-20;13;3612
17;2025-12-20;14;3676
17;2025-12-20;15;3660
17;2025-12-20;16;3686
17;2025-12-20;17;3446
17;2025-12-20;18;3070
17;2025-12-20;19;2482
17;2025-12-20;20;1907
17;2025-12-20;21;1392
17;2025-12-20;22;888
17;2025-12-20;23;454
17;2025-12-21;0;181
17;2025-12-21;1;25
17;2025-12-21;2;0
17;2025-12-21;3;0
17;2025-12-21;4;4
17;2025-12-21;5;107
17;2025-12-21;6;442
17;2025-12-21;7;801
17;2025-12-21;8;1256
17;2025-12-21;9;1716
17;2025-12-21;10;2018
17;2025-12-21;11;2565
17;2025-12-21;12;2980
17;2025-12-21;13;3264
17;2025-12-21;14;3328
17;2025-12-21;15;3312
17;2025-12-21;16;3217
17;2025-12-21;17;3061
17;2025-12-21;18;2660
17;2025-12-21;19;2145
17;2025-12-21;20;1620
17;2025-12-21;21;1156
17;2025-12-21;22;729
17;2025-12-21;23;321
17;2025-12-22;0;115
17;2025-12-22;1;11
17;2025-12-22;2;0
17;2025-12-22;3;0
17;2025-12-22;4;27
17;2025-12-22;5;322
17;2025-12-22;6;1566
17;2025-12-22;7;4131
17;2025-12-22;8;5453
17;2025-12-22;9;3849
17;2025-12-22;10;3002
17;2025-12-22;11;2974
17;2025-12-22;12;3019
17;2025-12-22;13;3080
17;2025-12-22;14;3165
17;2025-12-22;15;3302
17;2025-12-22;16;3721
17;2025-12-22;17;4558
17;2025-12-22;18;4929
17;2025-12-22;19;3418
17;2025-12-22;20;2364
17;2025-12-22;21;1452
17;2025-12-22;22;754
17;2025-12-22;23;358
17;2025-12-23;0;118
17;2025-12-23;1;12
17;2025-12-23;2;0
17;2025-12-23;3;0
17;2025-12-23;4;28
17;2025-12-23;5;331
17;2025-12-23;6;1609
17;2025-12-23;7;4245
17;2025-12-23;8;5604
17;2025-12-23;9;3955
17;2025-12-23;10;3085
17;2025-12-23;11;3056
17;2025-12-23;12;3102
17;2025-12-23;13;3165
17;2025-12-23;14;3253
17;2025-12-23;15;3393
17;2025-12-23;16;3824
17;2025-12-23;17;4683
17;2025-12-23;18;5064
17;2025-12-23;19;3512
17;2025-12-23;20;2429
17;2025-12-23;21;1492
17;2025-12-23;22;775
17;2025-12-23;23;368
17;2025-12-24;0;118
17;2025-12-24;1;12
17;2025-12-24;2;0
17;2025-12-24;3;0
17;2025-12-24;4;28
17;2025-12-24;5;331
17;2025-12-24;6;1609
17;2025-12-24;7;4245
17;2025-12-24;8;5604
17;2025-12-24;9;3955
17;2025-12-24;10;3085
17;2025-12-24;11;3056
17;2025-12-24;12;3102
17;2025-12-24;13;3165
17;2025-12-24;14;3253
17;2025-12-24;15;3393
17;2025-12-24;16;3824
17;2025-12-24;17;4683
17;2025-12-24;18;5064
17;2025-12-24;19;3512
17;2025-12-24;20;2429
17;2025-12-24;21;1492
17;2025-12-24;22;775
17;2025-12-24;23;368
17;2025-12-25;0;118
17;2025-12-25;1;12
17;2025-12-25;2;0
17;2025-12-25;3;0
17;2025-12-25;4;28
17;2025-12-25;5;331
17;2025-12-25;6;1609
17;2025-12-25;7;4245
17;2025-12-25;8;5604
17;2025-12-25;9;3955
17;2025-12-25;10;3085
17;2025-12-25;11;3056
17;2025-12-25;12;3102
17;2025-12-25;13;3165
17;2025-12-25;14;3253
17;2025-12-25;15;3393
17;2025-12-25;16;3824
17;2025-12-25;17;4683
17;2025-12-25;18;5064
17;2025-12-25;19;3512
17;2025-12-25;20;2429
17;2025-12-25;21;1492
17;2025-12-25;22;775
17;2025-12-25;23;368
17;2025-12-26;0;141
17;2025-12-26;1;16
17;2025-12-26;2;0
17;2025-12-26;3;0
17;2025-12-26;4;26
17;2025-12-26;5;310
17;2025-12-26;6;1512
17;2025-12-26;7;3961
17;2025-12-26;8;5203
17;2025-12-26;9;3715
17;2025-12-26;10;2950
17;2025-12-26;11;2958
17;2025-12-26;12;3020
17;2025-12-26;13;3083
17;2025-12-26;14;3175
17;2025-12-26;15;3526
17;2025-12-26;16;4224
17;2025-12-26;17;4647
17;2025-12-26;18;4357
17;2025-12-26;19;3173
17;2025-12-26;20;2316
17;2025-12-26;21;1562
17;2025-12-26;22;845
17;2025-12-26;23;454
17;2025-12-27;0;198
17;2025-12-27;1;26
17;2025-12-27;2;0
17;2025-12-27;3;0
17;2025-12-27;4;5
17;2025-12-27;5;134
17;2025-12-27;6;564
17;2025-12-27;7;1201
17;2025-12-27;8;1745
17;2025-12-27;9;2244
17;2025-12-27;10;2492
17;2025-12-27;11;3028
17;2025-12-27;12;3408
17;2025-12-27;13;3612
17;2025-12-27;14;3676
17;2025-12-27;15;3660
17;2025-12-27;16;3686
17;2025-12-27;17;3446
17;2025-12-27;18;3070
17;2025-12-27;19;2482
17;2025-12-27;20;1907
17;2025-12-27;21;1392
17;2025-12-27;22;888
17;2025-12-27;23;454
17;2025-12-28;0;181
17;2025-12-28;1;25
17;2025-12-28;2;0
17;2025-12-28;3;0
17;2025-12-28;4;4
17;2025-12-28;5;107
17;2025-12-28;6;442
17;2025-12-28;7;801
17;2025-12-28;8;1256
17;2025-12-28;9;1716
17;2025-12-28;10;2018
17;2025-12-28;11;2565
17;2025-12-28;12;2980
17;2025-12-28;13;3264
17;2025-12-28;14;3328
17;2025-12-28;15;3312
17;2025-12-28;16;3217
17;2025-12-28;17;3061
17;2025-12-28;18;2660
17;2025-12-28;19;2145
17;2025-12-28;20;1620
17;2025-12-28;21;1156
17;2025-12-28;22;729
17;2025-12-28;23;321
17;2025-12-29;0;104
17;2025-12-29;1;10
17;2025-12-29;2;0
17;2025-12-29;3;0
17;2025-12-29;4;25
17;2025-12-29;5;290
17;2025-12-29;6;1409
17;2025-12-29;7;3718
17;2025-12-29;8;4908
17;2025-12-29;9;3464
17;2025-12-29;10;2702
17;2025-12-29;11;2677
17;2025-12-29;12;2717
17;2025-12-29;13;2772
17;2025-12-29;14;2849
17;2025-12-29;15;2972
17;2025-12-29;16;3349
17;2025-12-29;17;4102
17;2025-12-29;18;4436
17;2025-12-29;19;3076
17;2025-12-29;20;2127
17;2025-12-29;21;1306
17;2025-12-29;22;679
17;2025-12-29;23;323
17;2025-12-30;0;101
17;2025-12-30;1;10
17;2025-12-30;2;0
17;2025-12-30;3;0
17;2025-12-30;4;24
17;2025-12-30;5;282
17;2025-12-30;6;1368
17;2025-12-30;7;3608
17;2025-12-30;8;4763
17;2025-12-30;9;3362
17;2025-12-30;10;2622
17;2025-12-30;11;2598
17;2025-12-30;12;2637
17;2025-12-30;13;2690
17;2025-12-30;14;2765
17;2025-12-30;15;2884
17;2025-12-30;16;3250
17;2025-12-30;17;3981
17;2025-12-30;18;4305
17;2025-12-30;19;2985
17;2025-12-30;20;2064
17;2025-12-30;21;1268
17;2025-12-30;22;659
17;2025-12-30;23;313
17;2025-12-31;0;168
17;2025-12-31;1;22
17;2025-12-31;2;0
17;2025-12-31;3;0
17;2025-12-31;4;5
17;2025-12-31;5;114
17;2025-12-31;6;479
17;2025-12-31;7;1021
17;2025-12-31;8;1483
17;2025-12-31;9;1908
17;2025-12-31;10;2118
17;2025-12-31;11;2574
17;2025-12-31;12;2896
17;2025-12-31;13;3070
17;2025-12-31;14;3125
17;2025-12-31;15;3111
17;2025-12-31;16;3133
17;2025-12-31;17;2929
17;2025-12-31;18;2609
17;2025-12-31;19;2109
17;2025-12-31;20;1621
17;2025-12-31;21;1183
17;2025-12-31;22;755
17;2025-12-31;23;386
25;2025-11-01;0;0
25;2025-11-01;1;0
25;2025-11-01;2;0
25;2025-11-01;3;0
25;2025-11-01;4;0
25;2025-11-01;5;7
25;2025-11-01;6;175
25;2025-11-01;7;458
25;2025-11-01;8;726
25;2025-11-01;9;363
25;2025-11-01;10;318
25;2025-11-01;11;345
25;2025-11-01;12;347
25;2025-11-01;13;430
25;2025-11-01;14;395
25;2025-11-01;15;505
25;2025-11-01;16;667
25;2025-11-01;17;666
25;2025-11-01;18;564
25;2025-11-01;19;446
25;2025-11-01;20;270
25;2025-11-01;21;178
25;2025-11-01;22;111
25;2025-11-01;23;11
25;2025-11-02;0;18
25;2025-11-02;1;0
25;2025-11-02;2;0
25;2025-11-02;3;0
25;2025-11-02;4;0
25;2025-11-02;5;7
25;2025-11-02;6;85
25;2025-11-02;7;108
25;2025-11-02;8;211
25;2025-11-02;9;239
25;2025-11-02;10;243
25;2025-11-02;11;338
25;2025-11-02;12;397
25;2025-11-02;13;508
25;2025-11-02;14;568
25;2025-11-02;15;651
25;2025-11-02;16;569
25;2025-11-02;17;540
25;2025-11-02;18;447
25;2025-11-02;19;341
25;2025-11-02;20;240
25;2025-11-02;21;191
25;2025-11-02;22;111
25;2025-11-02;23;42
25;2025-11-03;0;10
25;2025-11-03;1;0
25;2025-11-03;2;0
25;2025-11-03;3;0
25;2025-11-03;4;0
25;2025-11-03;5;7
25;2025-11-03;6;81
25;2025-11-03;7;110
25;2025-11-03;8;230
25;2025-11-03;9;230
25;2025-11-03;10;238
25;2025-11-03;11;321
25;2025-11-03;12;365
25;2025-11-03;13;495
25;2025-11-03;14;526
25;2025-11-03;15;608
25;2025-11-03;16;548
25;2025-11-03;17;485
25;2025-11-03;18;415
25;2025-11-03;19;339
25;2025-11-03;20;223
25;2025-11-03;21;179
25;2025-11-03;22;109
25;2025-11-03;23;43
25;2025-11-04;0;10
25;2025-11-04;1;0
25;2025-11-04;2;0
25;2025-11-04;3;0
25;2025-11-04;4;0
25;2025-11-04;5;7
25;2025-11-04;6;81
25;2025-11-04;7;110
25;2025-11-04;8;230
25;2025-11-04;9;230
25;2025-11-04;10;238
25;2025-11-04;11;321
25;2025-11-04;12;365
25;2025-11-04;13;495
25;2025-11-04;14;526
25;2025-11-04;15;608
25;2025-11-04;16;548
25;2025-11-04;17;485
25;2025-11-04;18;415
25;2025-11-04;19;339
25;2025-11-04;20;223
25;2025-11-04;21;179
25;2025-11-04;22;109
25;2025-11-04;23;43
25;2025-11-05;0;4
25;2025-11-05;1;0
25;2025-11-05;2;0
25;2025-11-05;3;0
25;2025-11-05;4;0
25;2025-11-05;5;12
25;2025-11-05;6;240
25;2025-11-05;7;620
25;2025-11-05;8;1035
25;2025-11-05;9;537
25;2025-11-05;10;411
25;2025-11-05;11;465
25;2025-11-05;12;457
25;2025-11-05;13;570
25;2025-11-05;14;498
25;2025-11-05;15;591
25;2025-11-05;16;774
25;2025-11-05;17;868
25;2025-11-05;18;905
25;2025-11-05;19;612
25;2025-11-05;20;348
25;2025-11-05;21;231
25;2025-11-05;22;126
25;2025-11-05;23;10
25;2025-11-06;0;4
25;2025-11-06;1;0
25;2025-11-06;2;0
25;2025-11-06;3;0
25;2025-11-06;4;0
25;2025-11-06;5;12
25;2025-11-06;6;240
25;2025-11-06;7;620
25;2025-11-06;8;1035
25;2025-11-06;9;537
25;2025-11-06;10;411
25;2025-11-06;11;465
25;2025-11-06;12;457
25;2025-11-06;13;570
25;2025-11-06;14;498
25;2025-11-06;15;591
25;2025-11-06;16;774
25;2025-11-06;17;868
25;2025-11-06;18;905
25;2025-11-06;19;612
25;2025-11-06;20;348
25;2025-11-06;21;231
25;2025-11-06;22;126
25;2025-11-06;23;10
25;2025-11-07;0;1
25;2025-11-07;1;0
25;2025-11-07;2;0
25;2025-11-07;3;0
25;2025-11-07;4;0
25;2025-11-07;5;9
25;2025-11-07;6;225
25;2025-11-07;7;590
25;2025-11-07;8;935
25;2025-11-07;9;467
25;2025-11-07;10;409
25;2025-11-07;11;445
25;2025-11-07;12;447
25;2025-11-07;13;555
25;2025-11-07;14;509
25;2025-11-07;15;651
25;2025-11-07;16;860
25;2025-11-07;17;858
25;2025-11-07;18;727
25;2025-11-07;19;575
25;2025-11-07;20;348
25;2025-11-07;21;229
25;2025-11-07;22;144
25;2025-11-07;23;14
25;2025-11-08;0;5
25;2025-11-08;1;0
25;2025-11-08;2;0
25;2025-11-08;3;0
25;2025-11-08;4;0
25;2025-11-08;5;10
25;2025-11-08;6;98
25;2025-11-08;7;143
25;2025-11-08;8;317
25;2025-11-08;9;285
25;2025-11-08;10;301
25;2025-11-08;11;393
25;2025-11-08;12;431
25;2025-11-08;13;620
25;2025-11-08;14;626
25;2025-11-08;15;732
25;2025-11-08;16;679
25;2025-11-08;17;560
25;2025-11-08;18;497
25;2025-11-08;19;434
25;2025-11-08;20;266
25;2025-11-08;21;216
25;2025-11-08;22;137
25;2025-11-08;23;56
25;2025-11-09;0;18
25;2025-11-09;1;0
25;2025-11-09;2;0
25;2025-11-09;3;0
25;2025-11-09;4;0
25;2025-11-09;5;7
25;2025-11-09;6;85
25;2025-11-09;7;108
25;2025-11-09;8;211
25;2025-11-09;9;239
25;2025-11-09;10;243
25;2025-11-09;11;338
25;2025-11-09;12;397
25;2025-11-09;13;508
25;2025-11-09;14;568
25;2025-11-09;15;651
25;2025-11-09;16;569
25;2025-11-09;17;540
25;2025-11-09;18;447
25;2025-11-09;19;341
25;2025-11-09;20;240
25;2025-11-09;21;191
25;2025-11-09;22;111
25;2025-11-09;23;42
25;2025-11-10;0;4
25;2025-11-10;1;0
25;2025-11-10;2;0
25;2025-11-10;3;0
25;2025-11-10;4;0
25;2025-11-10;5;12
25;2025-11-10;6;234
25;2025-11-10;7;603
25;2025-11-10;8;1008
25;2025-11-10;9;522
25;2025-11-10;10;400
25;2025-11-10;11;453
25;2025-11-10;12;444
25;2025-11-10;13;555
25;2025-11-10;14;485
25;2025-11-10;15;575
25;2025-11-10;16;753
25;2025-11-10;17;844
25;2025-11-10;18;881
25;2025-11-10;19;595
25;2025-11-10;20;338
25;2025-11-10;21;224
25;2025-11-10;22;122
25;2025-11-10;23;10
25;2025-11-11;0;4
25;2025-11-11;1;0
25;2025-11-11;2;0
25;2025-11-11;3;0
25;2025-11-11;4;0
25;2025-11-11;5;12
25;2025-11-11;6;240
25;2025-11-11;7;620
25;2025-11-11;8;1035
25;2025-11-11;9;537
25;2025-11-11;10;411
25;2025-11-11;11;465
25;2025-11-11;12;457
25;2025-11-11;13;570
25;2025-11-11;14;498
25;2025-11-11;15;591
25;2025-11-11;16;774
25;2025-11-11;17;868
25;2025-11-11;18;905
25;2025-11-11;19;612
25;2025-11-11;20;348
25;2025-11-11;21;231
25;2025-11-11;22;126
25;2025-11-11;23;10
25;2025-11-12;0;4
25;2025-11-12;1;0
25;2025-11-12;2;0
25;2025-11-12;3;0
25;2025-11-12;4;0
25;2025-11-12;5;12
25;2025-11-12;6;240
25;2025-11-12;7;620
25;2025-11-12;8;1035
25;2025-11-12;9;537
25;2025-11-12;10;411
25;2025-11-12;11;465
25;2025-11-12;12;457
25;2025-11-12;13;570
25;2025-11-12;14;498
25;2025-11-12;15;591
25;2025-11-12;16;774
25;2025-11-12;17;868
25;2025-11-12;18;905
25;2025-11-12;19;612
25;2025-11-12;20;348
25;2025-11-12;21;231
25;2025-11-12;22;126
25;2025-11-12;23;10
25;2025-11-13;0;4
25;2025-11-13;1;0
25;2025-11-13;2;0
25;2025-11-13;3;0
25;2025-11-13;4;0
25;2025-11-13;5;12
25;2025-11-13;6;240
25;2025-11-13;7;620
25;2025-11-13;8;1035
25;2025-11-13;9;537
25;2025-11-13;10;411
25;2025-11-13;11;465
25;2025-11-13;12;457
25;2025-11-13;13;570
25;2025-11-13;14;498
25;2025-11-13;15;591
25;2025-11-13;16;774
25;2025-11-13;17;868
25;2025-11-13;18;905
25;2025-11-13;19;612
25;2025-11-13;20;348
25;2025-11-13;21;231
25;2025-11-13;22;126
25;2025-11-13;23;10
25;2025-11-14;0;1
25;2025-11-14;1;0
25;2025-11-14;2;0
25;2025-11-14;3;0
25;2025-11-14;4;0
25;2025-11-14;5;9
25;2025-11-14;6;225
25;2025-11-14;7;590
25;2025-11-14;8;935
25;2025-11-14;9;467
25;2025-11-14;10;409
25;2025-11-14;11;445
25;2025-11-14;12;447
25;2025-11-14;13;555
25;2025-11-14;14;509
25;2025-11-14;15;651
25;2025-11-14;16;860
25;2025-11-14;17;858
25;2025-11-14;18;727
25;2025-11-14;19;575
25;2025-11-14;20;348
25;2025-11-14;21;229
25;2025-11-14;22;144
25;2025-11-14;23;14
25;2025-11-15;0;5
25;2025-11-15;1;0
25;2025-11-15;2;0
25;2025-11-15;3;0
25;2025-11-15;4;0
25;2025-11-15;5;10
25;2025-11-15;6;98
25;2025-11-15;7;143
25;2025-11-15;8;317
25;2025-11-15;9;285
25;2025-11-15;10;301
25;2025-11-15;11;393
25;2025-11-15;12;431
25;2025-11-15;13;620
25;2025-11-15;14;626
25;2025-11-15;15;732
25;2025-11-15;16;679
25;2025-11-15;17;560
25;2025-11-15;18;497
25;2025-11-15;19;434
25;2025-11-15;20;266
25;2025-11-15;21;216
25;2025-11-15;22;137
25;2025-11-15;23;56
25;2025-11-16;0;18
25;2025-11-16;1;0
25;2025-11-16;2;0
25;2025-11-16;3;0
25;2025-11-16;4;0
25;2025-11-16;5;7
25;2025-11-16;6;85
25;2025-11-16;7;108
25;2025-11-16;8;211
25;2025-11-16;9;239
25;2025-11-16;10;243
25;2025-11-16;11;338
25;2025-11-16;12;397
25;2025-11-16;13;508
25;2025-11-16;14;568
25;2025-11-16;15;651
25;2025-11-16;16;569
25;2025-11-16;17;540
25;2025-11-16;18;447
25;2025-11-16;19;341
25;2025-11-16;20;240
25;2025-11-16;21;191
25;2025-11-16;22;111
25;2025-11-16;23;42
25;2025-11-17;0;4
25;2025-11-17;1;0
25;2025-11-17;2;0
25;2025-11-17;3;0
25;2025-11-17;4;0
25;2025-11-17;5;12
25;2025-11-17;6;234
25;2025-11-17;7;603
25;2025-11-17;8;1008
25;2025-11-17;9;522
25;2025-11-17;10;400
25;2025-11-17;11;453
25;2025-11-17;12;444
25;2025-11-17;13;555
25;2025-11-17;14;485
25;2025-11-17;15;575
25;2025-11-17;16;753
25;2025-11-17;17;844
25;2025-11-17;18;881
25;2025-11-17;19;595
25;2025-11-17;20;338
25;2025-11-17;21;224
25;2025-11-17;22;122
25;2025-11-17;23;10
25;2025-11-18;0;4
25;2025-11-18;1;0
25;2025-11-18;2;0
25;2025-11-18;3;0
25;2025-11-18;4;0
25;2025-11-18;5;12
25;2025-11-18;6;240
25;2025-11-18;7;620
25;2025-11-18;8;1035
25;2025-11-18;9;537
25;2025-11-18;10;411
25;2025-11-18;11;465
25;2025-11-18;12;457
25;2025-11-18;13;570
25;2025-11-18;14;498
25;2025-11-18;15;591
25;2025-11-18;16;774
25;2025-11-18;17;868
25;2025-11-18;18;905
25;2025-11-18;19;612
25;2025-11-18;20;348
25;2025-11-18;21;231
25;2025-11-18;22;126
25;2025-11-18;23;10
25;2025-11-19;0;4
25;2025-11-19;1;0
25;2025-11-19;2;0
25;2025-11-19;3;0
25;2025-11-19;4;0
25;2025-11-19;5;12
25;2025-11-19;6;240
25;2025-11-19;7;620
25;2025-11-19;8;1035
25;2025-11-19;9;537
25;2025-11-19;10;411
25;2025-11-19;11;465
25;2025-11-19;12;457
25;2025-11-19;13;570
25;2025-11-19;14;498
25;2025-11-19;15;591
25;2025-11-19;16;774
25;2025-11-19;17;868
25;2025-11-19;18;905
25;2025-11-19;19;612
25;2025-11-19;20;348
25;2025-11-19;21;231
25;2025-11-19;22;126
25;2025-11-19;23;10
25;2025-11-20;0;4
25;2025-11-20;1;0
25;2025-11-20;2;0
25;2025-11-20;3;0
25;2025-11-20;4;0
25;2025-11-20;5;12
25;2025-11-20;6;240
25;2025-11-20;7;620
25;2025-11-20;8;1035
25;2025-11-20;9;537
25;2025-11-20;10;411
25;2025-11-20;11;465
25;2025-11-20;12;457
25;2025-11-20;13;570
25;2025-11-20;14;498
25;2025-11-20;15;591
25;2025-11-20;16;774
25;2025-11-20;17;868
25;2025-11-20;18;905
25;2025-11-20;19;612
25;2025-11-20;20;348
25;2025-11-20;21;231
25;2025-11-20;22;126
25;2025-11-20;23;10
25;2025-11-21;0;1
25;2025-11-21;1;0
25;2025-11-21;2;0
25;2025-11-21;3;0
25;2025-11-21;4;0
25;2025-11-21;5;9
25;2025-11-21;6;225
25;2025-11-21;7;590
25;2025-11-21;8;935
25;2025-11-21;9;467
25;2025-11-21;10;409
25;2025-11-21;11;445
25;2025-11-21;12;447
25;2025-11-21;13;555
25;2025-11-21;14;509
25;2025-11-21;15;651
25;2025-11-21;16;860
25;2025-11-21;17;858
25;2025-11-21;18;727
25;2025-11-21;19;575
25;2025-11-21;20;348
25;2025-11-21;21;229
25;2025-11-21;22;144
25;2025-11-21;23;14
25;2025-11-22;0;5
25;2025-11-22;1;0
25;2025-11-22;2;0
25;2025-11-22;3;0
25;2025-11-22;4;0
25;2025-11-22;5;10
25;2025-11-22;6;98
25;2025-11-22;7;143
25;2025-11-22;8;317
25;2025-11-22;9;285
25;2025-11-22;10;301
25;2025-11-22;11;393
25;2025-11-22;12;431
25;2025-11-22;13;620
25;2025-11-22;14;626
25;2025-11-22;15;732
25;2025-11-22;16;679
25;2025-11-22;17;560
25;2025-11-22;18;497
25;2025-11-22;19;434
25;2025-11-22;20;266
25;2025-11-22;21;216
25;2025-11-22;22;137
25;2025-11-22;23;56
25;2025-11-23;0;18
25;2025-11-23;1;0
25;2025-11-23;2;0
25;2025-11-23;3;0
25;2025-11-23;4;0
25;2025-11-23;5;7
25;2025-11-23;6;85
25;2025-11-23;7;108
25;2025-11-23;8;211
25;2025-11-23;9;239
25;2025-11-23;10;243
25;2025-11-23;11;338
25;2025-11-23;12;397
25;2025-11-23;13;508
25;2025-11-23;14;568
25;2025-11-23;15;651
25;2025-11-23;16;569
25;2025-11-23;17;540
25;2025-11-23;18;447
25;2025-11-23;19;341
25;2025-11-23;20;240
25;2025-11-23;21;191
25;2025-11-23;22;111
25;2025-11-23;23;42
25;2025-11-24;0;4
25;2025-11-24;1;0
25;2025-11-24;2;0
25;2025-11-24;3;0
25;2025-11-24;4;0
25;2025-11-24;5;12
25;2025-11-24;6;234
25;2025-11-24;7;603
25;2025-11-24;8;1008
25;2025-11-24;9;522
25;2025-11-24;10;400
25;2025-11-24;11;453
25;2025-11-24;12;444
25;2025-11-24;13;555
25;2025-11-24;14;485
25;2025-11-24;15;575
25;2025-11-24;16;753
25;2025-11-24;17;844
25;2025-11-24;18;881
25;2025-11-24;19;595
25;2025-11-24;20;338
25;2025-11-24;21;224
25;2025-11-24;22;122
25;2025-11-24;23;10
25;2025-11-25;0;4
25;2025-11-25;1;0
25;2025-11-25;2;0
25;2025-11-25;3;0
25;2025-11-25;4;0
25;2025-11-25;5;12
25;2025-11-25;6;240
25;2025-11-25;7;620
25;2025-11-25;8;1035
25;2025-11-25;9;537
25;2025-11-25;10;411
25;2025-11-25;11;465
25;2025-11-25;12;457
25;2025-11-25;13;570
25;2025-11-25;14;498
25;2025-11-25;15;591
25;2025-11-25;16;774
25;2025-11-25;17;868
25;2025-11-25;18;905
25;2025-11-25;19;612
25;2025-11-25;20;348
25;2025-11-25;21;231
25;2025-11-25;22;126
25;2025-11-25;23;10
25;2025-11-26;0;4
25;2025-11-26;1;0
25;2025-11-26;2;0
25;2025-11-26;3;0
25;2025-11-26;4;0
25;2025-11-26;5;12
25;2025-11-26;6;240
25;2025-11-26;7;620
25;2025-11-26;8;1035
25;2025-11-26;9;537
25;2025-11-26;10;411
25;2025-11-26;11;465
25;2025-11-26;12;457
25;2025-11-26;13;570
25;2025-11-26;14;498
25;2025-11-26;15;591
25;2025-11-26;16;774
25;2025-11-26;17;868
25;2025-11-26;18;905
25;2025-11-26;19;612
25;2025-11-26;20;348
25;2025-11-26;21;231
25;2025-11-26;22;126
25;2025-11-26;23;10
25;2025-11-27;0;4
25;2025-11-27;1;0
25;2025-11-27;2;0
25;2025-11-27;3;0
25;2025-11-27;4;0
25;2025-11-27;5;12
25;2025-11-27;6;240
25;2025-11-27;7;620
25;2025-11-27;8;1035
25;2025-11-27;9;537
25;2025-11-27;10;411
25;2025-11-27;11;465
25;2025-11-27;12;457
25;2025-11-27;13;570
25;2025-11-27;14;498
25;2025-11-27;15;591
25;2025-11-27;16;774
25;2025-11-27;17;868
25;2025-11-27;18;905
25;2025-11-27;19;612
25;2025-11-27;20;348
25;2025-11-27;21;231
25;2025-11-27;22;126
25;2025-11-27;23;10
25;2025-11-28;0;1
25;2025-11-28;1;0
25;2025-11-28;2;0
25;2025-11-28;3;0
25;2025-11-28;4;0
25;2025-11-28;5;9
25;2025-11-28;6;225
25;2025-11-28;7;590
25;2025-11-28;8;935
25;2025-11-28;9;467
25;2025-11-28;10;409
25;2025-11-28;11;445
25;2025-11-28;12;447
25;2025-11-28;13;555
25;2025-11-28;14;509
25;2025-11-28;15;651
25;2025-11-28;16;860
25;2025-11-28;17;858
25;2025-11-28;18;727
25;2025-11-28;19;575
25;2025-11-28;20;348
25;2025-11-28;21;229
25;2025-11-28;22;144
25;2025-11-28;23;14
25;2025-11-29;0;5
25;2025-11-29;1;0
25;2025-11-29;2;0
25;2025-11-29;3;0
25;2025-11-29;4;0
25;2025-11-29;5;10
25;2025-11-29;6;98
25;2025-11-29;7;143
25;2025-11-29;8;317
25;2025-11-29;9;285
25;2025-11-29;10;301
25;2025-11-29;11;393
25;2025-11-29;12;431
25;2025-11-29;13;620
25;2025-11-29;14;626
25;2025-11-29;15;732
25;2025-11-29;16;679
25;2025-11-29;17;560
25;2025-11-29;18;497
25;2025-11-29;19;434
25;2025-11-29;20;266
25;2025-11-29;21;216
25;2025-11-29;22;137
25;2025-11-29;23;56
25;2025-11-30;0;18
25;2025-11-30;1;0
25;2025-11-30;2;0
25;2025-11-30;3;0
25;2025-11-30;4;0
25;2025-11-30;5;7
25;2025-11-30;6;85
25;2025-11-30;7;108
25;2025-11-30;8;211
25;2025-11-30;9;239
25;2025-11-30;10;243
25;2025-11-30;11;338
25;2025-11-30;12;397
25;2025-11-30;13;508
25;2025-11-30;14;568
25;2025-11-30;15;651
25;2025-11-30;16;569
25;2025-11-30;17;540
25;2025-11-30;18;447
25;2025-11-30;19;341
25;2025-11-30;20;240
25;2025-11-30;21;191
25;2025-11-30;22;111
25;2025-11-30;23;42
25;2025-12-01;0;4
25;2025-12-01;1;0
25;2025-12-01;2;0
25;2025-12-01;3;0
25;2025-12-01;4;0
25;2025-12-01;5;10
25;2025-12-01;6;220
25;2025-12-01;7;599
25;2025-12-01;8;995
25;2025-12-01;9;515
25;2025-12-01;10;391
25;2025-12-01;11;441
25;2025-12-01;12;433
25;2025-12-01;13;539
25;2025-12-01;14;474
25;2025-12-01;15;559
25;2025-12-01;16;744
25;2025-12-01;17;830
25;2025-12-01;18;873
25;2025-12-01;19;573
25;2025-12-01;20;332
25;2025-12-01;21;217
25;2025-12-01;22;126
25;2025-12-01;23;10
25;2025-12-02;0;4
25;2025-12-02;1;0
25;2025-12-02;2;0
25;2025-12-02;3;0
25;2025-12-02;4;0
25;2025-12-02;5;10
25;2025-12-02;6;226
25;2025-12-02;7;616
25;2025-12-02;8;1022
25;2025-12-02;9;529
25;2025-12-02;10;402
25;2025-12-02;11;453
25;2025-12-02;12;445
25;2025-12-02;13;554
25;2025-12-02;14;487
25;2025-12-02;15;575
25;2025-12-02;16;765
25;2025-12-02;17;853
25;2025-12-02;18;897
25;2025-12-02;19;589
25;2025-12-02;20;341
25;2025-12-02;21;223
25;2025-12-02;22;129
25;2025-12-02;23;10
25;2025-12-03;0;4
25;2025-12-03;1;0
25;2025-12-03;2;0
25;2025-12-03;3;0
25;2025-12-03;4;0
25;2025-12-03;5;10
25;2025-12-03;6;226
25;2025-12-03;7;616
25;2025-12-03;8;1022
25;2025-12-03;9;529
25;2025-12-03;10;402
25;2025-12-03;11;453
25;2025-12-03;12;445
25;2025-12-03;13;554
25;2025-12-03;14;487
25;2025-12-03;15;575
25;2025-12-03;16;765
25;2025-12-03;17;853
25;2025-12-03;18;897
25;2025-12-03;19;589
25;2025-12-03;20;341
25;2025-12-03;21;223
25;2025-12-03;22;129
25;2025-12-03;23;10
25;2025-12-04;0;4
25;2025-12-04;1;0
25;2025-12-04;2;0
25;2025-12-04;3;0
25;2025-12-04;4;0
25;2025-12-04;5;10
25;2025-12-04;6;226
25;2025-12-04;7;616
25;2025-12-04;8;1022
25;2025-12-04;9;529
25;2025-12-04;10;402
25;2025-12-04;11;453
25;2025-12-04;12;445
25;2025-12-04;13;554
25;2025-12-04;14;487
25;2025-12-04;15;575
25;2025-12-04;16;765
25;2025-12-04;17;853
25;2025-12-04;18;897
25;2025-12-04;19;589
25;2025-12-04;20;341
25;2025-12-04;21;223
25;2025-12-04;22;129
25;2025-12-04;23;10
25;2025-12-05;0;1
25;2025-12-05;1;0
25;2025-12-05;2;0
25;2025-12-05;3;0
25;2025-12-05;4;0
25;2025-12-05;5;7
25;2025-12-05;6;210
25;2025-12-05;7;580
25;2025-12-05;8;925
25;2025-12-05;9;461
25;2025-12-05;10;400
25;2025-12-05;11;434
25;2025-12-05;12;440
25;2025-12-05;13;539
25;2025-12-05;14;505
25;2025-12-05;15;635
25;2025-12-05;16;846
25;2025-12-05;17;850
25;2025-12-05;18;714
25;2025-12-05;19;547
25;2025-12-05;20;341
25;2025-12-05;21;224
25;2025-12-05;22;147
25;2025-12-05;23;14
25;2025-12-06;0;4
25;2025-12-06;1;0
25;2025-12-06;2;0
25;2025-12-06;3;0
25;2025-12-06;4;0
25;2025-12-06;5;8
25;2025-12-06;6;87
25;2025-12-06;7;140
25;2025-12-06;8;309
25;2025-12-06;9;277
25;2025-12-06;10;294
25;2025-12-06;11;383
25;2025-12-06;12;423
25;2025-12-06;13;592
25;2025-12-06;14;598
25;2025-12-06;15;698
25;2025-12-06;16;647
25;2025-12-06;17;536
25;2025-12-06;18;477
25;2025-12-06;19;417
25;2025-12-06;20;260
25;2025-12-06;21;213
25;2025-12-06;22;137
25;2025-12-06;23;56
25;2025-12-07;0;18
25;2025-12-07;1;0
25;2025-12-07;2;0
25;2025-12-07;3;0
25;2025-12-07;4;0
25;2025-12-07;5;6
25;2025-12-07;6;78
25;2025-12-07;7;106
25;2025-12-07;8;207
25;2025-12-07;9;235
25;2025-12-07;10;238
25;2025-12-07;11;331
25;2025-12-07;12;387
25;2025-12-07;13;492
25;2025-12-07;14;544
25;2025-12-07;15;623
25;2025-12-07;16;548
25;2025-12-07;17;515
25;2025-12-07;18;433
25;2025-12-07;19;338
25;2025-12-07;20;233
25;2025-12-07;21;193
25;2025-12-07;22;111
25;2025-12-07;23;42
25;2025-12-08;0;4
25;2025-12-08;1;0
25;2025-12-08;2;0
25;2025-12-08;3;0
25;2025-12-08;4;0
25;2025-12-08;5;10
25;2025-12-08;6;220
25;2025-12-08;7;599
25;2025-12-08;8;995
25;2025-12-08;9;515
25;2025-12-08;10;391
25;2025-12-08;11;441
25;2025-12-08;12;433
25;2025-12-08;13;539
25;2025-12-08;14;474
25;2025-12-08;15;559
25;2025-12-08;16;744
25;2025-12-08;17;830
25;2025-12-08;18;873
25;2025-12-08;19;573
25;2025-12-08;20;332
25;2025-12-08;21;217
25;2025-12-08;22;126
25;2025-12-08;23;10
25;2025-12-09;0;4
25;2025-12-09;1;0
25;2025-12-09;2;0
25;2025-12-09;3;0
25;2025-12-09;4;0
25;2025-12-09;5;10
25;2025-12-09;6;226
25;2025-12-09;7;616
25;2025-12-09;8;1022
25;2025-12-09;9;529
25;2025-12-09;10;402
25;2025-12-09;11;453
25;2025-12-09;12;445
25;2025-12-09;13;554
25;2025-12-09;14;487
25;2025-12-09;15;575
25;2025-12-09;16;765
25;2025-12-09;17;853
25;2025-12-09;18;897
25;2025-12-09;19;589
25;2025-12-09;20;341
25;2025-12-09;21;223
25;2025-12-09;22;129
25;2025-12-09;23;10
25;2025-12-10;0;4
25;2025-12-10;1;0
25;2025-12-10;2;0
25;2025-12-10;3;0
25;2025-12-10;4;0
25;2025-12-10;5;10
25;2025-12-10;6;226
25;2025-12-10;7;616
25;2025-12-10;8;1022
25;2025-12-10;9;529
25;2025-12-10;10;402
25;2025-12-10;11;453
25;2025-12-10;12;445
25;2025-12-10;13;554
25;2025-12-10;14;487
25;2025-12-10;15;575
25;2025-12-10;16;765
25;2025-12-10;17;853
25;2025-12-10;18;897
25;2025-12-10;19;589
25;2025-12-10;20;341
25;2025-12-10;21;223
25;2025-12-10;22;129
25;2025-12-10;23;10
25;2025-12-11;0;4
25;2025-12-11;1;0
25;2025-12-11;2;0
25;2025-12-11;3;0
25;2025-12-11;4;0
25;2025-12-11;5;10
25;2025-12-11;6;226
25;2025-12-11;7;616
25;2025-12-11;8;1022
25;2025-12-11;9;529
25;2025-12-11;10;402
25;2025-12-11;11;453
25;2025-12-11;12;445
25;2025-12-11;13;554
25;2025-12-11;14;487
25;2025-12-11;15;575
25;2025-12-11;16;765
25;2025-12-11;17;853
25;2025-12-11;18;897
25;2025-12-11;19;589
25;2025-12-11;20;341
25;2025-12-11;21;223
25;2025-12-11;22;129
25;2025-12-11;23;10
25;2025-12-12;0;1
25;2025-12-12;1;0
25;2025-12-12;2;0
25;2025-12-12;3;0
25;2025-12-12;4;0
25;2025-12-12;5;7
25;2025-12-12;6;210
25;2025-12-12;7;580
25;2025-12-12;8;925
25;2025-12-12;9;461
25;2025-12-12;10;400
25;2025-12-12;11;434
25;2025-12-12;12;440
25;2025-12-12;13;539
25;2025-12-12;14;505
25;2025-12-12;15;635
25;2025-12-12;16;846
25;2025-12-12;17;850
25;2025-12-12;18;714
25;2025-12-12;19;547
25;2025-12-12;20;341
25;2025-12-12;21;224
25;2025-12-12;22;147
25;2025-12-12;23;14
25;2025-12-13;0;4
25;2025-12-13;1;0
25;2025-12-13;2;0
25;2025-12-13;3;0
25;2025-12-13;4;0
25;2025-12-13;5;8
25;2025-12-13;6;87
25;2025-12-13;7;140
25;2025-12-13;8;309
25;2025-12-13;9;277
25;2025-12-13;10;294
25;2025-12-13;11;383
25;2025-12-13;12;423
25;2025-12-13;13;592
25;2025-12-13;14;598
25;2025-12-13;15;698
25;2025-12-13;16;647
25;2025-12-13;17;536
25;2025-12-13;18;477
25;2025-12-13;19;417
25;2025-12-13;20;260
25;2025-12-13;21;213
25;2025-12-13;22;137
25;2025-12-13;23;56
25;2025-12-14;0;18
25;2025-12-14;1;0
25;2025-12-14;2;0
25;2025-12-14;3;0
25;2025-12-14;4;0
25;2025-12-14;5;6
25;2025-12-14;6;78
25;2025-12-14;7;106
25;2025-12-14;8;207
25;2025-12-14;9;235
25;2025-12-14;10;238
25;2025-12-14;11;331
25;2025-12-14;12;387
25;2025-12-14;13;492
25;2025-12-14;14;544
25;2025-12-14;15;623
25;2025-12-14;16;548
25;2025-12-14;17;515
25;2025-12-14;18;433
25;2025-12-14;19;338
25;2025-12-14;20;233
25;2025-12-14;21;193
25;2025-12-14;22;111
25;2025-12-14;23;42
25;2025-12-15;0;4
25;2025-12-15;1;0
25;2025-12-15;2;0
25;2025-12-15;3;0
25;2025-12-15;4;0
25;2025-12-15;5;10
25;2025-12-15;6;220
25;2025-12-15;7;599
25;2025-12-15;8;995
25;2025-12-15;9;515
25;2025-12-15;10;391
25;2025-12-15;11;441
25;2025-12-15;12;433
25;2025-12-15;13;539
25;2025-12-15;14;474
25;2025-12-15;15;559
25;2025-12-15;16;744
25;2025-12-15;17;830
25;2025-12-15;18;873
25;2025-12-15;19;573
25;2025-12-15;20;332
25;2025-12-15;21;217
25;2025-12-15;22;126
25;2025-12-15;23;10
25;2025-12-16;0;4
25;2025-12-16;1;0
25;2025-12-16;2;0
25;2025-12-16;3;0
25;2025-12-16;4;0
25;2025-12-16;5;10
25;2025-12-16;6;226
25;2025-12-16;7;616
25;2025-12-16;8;1022
25;2025-12-16;9;529
25;2025-12-16;10;402
25;2025-12-16;11;453
25;2025-12-16;12;445
25;2025-12-16;13;554
25;2025-12-16;14;487
25;2025-12-16;15;575
25;2025-12-16;16;765
25;2025-12-16;17;853
25;2025-12-16;18;897
25;2025-12-16;19;589
25;2025-12-16;20;341
25;2025-12-16;21;223
25;2025-12-16;22;129
25;2025-12-16;23;10
25;2025-12-17;0;4
25;2025-12-17;1;0
25;2025-12-17;2;0
25;2025-12-17;3;0
25;2025-12-17;4;0
25;2025-12-17;5;10
25;2025-12-17;6;226
25;2025-12-17;7;616
25;2025-12-17;8;1022
25;2025-12-17;9;529
25;2025-12-17;10;402
25;2025-12-17;11;453
25;2025-12-17;12;445
25;2025-12-17;13;554
25;2025-12-17;14;487
25;2025-12-17;15;575
25;2025-12-17;16;765
25;2025-12-17;17;853
25;2025-12-17;18;897
25;2025-12-17;19;589
25;2025-12-17;20;341
25;2025-12-17;21;223
25;2025-12-17;22;129
25;2025-12-17;23;10
25;2025-12-18;0;4
25;2025-12-18;1;0
25;2025-12-18;2;0
25;2025-12-18;3;0
25;2025-12-18;4;0
25;2025-12-18;5;10
25;2025-12-18;6;226
25;2025-12-18;7;616
25;2025-12-18;8;1022
25;2025-12-18;9;529
25;2025-12-18;10;402
25;2025-12-18;11;453
25;2025-12-18;12;445
25;2025-12-18;13;554
25;2025-12-18;14;487
25;2025-12-18;15;575
25;2025-12-18;16;765
25;2025-12-18;17;853
25;2025-12-18;18;897
25;2025-12-18;19;589
25;2025-12-18;20;341
25;2025-12-18;21;223
25;2025-12-18;22;129
25;2025-12-18;23;10
25;2025-12-19;0;1
25;2025-12-19;1;0
25;2025-12-19;2;0
25;2025-12-19;3;0
25;2025-12-19;4;0
25;2025-12-19;5;7
25;2025-12-19;6;210
25;2025-12-19;7;580
25;2025-12-19;8;925
25;2025-12-19;9;461
25;2025-12-19;10;400
25;2025-12-19;11;434
25;2025-12-19;12;440
25;2025-12-19;13;539
25;2025-12-19;14;505
25;2025-12-19;15;635
25;2025-12-19;16;846
25;2025-12-19;17;850
25;2025-12-19;18;714
25;2025-12-19;19;547
25;2025-12-19;20;341
25;2025-12-19;21;224
25;2025-12-19;22;147
25;2025-12-19;23;14
25;2025-12-20;0;4
25;2025-12-20;1;0
25;2025-12-20;2;0
25;2025-12-20;3;0
25;2025-12-20;4;0
25;2025-12-20;5;8
25;2025-12-20;6;87
25;2025-12-20;7;140
25;2025-12-20;8;309
25;2025-12-20;9;277
25;2025-12-20;10;294
25;2025-12-20;11;383
25;2025-12-20;12;423
25;2025-12-20;13;592
25;2025-12-20;14;598
25;2025-12-20;15;698
25;2025-12-20;16;647
25;2025-12-20;17;536
25;2025-12-20;18;477
25;2025-12-20;19;417
25;2025-12-20;20;260
25;2025-12-20;21;213
25;2025-12-20;22;137
25;2025-12-20;23;56
25;2025-12-21;0;18
25;2025-12-21;1;0
25;2025-12-21;2;0
25;2025-12-21;3;0
25;2025-12-21;4;0
25;2025-12-21;5;6
25;2025-12-21;6;78
25;2025-12-21;7;106
25;2025-12-21;8;207
25;2025-12-21;9;235
25;2025-12-21;10;238
25;2025-12-21;11;331
25;2025-12-21;12;387
25;2025-12-21;13;492
25;2025-12-21;14;544
25;2025-12-21;15;623
25;2025-12-21;16;548
25;2025-12-21;17;515
25;2025-12-21;18;433
25;2025-12-21;19;338
25;2025-12-21;20;233
25;2025-12-21;21;193
25;2025-12-21;22;111
25;2025-12-21;23;42
25;2025-12-22;0;4
25;2025-12-22;1;0
25;2025-12-22;2;0
25;2025-12-22;3;0
25;2025-12-22;4;0
25;2025-12-22;5;10
25;2025-12-22;6;220
25;2025-12-22;7;599
25;2025-12-22;8;995
25;2025-12-22;9;515
25;2025-12-22;10;391
25;2025-12-22;11;441
25;2025-12-22;12;433
25;2025-12-22;13;539
25;2025-12-22;14;474
25;2025-12-22;15;559
25;2025-12-22;16;744
25;2025-12-22;17;830
25;2025-12-22;18;873
25;2025-12-22;19;573
25;2025-12-22;20;332
25;2025-12-22;21;217
25;2025-12-22;22;126
25;2025-12-22;23;10
25;2025-12-23;0;4
25;2025-12-23;1;0
25;2025-12-23;2;0
25;2025-12-23;3;0
25;2025-12-23;4;0
25;2025-12-23;5;10
25;2025-12-23;6;226
25;2025-12-23;7;616
25;2025-12-23;8;1022
25;2025-12-23;9;529
25;2025-12-23;10;402
25;2025-12-23;11;453
25;2025-12-23;12;445
25;2025-12-23;13;554
25;2025-12-23;14;487
25;2025-12-23;15;575
25;2025-12-23;16;765
25;2025-12-23;17;853
25;2025-12-23;18;897
25;2025-12-23;19;589
25;2025-12-23;20;341
25;2025-12-23;21;223
25;2025-12-23;22;129
25;2025-12-23;23;10
25;2025-12-24;0;4
25;2025-12-24;1;0
25;2025-12-24;2;0
25;2025-12-24;3;0
25;2025-12-24;4;0
25;2025-12-24;5;10
25;2025-12-24;6;226
25;2025-12-24;7;616
25;2025-12-24;8;1022
25;2025-12-24;9;529
25;2025-12-24;10;402
25;2025-12-24;11;453
25;2025-12-24;12;445
25;2025-12-24;13;554
25;2025-12-24;14;487
25;2025-12-24;15;575
25;2025-12-24;16;765
25;2025-12-24;17;853
25;2025-12-24;18;897
25;2025-12-24;19;589
25;2025-12-24;20;341
25;2025-12-24;21;223
25;2025-12-24;22;129
25;2025-12-24;23;10
25;2025-12-25;0;4
25;2025-12-25;1;0
25;2025-12-25;2;0
25;2025-12-25;3;0
25;2025-12-25;4;0
25;2025-12-25;5;10
25;2025-12-25;6;226
25;2025-12-25;7;616
25;2025-12-25;8;1022
25;2025-12-25;9;529
25;2025-12-25;10;402
25;2025-12-25;11;453
25;2025-12-25;12;445
25;2025-12-25;13;554
25;2025-12-25;14;487
25;2025-12-25;15;575
25;2025-12-25;16;765
25;2025-12-25;17;853
25;2025-12-25;18;897
25;2025-12-25;19;589
25;2025-12-25;20;341
25;2025-12-25;21;223
25;2025-12-25;22;129
25;2025-12-25;23;10
25;2025-12-26;0;1
25;2025-12-26;1;0
25;2025-12-26;2;0
25;2025-12-26;3;0
25;2025-12-26;4;0
25;2025-12-26;5;7
25;2025-12-26;6;210
25;2025-12-26;7;580
25;2025-12-26;8;925
25;2025-12-26;9;461
25;2025-12-26;10;400
25;2025-12-26;11;434
25;2025-12-26;12;440
25;2025-12-26;13;539
25;2025-12-26;14;505
25;2025-12-26;15;635
25;2025-12-26;16;846
25;2025-12-26;17;850
25;2025-12-26;18;714
25;2025-12-26;19;547
25;2025-12-26;20;341
25;2025-12-26;21;224
25;2025-12-26;22;147
25;2025-12-26;23;14
25;2025-12-27;0;4
25;2025-12-27;1;0
25;2025-12-27;2;0
25;2025-12-27;3;0
25;2025-12-27;4;0
25;2025-12-27;5;8
25;2025-12-27;6;87
25;2025-12-27;7;140
25;2025-12-27;8;309
25;2025-12-27;9;277
25;2025-12-27;10;294
25;2025-12-27;11;383
25;2025-12-27;12;423
25;2025-12-27;13;592
25;2025-12-27;14;598
25;2025-12-27;15;698
25;2025-12-27;16;647
25;2025-12-27;17;536
25;2025-12-27;18;477
25;2025-12-27;19;417
25;2025-12-27;20;260
25;2025-12-27;21;213
25;2025-12-27;22;137
25;2025-12-27;23;56
25;2025-12-28;0;18
25;2025-12-28;1;0
25;2025-12-28;2;0
25;2025-12-28;3;0
25;2025-12-28;4;0
25;2025-12-28;5;6
25;2025-12-28;6;78
25;2025-12-28;7;106
25;2025-12-28;8;207
25;2025-12-28;9;235
25;2025-12-28;10;238
25;2025-12-28;11;331
25;2025-12-28;12;387
25;2025-12-28;13;492
25;2025-12-28;14;544
25;2025-12-28;15;623
25;2025-12-28;16;548
25;2025-12-28;17;515
25;2025-12-28;18;433
25;2025-12-28;19;338
25;2025-12-28;20;233
25;2025-12-28;21;193
25;2025-12-28;22;111
25;2025-12-28;23;42
25;2025-12-29;0;3
25;2025-12-29;1;0
25;2025-12-29;2;0
25;2025-12-29;3;0
25;2025-12-29;4;0
25;2025-12-29;5;9
25;2025-12-29;6;198
25;2025-12-29;7;539
25;2025-12-29;8;896
25;2025-12-29;9;463
25;2025-12-29;10;352
25;2025-12-29;11;397
25;2025-12-29;12;390
25;2025-12-29;13;485
25;2025-12-29;14;427
25;2025-12-29;15;504
25;2025-12-29;16;670
25;2025-12-29;17;747
25;2025-12-29;18;785
25;2025-12-29;19;515
25;2025-12-29;20;299
25;2025-12-29;21;195
25;2025-12-29;22;113
25;2025-12-29;23;9
25;2025-12-30;0;3
25;2025-12-30;1;0
25;2025-12-30;2;0
25;2025-12-30;3;0
25;2025-12-30;4;0
25;2025-12-30;5;9
25;2025-12-30;6;192
25;2025-12-30;7;523
25;2025-12-30;8;869
25;2025-12-30;9;450
25;2025-12-30;10;342
25;2025-12-30;11;385
25;2025-12-30;12;378
25;2025-12-30;13;471
25;2025-12-30;14;414
25;2025-12-30;15;489
25;2025-12-30;16;650
25;2025-12-30;17;725
25;2025-12-30;18;762
25;2025-12-30;19;500
25;2025-12-30;20;290
25;2025-12-30;21;190
25;2025-12-30;22;110
25;2025-12-30;23;8
25;2025-12-31;0;4
25;2025-12-31;1;0
25;2025-12-31;2;0
25;2025-12-31;3;0
25;2025-12-31;4;0
25;2025-12-31;5;7
25;2025-12-31;6;74
25;2025-12-31;7;119
25;2025-12-31;8;262
25;2025-12-31;9;235
25;2025-12-31;10;250
25;2025-12-31;11;326
25;2025-12-31;12;360
25;2025-12-31;13;503
25;2025-12-31;14;508
25;2025-12-31;15;594
25;2025-12-31;16;550
25;2025-12-31;17;456
25;2025-12-31;18;406
25;2025-12-31;19;355
25;2025-12-31;20;221
25;2025-12-31;21;181
25;2025-12-31;22;116
25;2025-12-31;23;48
26;2025-11-01;0;40
26;2025-11-01;1;3
26;2025-11-01;2;0
26;2025-11-01;3;0
26;2025-11-01;4;1
26;2025-11-01;5;71
26;2025-11-01;6;417
26;2025-11-01;7;847
26;2025-11-01;8;1724
26;2025-11-01;9;1161
26;2025-11-01;10;995
26;2025-11-01;11;904
26;2025-11-01;12;920
26;2025-11-01;13;955
26;2025-11-01;14;1026
26;2025-11-01;15;1134
26;2025-11-01;16;1349
26;2025-11-01;17;1430
26;2025-11-01;18;1133
26;2025-11-01;19;876
26;2025-11-01;20;574
26;2025-11-01;21;368
26;2025-11-01;22;169
26;2025-11-01;23;121
26;2025-11-02;0;53
26;2025-11-02;1;5
26;2025-11-02;2;0
26;2025-11-02;3;0
26;2025-11-02;4;2
26;2025-11-02;5;32
26;2025-11-02;6;170
26;2025-11-02;7;263
26;2025-11-02;8;413
26;2025-11-02;9;580
26;2025-11-02;10;641
26;2025-11-02;11;899
26;2025-11-02;12;903
26;2025-11-02;13;977
26;2025-11-02;14;940
26;2025-11-02;15;869
26;2025-11-02;16;839
26;2025-11-02;17;859
26;2025-11-02;18;778
26;2025-11-02;19;586
26;2025-11-02;20;433
26;2025-11-02;21;308
26;2025-11-02;22;199
26;2025-11-02;23;117
26;2025-11-03;0;43
26;2025-11-03;1;3
26;2025-11-03;2;0
26;2025-11-03;3;0
26;2025-11-03;4;2
26;2025-11-03;5;33
26;2025-11-03;6;183
26;2025-11-03;7;273
26;2025-11-03;8;437
26;2025-11-03;9;548
26;2025-11-03;10;632
26;2025-11-03;11;827
26;2025-11-03;12;854
26;2025-11-03;13;887
26;2025-11-03;14;879
26;2025-11-03;15;809
26;2025-11-03;16;809
26;2025-11-03;17;786
26;2025-11-03;18;727
26;2025-11-03;19;586
26;2025-11-03;20;420
26;2025-11-03;21;290
26;2025-11-03;22;178
26;2025-11-03;23;116
26;2025-11-04;0;43
26;2025-11-04;1;3
26;2025-11-04;2;0
26;2025-11-04;3;0
26;2025-11-04;4;2
26;2025-11-04;5;33
26;2025-11-04;6;183
26;2025-11-04;7;273
26;2025-11-04;8;437
26;2025-11-04;9;548
26;2025-11-04;10;632
26;2025-11-04;11;827
26;2025-11-04;12;854
26;2025-11-04;13;887
26;2025-11-04;14;879
26;2025-11-04;15;809
26;2025-11-04;16;809
26;2025-11-04;17;786
26;2025-11-04;18;727
26;2025-11-04;19;586
26;2025-11-04;20;420
26;2025-11-04;21;290
26;2025-11-04;22;178
26;2025-11-04;23;116
26;2025-11-05;0;32
26;2025-11-05;1;2
26;2025-11-05;2;0
26;2025-11-05;3;0
26;2025-11-05;4;2
26;2025-11-05;5;98
26;2025-11-05;6;521
26;2025-11-05;7;1162
26;2025-11-05;8;2307
26;2025-11-05;9;1544
26;2025-11-05;10;1280
26;2025-11-05;11;1156
26;2025-11-05;12;1201
26;2025-11-05;13;1240
26;2025-11-05;14;1310
26;2025-11-05;15;1411
26;2025-11-05;16;1561
26;2025-11-05;17;1794
26;2025-11-05;18;1997
26;2025-11-05;19;1339
26;2025-11-05;20;801
26;2025-11-05;21;498
26;2025-11-05;22;225
26;2025-11-05;23;121
26;2025-11-06;0;32
26;2025-11-06;1;2
26;2025-11-06;2;0
26;2025-11-06;3;0
26;2025-11-06;4;2
26;2025-11-06;5;98
26;2025-11-06;6;521
26;2025-11-06;7;1162
26;2025-11-06;8;2307
26;2025-11-06;9;1544
26;2025-11-06;10;1280
26;2025-11-06;11;1156
26;2025-11-06;12;1201
26;2025-11-06;13;1240
26;2025-11-06;14;1310
26;2025-11-06;15;1411
26;2025-11-06;16;1561
26;2025-11-06;17;1794
26;2025-11-06;18;1997
26;2025-11-06;19;1339
26;2025-11-06;20;801
26;2025-11-06;21;498
26;2025-11-06;22;225
26;2025-11-06;23;121
26;2025-11-07;0;32
26;2025-11-07;1;2
26;2025-11-07;2;0
26;2025-11-07;3;0
26;2025-11-07;4;1
26;2025-11-07;5;91
26;2025-11-07;6;537
26;2025-11-07;7;1091
26;2025-11-07;8;2220
26;2025-11-07;9;1496
26;2025-11-07;10;1282
26;2025-11-07;11;1165
26;2025-11-07;12;1185
26;2025-11-07;13;1230
26;2025-11-07;14;1321
26;2025-11-07;15;1461
26;2025-11-07;16;1738
26;2025-11-07;17;1843
26;2025-11-07;18;1460
26;2025-11-07;19;1129
26;2025-11-07;20;739
26;2025-11-07;21;474
26;2025-11-07;22;218
26;2025-11-07;23;155
26;2025-11-08;0;47
26;2025-11-08;1;3
26;2025-11-08;2;0
26;2025-11-08;3;0
26;2025-11-08;4;2
26;2025-11-08;5;47
26;2025-11-08;6;271
26;2025-11-08;7;390
26;2025-11-08;8;634
26;2025-11-08;9;718
26;2025-11-08;10;863
26;2025-11-08;11;1053
26;2025-11-08;12;1120
26;2025-11-08;13;1115
26;2025-11-08;14;1140
26;2025-11-08;15;1044
26;2025-11-08;16;1081
26;2025-11-08;17;996
26;2025-11-08;18;941
26;2025-11-08;19;811
26;2025-11-08;20;565
26;2025-11-08;21;378
26;2025-11-08;22;220
26;2025-11-08;23;158
26;2025-11-09;0;53
26;2025-11-09;1;5
26;2025-11-09;2;0
26;2025-11-09;3;0
26;2025-11-09;4;2
26;2025-11-09;5;32
26;2025-11-09;6;170
26;2025-11-09;7;263
26;2025-11-09;8;413
26;2025-11-09;9;580
26;2025-11-09;10;641
26;2025-11-09;11;899
26;2025-11-09;12;903
26;2025-11-09;13;977
26;2025-11-09;14;940
26;2025-11-09;15;869
26;2025-11-09;16;839
26;2025-11-09;17;859
26;2025-11-09;18;778
26;2025-11-09;19;586
26;2025-11-09;20;433
26;2025-11-09;21;308
26;2025-11-09;22;199
26;2025-11-09;23;117
26;2025-11-10;0;31
26;2025-11-10;1;2
26;2025-11-10;2;0
26;2025-11-10;3;0
26;2025-11-10;4;2
26;2025-11-10;5;95
26;2025-11-10;6;507
26;2025-11-10;7;1131
26;2025-11-10;8;2245
26;2025-11-10;9;1503
26;2025-11-10;10;1245
26;2025-11-10;11;1125
26;2025-11-10;12;1169
26;2025-11-10;13;1206
26;2025-11-10;14;1275
26;2025-11-10;15;1373
26;2025-11-10;16;1519
26;2025-11-10;17;1746
26;2025-11-10;18;1944
26;2025-11-10;19;1303
26;2025-11-10;20;780
26;2025-11-10;21;485
26;2025-11-10;22;219
26;2025-11-10;23;118
26;2025-11-11;0;32
26;2025-11-11;1;2
26;2025-11-11;2;0
26;2025-11-11;3;0
26;2025-11-11;4;2
26;2025-11-11;5;98
26;2025-11-11;6;521
26;2025-11-11;7;1162
26;2025-11-11;8;2307
26;2025-11-11;9;1544
26;2025-11-11;10;1280
26;2025-11-11;11;1156
26;2025-11-11;12;1201
26;2025-11-11;13;1240
26;2025-11-11;14;1310
26;2025-11-11;15;1411
26;2025-11-11;16;1561
26;2025-11-11;17;1794
26;2025-11-11;18;1997
26;2025-11-11;19;1339
26;2025-11-11;20;801
26;2025-11-11;21;498
26;2025-11-11;22;225
26;2025-11-11;23;121
26;2025-11-12;0;32
26;2025-11-12;1;2
26;2025-11-12;2;0
26;2025-11-12;3;0
26;2025-11-12;4;2
26;2025-11-12;5;98
26;2025-11-12;6;521
26;2025-11-12;7;1162
26;2025-11-12;8;2307
26;2025-11-12;9;1544
26;2025-11-12;10;1280
26;2025-11-12;11;1156
26;2025-11-12;12;1201
26;2025-11-12;13;1240
26;2025-11-12;14;1310
26;2025-11-12;15;1411
26;2025-11-12;16;1561
26;2025-11-12;17;1794
26;2025-11-12;18;1997
26;2025-11-12;19;1339
26;2025-11-12;20;801
26;2025-11-12;21;498
26;2025-11-12;22;225
26;2025-11-12;23;121
26;2025-11-13;0;32
26;2025-11-13;1;2
26;2025-11-13;2;0
26;2025-11-13;3;0
26;2025-11-13;4;2
26;2025-11-13;5;98
26;2025-11-13;6;521
26;2025-11-13;7;1162
26;2025-11-13;8;2307
26;2025-11-13;9;1544
26;2025-11-13;10;1280
26;2025-11-13;11;1156
26;2025-11-13;12;1201
26;2025-11-13;13;1240
26;2025-11-13;14;1310
26;2025-11-13;15;1411
26;2025-11-13;16;1561
26;2025-11-13;17;1794
26;2025-11-13;18;1997
26;2025-11-13;19;1339
26;2025-11-13;20;801
26;2025-11-13;21;498
26;2025-11-13;22;225
26;2025-11-13;23;121
26;2025-11-14;0;32
26;2025-11-14;1;2
26;2025-11-14;2;0
26;2025-11-14;3;0
26;2025-11-14;4;1
26;2025-11-14;5;91
26;2025-11-14;6;537
26;2025-11-14;7;1091
26;2025-11-14;8;2220
26;2025-11-14;9;1496
26;2025-11-14;10;1282
26;2025-11-14;11;1165
26;2025-11-14;12;1185
26;2025-11-14;13;1230
26;2025-11-14;14;1321
26;2025-11-14;15;1461
26;2025-11-14;16;1738
26;2025-11-14;17;1843
26;2025-11-14;18;1460
26;2025-11-14;19;1129
26;2025-11-14;20;739
26;2025-11-14;21;474
26;2025-11-14;22;218
26;2025-11-14;23;155
26;2025-11-15;0;47
26;2025-11-15;1;3
26;2025-11-15;2;0
26;2025-11-15;3;0
26;2025-11-15;4;2
26;2025-11-15;5;47
26;2025-11-15;6;271
26;2025-11-15;7;390
26;2025-11-15;8;634
26;2025-11-15;9;718
26;2025-11-15;10;863
26;2025-11-15;11;1053
26;2025-11-15;12;1120
26;2025-11-15;13;1115
26;2025-11-15;14;1140
26;2025-11-15;15;1044
26;2025-11-15;16;1081
26;2025-11-15;17;996
26;2025-11-15;18;941
26;2025-11-15;19;811
26;2025-11-15;20;565
26;2025-11-15;21;378
26;2025-11-15;22;220
26;2025-11-15;23;158
26;2025-11-16;0;53
26;2025-11-16;1;5
26;2025-11-16;2;0
26;2025-11-16;3;0
26;2025-11-16;4;2
26;2025-11-16;5;32
26;2025-11-16;6;170
26;2025-11-16;7;263
26;2025-11-16;8;413
26;2025-11-16;9;580
26;2025-11-16;10;641
26;2025-11-16;11;899
26;2025-11-16;12;903
26;2025-11-16;13;977
26;2025-11-16;14;940
26;2025-11-16;15;869
26;2025-11-16;16;839
26;2025-11-16;17;859
26;2025-11-16;18;778
26;2025-11-16;19;586
26;2025-11-16;20;433
26;2025-11-16;21;308
26;2025-11-16;22;199
26;2025-11-16;23;117
26;2025-11-17;0;31
26;2025-11-17;1;2
26;2025-11-17;2;0
26;2025-11-17;3;0
26;2025-11-17;4;2
26;2025-11-17;5;95
26;2025-11-17;6;507
26;2025-11-17;7;1131
26;2025-11-17;8;2245
26;2025-11-17;9;1503
26;2025-11-17;10;1245
26;2025-11-17;11;1125
26;2025-11-17;12;1169
26;2025-11-17;13;1206
26;2025-11-17;14;1275
26;2025-11-17;15;1373
26;2025-11-17;16;1519
26;2025-11-17;17;1746
26;2025-11-17;18;1944
26;2025-11-17;19;1303
26;2025-11-17;20;780
26;2025-11-17;21;485
26;2025-11-17;22;219
26;2025-11-17;23;118
26;2025-11-18;0;32
26;2025-11-18;1;2
26;2025-11-18;2;0
26;2025-11-18;3;0
26;2025-11-18;4;2
26;2025-11-18;5;98
26;2025-11-18;6;521
26;2025-11-18;7;1162
26;2025-11-18;8;2307
26;2025-11-18;9;1544
26;2025-11-18;10;1280
26;2025-11-18;11;1156
26;2025-11-18;12;1201
26;2025-11-18;13;1240
26;2025-11-18;14;1310
26;2025-11-18;15;1411
26;2025-11-18;16;1561
26;2025-11-18;17;1794
26;2025-11-18;18;1997
26;2025-11-18;19;1339
26;2025-11-18;20;801
26;2025-11-18;21;498
26;2025-11-18;22;225
26;2025-11-18;23;121
26;2025-11-19;0;32
26;2025-11-19;1;2
26;2025-11-19;2;0
26;2025-11-19;3;0
26;2025-11-19;4;2
26;2025-11-19;5;98
26;2025-11-19;6;521
26;2025-11-19;7;1162
26;2025-11-19;8;2307
26;2025-11-19;9;1544
26;2025-11-19;10;1280
26;2025-11-19;11;1156
26;2025-11-19;12;1201
26;2025-11-19;13;1240
26;2025-11-19;14;1310
26;2025-11-19;15;1411
26;2025-11-19;16;1561
26;2025-11-19;17;1794
26;2025-11-19;18;1997
26;2025-11-19;19;1339
26;2025-11-19;20;801
26;2025-11-19;21;498
26;2025-11-19;22;225
26;2025-11-19;23;121
26;2025-11-20;0;32
26;2025-11-20;1;2
26;2025-11-20;2;0
26;2025-11-20;3;0
26;2025-11-20;4;2
26;2025-11-20;5;98
26;2025-11-20;6;521
26;2025-11-20;7;1162
26;2025-11-20;8;2307
26;2025-11-20;9;1544
26;2025-11-20;10;1280
26;2025-11-20;11;1156
26;2025-11-20;12;1201
26;2025-11-20;13;1240
26;2025-11-20;14;1310
26;2025-11-20;15;1411
26;2025-11-20;16;1561
26;2025-11-20;17;1794
26;2025-11-20;18;1997
26;2025-11-20;19;1339
26;2025-11-20;20;801
26;2025-11-20;21;498
26;2025-11-20;22;225
26;2025-11-20;23;121
26;2025-11-21;0;32
26;2025-11-21;1;2
26;2025-11-21;2;0
26;2025-11-21;3;0
26;2025-11-21;4;1
26;2025-11-21;5;91
26;2025-11-21;6;537
26;2025-11-21;7;1091
26;2025-11-21;8;2220
26;2025-11-21;9;1496
26;2025-11-21;10;1282
26;2025-11-21;11;1165
26;2025-11-21;12;1185
26;2025-11-21;13;1230
26;2025-11-21;14;1321
26;2025-11-21;15;1461
26;2025-11-21;16;1738
26;2025-11-21;17;1843
26;2025-11-21;18;1460
26;2025-11-21;19;1129
26;2025-11-21;20;739
26;2025-11-21;21;474
26;2025-11-21;22;218
26;2025-11-21;23;155
26;2025-11-22;0;47
26;2025-11-22;1;3
26;2025-11-22;2;0
26;2025-11-22;3;0
26;2025-11-22;4;2
26;2025-11-22;5;47
26;2025-11-22;6;271
26;2025-11-22;7;390
26;2025-11-22;8;634
26;2025-11-22;9;718
26;2025-11-22;10;863
26;2025-11-22;11;1053
26;2025-11-22;12;1120
26;2025-11-22;13;1115
26;2025-11-22;14;1140
26;2025-11-22;15;1044
26;2025-11-22;16;1081
26;2025-11-22;17;996
26;2025-11-22;18;941
26;2025-11-22;19;811
26;2025-11-22;20;565
26;2025-11-22;21;378
26;2025-11-22;22;220
26;2025-11-22;23;158
26;2025-11-23;0;53
26;2025-11-23;1;5
26;2025-11-23;2;0
26;2025-11-23;3;0
26;2025-11-23;4;2
26;2025-11-23;5;32
26;2025-11-23;6;170
26;2025-11-23;7;263
26;2025-11-23;8;413
26;2025-11-23;9;580
26;2025-11-23;10;641
26;2025-11-23;11;899
26;2025-11-23;12;903
26;2025-11-23;13;977
26;2025-11-23;14;940
26;2025-11-23;15;869
26;2025-11-23;16;839
26;2025-11-23;17;859
26;2025-11-23;18;778
26;2025-11-23;19;586
26;2025-11-23;20;433
26;2025-11-23;21;308
26;2025-11-23;22;199
26;2025-11-23;23;117
26;2025-11-24;0;31
26;2025-11-24;1;2
26;2025-11-24;2;0
26;2025-11-24;3;0
26;2025-11-24;4;2
26;2025-11-24;5;95
26;2025-11-24;6;507
26;2025-11-24;7;1131
26;2025-11-24;8;2245
26;2025-11-24;9;1503
26;2025-11-24;10;1245
26;2025-11-24;11;1125
26;2025-11-24;12;1169
26;2025-11-24;13;1206
26;2025-11-24;14;1275
26;2025-11-24;15;1373
26;2025-11-24;16;1519
26;2025-11-24;17;1746
26;2025-11-24;18;1944
26;2025-11-24;19;1303
26;2025-11-24;20;780
26;2025-11-24;21;485
26;2025-11-24;22;219
26;2025-11-24;23;118
26;2025-11-25;0;32
26;2025-11-25;1;2
26;2025-11-25;2;0
26;2025-11-25;3;0
26;2025-11-25;4;2
26;2025-11-25;5;98
26;2025-11-25;6;521
26;2025-11-25;7;1162
26;2025-11-25;8;2307
26;2025-11-25;9;1544
26;2025-11-25;10;1280
26;2025-11-25;11;1156
26;2025-11-25;12;1201
26;2025-11-25;13;1240
26;2025-11-25;14;1310
26;2025-11-25;15;1411
26;2025-11-25;16;1561
26;2025-11-25;17;1794
26;2025-11-25;18;1997
26;2025-11-25;19;1339
26;2025-11-25;20;801
26;2025-11-25;21;498
26;2025-11-25;22;225
26;2025-11-25;23;121
26;2025-11-26;0;32
26;2025-11-26;1;2
26;2025-11-26;2;0
26;2025-11-26;3;0
26;2025-11-26;4;2
26;2025-11-26;5;98
26;2025-11-26;6;521
26;2025-11-26;7;1162
26;2025-11-26;8;2307
26;2025-11-26;9;1544
26;2025-11-26;10;1280
26;2025-11-26;11;1156
26;2025-11-26;12;1201
26;2025-11-26;13;1240
26;2025-11-26;14;1310
26;2025-11-26;15;1411
26;2025-11-26;16;1561
26;2025-11-26;17;1794
26;2025-11-26;18;1997
26;2025-11-26;19;1339
26;2025-11-26;20;801
26;2025-11-26;21;498
26;2025-11-26;22;225
26;2025-11-26;23;121
26;2025-11-27;0;32
26;2025-11-27;1;2
26;2025-11-27;2;0
26;2025-11-27;3;0
26;2025-11-27;4;2
26;2025-11-27;5;98
26;2025-11-27;6;521
26;2025-11-27;7;1162
26;2025-11-27;8;2307
26;2025-11-27;9;1544
26;2025-11-27;10;1280
26;2025-11-27;11;1156
26;2025-11-27;12;1201
26;2025-11-27;13;1240
26;2025-11-27;14;1310
26;2025-11-27;15;1411
26;2025-11-27;16;1561
26;2025-11-27;17;1794
26;2025-11-27;18;1997
26;2025-11-27;19;1339
26;2025-11-27;20;801
26;2025-11-27;21;498
26;2025-11-27;22;225
26;2025-11-27;23;121
26;2025-11-28;0;32
26;2025-11-28;1;2
26;2025-11-28;2;0
26;2025-11-28;3;0
26;2025-11-28;4;1
26;2025-11-28;5;91
26;2025-11-28;6;537
26;2025-11-28;7;1091
26;2025-11-28;8;2220
26;2025-11-28;9;1496
26;2025-11-28;10;1282
26;2025-11-28;11;1165
26;2025-11-28;12;1185
26;2025-11-28;13;1230
26;2025-11-28;14;1321
26;2025-11-28;15;1461
26;2025-11-28;16;1738
26;2025-11-28;17;1843
26;2025-11-28;18;1460
26;2025-11-28;19;1129
26;2025-11-28;20;739
26;2025-11-28;21;474
26;2025-11-28;22;218
26;2025-11-28;23;155
26;2025-11-29;0;47
26;2025-11-29;1;3
26;2025-11-29;2;0
26;2025-11-29;3;0
26;2025-11-29;4;2
26;2025-11-29;5;47
26;2025-11-29;6;271
26;2025-11-29;7;390
26;2025-11-29;8;634
26;2025-11-29;9;718
26;2025-11-29;10;863
26;2025-11-29;11;1053
26;2025-11-29;12;1120
26;2025-11-29;13;1115
26;2025-11-29;14;1140
26;2025-11-29;15;1044
26;2025-11-29;16;1081
26;2025-11-29;17;996
26;2025-11-29;18;941
26;2025-11-29;19;811
26;2025-11-29;20;565
26;2025-11-29;21;378
26;2025-11-29;22;220
26;2025-11-29;23;158
26;2025-11-30;0;53
26;2025-11-30;1;5
26;2025-11-30;2;0
26;2025-11-30;3;0
26;2025-11-30;4;2
26;2025-11-30;5;32
26;2025-11-30;6;170
26;2025-11-30;7;263
26;2025-11-30;8;413
26;2025-11-30;9;580
26;2025-11-30;10;641
26;2025-11-30;11;899
26;2025-11-30;12;903
26;2025-11-30;13;977
26;2025-11-30;14;940
26;2025-11-30;15;869
26;2025-11-30;16;839
26;2025-11-30;17;859
26;2025-11-30;18;778
26;2025-11-30;19;586
26;2025-11-30;20;433
26;2025-11-30;21;308
26;2025-11-30;22;199
26;2025-11-30;23;117
26;2025-12-01;0;30
26;2025-12-01;1;2
26;2025-12-01;2;0
26;2025-12-01;3;0
26;2025-12-01;4;2
26;2025-12-01;5;93
26;2025-12-01;6;505
26;2025-12-01;7;1110
26;2025-12-01;8;2188
26;2025-12-01;9;1476
26;2025-12-01;10;1220
26;2025-12-01;11;1104
26;2025-12-01;12;1144
26;2025-12-01;13;1186
26;2025-12-01;14;1236
26;2025-12-01;15;1340
26;2025-12-01;16;1494
26;2025-12-01;17;1711
26;2025-12-01;18;1911
26;2025-12-01;19;1287
26;2025-12-01;20;769
26;2025-12-01;21;472
26;2025-12-01;22;217
26;2025-12-01;23;114
26;2025-12-02;0;31
26;2025-12-02;1;2
26;2025-12-02;2;0
26;2025-12-02;3;0
26;2025-12-02;4;2
26;2025-12-02;5;95
26;2025-12-02;6;519
26;2025-12-02;7;1140
26;2025-12-02;8;2249
26;2025-12-02;9;1516
26;2025-12-02;10;1253
26;2025-12-02;11;1134
26;2025-12-02;12;1175
26;2025-12-02;13;1218
26;2025-12-02;14;1270
26;2025-12-02;15;1377
26;2025-12-02;16;1535
26;2025-12-02;17;1758
26;2025-12-02;18;1963
26;2025-12-02;19;1323
26;2025-12-02;20;790
26;2025-12-02;21;485
26;2025-12-02;22;223
26;2025-12-02;23;118
26;2025-12-03;0;31
26;2025-12-03;1;2
26;2025-12-03;2;0
26;2025-12-03;3;0
26;2025-12-03;4;2
26;2025-12-03;5;95
26;2025-12-03;6;519
26;2025-12-03;7;1140
26;2025-12-03;8;2249
26;2025-12-03;9;1516
26;2025-12-03;10;1253
26;2025-12-03;11;1134
26;2025-12-03;12;1175
26;2025-12-03;13;1218
26;2025-12-03;14;1270
26;2025-12-03;15;1377
26;2025-12-03;16;1535
26;2025-12-03;17;1758
26;2025-12-03;18;1963
26;2025-12-03;19;1323
26;2025-12-03;20;790
26;2025-12-03;21;485
26;2025-12-03;22;223
26;2025-12-03;23;118
26;2025-12-04;0;31
26;2025-12-04;1;2
26;2025-12-04;2;0
26;2025-12-04;3;0
26;2025-12-04;4;2
26;2025-12-04;5;95
26;2025-12-04;6;519
26;2025-12-04;7;1140
26;2025-12-04;8;2249
26;2025-12-04;9;1516
26;2025-12-04;10;1253
26;2025-12-04;11;1134
26;2025-12-04;12;1175
26;2025-12-04;13;1218
26;2025-12-04;14;1270
26;2025-12-04;15;1377
26;2025-12-04;16;1535
26;2025-12-04;17;1758
26;2025-12-04;18;1963
26;2025-12-04;19;1323
26;2025-12-04;20;790
26;2025-12-04;21;485
26;2025-12-04;22;223
26;2025-12-04;23;118
26;2025-12-05;0;31
26;2025-12-05;1;2
26;2025-12-05;2;0
26;2025-12-05;3;0
26;2025-12-05;4;1
26;2025-12-05;5;90
26;2025-12-05;6;531
26;2025-12-05;7;1072
26;2025-12-05;8;2153
26;2025-12-05;9;1472
26;2025-12-05;10;1250
26;2025-12-05;11;1140
26;2025-12-05;12;1165
26;2025-12-05;13;1211
26;2025-12-05;14;1272
26;2025-12-05;15;1439
26;2025-12-05;16;1703
26;2025-12-05;17;1800
26;2025-12-05;18;1448
26;2025-12-05;19;1117
26;2025-12-05;20;735
26;2025-12-05;21;462
26;2025-12-05;22;216
26;2025-12-05;23;151
26;2025-12-06;0;45
26;2025-12-06;1;3
26;2025-12-06;2;0
26;2025-12-06;3;0
26;2025-12-06;4;2
26;2025-12-06;5;45
26;2025-12-06;6;272
26;2025-12-06;7;384
26;2025-12-06;8;620
26;2025-12-06;9;709
26;2025-12-06;10;847
26;2025-12-06;11;1037
26;2025-12-06;12;1099
26;2025-12-06;13;1099
26;2025-12-06;14;1118
26;2025-12-06;15;1027
26;2025-12-06;16;1061
26;2025-12-06;17;979
26;2025-12-06;18;929
26;2025-12-06;19;799
26;2025-12-06;20;556
26;2025-12-06;21;373
26;2025-12-06;22;218
26;2025-12-06;23;155
26;2025-12-07;0;52
26;2025-12-07;1;5
26;2025-12-07;2;0
26;2025-12-07;3;0
26;2025-12-07;4;2
26;2025-12-07;5;33
26;2025-12-07;6;167
26;2025-12-07;7;255
26;2025-12-07;8;407
26;2025-12-07;9;573
26;2025-12-07;10;631
26;2025-12-07;11;886
26;2025-12-07;12;893
26;2025-12-07;13;967
26;2025-12-07;14;927
26;2025-12-07;15;859
26;2025-12-07;16;832
26;2025-12-07;17;850
26;2025-12-07;18;771
26;2025-12-07;19;584
26;2025-12-07;20;427
26;2025-12-07;21;305
26;2025-12-07;22;201
26;2025-12-07;23;115
26;2025-12-08;0;30
26;2025-12-08;1;2
26;2025-12-08;2;0
26;2025-12-08;3;0
26;2025-12-08;4;2
26;2025-12-08;5;93
26;2025-12-08;6;505
26;2025-12-08;7;1110
26;2025-12-08;8;2188
26;2025-12-08;9;1476
26;2025-12-08;10;1220
26;2025-12-08;11;1104
26;2025-12-08;12;1144
26;2025-12-08;13;1186
26;2025-12-08;14;1236
26;2025-12-08;15;1340
26;2025-12-08;16;1494
26;2025-12-08;17;1711
26;2025-12-08;18;1911
26;2025-12-08;19;1287
26;2025-12-08;20;769
26;2025-12-08;21;472
26;2025-12-08;22;217
26;2025-12-08;23;114
26;2025-12-09;0;31
26;2025-12-09;1;2
26;2025-12-09;2;0
26;2025-12-09;3;0
26;2025-12-09;4;2
26;2025-12-09;5;95
26;2025-12-09;6;519
26;2025-12-09;7;1140
26;2025-12-09;8;2249
26;2025-12-09;9;1516
26;2025-12-09;10;1253
26;2025-12-09;11;1134
26;2025-12-09;12;1175
26;2025-12-09;13;1218
26;2025-12-09;14;1270
26;2025-12-09;15;1377
26;2025-12-09;16;1535
26;2025-12-09;17;1758
26;2025-12-09;18;1963
26;2025-12-09;19;1323
26;2025-12-09;20;790
26;2025-12-09;21;485
26;2025-12-09;22;223
26;2025-12-09;23;118
26;2025-12-10;0;31
26;2025-12-10;1;2
26;2025-12-10;2;0
26;2025-12-10;3;0
26;2025-12-10;4;2
26;2025-12-10;5;95
26;2025-12-10;6;519
26;2025-12-10;7;1140
26;2025-12-10;8;2249
26;2025-12-10;9;1516
26;2025-12-10;10;1253
26;2025-12-10;11;1134
26;2025-12-10;12;1175
26;2025-12-10;13;1218
26;2025-12-10;14;1270
26;2025-12-10;15;1377
26;2025-12-10;16;1535
26;2025-12-10;17;1758
26;2025-12-10;18;1963
26;2025-12-10;19;1323
26;2025-12-10;20;790
26;2025-12-10;21;485
26;2025-12-10;22;223
26;2025-12-10;23;118
26;2025-12-11;0;31
26;2025-12-11;1;2
26;2025-12-11;2;0
26;2025-12-11;3;0
26;2025-12-11;4;2
26;2025-12-11;5;95
26;2025-12-11;6;519
26;2025-12-11;7;1140
26;2025-12-11;8;2249
26;2025-12-11;9;1516
26;2025-12-11;10;1253
26;2025-12-11;11;1134
26;2025-12-11;12;1175
26;2025-12-11;13;1218
26;2025-12-11;14;1270
26;2025-12-11;15;1377
26;2025-12-11;16;1535
26;2025-12-11;17;1758
26;2025-12-11;18;1963
26;2025-12-11;19;1323
26;2025-12-11;20;790
26;2025-12-11;21;485
26;2025-12-11;22;223
26;2025-12-11;23;118
26;2025-12-12;0;31
26;2025-12-12;1;2
26;2025-12-12;2;0
26;2025-12-12;3;0
26;2025-12-12;4;1
26;2025-12-12;5;90
26;2025-12-12;6;531
26;2025-12-12;7;1072
26;2025-12-12;8;2153
26;2025-12-12;9;1472
26;2025-12-12;10;1250
26;2025-12-12;11;1140
26;2025-12-12;12;1165
26;2025-12-12;13;1211
26;2025-12-12;14;1272
26;2025-12-12;15;1439
26;2025-12-12;16;1703
26;2025-12-12;17;1800
26;2025-12-12;18;1448
26;2025-12-12;19;1117
26;2025-12-12;20;735
26;2025-12-12;21;462
26;2025-12-12;22;216
26;2025-12-12;23;151
26;2025-12-13;0;45
26;2025-12-13;1;3
26;2025-12-13;2;0
26;2025-12-13;3;0
26;2025-12-13;4;2
26;2025-12-13;5;45
26;2025-12-13;6;272
26;2025-12-13;7;384
26;2025-12-13;8;620
26;2025-12-13;9;709
26;2025-12-13;10;847
26;2025-12-13;11;1037
26;2025-12-13;12;1099
26;2025-12-13;13;1099
26;2025-12-13;14;1118
26;2025-12-13;15;1027
26;2025-12-13;16;1061
26;2025-12-13;17;979
26;2025-12-13;18;929
26;2025-12-13;19;799
26;2025-12-13;20;556
26;2025-12-13;21;373
26;2025-12-13;22;218
26;2025-12-13;23;155
26;2025-12-14;0;52
26;2025-12-14;1;5
26;2025-12-14;2;0
26;2025-12-14;3;0
26;2025-12-14;4;2
26;2025-12-14;5;33
26;2025-12-14;6;167
26;2025-12-14;7;255
26;2025-12-14;8;407
26;2025-12-14;9;573
26;2025-12-14;10;631
26;2025-12-14;11;886
26;2025-12-14;12;893
26;2025-12-14;13;967
26;2025-12-14;14;927
26;2025-12-14;15;859
26;2025-12-14;16;832
26;2025-12-14;17;850
26;2025-12-14;18;771
26;2025-12-14;19;584
26;2025-12-14;20;427
26;2025-12-14;21;305
26;2025-12-14;22;201
26;2025-12-14;23;115
26;2025-12-15;0;30
26;2025-12-15;1;2
26;2025-12-15;2;0
26;2025-12-15;3;0
26;2025-12-15;4;2
26;2025-12-15;5;93
26;2025-12-15;6;505
26;2025-12-15;7;1110
26;2025-12-15;8;2188
26;2025-12-15;9;1476
26;2025-12-15;10;1220
26;2025-12-15;11;1104
26;2025-12-15;12;1144
26;2025-12-15;13;1186
26;2025-12-15;14;1236
26;2025-12-15;15;1340
26;2025-12-15;16;1494
26;2025-12-15;17;1711
26;2025-12-15;18;1911
26;2025-12-15;19;1287
26;2025-12-15;20;769
26;2025-12-15;21;472
26;2025-12-15;22;217
26;2025-12-15;23;114
26;2025-12-16;0;31
26;2025-12-16;1;2
26;2025-12-16;2;0
26;2025-12-16;3;0
26;2025-12-16;4;2
26;2025-12-16;5;95
26;2025-12-16;6;519
26;2025-12-16;7;1140
26;2025-12-16;8;2249
26;2025-12-16;9;1516
26;2025-12-16;10;1253
26;2025-12-16;11;1134
26;2025-12-16;12;1175
26;2025-12-16;13;1218
26;2025-12-16;14;1270
26;2025-12-16;15;1377
26;2025-12-16;16;1535
26;2025-12-16;17;1758
26;2025-12-16;18;1963
26;2025-12-16;19;1323
26;2025-12-16;20;790
26;2025-12-16;21;485
26;2025-12-16;22;223
26;2025-12-16;23;118
26;2025-12-17;0;31
26;2025-12-17;1;2
26;2025-12-17;2;0
26;2025-12-17;3;0
26;2025-12-17;4;2
26;2025-12-17;5;95
26;2025-12-17;6;519
26;2025-12-17;7;1140
26;2025-12-17;8;2249
26;2025-12-17;9;1516
26;2025-12-17;10;1253
26;2025-12-17;11;1134
26;2025-12-17;12;1175
26;2025-12-17;13;1218
26;2025-12-17;14;1270
26;2025-12-17;15;1377
26;2025-12-17;16;1535
26;2025-12-17;17;1758
26;2025-12-17;18;1963
26;2025-12-17;19;1323
26;2025-12-17;20;790
26;2025-12-17;21;485
26;2025-12-17;22;223
26;2025-12-17;23;118
26;2025-12-18;0;31
26;2025-12-18;1;2
26;2025-12-18;2;0
26;2025-12-18;3;0
26;2025-12-18;4;2
26;2025-12-18;5;95
26;2025-12-18;6;519
26;2025-12-18;7;1140
26;2025-12-18;8;2249
26;2025-12-18;9;1516
26;2025-12-18;10;1253
26;2025-12-18;11;1134
26;2025-12-18;12;1175
26;2025-12-18;13;1218
26;2025-12-18;14;1270
26;2025-12-18;15;1377
26;2025-12-18;16;1535
26;2025-12-18;17;1758
26;2025-12-18;18;1963
26;2025-12-18;19;1323
26;2025-12-18;20;790
26;2025-12-18;21;485
26;2025-12-18;22;223
26;2025-12-18;23;118
26;2025-12-19;0;31
26;2025-12-19;1;2
26;2025-12-19;2;0
26;2025-12-19;3;0
26;2025-12-19;4;1
26;2025-12-19;5;90
26;2025-12-19;6;531
26;2025-12-19;7;1072
26;2025-12-19;8;2153
26;2025-12-19;9;1472
26;2025-12-19;10;1250
26;2025-12-19;11;1140
26;2025-12-19;12;1165
26;2025-12-19;13;1211
26;2025-12-19;14;1272
26;2025-12-19;15;1439
26;2025-12-19;16;1703
26;2025-12-19;17;1800
26;2025-12-19;18;1448
26;2025-12-19;19;1117
26;2025-12-19;20;735
26;2025-12-19;21;462
26;2025-12-19;22;216
26;2025-12-19;23;151
26;2025-12-20;0;45
26;2025-12-20;1;3
26;2025-12-20;2;0
26;2025-12-20;3;0
26;2025-12-20;4;2
26;2025-12-20;5;45
26;2025-12-20;6;272
26;2025-12-20;7;384
26;2025-12-20;8;620
26;2025-12-20;9;709
26;2025-12-20;10;847
26;2025-12-20;11;1037
26;2025-12-20;12;1099
26;2025-12-20;13;1099
26;2025-12-20;14;1118
26;2025-12-20;15;1027
26;2025-12-20;16;1061
26;2025-12-20;17;979
26;2025-12-20;18;929
26;2025-12-20;19;799
26;2025-12-20;20;556
26;2025-12-20;21;373
26;2025-12-20;22;218
26;2025-12-20;23;155
26;2025-12-21;0;52
26;2025-12-21;1;5
26;2025-12-21;2;0
26;2025-12-21;3;0
26;2025-12-21;4;2
26;2025-12-21;5;33
26;2025-12-21;6;167
26;2025-12-21;7;255
26;2025-12-21;8;407
26;2025-12-21;9;573
26;2025-12-21;10;631
26;2025-12-21;11;886
26;2025-12-21;12;893
26;2025-12-21;13;967
26;2025-12-21;14;927
26;2025-12-21;15;859
26;2025-12-21;16;832
26;2025-12-21;17;850
26;2025-12-21;18;771
26;2025-12-21;19;584
26;2025-12-21;20;427
26;2025-12-21;21;305
26;2025-12-21;22;201
26;2025-12-21;23;115
26;2025-12-22;0;30
26;2025-12-22;1;2
26;2025-12-22;2;0
26;2025-12-22;3;0
26;2025-12-22;4;2
26;2025-12-22;5;93
26;2025-12-22;6;505
26;2025-12-22;7;1110
26;2025-12-22;8;2188
26;2025-12-22;9;1476
26;2025-12-22;10;1220
26;2025-12-22;11;1104
26;2025-12-22;12;1144
26;2025-12-22;13;1186
26;2025-12-22;14;1236
26;2025-12-22;15;1340
26;2025-12-22;16;1494
26;2025-12-22;17;1711
26;2025-12-22;18;1911
26;2025-12-22;19;1287
26;2025-12-22;20;769
26;2025-12-22;21;472
26;2025-12-22;22;217
26;2025-12-22;23;114
26;2025-12-23;0;31
26;2025-12-23;1;2
26;2025-12-23;2;0
26;2025-12-23;3;0
26;2025-12-23;4;2
26;2025-12-23;5;95
26;2025-12-23;6;519
26;2025-12-23;7;1140
26;2025-12-23;8;2249
26;2025-12-23;9;1516
26;2025-12-23;10;1253
26;2025-12-23;11;1134
26;2025-12-23;12;1175
26;2025-12-23;13;1218
26;2025-12-23;14;1270
26;2025-12-23;15;1377
26;2025-12-23;16;1535
26;2025-12-23;17;1758
26;2025-12-23;18;1963
26;2025-12-23;19;1323
26;2025-12-23;20;790
26;2025-12-23;21;485
26;2025-12-23;22;223
26;2025-12-23;23;118
26;2025-12-24;0;31
26;2025-12-24;1;2
26;2025-12-24;2;0
26;2025-12-24;3;0
26;2025-12-24;4;2
26;2025-12-24;5;95
26;2025-12-24;6;519
26;2025-12-24;7;1140
26;2025-12-24;8;2249
26;2025-12-24;9;1516
26;2025-12-24;10;1253
26;2025-12-24;11;1134
26;2025-12-24;12;1175
26;2025-12-24;13;1218
26;2025-12-24;14;1270
26;2025-12-24;15;1377
26;2025-12-24;16;1535
26;2025-12-24;17;1758
26;2025-12-24;18;1963
26;2025-12-24;19;1323
26;2025-12-24;20;790
26;2025-12-24;21;485
26;2025-12-24;22;223
26;2025-12-24;23;118
26;2025-12-25;0;31
26;2025-12-25;1;2
26;2025-12-25;2;0
26;2025-12-25;3;0
26;2025-12-25;4;2
26;2025-12-25;5;95
26;2025-12-25;6;519
26;2025-12-25;7;1140
26;2025-12-25;8;2249
26;2025-12-25;9;1516
26;2025-12-25;10;1253
26;2025-12-25;11;1134
26;2025-12-25;12;1175
26;2025-12-25;13;1218
26;2025-12-25;14;1270
26;2025-12-25;15;1377
26;2025-12-25;16;1535
26;2025-12-25;17;1758
26;2025-12-25;18;1963
26;2025-12-25;19;1323
26;2025-12-25;20;790
26;2025-12-25;21;485
26;2025-12-25;22;223
26;2025-12-25;23;118
26;2025-12-26;0;31
26;2025-12-26;1;2
26;2025-12-26;2;0
26;2025-12-26;3;0
26;2025-12-26;4;1
26;2025-12-26;5;90
26;2025-12-26;6;531
26;2025-12-26;7;1072
26;2025-12-26;8;2153
26;2025-12-26;9;1472
26;2025-12-26;10;1250
26;2025-12-26;11;1140
26;2025-12-26;12;1165
26;2025-12-26;13;1211
26;2025-12-26;14;1272
26;2025-12-26;15;1439
26;2025-12-26;16;1703
26;2025-12-26;17;1800
26;2025-12-26;18;1448
26;2025-12-26;19;1117
26;2025-12-26;20;735
26;2025-12-26;21;462
26;2025-12-26;22;216
26;2025-12-26;23;151
26;2025-12-27;0;45
26;2025-12-27;1;3
26;2025-12-27;2;0
26;2025-12-27;3;0
26;2025-12-27;4;2
26;2025-12-27;5;45
26;2025-12-27;6;272
26;2025-12-27;7;384
26;2025-12-27;8;620
26;2025-12-27;9;709
26;2025-12-27;10;847
26;2025-12-27;11;1037
26;2025-12-27;12;1099
26;2025-12-27;13;1099
26;2025-12-27;14;1118
26;2025-12-27;15;1027
26;2025-12-27;16;1061
26;2025-12-27;17;979
26;2025-12-27;18;929
26;2025-12-27;19;799
26;2025-12-27;20;556
26;2025-12-27;21;373
26;2025-12-27;22;218
26;2025-12-27;23;155
26;2025-12-28;0;52
26;2025-12-28;1;5
26;2025-12-28;2;0
26;2025-12-28;3;0
26;2025-12-28;4;2
26;2025-12-28;5;33
26;2025-12-28;6;167
26;2025-12-28;7;255
26;2025-12-28;8;407
26;2025-12-28;9;573
26;2025-12-28;10;631
26;2025-12-28;11;886
26;2025-12-28;12;893
26;2025-12-28;13;967
26;2025-12-28;14;927
26;2025-12-28;15;859
26;2025-12-28;16;832
26;2025-12-28;17;850
26;2025-12-28;18;771
26;2025-12-28;19;584
26;2025-12-28;20;427
26;2025-12-28;21;305
26;2025-12-28;22;201
26;2025-12-28;23;115
26;2025-12-29;0;27
26;2025-12-29;1;1
26;2025-12-29;2;0
26;2025-12-29;3;0
26;2025-12-29;4;2
26;2025-12-29;5;84
26;2025-12-29;6;454
26;2025-12-29;7;999
26;2025-12-29;8;1969
26;2025-12-29;9;1328
26;2025-12-29;10;1098
26;2025-12-29;11;993
26;2025-12-29;12;1030
26;2025-12-29;13;1067
26;2025-12-29;14;1112
26;2025-12-29;15;1206
26;2025-12-29;16;1344
26;2025-12-29;17;1540
26;2025-12-29;18;1720
26;2025-12-29;19;1159
26;2025-12-29;20;692
26;2025-12-29;21;425
26;2025-12-29;22;195
26;2025-12-29;23;103
26;2025-12-30;0;26
26;2025-12-30;1;1
26;2025-12-30;2;0
26;2025-12-30;3;0
26;2025-12-30;4;1
26;2025-12-30;5;81
26;2025-12-30;6;441
26;2025-12-30;7;969
26;2025-12-30;8;1911
26;2025-12-30;9;1289
26;2025-12-30;10;1065
26;2025-12-30;11;964
26;2025-12-30;12;999
26;2025-12-30;13;1036
26;2025-12-30;14;1079
26;2025-12-30;15;1171
26;2025-12-30;16;1305
26;2025-12-30;17;1495
26;2025-12-30;18;1669
26;2025-12-30;19;1124
26;2025-12-30;20;672
26;2025-12-30;21;412
26;2025-12-30;22;190
26;2025-12-30;23;100
26;2025-12-31;0;38
26;2025-12-31;1;3
26;2025-12-31;2;0
26;2025-12-31;3;0
26;2025-12-31;4;2
26;2025-12-31;5;38
26;2025-12-31;6;231
26;2025-12-31;7;326
26;2025-12-31;8;527
26;2025-12-31;9;603
26;2025-12-31;10;720
26;2025-12-31;11;881
26;2025-12-31;12;934
26;2025-12-31;13;934
26;2025-12-31;14;950
26;2025-12-31;15;873
26;2025-12-31;16;902
26;2025-12-31;17;832
26;2025-12-31;18;790
26;2025-12-31;19;679
26;2025-12-31;20;473
26;2025-12-31;21;317
26;2025-12-31;22;186
26;2025-12-31;23;131
28;2025-11-01;0;0
28;2025-11-01;1;0
28;2025-11-01;2;0
28;2025-11-01;3;0
28;2025-11-01;4;1
28;2025-11-01;5;58
28;2025-11-01;6;211
28;2025-11-01;7;648
28;2025-11-01;8;986
28;2025-11-01;9;662
28;2025-11-01;10;503
28;2025-11-01;11;458
28;2025-11-01;12;573
28;2025-11-01;13;581
28;2025-11-01;14;562
28;2025-11-01;15;576
28;2025-11-01;16;780
28;2025-11-01;17;793
28;2025-11-01;18;672
28;2025-11-01;19;494
28;2025-11-01;20;361
28;2025-11-01;21;247
28;2025-11-01;22;111
28;2025-11-01;23;17
28;2025-11-02;0;1
28;2025-11-02;1;0
28;2025-11-02;2;0
28;2025-11-02;3;0
28;2025-11-02;4;0
28;2025-11-02;5;30
28;2025-11-02;6;82
28;2025-11-02;7;153
28;2025-11-02;8;253
28;2025-11-02;9;344
28;2025-11-02;10;388
28;2025-11-02;11;425
28;2025-11-02;12;459
28;2025-11-02;13;549
28;2025-11-02;14;515
28;2025-11-02;15;523
28;2025-11-02;16;483
28;2025-11-02;17;512
28;2025-11-02;18;427
28;2025-11-02;19;378
28;2025-11-02;20;295
28;2025-11-02;21;234
28;2025-11-02;22;110
28;2025-11-02;23;12
28;2025-11-03;0;1
28;2025-11-03;1;0
28;2025-11-03;2;0
28;2025-11-03;3;0
28;2025-11-03;4;1
28;2025-11-03;5;29
28;2025-11-03;6;79
28;2025-11-03;7;162
28;2025-11-03;8;271
28;2025-11-03;9;349
28;2025-11-03;10;382
28;2025-11-03;11;406
28;2025-11-03;12;455
28;2025-11-03;13;504
28;2025-11-03;14;480
28;2025-11-03;15;485
28;2025-11-03;16;465
28;2025-11-03;17;474
28;2025-11-03;18;405
28;2025-11-03;19;338
28;2025-11-03;20;255
28;2025-11-03;21;216
28;2025-11-03;22;98
28;2025-11-03;23;11
28;2025-11-04;0;1
28;2025-11-04;1;0
28;2025-11-04;2;0
28;2025-11-04;3;0
28;2025-11-04;4;1
28;2025-11-04;5;29
28;2025-11-04;6;79
28;2025-11-04;7;162
28;2025-11-04;8;271
28;2025-11-04;9;349
28;2025-11-04;10;382
28;2025-11-04;11;406
28;2025-11-04;12;455
28;2025-11-04;13;504
28;2025-11-04;14;480
28;2025-11-04;15;485
28;2025-11-04;16;465
28;2025-11-04;17;474
28;2025-11-04;18;405
28;2025-11-04;19;338
28;2025-11-04;20;255
28;2025-11-04;21;216
28;2025-11-04;22;98
28;2025-11-04;23;11
28;2025-11-05;0;3
28;2025-11-05;1;0
28;2025-11-05;2;0
28;2025-11-05;3;0
28;2025-11-05;4;2
28;2025-11-05;5;82
28;2025-11-05;6;276
28;2025-11-05;7;852
28;2025-11-05;8;1330
28;2025-11-05;9;903
28;2025-11-05;10;666
28;2025-11-05;11;590
28;2025-11-05;12;718
28;2025-11-05;13;741
28;2025-11-05;14;681
28;2025-11-05;15;718
28;2025-11-05;16;907
28;2025-11-05;17;1067
28;2025-11-05;18;1049
28;2025-11-05;19;779
28;2025-11-05;20;542
28;2025-11-05;21;331
28;2025-11-05;22;137
28;2025-11-05;23;20
28;2025-11-06;0;3
28;2025-11-06;1;0
28;2025-11-06;2;0
28;2025-11-06;3;0
28;2025-11-06;4;2
28;2025-11-06;5;82
28;2025-11-06;6;276
28;2025-11-06;7;852
28;2025-11-06;8;1330
28;2025-11-06;9;903
28;2025-11-06;10;666
28;2025-11-06;11;590
28;2025-11-06;12;718
28;2025-11-06;13;741
28;2025-11-06;14;681
28;2025-11-06;15;718
28;2025-11-06;16;907
28;2025-11-06;17;1067
28;2025-11-06;18;1049
28;2025-11-06;19;779
28;2025-11-06;20;542
28;2025-11-06;21;331
28;2025-11-06;22;137
28;2025-11-06;23;20
28;2025-11-07;0;2
28;2025-11-07;1;0
28;2025-11-07;2;0
28;2025-11-07;3;0
28;2025-11-07;4;1
28;2025-11-07;5;75
28;2025-11-07;6;271
28;2025-11-07;7;834
28;2025-11-07;8;1270
28;2025-11-07;9;853
28;2025-11-07;10;648
28;2025-11-07;11;590
28;2025-11-07;12;739
28;2025-11-07;13;748
28;2025-11-07;14;724
28;2025-11-07;15;743
28;2025-11-07;16;1005
28;2025-11-07;17;1022
28;2025-11-07;18;865
28;2025-11-07;19;636
28;2025-11-07;20;465
28;2025-11-07;21;318
28;2025-11-07;22;142
28;2025-11-07;23;21
28;2025-11-08;0;1
28;2025-11-08;1;0
28;2025-11-08;2;0
28;2025-11-08;3;0
28;2025-11-08;4;1
28;2025-11-08;5;37
28;2025-11-08;6;102
28;2025-11-08;7;230
28;2025-11-08;8;388
28;2025-11-08;9;477
28;2025-11-08;10;508
28;2025-11-08;11;523
28;2025-11-08;12;608
28;2025-11-08;13;624
28;2025-11-08;14;604
28;2025-11-08;15;608
28;2025-11-08;16;604
28;2025-11-08;17;591
28;2025-11-08;18;519
28;2025-11-08;19;406
28;2025-11-08;20;294
28;2025-11-08;21;271
28;2025-11-08;22;117
28;2025-11-08;23;14
28;2025-11-09;0;1
28;2025-11-09;1;0
28;2025-11-09;2;0
28;2025-11-09;3;0
28;2025-11-09;4;0
28;2025-11-09;5;30
28;2025-11-09;6;82
28;2025-11-09;7;153
28;2025-11-09;8;253
28;2025-11-09;9;344
28;2025-11-09;10;388
28;2025-11-09;11;425
28;2025-11-09;12;459
28;2025-11-09;13;549
28;2025-11-09;14;515
28;2025-11-09;15;523
28;2025-11-09;16;483
28;2025-11-09;17;512
28;2025-11-09;18;427
28;2025-11-09;19;378
28;2025-11-09;20;295
28;2025-11-09;21;234
28;2025-11-09;22;110
28;2025-11-09;23;12
28;2025-11-10;0;3
28;2025-11-10;1;0
28;2025-11-10;2;0
28;2025-11-10;3;0
28;2025-11-10;4;2
28;2025-11-10;5;80
28;2025-11-10;6;268
28;2025-11-10;7;830
28;2025-11-10;8;1295
28;2025-11-10;9;879
28;2025-11-10;10;648
28;2025-11-10;11;575
28;2025-11-10;12;698
28;2025-11-10;13;721
28;2025-11-10;14;663
28;2025-11-10;15;699
28;2025-11-10;16;883
28;2025-11-10;17;1039
28;2025-11-10;18;1021
28;2025-11-10;19;758
28;2025-11-10;20;527
28;2025-11-10;21;322
28;2025-11-10;22;133
28;2025-11-10;23;19
28;2025-11-11;0;3
28;2025-11-11;1;0
28;2025-11-11;2;0
28;2025-11-11;3;0
28;2025-11-11;4;2
28;2025-11-11;5;82
28;2025-11-11;6;276
28;2025-11-11;7;852
28;2025-11-11;8;1330
28;2025-11-11;9;903
28;2025-11-11;10;666
28;2025-11-11;11;590
28;2025-11-11;12;718
28;2025-11-11;13;741
28;2025-11-11;14;681
28;2025-11-11;15;718
28;2025-11-11;16;907
28;2025-11-11;17;1067
28;2025-11-11;18;1049
28;2025-11-11;19;779
28;2025-11-11;20;542
28;2025-11-11;21;331
28;2025-11-11;22;137
28;2025-11-11;23;20
28;2025-11-12;0;3
28;2025-11-12;1;0
28;2025-11-12;2;0
28;2025-11-12;3;0
28;2025-11-12;4;2
28;2025-11-12;5;82
28;2025-11-12;6;276
28;2025-11-12;7;852
28;2025-11-12;8;1330
28;2025-11-12;9;903
28;2025-11-12;10;666
28;2025-11-12;11;590
28;2025-11-12;12;718
28;2025-11-12;13;741
28;2025-11-12;14;681
28;2025-11-12;15;718
28;2025-11-12;16;907
28;2025-11-12;17;1067
28;2025-11-12;18;1049
28;2025-11-12;19;779
28;2025-11-12;20;542
28;2025-11-12;21;331
28;2025-11-12;22;137
28;2025-11-12;23;20
28;2025-11-13;0;3
28;2025-11-13;1;0
28;2025-11-13;2;0
28;2025-11-13;3;0
28;2025-11-13;4;2
28;2025-11-13;5;82
28;2025-11-13;6;276
28;2025-11-13;7;852
28;2025-11-13;8;1330
28;2025-11-13;9;903
28;2025-11-13;10;666
28;2025-11-13;11;590
28;2025-11-13;12;718
28;2025-11-13;13;741
28;2025-11-13;14;681
28;2025-11-13;15;718
28;2025-11-13;16;907
28;2025-11-13;17;1067
28;2025-11-13;18;1049
28;2025-11-13;19;779
28;2025-11-13;20;542
28;2025-11-13;21;331
28;2025-11-13;22;137
28;2025-11-13;23;20
28;2025-11-14;0;2
28;2025-11-14;1;0
28;2025-11-14;2;0
28;2025-11-14;3;0
28;2025-11-14;4;1
28;2025-11-14;5;75
28;2025-11-14;6;271
28;2025-11-14;7;834
28;2025-11-14;8;1270
28;2025-11-14;9;853
28;2025-11-14;10;648
28;2025-11-14;11;590
28;2025-11-14;12;739
28;2025-11-14;13;748
28;2025-11-14;14;724
28;2025-11-14;15;743
28;2025-11-14;16;1005
28;2025-11-14;17;1022
28;2025-11-14;18;865
28;2025-11-14;19;636
28;2025-11-14;20;465
28;2025-11-14;21;318
28;2025-11-14;22;142
28;2025-11-14;23;21
28;2025-11-15;0;1
28;2025-11-15;1;0
28;2025-11-15;2;0
28;2025-11-15;3;0
28;2025-11-15;4;1
28;2025-11-15;5;37
28;2025-11-15;6;102
28;2025-11-15;7;230
28;2025-11-15;8;388
28;2025-11-15;9;477
28;2025-11-15;10;508
28;2025-11-15;11;523
28;2025-11-15;12;608
28;2025-11-15;13;624
28;2025-11-15;14;604
28;2025-11-15;15;608
28;2025-11-15;16;604
28;2025-11-15;17;591
28;2025-11-15;18;519
28;2025-11-15;19;406
28;2025-11-15;20;294
28;2025-11-15;21;271
28;2025-11-15;22;117
28;2025-11-15;23;14
28;2025-11-16;0;1
28;2025-11-16;1;0
28;2025-11-16;2;0
28;2025-11-16;3;0
28;2025-11-16;4;0
28;2025-11-16;5;30
28;2025-11-16;6;82
28;2025-11-16;7;153
28;2025-11-16;8;253
28;2025-11-16;9;344
28;2025-11-16;10;388
28;2025-11-16;11;425
28;2025-11-16;12;459
28;2025-11-16;13;549
28;2025-11-16;14;515
28;2025-11-16;15;523
28;2025-11-16;16;483
28;2025-11-16;17;512
28;2025-11-16;18;427
28;2025-11-16;19;378
28;2025-11-16;20;295
28;2025-11-16;21;234
28;2025-11-16;22;110
28;2025-11-16;23;12
28;2025-11-17;0;3
28;2025-11-17;1;0
28;2025-11-17;2;0
28;2025-11-17;3;0
28;2025-11-17;4;2
28;2025-11-17;5;80
28;2025-11-17;6;268
28;2025-11-17;7;830
28;2025-11-17;8;1295
28;2025-11-17;9;879
28;2025-11-17;10;648
28;2025-11-17;11;575
28;2025-11-17;12;698
28;2025-11-17;13;721
28;2025-11-17;14;663
28;2025-11-17;15;699
28;2025-11-17;16;883
28;2025-11-17;17;1039
28;2025-11-17;18;1021
28;2025-11-17;19;758
28;2025-11-17;20;527
28;2025-11-17;21;322
28;2025-11-17;22;133
28;2025-11-17;23;19
28;2025-11-18;0;3
28;2025-11-18;1;0
28;2025-11-18;2;0
28;2025-11-18;3;0
28;2025-11-18;4;2
28;2025-11-18;5;82
28;2025-11-18;6;276
28;2025-11-18;7;852
28;2025-11-18;8;1330
28;2025-11-18;9;903
28;2025-11-18;10;666
28;2025-11-18;11;590
28;2025-11-18;12;718
28;2025-11-18;13;741
28;2025-11-18;14;681
28;2025-11-18;15;718
28;2025-11-18;16;907
28;2025-11-18;17;1067
28;2025-11-18;18;1049
28;2025-11-18;19;779
28;2025-11-18;20;542
28;2025-11-18;21;331
28;2025-11-18;22;137
28;2025-11-18;23;20
28;2025-11-19;0;3
28;2025-11-19;1;0
28;2025-11-19;2;0
28;2025-11-19;3;0
28;2025-11-19;4;2
28;2025-11-19;5;82
28;2025-11-19;6;276
28;2025-11-19;7;852
28;2025-11-19;8;1330
28;2025-11-19;9;903
28;2025-11-19;10;666
28;2025-11-19;11;590
28;2025-11-19;12;718
28;2025-11-19;13;741
28;2025-11-19;14;681
28;2025-11-19;15;718
28;2025-11-19;16;907
28;2025-11-19;17;1067
28;2025-11-19;18;1049
28;2025-11-19;19;779
28;2025-11-19;20;542
28;2025-11-19;21;331
28;2025-11-19;22;137
28;2025-11-19;23;20
28;2025-11-20;0;3
28;2025-11-20;1;0
28;2025-11-20;2;0
28;2025-11-20;3;0
28;2025-11-20;4;2
28;2025-11-20;5;82
28;2025-11-20;6;276
28;2025-11-20;7;852
28;2025-11-20;8;1330
28;2025-11-20;9;903
28;2025-11-20;10;666
28;2025-11-20;11;590
28;2025-11-20;12;718
28;2025-11-20;13;741
28;2025-11-20;14;681
28;2025-11-20;15;718
28;2025-11-20;16;907
28;2025-11-20;17;1067
28;2025-11-20;18;1049
28;2025-11-20;19;779
28;2025-11-20;20;542
28;2025-11-20;21;331
28;2025-11-20;22;137
28;2025-11-20;23;20
28;2025-11-21;0;2
28;2025-11-21;1;0
28;2025-11-21;2;0
28;2025-11-21;3;0
28;2025-11-21;4;1
28;2025-11-21;5;75
28;2025-11-21;6;271
28;2025-11-21;7;834
28;2025-11-21;8;1270
28;2025-11-21;9;853
28;2025-11-21;10;648
28;2025-11-21;11;590
28;2025-11-21;12;739
28;2025-11-21;13;748
28;2025-11-21;14;724
28;2025-11-21;15;743
28;2025-11-21;16;1005
28;2025-11-21;17;1022
28;2025-11-21;18;865
28;2025-11-21;19;636
28;2025-11-21;20;465
28;2025-11-21;21;318
28;2025-11-21;22;142
28;2025-11-21;23;21
28;2025-11-22;0;1
28;2025-11-22;1;0
28;2025-11-22;2;0
28;2025-11-22;3;0
28;2025-11-22;4;1
28;2025-11-22;5;37
28;2025-11-22;6;102
28;2025-11-22;7;230
28;2025-11-22;8;388
28;2025-11-22;9;477
28;2025-11-22;10;508
28;2025-11-22;11;523
28;2025-11-22;12;608
28;2025-11-22;13;624
28;2025-11-22;14;604
28;2025-11-22;15;608
28;2025-11-22;16;604
28;2025-11-22;17;591
28;2025-11-22;18;519
28;2025-11-22;19;406
28;2025-11-22;20;294
28;2025-11-22;21;271
28;2025-11-22;22;117
28;2025-11-22;23;14
28;2025-11-23;0;1
28;2025-11-23;1;0
28;2025-11-23;2;0
28;2025-11-23;3;0
28;2025-11-23;4;0
28;2025-11-23;5;30
28;2025-11-23;6;82
28;2025-11-23;7;153
28;2025-11-23;8;253
28;2025-11-23;9;344
28;2025-11-23;10;388
28;2025-11-23;11;425
28;2025-11-23;12;459
28;2025-11-23;13;549
28;2025-11-23;14;515
28;2025-11-23;15;523
28;2025-11-23;16;483
28;2025-11-23;17;512
28;2025-11-23;18;427
28;2025-11-23;19;378
28;2025-11-23;20;295
28;2025-11-23;21;234
28;2025-11-23;22;110
28;2025-11-23;23;12
28;2025-11-24;0;3
28;2025-11-24;1;0
28;2025-11-24;2;0
28;2025-11-24;3;0
28;2025-11-24;4;2
28;2025-11-24;5;80
28;2025-11-24;6;268
28;2025-11-24;7;830
28;2025-11-24;8;1295
28;2025-11-24;9;879
28;2025-11-24;10;648
28;2025-11-24;11;575
28;2025-11-24;12;698
28;2025-11-24;13;721
28;2025-11-24;14;663
28;2025-11-24;15;699
28;2025-11-24;16;883
28;2025-11-24;17;1039
28;2025-11-24;18;1021
28;2025-11-24;19;758
28;2025-11-24;20;527
28;2025-11-24;21;322
28;2025-11-24;22;133
28;2025-11-24;23;19
28;2025-11-25;0;3
28;2025-11-25;1;0
28;2025-11-25;2;0
28;2025-11-25;3;0
28;2025-11-25;4;2
28;2025-11-25;5;82
28;2025-11-25;6;276
28;2025-11-25;7;852
28;2025-11-25;8;1330
28;2025-11-25;9;903
28;2025-11-25;10;666
28;2025-11-25;11;590
28;2025-11-25;12;718
28;2025-11-25;13;741
28;2025-11-25;14;681
28;2025-11-25;15;718
28;2025-11-25;16;907
28;2025-11-25;17;1067
28;2025-11-25;18;1049
28;2025-11-25;19;779
28;2025-11-25;20;542
28;2025-11-25;21;331
28;2025-11-25;22;137
28;2025-11-25;23;20
28;2025-11-26;0;3
28;2025-11-26;1;0
28;2025-11-26;2;0
28;2025-11-26;3;0
28;2025-11-26;4;2
28;2025-11-26;5;82
28;2025-11-26;6;276
28;2025-11-26;7;852
28;2025-11-26;8;1330
28;2025-11-26;9;903
28;2025-11-26;10;666
28;2025-11-26;11;590
28;2025-11-26;12;718
28;2025-11-26;13;741
28;2025-11-26;14;681
28;2025-11-26;15;718
28;2025-11-26;16;907
28;2025-11-26;17;1067
28;2025-11-26;18;1049
28;2025-11-26;19;779
28;2025-11-26;20;542
28;2025-11-26;21;331
28;2025-11-26;22;137
28;2025-11-26;23;20
28;2025-11-27;0;3
28;2025-11-27;1;0
28;2025-11-27;2;0
28;2025-11-27;3;0
28;2025-11-27;4;2
28;2025-11-27;5;82
28;2025-11-27;6;276
28;2025-11-27;7;852
28;2025-11-27;8;1330
28;2025-11-27;9;903
28;2025-11-27;10;666
28;2025-11-27;11;590
28;2025-11-27;12;718
28;2025-11-27;13;741
28;2025-11-27;14;681
28;2025-11-27;15;718
28;2025-11-27;16;907
28;2025-11-27;17;1067
28;2025-11-27;18;1049
28;2025-11-27;19;779
28;2025-11-27;20;542
28;2025-11-27;21;331
28;2025-11-27;22;137
28;2025-11-27;23;20
28;2025-11-28;0;2
28;2025-11-28;1;0
28;2025-11-28;2;0
28;2025-11-28;3;0
28;2025-11-28;4;1
28;2025-11-28;5;75
28;2025-11-28;6;271
28;2025-11-28;7;834
28;2025-11-28;8;1270
28;2025-11-28;9;853
28;2025-11-28;10;648
28;2025-11-28;11;590
28;2025-11-28;12;739
28;2025-11-28;13;748
28;2025-11-28;14;724
28;2025-11-28;15;743
28;2025-11-28;16;1005
28;2025-11-28;17;1022
28;2025-11-28;18;865
28;2025-11-28;19;636
28;2025-11-28;20;465
28;2025-11-28;21;318
28;2025-11-28;22;142
28;2025-11-28;23;21
28;2025-11-29;0;1
28;2025-11-29;1;0
28;2025-11-29;2;0
28;2025-11-29;3;0
28;2025-11-29;4;1
28;2025-11-29;5;37
28;2025-11-29;6;102
28;2025-11-29;7;230
28;2025-11-29;8;388
28;2025-11-29;9;477
28;2025-11-29;10;508
28;2025-11-29;11;523
28;2025-11-29;12;608
28;2025-11-29;13;624
28;2025-11-29;14;604
28;2025-11-29;15;608
28;2025-11-29;16;604
28;2025-11-29;17;591
28;2025-11-29;18;519
28;2025-11-29;19;406
28;2025-11-29;20;294
28;2025-11-29;21;271
28;2025-11-29;22;117
28;2025-11-29;23;14
28;2025-11-30;0;1
28;2025-11-30;1;0
28;2025-11-30;2;0
28;2025-11-30;3;0
28;2025-11-30;4;0
28;2025-11-30;5;30
28;2025-11-30;6;82
28;2025-11-30;7;153
28;2025-11-30;8;253
28;2025-11-30;9;344
28;2025-11-30;10;388
28;2025-11-30;11;425
28;2025-11-30;12;459
28;2025-11-30;13;549
28;2025-11-30;14;515
28;2025-11-30;15;523
28;2025-11-30;16;483
28;2025-11-30;17;512
28;2025-11-30;18;427
28;2025-11-30;19;378
28;2025-11-30;20;295
28;2025-11-30;21;234
28;2025-11-30;22;110
28;2025-11-30;23;12
28;2025-12-01;0;2
28;2025-12-01;1;0
28;2025-12-01;2;0
28;2025-12-01;3;0
28;2025-12-01;4;2
28;2025-12-01;5;79
28;2025-12-01;6;266
28;2025-12-01;7;819
28;2025-12-01;8;1266
28;2025-12-01;9;869
28;2025-12-01;10;639
28;2025-12-01;11;564
28;2025-12-01;12;681
28;2025-12-01;13;708
28;2025-12-01;14;647
28;2025-12-01;15;684
28;2025-12-01;16;861
28;2025-12-01;17;1013
28;2025-12-01;18;998
28;2025-12-01;19;741
28;2025-12-01;20;517
28;2025-12-01;21;315
28;2025-12-01;22;134
28;2025-12-01;23;21
28;2025-12-02;0;3
28;2025-12-02;1;0
28;2025-12-02;2;0
28;2025-12-02;3;0
28;2025-12-02;4;2
28;2025-12-02;5;81
28;2025-12-02;6;273
28;2025-12-02;7;842
28;2025-12-02;8;1301
28;2025-12-02;9;893
28;2025-12-02;10;657
28;2025-12-02;11;580
28;2025-12-02;12;700
28;2025-12-02;13;727
28;2025-12-02;14;665
28;2025-12-02;15;703
28;2025-12-02;16;884
28;2025-12-02;17;1041
28;2025-12-02;18;1025
28;2025-12-02;19;762
28;2025-12-02;20;531
28;2025-12-02;21;324
28;2025-12-02;22;137
28;2025-12-02;23;21
28;2025-12-03;0;3
28;2025-12-03;1;0
28;2025-12-03;2;0
28;2025-12-03;3;0
28;2025-12-03;4;2
28;2025-12-03;5;81
28;2025-12-03;6;273
28;2025-12-03;7;842
28;2025-12-03;8;1301
28;2025-12-03;9;893
28;2025-12-03;10;657
28;2025-12-03;11;580
28;2025-12-03;12;700
28;2025-12-03;13;727
28;2025-12-03;14;665
28;2025-12-03;15;703
28;2025-12-03;16;884
28;2025-12-03;17;1041
28;2025-12-03;18;1025
28;2025-12-03;19;762
28;2025-12-03;20;531
28;2025-12-03;21;324
28;2025-12-03;22;137
28;2025-12-03;23;21
28;2025-12-04;0;3
28;2025-12-04;1;0
28;2025-12-04;2;0
28;2025-12-04;3;0
28;2025-12-04;4;2
28;2025-12-04;5;81
28;2025-12-04;6;273
28;2025-12-04;7;842
28;2025-12-04;8;1301
28;2025-12-04;9;893
28;2025-12-04;10;657
28;2025-12-04;11;580
28;2025-12-04;12;700
28;2025-12-04;13;727
28;2025-12-04;14;665
28;2025-12-04;15;703
28;2025-12-04;16;884
28;2025-12-04;17;1041
28;2025-12-04;18;1025
28;2025-12-04;19;762
28;2025-12-04;20;531
28;2025-12-04;21;324
28;2025-12-04;22;137
28;2025-12-04;23;21
28;2025-12-05;0;2
28;2025-12-05;1;0
28;2025-12-05;2;0
28;2025-12-05;3;0
28;2025-12-05;4;1
28;2025-12-05;5;74
28;2025-12-05;6;265
28;2025-12-05;7;814
28;2025-12-05;8;1236
28;2025-12-05;9;839
28;2025-12-05;10;639
28;2025-12-05;11;576
28;2025-12-05;12;713
28;2025-12-05;13;738
28;2025-12-05;14;713
28;2025-12-05;15;730
28;2025-12-05;16;995
28;2025-12-05;17;1005
28;2025-12-05;18;845
28;2025-12-05;19;620
28;2025-12-05;20;464
28;2025-12-05;21;309
28;2025-12-05;22;142
28;2025-12-05;23;21
28;2025-12-06;0;1
28;2025-12-06;1;0
28;2025-12-06;2;0
28;2025-12-06;3;0
28;2025-12-06;4;1
28;2025-12-06;5;36
28;2025-12-06;6;99
28;2025-12-06;7;224
28;2025-12-06;8;376
28;2025-12-06;9;469
28;2025-12-06;10;498
28;2025-12-06;11;514
28;2025-12-06;12;596
28;2025-12-06;13;614
28;2025-12-06;14;599
28;2025-12-06;15;594
28;2025-12-06;16;588
28;2025-12-06;17;578
28;2025-12-06;18;509
28;2025-12-06;19;402
28;2025-12-06;20;290
28;2025-12-06;21;267
28;2025-12-06;22;117
28;2025-12-06;23;14
28;2025-12-07;0;1
28;2025-12-07;1;0
28;2025-12-07;2;0
28;2025-12-07;3;0
28;2025-12-07;4;1
28;2025-12-07;5;29
28;2025-12-07;6;81
28;2025-12-07;7;147
28;2025-12-07;8;246
28;2025-12-07;9;334
28;2025-12-07;10;376
28;2025-12-07;11;413
28;2025-12-07;12;449
28;2025-12-07;13;536
28;2025-12-07;14;502
28;2025-12-07;15;512
28;2025-12-07;16;476
28;2025-12-07;17;503
28;2025-12-07;18;417
28;2025-12-07;19;368
28;2025-12-07;20;289
28;2025-12-07;21;228
28;2025-12-07;22;107
28;2025-12-07;23;12
28;2025-12-08;0;2
28;2025-12-08;1;0
28;2025-12-08;2;0
28;2025-12-08;3;0
28;2025-12-08;4;2
28;2025-12-08;5;79
28;2025-12-08;6;266
28;2025-12-08;7;819
28;2025-12-08;8;1266
28;2025-12-08;9;869
28;2025-12-08;10;639
28;2025-12-08;11;564
28;2025-12-08;12;681
28;2025-12-08;13;708
28;2025-12-08;14;647
28;2025-12-08;15;684
28;2025-12-08;16;861
28;2025-12-08;17;1013
28;2025-12-08;18;998
28;2025-12-08;19;741
28;2025-12-08;20;517
28;2025-12-08;21;315
28;2025-12-08;22;134
28;2025-12-08;23;21
28;2025-12-09;0;3
28;2025-12-09;1;0
28;2025-12-09;2;0
28;2025-12-09;3;0
28;2025-12-09;4;2
28;2025-12-09;5;81
28;2025-12-09;6;273
28;2025-12-09;7;842
28;2025-12-09;8;1301
28;2025-12-09;9;893
28;2025-12-09;10;657
28;2025-12-09;11;580
28;2025-12-09;12;700
28;2025-12-09;13;727
28;2025-12-09;14;665
28;2025-12-09;15;703
28;2025-12-09;16;884
28;2025-12-09;17;1041
28;2025-12-09;18;1025
28;2025-12-09;19;762
28;2025-12-09;20;531
28;2025-12-09;21;324
28;2025-12-09;22;137
28;2025-12-09;23;21
28;2025-12-10;0;3
28;2025-12-10;1;0
28;2025-12-10;2;0
28;2025-12-10;3;0
28;2025-12-10;4;2
28;2025-12-10;5;81
28;2025-12-10;6;273
28;2025-12-10;7;842
28;2025-12-10;8;1301
28;2025-12-10;9;893
28;2025-12-10;10;657
28;2025-12-10;11;580
28;2025-12-10;12;700
28;2025-12-10;13;727
28;2025-12-10;14;665
28;2025-12-10;15;703
28;2025-12-10;16;884
28;2025-12-10;17;1041
28;2025-12-10;18;1025
28;2025-12-10;19;762
28;2025-12-10;20;531
28;2025-12-10;21;324
28;2025-12-10;22;137
28;2025-12-10;23;21
28;2025-12-11;0;3
28;2025-12-11;1;0
28;2025-12-11;2;0
28;2025-12-11;3;0
28;2025-12-11;4;2
28;2025-12-11;5;81
28;2025-12-11;6;273
28;2025-12-11;7;842
28;2025-12-11;8;1301
28;2025-12-11;9;893
28;2025-12-11;10;657
28;2025-12-11;11;580
28;2025-12-11;12;700
28;2025-12-11;13;727
28;2025-12-11;14;665
28;2025-12-11;15;703
28;2025-12-11;16;884
28;2025-12-11;17;1041
28;2025-12-11;18;1025
28;2025-12-11;19;762
28;2025-12-11;20;531
28;2025-12-11;21;324
28;2025-12-11;22;137
28;2025-12-11;23;21
28;2025-12-12;0;2
28;2025-12-12;1;0
28;2025-12-12;2;0
28;2025-12-12;3;0
28;2025-12-12;4;1
28;2025-12-12;5;74
28;2025-12-12;6;265
28;2025-12-12;7;814
28;2025-12-12;8;1236
28;2025-12-12;9;839
28;2025-12-12;10;639
28;2025-12-12;11;576
28;2025-12-12;12;713
28;2025-12-12;13;738
28;2025-12-12;14;713
28;2025-12-12;15;730
28;2025-12-12;16;995
28;2025-12-12;17;1005
28;2025-12-12;18;845
28;2025-12-12;19;620
28;2025-12-12;20;464
28;2025-12-12;21;309
28;2025-12-12;22;142
28;2025-12-12;23;21
28;2025-12-13;0;1
28;2025-12-13;1;0
28;2025-12-13;2;0
28;2025-12-13;3;0
28;2025-12-13;4;1
28;2025-12-13;5;36
28;2025-12-13;6;99
28;2025-12-13;7;224
28;2025-12-13;8;376
28;2025-12-13;9;469
28;2025-12-13;10;498
28;2025-12-13;11;514
28;2025-12-13;12;596
28;2025-12-13;13;614
28;2025-12-13;14;599
28;2025-12-13;15;594
28;2025-12-13;16;588
28;2025-12-13;17;578
28;2025-12-13;18;509
28;2025-12-13;19;402
28;2025-12-13;20;290
28;2025-12-13;21;267
28;2025-12-13;22;117
28;2025-12-13;23;14
28;2025-12-14;0;1
28;2025-12-14;1;0
28;2025-12-14;2;0
28;2025-12-14;3;0
28;2025-12-14;4;1
28;2025-12-14;5;29
28;2025-12-14;6;81
28;2025-12-14;7;147
28;2025-12-14;8;246
28;2025-12-14;9;334
28;2025-12-14;10;376
28;2025-12-14;11;413
28;2025-12-14;12;449
28;2025-12-14;13;536
28;2025-12-14;14;502
28;2025-12-14;15;512
28;2025-12-14;16;476
28;2025-12-14;17;503
28;2025-12-14;18;417
28;2025-12-14;19;368
28;2025-12-14;20;289
28;2025-12-14;21;228
28;2025-12-14;22;107
28;2025-12-14;23;12
28;2025-12-15;0;2
28;2025-12-15;1;0
28;2025-12-15;2;0
28;2025-12-15;3;0
28;2025-12-15;4;2
28;2025-12-15;5;79
28;2025-12-15;6;266
28;2025-12-15;7;819
28;2025-12-15;8;1266
28;2025-12-15;9;869
28;2025-12-15;10;639
28;2025-12-15;11;564
28;2025-12-15;12;681
28;2025-12-15;13;708
28;2025-12-15;14;647
28;2025-12-15;15;684
28;2025-12-15;16;861
28;2025-12-15;17;1013
28;2025-12-15;18;998
28;2025-12-15;19;741
28;2025-12-15;20;517
28;2025-12-15;21;315
28;2025-12-15;22;134
28;2025-12-15;23;21
28;2025-12-16;0;3
28;2025-12-16;1;0
28;2025-12-16;2;0
28;2025-12-16;3;0
28;2025-12-16;4;2
28;2025-12-16;5;81
28;2025-12-16;6;273
28;2025-12-16;7;842
28;2025-12-16;8;1301
28;2025-12-16;9;893
28;2025-12-16;10;657
28;2025-12-16;11;580
28;2025-12-16;12;700
28;2025-12-16;13;727
28;2025-12-16;14;665
28;2025-12-16;15;703
28;2025-12-16;16;884
28;2025-12-16;17;1041
28;2025-12-16;18;1025
28;2025-12-16;19;762
28;2025-12-16;20;531
28;2025-12-16;21;324
28;2025-12-16;22;137
28;2025-12-16;23;21
28;2025-12-17;0;3
28;2025-12-17;1;0
28;2025-12-17;2;0
28;2025-12-17;3;0
28;2025-12-17;4;2
28;2025-12-17;5;81
28;2025-12-17;6;273
28;2025-12-17;7;842
28;2025-12-17;8;1301
28;2025-12-17;9;893
28;2025-12-17;10;657
28;2025-12-17;11;580
28;2025-12-17;12;700
28;2025-12-17;13;727
28;2025-12-17;14;665
28;2025-12-17;15;703
28;2025-12-17;16;884
28;2025-12-17;17;1041
28;2025-12-17;18;1025
28;2025-12-17;19;762
28;2025-12-17;20;531
28;2025-12-17;21;324
28;2025-12-17;22;137
28;2025-12-17;23;21
28;2025-12-18;0;3
28;2025-12-18;1;0
28;2025-12-18;2;0
28;2025-12-18;3;0
28;2025-12-18;4;2
28;2025-12-18;5;81
28;2025-12-18;6;273
28;2025-12-18;7;842
28;2025-12-18;8;1301
28;2025-12-18;9;893
28;2025-12-18;10;657
28;2025-12-18;11;580
28;2025-12-18;12;700
28;2025-12-18;13;727
28;2025-12-18;14;665
28;2025-12-18;15;703
28;2025-12-18;16;884
28;2025-12-18;17;1041
28;2025-12-18;18;1025
28;2025-12-18;19;762
28;2025-12-18;20;531
28;2025-12-18;21;324
28;2025-12-18;22;137
28;2025-12-18;23;21
28;2025-12-19;0;2
28;2025-12-19;1;0
28;2025-12-19;2;0
28;2025-12-19;3;0
28;2025-12-19;4;1
28;2025-12-19;5;74
28;2025-12-19;6;265
28;2025-12-19;7;814
28;2025-12-19;8;1236
28;2025-12-19;9;839
28;2025-12-19;10;639
28;2025-12-19;11;576
28;2025-12-19;12;713
28;2025-12-19;13;738
28;2025-12-19;14;713
28;2025-12-19;15;730
28;2025-12-19;16;995
28;2025-12-19;17;1005
28;2025-12-19;18;845
28;2025-12-19;19;620
28;2025-12-19;20;464
28;2025-12-19;21;309
28;2025-12-19;22;142
28;2025-12-19;23;21
28;2025-12-20;0;1
28;2025-12-20;1;0
28;2025-12-20;2;0
28;2025-12-20;3;0
28;2025-12-20;4;1
28;2025-12-20;5;36
28;2025-12-20;6;99
28;2025-12-20;7;224
28;2025-12-20;8;376
28;2025-12-20;9;469
28;2025-12-20;10;498
28;2025-12-20;11;514
28;2025-12-20;12;596
28;2025-12-20;13;614
28;2025-12-20;14;599
28;2025-12-20;15;594
28;2025-12-20;16;588
28;2025-12-20;17;578
28;2025-12-20;18;509
28;2025-12-20;19;402
28;2025-12-20;20;290
28;2025-12-20;21;267
28;2025-12-20;22;117
28;2025-12-20;23;14
28;2025-12-21;0;1
28;2025-12-21;1;0
28;2025-12-21;2;0
28;2025-12-21;3;0
28;2025-12-21;4;1
28;2025-12-21;5;29
28;2025-12-21;6;81
28;2025-12-21;7;147
28;2025-12-21;8;246
28;2025-12-21;9;334
28;2025-12-21;10;376
28;2025-12-21;11;413
28;2025-12-21;12;449
28;2025-12-21;13;536
28;2025-12-21;14;502
28;2025-12-21;15;512
28;2025-12-21;16;476
28;2025-12-21;17;503
28;2025-12-21;18;417
28;2025-12-21;19;368
28;2025-12-21;20;289
28;2025-12-21;21;228
28;2025-12-21;22;107
28;2025-12-21;23;12
28;2025-12-22;0;2
28;2025-12-22;1;0
28;2025-12-22;2;0
28;2025-12-22;3;0
28;2025-12-22;4;2
28;2025-12-22;5;79
28;2025-12-22;6;266
28;2025-12-22;7;819
28;2025-12-22;8;1266
28;2025-12-22;9;869
28;2025-12-22;10;639
28;2025-12-22;11;564
28;2025-12-22;12;681
28;2025-12-22;13;708
28;2025-12-22;14;647
28;2025-12-22;15;684
28;2025-12-22;16;861
28;2025-12-22;17;1013
28;2025-12-22;18;998
28;2025-12-22;19;741
28;2025-12-22;20;517
28;2025-12-22;21;315
28;2025-12-22;22;134
28;2025-12-22;23;21
28;2025-12-23;0;3
28;2025-12-23;1;0
28;2025-12-23;2;0
28;2025-12-23;3;0
28;2025-12-23;4;2
28;2025-12-23;5;81
28;2025-12-23;6;273
28;2025-12-23;7;842
28;2025-12-23;8;1301
28;2025-12-23;9;893
28;2025-12-23;10;657
28;2025-12-23;11;580
28;2025-12-23;12;700
28;2025-12-23;13;727
28;2025-12-23;14;665
28;2025-12-23;15;703
28;2025-12-23;16;884
28;2025-12-23;17;1041
28;2025-12-23;18;1025
28;2025-12-23;19;762
28;2025-12-23;20;531
28;2025-12-23;21;324
28;2025-12-23;22;137
28;2025-12-23;23;21
28;2025-12-24;0;3
28;2025-12-24;1;0
28;2025-12-24;2;0
28;2025-12-24;3;0
28;2025-12-24;4;2
28;2025-12-24;5;81
28;2025-12-24;6;273
28;2025-12-24;7;842
28;2025-12-24;8;1301
28;2025-12-24;9;893
28;2025-12-24;10;657
28;2025-12-24;11;580
28;2025-12-24;12;700
28;2025-12-24;13;727
28;2025-12-24;14;665
28;2025-12-24;15;703
28;2025-12-24;16;884
28;2025-12-24;17;1041
28;2025-12-24;18;1025
28;2025-12-24;19;762
28;2025-12-24;20;531
28;2025-12-24;21;324
28;2025-12-24;22;137
28;2025-12-24;23;21
28;2025-12-25;0;3
28;2025-12-25;1;0
28;2025-12-25;2;0
28;2025-12-25;3;0
28;2025-12-25;4;2
28;2025-12-25;5;81
28;2025-12-25;6;273
28;2025-12-25;7;842
28;2025-12-25;8;1301
28;2025-12-25;9;893
28;2025-12-25;10;657
28;2025-12-25;11;580
28;2025-12-25;12;700
28;2025-12-25;13;727
28;2025-12-25;14;665
28;2025-12-25;15;703
28;2025-12-25;16;884
28;2025-12-25;17;1041
28;2025-12-25;18;1025
28;2025-12-25;19;762
28;2025-12-25;20;531
28;2025-12-25;21;324
28;2025-12-25;22;137
28;2025-12-25;23;21
28;2025-12-26;0;2
28;2025-12-26;1;0
28;2025-12-26;2;0
28;2025-12-26;3;0
28;2025-12-26;4;1
28;2025-12-26;5;74
28;2025-12-26;6;265
28;2025-12-26;7;814
28;2025-12-26;8;1236
28;2025-12-26;9;839
28;2025-12-26;10;639
28;2025-12-26;11;576
28;2025-12-26;12;713
28;2025-12-26;13;738
28;2025-12-26;14;713
28;2025-12-26;15;730
28;2025-12-26;16;995
28;2025-12-26;17;1005
28;2025-12-26;18;845
28;2025-12-26;19;620
28;2025-12-26;20;464
28;2025-12-26;21;309
28;2025-12-26;22;142
28;2025-12-26;23;21
28;2025-12-27;0;1
28;2025-12-27;1;0
28;2025-12-27;2;0
28;2025-12-27;3;0
28;2025-12-27;4;1
28;2025-12-27;5;36
28;2025-12-27;6;99
28;2025-12-27;7;224
28;2025-12-27;8;376
28;2025-12-27;9;469
28;2025-12-27;10;498
28;2025-12-27;11;514
28;2025-12-27;12;596
28;2025-12-27;13;614
28;2025-12-27;14;599
28;2025-12-27;15;594
28;2025-12-27;16;588
28;2025-12-27;17;578
28;2025-12-27;18;509
28;2025-12-27;19;402
28;2025-12-27;20;290
28;2025-12-27;21;267
28;2025-12-27;22;117
28;2025-12-27;23;14
28;2025-12-28;0;1
28;2025-12-28;1;0
28;2025-12-28;2;0
28;2025-12-28;3;0
28;2025-12-28;4;1
28;2025-12-28;5;29
28;2025-12-28;6;81
28;2025-12-28;7;147
28;2025-12-28;8;246
28;2025-12-28;9;334
28;2025-12-28;10;376
28;2025-12-28;11;413
28;2025-12-28;12;449
28;2025-12-28;13;536
28;2025-12-28;14;502
28;2025-12-28;15;512
28;2025-12-28;16;476
28;2025-12-28;17;503
28;2025-12-28;18;417
28;2025-12-28;19;368
28;2025-12-28;20;289
28;2025-12-28;21;228
28;2025-12-28;22;107
28;2025-12-28;23;12
28;2025-12-29;0;2
28;2025-12-29;1;0
28;2025-12-29;2;0
28;2025-12-29;3;0
28;2025-12-29;4;1
28;2025-12-29;5;71
28;2025-12-29;6;239
28;2025-12-29;7;737
28;2025-12-29;8;1140
28;2025-12-29;9;782
28;2025-12-29;10;575
28;2025-12-29;11;508
28;2025-12-29;12;613
28;2025-12-29;13;637
28;2025-12-29;14;582
28;2025-12-29;15;615
28;2025-12-29;16;775
28;2025-12-29;17;911
28;2025-12-29;18;898
28;2025-12-29;19;667
28;2025-12-29;20;465
28;2025-12-29;21;284
28;2025-12-29;22;120
28;2025-12-29;23;18
28;2025-12-30;0;2
28;2025-12-30;1;0
28;2025-12-30;2;0
28;2025-12-30;3;0
28;2025-12-30;4;1
28;2025-12-30;5;69
28;2025-12-30;6;232
28;2025-12-30;7;715
28;2025-12-30;8;1106
28;2025-12-30;9;759
28;2025-12-30;10;558
28;2025-12-30;11;493
28;2025-12-30;12;595
28;2025-12-30;13;618
28;2025-12-30;14;565
28;2025-12-30;15;597
28;2025-12-30;16;752
28;2025-12-30;17;884
28;2025-12-30;18;872
28;2025-12-30;19;648
28;2025-12-30;20;451
28;2025-12-30;21;275
28;2025-12-30;22;117
28;2025-12-30;23;18
28;2025-12-31;0;1
28;2025-12-31;1;0
28;2025-12-31;2;0
28;2025-12-31;3;0
28;2025-12-31;4;1
28;2025-12-31;5;31
28;2025-12-31;6;84
28;2025-12-31;7;190
28;2025-12-31;8;319
28;2025-12-31;9;399
28;2025-12-31;10;423
28;2025-12-31;11;437
28;2025-12-31;12;506
28;2025-12-31;13;522
28;2025-12-31;14;509
28;2025-12-31;15;505
28;2025-12-31;16;500
28;2025-12-31;17;492
28;2025-12-31;18;433
28;2025-12-31;19;341
28;2025-12-31;20;246
28;2025-12-31;21;227
28;2025-12-31;22;99
28;2025-12-31;23;12
50;2025-11-01;0;55
50;2025-11-01;1;6
50;2025-11-01;2;0
50;2025-11-01;3;0
50;2025-11-01;4;3
50;2025-11-01;5;53
50;2025-11-01;6;434
50;2025-11-01;7;1398
50;2025-11-01;8;2195
50;2025-11-01;9;1689
50;2025-11-01;10;1241
50;2025-11-01;11;1288
50;2025-11-01;12;1213
50;2025-11-01;13;1233
50;2025-11-01;14;1176
50;2025-11-01;15;1447
50;2025-11-01;16;1748
50;2025-11-01;17;1750
50;2025-11-01;18;1422
50;2025-11-01;19;988
50;2025-11-01;20;674
50;2025-11-01;21;462
50;2025-11-01;22;240
50;2025-11-01;23;139
50;2025-11-02;0;0
50;2025-11-02;1;0
50;2025-11-02;2;0
50;2025-11-02;3;0
50;2025-11-02;4;0
50;2025-11-02;5;0
50;2025-11-02;6;1
50;2025-11-02;7;1
50;2025-11-02;8;2
50;2025-11-02;9;1
50;2025-11-02;10;4
50;2025-11-02;11;13
50;2025-11-02;12;10
50;2025-11-02;13;12
50;2025-11-02;14;21
50;2025-11-02;15;17
50;2025-11-02;16;20
50;2025-11-02;17;18
50;2025-11-02;18;11
50;2025-11-02;19;11
50;2025-11-02;20;8
50;2025-11-02;21;5
50;2025-11-02;22;6
50;2025-11-02;23;2
50;2025-11-03;0;6
50;2025-11-03;1;1
50;2025-11-03;2;0
50;2025-11-03;3;0
50;2025-11-03;4;0
50;2025-11-03;5;1
50;2025-11-03;6;1
50;2025-11-03;7;2
50;2025-11-03;8;5
50;2025-11-03;9;8
50;2025-11-03;10;5
50;2025-11-03;11;11
50;2025-11-03;12;13
50;2025-11-03;13;11
50;2025-11-03;14;17
50;2025-11-03;15;18
50;2025-11-03;16;16
50;2025-11-03;17;15
50;2025-11-03;18;7
50;2025-11-03;19;7
50;2025-11-03;20;5
50;2025-11-03;21;4
50;2025-11-03;22;4
50;2025-11-03;23;1
50;2025-11-04;0;6
50;2025-11-04;1;1
50;2025-11-04;2;0
50;2025-11-04;3;0
50;2025-11-04;4;0
50;2025-11-04;5;1
50;2025-11-04;6;1
50;2025-11-04;7;2
50;2025-11-04;8;5
50;2025-11-04;9;8
50;2025-11-04;10;5
50;2025-11-04;11;11
50;2025-11-04;12;13
50;2025-11-04;13;11
50;2025-11-04;14;17
50;2025-11-04;15;18
50;2025-11-04;16;16
50;2025-11-04;17;15
50;2025-11-04;18;7
50;2025-11-04;19;7
50;2025-11-04;20;5
50;2025-11-04;21;4
50;2025-11-04;22;4
50;2025-11-04;23;1
50;2025-11-05;0;33
50;2025-11-05;1;4
50;2025-11-05;2;0
50;2025-11-05;3;0
50;2025-11-05;4;3
50;2025-11-05;5;74
50;2025-11-05;6;559
50;2025-11-05;7;1816
50;2025-11-05;8;2870
50;2025-11-05;9;2248
50;2025-11-05;10;1743
50;2025-11-05;11;1625
50;2025-11-05;12;1523
50;2025-11-05;13;1533
50;2025-11-05;14;1482
50;2025-11-05;15;1752
50;2025-11-05;16;1743
50;2025-11-05;17;2526
50;2025-11-05;18;2667
50;2025-11-05;19;1539
50;2025-11-05;20;951
50;2025-11-05;21;653
50;2025-11-05;22;281
50;2025-11-05;23;144
50;2025-11-06;0;33
50;2025-11-06;1;4
50;2025-11-06;2;0
50;2025-11-06;3;0
50;2025-11-06;4;3
50;2025-11-06;5;74
50;2025-11-06;6;559
50;2025-11-06;7;1816
50;2025-11-06;8;2870
50;2025-11-06;9;2248
50;2025-11-06;10;1743
50;2025-11-06;11;1625
50;2025-11-06;12;1523
50;2025-11-06;13;1533
50;2025-11-06;14;1482
50;2025-11-06;15;1752
50;2025-11-06;16;1743
50;2025-11-06;17;2526
50;2025-11-06;18;2667
50;2025-11-06;19;1539
50;2025-11-06;20;951
50;2025-11-06;21;653
50;2025-11-06;22;281
50;2025-11-06;23;144
50;2025-11-07;0;41
50;2025-11-07;1;3
50;2025-11-07;2;0
50;2025-11-07;3;0
50;2025-11-07;4;3
50;2025-11-07;5;68
50;2025-11-07;6;560
50;2025-11-07;7;1800
50;2025-11-07;8;2827
50;2025-11-07;9;2176
50;2025-11-07;10;1598
50;2025-11-07;11;1659
50;2025-11-07;12;1562
50;2025-11-07;13;1589
50;2025-11-07;14;1515
50;2025-11-07;15;1864
50;2025-11-07;16;2252
50;2025-11-07;17;2255
50;2025-11-07;18;1831
50;2025-11-07;19;1273
50;2025-11-07;20;868
50;2025-11-07;21;595
50;2025-11-07;22;309
50;2025-11-07;23;179
50;2025-11-08;0;20
50;2025-11-08;1;2
50;2025-11-08;2;0
50;2025-11-08;3;1
50;2025-11-08;4;0
50;2025-11-08;5;3
50;2025-11-08;6;4
50;2025-11-08;7;7
50;2025-11-08;8;13
50;2025-11-08;9;26
50;2025-11-08;10;9
50;2025-11-08;11;16
50;2025-11-08;12;29
50;2025-11-08;13;19
50;2025-11-08;14;24
50;2025-11-08;15;35
50;2025-11-08;16;22
50;2025-11-08;17;22
50;2025-11-08;18;5
50;2025-11-08;19;5
50;2025-11-08;20;3
50;2025-11-08;21;4
50;2025-11-08;22;4
50;2025-11-08;23;1
50;2025-11-09;0;0
50;2025-11-09;1;0
50;2025-11-09;2;0
50;2025-11-09;3;0
50;2025-11-09;4;0
50;2025-11-09;5;0
50;2025-11-09;6;1
50;2025-11-09;7;1
50;2025-11-09;8;2
50;2025-11-09;9;1
50;2025-11-09;10;4
50;2025-11-09;11;13
50;2025-11-09;12;10
50;2025-11-09;13;12
50;2025-11-09;14;21
50;2025-11-09;15;17
50;2025-11-09;16;20
50;2025-11-09;17;18
50;2025-11-09;18;11
50;2025-11-09;19;11
50;2025-11-09;20;8
50;2025-11-09;21;5
50;2025-11-09;22;6
50;2025-11-09;23;2
50;2025-11-10;0;32
50;2025-11-10;1;4
50;2025-11-10;2;0
50;2025-11-10;3;0
50;2025-11-10;4;3
50;2025-11-10;5;72
50;2025-11-10;6;544
50;2025-11-10;7;1767
50;2025-11-10;8;2793
50;2025-11-10;9;2187
50;2025-11-10;10;1696
50;2025-11-10;11;1581
50;2025-11-10;12;1482
50;2025-11-10;13;1492
50;2025-11-10;14;1442
50;2025-11-10;15;1705
50;2025-11-10;16;1696
50;2025-11-10;17;2458
50;2025-11-10;18;2595
50;2025-11-10;19;1498
50;2025-11-10;20;926
50;2025-11-10;21;636
50;2025-11-10;22;273
50;2025-11-10;23;140
50;2025-11-11;0;33
50;2025-11-11;1;4
50;2025-11-11;2;0
50;2025-11-11;3;0
50;2025-11-11;4;3
50;2025-11-11;5;74
50;2025-11-11;6;559
50;2025-11-11;7;1816
50;2025-11-11;8;2870
50;2025-11-11;9;2248
50;2025-11-11;10;1743
50;2025-11-11;11;1625
50;2025-11-11;12;1523
50;2025-11-11;13;1533
50;2025-11-11;14;1482
50;2025-11-11;15;1752
50;2025-11-11;16;1743
50;2025-11-11;17;2526
50;2025-11-11;18;2667
50;2025-11-11;19;1539
50;2025-11-11;20;951
50;2025-11-11;21;653
50;2025-11-11;22;281
50;2025-11-11;23;144
50;2025-11-12;0;33
50;2025-11-12;1;4
50;2025-11-12;2;0
50;2025-11-12;3;0
50;2025-11-12;4;3
50;2025-11-12;5;74
50;2025-11-12;6;559
50;2025-11-12;7;1816
50;2025-11-12;8;2870
50;2025-11-12;9;2248
50;2025-11-12;10;1743
50;2025-11-12;11;1625
50;2025-11-12;12;1523
50;2025-11-12;13;1533
50;2025-11-12;14;1482
50;2025-11-12;15;1752
50;2025-11-12;16;1743
50;2025-11-12;17;2526
50;2025-11-12;18;2667
50;2025-11-12;19;1539
50;2025-11-12;20;951
50;2025-11-12;21;653
50;2025-11-12;22;281
50;2025-11-12;23;144
50;2025-11-13;0;33
50;2025-11-13;1;4
50;2025-11-13;2;0
50;2025-11-13;3;0
50;2025-11-13;4;3
50;2025-11-13;5;74
50;2025-11-13;6;559
50;2025-11-13;7;1816
50;2025-11-13;8;2870
50;2025-11-13;9;2248
50;2025-11-13;10;1743
50;2025-11-13;11;1625
50;2025-11-13;12;1523
50;2025-11-13;13;1533
50;2025-11-13;14;1482
50;2025-11-13;15;1752
50;2025-11-13;16;1743
50;2025-11-13;17;2526
50;2025-11-13;18;2667
50;2025-11-13;19;1539
50;2025-11-13;20;951
50;2025-11-13;21;653
50;2025-11-13;22;281
50;2025-11-13;23;144
50;2025-11-14;0;41
50;2025-11-14;1;3
50;2025-11-14;2;0
50;2025-11-14;3;0
50;2025-11-14;4;3
50;2025-11-14;5;68
50;2025-11-14;6;560
50;2025-11-14;7;1800
50;2025-11-14;8;2827
50;2025-11-14;9;2176
50;2025-11-14;10;1598
50;2025-11-14;11;1659
50;2025-11-14;12;1562
50;2025-11-14;13;1589
50;2025-11-14;14;1515
50;2025-11-14;15;1864
50;2025-11-14;16;2252
50;2025-11-14;17;2255
50;2025-11-14;18;1831
50;2025-11-14;19;1273
50;2025-11-14;20;868
50;2025-11-14;21;595
50;2025-11-14;22;309
50;2025-11-14;23;179
50;2025-11-15;0;67
50;2025-11-15;1;4
50;2025-11-15;2;0
50;2025-11-15;3;0
50;2025-11-15;4;1
50;2025-11-15;5;30
50;2025-11-15;6;170
50;2025-11-15;7;405
50;2025-11-15;8;628
50;2025-11-15;9;676
50;2025-11-15;10;648
50;2025-11-15;11;850
50;2025-11-15;12;871
50;2025-11-15;13;918
50;2025-11-15;14;933
50;2025-11-15;15;890
50;2025-11-15;16;855
50;2025-11-15;17;846
50;2025-11-15;18;740
50;2025-11-15;19;633
50;2025-11-15;20;466
50;2025-11-15;21;382
50;2025-11-15;22;246
50;2025-11-15;23;143
50;2025-11-16;0;52
50;2025-11-16;1;7
50;2025-11-16;2;0
50;2025-11-16;3;0
50;2025-11-16;4;1
50;2025-11-16;5;25
50;2025-11-16;6;117
50;2025-11-16;7;224
50;2025-11-16;8;339
50;2025-11-16;9;439
50;2025-11-16;10;493
50;2025-11-16;11;622
50;2025-11-16;12;729
50;2025-11-16;13;790
50;2025-11-16;14;839
50;2025-11-16;15;730
50;2025-11-16;16;775
50;2025-11-16;17;738
50;2025-11-16;18;665
50;2025-11-16;19;560
50;2025-11-16;20;456
50;2025-11-16;21;351
50;2025-11-16;22;228
50;2025-11-16;23;107
50;2025-11-17;0;32
50;2025-11-17;1;4
50;2025-11-17;2;0
50;2025-11-17;3;0
50;2025-11-17;4;3
50;2025-11-17;5;72
50;2025-11-17;6;544
50;2025-11-17;7;1767
50;2025-11-17;8;2793
50;2025-11-17;9;2187
50;2025-11-17;10;1696
50;2025-11-17;11;1581
50;2025-11-17;12;1482
50;2025-11-17;13;1492
50;2025-11-17;14;1442
50;2025-11-17;15;1705
50;2025-11-17;16;1696
50;2025-11-17;17;2458
50;2025-11-17;18;2595
50;2025-11-17;19;1498
50;2025-11-17;20;926
50;2025-11-17;21;636
50;2025-11-17;22;273
50;2025-11-17;23;140
50;2025-11-18;0;33
50;2025-11-18;1;4
50;2025-11-18;2;0
50;2025-11-18;3;0
50;2025-11-18;4;3
50;2025-11-18;5;74
50;2025-11-18;6;559
50;2025-11-18;7;1816
50;2025-11-18;8;2870
50;2025-11-18;9;2248
50;2025-11-18;10;1743
50;2025-11-18;11;1625
50;2025-11-18;12;1523
50;2025-11-18;13;1533
50;2025-11-18;14;1482
50;2025-11-18;15;1752
50;2025-11-18;16;1743
50;2025-11-18;17;2526
50;2025-11-18;18;2667
50;2025-11-18;19;1539
50;2025-11-18;20;951
50;2025-11-18;21;653
50;2025-11-18;22;281
50;2025-11-18;23;144
50;2025-11-19;0;33
50;2025-11-19;1;4
50;2025-11-19;2;0
50;2025-11-19;3;0
50;2025-11-19;4;3
50;2025-11-19;5;74
50;2025-11-19;6;559
50;2025-11-19;7;1816
50;2025-11-19;8;2870
50;2025-11-19;9;2248
50;2025-11-19;10;1743
50;2025-11-19;11;1625
50;2025-11-19;12;1523
50;2025-11-19;13;1533
50;2025-11-19;14;1482
50;2025-11-19;15;1752
50;2025-11-19;16;1743
50;2025-11-19;17;2526
50;2025-11-19;18;2667
50;2025-11-19;19;1539
50;2025-11-19;20;951
50;2025-11-19;21;653
50;2025-11-19;22;281
50;2025-11-19;23;144
50;2025-11-20;0;33
50;2025-11-20;1;4
50;2025-11-20;2;0
50;2025-11-20;3;0
50;2025-11-20;4;3
50;2025-11-20;5;74
50;2025-11-20;6;559
50;2025-11-20;7;1816
50;2025-11-20;8;2870
50;2025-11-20;9;2248
50;2025-11-20;10;1743
50;2025-11-20;11;1625
50;2025-11-20;12;1523
50;2025-11-20;13;1533
50;2025-11-20;14;1482
50;2025-11-20;15;1752
50;2025-11-20;16;1743
50;2025-11-20;17;2526
50;2025-11-20;18;2667
50;2025-11-20;19;1539
50;2025-11-20;20;951
50;2025-11-20;21;653
50;2025-11-20;22;281
50;2025-11-20;23;144
50;2025-11-21;0;41
50;2025-11-21;1;3
50;2025-11-21;2;0
50;2025-11-21;3;0
50;2025-11-21;4;3
50;2025-11-21;5;68
50;2025-11-21;6;560
50;2025-11-21;7;1800
50;2025-11-21;8;2827
50;2025-11-21;9;2176
50;2025-11-21;10;1598
50;2025-11-21;11;1659
50;2025-11-21;12;1562
50;2025-11-21;13;1589
50;2025-11-21;14;1515
50;2025-11-21;15;1864
50;2025-11-21;16;2252
50;2025-11-21;17;2255
50;2025-11-21;18;1831
50;2025-11-21;19;1273
50;2025-11-21;20;868
50;2025-11-21;21;595
50;2025-11-21;22;309
50;2025-11-21;23;179
50;2025-11-22;0;67
50;2025-11-22;1;4
50;2025-11-22;2;0
50;2025-11-22;3;0
50;2025-11-22;4;1
50;2025-11-22;5;30
50;2025-11-22;6;170
50;2025-11-22;7;405
50;2025-11-22;8;628
50;2025-11-22;9;676
50;2025-11-22;10;648
50;2025-11-22;11;850
50;2025-11-22;12;871
50;2025-11-22;13;918
50;2025-11-22;14;933
50;2025-11-22;15;890
50;2025-11-22;16;855
50;2025-11-22;17;846
50;2025-11-22;18;740
50;2025-11-22;19;633
50;2025-11-22;20;466
50;2025-11-22;21;382
50;2025-11-22;22;246
50;2025-11-22;23;143
50;2025-11-23;0;52
50;2025-11-23;1;7
50;2025-11-23;2;0
50;2025-11-23;3;0
50;2025-11-23;4;1
50;2025-11-23;5;25
50;2025-11-23;6;117
50;2025-11-23;7;224
50;2025-11-23;8;339
50;2025-11-23;9;439
50;2025-11-23;10;493
50;2025-11-23;11;622
50;2025-11-23;12;729
50;2025-11-23;13;790
50;2025-11-23;14;839
50;2025-11-23;15;730
50;2025-11-23;16;775
50;2025-11-23;17;738
50;2025-11-23;18;665
50;2025-11-23;19;560
50;2025-11-23;20;456
50;2025-11-23;21;351
50;2025-11-23;22;228
50;2025-11-23;23;107
50;2025-11-24;0;32
50;2025-11-24;1;4
50;2025-11-24;2;0
50;2025-11-24;3;0
50;2025-11-24;4;3
50;2025-11-24;5;72
50;2025-11-24;6;544
50;2025-11-24;7;1767
50;2025-11-24;8;2793
50;2025-11-24;9;2187
50;2025-11-24;10;1696
50;2025-11-24;11;1581
50;2025-11-24;12;1482
50;2025-11-24;13;1492
50;2025-11-24;14;1442
50;2025-11-24;15;1705
50;2025-11-24;16;1696
50;2025-11-24;17;2458
50;2025-11-24;18;2595
50;2025-11-24;19;1498
50;2025-11-24;20;926
50;2025-11-24;21;636
50;2025-11-24;22;273
50;2025-11-24;23;140
50;2025-11-25;0;33
50;2025-11-25;1;4
50;2025-11-25;2;0
50;2025-11-25;3;0
50;2025-11-25;4;3
50;2025-11-25;5;74
50;2025-11-25;6;559
50;2025-11-25;7;1816
50;2025-11-25;8;2870
50;2025-11-25;9;2248
50;2025-11-25;10;1743
50;2025-11-25;11;1625
50;2025-11-25;12;1523
50;2025-11-25;13;1533
50;2025-11-25;14;1482
50;2025-11-25;15;1752
50;2025-11-25;16;1743
50;2025-11-25;17;2526
50;2025-11-25;18;2667
50;2025-11-25;19;1539
50;2025-11-25;20;951
50;2025-11-25;21;653
50;2025-11-25;22;281
50;2025-11-25;23;144
50;2025-11-26;0;33
50;2025-11-26;1;4
50;2025-11-26;2;0
50;2025-11-26;3;0
50;2025-11-26;4;3
50;2025-11-26;5;74
50;2025-11-26;6;559
50;2025-11-26;7;1816
50;2025-11-26;8;2870
50;2025-11-26;9;2248
50;2025-11-26;10;1743
50;2025-11-26;11;1625
50;2025-11-26;12;1523
50;2025-11-26;13;1533
50;2025-11-26;14;1482
50;2025-11-26;15;1752
50;2025-11-26;16;1743
50;2025-11-26;17;2526
50;2025-11-26;18;2667
50;2025-11-26;19;1539
50;2025-11-26;20;951
50;2025-11-26;21;653
50;2025-11-26;22;281
50;2025-11-26;23;144
50;2025-11-27;0;33
50;2025-11-27;1;4
50;2025-11-27;2;0
50;2025-11-27;3;0
50;2025-11-27;4;3
50;2025-11-27;5;74
50;2025-11-27;6;559
50;2025-11-27;7;1816
50;2025-11-27;8;2870
50;2025-11-27;9;2248
50;2025-11-27;10;1743
50;2025-11-27;11;1625
50;2025-11-27;12;1523
50;2025-11-27;13;1533
50;2025-11-27;14;1482
50;2025-11-27;15;1752
50;2025-11-27;16;1743
50;2025-11-27;17;2526
50;2025-11-27;18;2667
50;2025-11-27;19;1539
50;2025-11-27;20;951
50;2025-11-27;21;653
50;2025-11-27;22;281
50;2025-11-27;23;144
50;2025-11-28;0;41
50;2025-11-28;1;3
50;2025-11-28;2;0
50;2025-11-28;3;0
50;2025-11-28;4;3
50;2025-11-28;5;68
50;2025-11-28;6;560
50;2025-11-28;7;1800
50;2025-11-28;8;2827
50;2025-11-28;9;2176
50;2025-11-28;10;1598
50;2025-11-28;11;1659
50;2025-11-28;12;1562
50;2025-11-28;13;1589
50;2025-11-28;14;1515
50;2025-11-28;15;1864
50;2025-11-28;16;2252
50;2025-11-28;17;2255
50;2025-11-28;18;1831
50;2025-11-28;19;1273
50;2025-11-28;20;868
50;2025-11-28;21;595
50;2025-11-28;22;309
50;2025-11-28;23;179
50;2025-11-29;0;67
50;2025-11-29;1;4
50;2025-11-29;2;0
50;2025-11-29;3;0
50;2025-11-29;4;1
50;2025-11-29;5;30
50;2025-11-29;6;170
50;2025-11-29;7;405
50;2025-11-29;8;628
50;2025-11-29;9;676
50;2025-11-29;10;648
50;2025-11-29;11;850
50;2025-11-29;12;871
50;2025-11-29;13;918
50;2025-11-29;14;933
50;2025-11-29;15;890
50;2025-11-29;16;855
50;2025-11-29;17;846
50;2025-11-29;18;740
50;2025-11-29;19;633
50;2025-11-29;20;466
50;2025-11-29;21;382
50;2025-11-29;22;246
50;2025-11-29;23;143
50;2025-11-30;0;52
50;2025-11-30;1;7
50;2025-11-30;2;0
50;2025-11-30;3;0
50;2025-11-30;4;1
50;2025-11-30;5;25
50;2025-11-30;6;117
50;2025-11-30;7;224
50;2025-11-30;8;339
50;2025-11-30;9;439
50;2025-11-30;10;493
50;2025-11-30;11;622
50;2025-11-30;12;729
50;2025-11-30;13;790
50;2025-11-30;14;839
50;2025-11-30;15;730
50;2025-11-30;16;775
50;2025-11-30;17;738
50;2025-11-30;18;665
50;2025-11-30;19;560
50;2025-11-30;20;456
50;2025-11-30;21;351
50;2025-11-30;22;228
50;2025-11-30;23;107
50;2025-12-01;0;33
50;2025-12-01;1;4
50;2025-12-01;2;0
50;2025-12-01;3;0
50;2025-12-01;4;3
50;2025-12-01;5;70
50;2025-12-01;6;536
50;2025-12-01;7;1740
50;2025-12-01;8;2727
50;2025-12-01;9;2131
50;2025-12-01;10;1653
50;2025-12-01;11;1558
50;2025-12-01;12;1458
50;2025-12-01;13;1454
50;2025-12-01;14;1411
50;2025-12-01;15;1675
50;2025-12-01;16;1661
50;2025-12-01;17;2411
50;2025-12-01;18;2558
50;2025-12-01;19;1481
50;2025-12-01;20;901
50;2025-12-01;21;620
50;2025-12-01;22;273
50;2025-12-01;23;136
50;2025-12-02;0;34
50;2025-12-02;1;4
50;2025-12-02;2;0
50;2025-12-02;3;0
50;2025-12-02;4;3
50;2025-12-02;5;71
50;2025-12-02;6;551
50;2025-12-02;7;1788
50;2025-12-02;8;2802
50;2025-12-02;9;2190
50;2025-12-02;10;1698
50;2025-12-02;11;1601
50;2025-12-02;12;1498
50;2025-12-02;13;1494
50;2025-12-02;14;1449
50;2025-12-02;15;1721
50;2025-12-02;16;1707
50;2025-12-02;17;2477
50;2025-12-02;18;2629
50;2025-12-02;19;1521
50;2025-12-02;20;926
50;2025-12-02;21;637
50;2025-12-02;22;280
50;2025-12-02;23;140
50;2025-12-03;0;34
50;2025-12-03;1;4
50;2025-12-03;2;0
50;2025-12-03;3;0
50;2025-12-03;4;3
50;2025-12-03;5;71
50;2025-12-03;6;551
50;2025-12-03;7;1788
50;2025-12-03;8;2802
50;2025-12-03;9;2190
50;2025-12-03;10;1698
50;2025-12-03;11;1601
50;2025-12-03;12;1498
50;2025-12-03;13;1494
50;2025-12-03;14;1449
50;2025-12-03;15;1721
50;2025-12-03;16;1707
50;2025-12-03;17;2477
50;2025-12-03;18;2629
50;2025-12-03;19;1521
50;2025-12-03;20;926
50;2025-12-03;21;637
50;2025-12-03;22;280
50;2025-12-03;23;140
50;2025-12-04;0;34
50;2025-12-04;1;4
50;2025-12-04;2;0
50;2025-12-04;3;0
50;2025-12-04;4;3
50;2025-12-04;5;71
50;2025-12-04;6;551
50;2025-12-04;7;1788
50;2025-12-04;8;2802
50;2025-12-04;9;2190
50;2025-12-04;10;1698
50;2025-12-04;11;1601
50;2025-12-04;12;1498
50;2025-12-04;13;1494
50;2025-12-04;14;1449
50;2025-12-04;15;1721
50;2025-12-04;16;1707
50;2025-12-04;17;2477
50;2025-12-04;18;2629
50;2025-12-04;19;1521
50;2025-12-04;20;926
50;2025-12-04;21;637
50;2025-12-04;22;280
50;2025-12-04;23;140
50;2025-12-05;0;41
50;2025-12-05;1;3
50;2025-12-05;2;0
50;2025-12-05;3;0
50;2025-12-05;4;3
50;2025-12-05;5;65
50;2025-12-05;6;553
50;2025-12-05;7;1756
50;2025-12-05;8;2753
50;2025-12-05;9;2113
50;2025-12-05;10;1570
50;2025-12-05;11;1640
50;2025-12-05;12;1548
50;2025-12-05;13;1555
50;2025-12-05;14;1482
50;2025-12-05;15;1835
50;2025-12-05;16;2181
50;2025-12-05;17;2209
50;2025-12-05;18;1824
50;2025-12-05;19;1253
50;2025-12-05;20;844
50;2025-12-05;21;588
50;2025-12-05;22;308
50;2025-12-05;23;177
50;2025-12-06;0;66
50;2025-12-06;1;4
50;2025-12-06;2;0
50;2025-12-06;3;0
50;2025-12-06;4;1
50;2025-12-06;5;30
50;2025-12-06;6;167
50;2025-12-06;7;397
50;2025-12-06;8;616
50;2025-12-06;9;663
50;2025-12-06;10;635
50;2025-12-06;11;833
50;2025-12-06;12;854
50;2025-12-06;13;900
50;2025-12-06;14;914
50;2025-12-06;15;872
50;2025-12-06;16;838
50;2025-12-06;17;829
50;2025-12-06;18;725
50;2025-12-06;19;621
50;2025-12-06;20;457
50;2025-12-06;21;375
50;2025-12-06;22;241
50;2025-12-06;23;140
50;2025-12-07;0;51
50;2025-12-07;1;7
50;2025-12-07;2;0
50;2025-12-07;3;0
50;2025-12-07;4;1
50;2025-12-07;5;24
50;2025-12-07;6;115
50;2025-12-07;7;219
50;2025-12-07;8;332
50;2025-12-07;9;431
50;2025-12-07;10;483
50;2025-12-07;11;610
50;2025-12-07;12;714
50;2025-12-07;13;774
50;2025-12-07;14;822
50;2025-12-07;15;715
50;2025-12-07;16;759
50;2025-12-07;17;723
50;2025-12-07;18;652
50;2025-12-07;19;549
50;2025-12-07;20;447
50;2025-12-07;21;344
50;2025-12-07;22;224
50;2025-12-07;23;105
50;2025-12-08;0;33
50;2025-12-08;1;4
50;2025-12-08;2;0
50;2025-12-08;3;0
50;2025-12-08;4;3
50;2025-12-08;5;70
50;2025-12-08;6;536
50;2025-12-08;7;1740
50;2025-12-08;8;2727
50;2025-12-08;9;2131
50;2025-12-08;10;1653
50;2025-12-08;11;1558
50;2025-12-08;12;1458
50;2025-12-08;13;1454
50;2025-12-08;14;1411
50;2025-12-08;15;1675
50;2025-12-08;16;1661
50;2025-12-08;17;2411
50;2025-12-08;18;2558
50;2025-12-08;19;1481
50;2025-12-08;20;901
50;2025-12-08;21;620
50;2025-12-08;22;273
50;2025-12-08;23;136
50;2025-12-09;0;34
50;2025-12-09;1;4
50;2025-12-09;2;0
50;2025-12-09;3;0
50;2025-12-09;4;3
50;2025-12-09;5;71
50;2025-12-09;6;551
50;2025-12-09;7;1788
50;2025-12-09;8;2802
50;2025-12-09;9;2190
50;2025-12-09;10;1698
50;2025-12-09;11;1601
50;2025-12-09;12;1498
50;2025-12-09;13;1494
50;2025-12-09;14;1449
50;2025-12-09;15;1721
50;2025-12-09;16;1707
50;2025-12-09;17;2477
50;2025-12-09;18;2629
50;2025-12-09;19;1521
50;2025-12-09;20;926
50;2025-12-09;21;637
50;2025-12-09;22;280
50;2025-12-09;23;140
50;2025-12-10;0;34
50;2025-12-10;1;4
50;2025-12-10;2;0
50;2025-12-10;3;0
50;2025-12-10;4;3
50;2025-12-10;5;71
50;2025-12-10;6;551
50;2025-12-10;7;1788
50;2025-12-10;8;2802
50;2025-12-10;9;2190
50;2025-12-10;10;1698
50;2025-12-10;11;1601
50;2025-12-10;12;1498
50;2025-12-10;13;1494
50;2025-12-10;14;1449
50;2025-12-10;15;1721
50;2025-12-10;16;1707
50;2025-12-10;17;2477
50;2025-12-10;18;2629
50;2025-12-10;19;1521
50;2025-12-10;20;926
50;2025-12-10;21;637
50;2025-12-10;22;280
50;2025-12-10;23;140
50;2025-12-11;0;34
50;2025-12-11;1;4
50;2025-12-11;2;0
50;2025-12-11;3;0
50;2025-12-11;4;3
50;2025-12-11;5;71
50;2025-12-11;6;551
50;2025-12-11;7;1788
50;2025-12-11;8;2802
50;2025-12-11;9;2190
50;2025-12-11;10;1698
50;2025-12-11;11;1601
50;2025-12-11;12;1498
50;2025-12-11;13;1494
50;2025-12-11;14;1449
50;2025-12-11;15;1721
50;2025-12-11;16;1707
50;2025-12-11;17;2477
50;2025-12-11;18;2629
50;2025-12-11;19;1521
50;2025-12-11;20;926
50;2025-12-11;21;637
50;2025-12-11;22;280
50;2025-12-11;23;140
50;2025-12-12;0;41
50;2025-12-12;1;3
50;2025-12-12;2;0
50;2025-12-12;3;0
50;2025-12-12;4;3
50;2025-12-12;5;65
50;2025-12-12;6;553
50;2025-12-12;7;1756
50;2025-12-12;8;2753
50;2025-12-12;9;2113
50;2025-12-12;10;1570
50;2025-12-12;11;1640
50;2025-12-12;12;1548
50;2025-12-12;13;1555
50;2025-12-12;14;1482
50;2025-12-12;15;1835
50;2025-12-12;16;2181
50;2025-12-12;17;2209
50;2025-12-12;18;1824
50;2025-12-12;19;1253
50;2025-12-12;20;844
50;2025-12-12;21;588
50;2025-12-12;22;308
50;2025-12-12;23;177
50;2025-12-13;0;66
50;2025-12-13;1;4
50;2025-12-13;2;0
50;2025-12-13;3;0
50;2025-12-13;4;1
50;2025-12-13;5;30
50;2025-12-13;6;167
50;2025-12-13;7;397
50;2025-12-13;8;616
50;2025-12-13;9;663
50;2025-12-13;10;635
50;2025-12-13;11;833
50;2025-12-13;12;854
50;2025-12-13;13;900
50;2025-12-13;14;914
50;2025-12-13;15;872
50;2025-12-13;16;838
50;2025-12-13;17;829
50;2025-12-13;18;725
50;2025-12-13;19;621
50;2025-12-13;20;457
50;2025-12-13;21;375
50;2025-12-13;22;241
50;2025-12-13;23;140
50;2025-12-14;0;51
50;2025-12-14;1;7
50;2025-12-14;2;0
50;2025-12-14;3;0
50;2025-12-14;4;1
50;2025-12-14;5;24
50;2025-12-14;6;115
50;2025-12-14;7;219
50;2025-12-14;8;332
50;2025-12-14;9;431
50;2025-12-14;10;483
50;2025-12-14;11;610
50;2025-12-14;12;714
50;2025-12-14;13;774
50;2025-12-14;14;822
50;2025-12-14;15;715
50;2025-12-14;16;759
50;2025-12-14;17;723
50;2025-12-14;18;652
50;2025-12-14;19;549
50;2025-12-14;20;447
50;2025-12-14;21;344
50;2025-12-14;22;224
50;2025-12-14;23;105
50;2025-12-15;0;33
50;2025-12-15;1;4
50;2025-12-15;2;0
50;2025-12-15;3;0
50;2025-12-15;4;3
50;2025-12-15;5;70
50;2025-12-15;6;536
50;2025-12-15;7;1740
50;2025-12-15;8;2727
50;2025-12-15;9;2131
50;2025-12-15;10;1653
50;2025-12-15;11;1558
50;2025-12-15;12;1458
50;2025-12-15;13;1454
50;2025-12-15;14;1411
50;2025-12-15;15;1675
50;2025-12-15;16;1661
50;2025-12-15;17;2411
50;2025-12-15;18;2558
50;2025-12-15;19;1481
50;2025-12-15;20;901
50;2025-12-15;21;620
50;2025-12-15;22;273
50;2025-12-15;23;136
50;2025-12-16;0;34
50;2025-12-16;1;4
50;2025-12-16;2;0
50;2025-12-16;3;0
50;2025-12-16;4;3
50;2025-12-16;5;71
50;2025-12-16;6;551
50;2025-12-16;7;1788
50;2025-12-16;8;2802
50;2025-12-16;9;2190
50;2025-12-16;10;1698
50;2025-12-16;11;1601
50;2025-12-16;12;1498
50;2025-12-16;13;1494
50;2025-12-16;14;1449
50;2025-12-16;15;1721
50;2025-12-16;16;1707
50;2025-12-16;17;2477
50;2025-12-16;18;2629
50;2025-12-16;19;1521
50;2025-12-16;20;926
50;2025-12-16;21;637
50;2025-12-16;22;280
50;2025-12-16;23;140
50;2025-12-17;0;34
50;2025-12-17;1;4
50;2025-12-17;2;0
50;2025-12-17;3;0
50;2025-12-17;4;3
50;2025-12-17;5;71
50;2025-12-17;6;551
50;2025-12-17;7;1788
50;2025-12-17;8;2802
50;2025-12-17;9;2190
50;2025-12-17;10;1698
50;2025-12-17;11;1601
50;2025-12-17;12;1498
50;2025-12-17;13;1494
50;2025-12-17;14;1449
50;2025-12-17;15;1721
50;2025-12-17;16;1707
50;2025-12-17;17;2477
50;2025-12-17;18;2629
50;2025-12-17;19;1521
50;2025-12-17;20;926
50;2025-12-17;21;637
50;2025-12-17;22;280
50;2025-12-17;23;140
50;2025-12-18;0;34
50;2025-12-18;1;4
50;2025-12-18;2;0
50;2025-12-18;3;0
50;2025-12-18;4;3
50;2025-12-18;5;71
50;2025-12-18;6;551
50;2025-12-18;7;1788
50;2025-12-18;8;2802
50;2025-12-18;9;2190
50;2025-12-18;10;1698
50;2025-12-18;11;1601
50;2025-12-18;12;1498
50;2025-12-18;13;1494
50;2025-12-18;14;1449
50;2025-12-18;15;1721
50;2025-12-18;16;1707
50;2025-12-18;17;2477
50;2025-12-18;18;2629
50;2025-12-18;19;1521
50;2025-12-18;20;926
50;2025-12-18;21;637
50;2025-12-18;22;280
50;2025-12-18;23;140
50;2025-12-19;0;41
50;2025-12-19;1;3
50;2025-12-19;2;0
50;2025-12-19;3;0
50;2025-12-19;4;3
50;2025-12-19;5;65
50;2025-12-19;6;553
50;2025-12-19;7;1756
50;2025-12-19;8;2753
50;2025-12-19;9;2113
50;2025-12-19;10;1570
50;2025-12-19;11;1640
50;2025-12-19;12;1548
50;2025-12-19;13;1555
50;2025-12-19;14;1482
50;2025-12-19;15;1835
50;2025-12-19;16;2181
50;2025-12-19;17;2209
50;2025-12-19;18;1824
50;2025-12-19;19;1253
50;2025-12-19;20;844
50;2025-12-19;21;588
50;2025-12-19;22;308
50;2025-12-19;23;177
50;2025-12-20;0;66
50;2025-12-20;1;4
50;2025-12-20;2;0
50;2025-12-20;3;0
50;2025-12-20;4;1
50;2025-12-20;5;30
50;2025-12-20;6;167
50;2025-12-20;7;397
50;2025-12-20;8;616
50;2025-12-20;9;663
50;2025-12-20;10;635
50;2025-12-20;11;833
50;2025-12-20;12;854
50;2025-12-20;13;900
50;2025-12-20;14;914
50;2025-12-20;15;872
50;2025-12-20;16;838
50;2025-12-20;17;829
50;2025-12-20;18;725
50;2025-12-20;19;621
50;2025-12-20;20;457
50;2025-12-20;21;375
50;2025-12-20;22;241
50;2025-12-20;23;140
50;2025-12-21;0;51
50;2025-12-21;1;7
50;2025-12-21;2;0
50;2025-12-21;3;0
50;2025-12-21;4;1
50;2025-12-21;5;24
50;2025-12-21;6;115
50;2025-12-21;7;219
50;2025-12-21;8;332
50;2025-12-21;9;431
50;2025-12-21;10;483
50;2025-12-21;11;610
50;2025-12-21;12;714
50;2025-12-21;13;774
50;2025-12-21;14;822
50;2025-12-21;15;715
50;2025-12-21;16;759
50;2025-12-21;17;723
50;2025-12-21;18;652
50;2025-12-21;19;549
50;2025-12-21;20;447
50;2025-12-21;21;344
50;2025-12-21;22;224
50;2025-12-21;23;105
50;2025-12-22;0;33
50;2025-12-22;1;4
50;2025-12-22;2;0
50;2025-12-22;3;0
50;2025-12-22;4;3
50;2025-12-22;5;70
50;2025-12-22;6;536
50;2025-12-22;7;1740
50;2025-12-22;8;2727
50;2025-12-22;9;2131
50;2025-12-22;10;1653
50;2025-12-22;11;1558
50;2025-12-22;12;1458
50;2025-12-22;13;1454
50;2025-12-22;14;1411
50;2025-12-22;15;1675
50;2025-12-22;16;1661
50;2025-12-22;17;2411
50;2025-12-22;18;2558
50;2025-12-22;19;1481
50;2025-12-22;20;901
50;2025-12-22;21;620
50;2025-12-22;22;273
50;2025-12-22;23;136
50;2025-12-23;0;34
50;2025-12-23;1;4
50;2025-12-23;2;0
50;2025-12-23;3;0
50;2025-12-23;4;3
50;2025-12-23;5;71
50;2025-12-23;6;551
50;2025-12-23;7;1788
50;2025-12-23;8;2802
50;2025-12-23;9;2190
50;2025-12-23;10;1698
50;2025-12-23;11;1601
50;2025-12-23;12;1498
50;2025-12-23;13;1494
50;2025-12-23;14;1449
50;2025-12-23;15;1721
50;2025-12-23;16;1707
50;2025-12-23;17;2477
50;2025-12-23;18;2629
50;2025-12-23;19;1521
50;2025-12-23;20;926
50;2025-12-23;21;637
50;2025-12-23;22;280
50;2025-12-23;23;140
50;2025-12-24;0;34
50;2025-12-24;1;4
50;2025-12-24;2;0
50;2025-12-24;3;0
50;2025-12-24;4;3
50;2025-12-24;5;71
50;2025-12-24;6;551
50;2025-12-24;7;1788
50;2025-12-24;8;2802
50;2025-12-24;9;2190
50;2025-12-24;10;1698
50;2025-12-24;11;1601
50;2025-12-24;12;1498
50;2025-12-24;13;1494
50;2025-12-24;14;1449
50;2025-12-24;15;1721
50;2025-12-24;16;1707
50;2025-12-24;17;2477
50;2025-12-24;18;2629
50;2025-12-24;19;1521
50;2025-12-24;20;926
50;2025-12-24;21;637
50;2025-12-24;22;280
50;2025-12-24;23;140
50;2025-12-25;0;34
50;2025-12-25;1;4
50;2025-12-25;2;0
50;2025-12-25;3;0
50;2025-12-25;4;3
50;2025-12-25;5;71
50;2025-12-25;6;551
50;2025-12-25;7;1788
50;2025-12-25;8;2802
50;2025-12-25;9;2190
50;2025-12-25;10;1698
50;2025-12-25;11;1601
50;2025-12-25;12;1498
50;2025-12-25;13;1494
50;2025-12-25;14;1449
50;2025-12-25;15;1721
50;2025-12-25;16;1707
50;2025-12-25;17;2477
50;2025-12-25;18;2629
50;2025-12-25;19;1521
50;2025-12-25;20;926
50;2025-12-25;21;637
50;2025-12-25;22;280
50;2025-12-25;23;140
50;2025-12-26;0;41
50;2025-12-26;1;3
50;2025-12-26;2;0
50;2025-12-26;3;0
50;2025-12-26;4;3
50;2025-12-26;5;65
50;2025-12-26;6;553
50;2025-12-26;7;1756
50;2025-12-26;8;2753
50;2025-12-26;9;2113
50;2025-12-26;10;1570
50;2025-12-26;11;1640
50;2025-12-26;12;1548
50;2025-12-26;13;1555
50;2025-12-26;14;1482
50;2025-12-26;15;1835
50;2025-12-26;16;2181
50;2025-12-26;17;2209
50;2025-12-26;18;1824
50;2025-12-26;19;1253
50;2025-12-26;20;844
50;2025-12-26;21;588
50;2025-12-26;22;308
50;2025-12-26;23;177
50;2025-12-27;0;66
50;2025-12-27;1;4
50;2025-12-27;2;0
50;2025-12-27;3;0
50;2025-12-27;4;1
50;2025-12-27;5;30
50;2025-12-27;6;167
50;2025-12-27;7;397
50;2025-12-27;8;616
50;2025-12-27;9;663
50;2025-12-27;10;635
50;2025-12-27;11;833
50;2025-12-27;12;854
50;2025-12-27;13;900
50;2025-12-27;14;914
50;2025-12-27;15;872
50;2025-12-27;16;838
50;2025-12-27;17;829
50;2025-12-27;18;725
50;2025-12-27;19;621
50;2025-12-27;20;457
50;2025-12-27;21;375
50;2025-12-27;22;241
50;2025-12-27;23;140
50;2025-12-28;0;51
50;2025-12-28;1;7
50;2025-12-28;2;0
50;2025-12-28;3;0
50;2025-12-28;4;1
50;2025-12-28;5;24
50;2025-12-28;6;115
50;2025-12-28;7;219
50;2025-12-28;8;332
50;2025-12-28;9;431
50;2025-12-28;10;483
50;2025-12-28;11;610
50;2025-12-28;12;714
50;2025-12-28;13;774
50;2025-12-28;14;822
50;2025-12-28;15;715
50;2025-12-28;16;759
50;2025-12-28;17;723
50;2025-12-28;18;652
50;2025-12-28;19;549
50;2025-12-28;20;447
50;2025-12-28;21;344
50;2025-12-28;22;224
50;2025-12-28;23;105
50;2025-12-29;0;30
50;2025-12-29;1;3
50;2025-12-29;2;0
50;2025-12-29;3;0
50;2025-12-29;4;2
50;2025-12-29;5;63
50;2025-12-29;6;482
50;2025-12-29;7;1566
50;2025-12-29;8;2454
50;2025-12-29;9;1918
50;2025-12-29;10;1487
50;2025-12-29;11;1402
50;2025-12-29;12;1312
50;2025-12-29;13;1309
50;2025-12-29;14;1270
50;2025-12-29;15;1507
50;2025-12-29;16;1495
50;2025-12-29;17;2170
50;2025-12-29;18;2302
50;2025-12-29;19;1333
50;2025-12-29;20;811
50;2025-12-29;21;558
50;2025-12-29;22;245
50;2025-12-29;23;123
50;2025-12-30;0;29
50;2025-12-30;1;3
50;2025-12-30;2;0
50;2025-12-30;3;0
50;2025-12-30;4;2
50;2025-12-30;5;61
50;2025-12-30;6;468
50;2025-12-30;7;1520
50;2025-12-30;8;2381
50;2025-12-30;9;1862
50;2025-12-30;10;1443
50;2025-12-30;11;1361
50;2025-12-30;12;1273
50;2025-12-30;13;1270
50;2025-12-30;14;1232
50;2025-12-30;15;1463
50;2025-12-30;16;1451
50;2025-12-30;17;2105
50;2025-12-30;18;2234
50;2025-12-30;19;1293
50;2025-12-30;20;787
50;2025-12-30;21;542
50;2025-12-30;22;238
50;2025-12-30;23;119
50;2025-12-31;0;56
50;2025-12-31;1;4
50;2025-12-31;2;0
50;2025-12-31;3;0
50;2025-12-31;4;1
50;2025-12-31;5;25
50;2025-12-31;6;142
50;2025-12-31;7;337
50;2025-12-31;8;523
50;2025-12-31;9;564
50;2025-12-31;10;540
50;2025-12-31;11;708
50;2025-12-31;12;726
50;2025-12-31;13;765
50;2025-12-31;14;777
50;2025-12-31;15;742
50;2025-12-31;16;712
50;2025-12-31;17;705
50;2025-12-31;18;617
50;2025-12-31;19;528
50;2025-12-31;20;388
50;2025-12-31;21;318
50;2025-12-31;22;205
50;2025-12-31;23;119
