route;date;hour;prediction
1;2025-11-01;0;2
1;2025-11-01;1;0
1;2025-11-01;2;0
1;2025-11-01;3;0
1;2025-11-01;4;4
1;2025-11-01;5;105
1;2025-11-01;6;411
1;2025-11-01;7;1184
1;2025-11-01;8;1412
1;2025-11-01;9;1107
1;2025-11-01;10;989
1;2025-11-01;11;1093
1;2025-11-01;12;1073
1;2025-11-01;13;1112
1;2025-11-01;14;1043
1;2025-11-01;15;1177
1;2025-11-01;16;1244
1;2025-11-01;17;1362
1;2025-11-01;18;1183
1;2025-11-01;19;937
1;2025-11-01;20;628
1;2025-11-01;21;397
1;2025-11-01;22;174
1;2025-11-01;23;46
1;2025-11-02;0;0
1;2025-11-02;1;0
1;2025-11-02;2;0
1;2025-11-02;3;0
1;2025-11-02;4;0
1;2025-11-02;5;24
1;2025-11-02;6;124
1;2025-11-02;7;245
1;2025-11-02;8;342
1;2025-11-02;9;591
1;2025-11-02;10;693
1;2025-11-02;11;712
1;2025-11-02;12;844
1;2025-11-02;13;892
1;2025-11-02;14;796
1;2025-11-02;15;721
1;2025-11-02;16;655
1;2025-11-02;17;592
1;2025-11-02;18;508
1;2025-11-02;19;426
1;2025-11-02;20;343
1;2025-11-02;21;266
1;2025-11-02;22;107
1;2025-11-02;23;31
1;2025-11-03;0;3
1;2025-11-03;1;0
1;2025-11-03;2;0
1;2025-11-03;3;0
1;2025-11-03;4;0
1;2025-11-03;5;24
1;2025-11-03;6;121
1;2025-11-03;7;247
1;2025-11-03;8;341
1;2025-11-03;9;564
1;2025-11-03;10;663
1;2025-11-03;11;662
1;2025-11-03;12;803
1;2025-11-03;13;838
1;2025-11-03;14;770
1;2025-11-03;15;677
1;2025-11-03;16;608
1;2025-11-03;17;562
1;2025-11-03;18;480
1;2025-11-03;19;412
1;2025-11-03;20;323
1;2025-11-03;21;239
1;2025-11-03;22;101
1;2025-11-03;23;28
1;2025-11-04;0;3
1;2025-11-04;1;0
1;2025-11-04;2;0
1;2025-11-04;3;0
1;2025-11-04;4;0
1;2025-11-04;5;24
1;2025-11-04;6;121
1;2025-11-04;7;247
1;2025-11-04;8;341
1;2025-11-04;9;564
1;2025-11-04;10;663
1;2025-11-04;11;662
1;2025-11-04;12;803
1;2025-11-04;13;838
1;2025-11-04;14;770
1;2025-11-04;15;677
1;2025-11-04;16;608
1;2025-11-04;17;562
1;2025-11-04;18;480
1;2025-11-04;19;412
1;2025-11-04;20;323
1;2025-11-04;21;239
1;2025-11-04;22;101
1;2025-11-04;23;28
1;2025-11-05;0;4
1;2025-11-05;1;0
1;2025-11-05;2;0
1;2025-11-05;3;0
1;2025-11-05;4;8
1;2025-11-05;5;131
1;2025-11-05;6;550
1;2025-11-05;7;1511
1;2025-11-05;8;1922
1;2025-11-05;9;1483
1;2025-11-05;10;1323
1;2025-11-05;11;1360
1;2025-11-05;12;1413
1;2025-11-05;13;1438
1;2025-11-05;14;1388
1;2025-11-05;15;1545
1;2025-11-05;16;1534
1;2025-11-05;17;1781
1;2025-11-05;18;1837
1;2025-11-05;19;1371
1;2025-11-05;20;892
1;2025-11-05;21;491
1;2025-11-05;22;217
1;2025-11-05;23;49
1;2025-11-06;0;4
1;2025-11-06;1;0
1;2025-11-06;2;0
1;2025-11-06;3;0
1;2025-11-06;4;8
1;2025-11-06;5;131
1;2025-11-06;6;550
1;2025-11-06;7;1511
1;2025-11-06;8;1922
1;2025-11-06;9;1483
1;2025-11-06;10;1323
1;2025-11-06;11;1360
1;2025-11-06;12;1413
1;2025-11-06;13;1438
1;2025-11-06;14;1388
1;2025-11-06;15;1545
1;2025-11-06;16;1534
1;2025-11-06;17;1781
1;2025-11-06;18;1837
1;2025-11-06;19;1371
1;2025-11-06;20;892
1;2025-11-06;21;491
1;2025-11-06;22;217
1;2025-11-06;23;49
1;2025-11-07;0;5
1;2025-11-07;1;0
1;2025-11-07;2;0
1;2025-11-07;3;0
1;2025-11-07;4;6
1;2025-11-07;5;135
1;2025-11-07;6;529
1;2025-11-07;7;1525
1;2025-11-07;8;1819
1;2025-11-07;9;1426
1;2025-11-07;10;1274
1;2025-11-07;11;1408
1;2025-11-07;12;1383
1;2025-11-07;13;1432
1;2025-11-07;14;1344
1;2025-11-07;15;1516
1;2025-11-07;16;1603
1;2025-11-07;17;1755
1;2025-11-07;18;1524
1;2025-11-07;19;1207
1;2025-11-07;20;809
1;2025-11-07;21;512
1;2025-11-07;22;224
1;2025-11-07;23;60
1;2025-11-08;0;8
1;2025-11-08;1;0
1;2025-11-08;2;0
1;2025-11-08;3;0
1;2025-11-08;4;0
1;2025-11-08;5;32
1;2025-11-08;6;163
1;2025-11-08;7;343
1;2025-11-08;8;468
1;2025-11-08;9;743
1;2025-11-08;10;876
1;2025-11-08;11;851
1;2025-11-08;12;1056
1;2025-11-08;13;1089
1;2025-11-08;14;1028
1;2025-11-08;15;878
1;2025-11-08;16;781
1;2025-11-08;17;736
1;2025-11-08;18;627
1;2025-11-08;19;550
1;2025-11-08;20;419
1;2025-11-08;21;297
1;2025-11-08;22;131
1;2025-11-08;23;34
1;2025-11-09;0;0
1;2025-11-09;1;0
1;2025-11-09;2;0
1;2025-11-09;3;0
1;2025-11-09;4;0
1;2025-11-09;5;24
1;2025-11-09;6;124
1;2025-11-09;7;245
1;2025-11-09;8;342
1;2025-11-09;9;591
1;2025-11-09;10;693
1;2025-11-09;11;712
1;2025-11-09;12;844
1;2025-11-09;13;892
1;2025-11-09;14;796
1;2025-11-09;15;721
1;2025-11-09;16;655
1;2025-11-09;17;592
1;2025-11-09;18;508
1;2025-11-09;19;426
1;2025-11-09;20;343
1;2025-11-09;21;266
1;2025-11-09;22;107
1;2025-11-09;23;31
1;2025-11-10;0;4
1;2025-11-10;1;0
1;2025-11-10;2;0
1;2025-11-10;3;0
1;2025-11-10;4;8
1;2025-11-10;5;127
1;2025-11-10;6;535
1;2025-11-10;7;1471
1;2025-11-10;8;1871
1;2025-11-10;9;1443
1;2025-11-10;10;1288
1;2025-11-10;11;1323
1;2025-11-10;12;1376
1;2025-11-10;13;1399
1;2025-11-10;14;1351
1;2025-11-10;15;1504
1;2025-11-10;16;1493
1;2025-11-10;17;1733
1;2025-11-10;18;1788
1;2025-11-10;19;1334
1;2025-11-10;20;869
1;2025-11-10;21;478
1;2025-11-10;22;211
1;2025-11-10;23;48
1;2025-11-11;0;4
1;2025-11-11;1;0
1;2025-11-11;2;0
1;2025-11-11;3;0
1;2025-11-11;4;8
1;2025-11-11;5;131
1;2025-11-11;6;550
1;2025-11-11;7;1511
1;2025-11-11;8;1922
1;2025-11-11;9;1483
1;2025-11-11;10;1323
1;2025-11-11;11;1360
1;2025-11-11;12;1413
1;2025-11-11;13;1438
1;2025-11-11;14;1388
1;2025-11-11;15;1545
1;2025-11-11;16;1534
1;2025-11-11;17;1781
1;2025-11-11;18;1837
1;2025-11-11;19;1371
1;2025-11-11;20;892
1;2025-11-11;21;491
1;2025-11-11;22;217
1;2025-11-11;23;49
1;2025-11-12;0;4
1;2025-11-12;1;0
1;2025-11-12;2;0
1;2025-11-12;3;0
1;2025-11-12;4;8
1;2025-11-12;5;131
1;2025-11-12;6;550
1;2025-11-12;7;1511
1;2025-11-12;8;1922
1;2025-11-12;9;1483
1;2025-11-12;10;1323
1;2025-11-12;11;1360
1;2025-11-12;12;1413
1;2025-11-12;13;1438
1;2025-11-12;14;1388
1;2025-11-12;15;1545
1;2025-11-12;16;1534
1;2025-11-12;17;1781
1;2025-11-12;18;1837
1;2025-11-12;19;1371
1;2025-11-12;20;892
1;2025-11-12;21;491
1;2025-11-12;22;217
1;2025-11-12;23;49
1;2025-11-13;0;4
1;2025-11-13;1;0
1;2025-11-13;2;0
1;2025-11-13;3;0
1;2025-11-13;4;8
1;2025-11-13;5;131
1;2025-11-13;6;550
1;2025-11-13;7;1511
1;2025-11-13;8;1922
1;2025-11-13;9;1483
1;2025-11-13;10;1323
1;2025-11-13;11;1360
1;2025-11-13;12;1413
1;2025-11-13;13;1438
1;2025-11-13;14;1388
1;2025-11-13;15;1545
1;2025-11-13;16;1534
1;2025-11-13;17;1781
1;2025-11-13;18;1837
1;2025-11-13;19;1371
1;2025-11-13;20;892
1;2025-11-13;21;491
1;2025-11-13;22;217
1;2025-11-13;23;49
1;2025-11-14;0;5
1;2025-11-14;1;0
1;2025-11-14;2;0
1;2025-11-14;3;0
1;2025-11-14;4;6
1;2025-11-14;5;135
1;2025-11-14;6;529
1;2025-11-14;7;1525
1;2025-11-14;8;1819
1;2025-11-14;9;1426
1;2025-11-14;10;1274
1;2025-11-14;11;1408
1;2025-11-14;12;1383
1;2025-11-14;13;1432
1;2025-11-14;14;1344
1;2025-11-14;15;1516
1;2025-11-14;16;1603
1;2025-11-14;17;1755
1;2025-11-14;18;1524
1;2025-11-14;19;1207
1;2025-11-14;20;809
1;2025-11-14;21;512
1;2025-11-14;22;224
1;2025-11-14;23;60
1;2025-11-15;0;8
1;2025-11-15;1;0
1;2025-11-15;2;0
1;2025-11-15;3;0
1;2025-11-15;4;0
1;2025-11-15;5;32
1;2025-11-15;6;163
1;2025-11-15;7;343
1;2025-11-15;8;468
1;2025-11-15;9;743
1;2025-11-15;10;876
1;2025-11-15;11;851
1;2025-11-15;12;1056
1;2025-11-15;13;1089
1;2025-11-15;14;1028
1;2025-11-15;15;878
1;2025-11-15;16;781
1;2025-11-15;17;736
1;2025-11-15;18;627
1;2025-11-15;19;550
1;2025-11-15;20;419
1;2025-11-15;21;297
1;2025-11-15;22;131
1;2025-11-15;23;34
1;2025-11-16;0;0
1;2025-11-16;1;0
1;2025-11-16;2;0
1;2025-11-16;3;0
1;2025-11-16;4;0
1;2025-11-16;5;24
1;2025-11-16;6;124
1;2025-11-16;7;245
1;2025-11-16;8;342
1;2025-11-16;9;591
1;2025-11-16;10;693
1;2025-11-16;11;712
1;2025-11-16;12;844
1;2025-11-16;13;892
1;2025-11-16;14;796
1;2025-11-16;15;721
1;2025-11-16;16;655
1;2025-11-16;17;592
1;2025-11-16;18;508
1;2025-11-16;19;426
1;2025-11-16;20;343
1;2025-11-16;21;266
1;2025-11-16;22;107
1;2025-11-16;23;31
1;2025-11-17;0;4
1;2025-11-17;1;0
1;2025-11-17;2;0
1;2025-11-17;3;0
1;2025-11-17;4;8
1;2025-11-17;5;127
1;2025-11-17;6;535
1;2025-11-17;7;1471
1;2025-11-17;8;1871
1;2025-11-17;9;1443
1;2025-11-17;10;1288
1;2025-11-17;11;1323
1;2025-11-17;12;1376
1;2025-11-17;13;1399
1;2025-11-17;14;1351
1;2025-11-17;15;1504
1;2025-11-17;16;1493
1;2025-11-17;17;1733
1;2025-11-17;18;1788
1;2025-11-17;19;1334
1;2025-11-17;20;869
1;2025-11-17;21;478
1;2025-11-17;22;211
1;2025-11-17;23;48
1;2025-11-18;0;4
1;2025-11-18;1;0
1;2025-11-18;2;0
1;2025-11-18;3;0
1;2025-11-18;4;8
1;2025-11-18;5;131
1;2025-11-18;6;550
1;2025-11-18;7;1511
1;2025-11-18;8;1922
1;2025-11-18;9;1483
1;2025-11-18;10;1323
1;2025-11-18;11;1360
1;2025-11-18;12;1413
1;2025-11-18;13;1438
1;2025-11-18;14;1388
1;2025-11-18;15;1545
1;2025-11-18;16;1534
1;2025-11-18;17;1781
1;2025-11-18;18;1837
1;2025-11-18;19;1371
1;2025-11-18;20;892
1;2025-11-18;21;491
1;2025-11-18;22;217
1;2025-11-18;23;49
1;2025-11-19;0;4
1;2025-11-19;1;0
1;2025-11-19;2;0
1;2025-11-19;3;0
1;2025-11-19;4;8
1;2025-11-19;5;131
1;2025-11-19;6;550
1;2025-11-19;7;1511
1;2025-11-19;8;1922
1;2025-11-19;9;1483
1;2025-11-19;10;1323
1;2025-11-19;11;1360
1;2025-11-19;12;1413
1;2025-11-19;13;1438
1;2025-11-19;14;1388
1;2025-11-19;15;1545
1;2025-11-19;16;1534
1;2025-11-19;17;1781
1;2025-11-19;18;1837
1;2025-11-19;19;1371
1;2025-11-19;20;892
1;2025-11-19;21;491
1;2025-11-19;22;217
1;2025-11-19;23;49
1;2025-11-20;0;4
1;2025-11-20;1;0
1;2025-11-20;2;0
1;2025-11-20;3;0
1;2025-11-20;4;8
1;2025-11-20;5;131
1;2025-11-20;6;550
1;2025-11-20;7;1511
1;2025-11-20;8;1922
1;2025-11-20;9;1483
1;2025-11-20;10;1323
1;2025-11-20;11;1360
1;2025-11-20;12;1413
1;2025-11-20;13;1438
1;2025-11-20;14;1388
1;2025-11-20;15;1545
1;2025-11-20;16;1534
1;2025-11-20;17;1781
1;2025-11-20;18;1837
1;2025-11-20;19;1371
1;2025-11-20;20;892
1;2025-11-20;21;491
1;2025-11-20;22;217
1;2025-11-20;23;49
1;2025-11-21;0;5
1;2025-11-21;1;0
1;2025-11-21;2;0
1;2025-11-21;3;0
1;2025-11-21;4;6
1;2025-11-21;5;135
1;2025-11-21;6;529
1;2025-11-21;7;1525
1;2025-11-21;8;1819
1;2025-11-21;9;1426
1;2025-11-21;10;1274
1;2025-11-21;11;1408
1;2025-11-21;12;1383
1;2025-11-21;13;1432
1;2025-11-21;14;1344
1;2025-11-21;15;1516
1;2025-11-21;16;1603
1;2025-11-21;17;1755
1;2025-11-21;18;1524
1;2025-11-21;19;1207
1;2025-11-21;20;809
1;2025-11-21;21;512
1;2025-11-21;22;224
1;2025-11-21;23;60
1;2025-11-22;0;8
1;2025-11-22;1;0
1;2025-11-22;2;0
1;2025-11-22;3;0
1;2025-11-22;4;0
1;2025-11-22;5;32
1;2025-11-22;6;163
1;2025-11-22;7;343
1;2025-11-22;8;468
1;2025-11-22;9;743
1;2025-11-22;10;876
1;2025-11-22;11;851
1;2025-11-22;12;1056
1;2025-11-22;13;1089
1;2025-11-22;14;1028
1;2025-11-22;15;878
1;2025-11-22;16;781
1;2025-11-22;17;736
1;2025-11-22;18;627
1;2025-11-22;19;550
1;2025-11-22;20;419
1;2025-11-22;21;297
1;2025-11-22;22;131
1;2025-11-22;23;34
1;2025-11-23;0;0
1;2025-11-23;1;0
1;2025-11-23;2;0
1;2025-11-23;3;0
1;2025-11-23;4;0
1;2025-11-23;5;24
1;2025-11-23;6;124
1;2025-11-23;7;245
1;2025-11-23;8;342
1;2025-11-23;9;591
1;2025-11-23;10;693
1;2025-11-23;11;712
1;2025-11-23;12;844
1;2025-11-23;13;892
1;2025-11-23;14;796
1;2025-11-23;15;721
1;2025-11-23;16;655
1;2025-11-23;17;592
1;2025-11-23;18;508
1;2025-11-23;19;426
1;2025-11-23;20;343
1;2025-11-23;21;266
1;2025-11-23;22;107
1;2025-11-23;23;31
1;2025-11-24;0;4
1;2025-11-24;1;0
1;2025-11-24;2;0
1;2025-11-24;3;0
1;2025-11-24;4;8
1;2025-11-24;5;127
1;2025-11-24;6;535
1;2025-11-24;7;1471
1;2025-11-24;8;1871
1;2025-11-24;9;1443
1;2025-11-24;10;1288
1;2025-11-24;11;1323
1;2025-11-24;12;1376
1;2025-11-24;13;1399
1;2025-11-24;14;1351
1;2025-11-24;15;1504
1;2025-11-24;16;1493
1;2025-11-24;17;1733
1;2025-11-24;18;1788
1;2025-11-24;19;1334
1;2025-11-24;20;869
1;2025-11-24;21;478
1;2025-11-24;22;211
1;2025-11-24;23;48
1;2025-11-25;0;4
1;2025-11-25;1;0
1;2025-11-25;2;0
1;2025-11-25;3;0
1;2025-11-25;4;8
1;2025-11-25;5;131
1;2025-11-25;6;550
1;2025-11-25;7;1511
1;2025-11-25;8;1922
1;2025-11-25;9;1483
1;2025-11-25;10;1323
1;2025-11-25;11;1360
1;2025-11-25;12;1413
1;2025-11-25;13;1438
1;2025-11-25;14;1388
1;2025-11-25;15;1545
1;2025-11-25;16;1534
1;2025-11-25;17;1781
1;2025-11-25;18;1837
1;2025-11-25;19;1371
1;2025-11-25;20;892
1;2025-11-25;21;491
1;2025-11-25;22;217
1;2025-11-25;23;49
1;2025-11-26;0;4
1;2025-11-26;1;0
1;2025-11-26;2;0
1;2025-11-26;3;0
1;2025-11-26;4;8
1;2025-11-26;5;131
1;2025-11-26;6;550
1;2025-11-26;7;1511
1;2025-11-26;8;1922
1;2025-11-26;9;1483
1;2025-11-26;10;1323
1;2025-11-26;11;1360
1;2025-11-26;12;1413
1;2025-11-26;13;1438
1;2025-11-26;14;1388
1;2025-11-26;15;1545
1;2025-11-26;16;1534
1;2025-11-26;17;1781
1;2025-11-26;18;1837
1;2025-11-26;19;1371
1;2025-11-26;20;892
1;2025-11-26;21;491
1;2025-11-26;22;217
1;2025-11-26;23;49
1;2025-11-27;0;4
1;2025-11-27;1;0
1;2025-11-27;2;0
1;2025-11-27;3;0
1;2025-11-27;4;8
1;2025-11-27;5;131
1;2025-11-27;6;550
1;2025-11-27;7;1511
1;2025-11-27;8;1922
1;2025-11-27;9;1483
1;2025-11-27;10;1323
1;2025-11-27;11;1360
1;2025-11-27;12;1413
1;2025-11-27;13;1438
1;2025-11-27;14;1388
1;2025-11-27;15;1545
1;2025-11-27;16;1534
1;2025-11-27;17;1781
1;2025-11-27;18;1837
1;2025-11-27;19;1371
1;2025-11-27;20;892
1;2025-11-27;21;491
1;2025-11-27;22;217
1;2025-11-27;23;49
1;2025-11-28;0;5
1;2025-11-28;1;0
1;2025-11-28;2;0
1;2025-11-28;3;0
1;2025-11-28;4;6
1;2025-11-28;5;135
1;2025-11-28;6;529
1;2025-11-28;7;1525
1;2025-11-28;8;1819
1;2025-11-28;9;1426
1;2025-11-28;10;1274
1;2025-11-28;11;1408
1;2025-11-28;12;1383
1;2025-11-28;13;1432
1;2025-11-28;14;1344
1;2025-11-28;15;1516
1;2025-11-28;16;1603
1;2025-11-28;17;1755
1;2025-11-28;18;1524
1;2025-11-28;19;1207
1;2025-11-28;20;809
1;2025-11-28;21;512
1;2025-11-28;22;224
1;2025-11-28;23;60
1;2025-11-29;0;8
1;2025-11-29;1;0
1;2025-11-29;2;0
1;2025-11-29;3;0
1;2025-11-29;4;0
1;2025-11-29;5;32
1;2025-11-29;6;163
1;2025-11-29;7;343
1;2025-11-29;8;468
1;2025-11-29;9;743
1;2025-11-29;10;876
1;2025-11-29;11;851
1;2025-11-29;12;1056
1;2025-11-29;13;1089
1;2025-11-29;14;1028
1;2025-11-29;15;878
1;2025-11-29;16;781
1;2025-11-29;17;736
1;2025-11-29;18;627
1;2025-11-29;19;550
1;2025-11-29;20;419
1;2025-11-29;21;297
1;2025-11-29;22;131
1;2025-11-29;23;34
1;2025-11-30;0;0
1;2025-11-30;1;0
1;2025-11-30;2;0
1;2025-11-30;3;0
1;2025-11-30;4;0
1;2025-11-30;5;24
1;2025-11-30;6;124
1;2025-11-30;7;245
1;2025-11-30;8;342
1;2025-11-30;9;591
1;2025-11-30;10;693
1;2025-11-30;11;712
1;2025-11-30;12;844
1;2025-11-30;13;892
1;2025-11-30;14;796
1;2025-11-30;15;721
1;2025-11-30;16;655
1;2025-11-30;17;592
1;2025-11-30;18;508
1;2025-11-30;19;426
1;2025-11-30;20;343
1;2025-11-30;21;266
1;2025-11-30;22;107
1;2025-11-30;23;31
1;2025-12-01;0;4
1;2025-12-01;1;0
1;2025-12-01;2;0
1;2025-12-01;3;0
1;2025-12-01;4;8
1;2025-12-01;5;129
1;2025-12-01;6;545
1;2025-12-01;7;1475
1;2025-12-01;8;1859
1;2025-12-01;9;1442
1;2025-12-01;10;1283
1;2025-12-01;11;1328
1;2025-12-01;12;1378
1;2025-12-01;13;1395
1;2025-12-01;14;1349
1;2025-12-01;15;1508
1;2025-12-01;16;1492
1;2025-12-01;17;1727
1;2025-12-01;18;1780
1;2025-12-01;19;1332
1;2025-12-01;20;868
1;2025-12-01;21;482
1;2025-12-01;22;218
1;2025-12-01;23;49
1;2025-12-02;0;4
1;2025-12-02;1;0
1;2025-12-02;2;0
1;2025-12-02;3;0
1;2025-12-02;4;8
1;2025-12-02;5;133
1;2025-12-02;6;560
1;2025-12-02;7;1515
1;2025-12-02;8;1910
1;2025-12-02;9;1482
1;2025-12-02;10;1318
1;2025-12-02;11;1365
1;2025-12-02;12;1416
1;2025-12-02;13;1434
1;2025-12-02;14;1386
1;2025-12-02;15;1550
1;2025-12-02;16;1533
1;2025-12-02;17;1775
1;2025-12-02;18;1829
1;2025-12-02;19;1369
1;2025-12-02;20;892
1;2025-12-02;21;495
1;2025-12-02;22;224
1;2025-12-02;23;51
1;2025-12-03;0;4
1;2025-12-03;1;0
1;2025-12-03;2;0
1;2025-12-03;3;0
1;2025-12-03;4;8
1;2025-12-03;5;133
1;2025-12-03;6;560
1;2025-12-03;7;1515
1;2025-12-03;8;1910
1;2025-12-03;9;1482
1;2025-12-03;10;1318
1;2025-12-03;11;1365
1;2025-12-03;12;1416
1;2025-12-03;13;1434
1;2025-12-03;14;1386
1;2025-12-03;15;1550
1;2025-12-03;16;1533
1;2025-12-03;17;1775
1;2025-12-03;18;1829
1;2025-12-03;19;1369
1;2025-12-03;20;892
1;2025-12-03;21;495
1;2025-12-03;22;224
1;2025-12-03;23;51
1;2025-12-04;0;4
1;2025-12-04;1;0
1;2025-12-04;2;0
1;2025-12-04;3;0
1;2025-12-04;4;8
1;2025-12-04;5;133
1;2025-12-04;6;560
1;2025-12-04;7;1515
1;2025-12-04;8;1910
1;2025-12-04;9;1482
1;2025-12-04;10;1318
1;2025-12-04;11;1365
1;2025-12-04;12;1416
1;2025-12-04;13;1434
1;2025-12-04;14;1386
1;2025-12-04;15;1550
1;2025-12-04;16;1533
1;2025-12-04;17;1775
1;2025-12-04;18;1829
1;2025-12-04;19;1369
1;2025-12-04;20;892
1;2025-12-04;21;495
1;2025-12-04;22;224
1;2025-12-04;23;51
1;2025-12-05;0;6
1;2025-12-05;1;0
1;2025-12-05;2;0
1;2025-12-05;3;0
1;2025-12-05;4;6
1;2025-12-05;5;134
1;2025-12-05;6;538
1;2025-12-05;7;1523
1;2025-12-05;8;1811
1;2025-12-05;9;1422
1;2025-12-05;10;1271
1;2025-12-05;11;1415
1;2025-12-05;12;1385
1;2025-12-05;13;1435
1;2025-12-05;14;1346
1;2025-12-05;15;1519
1;2025-12-05;16;1599
1;2025-12-05;17;1735
1;2025-12-05;18;1529
1;2025-12-05;19;1198
1;2025-12-05;20;810
1;2025-12-05;21;517
1;2025-12-05;22;233
1;2025-12-05;23;64
1;2025-12-06;0;9
1;2025-12-06;1;0
1;2025-12-06;2;0
1;2025-12-06;3;0
1;2025-12-06;4;0
1;2025-12-06;5;33
1;2025-12-06;6;165
1;2025-12-06;7;342
1;2025-12-06;8;467
1;2025-12-06;9;745
1;2025-12-06;10;871
1;2025-12-06;11;844
1;2025-12-06;12;1053
1;2025-12-06;13;1084
1;2025-12-06;14;1027
1;2025-12-06;15;874
1;2025-12-06;16;784
1;2025-12-06;17;739
1;2025-12-06;18;627
1;2025-12-06;19;551
1;2025-12-06;20;420
1;2025-12-06;21;298
1;2025-12-06;22;135
1;2025-12-06;23;36
1;2025-12-07;0;0
1;2025-12-07;1;0
1;2025-12-07;2;0
1;2025-12-07;3;0
1;2025-12-07;4;0
1;2025-12-07;5;25
1;2025-12-07;6;127
1;2025-12-07;7;244
1;2025-12-07;8;342
1;2025-12-07;9;591
1;2025-12-07;10;700
1;2025-12-07;11;716
1;2025-12-07;12;853
1;2025-12-07;13;904
1;2025-12-07;14;801
1;2025-12-07;15;727
1;2025-12-07;16;659
1;2025-12-07;17;599
1;2025-12-07;18;513
1;2025-12-07;19;428
1;2025-12-07;20;347
1;2025-12-07;21;266
1;2025-12-07;22;110
1;2025-12-07;23;32
1;2025-12-08;0;4
1;2025-12-08;1;0
1;2025-12-08;2;0
1;2025-12-08;3;0
1;2025-12-08;4;8
1;2025-12-08;5;129
1;2025-12-08;6;545
1;2025-12-08;7;1475
1;2025-12-08;8;1859
1;2025-12-08;9;1442
1;2025-12-08;10;1283
1;2025-12-08;11;1328
1;2025-12-08;12;1378
1;2025-12-08;13;1395
1;2025-12-08;14;1349
1;2025-12-08;15;1508
1;2025-12-08;16;1492
1;2025-12-08;17;1727
1;2025-12-08;18;1780
1;2025-12-08;19;1332
1;2025-12-08;20;868
1;2025-12-08;21;482
1;2025-12-08;22;218
1;2025-12-08;23;49
1;2025-12-09;0;4
1;2025-12-09;1;0
1;2025-12-09;2;0
1;2025-12-09;3;0
1;2025-12-09;4;8
1;2025-12-09;5;133
1;2025-12-09;6;560
1;2025-12-09;7;1515
1;2025-12-09;8;1910
1;2025-12-09;9;1482
1;2025-12-09;10;1318
1;2025-12-09;11;1365
1;2025-12-09;12;1416
1;2025-12-09;13;1434
1;2025-12-09;14;1386
1;2025-12-09;15;1550
1;2025-12-09;16;1533
1;2025-12-09;17;1775
1;2025-12-09;18;1829
1;2025-12-09;19;1369
1;2025-12-09;20;892
1;2025-12-09;21;495
1;2025-12-09;22;224
1;2025-12-09;23;51
1;2025-12-10;0;4
1;2025-12-10;1;0
1;2025-12-10;2;0
1;2025-12-10;3;0
1;2025-12-10;4;8
1;2025-12-10;5;133
1;2025-12-10;6;560
1;2025-12-10;7;1515
1;2025-12-10;8;1910
1;2025-12-10;9;1482
1;2025-12-10;10;1318
1;2025-12-10;11;1365
1;2025-12-10;12;1416
1;2025-12-10;13;1434
1;2025-12-10;14;1386
1;2025-12-10;15;1550
1;2025-12-10;16;1533
1;2025-12-10;17;1775
1;2025-12-10;18;1829
1;2025-12-10;19;1369
1;2025-12-10;20;892
1;2025-12-10;21;495
1;2025-12-10;22;224
1;2025-12-10;23;51
1;2025-12-11;0;4
1;2025-12-11;1;0
1;2025-12-11;2;0
1;2025-12-11;3;0
1;2025-12-11;4;8
1;2025-12-11;5;133
1;2025-12-11;6;560
1;2025-12-11;7;1515
1;2025-12-11;8;1910
1;2025-12-11;9;1482
1;2025-12-11;10;1318
1;2025-12-11;11;1365
1;2025-12-11;12;1416
1;2025-12-11;13;1434
1;2025-12-11;14;1386
1;2025-12-11;15;1550
1;2025-12-11;16;1533
1;2025-12-11;17;1775
1;2025-12-11;18;1829
1;2025-12-11;19;1369
1;2025-12-11;20;892
1;2025-12-11;21;495
1;2025-12-11;22;224
1;2025-12-11;23;51
1;2025-12-12;0;6
1;2025-12-12;1;0
1;2025-12-12;2;0
1;2025-12-12;3;0
1;2025-12-12;4;6
1;2025-12-12;5;134
1;2025-12-12;6;538
1;2025-12-12;7;1523
1;2025-12-12;8;1811
1;2025-12-12;9;1422
1;2025-12-12;10;1271
1;2025-12-12;11;1415
1;2025-12-12;12;1385
1;2025-12-12;13;1435
1;2025-12-12;14;1346
1;2025-12-12;15;1519
1;2025-12-12;16;1599
1;2025-12-12;17;1735
1;2025-12-12;18;1529
1;2025-12-12;19;1198
1;2025-12-12;20;810
1;2025-12-12;21;517
1;2025-12-12;22;233
1;2025-12-12;23;64
1;2025-12-13;0;9
1;2025-12-13;1;0
1;2025-12-13;2;0
1;2025-12-13;3;0
1;2025-12-13;4;0
1;2025-12-13;5;33
1;2025-12-13;6;165
1;2025-12-13;7;342
1;2025-12-13;8;467
1;2025-12-13;9;745
1;2025-12-13;10;871
1;2025-12-13;11;844
1;2025-12-13;12;1053
1;2025-12-13;13;1084
1;2025-12-13;14;1027
1;2025-12-13;15;874
1;2025-12-13;16;784
1;2025-12-13;17;739
1;2025-12-13;18;627
1;2025-12-13;19;551
1;2025-12-13;20;420
1;2025-12-13;21;298
1;2025-12-13;22;135
1;2025-12-13;23;36
1;2025-12-14;0;0
1;2025-12-14;1;0
1;2025-12-14;2;0
1;2025-12-14;3;0
1;2025-12-14;4;0
1;2025-12-14;5;25
1;2025-12-14;6;127
1;2025-12-14;7;244
1;2025-12-14;8;342
1;2025-12-14;9;591
1;2025-12-14;10;700
1;2025-12-14;11;716
1;2025-12-14;12;853
1;2025-12-14;13;904
1;2025-12-14;14;801
1;2025-12-14;15;727
1;2025-12-14;16;659
1;2025-12-14;17;599
1;2025-12-14;18;513
1;2025-12-14;19;428
1;2025-12-14;20;347
1;2025-12-14;21;266
1;2025-12-14;22;110
1;2025-12-14;23;32
1;2025-12-15;0;4
1;2025-12-15;1;0
1;2025-12-15;2;0
1;2025-12-15;3;0
1;2025-12-15;4;8
1;2025-12-15;5;129
1;2025-12-15;6;545
1;2025-12-15;7;1475
1;2025-12-15;8;1859
1;2025-12-15;9;1442
1;2025-12-15;10;1283
1;2025-12-15;11;1328
1;2025-12-15;12;1378
1;2025-12-15;13;1395
1;2025-12-15;14;1349
1;2025-12-15;15;1508
1;2025-12-15;16;1492
1;2025-12-15;17;1727
1;2025-12-15;18;1780
1;2025-12-15;19;1332
1;2025-12-15;20;868
1;2025-12-15;21;482
1;2025-12-15;22;218
1;2025-12-15;23;49
1;2025-12-16;0;4
1;2025-12-16;1;0
1;2025-12-16;2;0
1;2025-12-16;3;0
1;2025-12-16;4;8
1;2025-12-16;5;133
1;2025-12-16;6;560
1;2025-12-16;7;1515
1;2025-12-16;8;1910
1;2025-12-16;9;1482
1;2025-12-16;10;1318
1;2025-12-16;11;1365
1;2025-12-16;12;1416
1;2025-12-16;13;1434
1;2025-12-16;14;1386
1;2025-12-16;15;1550
1;2025-12-16;16;1533
1;2025-12-16;17;1775
1;2025-12-16;18;1829
1;2025-12-16;19;1369
1;2025-12-16;20;892
1;2025-12-16;21;495
1;2025-12-16;22;224
1;2025-12-16;23;51
1;2025-12-17;0;4
1;2025-12-17;1;0
1;2025-12-17;2;0
1;2025-12-17;3;0
1;2025-12-17;4;8
1;2025-12-17;5;133
1;2025-12-17;6;560
1;2025-12-17;7;1515
1;2025-12-17;8;1910
1;2025-12-17;9;1482
1;2025-12-17;10;1318
1;2025-12-17;11;1365
1;2025-12-17;12;1416
1;2025-12-17;13;1434
1;2025-12-17;14;1386
1;2025-12-17;15;1550
1;2025-12-17;16;1533
1;2025-12-17;17;1775
1;2025-12-17;18;1829
1;2025-12-17;19;1369
1;2025-12-17;20;892
1;2025-12-17;21;495
1;2025-12-17;22;224
1;2025-12-17;23;51
1;2025-12-18;0;4
1;2025-12-18;1;0
1;2025-12-18;2;0
1;2025-12-18;3;0
1;2025-12-18;4;8
1;2025-12-18;5;133
1;2025-12-18;6;560
1;2025-12-18;7;1515
1;2025-12-18;8;1910
1;2025-12-18;9;1482
1;2025-12-18;10;1318
1;2025-12-18;11;1365
1;2025-12-18;12;1416
1;2025-12-18;13;1434
1;2025-12-18;14;1386
1;2025-12-18;15;1550
1;2025-12-18;16;1533
1;2025-12-18;17;1775
1;2025-12-18;18;1829
1;2025-12-18;19;1369
1;2025-12-18;20;892
1;2025-12-18;21;495
1;2025-12-18;22;224
1;2025-12-18;23;51
1;2025-12-19;0;6
1;2025-12-19;1;0
1;2025-12-19;2;0
1;2025-12-19;3;0
1;2025-12-19;4;6
1;2025-12-19;5;134
1;2025-12-19;6;538
1;2025-12-19;7;1523
1;2025-12-19;8;1811
1;2025-12-19;9;1422
1;2025-12-19;10;1271
1;2025-12-19;11;1415
1;2025-12-19;12;1385
1;2025-12-19;13;1435
1;2025-12-19;14;1346
1;2025-12-19;15;1519
1;2025-12-19;16;1599
1;2025-12-19;17;1735
1;2025-12-19;18;1529
1;2025-12-19;19;1198
1;2025-12-19;20;810
1;2025-12-19;21;517
1;2025-12-19;22;233
1;2025-12-19;23;64
1;2025-12-20;0;9
1;2025-12-20;1;0
1;2025-12-20;2;0
1;2025-12-20;3;0
1;2025-12-20;4;0
1;2025-12-20;5;33
1;2025-12-20;6;165
1;2025-12-20;7;342
1;2025-12-20;8;467
1;2025-12-20;9;745
1;2025-12-20;10;871
1;2025-12-20;11;844
1;2025-12-20;12;1053
1;2025-12-20;13;1084
1;2025-12-20;14;1027
1;2025-12-20;15;874
1;2025-12-20;16;784
1;2025-12-20;17;739
1;2025-12-20;18;627
1;2025-12-20;19;551
1;2025-12-20;20;420
1;2025-12-20;21;298
1;2025-12-20;22;135
1;2025-12-20;23;36
1;2025-12-21;0;0
1;2025-12-21;1;0
1;2025-12-21;2;0
1;2025-12-21;3;0
1;2025-12-21;4;0
1;2025-12-21;5;25
1;2025-12-21;6;127
1;2025-12-21;7;244
1;2025-12-21;8;342
1;2025-12-21;9;591
1;2025-12-21;10;700
1;2025-12-21;11;716
1;2025-12-21;12;853
1;2025-12-21;13;904
1;2025-12-21;14;801
1;2025-12-21;15;727
1;2025-12-21;16;659
1;2025-12-21;17;599
1;2025-12-21;18;513
1;2025-12-21;19;428
1;2025-12-21;20;347
1;2025-12-21;21;266
1;2025-12-21;22;110
1;2025-12-21;23;32
1;2025-12-22;0;4
1;2025-12-22;1;0
1;2025-12-22;2;0
1;2025-12-22;3;0
1;2025-12-22;4;8
1;2025-12-22;5;129
1;2025-12-22;6;545
1;2025-12-22;7;1475
1;2025-12-22;8;1859
1;2025-12-22;9;1442
1;2025-12-22;10;1283
1;2025-12-22;11;1328
1;2025-12-22;12;1378
1;2025-12-22;13;1395
1;2025-12-22;14;1349
1;2025-12-22;15;1508
1;2025-12-22;16;1492
1;2025-12-22;17;1727
1;2025-12-22;18;1780
1;2025-12-22;19;1332
1;2025-12-22;20;868
1;2025-12-22;21;482
1;2025-12-22;22;218
1;2025-12-22;23;49
1;2025-12-23;0;4
1;2025-12-23;1;0
1;2025-12-23;2;0
1;2025-12-23;3;0
1;2025-12-23;4;8
1;2025-12-23;5;133
1;2025-12-23;6;560
1;2025-12-23;7;1515
1;2025-12-23;8;1910
1;2025-12-23;9;1482
1;2025-12-23;10;1318
1;2025-12-23;11;1365
1;2025-12-23;12;1416
1;2025-12-23;13;1434
1;2025-12-23;14;1386
1;2025-12-23;15;1550
1;2025-12-23;16;1533
1;2025-12-23;17;1775
1;2025-12-23;18;1829
1;2025-12-23;19;1369
1;2025-12-23;20;892
1;2025-12-23;21;495
1;2025-12-23;22;224
1;2025-12-23;23;51
1;2025-12-24;0;4
1;2025-12-24;1;0
1;2025-12-24;2;0
1;2025-12-24;3;0
1;2025-12-24;4;8
1;2025-12-24;5;133
1;2025-12-24;6;560
1;2025-12-24;7;1515
1;2025-12-24;8;1910
1;2025-12-24;9;1482
1;2025-12-24;10;1318
1;2025-12-24;11;1365
1;2025-12-24;12;1416
1;2025-12-24;13;1434
1;2025-12-24;14;1386
1;2025-12-24;15;1550
1;2025-12-24;16;1533
1;2025-12-24;17;1775
1;2025-12-24;18;1829
1;2025-12-24;19;1369
1;2025-12-24;20;892
1;2025-12-24;21;495
1;2025-12-24;22;224
1;2025-12-24;23;51
1;2025-12-25;0;4
1;2025-12-25;1;0
1;2025-12-25;2;0
1;2025-12-25;3;0
1;2025-12-25;4;8
1;2025-12-25;5;133
1;2025-12-25;6;560
1;2025-12-25;7;1515
1;2025-12-25;8;1910
1;2025-12-25;9;1482
1;2025-12-25;10;1318
1;2025-12-25;11;1365
1;2025-12-25;12;1416
1;2025-12-25;13;1434
1;2025-12-25;14;1386
1;2025-12-25;15;1550
1;2025-12-25;16;1533
1;2025-12-25;17;1775
1;2025-12-25;18;1829
1;2025-12-25;19;1369
1;2025-12-25;20;892
1;2025-12-25;21;495
1;2025-12-25;22;224
1;2025-12-25;23;51
1;2025-12-26;0;6
1;2025-12-26;1;0
1;2025-12-26;2;0
1;2025-12-26;3;0
1;2025-12-26;4;6
1;2025-12-26;5;134
1;2025-12-26;6;538
1;2025-12-26;7;1523
1;2025-12-26;8;1811
1;2025-12-26;9;1422
1;2025-12-26;10;1271
1;2025-12-26;11;1415
1;2025-12-26;12;1385
1;2025-12-26;13;1435
1;2025-12-26;14;1346
1;2025-12-26;15;1519
1;2025-12-26;16;1599
1;2025-12-26;17;1735
1;2025-12-26;18;1529
1;2025-12-26;19;1198
1;2025-12-26;20;810
1;2025-12-26;21;517
1;2025-12-26;22;233
1;2025-12-26;23;64
1;2025-12-27;0;9
1;2025-12-27;1;0
1;2025-12-27;2;0
1;2025-12-27;3;0
1;2025-12-27;4;0
1;2025-12-27;5;33
1;2025-12-27;6;165
1;2025-12-27;7;342
1;2025-12-27;8;467
1;2025-12-27;9;745
1;2025-12-27;10;871
1;2025-12-27;11;844
1;2025-12-27;12;1053
1;2025-12-27;13;1084
1;2025-12-27;14;1027
1;2025-12-27;15;874
1;2025-12-27;16;784
1;2025-12-27;17;739
1;2025-12-27;18;627
1;2025-12-27;19;551
1;2025-12-27;20;420
1;2025-12-27;21;298
1;2025-12-27;22;135
1;2025-12-27;23;36
1;2025-12-28;0;0
1;2025-12-28;1;0
1;2025-12-28;2;0
1;2025-12-28;3;0
1;2025-12-28;4;0
1;2025-12-28;5;25
1;2025-12-28;6;127
1;2025-12-28;7;244
1;2025-12-28;8;342
1;2025-12-28;9;591
1;2025-12-28;10;700
1;2025-12-28;11;716
1;2025-12-28;12;853
1;2025-12-28;13;904
1;2025-12-28;14;801
1;2025-12-28;15;727
1;2025-12-28;16;659
1;2025-12-28;17;599
1;2025-12-28;18;513
1;2025-12-28;19;428
1;2025-12-28;20;347
1;2025-12-28;21;266
1;2025-12-28;22;110
1;2025-12-28;23;32
1;2025-12-29;0;4
1;2025-12-29;1;0
1;2025-12-29;2;0
1;2025-12-29;3;0
1;2025-12-29;4;7
1;2025-12-29;5;116
1;2025-12-29;6;490
1;2025-12-29;7;1327
1;2025-12-29;8;1673
1;2025-12-29;9;1298
1;2025-12-29;10;1155
1;2025-12-29;11;1195
1;2025-12-29;12;1241
1;2025-12-29;13;1256
1;2025-12-29;14;1214
1;2025-12-29;15;1357
1;2025-12-29;16;1342
1;2025-12-29;17;1555
1;2025-12-29;18;1602
1;2025-12-29;19;1199
1;2025-12-29;20;781
1;2025-12-29;21;434
1;2025-12-29;22;196
1;2025-12-29;23;44
1;2025-12-30;0;4
1;2025-12-30;1;0
1;2025-12-30;2;0
1;2025-12-30;3;0
1;2025-12-30;4;7
1;2025-12-30;5;113
1;2025-12-30;6;476
1;2025-12-30;7;1288
1;2025-12-30;8;1624
1;2025-12-30;9;1260
1;2025-12-30;10;1121
1;2025-12-30;11;1160
1;2025-12-30;12;1204
1;2025-12-30;13;1219
1;2025-12-30;14;1178
1;2025-12-30;15;1317
1;2025-12-30;16;1303
1;2025-12-30;17;1509
1;2025-12-30;18;1554
1;2025-12-30;19;1164
1;2025-12-30;20;758
1;2025-12-30;21;421
1;2025-12-30;22;190
1;2025-12-30;23;43
1;2025-12-31;0;8
1;2025-12-31;1;0
1;2025-12-31;2;0
1;2025-12-31;3;0
1;2025-12-31;4;0
1;2025-12-31;5;28
1;2025-12-31;6;141
1;2025-12-31;7;291
1;2025-12-31;8;397
1;2025-12-31;9;633
1;2025-12-31;10;741
1;2025-12-31;11;718
1;2025-12-31;12;895
1;2025-12-31;13;921
1;2025-12-31;14;873
1;2025-12-31;15;743
1;2025-12-31;16;666
1;2025-12-31;17;628
1;2025-12-31;18;533
1;2025-12-31;19;469
1;2025-12-31;20;357
1;2025-12-31;21;254
1;2025-12-31;22;114
1;2025-12-31;23;31
5;2025-11-01;0;0
5;2025-11-01;1;0
5;2025-11-01;2;0
5;2025-11-01;3;0
5;2025-11-01;4;0
5;2025-11-01;5;0
5;2025-11-01;6;0
5;2025-11-01;7;0
5;2025-11-01;8;0
5;2025-11-01;9;0
5;2025-11-01;10;0
5;2025-11-01;11;0
5;2025-11-01;12;0
5;2025-11-01;13;0
5;2025-11-01;14;0
5;2025-11-01;15;0
5;2025-11-01;16;0
5;2025-11-01;17;0
5;2025-11-01;18;0
5;2025-11-01;19;0
5;2025-11-01;20;0
5;2025-11-01;21;0
5;2025-11-01;22;0
5;2025-11-01;23;0
5;2025-11-02;0;0
5;2025-11-02;1;0
5;2025-11-02;2;0
5;2025-11-02;3;0
5;2025-11-02;4;0
5;2025-11-02;5;0
5;2025-11-02;6;0
5;2025-11-02;7;0
5;2025-11-02;8;0
5;2025-11-02;9;0
5;2025-11-02;10;0
5;2025-11-02;11;0
5;2025-11-02;12;0
5;2025-11-02;13;0
5;2025-11-02;14;0
5;2025-11-02;15;0
5;2025-11-02;16;0
5;2025-11-02;17;0
5;2025-11-02;18;0
5;2025-11-02;19;0
5;2025-11-02;20;0
5;2025-11-02;21;0
5;2025-11-02;22;0
5;2025-11-02;23;0
5;2025-11-03;0;0
5;2025-11-03;1;0
5;2025-11-03;2;0
5;2025-11-03;3;0
5;2025-11-03;4;0
5;2025-11-03;5;0
5;2025-11-03;6;0
5;2025-11-03;7;0
5;2025-11-03;8;0
5;2025-11-03;9;0
5;2025-11-03;10;0
5;2025-11-03;11;0
5;2025-11-03;12;0
5;2025-11-03;13;0
5;2025-11-03;14;0
5;2025-11-03;15;0
5;2025-11-03;16;0
5;2025-11-03;17;0
5;2025-11-03;18;0
5;2025-11-03;19;0
5;2025-11-03;20;0
5;2025-11-03;21;0
5;2025-11-03;22;0
5;2025-11-03;23;0
5;2025-11-04;0;0
5;2025-11-04;1;0
5;2025-11-04;2;0
5;2025-11-04;3;0
5;2025-11-04;4;0
5;2025-11-04;5;0
5;2025-11-04;6;0
5;2025-11-04;7;0
5;2025-11-04;8;0
5;2025-11-04;9;0
5;2025-11-04;10;0
5;2025-11-04;11;0
5;2025-11-04;12;0
5;2025-11-04;13;0
5;2025-11-04;14;0
5;2025-11-04;15;0
5;2025-11-04;16;0
5;2025-11-04;17;0
5;2025-11-04;18;0
5;2025-11-04;19;0
5;2025-11-04;20;0
5;2025-11-04;21;0
5;2025-11-04;22;0
5;2025-11-04;23;0
5;2025-11-05;0;0
5;2025-11-05;1;0
5;2025-11-05;2;0
5;2025-11-05;3;0
5;2025-11-05;4;0
5;2025-11-05;5;0
5;2025-11-05;6;0
5;2025-11-05;7;0
5;2025-11-05;8;0
5;2025-11-05;9;0
5;2025-11-05;10;0
5;2025-11-05;11;0
5;2025-11-05;12;0
5;2025-11-05;13;0
5;2025-11-05;14;0
5;2025-11-05;15;0
5;2025-11-05;16;0
5;2025-11-05;17;0
5;2025-11-05;18;0
5;2025-11-05;19;0
5;2025-11-05;20;0
5;2025-11-05;21;0
5;2025-11-05;22;0
5;2025-11-05;23;0
5;2025-11-06;0;0
5;2025-11-06;1;0
5;2025-11-06;2;0
5;2025-11-06;3;0
5;2025-11-06;4;0
5;2025-11-06;5;0
5;2025-11-06;6;0
5;2025-11-06;7;0
5;2025-11-06;8;0
5;2025-11-06;9;0
5;2025-11-06;10;0
5;2025-11-06;11;0
5;2025-11-06;12;0
5;2025-11-06;13;0
5;2025-11-06;14;0
5;2025-11-06;15;0
5;2025-11-06;16;0
5;2025-11-06;17;0
5;2025-11-06;18;0
5;2025-11-06;19;0
5;2025-11-06;20;0
5;2025-11-06;21;0
5;2025-11-06;22;0
5;2025-11-06;23;0
5;2025-11-07;0;0
5;2025-11-07;1;0
5;2025-11-07;2;0
5;2025-11-07;3;0
5;2025-11-07;4;0
5;2025-11-07;5;0
5;2025-11-07;6;0
5;2025-11-07;7;0
5;2025-11-07;8;0
5;2025-11-07;9;0
5;2025-11-07;10;0
5;2025-11-07;11;0
5;2025-11-07;12;0
5;2025-11-07;13;0
5;2025-11-07;14;0
5;2025-11-07;15;0
5;2025-11-07;16;0
5;2025-11-07;17;0
5;2025-11-07;18;0
5;2025-11-07;19;0
5;2025-11-07;20;0
5;2025-11-07;21;0
5;2025-11-07;22;0
5;2025-11-07;23;0
5;2025-11-08;0;0
5;2025-11-08;1;0
5;2025-11-08;2;0
5;2025-11-08;3;0
5;2025-11-08;4;0
5;2025-11-08;5;0
5;2025-11-08;6;0
5;2025-11-08;7;0
5;2025-11-08;8;0
5;2025-11-08;9;0
5;2025-11-08;10;0
5;2025-11-08;11;0
5;2025-11-08;12;0
5;2025-11-08;13;0
5;2025-11-08;14;0
5;2025-11-08;15;0
5;2025-11-08;16;0
5;2025-11-08;17;0
5;2025-11-08;18;0
5;2025-11-08;19;0
5;2025-11-08;20;0
5;2025-11-08;21;0
5;2025-11-08;22;0
5;2025-11-08;23;0
5;2025-11-09;0;0
5;2025-11-09;1;0
5;2025-11-09;2;0
5;2025-11-09;3;0
5;2025-11-09;4;0
5;2025-11-09;5;0
5;2025-11-09;6;0
5;2025-11-09;7;0
5;2025-11-09;8;0
5;2025-11-09;9;0
5;2025-11-09;10;0
5;2025-11-09;11;0
5;2025-11-09;12;0
5;2025-11-09;13;0
5;2025-11-09;14;0
5;2025-11-09;15;0
5;2025-11-09;16;0
5;2025-11-09;17;0
5;2025-11-09;18;0
5;2025-11-09;19;0
5;2025-11-09;20;0
5;2025-11-09;21;0
5;2025-11-09;22;0
5;2025-11-09;23;0
5;2025-11-10;0;0
5;2025-11-10;1;0
5;2025-11-10;2;0
5;2025-11-10;3;0
5;2025-11-10;4;0
5;2025-11-10;5;0
5;2025-11-10;6;0
5;2025-11-10;7;0
5;2025-11-10;8;0
5;2025-11-10;9;0
5;2025-11-10;10;0
5;2025-11-10;11;0
5;2025-11-10;12;0
5;2025-11-10;13;0
5;2025-11-10;14;0
5;2025-11-10;15;0
5;2025-11-10;16;0
5;2025-11-10;17;0
5;2025-11-10;18;0
5;2025-11-10;19;0
5;2025-11-10;20;0
5;2025-11-10;21;0
5;2025-11-10;22;0
5;2025-11-10;23;0
5;2025-11-11;0;0
5;2025-11-11;1;0
5;2025-11-11;2;0
5;2025-11-11;3;0
5;2025-11-11;4;0
5;2025-11-11;5;0
5;2025-11-11;6;0
5;2025-11-11;7;0
5;2025-11-11;8;0
5;2025-11-11;9;0
5;2025-11-11;10;0
5;2025-11-11;11;0
5;2025-11-11;12;0
5;2025-11-11;13;0
5;2025-11-11;14;0
5;2025-11-11;15;0
5;2025-11-11;16;0
5;2025-11-11;17;0
5;2025-11-11;18;0
5;2025-11-11;19;0
5;2025-11-11;20;0
5;2025-11-11;21;0
5;2025-11-11;22;0
5;2025-11-11;23;0
5;2025-11-12;0;0
5;2025-11-12;1;0
5;2025-11-12;2;0
5;2025-11-12;3;0
5;2025-11-12;4;0
5;2025-11-12;5;0
5;2025-11-12;6;0
5;2025-11-12;7;0
5;2025-11-12;8;0
5;2025-11-12;9;0
5;2025-11-12;10;0
5;2025-11-12;11;0
5;2025-11-12;12;0
5;2025-11-12;13;0
5;2025-11-12;14;0
5;2025-11-12;15;0
5;2025-11-12;16;0
5;2025-11-12;17;0
5;2025-11-12;18;0
5;2025-11-12;19;0
5;2025-11-12;20;0
5;2025-11-12;21;0
5;2025-11-12;22;0
5;2025-11-12;23;0
5;2025-11-13;0;0
5;2025-11-13;1;0
5;2025-11-13;2;0
5;2025-11-13;3;0
5;2025-11-13;4;0
5;2025-11-13;5;0
5;2025-11-13;6;0
5;2025-11-13;7;0
5;2025-11-13;8;0
5;2025-11-13;9;0
5;2025-11-13;10;0
5;2025-11-13;11;0
5;2025-11-13;12;0
5;2025-11-13;13;0
5;2025-11-13;14;0
5;2025-11-13;15;0
5;2025-11-13;16;0
5;2025-11-13;17;0
5;2025-11-13;18;0
5;2025-11-13;19;0
5;2025-11-13;20;0
5;2025-11-13;21;0
5;2025-11-13;22;0
5;2025-11-13;23;0
5;2025-11-14;0;0
5;2025-11-14;1;0
5;2025-11-14;2;0
5;2025-11-14;3;0
5;2025-11-14;4;0
5;2025-11-14;5;0
5;2025-11-14;6;0
5;2025-11-14;7;0
5;2025-11-14;8;0
5;2025-11-14;9;0
5;2025-11-14;10;0
5;2025-11-14;11;0
5;2025-11-14;12;0
5;2025-11-14;13;0
5;2025-11-14;14;0
5;2025-11-14;15;0
5;2025-11-14;16;0
5;2025-11-14;17;0
5;2025-11-14;18;0
5;2025-11-14;19;0
5;2025-11-14;20;0
5;2025-11-14;21;0
5;2025-11-14;22;0
5;2025-11-14;23;0
5;2025-11-15;0;0
5;2025-11-15;1;0
5;2025-11-15;2;0
5;2025-11-15;3;0
5;2025-11-15;4;0
5;2025-11-15;5;0
5;2025-11-15;6;0
5;2025-11-15;7;0
5;2025-11-15;8;0
5;2025-11-15;9;0
5;2025-11-15;10;0
5;2025-11-15;11;0
5;2025-11-15;12;0
5;2025-11-15;13;0
5;2025-11-15;14;0
5;2025-11-15;15;0
5;2025-11-15;16;0
5;2025-11-15;17;0
5;2025-11-15;18;0
5;2025-11-15;19;0
5;2025-11-15;20;0
5;2025-11-15;21;0
5;2025-11-15;22;0
5;2025-11-15;23;0
5;2025-11-16;0;0
5;2025-11-16;1;0
5;2025-11-16;2;0
5;2025-11-16;3;0
5;2025-11-16;4;0
5;2025-11-16;5;0
5;2025-11-16;6;0
5;2025-11-16;7;0
5;2025-11-16;8;0
5;2025-11-16;9;0
5;2025-11-16;10;0
5;2025-11-16;11;0
5;2025-11-16;12;0
5;2025-11-16;13;0
5;2025-11-16;14;0
5;2025-11-16;15;0
5;2025-11-16;16;0
5;2025-11-16;17;0
5;2025-11-16;18;0
5;2025-11-16;19;0
5;2025-11-16;20;0
5;2025-11-16;21;0
5;2025-11-16;22;0
5;2025-11-16;23;0
5;2025-11-17;0;0
5;2025-11-17;1;0
5;2025-11-17;2;0
5;2025-11-17;3;0
5;2025-11-17;4;0
5;2025-11-17;5;0
5;2025-11-17;6;0
5;2025-11-17;7;0
5;2025-11-17;8;0
5;2025-11-17;9;0
5;2025-11-17;10;0
5;2025-11-17;11;0
5;2025-11-17;12;0
5;2025-11-17;13;0
5;2025-11-17;14;0
5;2025-11-17;15;0
5;2025-11-17;16;0
5;2025-11-17;17;0
5;2025-11-17;18;0
5;2025-11-17;19;0
5;2025-11-17;20;0
5;2025-11-17;21;0
5;2025-11-17;22;0
5;2025-11-17;23;0
5;2025-11-18;0;0
5;2025-11-18;1;0
5;2025-11-18;2;0
5;2025-11-18;3;0
5;2025-11-18;4;0
5;2025-11-18;5;0
5;2025-11-18;6;0
5;2025-11-18;7;0
5;2025-11-18;8;0
5;2025-11-18;9;0
5;2025-11-18;10;0
5;2025-11-18;11;0
5;2025-11-18;12;0
5;2025-11-18;13;0
5;2025-11-18;14;0
5;2025-11-18;15;0
5;2025-11-18;16;0
5;2025-11-18;17;0
5;2025-11-18;18;0
5;2025-11-18;19;0
5;2025-11-18;20;0
5;2025-11-18;21;0
5;2025-11-18;22;0
5;2025-11-18;23;0
5;2025-11-19;0;0
5;2025-11-19;1;0
5;2025-11-19;2;0
5;2025-11-19;3;0
5;2025-11-19;4;0
5;2025-11-19;5;0
5;2025-11-19;6;0
5;2025-11-19;7;0
5;2025-11-19;8;0
5;2025-11-19;9;0
5;2025-11-19;10;0
5;2025-11-19;11;0
5;2025-11-19;12;0
5;2025-11-19;13;0
5;2025-11-19;14;0
5;2025-11-19;15;0
5;2025-11-19;16;0
5;2025-11-19;17;0
5;2025-11-19;18;0
5;2025-11-19;19;0
5;2025-11-19;20;0
5;2025-11-19;21;0
5;2025-11-19;22;0
5;2025-11-19;23;0
5;2025-11-20;0;0
5;2025-11-20;1;0
5;2025-11-20;2;0
5;2025-11-20;3;0
5;2025-11-20;4;0
5;2025-11-20;5;0
5;2025-11-20;6;0
5;2025-11-20;7;0
5;2025-11-20;8;0
5;2025-11-20;9;0
5;2025-11-20;10;0
5;2025-11-20;11;0
5;2025-11-20;12;0
5;2025-11-20;13;0
5;2025-11-20;14;0
5;2025-11-20;15;0
5;2025-11-20;16;0
5;2025-11-20;17;0
5;2025-11-20;18;0
5;2025-11-20;19;0
5;2025-11-20;20;0
5;2025-11-20;21;0
5;2025-11-20;22;0
5;2025-11-20;23;0
5;2025-11-21;0;0
5;2025-11-21;1;0
5;2025-11-21;2;0
5;2025-11-21;3;0
5;2025-11-21;4;0
5;2025-11-21;5;0
5;2025-11-21;6;0
5;2025-11-21;7;0
5;2025-11-21;8;0
5;2025-11-21;9;0
5;2025-11-21;10;0
5;2025-11-21;11;0
5;2025-11-21;12;0
5;2025-11-21;13;0
5;2025-11-21;14;0
5;2025-11-21;15;0
5;2025-11-21;16;0
5;2025-11-21;17;0
5;2025-11-21;18;0
5;2025-11-21;19;0
5;2025-11-21;20;0
5;2025-11-21;21;0
5;2025-11-21;22;0
5;2025-11-21;23;0
5;2025-11-22;0;0
5;2025-11-22;1;0
5;2025-11-22;2;0
5;2025-11-22;3;0
5;2025-11-22;4;0
5;2025-11-22;5;0
5;2025-11-22;6;0
5;2025-11-22;7;0
5;2025-11-22;8;0
5;2025-11-22;9;0
5;2025-11-22;10;0
5;2025-11-22;11;0
5;2025-11-22;12;0
5;2025-11-22;13;0
5;2025-11-22;14;0
5;2025-11-22;15;0
5;2025-11-22;16;0
5;2025-11-22;17;0
5;2025-11-22;18;0
5;2025-11-22;19;0
5;2025-11-22;20;0
5;2025-11-22;21;0
5;2025-11-22;22;0
5;2025-11-22;23;0
5;2025-11-23;0;0
5;2025-11-23;1;0
5;2025-11-23;2;0
5;2025-11-23;3;0
5;2025-11-23;4;0
5;2025-11-23;5;0
5;2025-11-23;6;0
5;2025-11-23;7;0
5;2025-11-23;8;0
5;2025-11-23;9;0
5;2025-11-23;10;0
5;2025-11-23;11;0
5;2025-11-23;12;0
5;2025-11-23;13;0
5;2025-11-23;14;0
5;2025-11-23;15;0
5;2025-11-23;16;0
5;2025-11-23;17;0
5;2025-11-23;18;0
5;2025-11-23;19;0
5;2025-11-23;20;0
5;2025-11-23;21;0
5;2025-11-23;22;0
5;2025-11-23;23;0
5;2025-11-24;0;0
5;2025-11-24;1;0
5;2025-11-24;2;0
5;2025-11-24;3;0
5;2025-11-24;4;0
5;2025-11-24;5;0
5;2025-11-24;6;0
5;2025-11-24;7;0
5;2025-11-24;8;0
5;2025-11-24;9;0
5;2025-11-24;10;0
5;2025-11-24;11;0
5;2025-11-24;12;0
5;2025-11-24;13;0
5;2025-11-24;14;0
5;2025-11-24;15;0
5;2025-11-24;16;0
5;2025-11-24;17;0
5;2025-11-24;18;0
5;2025-11-24;19;0
5;2025-11-24;20;0
5;2025-11-24;21;0
5;2025-11-24;22;0
5;2025-11-24;23;0
5;2025-11-25;0;0
5;2025-11-25;1;0
5;2025-11-25;2;0
5;2025-11-25;3;0
5;2025-11-25;4;0
5;2025-11-25;5;0
5;2025-11-25;6;0
5;2025-11-25;7;0
5;2025-11-25;8;0
5;2025-11-25;9;0
5;2025-11-25;10;0
5;2025-11-25;11;0
5;2025-11-25;12;0
5;2025-11-25;13;0
5;2025-11-25;14;0
5;2025-11-25;15;0
5;2025-11-25;16;0
5;2025-11-25;17;0
5;2025-11-25;18;0
5;2025-11-25;19;0
5;2025-11-25;20;0
5;2025-11-25;21;0
5;2025-11-25;22;0
5;2025-11-25;23;0
5;2025-11-26;0;0
5;2025-11-26;1;0
5;2025-11-26;2;0
5;2025-11-26;3;0
5;2025-11-26;4;0
5;2025-11-26;5;0
5;2025-11-26;6;0
5;2025-11-26;7;0
5;2025-11-26;8;0
5;2025-11-26;9;0
5;2025-11-26;10;0
5;2025-11-26;11;0
5;2025-11-26;12;0
5;2025-11-26;13;0
5;2025-11-26;14;0
5;2025-11-26;15;0
5;2025-11-26;16;0
5;2025-11-26;17;0
5;2025-11-26;18;0
5;2025-11-26;19;0
5;2025-11-26;20;0
5;2025-11-26;21;0
5;2025-11-26;22;0
5;2025-11-26;23;0
5;2025-11-27;0;0
5;2025-11-27;1;0
5;2025-11-27;2;0
5;2025-11-27;3;0
5;2025-11-27;4;0
5;2025-11-27;5;0
5;2025-11-27;6;0
5;2025-11-27;7;0
5;2025-11-27;8;0
5;2025-11-27;9;0
5;2025-11-27;10;0
5;2025-11-27;11;0
5;2025-11-27;12;0
5;2025-11-27;13;0
5;2025-11-27;14;0
5;2025-11-27;15;0
5;2025-11-27;16;0
5;2025-11-27;17;0
5;2025-11-27;18;0
5;2025-11-27;19;0
5;2025-11-27;20;0
5;2025-11-27;21;0
5;2025-11-27;22;0
5;2025-11-27;23;0
5;2025-11-28;0;0
5;2025-11-28;1;0
5;2025-11-28;2;0
5;2025-11-28;3;0
5;2025-11-28;4;0
5;2025-11-28;5;0
5;2025-11-28;6;0
5;2025-11-28;7;0
5;2025-11-28;8;0
5;2025-11-28;9;0
5;2025-11-28;10;0
5;2025-11-28;11;0
5;2025-11-28;12;0
5;2025-11-28;13;0
5;2025-11-28;14;0
5;2025-11-28;15;0
5;2025-11-28;16;0
5;2025-11-28;17;0
5;2025-11-28;18;0
5;2025-11-28;19;0
5;2025-11-28;20;0
5;2025-11-28;21;0
5;2025-11-28;22;0
5;2025-11-28;23;0
5;2025-11-29;0;0
5;2025-11-29;1;0
5;2025-11-29;2;0
5;2025-11-29;3;0
5;2025-11-29;4;0
5;2025-11-29;5;0
5;2025-11-29;6;0
5;2025-11-29;7;0
5;2025-11-29;8;0
5;2025-11-29;9;0
5;2025-11-29;10;0
5;2025-11-29;11;0
5;2025-11-29;12;0
5;2025-11-29;13;0
5;2025-11-29;14;0
5;2025-11-29;15;0
5;2025-11-29;16;0
5;2025-11-29;17;0
5;2025-11-29;18;0
5;2025-11-29;19;0
5;2025-11-29;20;0
5;2025-11-29;21;0
5;2025-11-29;22;0
5;2025-11-29;23;0
5;2025-11-30;0;0
5;2025-11-30;1;0
5;2025-11-30;2;0
5;2025-11-30;3;0
5;2025-11-30;4;0
5;2025-11-30;5;0
5;2025-11-30;6;0
5;2025-11-30;7;0
5;2025-11-30;8;0
5;2025-11-30;9;0
5;2025-11-30;10;0
5;2025-11-30;11;0
5;2025-11-30;12;0
5;2025-11-30;13;0
5;2025-11-30;14;0
5;2025-11-30;15;0
5;2025-11-30;16;0
5;2025-11-30;17;0
5;2025-11-30;18;0
5;2025-11-30;19;0
5;2025-11-30;20;0
5;2025-11-30;21;0
5;2025-11-30;22;0
5;2025-11-30;23;0
5;2025-12-01;0;0
5;2025-12-01;1;0
5;2025-12-01;2;0
5;2025-12-01;3;0
5;2025-12-01;4;0
5;2025-12-01;5;0
5;2025-12-01;6;0
5;2025-12-01;7;0
5;2025-12-01;8;0
5;2025-12-01;9;0
5;2025-12-01;10;0
5;2025-12-01;11;0
5;2025-12-01;12;0
5;2025-12-01;13;0
5;2025-12-01;14;0
5;2025-12-01;15;0
5;2025-12-01;16;0
5;2025-12-01;17;0
5;2025-12-01;18;0
5;2025-12-01;19;0
5;2025-12-01;20;0
5;2025-12-01;21;0
5;2025-12-01;22;0
5;2025-12-01;23;0
5;2025-12-02;0;0
5;2025-12-02;1;0
5;2025-12-02;2;0
5;2025-12-02;3;0
5;2025-12-02;4;0
5;2025-12-02;5;0
5;2025-12-02;6;0
5;2025-12-02;7;0
5;2025-12-02;8;0
5;2025-12-02;9;0
5;2025-12-02;10;0
5;2025-12-02;11;0
5;2025-12-02;12;0
5;2025-12-02;13;0
5;2025-12-02;14;0
5;2025-12-02;15;0
5;2025-12-02;16;0
5;2025-12-02;17;0
5;2025-12-02;18;0
5;2025-12-02;19;0
5;2025-12-02;20;0
5;2025-12-02;21;0
5;2025-12-02;22;0
5;2025-12-02;23;0
5;2025-12-03;0;0
5;2025-12-03;1;0
5;2025-12-03;2;0
5;2025-12-03;3;0
5;2025-12-03;4;0
5;2025-12-03;5;0
5;2025-12-03;6;0
5;2025-12-03;7;0
5;2025-12-03;8;0
5;2025-12-03;9;0
5;2025-12-03;10;0
5;2025-12-03;11;0
5;2025-12-03;12;0
5;2025-12-03;13;0
5;2025-12-03;14;0
5;2025-12-03;15;0
5;2025-12-03;16;0
5;2025-12-03;17;0
5;2025-12-03;18;0
5;2025-12-03;19;0
5;2025-12-03;20;0
5;2025-12-03;21;0
5;2025-12-03;22;0
5;2025-12-03;23;0
5;2025-12-04;0;0
5;2025-12-04;1;0
5;2025-12-04;2;0
5;2025-12-04;3;0
5;2025-12-04;4;0
5;2025-12-04;5;0
5;2025-12-04;6;0
5;2025-12-04;7;0
5;2025-12-04;8;0
5;2025-12-04;9;0
5;2025-12-04;10;0
5;2025-12-04;11;0
5;2025-12-04;12;0
5;2025-12-04;13;0
5;2025-12-04;14;0
5;2025-12-04;15;0
5;2025-12-04;16;0
5;2025-12-04;17;0
5;2025-12-04;18;0
5;2025-12-04;19;0
5;2025-12-04;20;0
5;2025-12-04;21;0
5;2025-12-04;22;0
5;2025-12-04;23;0
5;2025-12-05;0;0
5;2025-12-05;1;0
5;2025-12-05;2;0
5;2025-12-05;3;0
5;2025-12-05;4;0
5;2025-12-05;5;0
5;2025-12-05;6;0
5;2025-12-05;7;0
5;2025-12-05;8;0
5;2025-12-05;9;0
5;2025-12-05;10;0
5;2025-12-05;11;0
5;2025-12-05;12;0
5;2025-12-05;13;0
5;2025-12-05;14;0
5;2025-12-05;15;0
5;2025-12-05;16;0
5;2025-12-05;17;0
5;2025-12-05;18;0
5;2025-12-05;19;0
5;2025-12-05;20;0
5;2025-12-05;21;0
5;2025-12-05;22;0
5;2025-12-05;23;0
5;2025-12-06;0;0
5;2025-12-06;1;0
5;2025-12-06;2;0
5;2025-12-06;3;0
5;2025-12-06;4;0
5;2025-12-06;5;0
5;2025-12-06;6;0
5;2025-12-06;7;0
5;2025-12-06;8;0
5;2025-12-06;9;0
5;2025-12-06;10;0
5;2025-12-06;11;0
5;2025-12-06;12;0
5;2025-12-06;13;0
5;2025-12-06;14;0
5;2025-12-06;15;0
5;2025-12-06;16;0
5;2025-12-06;17;0
5;2025-12-06;18;0
5;2025-12-06;19;0
5;2025-12-06;20;0
5;2025-12-06;21;0
5;2025-12-06;22;0
5;2025-12-06;23;0
5;2025-12-07;0;0
5;2025-12-07;1;0
5;2025-12-07;2;0
5;2025-12-07;3;0
5;2025-12-07;4;0
5;2025-12-07;5;0
5;2025-12-07;6;0
5;2025-12-07;7;0
5;2025-12-07;8;0
5;2025-12-07;9;0
5;2025-12-07;10;0
5;2025-12-07;11;0
5;2025-12-07;12;0
5;2025-12-07;13;0
5;2025-12-07;14;0
5;2025-12-07;15;0
5;2025-12-07;16;0
5;2025-12-07;17;0
5;2025-12-07;18;0
5;2025-12-07;19;0
5;2025-12-07;20;0
5;2025-12-07;21;0
5;2025-12-07;22;0
5;2025-12-07;23;0
5;2025-12-08;0;0
5;2025-12-08;1;0
5;2025-12-08;2;0
5;2025-12-08;3;0
5;2025-12-08;4;0
5;2025-12-08;5;0
5;2025-12-08;6;0
5;2025-12-08;7;0
5;2025-12-08;8;0
5;2025-12-08;9;0
5;2025-12-08;10;0
5;2025-12-08;11;0
5;2025-12-08;12;0
5;2025-12-08;13;0
5;2025-12-08;14;0
5;2025-12-08;15;0
5;2025-12-08;16;0
5;2025-12-08;17;0
5;2025-12-08;18;0
5;2025-12-08;19;0
5;2025-12-08;20;0
5;2025-12-08;21;0
5;2025-12-08;22;0
5;2025-12-08;23;0
5;2025-12-09;0;0
5;2025-12-09;1;0
5;2025-12-09;2;0
5;2025-12-09;3;0
5;2025-12-09;4;0
5;2025-12-09;5;0
5;2025-12-09;6;0
5;2025-12-09;7;0
5;2025-12-09;8;0
5;2025-12-09;9;0
5;2025-12-09;10;0
5;2025-12-09;11;0
5;2025-12-09;12;0
5;2025-12-09;13;0
5;2025-12-09;14;0
5;2025-12-09;15;0
5;2025-12-09;16;0
5;2025-12-09;17;0
5;2025-12-09;18;0
5;2025-12-09;19;0
5;2025-12-09;20;0
5;2025-12-09;21;0
5;2025-12-09;22;0
5;2025-12-09;23;0
5;2025-12-10;0;0
5;2025-12-10;1;0
5;2025-12-10;2;0
5;2025-12-10;3;0
5;2025-12-10;4;0
5;2025-12-10;5;0
5;2025-12-10;6;0
5;2025-12-10;7;0
5;2025-12-10;8;0
5;2025-12-10;9;0
5;2025-12-10;10;0
5;2025-12-10;11;0
5;2025-12-10;12;0
5;2025-12-10;13;0
5;2025-12-10;14;0
5;2025-12-10;15;0
5;2025-12-10;16;0
5;2025-12-10;17;0
5;2025-12-10;18;0
5;2025-12-10;19;0
5;2025-12-10;20;0
5;2025-12-10;21;0
5;2025-12-10;22;0
5;2025-12-10;23;0
5;2025-12-11;0;0
5;2025-12-11;1;0
5;2025-12-11;2;0
5;2025-12-11;3;0
5;2025-12-11;4;0
5;2025-12-11;5;0
5;2025-12-11;6;0
5;2025-12-11;7;0
5;2025-12-11;8;0
5;2025-12-11;9;0
5;2025-12-11;10;0
5;2025-12-11;11;0
5;2025-12-11;12;0
5;2025-12-11;13;0
5;2025-12-11;14;0
5;2025-12-11;15;0
5;2025-12-11;16;0
5;2025-12-11;17;0
5;2025-12-11;18;0
5;2025-12-11;19;0
5;2025-12-11;20;0
5;2025-12-11;21;0
5;2025-12-11;22;0
5;2025-12-11;23;0
5;2025-12-12;0;0
5;2025-12-12;1;0
5;2025-12-12;2;0
5;2025-12-12;3;0
5;2025-12-12;4;0
5;2025-12-12;5;0
5;2025-12-12;6;0
5;2025-12-12;7;0
5;2025-12-12;8;0
5;2025-12-12;9;0
5;2025-12-12;10;0
5;2025-12-12;11;0
5;2025-12-12;12;0
5;2025-12-12;13;0
5;2025-12-12;14;0
5;2025-12-12;15;0
5;2025-12-12;16;0
5;2025-12-12;17;0
5;2025-12-12;18;0
5;2025-12-12;19;0
5;2025-12-12;20;0
5;2025-12-12;21;0
5;2025-12-12;22;0
5;2025-12-12;23;0
5;2025-12-13;0;0
5;2025-12-13;1;0
5;2025-12-13;2;0
5;2025-12-13;3;0
5;2025-12-13;4;0
5;2025-12-13;5;0
5;2025-12-13;6;0
5;2025-12-13;7;0
5;2025-12-13;8;0
5;2025-12-13;9;0
5;2025-12-13;10;0
5;2025-12-13;11;0
5;2025-12-13;12;0
5;2025-12-13;13;0
5;2025-12-13;14;0
5;2025-12-13;15;0
5;2025-12-13;16;0
5;2025-12-13;17;0
5;2025-12-13;18;0
5;2025-12-13;19;0
5;2025-12-13;20;0
5;2025-12-13;21;0
5;2025-12-13;22;0
5;2025-12-13;23;0
5;2025-12-14;0;0
5;2025-12-14;1;0
5;2025-12-14;2;0
5;2025-12-14;3;0
5;2025-12-14;4;0
5;2025-12-14;5;0
5;2025-12-14;6;0
5;2025-12-14;7;0
5;2025-12-14;8;0
5;2025-12-14;9;0
5;2025-12-14;10;0
5;2025-12-14;11;0
5;2025-12-14;12;0
5;2025-12-14;13;0
5;2025-12-14;14;0
5;2025-12-14;15;0
5;2025-12-14;16;0
5;2025-12-14;17;0
5;2025-12-14;18;0
5;2025-12-14;19;0
5;2025-12-14;20;0
5;2025-12-14;21;0
5;2025-12-14;22;0
5;2025-12-14;23;0
5;2025-12-15;0;0
5;2025-12-15;1;0
5;2025-12-15;2;0
5;2025-12-15;3;0
5;2025-12-15;4;0
5;2025-12-15;5;0
5;2025-12-15;6;0
5;2025-12-15;7;0
5;2025-12-15;8;0
5;2025-12-15;9;0
5;2025-12-15;10;0
5;2025-12-15;11;0
5;2025-12-15;12;0
5;2025-12-15;13;0
5;2025-12-15;14;0
5;2025-12-15;15;0
5;2025-12-15;16;0
5;2025-12-15;17;0
5;2025-12-15;18;0
5;2025-12-15;19;0
5;2025-12-15;20;0
5;2025-12-15;21;0
5;2025-12-15;22;0
5;2025-12-15;23;0
5;2025-12-16;0;8
5;2025-12-16;1;1
5;2025-12-16;2;0
5;2025-12-16;3;0
5;2025-12-16;4;0
5;2025-12-16;5;26
5;2025-12-16;6;98
5;2025-12-16;7;220
5;2025-12-16;8;334
5;2025-12-16;9;256
5;2025-12-16;10;215
5;2025-12-16;11;188
5;2025-12-16;12;198
5;2025-12-16;13;195
5;2025-12-16;14;209
5;2025-12-16;15;228
5;2025-12-16;16;244
5;2025-12-16;17;314
5;2025-12-16;18;347
5;2025-12-16;19;234
5;2025-12-16;20;140
5;2025-12-16;21;83
5;2025-12-16;22;39
5;2025-12-16;23;23
5;2025-12-17;0;13
5;2025-12-17;1;2
5;2025-12-17;2;0
5;2025-12-17;3;0
5;2025-12-17;4;0
5;2025-12-17;5;43
5;2025-12-17;6;164
5;2025-12-17;7;366
5;2025-12-17;8;556
5;2025-12-17;9;426
5;2025-12-17;10;358
5;2025-12-17;11;313
5;2025-12-17;12;330
5;2025-12-17;13;326
5;2025-12-17;14;349
5;2025-12-17;15;381
5;2025-12-17;16;407
5;2025-12-17;17;523
5;2025-12-17;18;578
5;2025-12-17;19;390
5;2025-12-17;20;233
5;2025-12-17;21;138
5;2025-12-17;22;66
5;2025-12-17;23;39
5;2025-12-18;0;13
5;2025-12-18;1;2
5;2025-12-18;2;0
5;2025-12-18;3;0
5;2025-12-18;4;0
5;2025-12-18;5;43
5;2025-12-18;6;164
5;2025-12-18;7;366
5;2025-12-18;8;556
5;2025-12-18;9;426
5;2025-12-18;10;358
5;2025-12-18;11;313
5;2025-12-18;12;330
5;2025-12-18;13;326
5;2025-12-18;14;349
5;2025-12-18;15;381
5;2025-12-18;16;407
5;2025-12-18;17;523
5;2025-12-18;18;578
5;2025-12-18;19;390
5;2025-12-18;20;233
5;2025-12-18;21;138
5;2025-12-18;22;66
5;2025-12-18;23;39
5;2025-12-19;0;14
5;2025-12-19;1;2
5;2025-12-19;2;0
5;2025-12-19;3;0
5;2025-12-19;4;0
5;2025-12-19;5;42
5;2025-12-19;6;154
5;2025-12-19;7;354
5;2025-12-19;8;517
5;2025-12-19;9;404
5;2025-12-19;10;360
5;2025-12-19;11;339
5;2025-12-19;12;347
5;2025-12-19;13;370
5;2025-12-19;14;385
5;2025-12-19;15;408
5;2025-12-19;16;482
5;2025-12-19;17;518
5;2025-12-19;18;470
5;2025-12-19;19;345
5;2025-12-19;20;226
5;2025-12-19;21;139
5;2025-12-19;22;75
5;2025-12-19;23;49
5;2025-12-20;0;19
5;2025-12-20;1;6
5;2025-12-20;2;0
5;2025-12-20;3;0
5;2025-12-20;4;0
5;2025-12-20;5;11
5;2025-12-20;6;66
5;2025-12-20;7;100
5;2025-12-20;8;164
5;2025-12-20;9;199
5;2025-12-20;10;208
5;2025-12-20;11;263
5;2025-12-20;12;298
5;2025-12-20;13;291
5;2025-12-20;14;312
5;2025-12-20;15;278
5;2025-12-20;16;272
5;2025-12-20;17;259
5;2025-12-20;18;243
5;2025-12-20;19;232
5;2025-12-20;20;183
5;2025-12-20;21;137
5;2025-12-20;22;73
5;2025-12-20;23;47
5;2025-12-21;0;21
5;2025-12-21;1;5
5;2025-12-21;2;0
5;2025-12-21;3;0
5;2025-12-21;4;0
5;2025-12-21;5;9
5;2025-12-21;6;49
5;2025-12-21;7;69
5;2025-12-21;8;114
5;2025-12-21;9;142
5;2025-12-21;10;169
5;2025-12-21;11;222
5;2025-12-21;12;246
5;2025-12-21;13;259
5;2025-12-21;14;271
5;2025-12-21;15;259
5;2025-12-21;16;243
5;2025-12-21;17;244
5;2025-12-21;18;204
5;2025-12-21;19;172
5;2025-12-21;20;150
5;2025-12-21;21;114
5;2025-12-21;22;64
5;2025-12-21;23;35
5;2025-12-22;0;13
5;2025-12-22;1;2
5;2025-12-22;2;0
5;2025-12-22;3;0
5;2025-12-22;4;0
5;2025-12-22;5;43
5;2025-12-22;6;164
5;2025-12-22;7;366
5;2025-12-22;8;556
5;2025-12-22;9;426
5;2025-12-22;10;358
5;2025-12-22;11;313
5;2025-12-22;12;330
5;2025-12-22;13;326
5;2025-12-22;14;349
5;2025-12-22;15;381
5;2025-12-22;16;407
5;2025-12-22;17;523
5;2025-12-22;18;578
5;2025-12-22;19;390
5;2025-12-22;20;233
5;2025-12-22;21;138
5;2025-12-22;22;66
5;2025-12-22;23;39
5;2025-12-23;0;13
5;2025-12-23;1;2
5;2025-12-23;2;0
5;2025-12-23;3;0
5;2025-12-23;4;0
5;2025-12-23;5;43
5;2025-12-23;6;164
5;2025-12-23;7;366
5;2025-12-23;8;556
5;2025-12-23;9;426
5;2025-12-23;10;358
5;2025-12-23;11;313
5;2025-12-23;12;330
5;2025-12-23;13;326
5;2025-12-23;14;349
5;2025-12-23;15;381
5;2025-12-23;16;407
5;2025-12-23;17;523
5;2025-12-23;18;578
5;2025-12-23;19;390
5;2025-12-23;20;233
5;2025-12-23;21;138
5;2025-12-23;22;66
5;2025-12-23;23;39
5;2025-12-24;0;13
5;2025-12-24;1;2
5;2025-12-24;2;0
5;2025-12-24;3;0
5;2025-12-24;4;0
5;2025-12-24;5;43
5;2025-12-24;6;164
5;2025-12-24;7;366
5;2025-12-24;8;556
5;2025-12-24;9;426
5;2025-12-24;10;358
5;2025-12-24;11;313
5;2025-12-24;12;330
5;2025-12-24;13;326
5;2025-12-24;14;349
5;2025-12-24;15;381
5;2025-12-24;16;407
5;2025-12-24;17;523
5;2025-12-24;18;578
5;2025-12-24;19;390
5;2025-12-24;20;233
5;2025-12-24;21;138
5;2025-12-24;22;66
5;2025-12-24;23;39
5;2025-12-25;0;13
5;2025-12-25;1;2
5;2025-12-25;2;0
5;2025-12-25;3;0
5;2025-12-25;4;0
5;2025-12-25;5;43
5;2025-12-25;6;164
5;2025-12-25;7;366
5;2025-12-25;8;556
5;2025-12-25;9;426
5;2025-12-25;10;358
5;2025-12-25;11;313
5;2025-12-25;12;330
5;2025-12-25;13;326
5;2025-12-25;14;349
5;2025-12-25;15;381
5;2025-12-25;16;407
5;2025-12-25;17;523
5;2025-12-25;18;578
5;2025-12-25;19;390
5;2025-12-25;20;233
5;2025-12-25;21;138
5;2025-12-25;22;66
5;2025-12-25;23;39
5;2025-12-26;0;14
5;2025-12-26;1;2
5;2025-12-26;2;0
5;2025-12-26;3;0
5;2025-12-26;4;0
5;2025-12-26;5;42
5;2025-12-26;6;154
5;2025-12-26;7;354
5;2025-12-26;8;517
5;2025-12-26;9;404
5;2025-12-26;10;360
5;2025-12-26;11;339
5;2025-12-26;12;347
5;2025-12-26;13;370
5;2025-12-26;14;385
5;2025-12-26;15;408
5;2025-12-26;16;482
5;2025-12-26;17;518
5;2025-12-26;18;470
5;2025-12-26;19;345
5;2025-12-26;20;226
5;2025-12-26;21;139
5;2025-12-26;22;75
5;2025-12-26;23;49
5;2025-12-27;0;19
5;2025-12-27;1;6
5;2025-12-27;2;0
5;2025-12-27;3;0
5;2025-12-27;4;0
5;2025-12-27;5;11
5;2025-12-27;6;66
5;2025-12-27;7;100
5;2025-12-27;8;164
5;2025-12-27;9;199
5;2025-12-27;10;208
5;2025-12-27;11;263
5;2025-12-27;12;298
5;2025-12-27;13;291
5;2025-12-27;14;312
5;2025-12-27;15;278
5;2025-12-27;16;272
5;2025-12-27;17;259
5;2025-12-27;18;243
5;2025-12-27;19;232
5;2025-12-27;20;183
5;2025-12-27;21;137
5;2025-12-27;22;73
5;2025-12-27;23;47
5;2025-12-28;0;21
5;2025-12-28;1;5
5;2025-12-28;2;0
5;2025-12-28;3;0
5;2025-12-28;4;0
5;2025-12-28;5;9
5;2025-12-28;6;49
5;2025-12-28;7;69
5;2025-12-28;8;114
5;2025-12-28;9;142
5;2025-12-28;10;169
5;2025-12-28;11;222
5;2025-12-28;12;246
5;2025-12-28;13;259
5;2025-12-28;14;271
5;2025-12-28;15;259
5;2025-12-28;16;243
5;2025-12-28;17;244
5;2025-12-28;18;204
5;2025-12-28;19;172
5;2025-12-28;20;150
5;2025-12-28;21;114
5;2025-12-28;22;64
5;2025-12-28;23;35
5;2025-12-29;0;12
5;2025-12-29;1;2
5;2025-12-29;2;0
5;2025-12-29;3;0
5;2025-12-29;4;0
5;2025-12-29;5;39
5;2025-12-29;6;147
5;2025-12-29;7;330
5;2025-12-29;8;500
5;2025-12-29;9;384
5;2025-12-29;10;322
5;2025-12-29;11;281
5;2025-12-29;12;297
5;2025-12-29;13;293
5;2025-12-29;14;314
5;2025-12-29;15;343
5;2025-12-29;16;367
5;2025-12-29;17;471
5;2025-12-29;18;520
5;2025-12-29;19;351
5;2025-12-29;20;210
5;2025-12-29;21;124
5;2025-12-29;22;59
5;2025-12-29;23;35
5;2025-12-30;0;11
5;2025-12-30;1;2
5;2025-12-30;2;0
5;2025-12-30;3;0
5;2025-12-30;4;0
5;2025-12-30;5;37
5;2025-12-30;6;139
5;2025-12-30;7;311
5;2025-12-30;8;473
5;2025-12-30;9;362
5;2025-12-30;10;304
5;2025-12-30;11;266
5;2025-12-30;12;281
5;2025-12-30;13;277
5;2025-12-30;14;296
5;2025-12-30;15;323
5;2025-12-30;16;346
5;2025-12-30;17;445
5;2025-12-30;18;491
5;2025-12-30;19;331
5;2025-12-30;20;198
5;2025-12-30;21;117
5;2025-12-30;22;56
5;2025-12-30;23;33
5;2025-12-31;0;16
5;2025-12-31;1;5
5;2025-12-31;2;0
5;2025-12-31;3;0
5;2025-12-31;4;0
5;2025-12-31;5;9
5;2025-12-31;6;56
5;2025-12-31;7;85
5;2025-12-31;8;139
5;2025-12-31;9;169
5;2025-12-31;10;176
5;2025-12-31;11;224
5;2025-12-31;12;253
5;2025-12-31;13;248
5;2025-12-31;14;265
5;2025-12-31;15;236
5;2025-12-31;16;232
5;2025-12-31;17;221
5;2025-12-31;18;207
5;2025-12-31;19;197
5;2025-12-31;20;155
5;2025-12-31;21;117
5;2025-12-31;22;62
5;2025-12-31;23;40
7;2025-11-01;0;109
7;2025-11-01;1;25
7;2025-11-01;2;0
7;2025-11-01;3;0
7;2025-11-01;4;1
7;2025-11-01;5;144
7;2025-11-01;6;524
7;2025-11-01;7;1219
7;2025-11-01;8;1789
7;2025-11-01;9;1387
7;2025-11-01;10;1265
7;2025-11-01;11;1186
7;2025-11-01;12;1220
7;2025-11-01;13;1288
7;2025-11-01;14;1340
7;2025-11-01;15;1425
7;2025-11-01;16;1667
7;2025-11-01;17;1799
7;2025-11-01;18;1619
7;2025-11-01;19;1176
7;2025-11-01;20;781
7;2025-11-01;21;480
7;2025-11-01;22;260
7;2025-11-01;23;173
7;2025-11-02;0;100
7;2025-11-02;1;24
7;2025-11-02;2;0
7;2025-11-02;3;0
7;2025-11-02;4;1
7;2025-11-02;5;29
7;2025-11-02;6;125
7;2025-11-02;7;168
7;2025-11-02;8;379
7;2025-11-02;9;501
7;2025-11-02;10;388
7;2025-11-02;11;577
7;2025-11-02;12;624
7;2025-11-02;13;620
7;2025-11-02;14;648
7;2025-11-02;15;702
7;2025-11-02;16;604
7;2025-11-02;17;615
7;2025-11-02;18;638
7;2025-11-02;19;472
7;2025-11-02;20;390
7;2025-11-02;21;286
7;2025-11-02;22;148
7;2025-11-02;23;118
7;2025-11-03;0;90
7;2025-11-03;1;21
7;2025-11-03;2;0
7;2025-11-03;3;0
7;2025-11-03;4;1
7;2025-11-03;5;31
7;2025-11-03;6;152
7;2025-11-03;7;183
7;2025-11-03;8;427
7;2025-11-03;9;437
7;2025-11-03;10;405
7;2025-11-03;11;509
7;2025-11-03;12;622
7;2025-11-03;13;601
7;2025-11-03;14;601
7;2025-11-03;15;621
7;2025-11-03;16;574
7;2025-11-03;17;575
7;2025-11-03;18;569
7;2025-11-03;19;435
7;2025-11-03;20;372
7;2025-11-03;21;266
7;2025-11-03;22;144
7;2025-11-03;23;116
7;2025-11-04;0;90
7;2025-11-04;1;21
7;2025-11-04;2;0
7;2025-11-04;3;0
7;2025-11-04;4;1
7;2025-11-04;5;31
7;2025-11-04;6;152
7;2025-11-04;7;183
7;2025-11-04;8;427
7;2025-11-04;9;437
7;2025-11-04;10;405
7;2025-11-04;11;509
7;2025-11-04;12;622
7;2025-11-04;13;601
7;2025-11-04;14;601
7;2025-11-04;15;621
7;2025-11-04;16;574
7;2025-11-04;17;575
7;2025-11-04;18;569
7;2025-11-04;19;435
7;2025-11-04;20;372
7;2025-11-04;21;266
7;2025-11-04;22;144
7;2025-11-04;23;116
7;2025-11-05;0;59
7;2025-11-05;1;12
7;2025-11-05;2;0
7;2025-11-05;3;0
7;2025-11-05;4;1
7;2025-11-05;5;198
7;2025-11-05;6;731
7;2025-11-05;7;1682
7;2025-11-05;8;2563
7;2025-11-05;9;1955
7;2025-11-05;10;1658
7;2025-11-05;11;1468
7;2025-11-05;12;1557
7;2025-11-05;13;1519
7;2025-11-05;14;1617
7;2025-11-05;15;1763
7;2025-11-05;16;1879
7;2025-11-05;17;2418
7;2025-11-05;18;2664
7;2025-11-05;19;1785
7;2025-11-05;20;1080
7;2025-11-05;21;637
7;2025-11-05;22;304
7;2025-11-05;23;183
7;2025-11-06;0;59
7;2025-11-06;1;12
7;2025-11-06;2;0
7;2025-11-06;3;0
7;2025-11-06;4;1
7;2025-11-06;5;198
7;2025-11-06;6;731
7;2025-11-06;7;1682
7;2025-11-06;8;2563
7;2025-11-06;9;1955
7;2025-11-06;10;1658
7;2025-11-06;11;1468
7;2025-11-06;12;1557
7;2025-11-06;13;1519
7;2025-11-06;14;1617
7;2025-11-06;15;1763
7;2025-11-06;16;1879
7;2025-11-06;17;2418
7;2025-11-06;18;2664
7;2025-11-06;19;1785
7;2025-11-06;20;1080
7;2025-11-06;21;637
7;2025-11-06;22;304
7;2025-11-06;23;183
7;2025-11-07;0;66
7;2025-11-07;1;12
7;2025-11-07;2;0
7;2025-11-07;3;0
7;2025-11-07;4;1
7;2025-11-07;5;186
7;2025-11-07;6;675
7;2025-11-07;7;1570
7;2025-11-07;8;2304
7;2025-11-07;9;1786
7;2025-11-07;10;1630
7;2025-11-07;11;1528
7;2025-11-07;12;1571
7;2025-11-07;13;1659
7;2025-11-07;14;1726
7;2025-11-07;15;1835
7;2025-11-07;16;2148
7;2025-11-07;17;2317
7;2025-11-07;18;2086
7;2025-11-07;19;1514
7;2025-11-07;20;1006
7;2025-11-07;21;618
7;2025-11-07;22;335
7;2025-11-07;23;223
7;2025-11-08;0;116
7;2025-11-08;1;26
7;2025-11-08;2;0
7;2025-11-08;3;0
7;2025-11-08;4;1
7;2025-11-08;5;47
7;2025-11-08;6;256
7;2025-11-08;7;285
7;2025-11-08;8;679
7;2025-11-08;9;547
7;2025-11-08;10;608
7;2025-11-08;11;645
7;2025-11-08;12;898
7;2025-11-08;13;844
7;2025-11-08;14;807
7;2025-11-08;15;791
7;2025-11-08;16;791
7;2025-11-08;17;779
7;2025-11-08;18;731
7;2025-11-08;19;579
7;2025-11-08;20;513
7;2025-11-08;21;358
7;2025-11-08;22;202
7;2025-11-08;23;164
7;2025-11-09;0;100
7;2025-11-09;1;24
7;2025-11-09;2;0
7;2025-11-09;3;0
7;2025-11-09;4;1
7;2025-11-09;5;29
7;2025-11-09;6;125
7;2025-11-09;7;168
7;2025-11-09;8;379
7;2025-11-09;9;501
7;2025-11-09;10;388
7;2025-11-09;11;577
7;2025-11-09;12;624
7;2025-11-09;13;620
7;2025-11-09;14;648
7;2025-11-09;15;702
7;2025-11-09;16;604
7;2025-11-09;17;615
7;2025-11-09;18;638
7;2025-11-09;19;472
7;2025-11-09;20;390
7;2025-11-09;21;286
7;2025-11-09;22;148
7;2025-11-09;23;118
7;2025-11-10;0;58
7;2025-11-10;1;11
7;2025-11-10;2;0
7;2025-11-10;3;0
7;2025-11-10;4;1
7;2025-11-10;5;193
7;2025-11-10;6;711
7;2025-11-10;7;1637
7;2025-11-10;8;2494
7;2025-11-10;9;1902
7;2025-11-10;10;1614
7;2025-11-10;11;1429
7;2025-11-10;12;1515
7;2025-11-10;13;1478
7;2025-11-10;14;1574
7;2025-11-10;15;1716
7;2025-11-10;16;1829
7;2025-11-10;17;2353
7;2025-11-10;18;2593
7;2025-11-10;19;1737
7;2025-11-10;20;1051
7;2025-11-10;21;620
7;2025-11-10;22;296
7;2025-11-10;23;178
7;2025-11-11;0;59
7;2025-11-11;1;12
7;2025-11-11;2;0
7;2025-11-11;3;0
7;2025-11-11;4;1
7;2025-11-11;5;198
7;2025-11-11;6;731
7;2025-11-11;7;1682
7;2025-11-11;8;2563
7;2025-11-11;9;1955
7;2025-11-11;10;1658
7;2025-11-11;11;1468
7;2025-11-11;12;1557
7;2025-11-11;13;1519
7;2025-11-11;14;1617
7;2025-11-11;15;1763
7;2025-11-11;16;1879
7;2025-11-11;17;2418
7;2025-11-11;18;2664
7;2025-11-11;19;1785
7;2025-11-11;20;1080
7;2025-11-11;21;637
7;2025-11-11;22;304
7;2025-11-11;23;183
7;2025-11-12;0;59
7;2025-11-12;1;12
7;2025-11-12;2;0
7;2025-11-12;3;0
7;2025-11-12;4;1
7;2025-11-12;5;198
7;2025-11-12;6;731
7;2025-11-12;7;1682
7;2025-11-12;8;2563
7;2025-11-12;9;1955
7;2025-11-12;10;1658
7;2025-11-12;11;1468
7;2025-11-12;12;1557
7;2025-11-12;13;1519
7;2025-11-12;14;1617
7;2025-11-12;15;1763
7;2025-11-12;16;1879
7;2025-11-12;17;2418
7;2025-11-12;18;2664
7;2025-11-12;19;1785
7;2025-11-12;20;1080
7;2025-11-12;21;637
7;2025-11-12;22;304
7;2025-11-12;23;183
7;2025-11-13;0;59
7;2025-11-13;1;12
7;2025-11-13;2;0
7;2025-11-13;3;0
7;2025-11-13;4;1
7;2025-11-13;5;198
7;2025-11-13;6;731
7;2025-11-13;7;1682
7;2025-11-13;8;2563
7;2025-11-13;9;1955
7;2025-11-13;10;1658
7;2025-11-13;11;1468
7;2025-11-13;12;1557
7;2025-11-13;13;1519
7;2025-11-13;14;1617
7;2025-11-13;15;1763
7;2025-11-13;16;1879
7;2025-11-13;17;2418
7;2025-11-13;18;2664
7;2025-11-13;19;1785
7;2025-11-13;20;1080
7;2025-11-13;21;637
7;2025-11-13;22;304
7;2025-11-13;23;183
7;2025-11-14;0;66
7;2025-11-14;1;12
7;2025-11-14;2;0
7;2025-11-14;3;0
7;2025-11-14;4;1
7;2025-11-14;5;186
7;2025-11-14;6;675
7;2025-11-14;7;1570
7;2025-11-14;8;2304
7;2025-11-14;9;1786
7;2025-11-14;10;1630
7;2025-11-14;11;1528
7;2025-11-14;12;1571
7;2025-11-14;13;1659
7;2025-11-14;14;1726
7;2025-11-14;15;1835
7;2025-11-14;16;2148
7;2025-11-14;17;2317
7;2025-11-14;18;2086
7;2025-11-14;19;1514
7;2025-11-14;20;1006
7;2025-11-14;21;618
7;2025-11-14;22;335
7;2025-11-14;23;223
7;2025-11-15;0;116
7;2025-11-15;1;26
7;2025-11-15;2;0
7;2025-11-15;3;0
7;2025-11-15;4;1
7;2025-11-15;5;47
7;2025-11-15;6;256
7;2025-11-15;7;285
7;2025-11-15;8;679
7;2025-11-15;9;547
7;2025-11-15;10;608
7;2025-11-15;11;645
7;2025-11-15;12;898
7;2025-11-15;13;844
7;2025-11-15;14;807
7;2025-11-15;15;791
7;2025-11-15;16;791
7;2025-11-15;17;779
7;2025-11-15;18;731
7;2025-11-15;19;579
7;2025-11-15;20;513
7;2025-11-15;21;358
7;2025-11-15;22;202
7;2025-11-15;23;164
7;2025-11-16;0;100
7;2025-11-16;1;24
7;2025-11-16;2;0
7;2025-11-16;3;0
7;2025-11-16;4;1
7;2025-11-16;5;29
7;2025-11-16;6;125
7;2025-11-16;7;168
7;2025-11-16;8;379
7;2025-11-16;9;501
7;2025-11-16;10;388
7;2025-11-16;11;577
7;2025-11-16;12;624
7;2025-11-16;13;620
7;2025-11-16;14;648
7;2025-11-16;15;702
7;2025-11-16;16;604
7;2025-11-16;17;615
7;2025-11-16;18;638
7;2025-11-16;19;472
7;2025-11-16;20;390
7;2025-11-16;21;286
7;2025-11-16;22;148
7;2025-11-16;23;118
7;2025-11-17;0;58
7;2025-11-17;1;11
7;2025-11-17;2;0
7;2025-11-17;3;0
7;2025-11-17;4;1
7;2025-11-17;5;193
7;2025-11-17;6;711
7;2025-11-17;7;1637
7;2025-11-17;8;2494
7;2025-11-17;9;1902
7;2025-11-17;10;1614
7;2025-11-17;11;1429
7;2025-11-17;12;1515
7;2025-11-17;13;1478
7;2025-11-17;14;1574
7;2025-11-17;15;1716
7;2025-11-17;16;1829
7;2025-11-17;17;2353
7;2025-11-17;18;2593
7;2025-11-17;19;1737
7;2025-11-17;20;1051
7;2025-11-17;21;620
7;2025-11-17;22;296
7;2025-11-17;23;178
7;2025-11-18;0;59
7;2025-11-18;1;12
7;2025-11-18;2;0
7;2025-11-18;3;0
7;2025-11-18;4;1
7;2025-11-18;5;198
7;2025-11-18;6;731
7;2025-11-18;7;1682
7;2025-11-18;8;2563
7;2025-11-18;9;1955
7;2025-11-18;10;1658
7;2025-11-18;11;1468
7;2025-11-18;12;1557
7;2025-11-18;13;1519
7;2025-11-18;14;1617
7;2025-11-18;15;1763
7;2025-11-18;16;1879
7;2025-11-18;17;2418
7;2025-11-18;18;2664
7;2025-11-18;19;1785
7;2025-11-18;20;1080
7;2025-11-18;21;637
7;2025-11-18;22;304
7;2025-11-18;23;183
7;2025-11-19;0;59
7;2025-11-19;1;12
7;2025-11-19;2;0
7;2025-11-19;3;0
7;2025-11-19;4;1
7;2025-11-19;5;198
7;2025-11-19;6;731
7;2025-11-19;7;1682
7;2025-11-19;8;2563
7;2025-11-19;9;1955
7;2025-11-19;10;1658
7;2025-11-19;11;1468
7;2025-11-19;12;1557
7;2025-11-19;13;1519
7;2025-11-19;14;1617
7;2025-11-19;15;1763
7;2025-11-19;16;1879
7;2025-11-19;17;2418
7;2025-11-19;18;2664
7;2025-11-19;19;1785
7;2025-11-19;20;1080
7;2025-11-19;21;637
7;2025-11-19;22;304
7;2025-11-19;23;183
7;2025-11-20;0;59
7;2025-11-20;1;12
7;2025-11-20;2;0
7;2025-11-20;3;0
7;2025-11-20;4;1
7;2025-11-20;5;198
7;2025-11-20;6;731
7;2025-11-20;7;1682
7;2025-11-20;8;2563
7;2025-11-20;9;1955
7;2025-11-20;10;1658
7;2025-11-20;11;1468
7;2025-11-20;12;1557
7;2025-11-20;13;1519
7;2025-11-20;14;1617
7;2025-11-20;15;1763
7;2025-11-20;16;1879
7;2025-11-20;17;2418
7;2025-11-20;18;2664
7;2025-11-20;19;1785
7;2025-11-20;20;1080
7;2025-11-20;21;637
7;2025-11-20;22;304
7;2025-11-20;23;183
7;2025-11-21;0;66
7;2025-11-21;1;12
7;2025-11-21;2;0
7;2025-11-21;3;0
7;2025-11-21;4;1
7;2025-11-21;5;186
7;2025-11-21;6;675
7;2025-11-21;7;1570
7;2025-11-21;8;2304
7;2025-11-21;9;1786
7;2025-11-21;10;1630
7;2025-11-21;11;1528
7;2025-11-21;12;1571
7;2025-11-21;13;1659
7;2025-11-21;14;1726
7;2025-11-21;15;1835
7;2025-11-21;16;2148
7;2025-11-21;17;2317
7;2025-11-21;18;2086
7;2025-11-21;19;1514
7;2025-11-21;20;1006
7;2025-11-21;21;618
7;2025-11-21;22;335
7;2025-11-21;23;223
7;2025-11-22;0;116
7;2025-11-22;1;26
7;2025-11-22;2;0
7;2025-11-22;3;0
7;2025-11-22;4;1
7;2025-11-22;5;47
7;2025-11-22;6;256
7;2025-11-22;7;285
7;2025-11-22;8;679
7;2025-11-22;9;547
7;2025-11-22;10;608
7;2025-11-22;11;645
7;2025-11-22;12;898
7;2025-11-22;13;844
7;2025-11-22;14;807
7;2025-11-22;15;791
7;2025-11-22;16;791
7;2025-11-22;17;779
7;2025-11-22;18;731
7;2025-11-22;19;579
7;2025-11-22;20;513
7;2025-11-22;21;358
7;2025-11-22;22;202
7;2025-11-22;23;164
7;2025-11-23;0;100
7;2025-11-23;1;24
7;2025-11-23;2;0
7;2025-11-23;3;0
7;2025-11-23;4;1
7;2025-11-23;5;29
7;2025-11-23;6;125
7;2025-11-23;7;168
7;2025-11-23;8;379
7;2025-11-23;9;501
7;2025-11-23;10;388
7;2025-11-23;11;577
7;2025-11-23;12;624
7;2025-11-23;13;620
7;2025-11-23;14;648
7;2025-11-23;15;702
7;2025-11-23;16;604
7;2025-11-23;17;615
7;2025-11-23;18;638
7;2025-11-23;19;472
7;2025-11-23;20;390
7;2025-11-23;21;286
7;2025-11-23;22;148
7;2025-11-23;23;118
7;2025-11-24;0;58
7;2025-11-24;1;11
7;2025-11-24;2;0
7;2025-11-24;3;0
7;2025-11-24;4;1
7;2025-11-24;5;193
7;2025-11-24;6;711
7;2025-11-24;7;1637
7;2025-11-24;8;2494
7;2025-11-24;9;1902
7;2025-11-24;10;1614
7;2025-11-24;11;1429
7;2025-11-24;12;1515
7;2025-11-24;13;1478
7;2025-11-24;14;1574
7;2025-11-24;15;1716
7;2025-11-24;16;1829
7;2025-11-24;17;2353
7;2025-11-24;18;2593
7;2025-11-24;19;1737
7;2025-11-24;20;1051
7;2025-11-24;21;620
7;2025-11-24;22;296
7;2025-11-24;23;178
7;2025-11-25;0;59
7;2025-11-25;1;12
7;2025-11-25;2;0
7;2025-11-25;3;0
7;2025-11-25;4;1
7;2025-11-25;5;198
7;2025-11-25;6;731
7;2025-11-25;7;1682
7;2025-11-25;8;2563
7;2025-11-25;9;1955
7;2025-11-25;10;1658
7;2025-11-25;11;1468
7;2025-11-25;12;1557
7;2025-11-25;13;1519
7;2025-11-25;14;1617
7;2025-11-25;15;1763
7;2025-11-25;16;1879
7;2025-11-25;17;2418
7;2025-11-25;18;2664
7;2025-11-25;19;1785
7;2025-11-25;20;1080
7;2025-11-25;21;637
7;2025-11-25;22;304
7;2025-11-25;23;183
7;2025-11-26;0;59
7;2025-11-26;1;12
7;2025-11-26;2;0
7;2025-11-26;3;0
7;2025-11-26;4;1
7;2025-11-26;5;198
7;2025-11-26;6;731
7;2025-11-26;7;1682
7;2025-11-26;8;2563
7;2025-11-26;9;1955
7;2025-11-26;10;1658
7;2025-11-26;11;1468
7;2025-11-26;12;1557
7;2025-11-26;13;1519
7;2025-11-26;14;1617
7;2025-11-26;15;1763
7;2025-11-26;16;1879
7;2025-11-26;17;2418
7;2025-11-26;18;2664
7;2025-11-26;19;1785
7;2025-11-26;20;1080
7;2025-11-26;21;637
7;2025-11-26;22;304
7;2025-11-26;23;183
7;2025-11-27;0;59
7;2025-11-27;1;12
7;2025-11-27;2;0
7;2025-11-27;3;0
7;2025-11-27;4;1
7;2025-11-27;5;198
7;2025-11-27;6;731
7;2025-11-27;7;1682
7;2025-11-27;8;2563
7;2025-11-27;9;1955
7;2025-11-27;10;1658
7;2025-11-27;11;1468
7;2025-11-27;12;1557
7;2025-11-27;13;1519
7;2025-11-27;14;1617
7;2025-11-27;15;1763
7;2025-11-27;16;1879
7;2025-11-27;17;2418
7;2025-11-27;18;2664
7;2025-11-27;19;1785
7;2025-11-27;20;1080
7;2025-11-27;21;637
7;2025-11-27;22;304
7;2025-11-27;23;183
7;2025-11-28;0;66
7;2025-11-28;1;12
7;2025-11-28;2;0
7;2025-11-28;3;0
7;2025-11-28;4;1
7;2025-11-28;5;186
7;2025-11-28;6;675
7;2025-11-28;7;1570
7;2025-11-28;8;2304
7;2025-11-28;9;1786
7;2025-11-28;10;1630
7;2025-11-28;11;1528
7;2025-11-28;12;1571
7;2025-11-28;13;1659
7;2025-11-28;14;1726
7;2025-11-28;15;1835
7;2025-11-28;16;2148
7;2025-11-28;17;2317
7;2025-11-28;18;2086
7;2025-11-28;19;1514
7;2025-11-28;20;1006
7;2025-11-28;21;618
7;2025-11-28;22;335
7;2025-11-28;23;223
7;2025-11-29;0;116
7;2025-11-29;1;26
7;2025-11-29;2;0
7;2025-11-29;3;0
7;2025-11-29;4;1
7;2025-11-29;5;47
7;2025-11-29;6;256
7;2025-11-29;7;285
7;2025-11-29;8;679
7;2025-11-29;9;547
7;2025-11-29;10;608
7;2025-11-29;11;645
7;2025-11-29;12;898
7;2025-11-29;13;844
7;2025-11-29;14;807
7;2025-11-29;15;791
7;2025-11-29;16;791
7;2025-11-29;17;779
7;2025-11-29;18;731
7;2025-11-29;19;579
7;2025-11-29;20;513
7;2025-11-29;21;358
7;2025-11-29;22;202
7;2025-11-29;23;164
7;2025-11-30;0;100
7;2025-11-30;1;24
7;2025-11-30;2;0
7;2025-11-30;3;0
7;2025-11-30;4;1
7;2025-11-30;5;29
7;2025-11-30;6;125
7;2025-11-30;7;168
7;2025-11-30;8;379
7;2025-11-30;9;501
7;2025-11-30;10;388
7;2025-11-30;11;577
7;2025-11-30;12;624
7;2025-11-30;13;620
7;2025-11-30;14;648
7;2025-11-30;15;702
7;2025-11-30;16;604
7;2025-11-30;17;615
7;2025-11-30;18;638
7;2025-11-30;19;472
7;2025-11-30;20;390
7;2025-11-30;21;286
7;2025-11-30;22;148
7;2025-11-30;23;118
7;2025-12-01;0;57
7;2025-12-01;1;11
7;2025-12-01;2;0
7;2025-12-01;3;0
7;2025-12-01;4;1
7;2025-12-01;5;194
7;2025-12-01;6;737
7;2025-12-01;7;1648
7;2025-12-01;8;2501
7;2025-12-01;9;1917
7;2025-12-01;10;1608
7;2025-12-01;11;1407
7;2025-12-01;12;1485
7;2025-12-01;13;1464
7;2025-12-01;14;1569
7;2025-12-01;15;1712
7;2025-12-01;16;1832
7;2025-12-01;17;2353
7;2025-12-01;18;2600
7;2025-12-01;19;1754
7;2025-12-01;20;1049
7;2025-12-01;21;619
7;2025-12-01;22;295
7;2025-12-01;23;175
7;2025-12-02;0;59
7;2025-12-02;1;11
7;2025-12-02;2;0
7;2025-12-02;3;0
7;2025-12-02;4;1
7;2025-12-02;5;200
7;2025-12-02;6;757
7;2025-12-02;7;1693
7;2025-12-02;8;2570
7;2025-12-02;9;1970
7;2025-12-02;10;1653
7;2025-12-02;11;1446
7;2025-12-02;12;1526
7;2025-12-02;13;1505
7;2025-12-02;14;1612
7;2025-12-02;15;1759
7;2025-12-02;16;1882
7;2025-12-02;17;2418
7;2025-12-02;18;2671
7;2025-12-02;19;1802
7;2025-12-02;20;1078
7;2025-12-02;21;636
7;2025-12-02;22;303
7;2025-12-02;23;180
7;2025-12-03;0;59
7;2025-12-03;1;11
7;2025-12-03;2;0
7;2025-12-03;3;0
7;2025-12-03;4;1
7;2025-12-03;5;200
7;2025-12-03;6;757
7;2025-12-03;7;1693
7;2025-12-03;8;2570
7;2025-12-03;9;1970
7;2025-12-03;10;1653
7;2025-12-03;11;1446
7;2025-12-03;12;1526
7;2025-12-03;13;1505
7;2025-12-03;14;1612
7;2025-12-03;15;1759
7;2025-12-03;16;1882
7;2025-12-03;17;2418
7;2025-12-03;18;2671
7;2025-12-03;19;1802
7;2025-12-03;20;1078
7;2025-12-03;21;636
7;2025-12-03;22;303
7;2025-12-03;23;180
7;2025-12-04;0;59
7;2025-12-04;1;11
7;2025-12-04;2;0
7;2025-12-04;3;0
7;2025-12-04;4;1
7;2025-12-04;5;200
7;2025-12-04;6;757
7;2025-12-04;7;1693
7;2025-12-04;8;2570
7;2025-12-04;9;1970
7;2025-12-04;10;1653
7;2025-12-04;11;1446
7;2025-12-04;12;1526
7;2025-12-04;13;1505
7;2025-12-04;14;1612
7;2025-12-04;15;1759
7;2025-12-04;16;1882
7;2025-12-04;17;2418
7;2025-12-04;18;2671
7;2025-12-04;19;1802
7;2025-12-04;20;1078
7;2025-12-04;21;636
7;2025-12-04;22;303
7;2025-12-04;23;180
7;2025-12-05;0;63
7;2025-12-05;1;11
7;2025-12-05;2;0
7;2025-12-05;3;0
7;2025-12-05;4;1
7;2025-12-05;5;188
7;2025-12-05;6;690
7;2025-12-05;7;1582
7;2025-12-05;8;2307
7;2025-12-05;9;1804
7;2025-12-05;10;1607
7;2025-12-05;11;1514
7;2025-12-05;12;1549
7;2025-12-05;13;1651
7;2025-12-05;14;1720
7;2025-12-05;15;1821
7;2025-12-05;16;2152
7;2025-12-05;17;2312
7;2025-12-05;18;2099
7;2025-12-05;19;1542
7;2025-12-05;20;1009
7;2025-12-05;21;622
7;2025-12-05;22;336
7;2025-12-05;23;217
7;2025-12-06;0;95
7;2025-12-06;1;28
7;2025-12-06;2;0
7;2025-12-06;3;0
7;2025-12-06;4;1
7;2025-12-06;5;52
7;2025-12-06;6;329
7;2025-12-06;7;498
7;2025-12-06;8;813
7;2025-12-06;9;985
7;2025-12-06;10;1030
7;2025-12-06;11;1305
7;2025-12-06;12;1477
7;2025-12-06;13;1445
7;2025-12-06;14;1545
7;2025-12-06;15;1377
7;2025-12-06;16;1351
7;2025-12-06;17;1287
7;2025-12-06;18;1206
7;2025-12-06;19;1148
7;2025-12-06;20;907
7;2025-12-06;21;680
7;2025-12-06;22;361
7;2025-12-06;23;233
7;2025-12-07;0;103
7;2025-12-07;1;23
7;2025-12-07;2;0
7;2025-12-07;3;0
7;2025-12-07;4;0
7;2025-12-07;5;42
7;2025-12-07;6;234
7;2025-12-07;7;330
7;2025-12-07;8;545
7;2025-12-07;9;683
7;2025-12-07;10;810
7;2025-12-07;11;1068
7;2025-12-07;12;1179
7;2025-12-07;13;1244
7;2025-12-07;14;1302
7;2025-12-07;15;1243
7;2025-12-07;16;1165
7;2025-12-07;17;1170
7;2025-12-07;18;979
7;2025-12-07;19;823
7;2025-12-07;20;721
7;2025-12-07;21;547
7;2025-12-07;22;306
7;2025-12-07;23;168
7;2025-12-08;0;57
7;2025-12-08;1;11
7;2025-12-08;2;0
7;2025-12-08;3;0
7;2025-12-08;4;1
7;2025-12-08;5;194
7;2025-12-08;6;737
7;2025-12-08;7;1648
7;2025-12-08;8;2501
7;2025-12-08;9;1917
7;2025-12-08;10;1608
7;2025-12-08;11;1407
7;2025-12-08;12;1485
7;2025-12-08;13;1464
7;2025-12-08;14;1569
7;2025-12-08;15;1712
7;2025-12-08;16;1832
7;2025-12-08;17;2353
7;2025-12-08;18;2600
7;2025-12-08;19;1754
7;2025-12-08;20;1049
7;2025-12-08;21;619
7;2025-12-08;22;295
7;2025-12-08;23;175
7;2025-12-09;0;59
7;2025-12-09;1;11
7;2025-12-09;2;0
7;2025-12-09;3;0
7;2025-12-09;4;1
7;2025-12-09;5;200
7;2025-12-09;6;757
7;2025-12-09;7;1693
7;2025-12-09;8;2570
7;2025-12-09;9;1970
7;2025-12-09;10;1653
7;2025-12-09;11;1446
7;2025-12-09;12;1526
7;2025-12-09;13;1505
7;2025-12-09;14;1612
7;2025-12-09;15;1759
7;2025-12-09;16;1882
7;2025-12-09;17;2418
7;2025-12-09;18;2671
7;2025-12-09;19;1802
7;2025-12-09;20;1078
7;2025-12-09;21;636
7;2025-12-09;22;303
7;2025-12-09;23;180
7;2025-12-10;0;59
7;2025-12-10;1;11
7;2025-12-10;2;0
7;2025-12-10;3;0
7;2025-12-10;4;1
7;2025-12-10;5;200
7;2025-12-10;6;757
7;2025-12-10;7;1693
7;2025-12-10;8;2570
7;2025-12-10;9;1970
7;2025-12-10;10;1653
7;2025-12-10;11;1446
7;2025-12-10;12;1526
7;2025-12-10;13;1505
7;2025-12-10;14;1612
7;2025-12-10;15;1759
7;2025-12-10;16;1882
7;2025-12-10;17;2418
7;2025-12-10;18;2671
7;2025-12-10;19;1802
7;2025-12-10;20;1078
7;2025-12-10;21;636
7;2025-12-10;22;303
7;2025-12-10;23;180
7;2025-12-11;0;59
7;2025-12-11;1;11
7;2025-12-11;2;0
7;2025-12-11;3;0
7;2025-12-11;4;1
7;2025-12-11;5;200
7;2025-12-11;6;757
7;2025-12-11;7;1693
7;2025-12-11;8;2570
7;2025-12-11;9;1970
7;2025-12-11;10;1653
7;2025-12-11;11;1446
7;2025-12-11;12;1526
7;2025-12-11;13;1505
7;2025-12-11;14;1612
7;2025-12-11;15;1759
7;2025-12-11;16;1882
7;2025-12-11;17;2418
7;2025-12-11;18;2671
7;2025-12-11;19;1802
7;2025-12-11;20;1078
7;2025-12-11;21;636
7;2025-12-11;22;303
7;2025-12-11;23;180
7;2025-12-12;0;63
7;2025-12-12;1;11
7;2025-12-12;2;0
7;2025-12-12;3;0
7;2025-12-12;4;1
7;2025-12-12;5;188
7;2025-12-12;6;690
7;2025-12-12;7;1582
7;2025-12-12;8;2307
7;2025-12-12;9;1804
7;2025-12-12;10;1607
7;2025-12-12;11;1514
7;2025-12-12;12;1549
7;2025-12-12;13;1651
7;2025-12-12;14;1720
7;2025-12-12;15;1821
7;2025-12-12;16;2152
7;2025-12-12;17;2312
7;2025-12-12;18;2099
7;2025-12-12;19;1542
7;2025-12-12;20;1009
7;2025-12-12;21;622
7;2025-12-12;22;336
7;2025-12-12;23;217
7;2025-12-13;0;95
7;2025-12-13;1;28
7;2025-12-13;2;0
7;2025-12-13;3;0
7;2025-12-13;4;1
7;2025-12-13;5;52
7;2025-12-13;6;329
7;2025-12-13;7;498
7;2025-12-13;8;813
7;2025-12-13;9;985
7;2025-12-13;10;1030
7;2025-12-13;11;1305
7;2025-12-13;12;1477
7;2025-12-13;13;1445
7;2025-12-13;14;1545
7;2025-12-13;15;1377
7;2025-12-13;16;1351
7;2025-12-13;17;1287
7;2025-12-13;18;1206
7;2025-12-13;19;1148
7;2025-12-13;20;907
7;2025-12-13;21;680
7;2025-12-13;22;361
7;2025-12-13;23;233
7;2025-12-14;0;103
7;2025-12-14;1;23
7;2025-12-14;2;0
7;2025-12-14;3;0
7;2025-12-14;4;0
7;2025-12-14;5;42
7;2025-12-14;6;234
7;2025-12-14;7;330
7;2025-12-14;8;545
7;2025-12-14;9;683
7;2025-12-14;10;810
7;2025-12-14;11;1068
7;2025-12-14;12;1179
7;2025-12-14;13;1244
7;2025-12-14;14;1302
7;2025-12-14;15;1243
7;2025-12-14;16;1165
7;2025-12-14;17;1170
7;2025-12-14;18;979
7;2025-12-14;19;823
7;2025-12-14;20;721
7;2025-12-14;21;547
7;2025-12-14;22;306
7;2025-12-14;23;168
7;2025-12-15;0;57
7;2025-12-15;1;11
7;2025-12-15;2;0
7;2025-12-15;3;0
7;2025-12-15;4;1
7;2025-12-15;5;194
7;2025-12-15;6;737
7;2025-12-15;7;1648
7;2025-12-15;8;2501
7;2025-12-15;9;1917
7;2025-12-15;10;1608
7;2025-12-15;11;1407
7;2025-12-15;12;1485
7;2025-12-15;13;1464
7;2025-12-15;14;1569
7;2025-12-15;15;1712
7;2025-12-15;16;1832
7;2025-12-15;17;2353
7;2025-12-15;18;2600
7;2025-12-15;19;1754
7;2025-12-15;20;1049
7;2025-12-15;21;619
7;2025-12-15;22;295
7;2025-12-15;23;175
7;2025-12-16;0;59
7;2025-12-16;1;11
7;2025-12-16;2;0
7;2025-12-16;3;0
7;2025-12-16;4;1
7;2025-12-16;5;200
7;2025-12-16;6;757
7;2025-12-16;7;1693
7;2025-12-16;8;2570
7;2025-12-16;9;1970
7;2025-12-16;10;1653
7;2025-12-16;11;1446
7;2025-12-16;12;1526
7;2025-12-16;13;1505
7;2025-12-16;14;1612
7;2025-12-16;15;1759
7;2025-12-16;16;1882
7;2025-12-16;17;2418
7;2025-12-16;18;2671
7;2025-12-16;19;1802
7;2025-12-16;20;1078
7;2025-12-16;21;636
7;2025-12-16;22;303
7;2025-12-16;23;180
7;2025-12-17;0;59
7;2025-12-17;1;11
7;2025-12-17;2;0
7;2025-12-17;3;0
7;2025-12-17;4;1
7;2025-12-17;5;200
7;2025-12-17;6;757
7;2025-12-17;7;1693
7;2025-12-17;8;2570
7;2025-12-17;9;1970
7;2025-12-17;10;1653
7;2025-12-17;11;1446
7;2025-12-17;12;1526
7;2025-12-17;13;1505
7;2025-12-17;14;1612
7;2025-12-17;15;1759
7;2025-12-17;16;1882
7;2025-12-17;17;2418
7;2025-12-17;18;2671
7;2025-12-17;19;1802
7;2025-12-17;20;1078
7;2025-12-17;21;636
7;2025-12-17;22;303
7;2025-12-17;23;180
7;2025-12-18;0;59
7;2025-12-18;1;11
7;2025-12-18;2;0
7;2025-12-18;3;0
7;2025-12-18;4;1
7;2025-12-18;5;200
7;2025-12-18;6;757
7;2025-12-18;7;1693
7;2025-12-18;8;2570
7;2025-12-18;9;1970
7;2025-12-18;10;1653
7;2025-12-18;11;1446
7;2025-12-18;12;1526
7;2025-12-18;13;1505
7;2025-12-18;14;1612
7;2025-12-18;15;1759
7;2025-12-18;16;1882
7;2025-12-18;17;2418
7;2025-12-18;18;2671
7;2025-12-18;19;1802
7;2025-12-18;20;1078
7;2025-12-18;21;636
7;2025-12-18;22;303
7;2025-12-18;23;180
7;2025-12-19;0;63
7;2025-12-19;1;11
7;2025-12-19;2;0
7;2025-12-19;3;0
7;2025-12-19;4;1
7;2025-12-19;5;188
7;2025-12-19;6;690
7;2025-12-19;7;1582
7;2025-12-19;8;2307
7;2025-12-19;9;1804
7;2025-12-19;10;1607
7;2025-12-19;11;1514
7;2025-12-19;12;1549
7;2025-12-19;13;1651
7;2025-12-19;14;1720
7;2025-12-19;15;1821
7;2025-12-19;16;2152
7;2025-12-19;17;2312
7;2025-12-19;18;2099
7;2025-12-19;19;1542
7;2025-12-19;20;1009
7;2025-12-19;21;622
7;2025-12-19;22;336
7;2025-12-19;23;217
7;2025-12-20;0;95
7;2025-12-20;1;28
7;2025-12-20;2;0
7;2025-12-20;3;0
7;2025-12-20;4;1
7;2025-12-20;5;52
7;2025-12-20;6;329
7;2025-12-20;7;498
7;2025-12-20;8;813
7;2025-12-20;9;985
7;2025-12-20;10;1030
7;2025-12-20;11;1305
7;2025-12-20;12;1477
7;2025-12-20;13;1445
7;2025-12-20;14;1545
7;2025-12-20;15;1377
7;2025-12-20;16;1351
7;2025-12-20;17;1287
7;2025-12-20;18;1206
7;2025-12-20;19;1148
7;2025-12-20;20;907
7;2025-12-20;21;680
7;2025-12-20;22;361
7;2025-12-20;23;233
7;2025-12-21;0;103
7;2025-12-21;1;23
7;2025-12-21;2;0
7;2025-12-21;3;0
7;2025-12-21;4;0
7;2025-12-21;5;42
7;2025-12-21;6;234
7;2025-12-21;7;330
7;2025-12-21;8;545
7;2025-12-21;9;683
7;2025-12-21;10;810
7;2025-12-21;11;1068
7;2025-12-21;12;1179
7;2025-12-21;13;1244
7;2025-12-21;14;1302
7;2025-12-21;15;1243
7;2025-12-21;16;1165
7;2025-12-21;17;1170
7;2025-12-21;18;979
7;2025-12-21;19;823
7;2025-12-21;20;721
7;2025-12-21;21;547
7;2025-12-21;22;306
7;2025-12-21;23;168
7;2025-12-22;0;57
7;2025-12-22;1;11
7;2025-12-22;2;0
7;2025-12-22;3;0
7;2025-12-22;4;1
7;2025-12-22;5;194
7;2025-12-22;6;737
7;2025-12-22;7;1648
7;2025-12-22;8;2501
7;2025-12-22;9;1917
7;2025-12-22;10;1608
7;2025-12-22;11;1407
7;2025-12-22;12;1485
7;2025-12-22;13;1464
7;2025-12-22;14;1569
7;2025-12-22;15;1712
7;2025-12-22;16;1832
7;2025-12-22;17;2353
7;2025-12-22;18;2600
7;2025-12-22;19;1754
7;2025-12-22;20;1049
7;2025-12-22;21;619
7;2025-12-22;22;295
7;2025-12-22;23;175
7;2025-12-23;0;59
7;2025-12-23;1;11
7;2025-12-23;2;0
7;2025-12-23;3;0
7;2025-12-23;4;1
7;2025-12-23;5;200
7;2025-12-23;6;757
7;2025-12-23;7;1693
7;2025-12-23;8;2570
7;2025-12-23;9;1970
7;2025-12-23;10;1653
7;2025-12-23;11;1446
7;2025-12-23;12;1526
7;2025-12-23;13;1505
7;2025-12-23;14;1612
7;2025-12-23;15;1759
7;2025-12-23;16;1882
7;2025-12-23;17;2418
7;2025-12-23;18;2671
7;2025-12-23;19;1802
7;2025-12-23;20;1078
7;2025-12-23;21;636
7;2025-12-23;22;303
7;2025-12-23;23;180
7;2025-12-24;0;59
7;2025-12-24;1;11
7;2025-12-24;2;0
7;2025-12-24;3;0
7;2025-12-24;4;1
7;2025-12-24;5;200
7;2025-12-24;6;757
7;2025-12-24;7;1693
7;2025-12-24;8;2570
7;2025-12-24;9;1970
7;2025-12-24;10;1653
7;2025-12-24;11;1446
7;2025-12-24;12;1526
7;2025-12-24;13;1505
7;2025-12-24;14;1612
7;2025-12-24;15;1759
7;2025-12-24;16;1882
7;2025-12-24;17;2418
7;2025-12-24;18;2671
7;2025-12-24;19;1802
7;2025-12-24;20;1078
7;2025-12-24;21;636
7;2025-12-24;22;303
7;2025-12-24;23;180
7;2025-12-25;0;59
7;2025-12-25;1;11
7;2025-12-25;2;0
7;2025-12-25;3;0
7;2025-12-25;4;1
7;2025-12-25;5;200
7;2025-12-25;6;757
7;2025-12-25;7;1693
7;2025-12-25;8;2570
7;2025-12-25;9;1970
7;2025-12-25;10;1653
7;2025-12-25;11;1446
7;2025-12-25;12;1526
7;2025-12-25;13;1505
7;2025-12-25;14;1612
7;2025-12-25;15;1759
7;2025-12-25;16;1882
7;2025-12-25;17;2418
7;2025-12-25;18;2671
7;2025-12-25;19;1802
7;2025-12-25;20;1078
7;2025-12-25;21;636
7;2025-12-25;22;303
7;2025-12-25;23;180
7;2025-12-26;0;63
7;2025-12-26;1;11
7;2025-12-26;2;0
7;2025-12-26;3;0
7;2025-12-26;4;1
7;2025-12-26;5;188
7;2025-12-26;6;690
7;2025-12-26;7;1582
7;2025-12-26;8;2307
7;2025-12-26;9;1804
7;2025-12-26;10;1607
7;2025-12-26;11;1514
7;2025-12-26;12;1549
7;2025-12-26;13;1651
7;2025-12-26;14;1720
7;2025-12-26;15;1821
7;2025-12-26;16;2152
7;2025-12-26;17;2312
7;2025-12-26;18;2099
7;2025-12-26;19;1542
7;2025-12-26;20;1009
7;2025-12-26;21;622
7;2025-12-26;22;336
7;2025-12-26;23;217
7;2025-12-27;0;95
7;2025-12-27;1;28
7;2025-12-27;2;0
7;2025-12-27;3;0
7;2025-12-27;4;1
7;2025-12-27;5;52
7;2025-12-27;6;329
7;2025-12-27;7;498
7;2025-12-27;8;813
7;2025-12-27;9;985
7;2025-12-27;10;1030
7;2025-12-27;11;1305
7;2025-12-27;12;1477
7;2025-12-27;13;1445
7;2025-12-27;14;1545
7;2025-12-27;15;1377
7;2025-12-27;16;1351
7;2025-12-27;17;1287
7;2025-12-27;18;1206
7;2025-12-27;19;1148
7;2025-12-27;20;907
7;2025-12-27;21;680
7;2025-12-27;22;361
7;2025-12-27;23;233
7;2025-12-28;0;103
7;2025-12-28;1;23
7;2025-12-28;2;0
7;2025-12-28;3;0
7;2025-12-28;4;0
7;2025-12-28;5;42
7;2025-12-28;6;234
7;2025-12-28;7;330
7;2025-12-28;8;545
7;2025-12-28;9;683
7;2025-12-28;10;810
7;2025-12-28;11;1068
7;2025-12-28;12;1179
7;2025-12-28;13;1244
7;2025-12-28;14;1302
7;2025-12-28;15;1243
7;2025-12-28;16;1165
7;2025-12-28;17;1170
7;2025-12-28;18;979
7;2025-12-28;19;823
7;2025-12-28;20;721
7;2025-12-28;21;547
7;2025-12-28;22;306
7;2025-12-28;23;168
7;2025-12-29;0;52
7;2025-12-29;1;10
7;2025-12-29;2;0
7;2025-12-29;3;0
7;2025-12-29;4;1
7;2025-12-29;5;175
7;2025-12-29;6;663
7;2025-12-29;7;1483
7;2025-12-29;8;2251
7;2025-12-29;9;1726
7;2025-12-29;10;1448
7;2025-12-29;11;1266
7;2025-12-29;12;1337
7;2025-12-29;13;1318
7;2025-12-29;14;1412
7;2025-12-29;15;1541
7;2025-12-29;16;1649
7;2025-12-29;17;2118
7;2025-12-29;18;2340
7;2025-12-29;19;1578
7;2025-12-29;20;944
7;2025-12-29;21;557
7;2025-12-29;22;265
7;2025-12-29;23;158
7;2025-12-30;0;50
7;2025-12-30;1;10
7;2025-12-30;2;0
7;2025-12-30;3;0
7;2025-12-30;4;1
7;2025-12-30;5;170
7;2025-12-30;6;643
7;2025-12-30;7;1439
7;2025-12-30;8;2185
7;2025-12-30;9;1675
7;2025-12-30;10;1405
7;2025-12-30;11;1229
7;2025-12-30;12;1297
7;2025-12-30;13;1279
7;2025-12-30;14;1370
7;2025-12-30;15;1495
7;2025-12-30;16;1600
7;2025-12-30;17;2055
7;2025-12-30;18;2271
7;2025-12-30;19;1532
7;2025-12-30;20;916
7;2025-12-30;21;541
7;2025-12-30;22;258
7;2025-12-30;23;153
7;2025-12-31;0;81
7;2025-12-31;1;24
7;2025-12-31;2;0
7;2025-12-31;3;0
7;2025-12-31;4;1
7;2025-12-31;5;45
7;2025-12-31;6;280
7;2025-12-31;7;423
7;2025-12-31;8;691
7;2025-12-31;9;837
7;2025-12-31;10;875
7;2025-12-31;11;1109
7;2025-12-31;12;1256
7;2025-12-31;13;1228
7;2025-12-31;14;1314
7;2025-12-31;15;1171
7;2025-12-31;16;1149
7;2025-12-31;17;1094
7;2025-12-31;18;1025
7;2025-12-31;19;976
7;2025-12-31;20;771
7;2025-12-31;21;578
7;2025-12-31;22;307
7;2025-12-31;23;198
11;2025-11-01;0;108
11;2025-11-01;1;0
11;2025-11-01;2;0
11;2025-11-01;3;0
11;2025-11-01;4;2
11;2025-11-01;5;218
11;2025-11-01;6;990
11;2025-11-01;7;1782
11;2025-11-01;8;2371
11;2025-11-01;9;1769
11;2025-11-01;10;1414
11;2025-11-01;11;1368
11;2025-11-01;12;1426
11;2025-11-01;13;1476
11;2025-11-01;14;1569
11;2025-11-01;15;1652
11;2025-11-01;16;1841
11;2025-11-01;17;2222
11;2025-11-01;18;1905
11;2025-11-01;19;1477
11;2025-11-01;20;1038
11;2025-11-01;21;652
11;2025-11-01;22;325
11;2025-11-01;23;231
11;2025-11-02;0;108
11;2025-11-02;1;14
11;2025-11-02;2;0
11;2025-11-02;3;0
11;2025-11-02;4;2
11;2025-11-02;5;115
11;2025-11-02;6;467
11;2025-11-02;7;493
11;2025-11-02;8;661
11;2025-11-02;9;916
11;2025-11-02;10;1016
11;2025-11-02;11;1477
11;2025-11-02;12;1599
11;2025-11-02;13;1536
11;2025-11-02;14;1651
11;2025-11-02;15;1634
11;2025-11-02;16;1554
11;2025-11-02;17;1651
11;2025-11-02;18;1251
11;2025-11-02;19;1024
11;2025-11-02;20;808
11;2025-11-02;21;604
11;2025-11-02;22;342
11;2025-11-02;23;244
11;2025-11-03;0;94
11;2025-11-03;1;8
11;2025-11-03;2;0
11;2025-11-03;3;0
11;2025-11-03;4;2
11;2025-11-03;5;124
11;2025-11-03;6;513
11;2025-11-03;7;519
11;2025-11-03;8;697
11;2025-11-03;9;881
11;2025-11-03;10;992
11;2025-11-03;11;1366
11;2025-11-03;12;1494
11;2025-11-03;13;1421
11;2025-11-03;14;1541
11;2025-11-03;15;1490
11;2025-11-03;16;1447
11;2025-11-03;17;1501
11;2025-11-03;18;1186
11;2025-11-03;19;1028
11;2025-11-03;20;781
11;2025-11-03;21;571
11;2025-11-03;22;327
11;2025-11-03;23;229
11;2025-11-04;0;94
11;2025-11-04;1;8
11;2025-11-04;2;0
11;2025-11-04;3;0
11;2025-11-04;4;2
11;2025-11-04;5;124
11;2025-11-04;6;513
11;2025-11-04;7;519
11;2025-11-04;8;697
11;2025-11-04;9;881
11;2025-11-04;10;992
11;2025-11-04;11;1366
11;2025-11-04;12;1494
11;2025-11-04;13;1421
11;2025-11-04;14;1541
11;2025-11-04;15;1490
11;2025-11-04;16;1447
11;2025-11-04;17;1501
11;2025-11-04;18;1186
11;2025-11-04;19;1028
11;2025-11-04;20;781
11;2025-11-04;21;571
11;2025-11-04;22;327
11;2025-11-04;23;229
11;2025-11-05;0;65
11;2025-11-05;1;3
11;2025-11-05;2;0
11;2025-11-05;3;0
11;2025-11-05;4;3
11;2025-11-05;5;282
11;2025-11-05;6;1282
11;2025-11-05;7;2394
11;2025-11-05;8;3136
11;2025-11-05;9;2418
11;2025-11-05;10;1890
11;2025-11-05;11;1831
11;2025-11-05;12;1853
11;2025-11-05;13;2029
11;2025-11-05;14;1985
11;2025-11-05;15;2032
11;2025-11-05;16;2235
11;2025-11-05;17;2773
11;2025-11-05;18;3095
11;2025-11-05;19;2208
11;2025-11-05;20;1403
11;2025-11-05;21;843
11;2025-11-05;22;409
11;2025-11-05;23;217
11;2025-11-06;0;65
11;2025-11-06;1;3
11;2025-11-06;2;0
11;2025-11-06;3;0
11;2025-11-06;4;3
11;2025-11-06;5;282
11;2025-11-06;6;1282
11;2025-11-06;7;2394
11;2025-11-06;8;3136
11;2025-11-06;9;2418
11;2025-11-06;10;1890
11;2025-11-06;11;1831
11;2025-11-06;12;1853
11;2025-11-06;13;2029
11;2025-11-06;14;1985
11;2025-11-06;15;2032
11;2025-11-06;16;2235
11;2025-11-06;17;2773
11;2025-11-06;18;3095
11;2025-11-06;19;2208
11;2025-11-06;20;1403
11;2025-11-06;21;843
11;2025-11-06;22;409
11;2025-11-06;23;217
11;2025-11-07;0;77
11;2025-11-07;1;3
11;2025-11-07;2;0
11;2025-11-07;3;0
11;2025-11-07;4;3
11;2025-11-07;5;281
11;2025-11-07;6;1275
11;2025-11-07;7;2296
11;2025-11-07;8;3055
11;2025-11-07;9;2278
11;2025-11-07;10;1821
11;2025-11-07;11;1762
11;2025-11-07;12;1837
11;2025-11-07;13;1901
11;2025-11-07;14;2021
11;2025-11-07;15;2128
11;2025-11-07;16;2372
11;2025-11-07;17;2862
11;2025-11-07;18;2454
11;2025-11-07;19;1902
11;2025-11-07;20;1338
11;2025-11-07;21;840
11;2025-11-07;22;419
11;2025-11-07;23;298
11;2025-11-08;0;109
11;2025-11-08;1;3
11;2025-11-08;2;0
11;2025-11-08;3;0
11;2025-11-08;4;3
11;2025-11-08;5;176
11;2025-11-08;6;743
11;2025-11-08;7;725
11;2025-11-08;8;978
11;2025-11-08;9;1137
11;2025-11-08;10;1299
11;2025-11-08;11;1695
11;2025-11-08;12;1873
11;2025-11-08;13;1763
11;2025-11-08;14;1930
11;2025-11-08;15;1820
11;2025-11-08;16;1808
11;2025-11-08;17;1827
11;2025-11-08;18;1510
11;2025-11-08;19;1381
11;2025-11-08;20;1012
11;2025-11-08;21;726
11;2025-11-08;22;419
11;2025-11-08;23;288
11;2025-11-09;0;108
11;2025-11-09;1;14
11;2025-11-09;2;0
11;2025-11-09;3;0
11;2025-11-09;4;2
11;2025-11-09;5;115
11;2025-11-09;6;467
11;2025-11-09;7;493
11;2025-11-09;8;661
11;2025-11-09;9;916
11;2025-11-09;10;1016
11;2025-11-09;11;1477
11;2025-11-09;12;1599
11;2025-11-09;13;1536
11;2025-11-09;14;1651
11;2025-11-09;15;1634
11;2025-11-09;16;1554
11;2025-11-09;17;1651
11;2025-11-09;18;1251
11;2025-11-09;19;1024
11;2025-11-09;20;808
11;2025-11-09;21;604
11;2025-11-09;22;342
11;2025-11-09;23;244
11;2025-11-10;0;63
11;2025-11-10;1;3
11;2025-11-10;2;0
11;2025-11-10;3;0
11;2025-11-10;4;3
11;2025-11-10;5;274
11;2025-11-10;6;1248
11;2025-11-10;7;2330
11;2025-11-10;8;3052
11;2025-11-10;9;2353
11;2025-11-10;10;1840
11;2025-11-10;11;1782
11;2025-11-10;12;1803
11;2025-11-10;13;1975
11;2025-11-10;14;1932
11;2025-11-10;15;1978
11;2025-11-10;16;2175
11;2025-11-10;17;2698
11;2025-11-10;18;3012
11;2025-11-10;19;2149
11;2025-11-10;20;1366
11;2025-11-10;21;821
11;2025-11-10;22;398
11;2025-11-10;23;211
11;2025-11-11;0;65
11;2025-11-11;1;3
11;2025-11-11;2;0
11;2025-11-11;3;0
11;2025-11-11;4;3
11;2025-11-11;5;282
11;2025-11-11;6;1282
11;2025-11-11;7;2394
11;2025-11-11;8;3136
11;2025-11-11;9;2418
11;2025-11-11;10;1890
11;2025-11-11;11;1831
11;2025-11-11;12;1853
11;2025-11-11;13;2029
11;2025-11-11;14;1985
11;2025-11-11;15;2032
11;2025-11-11;16;2235
11;2025-11-11;17;2773
11;2025-11-11;18;3095
11;2025-11-11;19;2208
11;2025-11-11;20;1403
11;2025-11-11;21;843
11;2025-11-11;22;409
11;2025-11-11;23;217
11;2025-11-12;0;65
11;2025-11-12;1;3
11;2025-11-12;2;0
11;2025-11-12;3;0
11;2025-11-12;4;3
11;2025-11-12;5;282
11;2025-11-12;6;1282
11;2025-11-12;7;2394
11;2025-11-12;8;3136
11;2025-11-12;9;2418
11;2025-11-12;10;1890
11;2025-11-12;11;1831
11;2025-11-12;12;1853
11;2025-11-12;13;2029
11;2025-11-12;14;1985
11;2025-11-12;15;2032
11;2025-11-12;16;2235
11;2025-11-12;17;2773
11;2025-11-12;18;3095
11;2025-11-12;19;2208
11;2025-11-12;20;1403
11;2025-11-12;21;843
11;2025-11-12;22;409
11;2025-11-12;23;217
11;2025-11-13;0;65
11;2025-11-13;1;3
11;2025-11-13;2;0
11;2025-11-13;3;0
11;2025-11-13;4;3
11;2025-11-13;5;282
11;2025-11-13;6;1282
11;2025-11-13;7;2394
11;2025-11-13;8;3136
11;2025-11-13;9;2418
11;2025-11-13;10;1890
11;2025-11-13;11;1831
11;2025-11-13;12;1853
11;2025-11-13;13;2029
11;2025-11-13;14;1985
11;2025-11-13;15;2032
11;2025-11-13;16;2235
11;2025-11-13;17;2773
11;2025-11-13;18;3095
11;2025-11-13;19;2208
11;2025-11-13;20;1403
11;2025-11-13;21;843
11;2025-11-13;22;409
11;2025-11-13;23;217
11;2025-11-14;0;77
11;2025-11-14;1;3
11;2025-11-14;2;0
11;2025-11-14;3;0
11;2025-11-14;4;3
11;2025-11-14;5;281
11;2025-11-14;6;1275
11;2025-11-14;7;2296
11;2025-11-14;8;3055
11;2025-11-14;9;2278
11;2025-11-14;10;1821
11;2025-11-14;11;1762
11;2025-11-14;12;1837
11;2025-11-14;13;1901
11;2025-11-14;14;2021
11;2025-11-14;15;2128
11;2025-11-14;16;2372
11;2025-11-14;17;2862
11;2025-11-14;18;2454
11;2025-11-14;19;1902
11;2025-11-14;20;1338
11;2025-11-14;21;840
11;2025-11-14;22;419
11;2025-11-14;23;298
11;2025-11-15;0;109
11;2025-11-15;1;3
11;2025-11-15;2;0
11;2025-11-15;3;0
11;2025-11-15;4;3
11;2025-11-15;5;176
11;2025-11-15;6;743
11;2025-11-15;7;725
11;2025-11-15;8;978
11;2025-11-15;9;1137
11;2025-11-15;10;1299
11;2025-11-15;11;1695
11;2025-11-15;12;1873
11;2025-11-15;13;1763
11;2025-11-15;14;1930
11;2025-11-15;15;1820
11;2025-11-15;16;1808
11;2025-11-15;17;1827
11;2025-11-15;18;1510
11;2025-11-15;19;1381
11;2025-11-15;20;1012
11;2025-11-15;21;726
11;2025-11-15;22;419
11;2025-11-15;23;288
11;2025-11-16;0;108
11;2025-11-16;1;14
11;2025-11-16;2;0
11;2025-11-16;3;0
11;2025-11-16;4;2
11;2025-11-16;5;115
11;2025-11-16;6;467
11;2025-11-16;7;493
11;2025-11-16;8;661
11;2025-11-16;9;916
11;2025-11-16;10;1016
11;2025-11-16;11;1477
11;2025-11-16;12;1599
11;2025-11-16;13;1536
11;2025-11-16;14;1651
11;2025-11-16;15;1634
11;2025-11-16;16;1554
11;2025-11-16;17;1651
11;2025-11-16;18;1251
11;2025-11-16;19;1024
11;2025-11-16;20;808
11;2025-11-16;21;604
11;2025-11-16;22;342
11;2025-11-16;23;244
11;2025-11-17;0;63
11;2025-11-17;1;3
11;2025-11-17;2;0
11;2025-11-17;3;0
11;2025-11-17;4;3
11;2025-11-17;5;274
11;2025-11-17;6;1248
11;2025-11-17;7;2330
11;2025-11-17;8;3052
11;2025-11-17;9;2353
11;2025-11-17;10;1840
11;2025-11-17;11;1782
11;2025-11-17;12;1803
11;2025-11-17;13;1975
11;2025-11-17;14;1932
11;2025-11-17;15;1978
11;2025-11-17;16;2175
11;2025-11-17;17;2698
11;2025-11-17;18;3012
11;2025-11-17;19;2149
11;2025-11-17;20;1366
11;2025-11-17;21;821
11;2025-11-17;22;398
11;2025-11-17;23;211
11;2025-11-18;0;65
11;2025-11-18;1;3
11;2025-11-18;2;0
11;2025-11-18;3;0
11;2025-11-18;4;3
11;2025-11-18;5;282
11;2025-11-18;6;1282
11;2025-11-18;7;2394
11;2025-11-18;8;3136
11;2025-11-18;9;2418
11;2025-11-18;10;1890
11;2025-11-18;11;1831
11;2025-11-18;12;1853
11;2025-11-18;13;2029
11;2025-11-18;14;1985
11;2025-11-18;15;2032
11;2025-11-18;16;2235
11;2025-11-18;17;2773
11;2025-11-18;18;3095
11;2025-11-18;19;2208
11;2025-11-18;20;1403
11;2025-11-18;21;843
11;2025-11-18;22;409
11;2025-11-18;23;217
11;2025-11-19;0;65
11;2025-11-19;1;3
11;2025-11-19;2;0
11;2025-11-19;3;0
11;2025-11-19;4;3
11;2025-11-19;5;282
11;2025-11-19;6;1282
11;2025-11-19;7;2394
11;2025-11-19;8;3136
11;2025-11-19;9;2418
11;2025-11-19;10;1890
11;2025-11-19;11;1831
11;2025-11-19;12;1853
11;2025-11-19;13;2029
11;2025-11-19;14;1985
11;2025-11-19;15;2032
11;2025-11-19;16;2235
11;2025-11-19;17;2773
11;2025-11-19;18;3095
11;2025-11-19;19;2208
11;2025-11-19;20;1403
11;2025-11-19;21;843
11;2025-11-19;22;409
11;2025-11-19;23;217
11;2025-11-20;0;65
11;2025-11-20;1;3
11;2025-11-20;2;0
11;2025-11-20;3;0
11;2025-11-20;4;3
11;2025-11-20;5;282
11;2025-11-20;6;1282
11;2025-11-20;7;2394
11;2025-11-20;8;3136
11;2025-11-20;9;2418
11;2025-11-20;10;1890
11;2025-11-20;11;1831
11;2025-11-20;12;1853
11;2025-11-20;13;2029
11;2025-11-20;14;1985
11;2025-11-20;15;2032
11;2025-11-20;16;2235
11;2025-11-20;17;2773
11;2025-11-20;18;3095
11;2025-11-20;19;2208
11;2025-11-20;20;1403
11;2025-11-20;21;843
11;2025-11-20;22;409
11;2025-11-20;23;217
11;2025-11-21;0;77
11;2025-11-21;1;3
11;2025-11-21;2;0
11;2025-11-21;3;0
11;2025-11-21;4;3
11;2025-11-21;5;281
11;2025-11-21;6;1275
11;2025-11-21;7;2296
11;2025-11-21;8;3055
11;2025-11-21;9;2278
11;2025-11-21;10;1821
11;2025-11-21;11;1762
11;2025-11-21;12;1837
11;2025-11-21;13;1901
11;2025-11-21;14;2021
11;2025-11-21;15;2128
11;2025-11-21;16;2372
11;2025-11-21;17;2862
11;2025-11-21;18;2454
11;2025-11-21;19;1902
11;2025-11-21;20;1338
11;2025-11-21;21;840
11;2025-11-21;22;419
11;2025-11-21;23;298
11;2025-11-22;0;109
11;2025-11-22;1;3
11;2025-11-22;2;0
11;2025-11-22;3;0
11;2025-11-22;4;3
11;2025-11-22;5;176
11;2025-11-22;6;743
11;2025-11-22;7;725
11;2025-11-22;8;978
11;2025-11-22;9;1137
11;2025-11-22;10;1299
11;2025-11-22;11;1695
11;2025-11-22;12;1873
11;2025-11-22;13;1763
11;2025-11-22;14;1930
11;2025-11-22;15;1820
11;2025-11-22;16;1808
11;2025-11-22;17;1827
11;2025-11-22;18;1510
11;2025-11-22;19;1381
11;2025-11-22;20;1012
11;2025-11-22;21;726
11;2025-11-22;22;419
11;2025-11-22;23;288
11;2025-11-23;0;108
11;2025-11-23;1;14
11;2025-11-23;2;0
11;2025-11-23;3;0
11;2025-11-23;4;2
11;2025-11-23;5;115
11;2025-11-23;6;467
11;2025-11-23;7;493
11;2025-11-23;8;661
11;2025-11-23;9;916
11;2025-11-23;10;1016
11;2025-11-23;11;1477
11;2025-11-23;12;1599
11;2025-11-23;13;1536
11;2025-11-23;14;1651
11;2025-11-23;15;1634
11;2025-11-23;16;1554
11;2025-11-23;17;1651
11;2025-11-23;18;1251
11;2025-11-23;19;1024
11;2025-11-23;20;808
11;2025-11-23;21;604
11;2025-11-23;22;342
11;2025-11-23;23;244
11;2025-11-24;0;63
11;2025-11-24;1;3
11;2025-11-24;2;0
11;2025-11-24;3;0
11;2025-11-24;4;3
11;2025-11-24;5;274
11;2025-11-24;6;1248
11;2025-11-24;7;2330
11;2025-11-24;8;3052
11;2025-11-24;9;2353
11;2025-11-24;10;1840
11;2025-11-24;11;1782
11;2025-11-24;12;1803
11;2025-11-24;13;1975
11;2025-11-24;14;1932
11;2025-11-24;15;1978
11;2025-11-24;16;2175
11;2025-11-24;17;2698
11;2025-11-24;18;3012
11;2025-11-24;19;2149
11;2025-11-24;20;1366
11;2025-11-24;21;821
11;2025-11-24;22;398
11;2025-11-24;23;211
11;2025-11-25;0;65
11;2025-11-25;1;3
11;2025-11-25;2;0
11;2025-11-25;3;0
11;2025-11-25;4;3
11;2025-11-25;5;282
11;2025-11-25;6;1282
11;2025-11-25;7;2394
11;2025-11-25;8;3136
11;2025-11-25;9;2418
11;2025-11-25;10;1890
11;2025-11-25;11;1831
11;2025-11-25;12;1853
11;2025-11-25;13;2029
11;2025-11-25;14;1985
11;2025-11-25;15;2032
11;2025-11-25;16;2235
11;2025-11-25;17;2773
11;2025-11-25;18;3095
11;2025-11-25;19;2208
11;2025-11-25;20;1403
11;2025-11-25;21;843
11;2025-11-25;22;409
11;2025-11-25;23;217
11;2025-11-26;0;65
11;2025-11-26;1;3
11;2025-11-26;2;0
11;2025-11-26;3;0
11;2025-11-26;4;3
11;2025-11-26;5;282
11;2025-11-26;6;1282
11;2025-11-26;7;2394
11;2025-11-26;8;3136
11;2025-11-26;9;2418
11;2025-11-26;10;1890
11;2025-11-26;11;1831
11;2025-11-26;12;1853
11;2025-11-26;13;2029
11;2025-11-26;14;1985
11;2025-11-26;15;2032
11;2025-11-26;16;2235
11;2025-11-26;17;2773
11;2025-11-26;18;3095
11;2025-11-26;19;2208
11;2025-11-26;20;1403
11;2025-11-26;21;843
11;2025-11-26;22;409
11;2025-11-26;23;217
11;2025-11-27;0;65
11;2025-11-27;1;3
11;2025-11-27;2;0
11;2025-11-27;3;0
11;2025-11-27;4;3
11;2025-11-27;5;282
11;2025-11-27;6;1282
11;2025-11-27;7;2394
11;2025-11-27;8;3136
11;2025-11-27;9;2418
11;2025-11-27;10;1890
11;2025-11-27;11;1831
11;2025-11-27;12;1853
11;2025-11-27;13;2029
11;2025-11-27;14;1985
11;2025-11-27;15;2032
11;2025-11-27;16;2235
11;2025-11-27;17;2773
11;2025-11-27;18;3095
11;2025-11-27;19;2208
11;2025-11-27;20;1403
11;2025-11-27;21;843
11;2025-11-27;22;409
11;2025-11-27;23;217
11;2025-11-28;0;77
11;2025-11-28;1;3
11;2025-11-28;2;0
11;2025-11-28;3;0
11;2025-11-28;4;3
11;2025-11-28;5;281
11;2025-11-28;6;1275
11;2025-11-28;7;2296
11;2025-11-28;8;3055
11;2025-11-28;9;2278
11;2025-11-28;10;1821
11;2025-11-28;11;1762
11;2025-11-28;12;1837
11;2025-11-28;13;1901
11;2025-11-28;14;2021
11;2025-11-28;15;2128
11;2025-11-28;16;2372
11;2025-11-28;17;2862
11;2025-11-28;18;2454
11;2025-11-28;19;1902
11;2025-11-28;20;1338
11;2025-11-28;21;840
11;2025-11-28;22;419
11;2025-11-28;23;298
11;2025-11-29;0;109
11;2025-11-29;1;3
11;2025-11-29;2;0
11;2025-11-29;3;0
11;2025-11-29;4;3
11;2025-11-29;5;176
11;2025-11-29;6;743
11;2025-11-29;7;725
11;2025-11-29;8;978
11;2025-11-29;9;1137
11;2025-11-29;10;1299
11;2025-11-29;11;1695
11;2025-11-29;12;1873
11;2025-11-29;13;1763
11;2025-11-29;14;1930
11;2025-11-29;15;1820
11;2025-11-29;16;1808
11;2025-11-29;17;1827
11;2025-11-29;18;1510
11;2025-11-29;19;1381
11;2025-11-29;20;1012
11;2025-11-29;21;726
11;2025-11-29;22;419
11;2025-11-29;23;288
11;2025-11-30;0;108
11;2025-11-30;1;14
11;2025-11-30;2;0
11;2025-11-30;3;0
11;2025-11-30;4;2
11;2025-11-30;5;115
11;2025-11-30;6;467
11;2025-11-30;7;493
11;2025-11-30;8;661
11;2025-11-30;9;916
11;2025-11-30;10;1016
11;2025-11-30;11;1477
11;2025-11-30;12;1599
11;2025-11-30;13;1536
11;2025-11-30;14;1651
11;2025-11-30;15;1634
11;2025-11-30;16;1554
11;2025-11-30;17;1651
11;2025-11-30;18;1251
11;2025-11-30;19;1024
11;2025-11-30;20;808
11;2025-11-30;21;604
11;2025-11-30;22;342
11;2025-11-30;23;244
11;2025-12-01;0;64
11;2025-12-01;1;3
11;2025-12-01;2;0
11;2025-12-01;3;0
11;2025-12-01;4;4
11;2025-12-01;5;282
11;2025-12-01;6;1243
11;2025-12-01;7;2318
11;2025-12-01;8;3039
11;2025-12-01;9;2355
11;2025-12-01;10;1817
11;2025-12-01;11;1772
11;2025-12-01;12;1788
11;2025-12-01;13;1970
11;2025-12-01;14;1924
11;2025-12-01;15;1999
11;2025-12-01;16;2189
11;2025-12-01;17;2707
11;2025-12-01;18;3019
11;2025-12-01;19;2153
11;2025-12-01;20;1374
11;2025-12-01;21;831
11;2025-12-01;22;406
11;2025-12-01;23;208
11;2025-12-02;0;65
11;2025-12-02;1;3
11;2025-12-02;2;0
11;2025-12-02;3;0
11;2025-12-02;4;4
11;2025-12-02;5;290
11;2025-12-02;6;1277
11;2025-12-02;7;2382
11;2025-12-02;8;3123
11;2025-12-02;9;2420
11;2025-12-02;10;1867
11;2025-12-02;11;1821
11;2025-12-02;12;1837
11;2025-12-02;13;2025
11;2025-12-02;14;1977
11;2025-12-02;15;2054
11;2025-12-02;16;2249
11;2025-12-02;17;2782
11;2025-12-02;18;3103
11;2025-12-02;19;2213
11;2025-12-02;20;1411
11;2025-12-02;21;854
11;2025-12-02;22;418
11;2025-12-02;23;214
11;2025-12-03;0;65
11;2025-12-03;1;3
11;2025-12-03;2;0
11;2025-12-03;3;0
11;2025-12-03;4;4
11;2025-12-03;5;290
11;2025-12-03;6;1277
11;2025-12-03;7;2382
11;2025-12-03;8;3123
11;2025-12-03;9;2420
11;2025-12-03;10;1867
11;2025-12-03;11;1821
11;2025-12-03;12;1837
11;2025-12-03;13;2025
11;2025-12-03;14;1977
11;2025-12-03;15;2054
11;2025-12-03;16;2249
11;2025-12-03;17;2782
11;2025-12-03;18;3103
11;2025-12-03;19;2213
11;2025-12-03;20;1411
11;2025-12-03;21;854
11;2025-12-03;22;418
11;2025-12-03;23;214
11;2025-12-04;0;65
11;2025-12-04;1;3
11;2025-12-04;2;0
11;2025-12-04;3;0
11;2025-12-04;4;4
11;2025-12-04;5;290
11;2025-12-04;6;1277
11;2025-12-04;7;2382
11;2025-12-04;8;3123
11;2025-12-04;9;2420
11;2025-12-04;10;1867
11;2025-12-04;11;1821
11;2025-12-04;12;1837
11;2025-12-04;13;2025
11;2025-12-04;14;1977
11;2025-12-04;15;2054
11;2025-12-04;16;2249
11;2025-12-04;17;2782
11;2025-12-04;18;3103
11;2025-12-04;19;2213
11;2025-12-04;20;1411
11;2025-12-04;21;854
11;2025-12-04;22;418
11;2025-12-04;23;214
11;2025-12-05;0;78
11;2025-12-05;1;3
11;2025-12-05;2;0
11;2025-12-05;3;0
11;2025-12-05;4;3
11;2025-12-05;5;287
11;2025-12-05;6;1271
11;2025-12-05;7;2271
11;2025-12-05;8;3009
11;2025-12-05;9;2290
11;2025-12-05;10;1817
11;2025-12-05;11;1767
11;2025-12-05;12;1826
11;2025-12-05;13;1909
11;2025-12-05;14;2012
11;2025-12-05;15;2143
11;2025-12-05;16;2391
11;2025-12-05;17;2857
11;2025-12-05;18;2463
11;2025-12-05;19;1922
11;2025-12-05;20;1343
11;2025-12-05;21;844
11;2025-12-05;22;429
11;2025-12-05;23;291
11;2025-12-06;0;110
11;2025-12-06;1;3
11;2025-12-06;2;0
11;2025-12-06;3;0
11;2025-12-06;4;3
11;2025-12-06;5;177
11;2025-12-06;6;723
11;2025-12-06;7;717
11;2025-12-06;8;962
11;2025-12-06;9;1128
11;2025-12-06;10;1277
11;2025-12-06;11;1685
11;2025-12-06;12;1851
11;2025-12-06;13;1747
11;2025-12-06;14;1899
11;2025-12-06;15;1797
11;2025-12-06;16;1806
11;2025-12-06;17;1808
11;2025-12-06;18;1507
11;2025-12-06;19;1361
11;2025-12-06;20;1016
11;2025-12-06;21;726
11;2025-12-06;22;419
11;2025-12-06;23;289
11;2025-12-07;0;105
11;2025-12-07;1;13
11;2025-12-07;2;0
11;2025-12-07;3;0
11;2025-12-07;4;2
11;2025-12-07;5;116
11;2025-12-07;6;456
11;2025-12-07;7;488
11;2025-12-07;8;648
11;2025-12-07;9;902
11;2025-12-07;10;1001
11;2025-12-07;11;1452
11;2025-12-07;12;1582
11;2025-12-07;13;1517
11;2025-12-07;14;1633
11;2025-12-07;15;1618
11;2025-12-07;16;1543
11;2025-12-07;17;1624
11;2025-12-07;18;1238
11;2025-12-07;19;1018
11;2025-12-07;20;807
11;2025-12-07;21;601
11;2025-12-07;22;338
11;2025-12-07;23;242
11;2025-12-08;0;64
11;2025-12-08;1;3
11;2025-12-08;2;0
11;2025-12-08;3;0
11;2025-12-08;4;4
11;2025-12-08;5;282
11;2025-12-08;6;1243
11;2025-12-08;7;2318
11;2025-12-08;8;3039
11;2025-12-08;9;2355
11;2025-12-08;10;1817
11;2025-12-08;11;1772
11;2025-12-08;12;1788
11;2025-12-08;13;1970
11;2025-12-08;14;1924
11;2025-12-08;15;1999
11;2025-12-08;16;2189
11;2025-12-08;17;2707
11;2025-12-08;18;3019
11;2025-12-08;19;2153
11;2025-12-08;20;1374
11;2025-12-08;21;831
11;2025-12-08;22;406
11;2025-12-08;23;208
11;2025-12-09;0;65
11;2025-12-09;1;3
11;2025-12-09;2;0
11;2025-12-09;3;0
11;2025-12-09;4;4
11;2025-12-09;5;290
11;2025-12-09;6;1277
11;2025-12-09;7;2382
11;2025-12-09;8;3123
11;2025-12-09;9;2420
11;2025-12-09;10;1867
11;2025-12-09;11;1821
11;2025-12-09;12;1837
11;2025-12-09;13;2025
11;2025-12-09;14;1977
11;2025-12-09;15;2054
11;2025-12-09;16;2249
11;2025-12-09;17;2782
11;2025-12-09;18;3103
11;2025-12-09;19;2213
11;2025-12-09;20;1411
11;2025-12-09;21;854
11;2025-12-09;22;418
11;2025-12-09;23;214
11;2025-12-10;0;65
11;2025-12-10;1;3
11;2025-12-10;2;0
11;2025-12-10;3;0
11;2025-12-10;4;4
11;2025-12-10;5;290
11;2025-12-10;6;1277
11;2025-12-10;7;2382
11;2025-12-10;8;3123
11;2025-12-10;9;2420
11;2025-12-10;10;1867
11;2025-12-10;11;1821
11;2025-12-10;12;1837
11;2025-12-10;13;2025
11;2025-12-10;14;1977
11;2025-12-10;15;2054
11;2025-12-10;16;2249
11;2025-12-10;17;2782
11;2025-12-10;18;3103
11;2025-12-10;19;2213
11;2025-12-10;20;1411
11;2025-12-10;21;854
11;2025-12-10;22;418
11;2025-12-10;23;214
11;2025-12-11;0;65
11;2025-12-11;1;3
11;2025-12-11;2;0
11;2025-12-11;3;0
11;2025-12-11;4;4
11;2025-12-11;5;290
11;2025-12-11;6;1277
11;2025-12-11;7;2382
11;2025-12-11;8;3123
11;2025-12-11;9;2420
11;2025-12-11;10;1867
11;2025-12-11;11;1821
11;2025-12-11;12;1837
11;2025-12-11;13;2025
11;2025-12-11;14;1977
11;2025-12-11;15;2054
11;2025-12-11;16;2249
11;2025-12-11;17;2782
11;2025-12-11;18;3103
11;2025-12-11;19;2213
11;2025-12-11;20;1411
11;2025-12-11;21;854
11;2025-12-11;22;418
11;2025-12-11;23;214
11;2025-12-12;0;78
11;2025-12-12;1;3
11;2025-12-12;2;0
11;2025-12-12;3;0
11;2025-12-12;4;3
11;2025-12-12;5;287
11;2025-12-12;6;1271
11;2025-12-12;7;2271
11;2025-12-12;8;3009
11;2025-12-12;9;2290
11;2025-12-12;10;1817
11;2025-12-12;11;1767
11;2025-12-12;12;1826
11;2025-12-12;13;1909
11;2025-12-12;14;2012
11;2025-12-12;15;2143
11;2025-12-12;16;2391
11;2025-12-12;17;2857
11;2025-12-12;18;2463
11;2025-12-12;19;1922
11;2025-12-12;20;1343
11;2025-12-12;21;844
11;2025-12-12;22;429
11;2025-12-12;23;291
11;2025-12-13;0;110
11;2025-12-13;1;3
11;2025-12-13;2;0
11;2025-12-13;3;0
11;2025-12-13;4;3
11;2025-12-13;5;177
11;2025-12-13;6;723
11;2025-12-13;7;717
11;2025-12-13;8;962
11;2025-12-13;9;1128
11;2025-12-13;10;1277
11;2025-12-13;11;1685
11;2025-12-13;12;1851
11;2025-12-13;13;1747
11;2025-12-13;14;1899
11;2025-12-13;15;1797
11;2025-12-13;16;1806
11;2025-12-13;17;1808
11;2025-12-13;18;1507
11;2025-12-13;19;1361
11;2025-12-13;20;1016
11;2025-12-13;21;726
11;2025-12-13;22;419
11;2025-12-13;23;289
11;2025-12-14;0;105
11;2025-12-14;1;13
11;2025-12-14;2;0
11;2025-12-14;3;0
11;2025-12-14;4;2
11;2025-12-14;5;116
11;2025-12-14;6;456
11;2025-12-14;7;488
11;2025-12-14;8;648
11;2025-12-14;9;902
11;2025-12-14;10;1001
11;2025-12-14;11;1452
11;2025-12-14;12;1582
11;2025-12-14;13;1517
11;2025-12-14;14;1633
11;2025-12-14;15;1618
11;2025-12-14;16;1543
11;2025-12-14;17;1624
11;2025-12-14;18;1238
11;2025-12-14;19;1018
11;2025-12-14;20;807
11;2025-12-14;21;601
11;2025-12-14;22;338
11;2025-12-14;23;242
11;2025-12-15;0;64
11;2025-12-15;1;3
11;2025-12-15;2;0
11;2025-12-15;3;0
11;2025-12-15;4;4
11;2025-12-15;5;282
11;2025-12-15;6;1243
11;2025-12-15;7;2318
11;2025-12-15;8;3039
11;2025-12-15;9;2355
11;2025-12-15;10;1817
11;2025-12-15;11;1772
11;2025-12-15;12;1788
11;2025-12-15;13;1970
11;2025-12-15;14;1924
11;2025-12-15;15;1999
11;2025-12-15;16;2189
11;2025-12-15;17;2707
11;2025-12-15;18;3019
11;2025-12-15;19;2153
11;2025-12-15;20;1374
11;2025-12-15;21;831
11;2025-12-15;22;406
11;2025-12-15;23;208
11;2025-12-16;0;65
11;2025-12-16;1;3
11;2025-12-16;2;0
11;2025-12-16;3;0
11;2025-12-16;4;4
11;2025-12-16;5;290
11;2025-12-16;6;1277
11;2025-12-16;7;2382
11;2025-12-16;8;3123
11;2025-12-16;9;2420
11;2025-12-16;10;1867
11;2025-12-16;11;1821
11;2025-12-16;12;1837
11;2025-12-16;13;2025
11;2025-12-16;14;1977
11;2025-12-16;15;2054
11;2025-12-16;16;2249
11;2025-12-16;17;2782
11;2025-12-16;18;3103
11;2025-12-16;19;2213
11;2025-12-16;20;1411
11;2025-12-16;21;854
11;2025-12-16;22;418
11;2025-12-16;23;214
11;2025-12-17;0;65
11;2025-12-17;1;3
11;2025-12-17;2;0
11;2025-12-17;3;0
11;2025-12-17;4;4
11;2025-12-17;5;290
11;2025-12-17;6;1277
11;2025-12-17;7;2382
11;2025-12-17;8;3123
11;2025-12-17;9;2420
11;2025-12-17;10;1867
11;2025-12-17;11;1821
11;2025-12-17;12;1837
11;2025-12-17;13;2025
11;2025-12-17;14;1977
11;2025-12-17;15;2054
11;2025-12-17;16;2249
11;2025-12-17;17;2782
11;2025-12-17;18;3103
11;2025-12-17;19;2213
11;2025-12-17;20;1411
11;2025-12-17;21;854
11;2025-12-17;22;418
11;2025-12-17;23;214
11;2025-12-18;0;65
11;2025-12-18;1;3
11;2025-12-18;2;0
11;2025-12-18;3;0
11;2025-12-18;4;4
11;2025-12-18;5;290
11;2025-12-18;6;1277
11;2025-12-18;7;2382
11;2025-12-18;8;3123
11;2025-12-18;9;2420
11;2025-12-18;10;1867
11;2025-12-18;11;1821
11;2025-12-18;12;1837
11;2025-12-18;13;2025
11;2025-12-18;14;1977
11;2025-12-18;15;2054
11;2025-12-18;16;2249
11;2025-12-18;17;2782
11;2025-12-18;18;3103
11;2025-12-18;19;2213
11;2025-12-18;20;1411
11;2025-12-18;21;854
11;2025-12-18;22;418
11;2025-12-18;23;214
11;2025-12-19;0;78
11;2025-12-19;1;3
11;2025-12-19;2;0
11;2025-12-19;3;0
11;2025-12-19;4;3
11;2025-12-19;5;287
11;2025-12-19;6;1271
11;2025-12-19;7;2271
11;2025-12-19;8;3009
11;2025-12-19;9;2290
11;2025-12-19;10;1817
11;2025-12-19;11;1767
11;2025-12-19;12;1826
11;2025-12-19;13;1909
11;2025-12-19;14;2012
11;2025-12-19;15;2143
11;2025-12-19;16;2391
11;2025-12-19;17;2857
11;2025-12-19;18;2463
11;2025-12-19;19;1922
11;2025-12-19;20;1343
11;2025-12-19;21;844
11;2025-12-19;22;429
11;2025-12-19;23;291
11;2025-12-20;0;110
11;2025-12-20;1;3
11;2025-12-20;2;0
11;2025-12-20;3;0
11;2025-12-20;4;3
11;2025-12-20;5;177
11;2025-12-20;6;723
11;2025-12-20;7;717
11;2025-12-20;8;962
11;2025-12-20;9;1128
11;2025-12-20;10;1277
11;2025-12-20;11;1685
11;2025-12-20;12;1851
11;2025-12-20;13;1747
11;2025-12-20;14;1899
11;2025-12-20;15;1797
11;2025-12-20;16;1806
11;2025-12-20;17;1808
11;2025-12-20;18;1507
11;2025-12-20;19;1361
11;2025-12-20;20;1016
11;2025-12-20;21;726
11;2025-12-20;22;419
11;2025-12-20;23;289
11;2025-12-21;0;105
11;2025-12-21;1;13
11;2025-12-21;2;0
11;2025-12-21;3;0
11;2025-12-21;4;2
11;2025-12-21;5;116
11;2025-12-21;6;456
11;2025-12-21;7;488
11;2025-12-21;8;648
11;2025-12-21;9;902
11;2025-12-21;10;1001
11;2025-12-21;11;1452
11;2025-12-21;12;1582
11;2025-12-21;13;1517
11;2025-12-21;14;1633
11;2025-12-21;15;1618
11;2025-12-21;16;1543
11;2025-12-21;17;1624
11;2025-12-21;18;1238
11;2025-12-21;19;1018
11;2025-12-21;20;807
11;2025-12-21;21;601
11;2025-12-21;22;338
11;2025-12-21;23;242
11;2025-12-22;0;64
11;2025-12-22;1;3
11;2025-12-22;2;0
11;2025-12-22;3;0
11;2025-12-22;4;4
11;2025-12-22;5;282
11;2025-12-22;6;1243
11;2025-12-22;7;2318
11;2025-12-22;8;3039
11;2025-12-22;9;2355
11;2025-12-22;10;1817
11;2025-12-22;11;1772
11;2025-12-22;12;1788
11;2025-12-22;13;1970
11;2025-12-22;14;1924
11;2025-12-22;15;1999
11;2025-12-22;16;2189
11;2025-12-22;17;2707
11;2025-12-22;18;3019
11;2025-12-22;19;2153
11;2025-12-22;20;1374
11;2025-12-22;21;831
11;2025-12-22;22;406
11;2025-12-22;23;208
11;2025-12-23;0;65
11;2025-12-23;1;3
11;2025-12-23;2;0
11;2025-12-23;3;0
11;2025-12-23;4;4
11;2025-12-23;5;290
11;2025-12-23;6;1277
11;2025-12-23;7;2382
11;2025-12-23;8;3123
11;2025-12-23;9;2420
11;2025-12-23;10;1867
11;2025-12-23;11;1821
11;2025-12-23;12;1837
11;2025-12-23;13;2025
11;2025-12-23;14;1977
11;2025-12-23;15;2054
11;2025-12-23;16;2249
11;2025-12-23;17;2782
11;2025-12-23;18;3103
11;2025-12-23;19;2213
11;2025-12-23;20;1411
11;2025-12-23;21;854
11;2025-12-23;22;418
11;2025-12-23;23;214
11;2025-12-24;0;65
11;2025-12-24;1;3
11;2025-12-24;2;0
11;2025-12-24;3;0
11;2025-12-24;4;4
11;2025-12-24;5;290
11;2025-12-24;6;1277
11;2025-12-24;7;2382
11;2025-12-24;8;3123
11;2025-12-24;9;2420
11;2025-12-24;10;1867
11;2025-12-24;11;1821
11;2025-12-24;12;1837
11;2025-12-24;13;2025
11;2025-12-24;14;1977
11;2025-12-24;15;2054
11;2025-12-24;16;2249
11;2025-12-24;17;2782
11;2025-12-24;18;3103
11;2025-12-24;19;2213
11;2025-12-24;20;1411
11;2025-12-24;21;854
11;2025-12-24;22;418
11;2025-12-24;23;214
11;2025-12-25;0;65
11;2025-12-25;1;3
11;2025-12-25;2;0
11;2025-12-25;3;0
11;2025-12-25;4;4
11;2025-12-25;5;290
11;2025-12-25;6;1277
11;2025-12-25;7;2382
11;2025-12-25;8;3123
11;2025-12-25;9;2420
11;2025-12-25;10;1867
11;2025-12-25;11;1821
11;2025-12-25;12;1837
11;2025-12-25;13;2025
11;2025-12-25;14;1977
11;2025-12-25;15;2054
11;2025-12-25;16;2249
11;2025-12-25;17;2782
11;2025-12-25;18;3103
11;2025-12-25;19;2213
11;2025-12-25;20;1411
11;2025-12-25;21;854
11;2025-12-25;22;418
11;2025-12-25;23;214
11;2025-12-26;0;78
11;2025-12-26;1;3
11;2025-12-26;2;0
11;2025-12-26;3;0
11;2025-12-26;4;3
11;2025-12-26;5;287
11;2025-12-26;6;1271
11;2025-12-26;7;2271
11;2025-12-26;8;3009
11;2025-12-26;9;2290
11;2025-12-26;10;1817
11;2025-12-26;11;1767
11;2025-12-26;12;1826
11;2025-12-26;13;1909
11;2025-12-26;14;2012
11;2025-12-26;15;2143
11;2025-12-26;16;2391
11;2025-12-26;17;2857
11;2025-12-26;18;2463
11;2025-12-26;19;1922
11;2025-12-26;20;1343
11;2025-12-26;21;844
11;2025-12-26;22;429
11;2025-12-26;23;291
11;2025-12-27;0;110
11;2025-12-27;1;3
11;2025-12-27;2;0
11;2025-12-27;3;0
11;2025-12-27;4;3
11;2025-12-27;5;177
11;2025-12-27;6;723
11;2025-12-27;7;717
11;2025-12-27;8;962
11;2025-12-27;9;1128
11;2025-12-27;10;1277
11;2025-12-27;11;1685
11;2025-12-27;12;1851
11;2025-12-27;13;1747
11;2025-12-27;14;1899
11;2025-12-27;15;1797
11;2025-12-27;16;1806
11;2025-12-27;17;1808
11;2025-12-27;18;1507
11;2025-12-27;19;1361
11;2025-12-27;20;1016
11;2025-12-27;21;726
11;2025-12-27;22;419
11;2025-12-27;23;289
11;2025-12-28;0;105
11;2025-12-28;1;13
11;2025-12-28;2;0
11;2025-12-28;3;0
11;2025-12-28;4;2
11;2025-12-28;5;116
11;2025-12-28;6;456
11;2025-12-28;7;488
11;2025-12-28;8;648
11;2025-12-28;9;902
11;2025-12-28;10;1001
11;2025-12-28;11;1452
11;2025-12-28;12;1582
11;2025-12-28;13;1517
11;2025-12-28;14;1633
11;2025-12-28;15;1618
11;2025-12-28;16;1543
11;2025-12-28;17;1624
11;2025-12-28;18;1238
11;2025-12-28;19;1018
11;2025-12-28;20;807
11;2025-12-28;21;601
11;2025-12-28;22;338
11;2025-12-28;23;242
11;2025-12-29;0;57
11;2025-12-29;1;2
11;2025-12-29;2;0
11;2025-12-29;3;0
11;2025-12-29;4;3
11;2025-12-29;5;254
11;2025-12-29;6;1119
11;2025-12-29;7;2086
11;2025-12-29;8;2735
11;2025-12-29;9;2119
11;2025-12-29;10;1635
11;2025-12-29;11;1595
11;2025-12-29;12;1609
11;2025-12-29;13;1773
11;2025-12-29;14;1732
11;2025-12-29;15;1799
11;2025-12-29;16;1970
11;2025-12-29;17;2436
11;2025-12-29;18;2717
11;2025-12-29;19;1938
11;2025-12-29;20;1236
11;2025-12-29;21;748
11;2025-12-29;22;366
11;2025-12-29;23;187
11;2025-12-30;0;56
11;2025-12-30;1;2
11;2025-12-30;2;0
11;2025-12-30;3;0
11;2025-12-30;4;3
11;2025-12-30;5;246
11;2025-12-30;6;1086
11;2025-12-30;7;2025
11;2025-12-30;8;2655
11;2025-12-30;9;2057
11;2025-12-30;10;1587
11;2025-12-30;11;1548
11;2025-12-30;12;1562
11;2025-12-30;13;1721
11;2025-12-30;14;1680
11;2025-12-30;15;1746
11;2025-12-30;16;1912
11;2025-12-30;17;2364
11;2025-12-30;18;2637
11;2025-12-30;19;1881
11;2025-12-30;20;1200
11;2025-12-30;21;726
11;2025-12-30;22;355
11;2025-12-30;23;182
11;2025-12-31;0;93
11;2025-12-31;1;2
11;2025-12-31;2;0
11;2025-12-31;3;0
11;2025-12-31;4;3
11;2025-12-31;5;150
11;2025-12-31;6;614
11;2025-12-31;7;609
11;2025-12-31;8;818
11;2025-12-31;9;958
11;2025-12-31;10;1086
11;2025-12-31;11;1433
11;2025-12-31;12;1573
11;2025-12-31;13;1485
11;2025-12-31;14;1614
11;2025-12-31;15;1528
11;2025-12-31;16;1535
11;2025-12-31;17;1537
11;2025-12-31;18;1281
11;2025-12-31;19;1157
11;2025-12-31;20;863
11;2025-12-31;21;617
11;2025-12-31;22;356
11;2025-12-31;23;246
12;2025-11-01;0;30
12;2025-11-01;1;3
12;2025-11-01;2;0
12;2025-11-01;3;0
12;2025-11-01;4;3
12;2025-11-01;5;235
12;2025-11-01;6;1023
12;2025-11-01;7;2044
12;2025-11-01;8;2617
12;2025-11-01;9;1837
12;2025-11-01;10;1492
12;2025-11-01;11;1506
12;2025-11-01;12;1541
12;2025-11-01;13;1616
12;2025-11-01;14;1600
12;2025-11-01;15;1817
12;2025-11-01;16;2329
12;2025-11-01;17;2290
12;2025-11-01;18;2011
12;2025-11-01;19;1656
12;2025-11-01;20;1085
12;2025-11-01;21;751
12;2025-11-01;22;385
12;2025-11-01;23;236
12;2025-11-02;0;88
12;2025-11-02;1;6
12;2025-11-02;2;0
12;2025-11-02;3;0
12;2025-11-02;4;3
12;2025-11-02;5;137
12;2025-11-02;6;500
12;2025-11-02;7;637
12;2025-11-02;8;712
12;2025-11-02;9;932
12;2025-11-02;10;1155
12;2025-11-02;11;1289
12;2025-11-02;12;1368
12;2025-11-02;13;1609
12;2025-11-02;14;1500
12;2025-11-02;15;1446
12;2025-11-02;16;1487
12;2025-11-02;17;1508
12;2025-11-02;18;1286
12;2025-11-02;19;991
12;2025-11-02;20;733
12;2025-11-02;21;572
12;2025-11-02;22;381
12;2025-11-02;23;200
12;2025-11-03;0;72
12;2025-11-03;1;4
12;2025-11-03;2;0
12;2025-11-03;3;0
12;2025-11-03;4;2
12;2025-11-03;5;149
12;2025-11-03;6;543
12;2025-11-03;7;652
12;2025-11-03;8;732
12;2025-11-03;9;919
12;2025-11-03;10;1118
12;2025-11-03;11;1225
12;2025-11-03;12;1270
12;2025-11-03;13;1498
12;2025-11-03;14;1364
12;2025-11-03;15;1314
12;2025-11-03;16;1367
12;2025-11-03;17;1348
12;2025-11-03;18;1218
12;2025-11-03;19;1011
12;2025-11-03;20;716
12;2025-11-03;21;543
12;2025-11-03;22;341
12;2025-11-03;23;208
12;2025-11-04;0;72
12;2025-11-04;1;4
12;2025-11-04;2;0
12;2025-11-04;3;0
12;2025-11-04;4;2
12;2025-11-04;5;149
12;2025-11-04;6;543
12;2025-11-04;7;652
12;2025-11-04;8;732
12;2025-11-04;9;919
12;2025-11-04;10;1118
12;2025-11-04;11;1225
12;2025-11-04;12;1270
12;2025-11-04;13;1498
12;2025-11-04;14;1364
12;2025-11-04;15;1314
12;2025-11-04;16;1367
12;2025-11-04;17;1348
12;2025-11-04;18;1218
12;2025-11-04;19;1011
12;2025-11-04;20;716
12;2025-11-04;21;543
12;2025-11-04;22;341
12;2025-11-04;23;208
12;2025-11-05;0;53
12;2025-11-05;1;2
12;2025-11-05;2;0
12;2025-11-05;3;0
12;2025-11-05;4;6
12;2025-11-05;5;315
12;2025-11-05;6;1360
12;2025-11-05;7;2702
12;2025-11-05;8;3612
12;2025-11-05;9;2476
12;2025-11-05;10;2062
12;2025-11-05;11;1975
12;2025-11-05;12;2059
12;2025-11-05;13;2033
12;2025-11-05;14;2024
12;2025-11-05;15;2250
12;2025-11-05;16;2752
12;2025-11-05;17;3032
12;2025-11-05;18;3190
12;2025-11-05;19;2437
12;2025-11-05;20;1523
12;2025-11-05;21;920
12;2025-11-05;22;468
12;2025-11-05;23;246
12;2025-11-06;0;53
12;2025-11-06;1;2
12;2025-11-06;2;0
12;2025-11-06;3;0
12;2025-11-06;4;6
12;2025-11-06;5;315
12;2025-11-06;6;1360
12;2025-11-06;7;2702
12;2025-11-06;8;3612
12;2025-11-06;9;2476
12;2025-11-06;10;2062
12;2025-11-06;11;1975
12;2025-11-06;12;2059
12;2025-11-06;13;2033
12;2025-11-06;14;2024
12;2025-11-06;15;2250
12;2025-11-06;16;2752
12;2025-11-06;17;3032
12;2025-11-06;18;3190
12;2025-11-06;19;2437
12;2025-11-06;20;1523
12;2025-11-06;21;920
12;2025-11-06;22;468
12;2025-11-06;23;246
12;2025-11-07;0;57
12;2025-11-07;1;2
12;2025-11-07;2;0
12;2025-11-07;3;0
12;2025-11-07;4;4
12;2025-11-07;5;303
12;2025-11-07;6;1318
12;2025-11-07;7;2633
12;2025-11-07;8;3371
12;2025-11-07;9;2367
12;2025-11-07;10;1922
12;2025-11-07;11;1940
12;2025-11-07;12;1986
12;2025-11-07;13;2082
12;2025-11-07;14;2061
12;2025-11-07;15;2341
12;2025-11-07;16;3000
12;2025-11-07;17;2950
12;2025-11-07;18;2591
12;2025-11-07;19;2134
12;2025-11-07;20;1398
12;2025-11-07;21;968
12;2025-11-07;22;496
12;2025-11-07;23;304
12;2025-11-08;0;75
12;2025-11-08;1;5
12;2025-11-08;2;0
12;2025-11-08;3;0
12;2025-11-08;4;2
12;2025-11-08;5;209
12;2025-11-08;6;758
12;2025-11-08;7;868
12;2025-11-08;8;977
12;2025-11-08;9;1183
12;2025-11-08;10;1414
12;2025-11-08;11;1522
12;2025-11-08;12;1540
12;2025-11-08;13;1822
12;2025-11-08;14;1617
12;2025-11-08;15;1556
12;2025-11-08;16;1640
12;2025-11-08;17;1567
12;2025-11-08;18;1507
12;2025-11-08;19;1340
12;2025-11-08;20;913
12;2025-11-08;21;674
12;2025-11-08;22;398
12;2025-11-08;23;281
12;2025-11-09;0;88
12;2025-11-09;1;6
12;2025-11-09;2;0
12;2025-11-09;3;0
12;2025-11-09;4;3
12;2025-11-09;5;137
12;2025-11-09;6;500
12;2025-11-09;7;637
12;2025-11-09;8;712
12;2025-11-09;9;932
12;2025-11-09;10;1155
12;2025-11-09;11;1289
12;2025-11-09;12;1368
12;2025-11-09;13;1609
12;2025-11-09;14;1500
12;2025-11-09;15;1446
12;2025-11-09;16;1487
12;2025-11-09;17;1508
12;2025-11-09;18;1286
12;2025-11-09;19;991
12;2025-11-09;20;733
12;2025-11-09;21;572
12;2025-11-09;22;381
12;2025-11-09;23;200
12;2025-11-10;0;52
12;2025-11-10;1;2
12;2025-11-10;2;0
12;2025-11-10;3;0
12;2025-11-10;4;6
12;2025-11-10;5;307
12;2025-11-10;6;1323
12;2025-11-10;7;2630
12;2025-11-10;8;3515
12;2025-11-10;9;2410
12;2025-11-10;10;2007
12;2025-11-10;11;1922
12;2025-11-10;12;2003
12;2025-11-10;13;1979
12;2025-11-10;14;1969
12;2025-11-10;15;2190
12;2025-11-10;16;2678
12;2025-11-10;17;2950
12;2025-11-10;18;3104
12;2025-11-10;19;2371
12;2025-11-10;20;1482
12;2025-11-10;21;896
12;2025-11-10;22;456
12;2025-11-10;23;239
12;2025-11-11;0;53
12;2025-11-11;1;2
12;2025-11-11;2;0
12;2025-11-11;3;0
12;2025-11-11;4;6
12;2025-11-11;5;315
12;2025-11-11;6;1360
12;2025-11-11;7;2702
12;2025-11-11;8;3612
12;2025-11-11;9;2476
12;2025-11-11;10;2062
12;2025-11-11;11;1975
12;2025-11-11;12;2059
12;2025-11-11;13;2033
12;2025-11-11;14;2024
12;2025-11-11;15;2250
12;2025-11-11;16;2752
12;2025-11-11;17;3032
12;2025-11-11;18;3190
12;2025-11-11;19;2437
12;2025-11-11;20;1523
12;2025-11-11;21;920
12;2025-11-11;22;468
12;2025-11-11;23;246
12;2025-11-12;0;53
12;2025-11-12;1;2
12;2025-11-12;2;0
12;2025-11-12;3;0
12;2025-11-12;4;6
12;2025-11-12;5;315
12;2025-11-12;6;1360
12;2025-11-12;7;2702
12;2025-11-12;8;3612
12;2025-11-12;9;2476
12;2025-11-12;10;2062
12;2025-11-12;11;1975
12;2025-11-12;12;2059
12;2025-11-12;13;2033
12;2025-11-12;14;2024
12;2025-11-12;15;2250
12;2025-11-12;16;2752
12;2025-11-12;17;3032
12;2025-11-12;18;3190
12;2025-11-12;19;2437
12;2025-11-12;20;1523
12;2025-11-12;21;920
12;2025-11-12;22;468
12;2025-11-12;23;246
12;2025-11-13;0;53
12;2025-11-13;1;2
12;2025-11-13;2;0
12;2025-11-13;3;0
12;2025-11-13;4;6
12;2025-11-13;5;315
12;2025-11-13;6;1360
12;2025-11-13;7;2702
12;2025-11-13;8;3612
12;2025-11-13;9;2476
12;2025-11-13;10;2062
12;2025-11-13;11;1975
12;2025-11-13;12;2059
12;2025-11-13;13;2033
12;2025-11-13;14;2024
12;2025-11-13;15;2250
12;2025-11-13;16;2752
12;2025-11-13;17;3032
12;2025-11-13;18;3190
12;2025-11-13;19;2437
12;2025-11-13;20;1523
12;2025-11-13;21;920
12;2025-11-13;22;468
12;2025-11-13;23;246
12;2025-11-14;0;57
12;2025-11-14;1;2
12;2025-11-14;2;0
12;2025-11-14;3;0
12;2025-11-14;4;4
12;2025-11-14;5;303
12;2025-11-14;6;1318
12;2025-11-14;7;2633
12;2025-11-14;8;3371
12;2025-11-14;9;2367
12;2025-11-14;10;1922
12;2025-11-14;11;1940
12;2025-11-14;12;1986
12;2025-11-14;13;2082
12;2025-11-14;14;2061
12;2025-11-14;15;2341
12;2025-11-14;16;3000
12;2025-11-14;17;2950
12;2025-11-14;18;2591
12;2025-11-14;19;2134
12;2025-11-14;20;1398
12;2025-11-14;21;968
12;2025-11-14;22;496
12;2025-11-14;23;304
12;2025-11-15;0;75
12;2025-11-15;1;5
12;2025-11-15;2;0
12;2025-11-15;3;0
12;2025-11-15;4;2
12;2025-11-15;5;209
12;2025-11-15;6;758
12;2025-11-15;7;868
12;2025-11-15;8;977
12;2025-11-15;9;1183
12;2025-11-15;10;1414
12;2025-11-15;11;1522
12;2025-11-15;12;1540
12;2025-11-15;13;1822
12;2025-11-15;14;1617
12;2025-11-15;15;1556
12;2025-11-15;16;1640
12;2025-11-15;17;1567
12;2025-11-15;18;1507
12;2025-11-15;19;1340
12;2025-11-15;20;913
12;2025-11-15;21;674
12;2025-11-15;22;398
12;2025-11-15;23;281
12;2025-11-16;0;88
12;2025-11-16;1;6
12;2025-11-16;2;0
12;2025-11-16;3;0
12;2025-11-16;4;3
12;2025-11-16;5;137
12;2025-11-16;6;500
12;2025-11-16;7;637
12;2025-11-16;8;712
12;2025-11-16;9;932
12;2025-11-16;10;1155
12;2025-11-16;11;1289
12;2025-11-16;12;1368
12;2025-11-16;13;1609
12;2025-11-16;14;1500
12;2025-11-16;15;1446
12;2025-11-16;16;1487
12;2025-11-16;17;1508
12;2025-11-16;18;1286
12;2025-11-16;19;991
12;2025-11-16;20;733
12;2025-11-16;21;572
12;2025-11-16;22;381
12;2025-11-16;23;200
12;2025-11-17;0;52
12;2025-11-17;1;2
12;2025-11-17;2;0
12;2025-11-17;3;0
12;2025-11-17;4;6
12;2025-11-17;5;307
12;2025-11-17;6;1323
12;2025-11-17;7;2630
12;2025-11-17;8;3515
12;2025-11-17;9;2410
12;2025-11-17;10;2007
12;2025-11-17;11;1922
12;2025-11-17;12;2003
12;2025-11-17;13;1979
12;2025-11-17;14;1969
12;2025-11-17;15;2190
12;2025-11-17;16;2678
12;2025-11-17;17;2950
12;2025-11-17;18;3104
12;2025-11-17;19;2371
12;2025-11-17;20;1482
12;2025-11-17;21;896
12;2025-11-17;22;456
12;2025-11-17;23;239
12;2025-11-18;0;53
12;2025-11-18;1;2
12;2025-11-18;2;0
12;2025-11-18;3;0
12;2025-11-18;4;6
12;2025-11-18;5;315
12;2025-11-18;6;1360
12;2025-11-18;7;2702
12;2025-11-18;8;3612
12;2025-11-18;9;2476
12;2025-11-18;10;2062
12;2025-11-18;11;1975
12;2025-11-18;12;2059
12;2025-11-18;13;2033
12;2025-11-18;14;2024
12;2025-11-18;15;2250
12;2025-11-18;16;2752
12;2025-11-18;17;3032
12;2025-11-18;18;3190
12;2025-11-18;19;2437
12;2025-11-18;20;1523
12;2025-11-18;21;920
12;2025-11-18;22;468
12;2025-11-18;23;246
12;2025-11-19;0;53
12;2025-11-19;1;2
12;2025-11-19;2;0
12;2025-11-19;3;0
12;2025-11-19;4;6
12;2025-11-19;5;315
12;2025-11-19;6;1360
12;2025-11-19;7;2702
12;2025-11-19;8;3612
12;2025-11-19;9;2476
12;2025-11-19;10;2062
12;2025-11-19;11;1975
12;2025-11-19;12;2059
12;2025-11-19;13;2033
12;2025-11-19;14;2024
12;2025-11-19;15;2250
12;2025-11-19;16;2752
12;2025-11-19;17;3032
12;2025-11-19;18;3190
12;2025-11-19;19;2437
12;2025-11-19;20;1523
12;2025-11-19;21;920
12;2025-11-19;22;468
12;2025-11-19;23;246
12;2025-11-20;0;53
12;2025-11-20;1;2
12;2025-11-20;2;0
12;2025-11-20;3;0
12;2025-11-20;4;6
12;2025-11-20;5;315
12;2025-11-20;6;1360
12;2025-11-20;7;2702
12;2025-11-20;8;3612
12;2025-11-20;9;2476
12;2025-11-20;10;2062
12;2025-11-20;11;1975
12;2025-11-20;12;2059
12;2025-11-20;13;2033
12;2025-11-20;14;2024
12;2025-11-20;15;2250
12;2025-11-20;16;2752
12;2025-11-20;17;3032
12;2025-11-20;18;3190
12;2025-11-20;19;2437
12;2025-11-20;20;1523
12;2025-11-20;21;920
12;2025-11-20;22;468
12;2025-11-20;23;246
12;2025-11-21;0;57
12;2025-11-21;1;2
12;2025-11-21;2;0
12;2025-11-21;3;0
12;2025-11-21;4;4
12;2025-11-21;5;303
12;2025-11-21;6;1318
12;2025-11-21;7;2633
12;2025-11-21;8;3371
12;2025-11-21;9;2367
12;2025-11-21;10;1922
12;2025-11-21;11;1940
12;2025-11-21;12;1986
12;2025-11-21;13;2082
12;2025-11-21;14;2061
12;2025-11-21;15;2341
12;2025-11-21;16;3000
12;2025-11-21;17;2950
12;2025-11-21;18;2591
12;2025-11-21;19;2134
12;2025-11-21;20;1398
12;2025-11-21;21;968
12;2025-11-21;22;496
12;2025-11-21;23;304
12;2025-11-22;0;75
12;2025-11-22;1;5
12;2025-11-22;2;0
12;2025-11-22;3;0
12;2025-11-22;4;2
12;2025-11-22;5;209
12;2025-11-22;6;758
12;2025-11-22;7;868
12;2025-11-22;8;977
12;2025-11-22;9;1183
12;2025-11-22;10;1414
12;2025-11-22;11;1522
12;2025-11-22;12;1540
12;2025-11-22;13;1822
12;2025-11-22;14;1617
12;2025-11-22;15;1556
12;2025-11-22;16;1640
12;2025-11-22;17;1567
12;2025-11-22;18;1507
12;2025-11-22;19;1340
12;2025-11-22;20;913
12;2025-11-22;21;674
12;2025-11-22;22;398
12;2025-11-22;23;281
12;2025-11-23;0;88
12;2025-11-23;1;6
12;2025-11-23;2;0
12;2025-11-23;3;0
12;2025-11-23;4;3
12;2025-11-23;5;137
12;2025-11-23;6;500
12;2025-11-23;7;637
12;2025-11-23;8;712
12;2025-11-23;9;932
12;2025-11-23;10;1155
12;2025-11-23;11;1289
12;2025-11-23;12;1368
12;2025-11-23;13;1609
12;2025-11-23;14;1500
12;2025-11-23;15;1446
12;2025-11-23;16;1487
12;2025-11-23;17;1508
12;2025-11-23;18;1286
12;2025-11-23;19;991
12;2025-11-23;20;733
12;2025-11-23;21;572
12;2025-11-23;22;381
12;2025-11-23;23;200
12;2025-11-24;0;52
12;2025-11-24;1;2
12;2025-11-24;2;0
12;2025-11-24;3;0
12;2025-11-24;4;6
12;2025-11-24;5;307
12;2025-11-24;6;1323
12;2025-11-24;7;2630
12;2025-11-24;8;3515
12;2025-11-24;9;2410
12;2025-11-24;10;2007
12;2025-11-24;11;1922
12;2025-11-24;12;2003
12;2025-11-24;13;1979
12;2025-11-24;14;1969
12;2025-11-24;15;2190
12;2025-11-24;16;2678
12;2025-11-24;17;2950
12;2025-11-24;18;3104
12;2025-11-24;19;2371
12;2025-11-24;20;1482
12;2025-11-24;21;896
12;2025-11-24;22;456
12;2025-11-24;23;239
12;2025-11-25;0;53
12;2025-11-25;1;2
12;2025-11-25;2;0
12;2025-11-25;3;0
12;2025-11-25;4;6
12;2025-11-25;5;315
12;2025-11-25;6;1360
12;2025-11-25;7;2702
12;2025-11-25;8;3612
12;2025-11-25;9;2476
12;2025-11-25;10;2062
12;2025-11-25;11;1975
12;2025-11-25;12;2059
12;2025-11-25;13;2033
12;2025-11-25;14;2024
12;2025-11-25;15;2250
12;2025-11-25;16;2752
12;2025-11-25;17;3032
12;2025-11-25;18;3190
12;2025-11-25;19;2437
12;2025-11-25;20;1523
12;2025-11-25;21;920
12;2025-11-25;22;468
12;2025-11-25;23;246
12;2025-11-26;0;53
12;2025-11-26;1;2
12;2025-11-26;2;0
12;2025-11-26;3;0
12;2025-11-26;4;6
12;2025-11-26;5;315
12;2025-11-26;6;1360
12;2025-11-26;7;2702
12;2025-11-26;8;3612
12;2025-11-26;9;2476
12;2025-11-26;10;2062
12;2025-11-26;11;1975
12;2025-11-26;12;2059
12;2025-11-26;13;2033
12;2025-11-26;14;2024
12;2025-11-26;15;2250
12;2025-11-26;16;2752
12;2025-11-26;17;3032
12;2025-11-26;18;3190
12;2025-11-26;19;2437
12;2025-11-26;20;1523
12;2025-11-26;21;920
12;2025-11-26;22;468
12;2025-11-26;23;246
12;2025-11-27;0;53
12;2025-11-27;1;2
12;2025-11-27;2;0
12;2025-11-27;3;0
12;2025-11-27;4;6
12;2025-11-27;5;315
12;2025-11-27;6;1360
12;2025-11-27;7;2702
12;2025-11-27;8;3612
12;2025-11-27;9;2476
12;2025-11-27;10;2062
12;2025-11-27;11;1975
12;2025-11-27;12;2059
12;2025-11-27;13;2033
12;2025-11-27;14;2024
12;2025-11-27;15;2250
12;2025-11-27;16;2752
12;2025-11-27;17;3032
12;2025-11-27;18;3190
12;2025-11-27;19;2437
12;2025-11-27;20;1523
12;2025-11-27;21;920
12;2025-11-27;22;468
12;2025-11-27;23;246
12;2025-11-28;0;57
12;2025-11-28;1;2
12;2025-11-28;2;0
12;2025-11-28;3;0
12;2025-11-28;4;4
12;2025-11-28;5;303
12;2025-11-28;6;1318
12;2025-11-28;7;2633
12;2025-11-28;8;3371
12;2025-11-28;9;2367
12;2025-11-28;10;1922
12;2025-11-28;11;1940
12;2025-11-28;12;1986
12;2025-11-28;13;2082
12;2025-11-28;14;2061
12;2025-11-28;15;2341
12;2025-11-28;16;3000
12;2025-11-28;17;2950
12;2025-11-28;18;2591
12;2025-11-28;19;2134
12;2025-11-28;20;1398
12;2025-11-28;21;968
12;2025-11-28;22;496
12;2025-11-28;23;304
12;2025-11-29;0;75
12;2025-11-29;1;5
12;2025-11-29;2;0
12;2025-11-29;3;0
12;2025-11-29;4;2
12;2025-11-29;5;209
12;2025-11-29;6;758
12;2025-11-29;7;868
12;2025-11-29;8;977
12;2025-11-29;9;1183
12;2025-11-29;10;1414
12;2025-11-29;11;1522
12;2025-11-29;12;1540
12;2025-11-29;13;1822
12;2025-11-29;14;1617
12;2025-11-29;15;1556
12;2025-11-29;16;1640
12;2025-11-29;17;1567
12;2025-11-29;18;1507
12;2025-11-29;19;1340
12;2025-11-29;20;913
12;2025-11-29;21;674
12;2025-11-29;22;398
12;2025-11-29;23;281
12;2025-11-30;0;88
12;2025-11-30;1;6
12;2025-11-30;2;0
12;2025-11-30;3;0
12;2025-11-30;4;3
12;2025-11-30;5;137
12;2025-11-30;6;500
12;2025-11-30;7;637
12;2025-11-30;8;712
12;2025-11-30;9;932
12;2025-11-30;10;1155
12;2025-11-30;11;1289
12;2025-11-30;12;1368
12;2025-11-30;13;1609
12;2025-11-30;14;1500
12;2025-11-30;15;1446
12;2025-11-30;16;1487
12;2025-11-30;17;1508
12;2025-11-30;18;1286
12;2025-11-30;19;991
12;2025-11-30;20;733
12;2025-11-30;21;572
12;2025-11-30;22;381
12;2025-11-30;23;200
12;2025-12-01;0;52
12;2025-12-01;1;2
12;2025-12-01;2;0
12;2025-12-01;3;0
12;2025-12-01;4;6
12;2025-12-01;5;307
12;2025-12-01;6;1309
12;2025-12-01;7;2629
12;2025-12-01;8;3510
12;2025-12-01;9;2392
12;2025-12-01;10;2003
12;2025-12-01;11;1928
12;2025-12-01;12;2005
12;2025-12-01;13;1972
12;2025-12-01;14;1981
12;2025-12-01;15;2200
12;2025-12-01;16;2692
12;2025-12-01;17;2959
12;2025-12-01;18;3109
12;2025-12-01;19;2385
12;2025-12-01;20;1475
12;2025-12-01;21;887
12;2025-12-01;22;452
12;2025-12-01;23;238
12;2025-12-02;0;53
12;2025-12-02;1;2
12;2025-12-02;2;0
12;2025-12-02;3;0
12;2025-12-02;4;6
12;2025-12-02;5;316
12;2025-12-02;6;1345
12;2025-12-02;7;2701
12;2025-12-02;8;3606
12;2025-12-02;9;2458
12;2025-12-02;10;2058
12;2025-12-02;11;1981
12;2025-12-02;12;2060
12;2025-12-02;13;2026
12;2025-12-02;14;2035
12;2025-12-02;15;2260
12;2025-12-02;16;2766
12;2025-12-02;17;3040
12;2025-12-02;18;3194
12;2025-12-02;19;2450
12;2025-12-02;20;1516
12;2025-12-02;21;912
12;2025-12-02;22;465
12;2025-12-02;23;245
12;2025-12-03;0;53
12;2025-12-03;1;2
12;2025-12-03;2;0
12;2025-12-03;3;0
12;2025-12-03;4;6
12;2025-12-03;5;316
12;2025-12-03;6;1345
12;2025-12-03;7;2701
12;2025-12-03;8;3606
12;2025-12-03;9;2458
12;2025-12-03;10;2058
12;2025-12-03;11;1981
12;2025-12-03;12;2060
12;2025-12-03;13;2026
12;2025-12-03;14;2035
12;2025-12-03;15;2260
12;2025-12-03;16;2766
12;2025-12-03;17;3040
12;2025-12-03;18;3194
12;2025-12-03;19;2450
12;2025-12-03;20;1516
12;2025-12-03;21;912
12;2025-12-03;22;465
12;2025-12-03;23;245
12;2025-12-04;0;53
12;2025-12-04;1;2
12;2025-12-04;2;0
12;2025-12-04;3;0
12;2025-12-04;4;6
12;2025-12-04;5;316
12;2025-12-04;6;1345
12;2025-12-04;7;2701
12;2025-12-04;8;3606
12;2025-12-04;9;2458
12;2025-12-04;10;2058
12;2025-12-04;11;1981
12;2025-12-04;12;2060
12;2025-12-04;13;2026
12;2025-12-04;14;2035
12;2025-12-04;15;2260
12;2025-12-04;16;2766
12;2025-12-04;17;3040
12;2025-12-04;18;3194
12;2025-12-04;19;2450
12;2025-12-04;20;1516
12;2025-12-04;21;912
12;2025-12-04;22;465
12;2025-12-04;23;245
12;2025-12-05;0;58
12;2025-12-05;1;2
12;2025-12-05;2;0
12;2025-12-05;3;0
12;2025-12-05;4;4
12;2025-12-05;5;298
12;2025-12-05;6;1297
12;2025-12-05;7;2614
12;2025-12-05;8;3372
12;2025-12-05;9;2335
12;2025-12-05;10;1927
12;2025-12-05;11;1950
12;2025-12-05;12;1997
12;2025-12-05;13;2061
12;2025-12-05;14;2078
12;2025-12-05;15;2366
12;2025-12-05;16;3017
12;2025-12-05;17;2958
12;2025-12-05;18;2598
12;2025-12-05;19;2139
12;2025-12-05;20;1402
12;2025-12-05;21;961
12;2025-12-05;22;495
12;2025-12-05;23;299
12;2025-12-06;0;77
12;2025-12-06;1;5
12;2025-12-06;2;0
12;2025-12-06;3;0
12;2025-12-06;4;2
12;2025-12-06;5;207
12;2025-12-06;6;752
12;2025-12-06;7;862
12;2025-12-06;8;963
12;2025-12-06;9;1170
12;2025-12-06;10;1400
12;2025-12-06;11;1525
12;2025-12-06;12;1538
12;2025-12-06;13;1834
12;2025-12-06;14;1623
12;2025-12-06;15;1556
12;2025-12-06;16;1632
12;2025-12-06;17;1560
12;2025-12-06;18;1490
12;2025-12-06;19;1340
12;2025-12-06;20;907
12;2025-12-06;21;656
12;2025-12-06;22;400
12;2025-12-06;23;279
12;2025-12-07;0;88
12;2025-12-07;1;6
12;2025-12-07;2;0
12;2025-12-07;3;0
12;2025-12-07;4;2
12;2025-12-07;5;137
12;2025-12-07;6;492
12;2025-12-07;7;616
12;2025-12-07;8;704
12;2025-12-07;9;928
12;2025-12-07;10;1147
12;2025-12-07;11;1284
12;2025-12-07;12;1364
12;2025-12-07;13;1605
12;2025-12-07;14;1494
12;2025-12-07;15;1425
12;2025-12-07;16;1473
12;2025-12-07;17;1487
12;2025-12-07;18;1264
12;2025-12-07;19;981
12;2025-12-07;20;718
12;2025-12-07;21;562
12;2025-12-07;22;376
12;2025-12-07;23;199
12;2025-12-08;0;52
12;2025-12-08;1;2
12;2025-12-08;2;0
12;2025-12-08;3;0
12;2025-12-08;4;6
12;2025-12-08;5;307
12;2025-12-08;6;1309
12;2025-12-08;7;2629
12;2025-12-08;8;3510
12;2025-12-08;9;2392
12;2025-12-08;10;2003
12;2025-12-08;11;1928
12;2025-12-08;12;2005
12;2025-12-08;13;1972
12;2025-12-08;14;1981
12;2025-12-08;15;2200
12;2025-12-08;16;2692
12;2025-12-08;17;2959
12;2025-12-08;18;3109
12;2025-12-08;19;2385
12;2025-12-08;20;1475
12;2025-12-08;21;887
12;2025-12-08;22;452
12;2025-12-08;23;238
12;2025-12-09;0;53
12;2025-12-09;1;2
12;2025-12-09;2;0
12;2025-12-09;3;0
12;2025-12-09;4;6
12;2025-12-09;5;316
12;2025-12-09;6;1345
12;2025-12-09;7;2701
12;2025-12-09;8;3606
12;2025-12-09;9;2458
12;2025-12-09;10;2058
12;2025-12-09;11;1981
12;2025-12-09;12;2060
12;2025-12-09;13;2026
12;2025-12-09;14;2035
12;2025-12-09;15;2260
12;2025-12-09;16;2766
12;2025-12-09;17;3040
12;2025-12-09;18;3194
12;2025-12-09;19;2450
12;2025-12-09;20;1516
12;2025-12-09;21;912
12;2025-12-09;22;465
12;2025-12-09;23;245
12;2025-12-10;0;53
12;2025-12-10;1;2
12;2025-12-10;2;0
12;2025-12-10;3;0
12;2025-12-10;4;6
12;2025-12-10;5;316
12;2025-12-10;6;1345
12;2025-12-10;7;2701
12;2025-12-10;8;3606
12;2025-12-10;9;2458
12;2025-12-10;10;2058
12;2025-12-10;11;1981
12;2025-12-10;12;2060
12;2025-12-10;13;2026
12;2025-12-10;14;2035
12;2025-12-10;15;2260
12;2025-12-10;16;2766
12;2025-12-10;17;3040
12;2025-12-10;18;3194
12;2025-12-10;19;2450
12;2025-12-10;20;1516
12;2025-12-10;21;912
12;2025-12-10;22;465
12;2025-12-10;23;245
12;2025-12-11;0;53
12;2025-12-11;1;2
12;2025-12-11;2;0
12;2025-12-11;3;0
12;2025-12-11;4;6
12;2025-12-11;5;316
12;2025-12-11;6;1345
12;2025-12-11;7;2701
12;2025-12-11;8;3606
12;2025-12-11;9;2458
12;2025-12-11;10;2058
12;2025-12-11;11;1981
12;2025-12-11;12;2060
12;2025-12-11;13;2026
12;2025-12-11;14;2035
12;2025-12-11;15;2260
12;2025-12-11;16;2766
12;2025-12-11;17;3040
12;2025-12-11;18;3194
12;2025-12-11;19;2450
12;2025-12-11;20;1516
12;2025-12-11;21;912
12;2025-12-11;22;465
12;2025-12-11;23;245
12;2025-12-12;0;58
12;2025-12-12;1;2
12;2025-12-12;2;0
12;2025-12-12;3;0
12;2025-12-12;4;4
12;2025-12-12;5;298
12;2025-12-12;6;1297
12;2025-12-12;7;2614
12;2025-12-12;8;3372
12;2025-12-12;9;2335
12;2025-12-12;10;1927
12;2025-12-12;11;1950
12;2025-12-12;12;1997
12;2025-12-12;13;2061
12;2025-12-12;14;2078
12;2025-12-12;15;2366
12;2025-12-12;16;3017
12;2025-12-12;17;2958
12;2025-12-12;18;2598
12;2025-12-12;19;2139
12;2025-12-12;20;1402
12;2025-12-12;21;961
12;2025-12-12;22;495
12;2025-12-12;23;299
12;2025-12-13;0;77
12;2025-12-13;1;5
12;2025-12-13;2;0
12;2025-12-13;3;0
12;2025-12-13;4;2
12;2025-12-13;5;207
12;2025-12-13;6;752
12;2025-12-13;7;862
12;2025-12-13;8;963
12;2025-12-13;9;1170
12;2025-12-13;10;1400
12;2025-12-13;11;1525
12;2025-12-13;12;1538
12;2025-12-13;13;1834
12;2025-12-13;14;1623
12;2025-12-13;15;1556
12;2025-12-13;16;1632
12;2025-12-13;17;1560
12;2025-12-13;18;1490
12;2025-12-13;19;1340
12;2025-12-13;20;907
12;2025-12-13;21;656
12;2025-12-13;22;400
12;2025-12-13;23;279
12;2025-12-14;0;88
12;2025-12-14;1;6
12;2025-12-14;2;0
12;2025-12-14;3;0
12;2025-12-14;4;2
12;2025-12-14;5;137
12;2025-12-14;6;492
12;2025-12-14;7;616
12;2025-12-14;8;704
12;2025-12-14;9;928
12;2025-12-14;10;1147
12;2025-12-14;11;1284
12;2025-12-14;12;1364
12;2025-12-14;13;1605
12;2025-12-14;14;1494
12;2025-12-14;15;1425
12;2025-12-14;16;1473
12;2025-12-14;17;1487
12;2025-12-14;18;1264
12;2025-12-14;19;981
12;2025-12-14;20;718
12;2025-12-14;21;562
12;2025-12-14;22;376
12;2025-12-14;23;199
12;2025-12-15;0;52
12;2025-12-15;1;2
12;2025-12-15;2;0
12;2025-12-15;3;0
12;2025-12-15;4;6
12;2025-12-15;5;307
12;2025-12-15;6;1309
12;2025-12-15;7;2629
12;2025-12-15;8;3510
12;2025-12-15;9;2392
12;2025-12-15;10;2003
12;2025-12-15;11;1928
12;2025-12-15;12;2005
12;2025-12-15;13;1972
12;2025-12-15;14;1981
12;2025-12-15;15;2200
12;2025-12-15;16;2692
12;2025-12-15;17;2959
12;2025-12-15;18;3109
12;2025-12-15;19;2385
12;2025-12-15;20;1475
12;2025-12-15;21;887
12;2025-12-15;22;452
12;2025-12-15;23;238
12;2025-12-16;0;53
12;2025-12-16;1;2
12;2025-12-16;2;0
12;2025-12-16;3;0
12;2025-12-16;4;6
12;2025-12-16;5;316
12;2025-12-16;6;1345
12;2025-12-16;7;2701
12;2025-12-16;8;3606
12;2025-12-16;9;2458
12;2025-12-16;10;2058
12;2025-12-16;11;1981
12;2025-12-16;12;2060
12;2025-12-16;13;2026
12;2025-12-16;14;2035
12;2025-12-16;15;2260
12;2025-12-16;16;2766
12;2025-12-16;17;3040
12;2025-12-16;18;3194
12;2025-12-16;19;2450
12;2025-12-16;20;1516
12;2025-12-16;21;912
12;2025-12-16;22;465
12;2025-12-16;23;245
12;2025-12-17;0;53
12;2025-12-17;1;2
12;2025-12-17;2;0
12;2025-12-17;3;0
12;2025-12-17;4;6
12;2025-12-17;5;316
12;2025-12-17;6;1345
12;2025-12-17;7;2701
12;2025-12-17;8;3606
12;2025-12-17;9;2458
12;2025-12-17;10;2058
12;2025-12-17;11;1981
12;2025-12-17;12;2060
12;2025-12-17;13;2026
12;2025-12-17;14;2035
12;2025-12-17;15;2260
12;2025-12-17;16;2766
12;2025-12-17;17;3040
12;2025-12-17;18;3194
12;2025-12-17;19;2450
12;2025-12-17;20;1516
12;2025-12-17;21;912
12;2025-12-17;22;465
12;2025-12-17;23;245
12;2025-12-18;0;53
12;2025-12-18;1;2
12;2025-12-18;2;0
12;2025-12-18;3;0
12;2025-12-18;4;6
12;2025-12-18;5;316
12;2025-12-18;6;1345
12;2025-12-18;7;2701
12;2025-12-18;8;3606
12;2025-12-18;9;2458
12;2025-12-18;10;2058
12;2025-12-18;11;1981
12;2025-12-18;12;2060
12;2025-12-18;13;2026
12;2025-12-18;14;2035
12;2025-12-18;15;2260
12;2025-12-18;16;2766
12;2025-12-18;17;3040
12;2025-12-18;18;3194
12;2025-12-18;19;2450
12;2025-12-18;20;1516
12;2025-12-18;21;912
12;2025-12-18;22;465
12;2025-12-18;23;245
12;2025-12-19;0;58
12;2025-12-19;1;2
12;2025-12-19;2;0
12;2025-12-19;3;0
12;2025-12-19;4;4
12;2025-12-19;5;298
12;2025-12-19;6;1297
12;2025-12-19;7;2614
12;2025-12-19;8;3372
12;2025-12-19;9;2335
12;2025-12-19;10;1927
12;2025-12-19;11;1950
12;2025-12-19;12;1997
12;2025-12-19;13;2061
12;2025-12-19;14;2078
12;2025-12-19;15;2366
12;2025-12-19;16;3017
12;2025-12-19;17;2958
12;2025-12-19;18;2598
12;2025-12-19;19;2139
12;2025-12-19;20;1402
12;2025-12-19;21;961
12;2025-12-19;22;495
12;2025-12-19;23;299
12;2025-12-20;0;77
12;2025-12-20;1;5
12;2025-12-20;2;0
12;2025-12-20;3;0
12;2025-12-20;4;2
12;2025-12-20;5;207
12;2025-12-20;6;752
12;2025-12-20;7;862
12;2025-12-20;8;963
12;2025-12-20;9;1170
12;2025-12-20;10;1400
12;2025-12-20;11;1525
12;2025-12-20;12;1538
12;2025-12-20;13;1834
12;2025-12-20;14;1623
12;2025-12-20;15;1556
12;2025-12-20;16;1632
12;2025-12-20;17;1560
12;2025-12-20;18;1490
12;2025-12-20;19;1340
12;2025-12-20;20;907
12;2025-12-20;21;656
12;2025-12-20;22;400
12;2025-12-20;23;279
12;2025-12-21;0;88
12;2025-12-21;1;6
12;2025-12-21;2;0
12;2025-12-21;3;0
12;2025-12-21;4;2
12;2025-12-21;5;137
12;2025-12-21;6;492
12;2025-12-21;7;616
12;2025-12-21;8;704
12;2025-12-21;9;928
12;2025-12-21;10;1147
12;2025-12-21;11;1284
12;2025-12-21;12;1364
12;2025-12-21;13;1605
12;2025-12-21;14;1494
12;2025-12-21;15;1425
12;2025-12-21;16;1473
12;2025-12-21;17;1487
12;2025-12-21;18;1264
12;2025-12-21;19;981
12;2025-12-21;20;718
12;2025-12-21;21;562
12;2025-12-21;22;376
12;2025-12-21;23;199
12;2025-12-22;0;52
12;2025-12-22;1;2
12;2025-12-22;2;0
12;2025-12-22;3;0
12;2025-12-22;4;6
12;2025-12-22;5;307
12;2025-12-22;6;1309
12;2025-12-22;7;2629
12;2025-12-22;8;3510
12;2025-12-22;9;2392
12;2025-12-22;10;2003
12;2025-12-22;11;1928
12;2025-12-22;12;2005
12;2025-12-22;13;1972
12;2025-12-22;14;1981
12;2025-12-22;15;2200
12;2025-12-22;16;2692
12;2025-12-22;17;2959
12;2025-12-22;18;3109
12;2025-12-22;19;2385
12;2025-12-22;20;1475
12;2025-12-22;21;887
12;2025-12-22;22;452
12;2025-12-22;23;238
12;2025-12-23;0;53
12;2025-12-23;1;2
12;2025-12-23;2;0
12;2025-12-23;3;0
12;2025-12-23;4;6
12;2025-12-23;5;316
12;2025-12-23;6;1345
12;2025-12-23;7;2701
12;2025-12-23;8;3606
12;2025-12-23;9;2458
12;2025-12-23;10;2058
12;2025-12-23;11;1981
12;2025-12-23;12;2060
12;2025-12-23;13;2026
12;2025-12-23;14;2035
12;2025-12-23;15;2260
12;2025-12-23;16;2766
12;2025-12-23;17;3040
12;2025-12-23;18;3194
12;2025-12-23;19;2450
12;2025-12-23;20;1516
12;2025-12-23;21;912
12;2025-12-23;22;465
12;2025-12-23;23;245
12;2025-12-24;0;53
12;2025-12-24;1;2
12;2025-12-24;2;0
12;2025-12-24;3;0
12;2025-12-24;4;6
12;2025-12-24;5;316
12;2025-12-24;6;1345
12;2025-12-24;7;2701
12;2025-12-24;8;3606
12;2025-12-24;9;2458
12;2025-12-24;10;2058
12;2025-12-24;11;1981
12;2025-12-24;12;2060
12;2025-12-24;13;2026
12;2025-12-24;14;2035
12;2025-12-24;15;2260
12;2025-12-24;16;2766
12;2025-12-24;17;3040
12;2025-12-24;18;3194
12;2025-12-24;19;2450
12;2025-12-24;20;1516
12;2025-12-24;21;912
12;2025-12-24;22;465
12;2025-12-24;23;245
12;2025-12-25;0;53
12;2025-12-25;1;2
12;2025-12-25;2;0
12;2025-12-25;3;0
12;2025-12-25;4;6
12;2025-12-25;5;316
12;2025-12-25;6;1345
12;2025-12-25;7;2701
12;2025-12-25;8;3606
12;2025-12-25;9;2458
12;2025-12-25;10;2058
12;2025-12-25;11;1981
12;2025-12-25;12;2060
12;2025-12-25;13;2026
12;2025-12-25;14;2035
12;2025-12-25;15;2260
12;2025-12-25;16;2766
12;2025-12-25;17;3040
12;2025-12-25;18;3194
12;2025-12-25;19;2450
12;2025-12-25;20;1516
12;2025-12-25;21;912
12;2025-12-25;22;465
12;2025-12-25;23;245
12;2025-12-26;0;58
12;2025-12-26;1;2
12;2025-12-26;2;0
12;2025-12-26;3;0
12;2025-12-26;4;4
12;2025-12-26;5;298
12;2025-12-26;6;1297
12;2025-12-26;7;2614
12;2025-12-26;8;3372
12;2025-12-26;9;2335
12;2025-12-26;10;1927
12;2025-12-26;11;1950
12;2025-12-26;12;1997
12;2025-12-26;13;2061
12;2025-12-26;14;2078
12;2025-12-26;15;2366
12;2025-12-26;16;3017
12;2025-12-26;17;2958
12;2025-12-26;18;2598
12;2025-12-26;19;2139
12;2025-12-26;20;1402
12;2025-12-26;21;961
12;2025-12-26;22;495
12;2025-12-26;23;299
12;2025-12-27;0;77
12;2025-12-27;1;5
12;2025-12-27;2;0
12;2025-12-27;3;0
12;2025-12-27;4;2
12;2025-12-27;5;207
12;2025-12-27;6;752
12;2025-12-27;7;862
12;2025-12-27;8;963
12;2025-12-27;9;1170
12;2025-12-27;10;1400
12;2025-12-27;11;1525
12;2025-12-27;12;1538
12;2025-12-27;13;1834
12;2025-12-27;14;1623
12;2025-12-27;15;1556
12;2025-12-27;16;1632
12;2025-12-27;17;1560
12;2025-12-27;18;1490
12;2025-12-27;19;1340
12;2025-12-27;20;907
12;2025-12-27;21;656
12;2025-12-27;22;400
12;2025-12-27;23;279
12;2025-12-28;0;88
12;2025-12-28;1;6
12;2025-12-28;2;0
12;2025-12-28;3;0
12;2025-12-28;4;2
12;2025-12-28;5;137
12;2025-12-28;6;492
12;2025-12-28;7;616
12;2025-12-28;8;704
12;2025-12-28;9;928
12;2025-12-28;10;1147
12;2025-12-28;11;1284
12;2025-12-28;12;1364
12;2025-12-28;13;1605
12;2025-12-28;14;1494
12;2025-12-28;15;1425
12;2025-12-28;16;1473
12;2025-12-28;17;1487
12;2025-12-28;18;1264
12;2025-12-28;19;981
12;2025-12-28;20;718
12;2025-12-28;21;562
12;2025-12-28;22;376
12;2025-12-28;23;199
12;2025-12-29;0;46
12;2025-12-29;1;2
12;2025-12-29;2;0
12;2025-12-29;3;0
12;2025-12-29;4;5
12;2025-12-29;5;276
12;2025-12-29;6;1178
12;2025-12-29;7;2366
12;2025-12-29;8;3159
12;2025-12-29;9;2153
12;2025-12-29;10;1803
12;2025-12-29;11;1735
12;2025-12-29;12;1804
12;2025-12-29;13;1775
12;2025-12-29;14;1782
12;2025-12-29;15;1980
12;2025-12-29;16;2422
12;2025-12-29;17;2663
12;2025-12-29;18;2798
12;2025-12-29;19;2146
12;2025-12-29;20;1327
12;2025-12-29;21;798
12;2025-12-29;22;407
12;2025-12-29;23;214
12;2025-12-30;0;45
12;2025-12-30;1;2
12;2025-12-30;2;0
12;2025-12-30;3;0
12;2025-12-30;4;5
12;2025-12-30;5;268
12;2025-12-30;6;1143
12;2025-12-30;7;2296
12;2025-12-30;8;3065
12;2025-12-30;9;2089
12;2025-12-30;10;1750
12;2025-12-30;11;1684
12;2025-12-30;12;1751
12;2025-12-30;13;1722
12;2025-12-30;14;1730
12;2025-12-30;15;1921
12;2025-12-30;16;2351
12;2025-12-30;17;2584
12;2025-12-30;18;2715
12;2025-12-30;19;2083
12;2025-12-30;20;1288
12;2025-12-30;21;775
12;2025-12-30;22;395
12;2025-12-30;23;208
12;2025-12-31;0;65
12;2025-12-31;1;4
12;2025-12-31;2;0
12;2025-12-31;3;0
12;2025-12-31;4;2
12;2025-12-31;5;176
12;2025-12-31;6;639
12;2025-12-31;7;733
12;2025-12-31;8;819
12;2025-12-31;9;994
12;2025-12-31;10;1190
12;2025-12-31;11;1296
12;2025-12-31;12;1307
12;2025-12-31;13;1559
12;2025-12-31;14;1380
12;2025-12-31;15;1322
12;2025-12-31;16;1387
12;2025-12-31;17;1326
12;2025-12-31;18;1266
12;2025-12-31;19;1139
12;2025-12-31;20;771
12;2025-12-31;21;557
12;2025-12-31;22;340
12;2025-12-31;23;237
17;2025-11-01;0;151
17;2025-11-01;1;30
17;2025-11-01;2;0
17;2025-11-01;3;0
17;2025-11-01;4;20
17;2025-11-01;5;236
17;2025-11-01;6;1151
17;2025-11-01;7;3034
17;2025-11-01;8;3960
17;2025-11-01;9;2833
17;2025-11-01;10;2249
17;2025-11-01;11;2260
17;2025-11-01;12;2295
17;2025-11-01;13;2347
17;2025-11-01;14;2413
17;2025-11-01;15;2671
17;2025-11-01;16;3205
17;2025-11-01;17;3544
17;2025-11-01;18;3305
17;2025-11-01;19;2413
17;2025-11-01;20;1764
17;2025-11-01;21;1189
17;2025-11-01;22;632
17;2025-11-01;23;348
17;2025-11-02;0;180
17;2025-11-02;1;25
17;2025-11-02;2;0
17;2025-11-02;3;0
17;2025-11-02;4;4
17;2025-11-02;5;106
17;2025-11-02;6;436
17;2025-11-02;7;799
17;2025-11-02;8;1238
17;2025-11-02;9;1692
17;2025-11-02;10;1991
17;2025-11-02;11;2536
17;2025-11-02;12;2934
17;2025-11-02;13;3209
17;2025-11-02;14;3285
17;2025-11-02;15;3259
17;2025-11-02;16;3167
17;2025-11-02;17;3012
17;2025-11-02;18;2614
17;2025-11-02;19;2105
17;2025-11-02;20;1584
17;2025-11-02;21;1136
17;2025-11-02;22;714
17;2025-11-02;23;316
17;2025-11-03;0;165
17;2025-11-03;1;22
17;2025-11-03;2;0
17;2025-11-03;3;0
17;2025-11-03;4;4
17;2025-11-03;5;104
17;2025-11-03;6;433
17;2025-11-03;7;863
17;2025-11-03;8;1287
17;2025-11-03;9;1702
17;2025-11-03;10;1944
17;2025-11-03;11;2414
17;2025-11-03;12;2751
17;2025-11-03;13;2967
17;2025-11-03;14;3025
17;2025-11-03;15;3008
17;2025-11-03;16;2973
17;2025-11-03;17;2801
17;2025-11-03;18;2461
17;2025-11-03;19;1982
17;2025-11-03;20;1510
17;2025-11-03;21;1091
17;2025-11-03;22;688
17;2025-11-03;23;331
17;2025-11-04;0;165
17;2025-11-04;1;22
17;2025-11-04;2;0
17;2025-11-04;3;0
17;2025-11-04;4;4
17;2025-11-04;5;104
17;2025-11-04;6;433
17;2025-11-04;7;863
17;2025-11-04;8;1287
17;2025-11-04;9;1702
17;2025-11-04;10;1944
17;2025-11-04;11;2414
17;2025-11-04;12;2751
17;2025-11-04;13;2967
17;2025-11-04;14;3025
17;2025-11-04;15;3008
17;2025-11-04;16;2973
17;2025-11-04;17;2801
17;2025-11-04;18;2461
17;2025-11-04;19;1982
17;2025-11-04;20;1510
17;2025-11-04;21;1091
17;2025-11-04;22;688
17;2025-11-04;23;331
17;2025-11-05;0;117
17;2025-11-05;1;12
17;2025-11-05;2;0
17;2025-11-05;3;0
17;2025-11-05;4;27
17;2025-11-05;5;323
17;2025-11-05;6;1576
17;2025-11-05;7;4182
17;2025-11-05;8;5496
17;2025-11-05;9;3889
17;2025-11-05;10;3035
17;2025-11-05;11;3007
17;2025-11-05;12;3049
17;2025-11-05;13;3110
17;2025-11-05;14;3200
17;2025-11-05;15;3325
17;2025-11-05;16;3750
17;2025-11-05;17;4590
17;2025-11-05;18;4941
17;2025-11-05;19;3412
17;2025-11-05;20;2370
17;2025-11-05;21;1461
17;2025-11-05;22;750
17;2025-11-05;23;362
17;2025-11-06;0;117
17;2025-11-06;1;12
17;2025-11-06;2;0
17;2025-11-06;3;0
17;2025-11-06;4;27
17;2025-11-06;5;323
17;2025-11-06;6;1576
17;2025-11-06;7;4182
17;2025-11-06;8;5496
17;2025-11-06;9;3889
17;2025-11-06;10;3035
17;2025-11-06;11;3007
17;2025-11-06;12;3049
17;2025-11-06;13;3110
17;2025-11-06;14;3200
17;2025-11-06;15;3325
17;2025-11-06;16;3750
17;2025-11-06;17;4590
17;2025-11-06;18;4941
17;2025-11-06;19;3412
17;2025-11-06;20;2370
17;2025-11-06;21;1461
17;2025-11-06;22;750
17;2025-11-06;23;362
17;2025-11-07;0;138
17;2025-11-07;1;16
17;2025-11-07;2;0
17;2025-11-07;3;0
17;2025-11-07;4;25
17;2025-11-07;5;303
17;2025-11-07;6;1483
17;2025-11-07;7;3908
17;2025-11-07;8;5102
17;2025-11-07;9;3650
17;2025-11-07;10;2897
17;2025-11-07;11;2912
17;2025-11-07;12;2957
17;2025-11-07;13;3023
17;2025-11-07;14;3109
17;2025-11-07;15;3440
17;2025-11-07;16;4128
17;2025-11-07;17;4566
17;2025-11-07;18;4258
17;2025-11-07;19;3109
17;2025-11-07;20;2273
17;2025-11-07;21;1532
17;2025-11-07;22;814
17;2025-11-07;23;448
17;2025-11-08;0;195
17;2025-11-08;1;26
17;2025-11-08;2;0
17;2025-11-08;3;0
17;2025-11-08;4;5
17;2025-11-08;5;132
17;2025-11-08;6;557
17;2025-11-08;7;1192
17;2025-11-08;8;1725
17;2025-11-08;9;2214
17;2025-11-08;10;2461
17;2025-11-08;11;2981
17;2025-11-08;12;3346
17;2025-11-08;13;3557
17;2025-11-08;14;3612
17;2025-11-08;15;3598
17;2025-11-08;16;3622
17;2025-11-08;17;3378
17;2025-11-08;18;3006
17;2025-11-08;19;2421
17;2025-11-08;20;1867
17;2025-11-08;21;1360
17;2025-11-08;22;859
17;2025-11-08;23;446
17;2025-11-09;0;180
17;2025-11-09;1;25
17;2025-11-09;2;0
17;2025-11-09;3;0
17;2025-11-09;4;4
17;2025-11-09;5;106
17;2025-11-09;6;436
17;2025-11-09;7;799
17;2025-11-09;8;1238
17;2025-11-09;9;1692
17;2025-11-09;10;1991
17;2025-11-09;11;2536
17;2025-11-09;12;2934
17;2025-11-09;13;3209
17;2025-11-09;14;3285
17;2025-11-09;15;3259
17;2025-11-09;16;3167
17;2025-11-09;17;3012
17;2025-11-09;18;2614
17;2025-11-09;19;2105
17;2025-11-09;20;1584
17;2025-11-09;21;1136
17;2025-11-09;22;714
17;2025-11-09;23;316
17;2025-11-10;0;114
17;2025-11-10;1;11
17;2025-11-10;2;0
17;2025-11-10;3;0
17;2025-11-10;4;27
17;2025-11-10;5;314
17;2025-11-10;6;1534
17;2025-11-10;7;4069
17;2025-11-10;8;5349
17;2025-11-10;9;3785
17;2025-11-10;10;2954
17;2025-11-10;11;2927
17;2025-11-10;12;2968
17;2025-11-10;13;3027
17;2025-11-10;14;3115
17;2025-11-10;15;3236
17;2025-11-10;16;3650
17;2025-11-10;17;4467
17;2025-11-10;18;4808
17;2025-11-10;19;3320
17;2025-11-10;20;2307
17;2025-11-10;21;1422
17;2025-11-10;22;730
17;2025-11-10;23;352
17;2025-11-11;0;117
17;2025-11-11;1;12
17;2025-11-11;2;0
17;2025-11-11;3;0
17;2025-11-11;4;27
17;2025-11-11;5;323
17;2025-11-11;6;1576
17;2025-11-11;7;4182
17;2025-11-11;8;5496
17;2025-11-11;9;3889
17;2025-11-11;10;3035
17;2025-11-11;11;3007
17;2025-11-11;12;3049
17;2025-11-11;13;3110
17;2025-11-11;14;3200
17;2025-11-11;15;3325
17;2025-11-11;16;3750
17;2025-11-11;17;4590
17;2025-11-11;18;4941
17;2025-11-11;19;3412
17;2025-11-11;20;2370
17;2025-11-11;21;1461
17;2025-11-11;22;750
17;2025-11-11;23;362
17;2025-11-12;0;117
17;2025-11-12;1;12
17;2025-11-12;2;0
17;2025-11-12;3;0
17;2025-11-12;4;27
17;2025-11-12;5;323
17;2025-11-12;6;1576
17;2025-11-12;7;4182
17;2025-11-12;8;5496
17;2025-11-12;9;3889
17;2025-11-12;10;3035
17;2025-11-12;11;3007
17;2025-11-12;12;3049
17;2025-11-12;13;3110
17;2025-11-12;14;3200
17;2025-11-12;15;3325
17;2025-11-12;16;3750
17;2025-11-12;17;4590
17;2025-11-12;18;4941
17;2025-11-12;19;3412
17;2025-11-12;20;2370
17;2025-11-12;21;1461
17;2025-11-12;22;750
17;2025-11-12;23;362
17;2025-11-13;0;117
17;2025-11-13;1;12
17;2025-11-13;2;0
17;2025-11-13;3;0
17;2025-11-13;4;27
17;2025-11-13;5;323
17;2025-11-13;6;1576
17;2025-11-13;7;4182
17;2025-11-13;8;5496
17;2025-11-13;9;3889
17;2025-11-13;10;3035
17;2025-11-13;11;3007
17;2025-11-13;12;3049
17;2025-11-13;13;3110
17;2025-11-13;14;3200
17;2025-11-13;15;3325
17;2025-11-13;16;3750
17;2025-11-13;17;4590
17;2025-11-13;18;4941
17;2025-11-13;19;3412
17;2025-11-13;20;2370
17;2025-11-13;21;1461
17;2025-11-13;22;750
17;2025-11-13;23;362
17;2025-11-14;0;138
17;2025-11-14;1;16
17;2025-11-14;2;0
17;2025-11-14;3;0
17;2025-11-14;4;25
17;2025-11-14;5;303
17;2025-11-14;6;1483
17;2025-11-14;7;3908
17;2025-11-14;8;5102
17;2025-11-14;9;3650
17;2025-11-14;10;2897
17;2025-11-14;11;2912
17;2025-11-14;12;2957
17;2025-11-14;13;3023
17;2025-11-14;14;3109
17;2025-11-14;15;3440
17;2025-11-14;16;4128
17;2025-11-14;17;4566
17;2025-11-14;18;4258
17;2025-11-14;19;3109
17;2025-11-14;20;2273
17;2025-11-14;21;1532
17;2025-11-14;22;814
17;2025-11-14;23;448
17;2025-11-15;0;195
17;2025-11-15;1;26
17;2025-11-15;2;0
17;2025-11-15;3;0
17;2025-11-15;4;5
17;2025-11-15;5;132
17;2025-11-15;6;557
17;2025-11-15;7;1192
17;2025-11-15;8;1725
17;2025-11-15;9;2214
17;2025-11-15;10;2461
17;2025-11-15;11;2981
17;2025-11-15;12;3346
17;2025-11-15;13;3557
17;2025-11-15;14;3612
17;2025-11-15;15;3598
17;2025-11-15;16;3622
17;2025-11-15;17;3378
17;2025-11-15;18;3006
17;2025-11-15;19;2421
17;2025-11-15;20;1867
17;2025-11-15;21;1360
17;2025-11-15;22;859
17;2025-11-15;23;446
17;2025-11-16;0;180
17;2025-11-16;1;25
17;2025-11-16;2;0
17;2025-11-16;3;0
17;2025-11-16;4;4
17;2025-11-16;5;106
17;2025-11-16;6;436
17;2025-11-16;7;799
17;2025-11-16;8;1238
17;2025-11-16;9;1692
17;2025-11-16;10;1991
17;2025-11-16;11;2536
17;2025-11-16;12;2934
17;2025-11-16;13;3209
17;2025-11-16;14;3285
17;2025-11-16;15;3259
17;2025-11-16;16;3167
17;2025-11-16;17;3012
17;2025-11-16;18;2614
17;2025-11-16;19;2105
17;2025-11-16;20;1584
17;2025-11-16;21;1136
17;2025-11-16;22;714
17;2025-11-16;23;316
17;2025-11-17;0;114
17;2025-11-17;1;11
17;2025-11-17;2;0
17;2025-11-17;3;0
17;2025-11-17;4;27
17;2025-11-17;5;314
17;2025-11-17;6;1534
17;2025-11-17;7;4069
17;2025-11-17;8;5349
17;2025-11-17;9;3785
17;2025-11-17;10;2954
17;2025-11-17;11;2927
17;2025-11-17;12;2968
17;2025-11-17;13;3027
17;2025-11-17;14;3115
17;2025-11-17;15;3236
17;2025-11-17;16;3650
17;2025-11-17;17;4467
17;2025-11-17;18;4808
17;2025-11-17;19;3320
17;2025-11-17;20;2307
17;2025-11-17;21;1422
17;2025-11-17;22;730
17;2025-11-17;23;352
17;2025-11-18;0;117
17;2025-11-18;1;12
17;2025-11-18;2;0
17;2025-11-18;3;0
17;2025-11-18;4;27
17;2025-11-18;5;323
17;2025-11-18;6;1576
17;2025-11-18;7;4182
17;2025-11-18;8;5496
17;2025-11-18;9;3889
17;2025-11-18;10;3035
17;2025-11-18;11;3007
17;2025-11-18;12;3049
17;2025-11-18;13;3110
17;2025-11-18;14;3200
17;2025-11-18;15;3325
17;2025-11-18;16;3750
17;2025-11-18;17;4590
17;2025-11-18;18;4941
17;2025-11-18;19;3412
17;2025-11-18;20;2370
17;2025-11-18;21;1461
17;2025-11-18;22;750
17;2025-11-18;23;362
17;2025-11-19;0;117
17;2025-11-19;1;12
17;2025-11-19;2;0
17;2025-11-19;3;0
17;2025-11-19;4;27
17;2025-11-19;5;323
17;2025-11-19;6;1576
17;2025-11-19;7;4182
17;2025-11-19;8;5496
17;2025-11-19;9;3889
17;2025-11-19;10;3035
17;2025-11-19;11;3007
17;2025-11-19;12;3049
17;2025-11-19;13;3110
17;2025-11-19;14;3200
17;2025-11-19;15;3325
17;2025-11-19;16;3750
17;2025-11-19;17;4590
17;2025-11-19;18;4941
17;2025-11-19;19;3412
17;2025-11-19;20;2370
17;2025-11-19;21;1461
17;2025-11-19;22;750
17;2025-11-19;23;362
17;2025-11-20;0;117
17;2025-11-20;1;12
17;2025-11-20;2;0
17;2025-11-20;3;0
17;2025-11-20;4;27
17;2025-11-20;5;323
17;2025-11-20;6;1576
17;2025-11-20;7;4182
17;2025-11-20;8;5496
17;2025-11-20;9;3889
17;2025-11-20;10;3035
17;2025-11-20;11;3007
17;2025-11-20;12;3049
17;2025-11-20;13;3110
17;2025-11-20;14;3200
17;2025-11-20;15;3325
17;2025-11-20;16;3750
17;2025-11-20;17;4590
17;2025-11-20;18;4941
17;2025-11-20;19;3412
17;2025-11-20;20;2370
17;2025-11-20;21;1461
17;2025-11-20;22;750
17;2025-11-20;23;362
17;2025-11-21;0;138
17;2025-11-21;1;16
17;2025-11-21;2;0
17;2025-11-21;3;0
17;2025-11-21;4;25
17;2025-11-21;5;303
17;2025-11-21;6;1483
17;2025-11-21;7;3908
17;2025-11-21;8;5102
17;2025-11-21;9;3650
17;2025-11-21;10;2897
17;2025-11-21;11;2912
17;2025-11-21;12;2957
17;2025-11-21;13;3023
17;2025-11-21;14;3109
17;2025-11-21;15;3440
17;2025-11-21;16;4128
17;2025-11-21;17;4566
17;2025-11-21;18;4258
17;2025-11-21;19;3109
17;2025-11-21;20;2273
17;2025-11-21;21;1532
17;2025-11-21;22;814
17;2025-11-21;23;448
17;2025-11-22;0;195
17;2025-11-22;1;26
17;2025-11-22;2;0
17;2025-11-22;3;0
17;2025-11-22;4;5
17;2025-11-22;5;132
17;2025-11-22;6;557
17;2025-11-22;7;1192
17;2025-11-22;8;1725
17;2025-11-22;9;2214
17;2025-11-22;10;2461
17;2025-11-22;11;2981
17;2025-11-22;12;3346
17;2025-11-22;13;3557
17;2025-11-22;14;3612
17;2025-11-22;15;3598
17;2025-11-22;16;3622
17;2025-11-22;17;3378
17;2025-11-22;18;3006
17;2025-11-22;19;2421
17;2025-11-22;20;1867
17;2025-11-22;21;1360
17;2025-11-22;22;859
17;2025-11-22;23;446
17;2025-11-23;0;180
17;2025-11-23;1;25
17;2025-11-23;2;0
17;2025-11-23;3;0
17;2025-11-23;4;4
17;2025-11-23;5;106
17;2025-11-23;6;436
17;2025-11-23;7;799
17;2025-11-23;8;1238
17;2025-11-23;9;1692
17;2025-11-23;10;1991
17;2025-11-23;11;2536
17;2025-11-23;12;2934
17;2025-11-23;13;3209
17;2025-11-23;14;3285
17;2025-11-23;15;3259
17;2025-11-23;16;3167
17;2025-11-23;17;3012
17;2025-11-23;18;2614
17;2025-11-23;19;2105
17;2025-11-23;20;1584
17;2025-11-23;21;1136
17;2025-11-23;22;714
17;2025-11-23;23;316
17;2025-11-24;0;114
17;2025-11-24;1;11
17;2025-11-24;2;0
17;2025-11-24;3;0
17;2025-11-24;4;27
17;2025-11-24;5;314
17;2025-11-24;6;1534
17;2025-11-24;7;4069
17;2025-11-24;8;5349
17;2025-11-24;9;3785
17;2025-11-24;10;2954
17;2025-11-24;11;2927
17;2025-11-24;12;2968
17;2025-11-24;13;3027
17;2025-11-24;14;3115
17;2025-11-24;15;3236
17;2025-11-24;16;3650
17;2025-11-24;17;4467
17;2025-11-24;18;4808
17;2025-11-24;19;3320
17;2025-11-24;20;2307
17;2025-11-24;21;1422
17;2025-11-24;22;730
17;2025-11-24;23;352
17;2025-11-25;0;117
17;2025-11-25;1;12
17;2025-11-25;2;0
17;2025-11-25;3;0
17;2025-11-25;4;27
17;2025-11-25;5;323
17;2025-11-25;6;1576
17;2025-11-25;7;4182
17;2025-11-25;8;5496
17;2025-11-25;9;3889
17;2025-11-25;10;3035
17;2025-11-25;11;3007
17;2025-11-25;12;3049
17;2025-11-25;13;3110
17;2025-11-25;14;3200
17;2025-11-25;15;3325
17;2025-11-25;16;3750
17;2025-11-25;17;4590
17;2025-11-25;18;4941
17;2025-11-25;19;3412
17;2025-11-25;20;2370
17;2025-11-25;21;1461
17;2025-11-25;22;750
17;2025-11-25;23;362
17;2025-11-26;0;117
17;2025-11-26;1;12
17;2025-11-26;2;0
17;2025-11-26;3;0
17;2025-11-26;4;27
17;2025-11-26;5;323
17;2025-11-26;6;1576
17;2025-11-26;7;4182
17;2025-11-26;8;5496
17;2025-11-26;9;3889
17;2025-11-26;10;3035
17;2025-11-26;11;3007
17;2025-11-26;12;3049
17;2025-11-26;13;3110
17;2025-11-26;14;3200
17;2025-11-26;15;3325
17;2025-11-26;16;3750
17;2025-11-26;17;4590
17;2025-11-26;18;4941
17;2025-11-26;19;3412
17;2025-11-26;20;2370
17;2025-11-26;21;1461
17;2025-11-26;22;750
17;2025-11-26;23;362
17;2025-11-27;0;117
17;2025-11-27;1;12
17;2025-11-27;2;0
17;2025-11-27;3;0
17;2025-11-27;4;27
17;2025-11-27;5;323
17;2025-11-27;6;1576
17;2025-11-27;7;4182
17;2025-11-27;8;5496
17;2025-11-27;9;3889
17;2025-11-27;10;3035
17;2025-11-27;11;3007
17;2025-11-27;12;3049
17;2025-11-27;13;3110
17;2025-11-27;14;3200
17;2025-11-27;15;3325
17;2025-11-27;16;3750
17;2025-11-27;17;4590
17;2025-11-27;18;4941
17;2025-11-27;19;3412
17;2025-11-27;20;2370
17;2025-11-27;21;1461
17;2025-11-27;22;750
17;2025-11-27;23;362
17;2025-11-28;0;138
17;2025-11-28;1;16
17;2025-11-28;2;0
17;2025-11-28;3;0
17;2025-11-28;4;25
17;2025-11-28;5;303
17;2025-11-28;6;1483
17;2025-11-28;7;3908
17;2025-11-28;8;5102
17;2025-11-28;9;3650
17;2025-11-28;10;2897
17;2025-11-28;11;2912
17;2025-11-28;12;2957
17;2025-11-28;13;3023
17;2025-11-28;14;3109
17;2025-11-28;15;3440
17;2025-11-28;16;4128
17;2025-11-28;17;4566
17;2025-11-28;18;4258
17;2025-11-28;19;3109
17;2025-11-28;20;2273
17;2025-11-28;21;1532
17;2025-11-28;22;814
17;2025-11-28;23;448
17;2025-11-29;0;195
17;2025-11-29;1;26
17;2025-11-29;2;0
17;2025-11-29;3;0
17;2025-11-29;4;5
17;2025-11-29;5;132
17;2025-11-29;6;557
17;2025-11-29;7;1192
17;2025-11-29;8;1725
17;2025-11-29;9;2214
17;2025-11-29;10;2461
17;2025-11-29;11;2981
17;2025-11-29;12;3346
17;2025-11-29;13;3557
17;2025-11-29;14;3612
17;2025-11-29;15;3598
17;2025-11-29;16;3622
17;2025-11-29;17;3378
17;2025-11-29;18;3006
17;2025-11-29;19;2421
17;2025-11-29;20;1867
17;2025-11-29;21;1360
17;2025-11-29;22;859
17;2025-11-29;23;446
17;2025-11-30;0;180
17;2025-11-30;1;25
17;2025-11-30;2;0
17;2025-11-30;3;0
17;2025-11-30;4;4
17;2025-11-30;5;106
17;2025-11-30;6;436
17;2025-11-30;7;799
17;2025-11-30;8;1238
17;2025-11-30;9;1692
17;2025-11-30;10;1991
17;2025-11-30;11;2536
17;2025-11-30;12;2934
17;2025-11-30;13;3209
17;2025-11-30;14;3285
17;2025-11-30;15;3259
17;2025-11-30;16;3167
17;2025-11-30;17;3012
17;2025-11-30;18;2614
17;2025-11-30;19;2105
17;2025-11-30;20;1584
17;2025-11-30;21;1136
17;2025-11-30;22;714
17;2025-11-30;23;316
17;2025-12-01;0;113
17;2025-12-01;1;11
17;2025-12-01;2;0
17;2025-12-01;3;0
17;2025-12-01;4;27
17;2025-12-01;5;316
17;2025-12-01;6;1535
17;2025-12-01;7;4050
17;2025-12-01;8;5346
17;2025-12-01;9;3774
17;2025-12-01;10;2943
17;2025-12-01;11;2916
17;2025-12-01;12;2960
17;2025-12-01;13;3020
17;2025-12-01;14;3103
17;2025-12-01;15;3238
17;2025-12-01;16;3648
17;2025-12-01;17;4468
17;2025-12-01;18;4832
17;2025-12-01;19;3351
17;2025-12-01;20;2317
17;2025-12-01;21;1423
17;2025-12-01;22;740
17;2025-12-01;23;351
17;2025-12-02;0;116
17;2025-12-02;1;11
17;2025-12-02;2;0
17;2025-12-02;3;0
17;2025-12-02;4;28
17;2025-12-02;5;325
17;2025-12-02;6;1577
17;2025-12-02;7;4162
17;2025-12-02;8;5494
17;2025-12-02;9;3878
17;2025-12-02;10;3025
17;2025-12-02;11;2996
17;2025-12-02;12;3042
17;2025-12-02;13;3103
17;2025-12-02;14;3189
17;2025-12-02;15;3327
17;2025-12-02;16;3749
17;2025-12-02;17;4591
17;2025-12-02;18;4965
17;2025-12-02;19;3443
17;2025-12-02;20;2381
17;2025-12-02;21;1462
17;2025-12-02;22;760
17;2025-12-02;23;361
17;2025-12-03;0;116
17;2025-12-03;1;11
17;2025-12-03;2;0
17;2025-12-03;3;0
17;2025-12-03;4;28
17;2025-12-03;5;325
17;2025-12-03;6;1577
17;2025-12-03;7;4162
17;2025-12-03;8;5494
17;2025-12-03;9;3878
17;2025-12-03;10;3025
17;2025-12-03;11;2996
17;2025-12-03;12;3042
17;2025-12-03;13;3103
17;2025-12-03;14;3189
17;2025-12-03;15;3327
17;2025-12-03;16;3749
17;2025-12-03;17;4591
17;2025-12-03;18;4965
17;2025-12-03;19;3443
17;2025-12-03;20;2381
17;2025-12-03;21;1462
17;2025-12-03;22;760
17;2025-12-03;23;361
17;2025-12-04;0;116
17;2025-12-04;1;11
17;2025-12-04;2;0
17;2025-12-04;3;0
17;2025-12-04;4;28
17;2025-12-04;5;325
17;2025-12-04;6;1577
17;2025-12-04;7;4162
17;2025-12-04;8;5494
17;2025-12-04;9;3878
17;2025-12-04;10;3025
17;2025-12-04;11;2996
17;2025-12-04;12;3042
17;2025-12-04;13;3103
17;2025-12-04;14;3189
17;2025-12-04;15;3327
17;2025-12-04;16;3749
17;2025-12-04;17;4591
17;2025-12-04;18;4965
17;2025-12-04;19;3443
17;2025-12-04;20;2381
17;2025-12-04;21;1462
17;2025-12-04;22;760
17;2025-12-04;23;361
17;2025-12-05;0;138
17;2025-12-05;1;16
17;2025-12-05;2;0
17;2025-12-05;3;0
17;2025-12-05;4;26
17;2025-12-05;5;303
17;2025-12-05;6;1482
17;2025-12-05;7;3884
17;2025-12-05;8;5101
17;2025-12-05;9;3642
17;2025-12-05;10;2892
17;2025-12-05;11;2900
17;2025-12-05;12;2961
17;2025-12-05;13;3023
17;2025-12-05;14;3112
17;2025-12-05;15;3457
17;2025-12-05;16;4142
17;2025-12-05;17;4556
17;2025-12-05;18;4271
17;2025-12-05;19;3110
17;2025-12-05;20;2270
17;2025-12-05;21;1531
17;2025-12-05;22;828
17;2025-12-05;23;445
17;2025-12-06;0;194
17;2025-12-06;1;26
17;2025-12-06;2;0
17;2025-12-06;3;0
17;2025-12-06;4;5
17;2025-12-06;5;132
17;2025-12-06;6;553
17;2025-12-06;7;1178
17;2025-12-06;8;1710
17;2025-12-06;9;2200
17;2025-12-06;10;2443
17;2025-12-06;11;2969
17;2025-12-06;12;3341
17;2025-12-06;13;3541
17;2025-12-06;14;3604
17;2025-12-06;15;3589
17;2025-12-06;16;3614
17;2025-12-06;17;3379
17;2025-12-06;18;3010
17;2025-12-06;19;2433
17;2025-12-06;20;1869
17;2025-12-06;21;1365
17;2025-12-06;22;871
17;2025-12-06;23;445
17;2025-12-07;0;178
17;2025-12-07;1;25
17;2025-12-07;2;0
17;2025-12-07;3;0
17;2025-12-07;4;4
17;2025-12-07;5;105
17;2025-12-07;6;434
17;2025-12-07;7;785
17;2025-12-07;8;1231
17;2025-12-07;9;1682
17;2025-12-07;10;1979
17;2025-12-07;11;2515
17;2025-12-07;12;2921
17;2025-12-07;13;3200
17;2025-12-07;14;3263
17;2025-12-07;15;3247
17;2025-12-07;16;3154
17;2025-12-07;17;3001
17;2025-12-07;18;2608
17;2025-12-07;19;2103
17;2025-12-07;20;1589
17;2025-12-07;21;1133
17;2025-12-07;22;715
17;2025-12-07;23;315
17;2025-12-08;0;113
17;2025-12-08;1;11
17;2025-12-08;2;0
17;2025-12-08;3;0
17;2025-12-08;4;27
17;2025-12-08;5;316
17;2025-12-08;6;1535
17;2025-12-08;7;4050
17;2025-12-08;8;5346
17;2025-12-08;9;3774
17;2025-12-08;10;2943
17;2025-12-08;11;2916
17;2025-12-08;12;2960
17;2025-12-08;13;3020
17;2025-12-08;14;3103
17;2025-12-08;15;3238
17;2025-12-08;16;3648
17;2025-12-08;17;4468
17;2025-12-08;18;4832
17;2025-12-08;19;3351
17;2025-12-08;20;2317
17;2025-12-08;21;1423
17;2025-12-08;22;740
17;2025-12-08;23;351
17;2025-12-09;0;116
17;2025-12-09;1;11
17;2025-12-09;2;0
17;2025-12-09;3;0
17;2025-12-09;4;28
17;2025-12-09;5;325
17;2025-12-09;6;1577
17;2025-12-09;7;4162
17;2025-12-09;8;5494
17;2025-12-09;9;3878
17;2025-12-09;10;3025
17;2025-12-09;11;2996
17;2025-12-09;12;3042
17;2025-12-09;13;3103
17;2025-12-09;14;3189
17;2025-12-09;15;3327
17;2025-12-09;16;3749
17;2025-12-09;17;4591
17;2025-12-09;18;4965
17;2025-12-09;19;3443
17;2025-12-09;20;2381
17;2025-12-09;21;1462
17;2025-12-09;22;760
17;2025-12-09;23;361
17;2025-12-10;0;116
17;2025-12-10;1;11
17;2025-12-10;2;0
17;2025-12-10;3;0
17;2025-12-10;4;28
17;2025-12-10;5;325
17;2025-12-10;6;1577
17;2025-12-10;7;4162
17;2025-12-10;8;5494
17;2025-12-10;9;3878
17;2025-12-10;10;3025
17;2025-12-10;11;2996
17;2025-12-10;12;3042
17;2025-12-10;13;3103
17;2025-12-10;14;3189
17;2025-12-10;15;3327
17;2025-12-10;16;3749
17;2025-12-10;17;4591
17;2025-12-10;18;4965
17;2025-12-10;19;3443
17;2025-12-10;20;2381
17;2025-12-10;21;1462
17;2025-12-10;22;760
17;2025-12-10;23;361
17;2025-12-11;0;116
17;2025-12-11;1;11
17;2025-12-11;2;0
17;2025-12-11;3;0
17;2025-12-11;4;28
17;2025-12-11;5;325
17;2025-12-11;6;1577
17;2025-12-11;7;4162
17;2025-12-11;8;5494
17;2025-12-11;9;3878
17;2025-12-11;10;3025
17;2025-12-11;11;2996
17;2025-12-11;12;3042
17;2025-12-11;13;3103
17;2025-12-11;14;3189
17;2025-12-11;15;3327
17;2025-12-11;16;3749
17;2025-12-11;17;4591
17;2025-12-11;18;4965
17;2025-12-11;19;3443
17;2025-12-11;20;2381
17;2025-12-11;21;1462
17;2025-12-11;22;760
17;2025-12-11;23;361
17;2025-12-12;0;138
17;2025-12-12;1;16
17;2025-12-12;2;0
17;2025-12-12;3;0
17;2025-12-12;4;26
17;2025-12-12;5;303
17;2025-12-12;6;1482
17;2025-12-12;7;3884
17;2025-12-12;8;5101
17;2025-12-12;9;3642
17;2025-12-12;10;2892
17;2025-12-12;11;2900
17;2025-12-12;12;2961
17;2025-12-12;13;3023
17;2025-12-12;14;3112
17;2025-12-12;15;3457
17;2025-12-12;16;4142
17;2025-12-12;17;4556
17;2025-12-12;18;4271
17;2025-12-12;19;3110
17;2025-12-12;20;2270
17;2025-12-12;21;1531
17;2025-12-12;22;828
17;2025-12-12;23;445
17;2025-12-13;0;194
17;2025-12-13;1;26
17;2025-12-13;2;0
17;2025-12-13;3;0
17;2025-12-13;4;5
17;2025-12-13;5;132
17;2025-12-13;6;553
17;2025-12-13;7;1178
17;2025-12-13;8;1710
17;2025-12-13;9;2200
17;2025-12-13;10;2443
17;2025-12-13;11;2969
17;2025-12-13;12;3341
17;2025-12-13;13;3541
17;2025-12-13;14;3604
17;2025-12-13;15;3589
17;2025-12-13;16;3614
17;2025-12-13;17;3379
17;2025-12-13;18;3010
17;2025-12-13;19;2433
17;2025-12-13;20;1869
17;2025-12-13;21;1365
17;2025-12-13;22;871
17;2025-12-13;23;445
17;2025-12-14;0;178
17;2025-12-14;1;25
17;2025-12-14;2;0
17;2025-12-14;3;0
17;2025-12-14;4;4
17;2025-12-14;5;105
17;2025-12-14;6;434
17;2025-12-14;7;785
17;2025-12-14;8;1231
17;2025-12-14;9;1682
17;2025-12-14;10;1979
17;2025-12-14;11;2515
17;2025-12-14;12;2921
17;2025-12-14;13;3200
17;2025-12-14;14;3263
17;2025-12-14;15;3247
17;2025-12-14;16;3154
17;2025-12-14;17;3001
17;2025-12-14;18;2608
17;2025-12-14;19;2103
17;2025-12-14;20;1589
17;2025-12-14;21;1133
17;2025-12-14;22;715
17;2025-12-14;23;315
17;2025-12-15;0;113
17;2025-12-15;1;11
17;2025-12-15;2;0
17;2025-12-15;3;0
17;2025-12-15;4;27
17;2025-12-15;5;316
17;2025-12-15;6;1535
17;2025-12-15;7;4050
17;2025-12-15;8;5346
17;2025-12-15;9;3774
17;2025-12-15;10;2943
17;2025-12-15;11;2916
17;2025-12-15;12;2960
17;2025-12-15;13;3020
17;2025-12-15;14;3103
17;2025-12-15;15;3238
17;2025-12-15;16;3648
17;2025-12-15;17;4468
17;2025-12-15;18;4832
17;2025-12-15;19;3351
17;2025-12-15;20;2317
17;2025-12-15;21;1423
17;2025-12-15;22;740
17;2025-12-15;23;351
17;2025-12-16;0;116
17;2025-12-16;1;11
17;2025-12-16;2;0
17;2025-12-16;3;0
17;2025-12-16;4;28
17;2025-12-16;5;325
17;2025-12-16;6;1577
17;2025-12-16;7;4162
17;2025-12-16;8;5494
17;2025-12-16;9;3878
17;2025-12-16;10;3025
17;2025-12-16;11;2996
17;2025-12-16;12;3042
17;2025-12-16;13;3103
17;2025-12-16;14;3189
17;2025-12-16;15;3327
17;2025-12-16;16;3749
17;2025-12-16;17;4591
17;2025-12-16;18;4965
17;2025-12-16;19;3443
17;2025-12-16;20;2381
17;2025-12-16;21;1462
17;2025-12-16;22;760
17;2025-12-16;23;361
17;2025-12-17;0;116
17;2025-12-17;1;11
17;2025-12-17;2;0
17;2025-12-17;3;0
17;2025-12-17;4;28
17;2025-12-17;5;325
17;2025-12-17;6;1577
17;2025-12-17;7;4162
17;2025-12-17;8;5494
17;2025-12-17;9;3878
17;2025-12-17;10;3025
17;2025-12-17;11;2996
17;2025-12-17;12;3042
17;2025-12-17;13;3103
17;2025-12-17;14;3189
17;2025-12-17;15;3327
17;2025-12-17;16;3749
17;2025-12-17;17;4591
17;2025-12-17;18;4965
17;2025-12-17;19;3443
17;2025-12-17;20;2381
17;2025-12-17;21;1462
17;2025-12-17;22;760
17;2025-12-17;23;361
17;2025-12-18;0;116
17;2025-12-18;1;11
17;2025-12-18;2;0
17;2025-12-18;3;0
17;2025-12-18;4;28
17;2025-12-18;5;325
17;2025-12-18;6;1577
17;2025-12-18;7;4162
17;2025-12-18;8;5494
17;2025-12-18;9;3878
17;2025-12-18;10;3025
17;2025-12-18;11;2996
17;2025-12-18;12;3042
17;2025-12-18;13;3103
17;2025-12-18;14;3189
17;2025-12-18;15;3327
17;2025-12-18;16;3749
17;2025-12-18;17;4591
17;2025-12-18;18;4965
17;2025-12-18;19;3443
17;2025-12-18;20;2381
17;2025-12-18;21;1462
17;2025-12-18;22;760
17;2025-12-18;23;361
17;2025-12-19;0;138
17;2025-12-19;1;16
17;2025-12-19;2;0
17;2025-12-19;3;0
17;2025-12-19;4;26
17;2025-12-19;5;303
17;2025-12-19;6;1482
17;2025-12-19;7;3884
17;2025-12-19;8;5101
17;2025-12-19;9;3642
17;2025-12-19;10;2892
17;2025-12-19;11;2900
17;2025-12-19;12;2961
17;2025-12-19;13;3023
17;2025-12-19;14;3112
17;2025-12-19;15;3457
17;2025-12-19;16;4142
17;2025-12-19;17;4556
17;2025-12-19;18;4271
17;2025-12-19;19;3110
17;2025-12-19;20;2270
17;2025-12-19;21;1531
17;2025-12-19;22;828
17;2025-12-19;23;445
17;2025-12-20;0;194
17;2025-12-20;1;26
17;2025-12-20;2;0
17;2025-12-20;3;0
17;2025-12-20;4;5
17;2025-12-20;5;132
17;2025-12-20;6;553
17;2025-12-20;7;1178
17;2025-12-20;8;1710
17;2025-12-20;9;2200
17;2025-12-20;10;2443
17;2025-12-20;11;2969
17;2025-12-20;12;3341
17;2025-12-20;13;3541
17;2025-12-20;14;3604
17;2025-12-20;15;3589
17;2025-12-20;16;3614
17;2025-12-20;17;3379
17;2025-12-20;18;3010
17;2025-12-20;19;2433
17;2025-12-20;20;1869
17;2025-12-20;21;1365
17;2025-12-20;22;871
17;2025-12-20;23;445
17;2025-12-21;0;178
17;2025-12-21;1;25
17;2025-12-21;2;0
17;2025-12-21;3;0
17;2025-12-21;4;4
17;2025-12-21;5;105
17;2025-12-21;6;434
17;2025-12-21;7;785
17;2025-12-21;8;1231
17;2025-12-21;9;1682
17;2025-12-21;10;1979
17;2025-12-21;11;2515
17;2025-12-21;12;2921
17;2025-12-21;13;3200
17;2025-12-21;14;3263
17;2025-12-21;15;3247
17;2025-12-21;16;3154
17;2025-12-21;17;3001
17;2025-12-21;18;2608
17;2025-12-21;19;2103
17;2025-12-21;20;1589
17;2025-12-21;21;1133
17;2025-12-21;22;715
17;2025-12-21;23;315
17;2025-12-22;0;113
17;2025-12-22;1;11
17;2025-12-22;2;0
17;2025-12-22;3;0
17;2025-12-22;4;27
17;2025-12-22;5;316
17;2025-12-22;6;1535
17;2025-12-22;7;4050
17;2025-12-22;8;5346
17;2025-12-22;9;3774
17;2025-12-22;10;2943
17;2025-12-22;11;2916
17;2025-12-22;12;2960
17;2025-12-22;13;3020
17;2025-12-22;14;3103
17;2025-12-22;15;3238
17;2025-12-22;16;3648
17;2025-12-22;17;4468
17;2025-12-22;18;4832
17;2025-12-22;19;3351
17;2025-12-22;20;2317
17;2025-12-22;21;1423
17;2025-12-22;22;740
17;2025-12-22;23;351
17;2025-12-23;0;116
17;2025-12-23;1;11
17;2025-12-23;2;0
17;2025-12-23;3;0
17;2025-12-23;4;28
17;2025-12-23;5;325
17;2025-12-23;6;1577
17;2025-12-23;7;4162
17;2025-12-23;8;5494
17;2025-12-23;9;3878
17;2025-12-23;10;3025
17;2025-12-23;11;2996
17;2025-12-23;12;3042
17;2025-12-23;13;3103
17;2025-12-23;14;3189
17;2025-12-23;15;3327
17;2025-12-23;16;3749
17;2025-12-23;17;4591
17;2025-12-23;18;4965
17;2025-12-23;19;3443
17;2025-12-23;20;2381
17;2025-12-23;21;1462
17;2025-12-23;22;760
17;2025-12-23;23;361
17;2025-12-24;0;116
17;2025-12-24;1;11
17;2025-12-24;2;0
17;2025-12-24;3;0
17;2025-12-24;4;28
17;2025-12-24;5;325
17;2025-12-24;6;1577
17;2025-12-24;7;4162
17;2025-12-24;8;5494
17;2025-12-24;9;3878
17;2025-12-24;10;3025
17;2025-12-24;11;2996
17;2025-12-24;12;3042
17;2025-12-24;13;3103
17;2025-12-24;14;3189
17;2025-12-24;15;3327
17;2025-12-24;16;3749
17;2025-12-24;17;4591
17;2025-12-24;18;4965
17;2025-12-24;19;3443
17;2025-12-24;20;2381
17;2025-12-24;21;1462
17;2025-12-24;22;760
17;2025-12-24;23;361
17;2025-12-25;0;116
17;2025-12-25;1;11
17;2025-12-25;2;0
17;2025-12-25;3;0
17;2025-12-25;4;28
17;2025-12-25;5;325
17;2025-12-25;6;1577
17;2025-12-25;7;4162
17;2025-12-25;8;5494
17;2025-12-25;9;3878
17;2025-12-25;10;3025
17;2025-12-25;11;2996
17;2025-12-25;12;3042
17;2025-12-25;13;3103
17;2025-12-25;14;3189
17;2025-12-25;15;3327
17;2025-12-25;16;3749
17;2025-12-25;17;4591
17;2025-12-25;18;4965
17;2025-12-25;19;3443
17;2025-12-25;20;2381
17;2025-12-25;21;1462
17;2025-12-25;22;760
17;2025-12-25;23;361
17;2025-12-26;0;138
17;2025-12-26;1;16
17;2025-12-26;2;0
17;2025-12-26;3;0
17;2025-12-26;4;26
17;2025-12-26;5;303
17;2025-12-26;6;1482
17;2025-12-26;7;3884
17;2025-12-26;8;5101
17;2025-12-26;9;3642
17;2025-12-26;10;2892
17;2025-12-26;11;2900
17;2025-12-26;12;2961
17;2025-12-26;13;3023
17;2025-12-26;14;3112
17;2025-12-26;15;3457
17;2025-12-26;16;4142
17;2025-12-26;17;4556
17;2025-12-26;18;4271
17;2025-12-26;19;3110
17;2025-12-26;20;2270
17;2025-12-26;21;1531
17;2025-12-26;22;828
17;2025-12-26;23;445
17;2025-12-27;0;194
17;2025-12-27;1;26
17;2025-12-27;2;0
17;2025-12-27;3;0
17;2025-12-27;4;5
17;2025-12-27;5;132
17;2025-12-27;6;553
17;2025-12-27;7;1178
17;2025-12-27;8;1710
17;2025-12-27;9;2200
17;2025-12-27;10;2443
17;2025-12-27;11;2969
17;2025-12-27;12;3341
17;2025-12-27;13;3541
17;2025-12-27;14;3604
17;2025-12-27;15;3589
17;2025-12-27;16;3614
17;2025-12-27;17;3379
17;2025-12-27;18;3010
17;2025-12-27;19;2433
17;2025-12-27;20;1869
17;2025-12-27;21;1365
17;2025-12-27;22;871
17;2025-12-27;23;445
17;2025-12-28;0;178
17;2025-12-28;1;25
17;2025-12-28;2;0
17;2025-12-28;3;0
17;2025-12-28;4;4
17;2025-12-28;5;105
17;2025-12-28;6;434
17;2025-12-28;7;785
17;2025-12-28;8;1231
17;2025-12-28;9;1682
17;2025-12-28;10;1979
17;2025-12-28;11;2515
17;2025-12-28;12;2921
17;2025-12-28;13;3200
17;2025-12-28;14;3263
17;2025-12-28;15;3247
17;2025-12-28;16;3154
17;2025-12-28;17;3001
17;2025-12-28;18;2608
17;2025-12-28;19;2103
17;2025-12-28;20;1589
17;2025-12-28;21;1133
17;2025-12-28;22;715
17;2025-12-28;23;315
17;2025-12-29;0;102
17;2025-12-29;1;10
17;2025-12-29;2;0
17;2025-12-29;3;0
17;2025-12-29;4;24
17;2025-12-29;5;284
17;2025-12-29;6;1382
17;2025-12-29;7;3645
17;2025-12-29;8;4812
17;2025-12-29;9;3396
17;2025-12-29;10;2649
17;2025-12-29;11;2624
17;2025-12-29;12;2664
17;2025-12-29;13;2718
17;2025-12-29;14;2793
17;2025-12-29;15;2914
17;2025-12-29;16;3283
17;2025-12-29;17;4021
17;2025-12-29;18;4349
17;2025-12-29;19;3016
17;2025-12-29;20;2086
17;2025-12-29;21;1281
17;2025-12-29;22;666
17;2025-12-29;23;316
17;2025-12-30;0;99
17;2025-12-30;1;10
17;2025-12-30;2;0
17;2025-12-30;3;0
17;2025-12-30;4;23
17;2025-12-30;5;276
17;2025-12-30;6;1341
17;2025-12-30;7;3538
17;2025-12-30;8;4670
17;2025-12-30;9;3296
17;2025-12-30;10;2571
17;2025-12-30;11;2547
17;2025-12-30;12;2585
17;2025-12-30;13;2638
17;2025-12-30;14;2711
17;2025-12-30;15;2828
17;2025-12-30;16;3186
17;2025-12-30;17;3903
17;2025-12-30;18;4220
17;2025-12-30;19;2927
17;2025-12-30;20;2024
17;2025-12-30;21;1243
17;2025-12-30;22;646
17;2025-12-30;23;307
17;2025-12-31;0;165
17;2025-12-31;1;22
17;2025-12-31;2;0
17;2025-12-31;3;0
17;2025-12-31;4;5
17;2025-12-31;5;112
17;2025-12-31;6;470
17;2025-12-31;7;1001
17;2025-12-31;8;1454
17;2025-12-31;9;1870
17;2025-12-31;10;2076
17;2025-12-31;11;2523
17;2025-12-31;12;2840
17;2025-12-31;13;3010
17;2025-12-31;14;3064
17;2025-12-31;15;3050
17;2025-12-31;16;3072
17;2025-12-31;17;2872
17;2025-12-31;18;2558
17;2025-12-31;19;2068
17;2025-12-31;20;1589
17;2025-12-31;21;1160
17;2025-12-31;22;740
17;2025-12-31;23;379
25;2025-11-01;0;0
25;2025-11-01;1;0
25;2025-11-01;2;0
25;2025-11-01;3;0
25;2025-11-01;4;0
25;2025-11-01;5;7
25;2025-11-01;6;168
25;2025-11-01;7;440
25;2025-11-01;8;698
25;2025-11-01;9;349
25;2025-11-01;10;305
25;2025-11-01;11;332
25;2025-11-01;12;333
25;2025-11-01;13;414
25;2025-11-01;14;380
25;2025-11-01;15;486
25;2025-11-01;16;642
25;2025-11-01;17;640
25;2025-11-01;18;542
25;2025-11-01;19;429
25;2025-11-01;20;260
25;2025-11-01;21;171
25;2025-11-01;22;107
25;2025-11-01;23;11
25;2025-11-02;0;17
25;2025-11-02;1;0
25;2025-11-02;2;0
25;2025-11-02;3;0
25;2025-11-02;4;0
25;2025-11-02;5;6
25;2025-11-02;6;82
25;2025-11-02;7;104
25;2025-11-02;8;203
25;2025-11-02;9;230
25;2025-11-02;10;233
25;2025-11-02;11;325
25;2025-11-02;12;382
25;2025-11-02;13;488
25;2025-11-02;14;546
25;2025-11-02;15;625
25;2025-11-02;16;547
25;2025-11-02;17;519
25;2025-11-02;18;429
25;2025-11-02;19;327
25;2025-11-02;20;231
25;2025-11-02;21;183
25;2025-11-02;22;107
25;2025-11-02;23;40
25;2025-11-03;0;10
25;2025-11-03;1;0
25;2025-11-03;2;0
25;2025-11-03;3;0
25;2025-11-03;4;0
25;2025-11-03;5;7
25;2025-11-03;6;77
25;2025-11-03;7;105
25;2025-11-03;8;221
25;2025-11-03;9;221
25;2025-11-03;10;229
25;2025-11-03;11;309
25;2025-11-03;12;351
25;2025-11-03;13;475
25;2025-11-03;14;505
25;2025-11-03;15;585
25;2025-11-03;16;527
25;2025-11-03;17;466
25;2025-11-03;18;399
25;2025-11-03;19;326
25;2025-11-03;20;214
25;2025-11-03;21;172
25;2025-11-03;22;105
25;2025-11-03;23;41
25;2025-11-04;0;10
25;2025-11-04;1;0
25;2025-11-04;2;0
25;2025-11-04;3;0
25;2025-11-04;4;0
25;2025-11-04;5;7
25;2025-11-04;6;77
25;2025-11-04;7;105
25;2025-11-04;8;221
25;2025-11-04;9;221
25;2025-11-04;10;229
25;2025-11-04;11;309
25;2025-11-04;12;351
25;2025-11-04;13;475
25;2025-11-04;14;505
25;2025-11-04;15;585
25;2025-11-04;16;527
25;2025-11-04;17;466
25;2025-11-04;18;399
25;2025-11-04;19;326
25;2025-11-04;20;214
25;2025-11-04;21;172
25;2025-11-04;22;105
25;2025-11-04;23;41
25;2025-11-05;0;4
25;2025-11-05;1;0
25;2025-11-05;2;0
25;2025-11-05;3;0
25;2025-11-05;4;0
25;2025-11-05;5;12
25;2025-11-05;6;231
25;2025-11-05;7;596
25;2025-11-05;8;995
25;2025-11-05;9;516
25;2025-11-05;10;395
25;2025-11-05;11;447
25;2025-11-05;12;439
25;2025-11-05;13;548
25;2025-11-05;14;479
25;2025-11-05;15;568
25;2025-11-05;16;744
25;2025-11-05;17;834
25;2025-11-05;18;870
25;2025-11-05;19;588
25;2025-11-05;20;334
25;2025-11-05;21;222
25;2025-11-05;22;121
25;2025-11-05;23;9
25;2025-11-06;0;4
25;2025-11-06;1;0
25;2025-11-06;2;0
25;2025-11-06;3;0
25;2025-11-06;4;0
25;2025-11-06;5;12
25;2025-11-06;6;231
25;2025-11-06;7;596
25;2025-11-06;8;995
25;2025-11-06;9;516
25;2025-11-06;10;395
25;2025-11-06;11;447
25;2025-11-06;12;439
25;2025-11-06;13;548
25;2025-11-06;14;479
25;2025-11-06;15;568
25;2025-11-06;16;744
25;2025-11-06;17;834
25;2025-11-06;18;870
25;2025-11-06;19;588
25;2025-11-06;20;334
25;2025-11-06;21;222
25;2025-11-06;22;121
25;2025-11-06;23;9
25;2025-11-07;0;1
25;2025-11-07;1;0
25;2025-11-07;2;0
25;2025-11-07;3;0
25;2025-11-07;4;0
25;2025-11-07;5;8
25;2025-11-07;6;216
25;2025-11-07;7;567
25;2025-11-07;8;899
25;2025-11-07;9;449
25;2025-11-07;10;393
25;2025-11-07;11;428
25;2025-11-07;12;429
25;2025-11-07;13;533
25;2025-11-07;14;489
25;2025-11-07;15;626
25;2025-11-07;16;826
25;2025-11-07;17;825
25;2025-11-07;18;698
25;2025-11-07;19;552
25;2025-11-07;20;335
25;2025-11-07;21;220
25;2025-11-07;22;138
25;2025-11-07;23;14
25;2025-11-08;0;4
25;2025-11-08;1;0
25;2025-11-08;2;0
25;2025-11-08;3;0
25;2025-11-08;4;0
25;2025-11-08;5;10
25;2025-11-08;6;94
25;2025-11-08;7;137
25;2025-11-08;8;305
25;2025-11-08;9;274
25;2025-11-08;10;289
25;2025-11-08;11;378
25;2025-11-08;12;415
25;2025-11-08;13;595
25;2025-11-08;14;602
25;2025-11-08;15;703
25;2025-11-08;16;653
25;2025-11-08;17;538
25;2025-11-08;18;478
25;2025-11-08;19;417
25;2025-11-08;20;256
25;2025-11-08;21;207
25;2025-11-08;22;131
25;2025-11-08;23;53
25;2025-11-09;0;17
25;2025-11-09;1;0
25;2025-11-09;2;0
25;2025-11-09;3;0
25;2025-11-09;4;0
25;2025-11-09;5;6
25;2025-11-09;6;82
25;2025-11-09;7;104
25;2025-11-09;8;203
25;2025-11-09;9;230
25;2025-11-09;10;233
25;2025-11-09;11;325
25;2025-11-09;12;382
25;2025-11-09;13;488
25;2025-11-09;14;546
25;2025-11-09;15;625
25;2025-11-09;16;547
25;2025-11-09;17;519
25;2025-11-09;18;429
25;2025-11-09;19;327
25;2025-11-09;20;231
25;2025-11-09;21;183
25;2025-11-09;22;107
25;2025-11-09;23;40
25;2025-11-10;0;4
25;2025-11-10;1;0
25;2025-11-10;2;0
25;2025-11-10;3;0
25;2025-11-10;4;0
25;2025-11-10;5;12
25;2025-11-10;6;224
25;2025-11-10;7;580
25;2025-11-10;8;968
25;2025-11-10;9;502
25;2025-11-10;10;384
25;2025-11-10;11;435
25;2025-11-10;12;427
25;2025-11-10;13;533
25;2025-11-10;14;466
25;2025-11-10;15;553
25;2025-11-10;16;724
25;2025-11-10;17;812
25;2025-11-10;18;846
25;2025-11-10;19;572
25;2025-11-10;20;325
25;2025-11-10;21;216
25;2025-11-10;22;118
25;2025-11-10;23;9
25;2025-11-11;0;4
25;2025-11-11;1;0
25;2025-11-11;2;0
25;2025-11-11;3;0
25;2025-11-11;4;0
25;2025-11-11;5;12
25;2025-11-11;6;231
25;2025-11-11;7;596
25;2025-11-11;8;995
25;2025-11-11;9;516
25;2025-11-11;10;395
25;2025-11-11;11;447
25;2025-11-11;12;439
25;2025-11-11;13;548
25;2025-11-11;14;479
25;2025-11-11;15;568
25;2025-11-11;16;744
25;2025-11-11;17;834
25;2025-11-11;18;870
25;2025-11-11;19;588
25;2025-11-11;20;334
25;2025-11-11;21;222
25;2025-11-11;22;121
25;2025-11-11;23;9
25;2025-11-12;0;4
25;2025-11-12;1;0
25;2025-11-12;2;0
25;2025-11-12;3;0
25;2025-11-12;4;0
25;2025-11-12;5;12
25;2025-11-12;6;231
25;2025-11-12;7;596
25;2025-11-12;8;995
25;2025-11-12;9;516
25;2025-11-12;10;395
25;2025-11-12;11;447
25;2025-11-12;12;439
25;2025-11-12;13;548
25;2025-11-12;14;479
25;2025-11-12;15;568
25;2025-11-12;16;744
25;2025-11-12;17;834
25;2025-11-12;18;870
25;2025-11-12;19;588
25;2025-11-12;20;334
25;2025-11-12;21;222
25;2025-11-12;22;121
25;2025-11-12;23;9
25;2025-11-13;0;4
25;2025-11-13;1;0
25;2025-11-13;2;0
25;2025-11-13;3;0
25;2025-11-13;4;0
25;2025-11-13;5;12
25;2025-11-13;6;231
25;2025-11-13;7;596
25;2025-11-13;8;995
25;2025-11-13;9;516
25;2025-11-13;10;395
25;2025-11-13;11;447
25;2025-11-13;12;439
25;2025-11-13;13;548
25;2025-11-13;14;479
25;2025-11-13;15;568
25;2025-11-13;16;744
25;2025-11-13;17;834
25;2025-11-13;18;870
25;2025-11-13;19;588
25;2025-11-13;20;334
25;2025-11-13;21;222
25;2025-11-13;22;121
25;2025-11-13;23;9
25;2025-11-14;0;1
25;2025-11-14;1;0
25;2025-11-14;2;0
25;2025-11-14;3;0
25;2025-11-14;4;0
25;2025-11-14;5;8
25;2025-11-14;6;216
25;2025-11-14;7;567
25;2025-11-14;8;899
25;2025-11-14;9;449
25;2025-11-14;10;393
25;2025-11-14;11;428
25;2025-11-14;12;429
25;2025-11-14;13;533
25;2025-11-14;14;489
25;2025-11-14;15;626
25;2025-11-14;16;826
25;2025-11-14;17;825
25;2025-11-14;18;698
25;2025-11-14;19;552
25;2025-11-14;20;335
25;2025-11-14;21;220
25;2025-11-14;22;138
25;2025-11-14;23;14
25;2025-11-15;0;4
25;2025-11-15;1;0
25;2025-11-15;2;0
25;2025-11-15;3;0
25;2025-11-15;4;0
25;2025-11-15;5;10
25;2025-11-15;6;94
25;2025-11-15;7;137
25;2025-11-15;8;305
25;2025-11-15;9;274
25;2025-11-15;10;289
25;2025-11-15;11;378
25;2025-11-15;12;415
25;2025-11-15;13;595
25;2025-11-15;14;602
25;2025-11-15;15;703
25;2025-11-15;16;653
25;2025-11-15;17;538
25;2025-11-15;18;478
25;2025-11-15;19;417
25;2025-11-15;20;256
25;2025-11-15;21;207
25;2025-11-15;22;131
25;2025-11-15;23;53
25;2025-11-16;0;17
25;2025-11-16;1;0
25;2025-11-16;2;0
25;2025-11-16;3;0
25;2025-11-16;4;0
25;2025-11-16;5;6
25;2025-11-16;6;82
25;2025-11-16;7;104
25;2025-11-16;8;203
25;2025-11-16;9;230
25;2025-11-16;10;233
25;2025-11-16;11;325
25;2025-11-16;12;382
25;2025-11-16;13;488
25;2025-11-16;14;546
25;2025-11-16;15;625
25;2025-11-16;16;547
25;2025-11-16;17;519
25;2025-11-16;18;429
25;2025-11-16;19;327
25;2025-11-16;20;231
25;2025-11-16;21;183
25;2025-11-16;22;107
25;2025-11-16;23;40
25;2025-11-17;0;4
25;2025-11-17;1;0
25;2025-11-17;2;0
25;2025-11-17;3;0
25;2025-11-17;4;0
25;2025-11-17;5;12
25;2025-11-17;6;224
25;2025-11-17;7;580
25;2025-11-17;8;968
25;2025-11-17;9;502
25;2025-11-17;10;384
25;2025-11-17;11;435
25;2025-11-17;12;427
25;2025-11-17;13;533
25;2025-11-17;14;466
25;2025-11-17;15;553
25;2025-11-17;16;724
25;2025-11-17;17;812
25;2025-11-17;18;846
25;2025-11-17;19;572
25;2025-11-17;20;325
25;2025-11-17;21;216
25;2025-11-17;22;118
25;2025-11-17;23;9
25;2025-11-18;0;4
25;2025-11-18;1;0
25;2025-11-18;2;0
25;2025-11-18;3;0
25;2025-11-18;4;0
25;2025-11-18;5;12
25;2025-11-18;6;231
25;2025-11-18;7;596
25;2025-11-18;8;995
25;2025-11-18;9;516
25;2025-11-18;10;395
25;2025-11-18;11;447
25;2025-11-18;12;439
25;2025-11-18;13;548
25;2025-11-18;14;479
25;2025-11-18;15;568
25;2025-11-18;16;744
25;2025-11-18;17;834
25;2025-11-18;18;870
25;2025-11-18;19;588
25;2025-11-18;20;334
25;2025-11-18;21;222
25;2025-11-18;22;121
25;2025-11-18;23;9
25;2025-11-19;0;4
25;2025-11-19;1;0
25;2025-11-19;2;0
25;2025-11-19;3;0
25;2025-11-19;4;0
25;2025-11-19;5;12
25;2025-11-19;6;231
25;2025-11-19;7;596
25;2025-11-19;8;995
25;2025-11-19;9;516
25;2025-11-19;10;395
25;2025-11-19;11;447
25;2025-11-19;12;439
25;2025-11-19;13;548
25;2025-11-19;14;479
25;2025-11-19;15;568
25;2025-11-19;16;744
25;2025-11-19;17;834
25;2025-11-19;18;870
25;2025-11-19;19;588
25;2025-11-19;20;334
25;2025-11-19;21;222
25;2025-11-19;22;121
25;2025-11-19;23;9
25;2025-11-20;0;4
25;2025-11-20;1;0
25;2025-11-20;2;0
25;2025-11-20;3;0
25;2025-11-20;4;0
25;2025-11-20;5;12
25;2025-11-20;6;231
25;2025-11-20;7;596
25;2025-11-20;8;995
25;2025-11-20;9;516
25;2025-11-20;10;395
25;2025-11-20;11;447
25;2025-11-20;12;439
25;2025-11-20;13;548
25;2025-11-20;14;479
25;2025-11-20;15;568
25;2025-11-20;16;744
25;2025-11-20;17;834
25;2025-11-20;18;870
25;2025-11-20;19;588
25;2025-11-20;20;334
25;2025-11-20;21;222
25;2025-11-20;22;121
25;2025-11-20;23;9
25;2025-11-21;0;1
25;2025-11-21;1;0
25;2025-11-21;2;0
25;2025-11-21;3;0
25;2025-11-21;4;0
25;2025-11-21;5;8
25;2025-11-21;6;216
25;2025-11-21;7;567
25;2025-11-21;8;899
25;2025-11-21;9;449
25;2025-11-21;10;393
25;2025-11-21;11;428
25;2025-11-21;12;429
25;2025-11-21;13;533
25;2025-11-21;14;489
25;2025-11-21;15;626
25;2025-11-21;16;826
25;2025-11-21;17;825
25;2025-11-21;18;698
25;2025-11-21;19;552
25;2025-11-21;20;335
25;2025-11-21;21;220
25;2025-11-21;22;138
25;2025-11-21;23;14
25;2025-11-22;0;4
25;2025-11-22;1;0
25;2025-11-22;2;0
25;2025-11-22;3;0
25;2025-11-22;4;0
25;2025-11-22;5;10
25;2025-11-22;6;94
25;2025-11-22;7;137
25;2025-11-22;8;305
25;2025-11-22;9;274
25;2025-11-22;10;289
25;2025-11-22;11;378
25;2025-11-22;12;415
25;2025-11-22;13;595
25;2025-11-22;14;602
25;2025-11-22;15;703
25;2025-11-22;16;653
25;2025-11-22;17;538
25;2025-11-22;18;478
25;2025-11-22;19;417
25;2025-11-22;20;256
25;2025-11-22;21;207
25;2025-11-22;22;131
25;2025-11-22;23;53
25;2025-11-23;0;17
25;2025-11-23;1;0
25;2025-11-23;2;0
25;2025-11-23;3;0
25;2025-11-23;4;0
25;2025-11-23;5;6
25;2025-11-23;6;82
25;2025-11-23;7;104
25;2025-11-23;8;203
25;2025-11-23;9;230
25;2025-11-23;10;233
25;2025-11-23;11;325
25;2025-11-23;12;382
25;2025-11-23;13;488
25;2025-11-23;14;546
25;2025-11-23;15;625
25;2025-11-23;16;547
25;2025-11-23;17;519
25;2025-11-23;18;429
25;2025-11-23;19;327
25;2025-11-23;20;231
25;2025-11-23;21;183
25;2025-11-23;22;107
25;2025-11-23;23;40
25;2025-11-24;0;4
25;2025-11-24;1;0
25;2025-11-24;2;0
25;2025-11-24;3;0
25;2025-11-24;4;0
25;2025-11-24;5;12
25;2025-11-24;6;224
25;2025-11-24;7;580
25;2025-11-24;8;968
25;2025-11-24;9;502
25;2025-11-24;10;384
25;2025-11-24;11;435
25;2025-11-24;12;427
25;2025-11-24;13;533
25;2025-11-24;14;466
25;2025-11-24;15;553
25;2025-11-24;16;724
25;2025-11-24;17;812
25;2025-11-24;18;846
25;2025-11-24;19;572
25;2025-11-24;20;325
25;2025-11-24;21;216
25;2025-11-24;22;118
25;2025-11-24;23;9
25;2025-11-25;0;4
25;2025-11-25;1;0
25;2025-11-25;2;0
25;2025-11-25;3;0
25;2025-11-25;4;0
25;2025-11-25;5;12
25;2025-11-25;6;231
25;2025-11-25;7;596
25;2025-11-25;8;995
25;2025-11-25;9;516
25;2025-11-25;10;395
25;2025-11-25;11;447
25;2025-11-25;12;439
25;2025-11-25;13;548
25;2025-11-25;14;479
25;2025-11-25;15;568
25;2025-11-25;16;744
25;2025-11-25;17;834
25;2025-11-25;18;870
25;2025-11-25;19;588
25;2025-11-25;20;334
25;2025-11-25;21;222
25;2025-11-25;22;121
25;2025-11-25;23;9
25;2025-11-26;0;4
25;2025-11-26;1;0
25;2025-11-26;2;0
25;2025-11-26;3;0
25;2025-11-26;4;0
25;2025-11-26;5;12
25;2025-11-26;6;231
25;2025-11-26;7;596
25;2025-11-26;8;995
25;2025-11-26;9;516
25;2025-11-26;10;395
25;2025-11-26;11;447
25;2025-11-26;12;439
25;2025-11-26;13;548
25;2025-11-26;14;479
25;2025-11-26;15;568
25;2025-11-26;16;744
25;2025-11-26;17;834
25;2025-11-26;18;870
25;2025-11-26;19;588
25;2025-11-26;20;334
25;2025-11-26;21;222
25;2025-11-26;22;121
25;2025-11-26;23;9
25;2025-11-27;0;4
25;2025-11-27;1;0
25;2025-11-27;2;0
25;2025-11-27;3;0
25;2025-11-27;4;0
25;2025-11-27;5;12
25;2025-11-27;6;231
25;2025-11-27;7;596
25;2025-11-27;8;995
25;2025-11-27;9;516
25;2025-11-27;10;395
25;2025-11-27;11;447
25;2025-11-27;12;439
25;2025-11-27;13;548
25;2025-11-27;14;479
25;2025-11-27;15;568
25;2025-11-27;16;744
25;2025-11-27;17;834
25;2025-11-27;18;870
25;2025-11-27;19;588
25;2025-11-27;20;334
25;2025-11-27;21;222
25;2025-11-27;22;121
25;2025-11-27;23;9
25;2025-11-28;0;1
25;2025-11-28;1;0
25;2025-11-28;2;0
25;2025-11-28;3;0
25;2025-11-28;4;0
25;2025-11-28;5;8
25;2025-11-28;6;216
25;2025-11-28;7;567
25;2025-11-28;8;899
25;2025-11-28;9;449
25;2025-11-28;10;393
25;2025-11-28;11;428
25;2025-11-28;12;429
25;2025-11-28;13;533
25;2025-11-28;14;489
25;2025-11-28;15;626
25;2025-11-28;16;826
25;2025-11-28;17;825
25;2025-11-28;18;698
25;2025-11-28;19;552
25;2025-11-28;20;335
25;2025-11-28;21;220
25;2025-11-28;22;138
25;2025-11-28;23;14
25;2025-11-29;0;4
25;2025-11-29;1;0
25;2025-11-29;2;0
25;2025-11-29;3;0
25;2025-11-29;4;0
25;2025-11-29;5;10
25;2025-11-29;6;94
25;2025-11-29;7;137
25;2025-11-29;8;305
25;2025-11-29;9;274
25;2025-11-29;10;289
25;2025-11-29;11;378
25;2025-11-29;12;415
25;2025-11-29;13;595
25;2025-11-29;14;602
25;2025-11-29;15;703
25;2025-11-29;16;653
25;2025-11-29;17;538
25;2025-11-29;18;478
25;2025-11-29;19;417
25;2025-11-29;20;256
25;2025-11-29;21;207
25;2025-11-29;22;131
25;2025-11-29;23;53
25;2025-11-30;0;17
25;2025-11-30;1;0
25;2025-11-30;2;0
25;2025-11-30;3;0
25;2025-11-30;4;0
25;2025-11-30;5;6
25;2025-11-30;6;82
25;2025-11-30;7;104
25;2025-11-30;8;203
25;2025-11-30;9;230
25;2025-11-30;10;233
25;2025-11-30;11;325
25;2025-11-30;12;382
25;2025-11-30;13;488
25;2025-11-30;14;546
25;2025-11-30;15;625
25;2025-11-30;16;547
25;2025-11-30;17;519
25;2025-11-30;18;429
25;2025-11-30;19;327
25;2025-11-30;20;231
25;2025-11-30;21;183
25;2025-11-30;22;107
25;2025-11-30;23;40
25;2025-12-01;0;4
25;2025-12-01;1;0
25;2025-12-01;2;0
25;2025-12-01;3;0
25;2025-12-01;4;0
25;2025-12-01;5;10
25;2025-12-01;6;215
25;2025-12-01;7;587
25;2025-12-01;8;976
25;2025-12-01;9;505
25;2025-12-01;10;384
25;2025-12-01;11;432
25;2025-12-01;12;425
25;2025-12-01;13;529
25;2025-12-01;14;465
25;2025-12-01;15;549
25;2025-12-01;16;730
25;2025-12-01;17;813
25;2025-12-01;18;856
25;2025-12-01;19;562
25;2025-12-01;20;326
25;2025-12-01;21;213
25;2025-12-01;22;123
25;2025-12-01;23;9
25;2025-12-02;0;4
25;2025-12-02;1;0
25;2025-12-02;2;0
25;2025-12-02;3;0
25;2025-12-02;4;0
25;2025-12-02;5;10
25;2025-12-02;6;221
25;2025-12-02;7;604
25;2025-12-02;8;1002
25;2025-12-02;9;519
25;2025-12-02;10;394
25;2025-12-02;11;444
25;2025-12-02;12;436
25;2025-12-02;13;543
25;2025-12-02;14;478
25;2025-12-02;15;564
25;2025-12-02;16;750
25;2025-12-02;17;836
25;2025-12-02;18;879
25;2025-12-02;19;577
25;2025-12-02;20;335
25;2025-12-02;21;219
25;2025-12-02;22;127
25;2025-12-02;23;10
25;2025-12-03;0;4
25;2025-12-03;1;0
25;2025-12-03;2;0
25;2025-12-03;3;0
25;2025-12-03;4;0
25;2025-12-03;5;10
25;2025-12-03;6;221
25;2025-12-03;7;604
25;2025-12-03;8;1002
25;2025-12-03;9;519
25;2025-12-03;10;394
25;2025-12-03;11;444
25;2025-12-03;12;436
25;2025-12-03;13;543
25;2025-12-03;14;478
25;2025-12-03;15;564
25;2025-12-03;16;750
25;2025-12-03;17;836
25;2025-12-03;18;879
25;2025-12-03;19;577
25;2025-12-03;20;335
25;2025-12-03;21;219
25;2025-12-03;22;127
25;2025-12-03;23;10
25;2025-12-04;0;4
25;2025-12-04;1;0
25;2025-12-04;2;0
25;2025-12-04;3;0
25;2025-12-04;4;0
25;2025-12-04;5;10
25;2025-12-04;6;221
25;2025-12-04;7;604
25;2025-12-04;8;1002
25;2025-12-04;9;519
25;2025-12-04;10;394
25;2025-12-04;11;444
25;2025-12-04;12;436
25;2025-12-04;13;543
25;2025-12-04;14;478
25;2025-12-04;15;564
25;2025-12-04;16;750
25;2025-12-04;17;836
25;2025-12-04;18;879
25;2025-12-04;19;577
25;2025-12-04;20;335
25;2025-12-04;21;219
25;2025-12-04;22;127
25;2025-12-04;23;10
25;2025-12-05;0;1
25;2025-12-05;1;0
25;2025-12-05;2;0
25;2025-12-05;3;0
25;2025-12-05;4;0
25;2025-12-05;5;7
25;2025-12-05;6;205
25;2025-12-05;7;569
25;2025-12-05;8;907
25;2025-12-05;9;452
25;2025-12-05;10;392
25;2025-12-05;11;425
25;2025-12-05;12;431
25;2025-12-05;13;529
25;2025-12-05;14;495
25;2025-12-05;15;623
25;2025-12-05;16;829
25;2025-12-05;17;833
25;2025-12-05;18;700
25;2025-12-05;19;536
25;2025-12-05;20;334
25;2025-12-05;21;220
25;2025-12-05;22;144
25;2025-12-05;23;14
25;2025-12-06;0;4
25;2025-12-06;1;0
25;2025-12-06;2;0
25;2025-12-06;3;0
25;2025-12-06;4;0
25;2025-12-06;5;8
25;2025-12-06;6;86
25;2025-12-06;7;137
25;2025-12-06;8;303
25;2025-12-06;9;271
25;2025-12-06;10;288
25;2025-12-06;11;376
25;2025-12-06;12;415
25;2025-12-06;13;580
25;2025-12-06;14;586
25;2025-12-06;15;685
25;2025-12-06;16;634
25;2025-12-06;17;526
25;2025-12-06;18;468
25;2025-12-06;19;409
25;2025-12-06;20;255
25;2025-12-06;21;209
25;2025-12-06;22;134
25;2025-12-06;23;55
25;2025-12-07;0;17
25;2025-12-07;1;0
25;2025-12-07;2;0
25;2025-12-07;3;0
25;2025-12-07;4;0
25;2025-12-07;5;6
25;2025-12-07;6;76
25;2025-12-07;7;104
25;2025-12-07;8;203
25;2025-12-07;9;231
25;2025-12-07;10;234
25;2025-12-07;11;324
25;2025-12-07;12;379
25;2025-12-07;13;483
25;2025-12-07;14;533
25;2025-12-07;15;611
25;2025-12-07;16;538
25;2025-12-07;17;505
25;2025-12-07;18;425
25;2025-12-07;19;332
25;2025-12-07;20;229
25;2025-12-07;21;189
25;2025-12-07;22;109
25;2025-12-07;23;41
25;2025-12-08;0;4
25;2025-12-08;1;0
25;2025-12-08;2;0
25;2025-12-08;3;0
25;2025-12-08;4;0
25;2025-12-08;5;10
25;2025-12-08;6;215
25;2025-12-08;7;587
25;2025-12-08;8;976
25;2025-12-08;9;505
25;2025-12-08;10;384
25;2025-12-08;11;432
25;2025-12-08;12;425
25;2025-12-08;13;529
25;2025-12-08;14;465
25;2025-12-08;15;549
25;2025-12-08;16;730
25;2025-12-08;17;813
25;2025-12-08;18;856
25;2025-12-08;19;562
25;2025-12-08;20;326
25;2025-12-08;21;213
25;2025-12-08;22;123
25;2025-12-08;23;9
25;2025-12-09;0;4
25;2025-12-09;1;0
25;2025-12-09;2;0
25;2025-12-09;3;0
25;2025-12-09;4;0
25;2025-12-09;5;10
25;2025-12-09;6;221
25;2025-12-09;7;604
25;2025-12-09;8;1002
25;2025-12-09;9;519
25;2025-12-09;10;394
25;2025-12-09;11;444
25;2025-12-09;12;436
25;2025-12-09;13;543
25;2025-12-09;14;478
25;2025-12-09;15;564
25;2025-12-09;16;750
25;2025-12-09;17;836
25;2025-12-09;18;879
25;2025-12-09;19;577
25;2025-12-09;20;335
25;2025-12-09;21;219
25;2025-12-09;22;127
25;2025-12-09;23;10
25;2025-12-10;0;4
25;2025-12-10;1;0
25;2025-12-10;2;0
25;2025-12-10;3;0
25;2025-12-10;4;0
25;2025-12-10;5;10
25;2025-12-10;6;221
25;2025-12-10;7;604
25;2025-12-10;8;1002
25;2025-12-10;9;519
25;2025-12-10;10;394
25;2025-12-10;11;444
25;2025-12-10;12;436
25;2025-12-10;13;543
25;2025-12-10;14;478
25;2025-12-10;15;564
25;2025-12-10;16;750
25;2025-12-10;17;836
25;2025-12-10;18;879
25;2025-12-10;19;577
25;2025-12-10;20;335
25;2025-12-10;21;219
25;2025-12-10;22;127
25;2025-12-10;23;10
25;2025-12-11;0;4
25;2025-12-11;1;0
25;2025-12-11;2;0
25;2025-12-11;3;0
25;2025-12-11;4;0
25;2025-12-11;5;10
25;2025-12-11;6;221
25;2025-12-11;7;604
25;2025-12-11;8;1002
25;2025-12-11;9;519
25;2025-12-11;10;394
25;2025-12-11;11;444
25;2025-12-11;12;436
25;2025-12-11;13;543
25;2025-12-11;14;478
25;2025-12-11;15;564
25;2025-12-11;16;750
25;2025-12-11;17;836
25;2025-12-11;18;879
25;2025-12-11;19;577
25;2025-12-11;20;335
25;2025-12-11;21;219
25;2025-12-11;22;127
25;2025-12-11;23;10
25;2025-12-12;0;1
25;2025-12-12;1;0
25;2025-12-12;2;0
25;2025-12-12;3;0
25;2025-12-12;4;0
25;2025-12-12;5;7
25;2025-12-12;6;205
25;2025-12-12;7;569
25;2025-12-12;8;907
25;2025-12-12;9;452
25;2025-12-12;10;392
25;2025-12-12;11;425
25;2025-12-12;12;431
25;2025-12-12;13;529
25;2025-12-12;14;495
25;2025-12-12;15;623
25;2025-12-12;16;829
25;2025-12-12;17;833
25;2025-12-12;18;700
25;2025-12-12;19;536
25;2025-12-12;20;334
25;2025-12-12;21;220
25;2025-12-12;22;144
25;2025-12-12;23;14
25;2025-12-13;0;4
25;2025-12-13;1;0
25;2025-12-13;2;0
25;2025-12-13;3;0
25;2025-12-13;4;0
25;2025-12-13;5;8
25;2025-12-13;6;86
25;2025-12-13;7;137
25;2025-12-13;8;303
25;2025-12-13;9;271
25;2025-12-13;10;288
25;2025-12-13;11;376
25;2025-12-13;12;415
25;2025-12-13;13;580
25;2025-12-13;14;586
25;2025-12-13;15;685
25;2025-12-13;16;634
25;2025-12-13;17;526
25;2025-12-13;18;468
25;2025-12-13;19;409
25;2025-12-13;20;255
25;2025-12-13;21;209
25;2025-12-13;22;134
25;2025-12-13;23;55
25;2025-12-14;0;17
25;2025-12-14;1;0
25;2025-12-14;2;0
25;2025-12-14;3;0
25;2025-12-14;4;0
25;2025-12-14;5;6
25;2025-12-14;6;76
25;2025-12-14;7;104
25;2025-12-14;8;203
25;2025-12-14;9;231
25;2025-12-14;10;234
25;2025-12-14;11;324
25;2025-12-14;12;379
25;2025-12-14;13;483
25;2025-12-14;14;533
25;2025-12-14;15;611
25;2025-12-14;16;538
25;2025-12-14;17;505
25;2025-12-14;18;425
25;2025-12-14;19;332
25;2025-12-14;20;229
25;2025-12-14;21;189
25;2025-12-14;22;109
25;2025-12-14;23;41
25;2025-12-15;0;4
25;2025-12-15;1;0
25;2025-12-15;2;0
25;2025-12-15;3;0
25;2025-12-15;4;0
25;2025-12-15;5;10
25;2025-12-15;6;215
25;2025-12-15;7;587
25;2025-12-15;8;976
25;2025-12-15;9;505
25;2025-12-15;10;384
25;2025-12-15;11;432
25;2025-12-15;12;425
25;2025-12-15;13;529
25;2025-12-15;14;465
25;2025-12-15;15;549
25;2025-12-15;16;730
25;2025-12-15;17;813
25;2025-12-15;18;856
25;2025-12-15;19;562
25;2025-12-15;20;326
25;2025-12-15;21;213
25;2025-12-15;22;123
25;2025-12-15;23;9
25;2025-12-16;0;4
25;2025-12-16;1;0
25;2025-12-16;2;0
25;2025-12-16;3;0
25;2025-12-16;4;0
25;2025-12-16;5;10
25;2025-12-16;6;221
25;2025-12-16;7;604
25;2025-12-16;8;1002
25;2025-12-16;9;519
25;2025-12-16;10;394
25;2025-12-16;11;444
25;2025-12-16;12;436
25;2025-12-16;13;543
25;2025-12-16;14;478
25;2025-12-16;15;564
25;2025-12-16;16;750
25;2025-12-16;17;836
25;2025-12-16;18;879
25;2025-12-16;19;577
25;2025-12-16;20;335
25;2025-12-16;21;219
25;2025-12-16;22;127
25;2025-12-16;23;10
25;2025-12-17;0;4
25;2025-12-17;1;0
25;2025-12-17;2;0
25;2025-12-17;3;0
25;2025-12-17;4;0
25;2025-12-17;5;10
25;2025-12-17;6;221
25;2025-12-17;7;604
25;2025-12-17;8;1002
25;2025-12-17;9;519
25;2025-12-17;10;394
25;2025-12-17;11;444
25;2025-12-17;12;436
25;2025-12-17;13;543
25;2025-12-17;14;478
25;2025-12-17;15;564
25;2025-12-17;16;750
25;2025-12-17;17;836
25;2025-12-17;18;879
25;2025-12-17;19;577
25;2025-12-17;20;335
25;2025-12-17;21;219
25;2025-12-17;22;127
25;2025-12-17;23;10
25;2025-12-18;0;4
25;2025-12-18;1;0
25;2025-12-18;2;0
25;2025-12-18;3;0
25;2025-12-18;4;0
25;2025-12-18;5;10
25;2025-12-18;6;221
25;2025-12-18;7;604
25;2025-12-18;8;1002
25;2025-12-18;9;519
25;2025-12-18;10;394
25;2025-12-18;11;444
25;2025-12-18;12;436
25;2025-12-18;13;543
25;2025-12-18;14;478
25;2025-12-18;15;564
25;2025-12-18;16;750
25;2025-12-18;17;836
25;2025-12-18;18;879
25;2025-12-18;19;577
25;2025-12-18;20;335
25;2025-12-18;21;219
25;2025-12-18;22;127
25;2025-12-18;23;10
25;2025-12-19;0;1
25;2025-12-19;1;0
25;2025-12-19;2;0
25;2025-12-19;3;0
25;2025-12-19;4;0
25;2025-12-19;5;7
25;2025-12-19;6;205
25;2025-12-19;7;569
25;2025-12-19;8;907
25;2025-12-19;9;452
25;2025-12-19;10;392
25;2025-12-19;11;425
25;2025-12-19;12;431
25;2025-12-19;13;529
25;2025-12-19;14;495
25;2025-12-19;15;623
25;2025-12-19;16;829
25;2025-12-19;17;833
25;2025-12-19;18;700
25;2025-12-19;19;536
25;2025-12-19;20;334
25;2025-12-19;21;220
25;2025-12-19;22;144
25;2025-12-19;23;14
25;2025-12-20;0;4
25;2025-12-20;1;0
25;2025-12-20;2;0
25;2025-12-20;3;0
25;2025-12-20;4;0
25;2025-12-20;5;8
25;2025-12-20;6;86
25;2025-12-20;7;137
25;2025-12-20;8;303
25;2025-12-20;9;271
25;2025-12-20;10;288
25;2025-12-20;11;376
25;2025-12-20;12;415
25;2025-12-20;13;580
25;2025-12-20;14;586
25;2025-12-20;15;685
25;2025-12-20;16;634
25;2025-12-20;17;526
25;2025-12-20;18;468
25;2025-12-20;19;409
25;2025-12-20;20;255
25;2025-12-20;21;209
25;2025-12-20;22;134
25;2025-12-20;23;55
25;2025-12-21;0;17
25;2025-12-21;1;0
25;2025-12-21;2;0
25;2025-12-21;3;0
25;2025-12-21;4;0
25;2025-12-21;5;6
25;2025-12-21;6;76
25;2025-12-21;7;104
25;2025-12-21;8;203
25;2025-12-21;9;231
25;2025-12-21;10;234
25;2025-12-21;11;324
25;2025-12-21;12;379
25;2025-12-21;13;483
25;2025-12-21;14;533
25;2025-12-21;15;611
25;2025-12-21;16;538
25;2025-12-21;17;505
25;2025-12-21;18;425
25;2025-12-21;19;332
25;2025-12-21;20;229
25;2025-12-21;21;189
25;2025-12-21;22;109
25;2025-12-21;23;41
25;2025-12-22;0;4
25;2025-12-22;1;0
25;2025-12-22;2;0
25;2025-12-22;3;0
25;2025-12-22;4;0
25;2025-12-22;5;10
25;2025-12-22;6;215
25;2025-12-22;7;587
25;2025-12-22;8;976
25;2025-12-22;9;505
25;2025-12-22;10;384
25;2025-12-22;11;432
25;2025-12-22;12;425
25;2025-12-22;13;529
25;2025-12-22;14;465
25;2025-12-22;15;549
25;2025-12-22;16;730
25;2025-12-22;17;813
25;2025-12-22;18;856
25;2025-12-22;19;562
25;2025-12-22;20;326
25;2025-12-22;21;213
25;2025-12-22;22;123
25;2025-12-22;23;9
25;2025-12-23;0;4
25;2025-12-23;1;0
25;2025-12-23;2;0
25;2025-12-23;3;0
25;2025-12-23;4;0
25;2025-12-23;5;10
25;2025-12-23;6;221
25;2025-12-23;7;604
25;2025-12-23;8;1002
25;2025-12-23;9;519
25;2025-12-23;10;394
25;2025-12-23;11;444
25;2025-12-23;12;436
25;2025-12-23;13;543
25;2025-12-23;14;478
25;2025-12-23;15;564
25;2025-12-23;16;750
25;2025-12-23;17;836
25;2025-12-23;18;879
25;2025-12-23;19;577
25;2025-12-23;20;335
25;2025-12-23;21;219
25;2025-12-23;22;127
25;2025-12-23;23;10
25;2025-12-24;0;4
25;2025-12-24;1;0
25;2025-12-24;2;0
25;2025-12-24;3;0
25;2025-12-24;4;0
25;2025-12-24;5;10
25;2025-12-24;6;221
25;2025-12-24;7;604
25;2025-12-24;8;1002
25;2025-12-24;9;519
25;2025-12-24;10;394
25;2025-12-24;11;444
25;2025-12-24;12;436
25;2025-12-24;13;543
25;2025-12-24;14;478
25;2025-12-24;15;564
25;2025-12-24;16;750
25;2025-12-24;17;836
25;2025-12-24;18;879
25;2025-12-24;19;577
25;2025-12-24;20;335
25;2025-12-24;21;219
25;2025-12-24;22;127
25;2025-12-24;23;10
25;2025-12-25;0;4
25;2025-12-25;1;0
25;2025-12-25;2;0
25;2025-12-25;3;0
25;2025-12-25;4;0
25;2025-12-25;5;10
25;2025-12-25;6;221
25;2025-12-25;7;604
25;2025-12-25;8;1002
25;2025-12-25;9;519
25;2025-12-25;10;394
25;2025-12-25;11;444
25;2025-12-25;12;436
25;2025-12-25;13;543
25;2025-12-25;14;478
25;2025-12-25;15;564
25;2025-12-25;16;750
25;2025-12-25;17;836
25;2025-12-25;18;879
25;2025-12-25;19;577
25;2025-12-25;20;335
25;2025-12-25;21;219
25;2025-12-25;22;127
25;2025-12-25;23;10
25;2025-12-26;0;1
25;2025-12-26;1;0
25;2025-12-26;2;0
25;2025-12-26;3;0
25;2025-12-26;4;0
25;2025-12-26;5;7
25;2025-12-26;6;205
25;2025-12-26;7;569
25;2025-12-26;8;907
25;2025-12-26;9;452
25;2025-12-26;10;392
25;2025-12-26;11;425
25;2025-12-26;12;431
25;2025-12-26;13;529
25;2025-12-26;14;495
25;2025-12-26;15;623
25;2025-12-26;16;829
25;2025-12-26;17;833
25;2025-12-26;18;700
25;2025-12-26;19;536
25;2025-12-26;20;334
25;2025-12-26;21;220
25;2025-12-26;22;144
25;2025-12-26;23;14
25;2025-12-27;0;4
25;2025-12-27;1;0
25;2025-12-27;2;0
25;2025-12-27;3;0
25;2025-12-27;4;0
25;2025-12-27;5;8
25;2025-12-27;6;86
25;2025-12-27;7;137
25;2025-12-27;8;303
25;2025-12-27;9;271
25;2025-12-27;10;288
25;2025-12-27;11;376
25;2025-12-27;12;415
25;2025-12-27;13;580
25;2025-12-27;14;586
25;2025-12-27;15;685
25;2025-12-27;16;634
25;2025-12-27;17;526
25;2025-12-27;18;468
25;2025-12-27;19;409
25;2025-12-27;20;255
25;2025-12-27;21;209
25;2025-12-27;22;134
25;2025-12-27;23;55
25;2025-12-28;0;17
25;2025-12-28;1;0
25;2025-12-28;2;0
25;2025-12-28;3;0
25;2025-12-28;4;0
25;2025-12-28;5;6
25;2025-12-28;6;76
25;2025-12-28;7;104
25;2025-12-28;8;203
25;2025-12-28;9;231
25;2025-12-28;10;234
25;2025-12-28;11;324
25;2025-12-28;12;379
25;2025-12-28;13;483
25;2025-12-28;14;533
25;2025-12-28;15;611
25;2025-12-28;16;538
25;2025-12-28;17;505
25;2025-12-28;18;425
25;2025-12-28;19;332
25;2025-12-28;20;229
25;2025-12-28;21;189
25;2025-12-28;22;109
25;2025-12-28;23;41
25;2025-12-29;0;3
25;2025-12-29;1;0
25;2025-12-29;2;0
25;2025-12-29;3;0
25;2025-12-29;4;0
25;2025-12-29;5;9
25;2025-12-29;6;194
25;2025-12-29;7;529
25;2025-12-29;8;878
25;2025-12-29;9;454
25;2025-12-29;10;345
25;2025-12-29;11;389
25;2025-12-29;12;382
25;2025-12-29;13;476
25;2025-12-29;14;418
25;2025-12-29;15;494
25;2025-12-29;16;657
25;2025-12-29;17;732
25;2025-12-29;18;770
25;2025-12-29;19;505
25;2025-12-29;20;293
25;2025-12-29;21;192
25;2025-12-29;22;111
25;2025-12-29;23;8
25;2025-12-30;0;3
25;2025-12-30;1;0
25;2025-12-30;2;0
25;2025-12-30;3;0
25;2025-12-30;4;0
25;2025-12-30;5;8
25;2025-12-30;6;188
25;2025-12-30;7;513
25;2025-12-30;8;852
25;2025-12-30;9;441
25;2025-12-30;10;335
25;2025-12-30;11;378
25;2025-12-30;12;371
25;2025-12-30;13;462
25;2025-12-30;14;406
25;2025-12-30;15;479
25;2025-12-30;16;637
25;2025-12-30;17;711
25;2025-12-30;18;747
25;2025-12-30;19;490
25;2025-12-30;20;284
25;2025-12-30;21;186
25;2025-12-30;22;108
25;2025-12-30;23;8
25;2025-12-31;0;4
25;2025-12-31;1;0
25;2025-12-31;2;0
25;2025-12-31;3;0
25;2025-12-31;4;0
25;2025-12-31;5;7
25;2025-12-31;6;73
25;2025-12-31;7;117
25;2025-12-31;8;257
25;2025-12-31;9;231
25;2025-12-31;10;245
25;2025-12-31;11;319
25;2025-12-31;12;353
25;2025-12-31;13;493
25;2025-12-31;14;498
25;2025-12-31;15;582
25;2025-12-31;16;539
25;2025-12-31;17;447
25;2025-12-31;18;398
25;2025-12-31;19;348
25;2025-12-31;20;217
25;2025-12-31;21;177
25;2025-12-31;22;114
25;2025-12-31;23;47
26;2025-11-01;0;40
26;2025-11-01;1;3
26;2025-11-01;2;0
26;2025-11-01;3;0
26;2025-11-01;4;1
26;2025-11-01;5;68
26;2025-11-01;6;401
26;2025-11-01;7;814
26;2025-11-01;8;1657
26;2025-11-01;9;1116
26;2025-11-01;10;956
26;2025-11-01;11;869
26;2025-11-01;12;884
26;2025-11-01;13;918
26;2025-11-01;14;986
26;2025-11-01;15;1090
26;2025-11-01;16;1297
26;2025-11-01;17;1375
26;2025-11-01;18;1089
26;2025-11-01;19;842
26;2025-11-01;20;552
26;2025-11-01;21;354
26;2025-11-01;22;163
26;2025-11-01;23;116
26;2025-11-02;0;51
26;2025-11-02;1;5
26;2025-11-02;2;0
26;2025-11-02;3;0
26;2025-11-02;4;2
26;2025-11-02;5;30
26;2025-11-02;6;163
26;2025-11-02;7;252
26;2025-11-02;8;397
26;2025-11-02;9;558
26;2025-11-02;10;616
26;2025-11-02;11;864
26;2025-11-02;12;868
26;2025-11-02;13;939
26;2025-11-02;14;903
26;2025-11-02;15;835
26;2025-11-02;16;807
26;2025-11-02;17;825
26;2025-11-02;18;748
26;2025-11-02;19;563
26;2025-11-02;20;417
26;2025-11-02;21;296
26;2025-11-02;22;191
26;2025-11-02;23;112
26;2025-11-03;0;42
26;2025-11-03;1;3
26;2025-11-03;2;0
26;2025-11-03;3;0
26;2025-11-03;4;1
26;2025-11-03;5;32
26;2025-11-03;6;176
26;2025-11-03;7;262
26;2025-11-03;8;420
26;2025-11-03;9;527
26;2025-11-03;10;607
26;2025-11-03;11;795
26;2025-11-03;12;821
26;2025-11-03;13;853
26;2025-11-03;14;845
26;2025-11-03;15;777
26;2025-11-03;16;777
26;2025-11-03;17;755
26;2025-11-03;18;698
26;2025-11-03;19;563
26;2025-11-03;20;404
26;2025-11-03;21;278
26;2025-11-03;22;171
26;2025-11-03;23;111
26;2025-11-04;0;42
26;2025-11-04;1;3
26;2025-11-04;2;0
26;2025-11-04;3;0
26;2025-11-04;4;1
26;2025-11-04;5;32
26;2025-11-04;6;176
26;2025-11-04;7;262
26;2025-11-04;8;420
26;2025-11-04;9;527
26;2025-11-04;10;607
26;2025-11-04;11;795
26;2025-11-04;12;821
26;2025-11-04;13;853
26;2025-11-04;14;845
26;2025-11-04;15;777
26;2025-11-04;16;777
26;2025-11-04;17;755
26;2025-11-04;18;698
26;2025-11-04;19;563
26;2025-11-04;20;404
26;2025-11-04;21;278
26;2025-11-04;22;171
26;2025-11-04;23;111
26;2025-11-05;0;31
26;2025-11-05;1;1
26;2025-11-05;2;0
26;2025-11-05;3;0
26;2025-11-05;4;2
26;2025-11-05;5;94
26;2025-11-05;6;501
26;2025-11-05;7;1117
26;2025-11-05;8;2217
26;2025-11-05;9;1484
26;2025-11-05;10;1230
26;2025-11-05;11;1111
26;2025-11-05;12;1154
26;2025-11-05;13;1192
26;2025-11-05;14;1259
26;2025-11-05;15;1356
26;2025-11-05;16;1500
26;2025-11-05;17;1725
26;2025-11-05;18;1920
26;2025-11-05;19;1287
26;2025-11-05;20;770
26;2025-11-05;21;479
26;2025-11-05;22;216
26;2025-11-05;23;116
26;2025-11-06;0;31
26;2025-11-06;1;1
26;2025-11-06;2;0
26;2025-11-06;3;0
26;2025-11-06;4;2
26;2025-11-06;5;94
26;2025-11-06;6;501
26;2025-11-06;7;1117
26;2025-11-06;8;2217
26;2025-11-06;9;1484
26;2025-11-06;10;1230
26;2025-11-06;11;1111
26;2025-11-06;12;1154
26;2025-11-06;13;1192
26;2025-11-06;14;1259
26;2025-11-06;15;1356
26;2025-11-06;16;1500
26;2025-11-06;17;1725
26;2025-11-06;18;1920
26;2025-11-06;19;1287
26;2025-11-06;20;770
26;2025-11-06;21;479
26;2025-11-06;22;216
26;2025-11-06;23;116
26;2025-11-07;0;30
26;2025-11-07;1;2
26;2025-11-07;2;0
26;2025-11-07;3;0
26;2025-11-07;4;1
26;2025-11-07;5;88
26;2025-11-07;6;516
26;2025-11-07;7;1049
26;2025-11-07;8;2134
26;2025-11-07;9;1438
26;2025-11-07;10;1232
26;2025-11-07;11;1120
26;2025-11-07;12;1139
26;2025-11-07;13;1182
26;2025-11-07;14;1270
26;2025-11-07;15;1404
26;2025-11-07;16;1670
26;2025-11-07;17;1771
26;2025-11-07;18;1403
26;2025-11-07;19;1085
26;2025-11-07;20;711
26;2025-11-07;21;456
26;2025-11-07;22;210
26;2025-11-07;23;149
26;2025-11-08;0;45
26;2025-11-08;1;3
26;2025-11-08;2;0
26;2025-11-08;3;0
26;2025-11-08;4;2
26;2025-11-08;5;45
26;2025-11-08;6;260
26;2025-11-08;7;375
26;2025-11-08;8;610
26;2025-11-08;9;690
26;2025-11-08;10;830
26;2025-11-08;11;1012
26;2025-11-08;12;1076
26;2025-11-08;13;1072
26;2025-11-08;14;1096
26;2025-11-08;15;1003
26;2025-11-08;16;1039
26;2025-11-08;17;957
26;2025-11-08;18;904
26;2025-11-08;19;779
26;2025-11-08;20;543
26;2025-11-08;21;363
26;2025-11-08;22;212
26;2025-11-08;23;152
26;2025-11-09;0;51
26;2025-11-09;1;5
26;2025-11-09;2;0
26;2025-11-09;3;0
26;2025-11-09;4;2
26;2025-11-09;5;30
26;2025-11-09;6;163
26;2025-11-09;7;252
26;2025-11-09;8;397
26;2025-11-09;9;558
26;2025-11-09;10;616
26;2025-11-09;11;864
26;2025-11-09;12;868
26;2025-11-09;13;939
26;2025-11-09;14;903
26;2025-11-09;15;835
26;2025-11-09;16;807
26;2025-11-09;17;825
26;2025-11-09;18;748
26;2025-11-09;19;563
26;2025-11-09;20;417
26;2025-11-09;21;296
26;2025-11-09;22;191
26;2025-11-09;23;112
26;2025-11-10;0;30
26;2025-11-10;1;1
26;2025-11-10;2;0
26;2025-11-10;3;0
26;2025-11-10;4;2
26;2025-11-10;5;92
26;2025-11-10;6;487
26;2025-11-10;7;1087
26;2025-11-10;8;2158
26;2025-11-10;9;1444
26;2025-11-10;10;1197
26;2025-11-10;11;1081
26;2025-11-10;12;1123
26;2025-11-10;13;1160
26;2025-11-10;14;1225
26;2025-11-10;15;1320
26;2025-11-10;16;1460
26;2025-11-10;17;1678
26;2025-11-10;18;1868
26;2025-11-10;19;1253
26;2025-11-10;20;749
26;2025-11-10;21;466
26;2025-11-10;22;210
26;2025-11-10;23;113
26;2025-11-11;0;31
26;2025-11-11;1;1
26;2025-11-11;2;0
26;2025-11-11;3;0
26;2025-11-11;4;2
26;2025-11-11;5;94
26;2025-11-11;6;501
26;2025-11-11;7;1117
26;2025-11-11;8;2217
26;2025-11-11;9;1484
26;2025-11-11;10;1230
26;2025-11-11;11;1111
26;2025-11-11;12;1154
26;2025-11-11;13;1192
26;2025-11-11;14;1259
26;2025-11-11;15;1356
26;2025-11-11;16;1500
26;2025-11-11;17;1725
26;2025-11-11;18;1920
26;2025-11-11;19;1287
26;2025-11-11;20;770
26;2025-11-11;21;479
26;2025-11-11;22;216
26;2025-11-11;23;116
26;2025-11-12;0;31
26;2025-11-12;1;1
26;2025-11-12;2;0
26;2025-11-12;3;0
26;2025-11-12;4;2
26;2025-11-12;5;94
26;2025-11-12;6;501
26;2025-11-12;7;1117
26;2025-11-12;8;2217
26;2025-11-12;9;1484
26;2025-11-12;10;1230
26;2025-11-12;11;1111
26;2025-11-12;12;1154
26;2025-11-12;13;1192
26;2025-11-12;14;1259
26;2025-11-12;15;1356
26;2025-11-12;16;1500
26;2025-11-12;17;1725
26;2025-11-12;18;1920
26;2025-11-12;19;1287
26;2025-11-12;20;770
26;2025-11-12;21;479
26;2025-11-12;22;216
26;2025-11-12;23;116
26;2025-11-13;0;31
26;2025-11-13;1;1
26;2025-11-13;2;0
26;2025-11-13;3;0
26;2025-11-13;4;2
26;2025-11-13;5;94
26;2025-11-13;6;501
26;2025-11-13;7;1117
26;2025-11-13;8;2217
26;2025-11-13;9;1484
26;2025-11-13;10;1230
26;2025-11-13;11;1111
26;2025-11-13;12;1154
26;2025-11-13;13;1192
26;2025-11-13;14;1259
26;2025-11-13;15;1356
26;2025-11-13;16;1500
26;2025-11-13;17;1725
26;2025-11-13;18;1920
26;2025-11-13;19;1287
26;2025-11-13;20;770
26;2025-11-13;21;479
26;2025-11-13;22;216
26;2025-11-13;23;116
26;2025-11-14;0;30
26;2025-11-14;1;2
26;2025-11-14;2;0
26;2025-11-14;3;0
26;2025-11-14;4;1
26;2025-11-14;5;88
26;2025-11-14;6;516
26;2025-11-14;7;1049
26;2025-11-14;8;2134
26;2025-11-14;9;1438
26;2025-11-14;10;1232
26;2025-11-14;11;1120
26;2025-11-14;12;1139
26;2025-11-14;13;1182
26;2025-11-14;14;1270
26;2025-11-14;15;1404
26;2025-11-14;16;1670
26;2025-11-14;17;1771
26;2025-11-14;18;1403
26;2025-11-14;19;1085
26;2025-11-14;20;711
26;2025-11-14;21;456
26;2025-11-14;22;210
26;2025-11-14;23;149
26;2025-11-15;0;45
26;2025-11-15;1;3
26;2025-11-15;2;0
26;2025-11-15;3;0
26;2025-11-15;4;2
26;2025-11-15;5;45
26;2025-11-15;6;260
26;2025-11-15;7;375
26;2025-11-15;8;610
26;2025-11-15;9;690
26;2025-11-15;10;830
26;2025-11-15;11;1012
26;2025-11-15;12;1076
26;2025-11-15;13;1072
26;2025-11-15;14;1096
26;2025-11-15;15;1003
26;2025-11-15;16;1039
26;2025-11-15;17;957
26;2025-11-15;18;904
26;2025-11-15;19;779
26;2025-11-15;20;543
26;2025-11-15;21;363
26;2025-11-15;22;212
26;2025-11-15;23;152
26;2025-11-16;0;51
26;2025-11-16;1;5
26;2025-11-16;2;0
26;2025-11-16;3;0
26;2025-11-16;4;2
26;2025-11-16;5;30
26;2025-11-16;6;163
26;2025-11-16;7;252
26;2025-11-16;8;397
26;2025-11-16;9;558
26;2025-11-16;10;616
26;2025-11-16;11;864
26;2025-11-16;12;868
26;2025-11-16;13;939
26;2025-11-16;14;903
26;2025-11-16;15;835
26;2025-11-16;16;807
26;2025-11-16;17;825
26;2025-11-16;18;748
26;2025-11-16;19;563
26;2025-11-16;20;417
26;2025-11-16;21;296
26;2025-11-16;22;191
26;2025-11-16;23;112
26;2025-11-17;0;30
26;2025-11-17;1;1
26;2025-11-17;2;0
26;2025-11-17;3;0
26;2025-11-17;4;2
26;2025-11-17;5;92
26;2025-11-17;6;487
26;2025-11-17;7;1087
26;2025-11-17;8;2158
26;2025-11-17;9;1444
26;2025-11-17;10;1197
26;2025-11-17;11;1081
26;2025-11-17;12;1123
26;2025-11-17;13;1160
26;2025-11-17;14;1225
26;2025-11-17;15;1320
26;2025-11-17;16;1460
26;2025-11-17;17;1678
26;2025-11-17;18;1868
26;2025-11-17;19;1253
26;2025-11-17;20;749
26;2025-11-17;21;466
26;2025-11-17;22;210
26;2025-11-17;23;113
26;2025-11-18;0;31
26;2025-11-18;1;1
26;2025-11-18;2;0
26;2025-11-18;3;0
26;2025-11-18;4;2
26;2025-11-18;5;94
26;2025-11-18;6;501
26;2025-11-18;7;1117
26;2025-11-18;8;2217
26;2025-11-18;9;1484
26;2025-11-18;10;1230
26;2025-11-18;11;1111
26;2025-11-18;12;1154
26;2025-11-18;13;1192
26;2025-11-18;14;1259
26;2025-11-18;15;1356
26;2025-11-18;16;1500
26;2025-11-18;17;1725
26;2025-11-18;18;1920
26;2025-11-18;19;1287
26;2025-11-18;20;770
26;2025-11-18;21;479
26;2025-11-18;22;216
26;2025-11-18;23;116
26;2025-11-19;0;31
26;2025-11-19;1;1
26;2025-11-19;2;0
26;2025-11-19;3;0
26;2025-11-19;4;2
26;2025-11-19;5;94
26;2025-11-19;6;501
26;2025-11-19;7;1117
26;2025-11-19;8;2217
26;2025-11-19;9;1484
26;2025-11-19;10;1230
26;2025-11-19;11;1111
26;2025-11-19;12;1154
26;2025-11-19;13;1192
26;2025-11-19;14;1259
26;2025-11-19;15;1356
26;2025-11-19;16;1500
26;2025-11-19;17;1725
26;2025-11-19;18;1920
26;2025-11-19;19;1287
26;2025-11-19;20;770
26;2025-11-19;21;479
26;2025-11-19;22;216
26;2025-11-19;23;116
26;2025-11-20;0;31
26;2025-11-20;1;1
26;2025-11-20;2;0
26;2025-11-20;3;0
26;2025-11-20;4;2
26;2025-11-20;5;94
26;2025-11-20;6;501
26;2025-11-20;7;1117
26;2025-11-20;8;2217
26;2025-11-20;9;1484
26;2025-11-20;10;1230
26;2025-11-20;11;1111
26;2025-11-20;12;1154
26;2025-11-20;13;1192
26;2025-11-20;14;1259
26;2025-11-20;15;1356
26;2025-11-20;16;1500
26;2025-11-20;17;1725
26;2025-11-20;18;1920
26;2025-11-20;19;1287
26;2025-11-20;20;770
26;2025-11-20;21;479
26;2025-11-20;22;216
26;2025-11-20;23;116
26;2025-11-21;0;30
26;2025-11-21;1;2
26;2025-11-21;2;0
26;2025-11-21;3;0
26;2025-11-21;4;1
26;2025-11-21;5;88
26;2025-11-21;6;516
26;2025-11-21;7;1049
26;2025-11-21;8;2134
26;2025-11-21;9;1438
26;2025-11-21;10;1232
26;2025-11-21;11;1120
26;2025-11-21;12;1139
26;2025-11-21;13;1182
26;2025-11-21;14;1270
26;2025-11-21;15;1404
26;2025-11-21;16;1670
26;2025-11-21;17;1771
26;2025-11-21;18;1403
26;2025-11-21;19;1085
26;2025-11-21;20;711
26;2025-11-21;21;456
26;2025-11-21;22;210
26;2025-11-21;23;149
26;2025-11-22;0;45
26;2025-11-22;1;3
26;2025-11-22;2;0
26;2025-11-22;3;0
26;2025-11-22;4;2
26;2025-11-22;5;45
26;2025-11-22;6;260
26;2025-11-22;7;375
26;2025-11-22;8;610
26;2025-11-22;9;690
26;2025-11-22;10;830
26;2025-11-22;11;1012
26;2025-11-22;12;1076
26;2025-11-22;13;1072
26;2025-11-22;14;1096
26;2025-11-22;15;1003
26;2025-11-22;16;1039
26;2025-11-22;17;957
26;2025-11-22;18;904
26;2025-11-22;19;779
26;2025-11-22;20;543
26;2025-11-22;21;363
26;2025-11-22;22;212
26;2025-11-22;23;152
26;2025-11-23;0;51
26;2025-11-23;1;5
26;2025-11-23;2;0
26;2025-11-23;3;0
26;2025-11-23;4;2
26;2025-11-23;5;30
26;2025-11-23;6;163
26;2025-11-23;7;252
26;2025-11-23;8;397
26;2025-11-23;9;558
26;2025-11-23;10;616
26;2025-11-23;11;864
26;2025-11-23;12;868
26;2025-11-23;13;939
26;2025-11-23;14;903
26;2025-11-23;15;835
26;2025-11-23;16;807
26;2025-11-23;17;825
26;2025-11-23;18;748
26;2025-11-23;19;563
26;2025-11-23;20;417
26;2025-11-23;21;296
26;2025-11-23;22;191
26;2025-11-23;23;112
26;2025-11-24;0;30
26;2025-11-24;1;1
26;2025-11-24;2;0
26;2025-11-24;3;0
26;2025-11-24;4;2
26;2025-11-24;5;92
26;2025-11-24;6;487
26;2025-11-24;7;1087
26;2025-11-24;8;2158
26;2025-11-24;9;1444
26;2025-11-24;10;1197
26;2025-11-24;11;1081
26;2025-11-24;12;1123
26;2025-11-24;13;1160
26;2025-11-24;14;1225
26;2025-11-24;15;1320
26;2025-11-24;16;1460
26;2025-11-24;17;1678
26;2025-11-24;18;1868
26;2025-11-24;19;1253
26;2025-11-24;20;749
26;2025-11-24;21;466
26;2025-11-24;22;210
26;2025-11-24;23;113
26;2025-11-25;0;31
26;2025-11-25;1;1
26;2025-11-25;2;0
26;2025-11-25;3;0
26;2025-11-25;4;2
26;2025-11-25;5;94
26;2025-11-25;6;501
26;2025-11-25;7;1117
26;2025-11-25;8;2217
26;2025-11-25;9;1484
26;2025-11-25;10;1230
26;2025-11-25;11;1111
26;2025-11-25;12;1154
26;2025-11-25;13;1192
26;2025-11-25;14;1259
26;2025-11-25;15;1356
26;2025-11-25;16;1500
26;2025-11-25;17;1725
26;2025-11-25;18;1920
26;2025-11-25;19;1287
26;2025-11-25;20;770
26;2025-11-25;21;479
26;2025-11-25;22;216
26;2025-11-25;23;116
26;2025-11-26;0;31
26;2025-11-26;1;1
26;2025-11-26;2;0
26;2025-11-26;3;0
26;2025-11-26;4;2
26;2025-11-26;5;94
26;2025-11-26;6;501
26;2025-11-26;7;1117
26;2025-11-26;8;2217
26;2025-11-26;9;1484
26;2025-11-26;10;1230
26;2025-11-26;11;1111
26;2025-11-26;12;1154
26;2025-11-26;13;1192
26;2025-11-26;14;1259
26;2025-11-26;15;1356
26;2025-11-26;16;1500
26;2025-11-26;17;1725
26;2025-11-26;18;1920
26;2025-11-26;19;1287
26;2025-11-26;20;770
26;2025-11-26;21;479
26;2025-11-26;22;216
26;2025-11-26;23;116
26;2025-11-27;0;31
26;2025-11-27;1;1
26;2025-11-27;2;0
26;2025-11-27;3;0
26;2025-11-27;4;2
26;2025-11-27;5;94
26;2025-11-27;6;501
26;2025-11-27;7;1117
26;2025-11-27;8;2217
26;2025-11-27;9;1484
26;2025-11-27;10;1230
26;2025-11-27;11;1111
26;2025-11-27;12;1154
26;2025-11-27;13;1192
26;2025-11-27;14;1259
26;2025-11-27;15;1356
26;2025-11-27;16;1500
26;2025-11-27;17;1725
26;2025-11-27;18;1920
26;2025-11-27;19;1287
26;2025-11-27;20;770
26;2025-11-27;21;479
26;2025-11-27;22;216
26;2025-11-27;23;116
26;2025-11-28;0;30
26;2025-11-28;1;2
26;2025-11-28;2;0
26;2025-11-28;3;0
26;2025-11-28;4;1
26;2025-11-28;5;88
26;2025-11-28;6;516
26;2025-11-28;7;1049
26;2025-11-28;8;2134
26;2025-11-28;9;1438
26;2025-11-28;10;1232
26;2025-11-28;11;1120
26;2025-11-28;12;1139
26;2025-11-28;13;1182
26;2025-11-28;14;1270
26;2025-11-28;15;1404
26;2025-11-28;16;1670
26;2025-11-28;17;1771
26;2025-11-28;18;1403
26;2025-11-28;19;1085
26;2025-11-28;20;711
26;2025-11-28;21;456
26;2025-11-28;22;210
26;2025-11-28;23;149
26;2025-11-29;0;45
26;2025-11-29;1;3
26;2025-11-29;2;0
26;2025-11-29;3;0
26;2025-11-29;4;2
26;2025-11-29;5;45
26;2025-11-29;6;260
26;2025-11-29;7;375
26;2025-11-29;8;610
26;2025-11-29;9;690
26;2025-11-29;10;830
26;2025-11-29;11;1012
26;2025-11-29;12;1076
26;2025-11-29;13;1072
26;2025-11-29;14;1096
26;2025-11-29;15;1003
26;2025-11-29;16;1039
26;2025-11-29;17;957
26;2025-11-29;18;904
26;2025-11-29;19;779
26;2025-11-29;20;543
26;2025-11-29;21;363
26;2025-11-29;22;212
26;2025-11-29;23;152
26;2025-11-30;0;51
26;2025-11-30;1;5
26;2025-11-30;2;0
26;2025-11-30;3;0
26;2025-11-30;4;2
26;2025-11-30;5;30
26;2025-11-30;6;163
26;2025-11-30;7;252
26;2025-11-30;8;397
26;2025-11-30;9;558
26;2025-11-30;10;616
26;2025-11-30;11;864
26;2025-11-30;12;868
26;2025-11-30;13;939
26;2025-11-30;14;903
26;2025-11-30;15;835
26;2025-11-30;16;807
26;2025-11-30;17;825
26;2025-11-30;18;748
26;2025-11-30;19;563
26;2025-11-30;20;417
26;2025-11-30;21;296
26;2025-11-30;22;191
26;2025-11-30;23;112
26;2025-12-01;0;30
26;2025-12-01;1;2
26;2025-12-01;2;0
26;2025-12-01;3;0
26;2025-12-01;4;2
26;2025-12-01;5;91
26;2025-12-01;6;495
26;2025-12-01;7;1088
26;2025-12-01;8;2145
26;2025-12-01;9;1447
26;2025-12-01;10;1196
26;2025-12-01;11;1082
26;2025-12-01;12;1121
26;2025-12-01;13;1162
26;2025-12-01;14;1211
26;2025-12-01;15;1314
26;2025-12-01;16;1464
26;2025-12-01;17;1678
26;2025-12-01;18;1873
26;2025-12-01;19;1262
26;2025-12-01;20;754
26;2025-12-01;21;463
26;2025-12-01;22;213
26;2025-12-01;23;112
26;2025-12-02;0;30
26;2025-12-02;1;2
26;2025-12-02;2;0
26;2025-12-02;3;0
26;2025-12-02;4;2
26;2025-12-02;5;94
26;2025-12-02;6;508
26;2025-12-02;7;1118
26;2025-12-02;8;2204
26;2025-12-02;9;1486
26;2025-12-02;10;1229
26;2025-12-02;11;1112
26;2025-12-02;12;1152
26;2025-12-02;13;1195
26;2025-12-02;14;1245
26;2025-12-02;15;1350
26;2025-12-02;16;1505
26;2025-12-02;17;1724
26;2025-12-02;18;1925
26;2025-12-02;19;1297
26;2025-12-02;20;775
26;2025-12-02;21;475
26;2025-12-02;22;219
26;2025-12-02;23;115
26;2025-12-03;0;30
26;2025-12-03;1;2
26;2025-12-03;2;0
26;2025-12-03;3;0
26;2025-12-03;4;2
26;2025-12-03;5;94
26;2025-12-03;6;508
26;2025-12-03;7;1118
26;2025-12-03;8;2204
26;2025-12-03;9;1486
26;2025-12-03;10;1229
26;2025-12-03;11;1112
26;2025-12-03;12;1152
26;2025-12-03;13;1195
26;2025-12-03;14;1245
26;2025-12-03;15;1350
26;2025-12-03;16;1505
26;2025-12-03;17;1724
26;2025-12-03;18;1925
26;2025-12-03;19;1297
26;2025-12-03;20;775
26;2025-12-03;21;475
26;2025-12-03;22;219
26;2025-12-03;23;115
26;2025-12-04;0;30
26;2025-12-04;1;2
26;2025-12-04;2;0
26;2025-12-04;3;0
26;2025-12-04;4;2
26;2025-12-04;5;94
26;2025-12-04;6;508
26;2025-12-04;7;1118
26;2025-12-04;8;2204
26;2025-12-04;9;1486
26;2025-12-04;10;1229
26;2025-12-04;11;1112
26;2025-12-04;12;1152
26;2025-12-04;13;1195
26;2025-12-04;14;1245
26;2025-12-04;15;1350
26;2025-12-04;16;1505
26;2025-12-04;17;1724
26;2025-12-04;18;1925
26;2025-12-04;19;1297
26;2025-12-04;20;775
26;2025-12-04;21;475
26;2025-12-04;22;219
26;2025-12-04;23;115
26;2025-12-05;0;30
26;2025-12-05;1;2
26;2025-12-05;2;0
26;2025-12-05;3;0
26;2025-12-05;4;1
26;2025-12-05;5;88
26;2025-12-05;6;521
26;2025-12-05;7;1051
26;2025-12-05;8;2111
26;2025-12-05;9;1444
26;2025-12-05;10;1225
26;2025-12-05;11;1117
26;2025-12-05;12;1142
26;2025-12-05;13;1187
26;2025-12-05;14;1247
26;2025-12-05;15;1411
26;2025-12-05;16;1670
26;2025-12-05;17;1765
26;2025-12-05;18;1420
26;2025-12-05;19;1095
26;2025-12-05;20;721
26;2025-12-05;21;453
26;2025-12-05;22;212
26;2025-12-05;23;148
26;2025-12-06;0;44
26;2025-12-06;1;3
26;2025-12-06;2;0
26;2025-12-06;3;0
26;2025-12-06;4;2
26;2025-12-06;5;44
26;2025-12-06;6;266
26;2025-12-06;7;376
26;2025-12-06;8;608
26;2025-12-06;9;695
26;2025-12-06;10;830
26;2025-12-06;11;1016
26;2025-12-06;12;1078
26;2025-12-06;13;1078
26;2025-12-06;14;1096
26;2025-12-06;15;1007
26;2025-12-06;16;1040
26;2025-12-06;17;959
26;2025-12-06;18;911
26;2025-12-06;19;783
26;2025-12-06;20;545
26;2025-12-06;21;366
26;2025-12-06;22;214
26;2025-12-06;23;152
26;2025-12-07;0;51
26;2025-12-07;1;5
26;2025-12-07;2;0
26;2025-12-07;3;0
26;2025-12-07;4;2
26;2025-12-07;5;32
26;2025-12-07;6;164
26;2025-12-07;7;250
26;2025-12-07;8;399
26;2025-12-07;9;562
26;2025-12-07;10;618
26;2025-12-07;11;869
26;2025-12-07;12;875
26;2025-12-07;13;948
26;2025-12-07;14;909
26;2025-12-07;15;842
26;2025-12-07;16;816
26;2025-12-07;17;833
26;2025-12-07;18;756
26;2025-12-07;19;572
26;2025-12-07;20;419
26;2025-12-07;21;299
26;2025-12-07;22;197
26;2025-12-07;23;113
26;2025-12-08;0;30
26;2025-12-08;1;2
26;2025-12-08;2;0
26;2025-12-08;3;0
26;2025-12-08;4;2
26;2025-12-08;5;91
26;2025-12-08;6;495
26;2025-12-08;7;1088
26;2025-12-08;8;2145
26;2025-12-08;9;1447
26;2025-12-08;10;1196
26;2025-12-08;11;1082
26;2025-12-08;12;1121
26;2025-12-08;13;1162
26;2025-12-08;14;1211
26;2025-12-08;15;1314
26;2025-12-08;16;1464
26;2025-12-08;17;1678
26;2025-12-08;18;1873
26;2025-12-08;19;1262
26;2025-12-08;20;754
26;2025-12-08;21;463
26;2025-12-08;22;213
26;2025-12-08;23;112
26;2025-12-09;0;30
26;2025-12-09;1;2
26;2025-12-09;2;0
26;2025-12-09;3;0
26;2025-12-09;4;2
26;2025-12-09;5;94
26;2025-12-09;6;508
26;2025-12-09;7;1118
26;2025-12-09;8;2204
26;2025-12-09;9;1486
26;2025-12-09;10;1229
26;2025-12-09;11;1112
26;2025-12-09;12;1152
26;2025-12-09;13;1195
26;2025-12-09;14;1245
26;2025-12-09;15;1350
26;2025-12-09;16;1505
26;2025-12-09;17;1724
26;2025-12-09;18;1925
26;2025-12-09;19;1297
26;2025-12-09;20;775
26;2025-12-09;21;475
26;2025-12-09;22;219
26;2025-12-09;23;115
26;2025-12-10;0;30
26;2025-12-10;1;2
26;2025-12-10;2;0
26;2025-12-10;3;0
26;2025-12-10;4;2
26;2025-12-10;5;94
26;2025-12-10;6;508
26;2025-12-10;7;1118
26;2025-12-10;8;2204
26;2025-12-10;9;1486
26;2025-12-10;10;1229
26;2025-12-10;11;1112
26;2025-12-10;12;1152
26;2025-12-10;13;1195
26;2025-12-10;14;1245
26;2025-12-10;15;1350
26;2025-12-10;16;1505
26;2025-12-10;17;1724
26;2025-12-10;18;1925
26;2025-12-10;19;1297
26;2025-12-10;20;775
26;2025-12-10;21;475
26;2025-12-10;22;219
26;2025-12-10;23;115
26;2025-12-11;0;30
26;2025-12-11;1;2
26;2025-12-11;2;0
26;2025-12-11;3;0
26;2025-12-11;4;2
26;2025-12-11;5;94
26;2025-12-11;6;508
26;2025-12-11;7;1118
26;2025-12-11;8;2204
26;2025-12-11;9;1486
26;2025-12-11;10;1229
26;2025-12-11;11;1112
26;2025-12-11;12;1152
26;2025-12-11;13;1195
26;2025-12-11;14;1245
26;2025-12-11;15;1350
26;2025-12-11;16;1505
26;2025-12-11;17;1724
26;2025-12-11;18;1925
26;2025-12-11;19;1297
26;2025-12-11;20;775
26;2025-12-11;21;475
26;2025-12-11;22;219
26;2025-12-11;23;115
26;2025-12-12;0;30
26;2025-12-12;1;2
26;2025-12-12;2;0
26;2025-12-12;3;0
26;2025-12-12;4;1
26;2025-12-12;5;88
26;2025-12-12;6;521
26;2025-12-12;7;1051
26;2025-12-12;8;2111
26;2025-12-12;9;1444
26;2025-12-12;10;1225
26;2025-12-12;11;1117
26;2025-12-12;12;1142
26;2025-12-12;13;1187
26;2025-12-12;14;1247
26;2025-12-12;15;1411
26;2025-12-12;16;1670
26;2025-12-12;17;1765
26;2025-12-12;18;1420
26;2025-12-12;19;1095
26;2025-12-12;20;721
26;2025-12-12;21;453
26;2025-12-12;22;212
26;2025-12-12;23;148
26;2025-12-13;0;44
26;2025-12-13;1;3
26;2025-12-13;2;0
26;2025-12-13;3;0
26;2025-12-13;4;2
26;2025-12-13;5;44
26;2025-12-13;6;266
26;2025-12-13;7;376
26;2025-12-13;8;608
26;2025-12-13;9;695
26;2025-12-13;10;830
26;2025-12-13;11;1016
26;2025-12-13;12;1078
26;2025-12-13;13;1078
26;2025-12-13;14;1096
26;2025-12-13;15;1007
26;2025-12-13;16;1040
26;2025-12-13;17;959
26;2025-12-13;18;911
26;2025-12-13;19;783
26;2025-12-13;20;545
26;2025-12-13;21;366
26;2025-12-13;22;214
26;2025-12-13;23;152
26;2025-12-14;0;51
26;2025-12-14;1;5
26;2025-12-14;2;0
26;2025-12-14;3;0
26;2025-12-14;4;2
26;2025-12-14;5;32
26;2025-12-14;6;164
26;2025-12-14;7;250
26;2025-12-14;8;399
26;2025-12-14;9;562
26;2025-12-14;10;618
26;2025-12-14;11;869
26;2025-12-14;12;875
26;2025-12-14;13;948
26;2025-12-14;14;909
26;2025-12-14;15;842
26;2025-12-14;16;816
26;2025-12-14;17;833
26;2025-12-14;18;756
26;2025-12-14;19;572
26;2025-12-14;20;419
26;2025-12-14;21;299
26;2025-12-14;22;197
26;2025-12-14;23;113
26;2025-12-15;0;30
26;2025-12-15;1;2
26;2025-12-15;2;0
26;2025-12-15;3;0
26;2025-12-15;4;2
26;2025-12-15;5;91
26;2025-12-15;6;495
26;2025-12-15;7;1088
26;2025-12-15;8;2145
26;2025-12-15;9;1447
26;2025-12-15;10;1196
26;2025-12-15;11;1082
26;2025-12-15;12;1121
26;2025-12-15;13;1162
26;2025-12-15;14;1211
26;2025-12-15;15;1314
26;2025-12-15;16;1464
26;2025-12-15;17;1678
26;2025-12-15;18;1873
26;2025-12-15;19;1262
26;2025-12-15;20;754
26;2025-12-15;21;463
26;2025-12-15;22;213
26;2025-12-15;23;112
26;2025-12-16;0;30
26;2025-12-16;1;2
26;2025-12-16;2;0
26;2025-12-16;3;0
26;2025-12-16;4;2
26;2025-12-16;5;94
26;2025-12-16;6;508
26;2025-12-16;7;1118
26;2025-12-16;8;2204
26;2025-12-16;9;1486
26;2025-12-16;10;1229
26;2025-12-16;11;1112
26;2025-12-16;12;1152
26;2025-12-16;13;1195
26;2025-12-16;14;1245
26;2025-12-16;15;1350
26;2025-12-16;16;1505
26;2025-12-16;17;1724
26;2025-12-16;18;1925
26;2025-12-16;19;1297
26;2025-12-16;20;775
26;2025-12-16;21;475
26;2025-12-16;22;219
26;2025-12-16;23;115
26;2025-12-17;0;30
26;2025-12-17;1;2
26;2025-12-17;2;0
26;2025-12-17;3;0
26;2025-12-17;4;2
26;2025-12-17;5;94
26;2025-12-17;6;508
26;2025-12-17;7;1118
26;2025-12-17;8;2204
26;2025-12-17;9;1486
26;2025-12-17;10;1229
26;2025-12-17;11;1112
26;2025-12-17;12;1152
26;2025-12-17;13;1195
26;2025-12-17;14;1245
26;2025-12-17;15;1350
26;2025-12-17;16;1505
26;2025-12-17;17;1724
26;2025-12-17;18;1925
26;2025-12-17;19;1297
26;2025-12-17;20;775
26;2025-12-17;21;475
26;2025-12-17;22;219
26;2025-12-17;23;115
26;2025-12-18;0;30
26;2025-12-18;1;2
26;2025-12-18;2;0
26;2025-12-18;3;0
26;2025-12-18;4;2
26;2025-12-18;5;94
26;2025-12-18;6;508
26;2025-12-18;7;1118
26;2025-12-18;8;2204
26;2025-12-18;9;1486
26;2025-12-18;10;1229
26;2025-12-18;11;1112
26;2025-12-18;12;1152
26;2025-12-18;13;1195
26;2025-12-18;14;1245
26;2025-12-18;15;1350
26;2025-12-18;16;1505
26;2025-12-18;17;1724
26;2025-12-18;18;1925
26;2025-12-18;19;1297
26;2025-12-18;20;775
26;2025-12-18;21;475
26;2025-12-18;22;219
26;2025-12-18;23;115
26;2025-12-19;0;30
26;2025-12-19;1;2
26;2025-12-19;2;0
26;2025-12-19;3;0
26;2025-12-19;4;1
26;2025-12-19;5;88
26;2025-12-19;6;521
26;2025-12-19;7;1051
26;2025-12-19;8;2111
26;2025-12-19;9;1444
26;2025-12-19;10;1225
26;2025-12-19;11;1117
26;2025-12-19;12;1142
26;2025-12-19;13;1187
26;2025-12-19;14;1247
26;2025-12-19;15;1411
26;2025-12-19;16;1670
26;2025-12-19;17;1765
26;2025-12-19;18;1420
26;2025-12-19;19;1095
26;2025-12-19;20;721
26;2025-12-19;21;453
26;2025-12-19;22;212
26;2025-12-19;23;148
26;2025-12-20;0;44
26;2025-12-20;1;3
26;2025-12-20;2;0
26;2025-12-20;3;0
26;2025-12-20;4;2
26;2025-12-20;5;44
26;2025-12-20;6;266
26;2025-12-20;7;376
26;2025-12-20;8;608
26;2025-12-20;9;695
26;2025-12-20;10;830
26;2025-12-20;11;1016
26;2025-12-20;12;1078
26;2025-12-20;13;1078
26;2025-12-20;14;1096
26;2025-12-20;15;1007
26;2025-12-20;16;1040
26;2025-12-20;17;959
26;2025-12-20;18;911
26;2025-12-20;19;783
26;2025-12-20;20;545
26;2025-12-20;21;366
26;2025-12-20;22;214
26;2025-12-20;23;152
26;2025-12-21;0;51
26;2025-12-21;1;5
26;2025-12-21;2;0
26;2025-12-21;3;0
26;2025-12-21;4;2
26;2025-12-21;5;32
26;2025-12-21;6;164
26;2025-12-21;7;250
26;2025-12-21;8;399
26;2025-12-21;9;562
26;2025-12-21;10;618
26;2025-12-21;11;869
26;2025-12-21;12;875
26;2025-12-21;13;948
26;2025-12-21;14;909
26;2025-12-21;15;842
26;2025-12-21;16;816
26;2025-12-21;17;833
26;2025-12-21;18;756
26;2025-12-21;19;572
26;2025-12-21;20;419
26;2025-12-21;21;299
26;2025-12-21;22;197
26;2025-12-21;23;113
26;2025-12-22;0;30
26;2025-12-22;1;2
26;2025-12-22;2;0
26;2025-12-22;3;0
26;2025-12-22;4;2
26;2025-12-22;5;91
26;2025-12-22;6;495
26;2025-12-22;7;1088
26;2025-12-22;8;2145
26;2025-12-22;9;1447
26;2025-12-22;10;1196
26;2025-12-22;11;1082
26;2025-12-22;12;1121
26;2025-12-22;13;1162
26;2025-12-22;14;1211
26;2025-12-22;15;1314
26;2025-12-22;16;1464
26;2025-12-22;17;1678
26;2025-12-22;18;1873
26;2025-12-22;19;1262
26;2025-12-22;20;754
26;2025-12-22;21;463
26;2025-12-22;22;213
26;2025-12-22;23;112
26;2025-12-23;0;30
26;2025-12-23;1;2
26;2025-12-23;2;0
26;2025-12-23;3;0
26;2025-12-23;4;2
26;2025-12-23;5;94
26;2025-12-23;6;508
26;2025-12-23;7;1118
26;2025-12-23;8;2204
26;2025-12-23;9;1486
26;2025-12-23;10;1229
26;2025-12-23;11;1112
26;2025-12-23;12;1152
26;2025-12-23;13;1195
26;2025-12-23;14;1245
26;2025-12-23;15;1350
26;2025-12-23;16;1505
26;2025-12-23;17;1724
26;2025-12-23;18;1925
26;2025-12-23;19;1297
26;2025-12-23;20;775
26;2025-12-23;21;475
26;2025-12-23;22;219
26;2025-12-23;23;115
26;2025-12-24;0;30
26;2025-12-24;1;2
26;2025-12-24;2;0
26;2025-12-24;3;0
26;2025-12-24;4;2
26;2025-12-24;5;94
26;2025-12-24;6;508
26;2025-12-24;7;1118
26;2025-12-24;8;2204
26;2025-12-24;9;1486
26;2025-12-24;10;1229
26;2025-12-24;11;1112
26;2025-12-24;12;1152
26;2025-12-24;13;1195
26;2025-12-24;14;1245
26;2025-12-24;15;1350
26;2025-12-24;16;1505
26;2025-12-24;17;1724
26;2025-12-24;18;1925
26;2025-12-24;19;1297
26;2025-12-24;20;775
26;2025-12-24;21;475
26;2025-12-24;22;219
26;2025-12-24;23;115
26;2025-12-25;0;30
26;2025-12-25;1;2
26;2025-12-25;2;0
26;2025-12-25;3;0
26;2025-12-25;4;2
26;2025-12-25;5;94
26;2025-12-25;6;508
26;2025-12-25;7;1118
26;2025-12-25;8;2204
26;2025-12-25;9;1486
26;2025-12-25;10;1229
26;2025-12-25;11;1112
26;2025-12-25;12;1152
26;2025-12-25;13;1195
26;2025-12-25;14;1245
26;2025-12-25;15;1350
26;2025-12-25;16;1505
26;2025-12-25;17;1724
26;2025-12-25;18;1925
26;2025-12-25;19;1297
26;2025-12-25;20;775
26;2025-12-25;21;475
26;2025-12-25;22;219
26;2025-12-25;23;115
26;2025-12-26;0;30
26;2025-12-26;1;2
26;2025-12-26;2;0
26;2025-12-26;3;0
26;2025-12-26;4;1
26;2025-12-26;5;88
26;2025-12-26;6;521
26;2025-12-26;7;1051
26;2025-12-26;8;2111
26;2025-12-26;9;1444
26;2025-12-26;10;1225
26;2025-12-26;11;1117
26;2025-12-26;12;1142
26;2025-12-26;13;1187
26;2025-12-26;14;1247
26;2025-12-26;15;1411
26;2025-12-26;16;1670
26;2025-12-26;17;1765
26;2025-12-26;18;1420
26;2025-12-26;19;1095
26;2025-12-26;20;721
26;2025-12-26;21;453
26;2025-12-26;22;212
26;2025-12-26;23;148
26;2025-12-27;0;44
26;2025-12-27;1;3
26;2025-12-27;2;0
26;2025-12-27;3;0
26;2025-12-27;4;2
26;2025-12-27;5;44
26;2025-12-27;6;266
26;2025-12-27;7;376
26;2025-12-27;8;608
26;2025-12-27;9;695
26;2025-12-27;10;830
26;2025-12-27;11;1016
26;2025-12-27;12;1078
26;2025-12-27;13;1078
26;2025-12-27;14;1096
26;2025-12-27;15;1007
26;2025-12-27;16;1040
26;2025-12-27;17;959
26;2025-12-27;18;911
26;2025-12-27;19;783
26;2025-12-27;20;545
26;2025-12-27;21;366
26;2025-12-27;22;214
26;2025-12-27;23;152
26;2025-12-28;0;51
26;2025-12-28;1;5
26;2025-12-28;2;0
26;2025-12-28;3;0
26;2025-12-28;4;2
26;2025-12-28;5;32
26;2025-12-28;6;164
26;2025-12-28;7;250
26;2025-12-28;8;399
26;2025-12-28;9;562
26;2025-12-28;10;618
26;2025-12-28;11;869
26;2025-12-28;12;875
26;2025-12-28;13;948
26;2025-12-28;14;909
26;2025-12-28;15;842
26;2025-12-28;16;816
26;2025-12-28;17;833
26;2025-12-28;18;756
26;2025-12-28;19;572
26;2025-12-28;20;419
26;2025-12-28;21;299
26;2025-12-28;22;197
26;2025-12-28;23;113
26;2025-12-29;0;27
26;2025-12-29;1;1
26;2025-12-29;2;0
26;2025-12-29;3;0
26;2025-12-29;4;2
26;2025-12-29;5;82
26;2025-12-29;6;445
26;2025-12-29;7;979
26;2025-12-29;8;1931
26;2025-12-29;9;1302
26;2025-12-29;10;1076
26;2025-12-29;11;974
26;2025-12-29;12;1009
26;2025-12-29;13;1046
26;2025-12-29;14;1090
26;2025-12-29;15;1183
26;2025-12-29;16;1318
26;2025-12-29;17;1510
26;2025-12-29;18;1686
26;2025-12-29;19;1136
26;2025-12-29;20;679
26;2025-12-29;21;416
26;2025-12-29;22;191
26;2025-12-29;23;101
26;2025-12-30;0;26
26;2025-12-30;1;1
26;2025-12-30;2;0
26;2025-12-30;3;0
26;2025-12-30;4;1
26;2025-12-30;5;80
26;2025-12-30;6;432
26;2025-12-30;7;950
26;2025-12-30;8;1874
26;2025-12-30;9;1264
26;2025-12-30;10;1045
26;2025-12-30;11;945
26;2025-12-30;12;980
26;2025-12-30;13;1015
26;2025-12-30;14;1058
26;2025-12-30;15;1148
26;2025-12-30;16;1279
26;2025-12-30;17;1465
26;2025-12-30;18;1636
26;2025-12-30;19;1102
26;2025-12-30;20;659
26;2025-12-30;21;404
26;2025-12-30;22;186
26;2025-12-30;23;98
26;2025-12-31;0;38
26;2025-12-31;1;3
26;2025-12-31;2;0
26;2025-12-31;3;0
26;2025-12-31;4;2
26;2025-12-31;5;38
26;2025-12-31;6;226
26;2025-12-31;7;320
26;2025-12-31;8;517
26;2025-12-31;9;591
26;2025-12-31;10;706
26;2025-12-31;11;864
26;2025-12-31;12;916
26;2025-12-31;13;916
26;2025-12-31;14;932
26;2025-12-31;15;856
26;2025-12-31;16;884
26;2025-12-31;17;816
26;2025-12-31;18;774
26;2025-12-31;19;666
26;2025-12-31;20;463
26;2025-12-31;21;311
26;2025-12-31;22;182
26;2025-12-31;23;129
28;2025-11-01;0;0
28;2025-11-01;1;0
28;2025-11-01;2;0
28;2025-11-01;3;0
28;2025-11-01;4;1
28;2025-11-01;5;56
28;2025-11-01;6;203
28;2025-11-01;7;622
28;2025-11-01;8;947
28;2025-11-01;9;637
28;2025-11-01;10;484
28;2025-11-01;11;440
28;2025-11-01;12;551
28;2025-11-01;13;558
28;2025-11-01;14;540
28;2025-11-01;15;554
28;2025-11-01;16;750
28;2025-11-01;17;763
28;2025-11-01;18;645
28;2025-11-01;19;475
28;2025-11-01;20;347
28;2025-11-01;21;237
28;2025-11-01;22;106
28;2025-11-01;23;16
28;2025-11-02;0;1
28;2025-11-02;1;0
28;2025-11-02;2;0
28;2025-11-02;3;0
28;2025-11-02;4;0
28;2025-11-02;5;29
28;2025-11-02;6;78
28;2025-11-02;7;147
28;2025-11-02;8;243
28;2025-11-02;9;331
28;2025-11-02;10;373
28;2025-11-02;11;409
28;2025-11-02;12;441
28;2025-11-02;13;527
28;2025-11-02;14;495
28;2025-11-02;15;503
28;2025-11-02;16;464
28;2025-11-02;17;492
28;2025-11-02;18;411
28;2025-11-02;19;364
28;2025-11-02;20;284
28;2025-11-02;21;224
28;2025-11-02;22;106
28;2025-11-02;23;12
28;2025-11-03;0;1
28;2025-11-03;1;0
28;2025-11-03;2;0
28;2025-11-03;3;0
28;2025-11-03;4;1
28;2025-11-03;5;28
28;2025-11-03;6;75
28;2025-11-03;7;156
28;2025-11-03;8;261
28;2025-11-03;9;336
28;2025-11-03;10;367
28;2025-11-03;11;390
28;2025-11-03;12;437
28;2025-11-03;13;484
28;2025-11-03;14;461
28;2025-11-03;15;467
28;2025-11-03;16;447
28;2025-11-03;17;455
28;2025-11-03;18;389
28;2025-11-03;19;325
28;2025-11-03;20;245
28;2025-11-03;21;208
28;2025-11-03;22;94
28;2025-11-03;23;11
28;2025-11-04;0;1
28;2025-11-04;1;0
28;2025-11-04;2;0
28;2025-11-04;3;0
28;2025-11-04;4;1
28;2025-11-04;5;28
28;2025-11-04;6;75
28;2025-11-04;7;156
28;2025-11-04;8;261
28;2025-11-04;9;336
28;2025-11-04;10;367
28;2025-11-04;11;390
28;2025-11-04;12;437
28;2025-11-04;13;484
28;2025-11-04;14;461
28;2025-11-04;15;467
28;2025-11-04;16;447
28;2025-11-04;17;455
28;2025-11-04;18;389
28;2025-11-04;19;325
28;2025-11-04;20;245
28;2025-11-04;21;208
28;2025-11-04;22;94
28;2025-11-04;23;11
28;2025-11-05;0;3
28;2025-11-05;1;0
28;2025-11-05;2;0
28;2025-11-05;3;0
28;2025-11-05;4;2
28;2025-11-05;5;79
28;2025-11-05;6;265
28;2025-11-05;7;819
28;2025-11-05;8;1279
28;2025-11-05;9;868
28;2025-11-05;10;640
28;2025-11-05;11;568
28;2025-11-05;12;690
28;2025-11-05;13;712
28;2025-11-05;14;654
28;2025-11-05;15;690
28;2025-11-05;16;872
28;2025-11-05;17;1026
28;2025-11-05;18;1008
28;2025-11-05;19;749
28;2025-11-05;20;521
28;2025-11-05;21;318
28;2025-11-05;22;132
28;2025-11-05;23;19
28;2025-11-06;0;3
28;2025-11-06;1;0
28;2025-11-06;2;0
28;2025-11-06;3;0
28;2025-11-06;4;2
28;2025-11-06;5;79
28;2025-11-06;6;265
28;2025-11-06;7;819
28;2025-11-06;8;1279
28;2025-11-06;9;868
28;2025-11-06;10;640
28;2025-11-06;11;568
28;2025-11-06;12;690
28;2025-11-06;13;712
28;2025-11-06;14;654
28;2025-11-06;15;690
28;2025-11-06;16;872
28;2025-11-06;17;1026
28;2025-11-06;18;1008
28;2025-11-06;19;749
28;2025-11-06;20;521
28;2025-11-06;21;318
28;2025-11-06;22;132
28;2025-11-06;23;19
28;2025-11-07;0;2
28;2025-11-07;1;0
28;2025-11-07;2;0
28;2025-11-07;3;0
28;2025-11-07;4;1
28;2025-11-07;5;72
28;2025-11-07;6;261
28;2025-11-07;7;802
28;2025-11-07;8;1221
28;2025-11-07;9;820
28;2025-11-07;10;623
28;2025-11-07;11;567
28;2025-11-07;12;710
28;2025-11-07;13;719
28;2025-11-07;14;696
28;2025-11-07;15;714
28;2025-11-07;16;966
28;2025-11-07;17;983
28;2025-11-07;18;832
28;2025-11-07;19;612
28;2025-11-07;20;447
28;2025-11-07;21;305
28;2025-11-07;22;137
28;2025-11-07;23;20
28;2025-11-08;0;1
28;2025-11-08;1;0
28;2025-11-08;2;0
28;2025-11-08;3;0
28;2025-11-08;4;1
28;2025-11-08;5;36
28;2025-11-08;6;98
28;2025-11-08;7;221
28;2025-11-08;8;373
28;2025-11-08;9;458
28;2025-11-08;10;488
28;2025-11-08;11;503
28;2025-11-08;12;584
28;2025-11-08;13;600
28;2025-11-08;14;581
28;2025-11-08;15;584
28;2025-11-08;16;580
28;2025-11-08;17;568
28;2025-11-08;18;498
28;2025-11-08;19;391
28;2025-11-08;20;283
28;2025-11-08;21;260
28;2025-11-08;22;112
28;2025-11-08;23;14
28;2025-11-09;0;1
28;2025-11-09;1;0
28;2025-11-09;2;0
28;2025-11-09;3;0
28;2025-11-09;4;0
28;2025-11-09;5;29
28;2025-11-09;6;78
28;2025-11-09;7;147
28;2025-11-09;8;243
28;2025-11-09;9;331
28;2025-11-09;10;373
28;2025-11-09;11;409
28;2025-11-09;12;441
28;2025-11-09;13;527
28;2025-11-09;14;495
28;2025-11-09;15;503
28;2025-11-09;16;464
28;2025-11-09;17;492
28;2025-11-09;18;411
28;2025-11-09;19;364
28;2025-11-09;20;284
28;2025-11-09;21;224
28;2025-11-09;22;106
28;2025-11-09;23;12
28;2025-11-10;0;2
28;2025-11-10;1;0
28;2025-11-10;2;0
28;2025-11-10;3;0
28;2025-11-10;4;2
28;2025-11-10;5;77
28;2025-11-10;6;258
28;2025-11-10;7;797
28;2025-11-10;8;1244
28;2025-11-10;9;845
28;2025-11-10;10;623
28;2025-11-10;11;552
28;2025-11-10;12;671
28;2025-11-10;13;693
28;2025-11-10;14;637
28;2025-11-10;15;672
28;2025-11-10;16;848
28;2025-11-10;17;998
28;2025-11-10;18;981
28;2025-11-10;19;729
28;2025-11-10;20;507
28;2025-11-10;21;310
28;2025-11-10;22;128
28;2025-11-10;23;19
28;2025-11-11;0;3
28;2025-11-11;1;0
28;2025-11-11;2;0
28;2025-11-11;3;0
28;2025-11-11;4;2
28;2025-11-11;5;79
28;2025-11-11;6;265
28;2025-11-11;7;819
28;2025-11-11;8;1279
28;2025-11-11;9;868
28;2025-11-11;10;640
28;2025-11-11;11;568
28;2025-11-11;12;690
28;2025-11-11;13;712
28;2025-11-11;14;654
28;2025-11-11;15;690
28;2025-11-11;16;872
28;2025-11-11;17;1026
28;2025-11-11;18;1008
28;2025-11-11;19;749
28;2025-11-11;20;521
28;2025-11-11;21;318
28;2025-11-11;22;132
28;2025-11-11;23;19
28;2025-11-12;0;3
28;2025-11-12;1;0
28;2025-11-12;2;0
28;2025-11-12;3;0
28;2025-11-12;4;2
28;2025-11-12;5;79
28;2025-11-12;6;265
28;2025-11-12;7;819
28;2025-11-12;8;1279
28;2025-11-12;9;868
28;2025-11-12;10;640
28;2025-11-12;11;568
28;2025-11-12;12;690
28;2025-11-12;13;712
28;2025-11-12;14;654
28;2025-11-12;15;690
28;2025-11-12;16;872
28;2025-11-12;17;1026
28;2025-11-12;18;1008
28;2025-11-12;19;749
28;2025-11-12;20;521
28;2025-11-12;21;318
28;2025-11-12;22;132
28;2025-11-12;23;19
28;2025-11-13;0;3
28;2025-11-13;1;0
28;2025-11-13;2;0
28;2025-11-13;3;0
28;2025-11-13;4;2
28;2025-11-13;5;79
28;2025-11-13;6;265
28;2025-11-13;7;819
28;2025-11-13;8;1279
28;2025-11-13;9;868
28;2025-11-13;10;640
28;2025-11-13;11;568
28;2025-11-13;12;690
28;2025-11-13;13;712
28;2025-11-13;14;654
28;2025-11-13;15;690
28;2025-11-13;16;872
28;2025-11-13;17;1026
28;2025-11-13;18;1008
28;2025-11-13;19;749
28;2025-11-13;20;521
28;2025-11-13;21;318
28;2025-11-13;22;132
28;2025-11-13;23;19
28;2025-11-14;0;2
28;2025-11-14;1;0
28;2025-11-14;2;0
28;2025-11-14;3;0
28;2025-11-14;4;1
28;2025-11-14;5;72
28;2025-11-14;6;261
28;2025-11-14;7;802
28;2025-11-14;8;1221
28;2025-11-14;9;820
28;2025-11-14;10;623
28;2025-11-14;11;567
28;2025-11-14;12;710
28;2025-11-14;13;719
28;2025-11-14;14;696
28;2025-11-14;15;714
28;2025-11-14;16;966
28;2025-11-14;17;983
28;2025-11-14;18;832
28;2025-11-14;19;612
28;2025-11-14;20;447
28;2025-11-14;21;305
28;2025-11-14;22;137
28;2025-11-14;23;20
28;2025-11-15;0;1
28;2025-11-15;1;0
28;2025-11-15;2;0
28;2025-11-15;3;0
28;2025-11-15;4;1
28;2025-11-15;5;36
28;2025-11-15;6;98
28;2025-11-15;7;221
28;2025-11-15;8;373
28;2025-11-15;9;458
28;2025-11-15;10;488
28;2025-11-15;11;503
28;2025-11-15;12;584
28;2025-11-15;13;600
28;2025-11-15;14;581
28;2025-11-15;15;584
28;2025-11-15;16;580
28;2025-11-15;17;568
28;2025-11-15;18;498
28;2025-11-15;19;391
28;2025-11-15;20;283
28;2025-11-15;21;260
28;2025-11-15;22;112
28;2025-11-15;23;14
28;2025-11-16;0;1
28;2025-11-16;1;0
28;2025-11-16;2;0
28;2025-11-16;3;0
28;2025-11-16;4;0
28;2025-11-16;5;29
28;2025-11-16;6;78
28;2025-11-16;7;147
28;2025-11-16;8;243
28;2025-11-16;9;331
28;2025-11-16;10;373
28;2025-11-16;11;409
28;2025-11-16;12;441
28;2025-11-16;13;527
28;2025-11-16;14;495
28;2025-11-16;15;503
28;2025-11-16;16;464
28;2025-11-16;17;492
28;2025-11-16;18;411
28;2025-11-16;19;364
28;2025-11-16;20;284
28;2025-11-16;21;224
28;2025-11-16;22;106
28;2025-11-16;23;12
28;2025-11-17;0;2
28;2025-11-17;1;0
28;2025-11-17;2;0
28;2025-11-17;3;0
28;2025-11-17;4;2
28;2025-11-17;5;77
28;2025-11-17;6;258
28;2025-11-17;7;797
28;2025-11-17;8;1244
28;2025-11-17;9;845
28;2025-11-17;10;623
28;2025-11-17;11;552
28;2025-11-17;12;671
28;2025-11-17;13;693
28;2025-11-17;14;637
28;2025-11-17;15;672
28;2025-11-17;16;848
28;2025-11-17;17;998
28;2025-11-17;18;981
28;2025-11-17;19;729
28;2025-11-17;20;507
28;2025-11-17;21;310
28;2025-11-17;22;128
28;2025-11-17;23;19
28;2025-11-18;0;3
28;2025-11-18;1;0
28;2025-11-18;2;0
28;2025-11-18;3;0
28;2025-11-18;4;2
28;2025-11-18;5;79
28;2025-11-18;6;265
28;2025-11-18;7;819
28;2025-11-18;8;1279
28;2025-11-18;9;868
28;2025-11-18;10;640
28;2025-11-18;11;568
28;2025-11-18;12;690
28;2025-11-18;13;712
28;2025-11-18;14;654
28;2025-11-18;15;690
28;2025-11-18;16;872
28;2025-11-18;17;1026
28;2025-11-18;18;1008
28;2025-11-18;19;749
28;2025-11-18;20;521
28;2025-11-18;21;318
28;2025-11-18;22;132
28;2025-11-18;23;19
28;2025-11-19;0;3
28;2025-11-19;1;0
28;2025-11-19;2;0
28;2025-11-19;3;0
28;2025-11-19;4;2
28;2025-11-19;5;79
28;2025-11-19;6;265
28;2025-11-19;7;819
28;2025-11-19;8;1279
28;2025-11-19;9;868
28;2025-11-19;10;640
28;2025-11-19;11;568
28;2025-11-19;12;690
28;2025-11-19;13;712
28;2025-11-19;14;654
28;2025-11-19;15;690
28;2025-11-19;16;872
28;2025-11-19;17;1026
28;2025-11-19;18;1008
28;2025-11-19;19;749
28;2025-11-19;20;521
28;2025-11-19;21;318
28;2025-11-19;22;132
28;2025-11-19;23;19
28;2025-11-20;0;3
28;2025-11-20;1;0
28;2025-11-20;2;0
28;2025-11-20;3;0
28;2025-11-20;4;2
28;2025-11-20;5;79
28;2025-11-20;6;265
28;2025-11-20;7;819
28;2025-11-20;8;1279
28;2025-11-20;9;868
28;2025-11-20;10;640
28;2025-11-20;11;568
28;2025-11-20;12;690
28;2025-11-20;13;712
28;2025-11-20;14;654
28;2025-11-20;15;690
28;2025-11-20;16;872
28;2025-11-20;17;1026
28;2025-11-20;18;1008
28;2025-11-20;19;749
28;2025-11-20;20;521
28;2025-11-20;21;318
28;2025-11-20;22;132
28;2025-11-20;23;19
28;2025-11-21;0;2
28;2025-11-21;1;0
28;2025-11-21;2;0
28;2025-11-21;3;0
28;2025-11-21;4;1
28;2025-11-21;5;72
28;2025-11-21;6;261
28;2025-11-21;7;802
28;2025-11-21;8;1221
28;2025-11-21;9;820
28;2025-11-21;10;623
28;2025-11-21;11;567
28;2025-11-21;12;710
28;2025-11-21;13;719
28;2025-11-21;14;696
28;2025-11-21;15;714
28;2025-11-21;16;966
28;2025-11-21;17;983
28;2025-11-21;18;832
28;2025-11-21;19;612
28;2025-11-21;20;447
28;2025-11-21;21;305
28;2025-11-21;22;137
28;2025-11-21;23;20
28;2025-11-22;0;1
28;2025-11-22;1;0
28;2025-11-22;2;0
28;2025-11-22;3;0
28;2025-11-22;4;1
28;2025-11-22;5;36
28;2025-11-22;6;98
28;2025-11-22;7;221
28;2025-11-22;8;373
28;2025-11-22;9;458
28;2025-11-22;10;488
28;2025-11-22;11;503
28;2025-11-22;12;584
28;2025-11-22;13;600
28;2025-11-22;14;581
28;2025-11-22;15;584
28;2025-11-22;16;580
28;2025-11-22;17;568
28;2025-11-22;18;498
28;2025-11-22;19;391
28;2025-11-22;20;283
28;2025-11-22;21;260
28;2025-11-22;22;112
28;2025-11-22;23;14
28;2025-11-23;0;1
28;2025-11-23;1;0
28;2025-11-23;2;0
28;2025-11-23;3;0
28;2025-11-23;4;0
28;2025-11-23;5;29
28;2025-11-23;6;78
28;2025-11-23;7;147
28;2025-11-23;8;243
28;2025-11-23;9;331
28;2025-11-23;10;373
28;2025-11-23;11;409
28;2025-11-23;12;441
28;2025-11-23;13;527
28;2025-11-23;14;495
28;2025-11-23;15;503
28;2025-11-23;16;464
28;2025-11-23;17;492
28;2025-11-23;18;411
28;2025-11-23;19;364
28;2025-11-23;20;284
28;2025-11-23;21;224
28;2025-11-23;22;106
28;2025-11-23;23;12
28;2025-11-24;0;2
28;2025-11-24;1;0
28;2025-11-24;2;0
28;2025-11-24;3;0
28;2025-11-24;4;2
28;2025-11-24;5;77
28;2025-11-24;6;258
28;2025-11-24;7;797
28;2025-11-24;8;1244
28;2025-11-24;9;845
28;2025-11-24;10;623
28;2025-11-24;11;552
28;2025-11-24;12;671
28;2025-11-24;13;693
28;2025-11-24;14;637
28;2025-11-24;15;672
28;2025-11-24;16;848
28;2025-11-24;17;998
28;2025-11-24;18;981
28;2025-11-24;19;729
28;2025-11-24;20;507
28;2025-11-24;21;310
28;2025-11-24;22;128
28;2025-11-24;23;19
28;2025-11-25;0;3
28;2025-11-25;1;0
28;2025-11-25;2;0
28;2025-11-25;3;0
28;2025-11-25;4;2
28;2025-11-25;5;79
28;2025-11-25;6;265
28;2025-11-25;7;819
28;2025-11-25;8;1279
28;2025-11-25;9;868
28;2025-11-25;10;640
28;2025-11-25;11;568
28;2025-11-25;12;690
28;2025-11-25;13;712
28;2025-11-25;14;654
28;2025-11-25;15;690
28;2025-11-25;16;872
28;2025-11-25;17;1026
28;2025-11-25;18;1008
28;2025-11-25;19;749
28;2025-11-25;20;521
28;2025-11-25;21;318
28;2025-11-25;22;132
28;2025-11-25;23;19
28;2025-11-26;0;3
28;2025-11-26;1;0
28;2025-11-26;2;0
28;2025-11-26;3;0
28;2025-11-26;4;2
28;2025-11-26;5;79
28;2025-11-26;6;265
28;2025-11-26;7;819
28;2025-11-26;8;1279
28;2025-11-26;9;868
28;2025-11-26;10;640
28;2025-11-26;11;568
28;2025-11-26;12;690
28;2025-11-26;13;712
28;2025-11-26;14;654
28;2025-11-26;15;690
28;2025-11-26;16;872
28;2025-11-26;17;1026
28;2025-11-26;18;1008
28;2025-11-26;19;749
28;2025-11-26;20;521
28;2025-11-26;21;318
28;2025-11-26;22;132
28;2025-11-26;23;19
28;2025-11-27;0;3
28;2025-11-27;1;0
28;2025-11-27;2;0
28;2025-11-27;3;0
28;2025-11-27;4;2
28;2025-11-27;5;79
28;2025-11-27;6;265
28;2025-11-27;7;819
28;2025-11-27;8;1279
28;2025-11-27;9;868
28;2025-11-27;10;640
28;2025-11-27;11;568
28;2025-11-27;12;690
28;2025-11-27;13;712
28;2025-11-27;14;654
28;2025-11-27;15;690
28;2025-11-27;16;872
28;2025-11-27;17;1026
28;2025-11-27;18;1008
28;2025-11-27;19;749
28;2025-11-27;20;521
28;2025-11-27;21;318
28;2025-11-27;22;132
28;2025-11-27;23;19
28;2025-11-28;0;2
28;2025-11-28;1;0
28;2025-11-28;2;0
28;2025-11-28;3;0
28;2025-11-28;4;1
28;2025-11-28;5;72
28;2025-11-28;6;261
28;2025-11-28;7;802
28;2025-11-28;8;1221
28;2025-11-28;9;820
28;2025-11-28;10;623
28;2025-11-28;11;567
28;2025-11-28;12;710
28;2025-11-28;13;719
28;2025-11-28;14;696
28;2025-11-28;15;714
28;2025-11-28;16;966
28;2025-11-28;17;983
28;2025-11-28;18;832
28;2025-11-28;19;612
28;2025-11-28;20;447
28;2025-11-28;21;305
28;2025-11-28;22;137
28;2025-11-28;23;20
28;2025-11-29;0;1
28;2025-11-29;1;0
28;2025-11-29;2;0
28;2025-11-29;3;0
28;2025-11-29;4;1
28;2025-11-29;5;36
28;2025-11-29;6;98
28;2025-11-29;7;221
28;2025-11-29;8;373
28;2025-11-29;9;458
28;2025-11-29;10;488
28;2025-11-29;11;503
28;2025-11-29;12;584
28;2025-11-29;13;600
28;2025-11-29;14;581
28;2025-11-29;15;584
28;2025-11-29;16;580
28;2025-11-29;17;568
28;2025-11-29;18;498
28;2025-11-29;19;391
28;2025-11-29;20;283
28;2025-11-29;21;260
28;2025-11-29;22;112
28;2025-11-29;23;14
28;2025-11-30;0;1
28;2025-11-30;1;0
28;2025-11-30;2;0
28;2025-11-30;3;0
28;2025-11-30;4;0
28;2025-11-30;5;29
28;2025-11-30;6;78
28;2025-11-30;7;147
28;2025-11-30;8;243
28;2025-11-30;9;331
28;2025-11-30;10;373
28;2025-11-30;11;409
28;2025-11-30;12;441
28;2025-11-30;13;527
28;2025-11-30;14;495
28;2025-11-30;15;503
28;2025-11-30;16;464
28;2025-11-30;17;492
28;2025-11-30;18;411
28;2025-11-30;19;364
28;2025-11-30;20;284
28;2025-11-30;21;224
28;2025-11-30;22;106
28;2025-11-30;23;12
28;2025-12-01;0;2
28;2025-12-01;1;0
28;2025-12-01;2;0
28;2025-12-01;3;0
28;2025-12-01;4;2
28;2025-12-01;5;77
28;2025-12-01;6;261
28;2025-12-01;7;803
28;2025-12-01;8;1242
28;2025-12-01;9;852
28;2025-12-01;10;627
28;2025-12-01;11;553
28;2025-12-01;12;668
28;2025-12-01;13;694
28;2025-12-01;14;634
28;2025-12-01;15;670
28;2025-12-01;16;844
28;2025-12-01;17;993
28;2025-12-01;18;978
28;2025-12-01;19;727
28;2025-12-01;20;506
28;2025-12-01;21;309
28;2025-12-01;22;131
28;2025-12-01;23;20
28;2025-12-02;0;3
28;2025-12-02;1;0
28;2025-12-02;2;0
28;2025-12-02;3;0
28;2025-12-02;4;2
28;2025-12-02;5;79
28;2025-12-02;6;268
28;2025-12-02;7;825
28;2025-12-02;8;1276
28;2025-12-02;9;876
28;2025-12-02;10;644
28;2025-12-02;11;568
28;2025-12-02;12;687
28;2025-12-02;13;713
28;2025-12-02;14;651
28;2025-12-02;15;689
28;2025-12-02;16;867
28;2025-12-02;17;1020
28;2025-12-02;18;1005
28;2025-12-02;19;747
28;2025-12-02;20;520
28;2025-12-02;21;317
28;2025-12-02;22;135
28;2025-12-02;23;21
28;2025-12-03;0;3
28;2025-12-03;1;0
28;2025-12-03;2;0
28;2025-12-03;3;0
28;2025-12-03;4;2
28;2025-12-03;5;79
28;2025-12-03;6;268
28;2025-12-03;7;825
28;2025-12-03;8;1276
28;2025-12-03;9;876
28;2025-12-03;10;644
28;2025-12-03;11;568
28;2025-12-03;12;687
28;2025-12-03;13;713
28;2025-12-03;14;651
28;2025-12-03;15;689
28;2025-12-03;16;867
28;2025-12-03;17;1020
28;2025-12-03;18;1005
28;2025-12-03;19;747
28;2025-12-03;20;520
28;2025-12-03;21;317
28;2025-12-03;22;135
28;2025-12-03;23;21
28;2025-12-04;0;3
28;2025-12-04;1;0
28;2025-12-04;2;0
28;2025-12-04;3;0
28;2025-12-04;4;2
28;2025-12-04;5;79
28;2025-12-04;6;268
28;2025-12-04;7;825
28;2025-12-04;8;1276
28;2025-12-04;9;876
28;2025-12-04;10;644
28;2025-12-04;11;568
28;2025-12-04;12;687
28;2025-12-04;13;713
28;2025-12-04;14;651
28;2025-12-04;15;689
28;2025-12-04;16;867
28;2025-12-04;17;1020
28;2025-12-04;18;1005
28;2025-12-04;19;747
28;2025-12-04;20;520
28;2025-12-04;21;317
28;2025-12-04;22;135
28;2025-12-04;23;21
28;2025-12-05;0;1
28;2025-12-05;1;0
28;2025-12-05;2;0
28;2025-12-05;3;0
28;2025-12-05;4;1
28;2025-12-05;5;72
28;2025-12-05;6;260
28;2025-12-05;7;798
28;2025-12-05;8;1212
28;2025-12-05;9;822
28;2025-12-05;10;626
28;2025-12-05;11;565
28;2025-12-05;12;699
28;2025-12-05;13;723
28;2025-12-05;14;699
28;2025-12-05;15;716
28;2025-12-05;16;975
28;2025-12-05;17;986
28;2025-12-05;18;829
28;2025-12-05;19;608
28;2025-12-05;20;455
28;2025-12-05;21;303
28;2025-12-05;22;140
28;2025-12-05;23;21
28;2025-12-06;0;1
28;2025-12-06;1;0
28;2025-12-06;2;0
28;2025-12-06;3;0
28;2025-12-06;4;1
28;2025-12-06;5;35
28;2025-12-06;6;97
28;2025-12-06;7;219
28;2025-12-06;8;368
28;2025-12-06;9;460
28;2025-12-06;10;488
28;2025-12-06;11;504
28;2025-12-06;12;584
28;2025-12-06;13;602
28;2025-12-06;14;587
28;2025-12-06;15;582
28;2025-12-06;16;577
28;2025-12-06;17;567
28;2025-12-06;18;499
28;2025-12-06;19;394
28;2025-12-06;20;284
28;2025-12-06;21;262
28;2025-12-06;22;114
28;2025-12-06;23;14
28;2025-12-07;0;1
28;2025-12-07;1;0
28;2025-12-07;2;0
28;2025-12-07;3;0
28;2025-12-07;4;1
28;2025-12-07;5;29
28;2025-12-07;6;79
28;2025-12-07;7;144
28;2025-12-07;8;241
28;2025-12-07;9;328
28;2025-12-07;10;369
28;2025-12-07;11;405
28;2025-12-07;12;440
28;2025-12-07;13;525
28;2025-12-07;14;492
28;2025-12-07;15;502
28;2025-12-07;16;467
28;2025-12-07;17;493
28;2025-12-07;18;409
28;2025-12-07;19;361
28;2025-12-07;20;283
28;2025-12-07;21;223
28;2025-12-07;22;105
28;2025-12-07;23;12
28;2025-12-08;0;2
28;2025-12-08;1;0
28;2025-12-08;2;0
28;2025-12-08;3;0
28;2025-12-08;4;2
28;2025-12-08;5;77
28;2025-12-08;6;261
28;2025-12-08;7;803
28;2025-12-08;8;1242
28;2025-12-08;9;852
28;2025-12-08;10;627
28;2025-12-08;11;553
28;2025-12-08;12;668
28;2025-12-08;13;694
28;2025-12-08;14;634
28;2025-12-08;15;670
28;2025-12-08;16;844
28;2025-12-08;17;993
28;2025-12-08;18;978
28;2025-12-08;19;727
28;2025-12-08;20;506
28;2025-12-08;21;309
28;2025-12-08;22;131
28;2025-12-08;23;20
28;2025-12-09;0;3
28;2025-12-09;1;0
28;2025-12-09;2;0
28;2025-12-09;3;0
28;2025-12-09;4;2
28;2025-12-09;5;79
28;2025-12-09;6;268
28;2025-12-09;7;825
28;2025-12-09;8;1276
28;2025-12-09;9;876
28;2025-12-09;10;644
28;2025-12-09;11;568
28;2025-12-09;12;687
28;2025-12-09;13;713
28;2025-12-09;14;651
28;2025-12-09;15;689
28;2025-12-09;16;867
28;2025-12-09;17;1020
28;2025-12-09;18;1005
28;2025-12-09;19;747
28;2025-12-09;20;520
28;2025-12-09;21;317
28;2025-12-09;22;135
28;2025-12-09;23;21
28;2025-12-10;0;3
28;2025-12-10;1;0
28;2025-12-10;2;0
28;2025-12-10;3;0
28;2025-12-10;4;2
28;2025-12-10;5;79
28;2025-12-10;6;268
28;2025-12-10;7;825
28;2025-12-10;8;1276
28;2025-12-10;9;876
28;2025-12-10;10;644
28;2025-12-10;11;568
28;2025-12-10;12;687
28;2025-12-10;13;713
28;2025-12-10;14;651
28;2025-12-10;15;689
28;2025-12-10;16;867
28;2025-12-10;17;1020
28;2025-12-10;18;1005
28;2025-12-10;19;747
28;2025-12-10;20;520
28;2025-12-10;21;317
28;2025-12-10;22;135
28;2025-12-10;23;21
28;2025-12-11;0;3
28;2025-12-11;1;0
28;2025-12-11;2;0
28;2025-12-11;3;0
28;2025-12-11;4;2
28;2025-12-11;5;79
28;2025-12-11;6;268
28;2025-12-11;7;825
28;2025-12-11;8;1276
28;2025-12-11;9;876
28;2025-12-11;10;644
28;2025-12-11;11;568
28;2025-12-11;12;687
28;2025-12-11;13;713
28;2025-12-11;14;651
28;2025-12-11;15;689
28;2025-12-11;16;867
28;2025-12-11;17;1020
28;2025-12-11;18;1005
28;2025-12-11;19;747
28;2025-12-11;20;520
28;2025-12-11;21;317
28;2025-12-11;22;135
28;2025-12-11;23;21
28;2025-12-12;0;1
28;2025-12-12;1;0
28;2025-12-12;2;0
28;2025-12-12;3;0
28;2025-12-12;4;1
28;2025-12-12;5;72
28;2025-12-12;6;260
28;2025-12-12;7;798
28;2025-12-12;8;1212
28;2025-12-12;9;822
28;2025-12-12;10;626
28;2025-12-12;11;565
28;2025-12-12;12;699
28;2025-12-12;13;723
28;2025-12-12;14;699
28;2025-12-12;15;716
28;2025-12-12;16;975
28;2025-12-12;17;986
28;2025-12-12;18;829
28;2025-12-12;19;608
28;2025-12-12;20;455
28;2025-12-12;21;303
28;2025-12-12;22;140
28;2025-12-12;23;21
28;2025-12-13;0;1
28;2025-12-13;1;0
28;2025-12-13;2;0
28;2025-12-13;3;0
28;2025-12-13;4;1
28;2025-12-13;5;35
28;2025-12-13;6;97
28;2025-12-13;7;219
28;2025-12-13;8;368
28;2025-12-13;9;460
28;2025-12-13;10;488
28;2025-12-13;11;504
28;2025-12-13;12;584
28;2025-12-13;13;602
28;2025-12-13;14;587
28;2025-12-13;15;582
28;2025-12-13;16;577
28;2025-12-13;17;567
28;2025-12-13;18;499
28;2025-12-13;19;394
28;2025-12-13;20;284
28;2025-12-13;21;262
28;2025-12-13;22;114
28;2025-12-13;23;14
28;2025-12-14;0;1
28;2025-12-14;1;0
28;2025-12-14;2;0
28;2025-12-14;3;0
28;2025-12-14;4;1
28;2025-12-14;5;29
28;2025-12-14;6;79
28;2025-12-14;7;144
28;2025-12-14;8;241
28;2025-12-14;9;328
28;2025-12-14;10;369
28;2025-12-14;11;405
28;2025-12-14;12;440
28;2025-12-14;13;525
28;2025-12-14;14;492
28;2025-12-14;15;502
28;2025-12-14;16;467
28;2025-12-14;17;493
28;2025-12-14;18;409
28;2025-12-14;19;361
28;2025-12-14;20;283
28;2025-12-14;21;223
28;2025-12-14;22;105
28;2025-12-14;23;12
28;2025-12-15;0;2
28;2025-12-15;1;0
28;2025-12-15;2;0
28;2025-12-15;3;0
28;2025-12-15;4;2
28;2025-12-15;5;77
28;2025-12-15;6;261
28;2025-12-15;7;803
28;2025-12-15;8;1242
28;2025-12-15;9;852
28;2025-12-15;10;627
28;2025-12-15;11;553
28;2025-12-15;12;668
28;2025-12-15;13;694
28;2025-12-15;14;634
28;2025-12-15;15;670
28;2025-12-15;16;844
28;2025-12-15;17;993
28;2025-12-15;18;978
28;2025-12-15;19;727
28;2025-12-15;20;506
28;2025-12-15;21;309
28;2025-12-15;22;131
28;2025-12-15;23;20
28;2025-12-16;0;3
28;2025-12-16;1;0
28;2025-12-16;2;0
28;2025-12-16;3;0
28;2025-12-16;4;2
28;2025-12-16;5;79
28;2025-12-16;6;268
28;2025-12-16;7;825
28;2025-12-16;8;1276
28;2025-12-16;9;876
28;2025-12-16;10;644
28;2025-12-16;11;568
28;2025-12-16;12;687
28;2025-12-16;13;713
28;2025-12-16;14;651
28;2025-12-16;15;689
28;2025-12-16;16;867
28;2025-12-16;17;1020
28;2025-12-16;18;1005
28;2025-12-16;19;747
28;2025-12-16;20;520
28;2025-12-16;21;317
28;2025-12-16;22;135
28;2025-12-16;23;21
28;2025-12-17;0;3
28;2025-12-17;1;0
28;2025-12-17;2;0
28;2025-12-17;3;0
28;2025-12-17;4;2
28;2025-12-17;5;79
28;2025-12-17;6;268
28;2025-12-17;7;825
28;2025-12-17;8;1276
28;2025-12-17;9;876
28;2025-12-17;10;644
28;2025-12-17;11;568
28;2025-12-17;12;687
28;2025-12-17;13;713
28;2025-12-17;14;651
28;2025-12-17;15;689
28;2025-12-17;16;867
28;2025-12-17;17;1020
28;2025-12-17;18;1005
28;2025-12-17;19;747
28;2025-12-17;20;520
28;2025-12-17;21;317
28;2025-12-17;22;135
28;2025-12-17;23;21
28;2025-12-18;0;3
28;2025-12-18;1;0
28;2025-12-18;2;0
28;2025-12-18;3;0
28;2025-12-18;4;2
28;2025-12-18;5;79
28;2025-12-18;6;268
28;2025-12-18;7;825
28;2025-12-18;8;1276
28;2025-12-18;9;876
28;2025-12-18;10;644
28;2025-12-18;11;568
28;2025-12-18;12;687
28;2025-12-18;13;713
28;2025-12-18;14;651
28;2025-12-18;15;689
28;2025-12-18;16;867
28;2025-12-18;17;1020
28;2025-12-18;18;1005
28;2025-12-18;19;747
28;2025-12-18;20;520
28;2025-12-18;21;317
28;2025-12-18;22;135
28;2025-12-18;23;21
28;2025-12-19;0;1
28;2025-12-19;1;0
28;2025-12-19;2;0
28;2025-12-19;3;0
28;2025-12-19;4;1
28;2025-12-19;5;72
28;2025-12-19;6;260
28;2025-12-19;7;798
28;2025-12-19;8;1212
28;2025-12-19;9;822
28;2025-12-19;10;626
28;2025-12-19;11;565
28;2025-12-19;12;699
28;2025-12-19;13;723
28;2025-12-19;14;699
28;2025-12-19;15;716
28;2025-12-19;16;975
28;2025-12-19;17;986
28;2025-12-19;18;829
28;2025-12-19;19;608
28;2025-12-19;20;455
28;2025-12-19;21;303
28;2025-12-19;22;140
28;2025-12-19;23;21
28;2025-12-20;0;1
28;2025-12-20;1;0
28;2025-12-20;2;0
28;2025-12-20;3;0
28;2025-12-20;4;1
28;2025-12-20;5;35
28;2025-12-20;6;97
28;2025-12-20;7;219
28;2025-12-20;8;368
28;2025-12-20;9;460
28;2025-12-20;10;488
28;2025-12-20;11;504
28;2025-12-20;12;584
28;2025-12-20;13;602
28;2025-12-20;14;587
28;2025-12-20;15;582
28;2025-12-20;16;577
28;2025-12-20;17;567
28;2025-12-20;18;499
28;2025-12-20;19;394
28;2025-12-20;20;284
28;2025-12-20;21;262
28;2025-12-20;22;114
28;2025-12-20;23;14
28;2025-12-21;0;1
28;2025-12-21;1;0
28;2025-12-21;2;0
28;2025-12-21;3;0
28;2025-12-21;4;1
28;2025-12-21;5;29
28;2025-12-21;6;79
28;2025-12-21;7;144
28;2025-12-21;8;241
28;2025-12-21;9;328
28;2025-12-21;10;369
28;2025-12-21;11;405
28;2025-12-21;12;440
28;2025-12-21;13;525
28;2025-12-21;14;492
28;2025-12-21;15;502
28;2025-12-21;16;467
28;2025-12-21;17;493
28;2025-12-21;18;409
28;2025-12-21;19;361
28;2025-12-21;20;283
28;2025-12-21;21;223
28;2025-12-21;22;105
28;2025-12-21;23;12
28;2025-12-22;0;2
28;2025-12-22;1;0
28;2025-12-22;2;0
28;2025-12-22;3;0
28;2025-12-22;4;2
28;2025-12-22;5;77
28;2025-12-22;6;261
28;2025-12-22;7;803
28;2025-12-22;8;1242
28;2025-12-22;9;852
28;2025-12-22;10;627
28;2025-12-22;11;553
28;2025-12-22;12;668
28;2025-12-22;13;694
28;2025-12-22;14;634
28;2025-12-22;15;670
28;2025-12-22;16;844
28;2025-12-22;17;993
28;2025-12-22;18;978
28;2025-12-22;19;727
28;2025-12-22;20;506
28;2025-12-22;21;309
28;2025-12-22;22;131
28;2025-12-22;23;20
28;2025-12-23;0;3
28;2025-12-23;1;0
28;2025-12-23;2;0
28;2025-12-23;3;0
28;2025-12-23;4;2
28;2025-12-23;5;79
28;2025-12-23;6;268
28;2025-12-23;7;825
28;2025-12-23;8;1276
28;2025-12-23;9;876
28;2025-12-23;10;644
28;2025-12-23;11;568
28;2025-12-23;12;687
28;2025-12-23;13;713
28;2025-12-23;14;651
28;2025-12-23;15;689
28;2025-12-23;16;867
28;2025-12-23;17;1020
28;2025-12-23;18;1005
28;2025-12-23;19;747
28;2025-12-23;20;520
28;2025-12-23;21;317
28;2025-12-23;22;135
28;2025-12-23;23;21
28;2025-12-24;0;3
28;2025-12-24;1;0
28;2025-12-24;2;0
28;2025-12-24;3;0
28;2025-12-24;4;2
28;2025-12-24;5;79
28;2025-12-24;6;268
28;2025-12-24;7;825
28;2025-12-24;8;1276
28;2025-12-24;9;876
28;2025-12-24;10;644
28;2025-12-24;11;568
28;2025-12-24;12;687
28;2025-12-24;13;713
28;2025-12-24;14;651
28;2025-12-24;15;689
28;2025-12-24;16;867
28;2025-12-24;17;1020
28;2025-12-24;18;1005
28;2025-12-24;19;747
28;2025-12-24;20;520
28;2025-12-24;21;317
28;2025-12-24;22;135
28;2025-12-24;23;21
28;2025-12-25;0;3
28;2025-12-25;1;0
28;2025-12-25;2;0
28;2025-12-25;3;0
28;2025-12-25;4;2
28;2025-12-25;5;79
28;2025-12-25;6;268
28;2025-12-25;7;825
28;2025-12-25;8;1276
28;2025-12-25;9;876
28;2025-12-25;10;644
28;2025-12-25;11;568
28;2025-12-25;12;687
28;2025-12-25;13;713
28;2025-12-25;14;651
28;2025-12-25;15;689
28;2025-12-25;16;867
28;2025-12-25;17;1020
28;2025-12-25;18;1005
28;2025-12-25;19;747
28;2025-12-25;20;520
28;2025-12-25;21;317
28;2025-12-25;22;135
28;2025-12-25;23;21
28;2025-12-26;0;1
28;2025-12-26;1;0
28;2025-12-26;2;0
28;2025-12-26;3;0
28;2025-12-26;4;1
28;2025-12-26;5;72
28;2025-12-26;6;260
28;2025-12-26;7;798
28;2025-12-26;8;1212
28;2025-12-26;9;822
28;2025-12-26;10;626
28;2025-12-26;11;565
28;2025-12-26;12;699
28;2025-12-26;13;723
28;2025-12-26;14;699
28;2025-12-26;15;716
28;2025-12-26;16;975
28;2025-12-26;17;986
28;2025-12-26;18;829
28;2025-12-26;19;608
28;2025-12-26;20;455
28;2025-12-26;21;303
28;2025-12-26;22;140
28;2025-12-26;23;21
28;2025-12-27;0;1
28;2025-12-27;1;0
28;2025-12-27;2;0
28;2025-12-27;3;0
28;2025-12-27;4;1
28;2025-12-27;5;35
28;2025-12-27;6;97
28;2025-12-27;7;219
28;2025-12-27;8;368
28;2025-12-27;9;460
28;2025-12-27;10;488
28;2025-12-27;11;504
28;2025-12-27;12;584
28;2025-12-27;13;602
28;2025-12-27;14;587
28;2025-12-27;15;582
28;2025-12-27;16;577
28;2025-12-27;17;567
28;2025-12-27;18;499
28;2025-12-27;19;394
28;2025-12-27;20;284
28;2025-12-27;21;262
28;2025-12-27;22;114
28;2025-12-27;23;14
28;2025-12-28;0;1
28;2025-12-28;1;0
28;2025-12-28;2;0
28;2025-12-28;3;0
28;2025-12-28;4;1
28;2025-12-28;5;29
28;2025-12-28;6;79
28;2025-12-28;7;144
28;2025-12-28;8;241
28;2025-12-28;9;328
28;2025-12-28;10;369
28;2025-12-28;11;405
28;2025-12-28;12;440
28;2025-12-28;13;525
28;2025-12-28;14;492
28;2025-12-28;15;502
28;2025-12-28;16;467
28;2025-12-28;17;493
28;2025-12-28;18;409
28;2025-12-28;19;361
28;2025-12-28;20;283
28;2025-12-28;21;223
28;2025-12-28;22;105
28;2025-12-28;23;12
28;2025-12-29;0;2
28;2025-12-29;1;0
28;2025-12-29;2;0
28;2025-12-29;3;0
28;2025-12-29;4;1
28;2025-12-29;5;70
28;2025-12-29;6;234
28;2025-12-29;7;723
28;2025-12-29;8;1117
28;2025-12-29;9;767
28;2025-12-29;10;564
28;2025-12-29;11;498
28;2025-12-29;12;601
28;2025-12-29;13;624
28;2025-12-29;14;571
28;2025-12-29;15;603
28;2025-12-29;16;759
28;2025-12-29;17;893
28;2025-12-29;18;880
28;2025-12-29;19;654
28;2025-12-29;20;456
28;2025-12-29;21;278
28;2025-12-29;22;118
28;2025-12-29;23;18
28;2025-12-30;0;2
28;2025-12-30;1;0
28;2025-12-30;2;0
28;2025-12-30;3;0
28;2025-12-30;4;1
28;2025-12-30;5;68
28;2025-12-30;6;228
28;2025-12-30;7;701
28;2025-12-30;8;1084
28;2025-12-30;9;744
28;2025-12-30;10;547
28;2025-12-30;11;483
28;2025-12-30;12;584
28;2025-12-30;13;606
28;2025-12-30;14;554
28;2025-12-30;15;585
28;2025-12-30;16;737
28;2025-12-30;17;867
28;2025-12-30;18;854
28;2025-12-30;19;635
28;2025-12-30;20;442
28;2025-12-30;21;270
28;2025-12-30;22;115
28;2025-12-30;23;18
28;2025-12-31;0;1
28;2025-12-31;1;0
28;2025-12-31;2;0
28;2025-12-31;3;0
28;2025-12-31;4;1
28;2025-12-31;5;30
28;2025-12-31;6;82
28;2025-12-31;7;186
28;2025-12-31;8;313
28;2025-12-31;9;391
28;2025-12-31;10;415
28;2025-12-31;11;429
28;2025-12-31;12;496
28;2025-12-31;13;511
28;2025-12-31;14;499
28;2025-12-31;15;495
28;2025-12-31;16;490
28;2025-12-31;17;482
28;2025-12-31;18;424
28;2025-12-31;19;335
28;2025-12-31;20;242
28;2025-12-31;21;223
28;2025-12-31;22;97
28;2025-12-31;23;12
50;2025-11-01;0;55
50;2025-11-01;1;6
50;2025-11-01;2;0
50;2025-11-01;3;0
50;2025-11-01;4;3
50;2025-11-01;5;51
50;2025-11-01;6;418
50;2025-11-01;7;1343
50;2025-11-01;8;2109
50;2025-11-01;9;1623
50;2025-11-01;10;1193
50;2025-11-01;11;1238
50;2025-11-01;12;1165
50;2025-11-01;13;1185
50;2025-11-01;14;1130
50;2025-11-01;15;1391
50;2025-11-01;16;1681
50;2025-11-01;17;1682
50;2025-11-01;18;1366
50;2025-11-01;19;950
50;2025-11-01;20;647
50;2025-11-01;21;444
50;2025-11-01;22;231
50;2025-11-01;23;133
50;2025-11-02;0;0
50;2025-11-02;1;0
50;2025-11-02;2;0
50;2025-11-02;3;0
50;2025-11-02;4;0
50;2025-11-02;5;0
50;2025-11-02;6;1
50;2025-11-02;7;1
50;2025-11-02;8;2
50;2025-11-02;9;1
50;2025-11-02;10;4
50;2025-11-02;11;13
50;2025-11-02;12;10
50;2025-11-02;13;12
50;2025-11-02;14;20
50;2025-11-02;15;16
50;2025-11-02;16;19
50;2025-11-02;17;17
50;2025-11-02;18;10
50;2025-11-02;19;11
50;2025-11-02;20;8
50;2025-11-02;21;5
50;2025-11-02;22;6
50;2025-11-02;23;2
50;2025-11-03;0;6
50;2025-11-03;1;1
50;2025-11-03;2;0
50;2025-11-03;3;0
50;2025-11-03;4;0
50;2025-11-03;5;1
50;2025-11-03;6;1
50;2025-11-03;7;2
50;2025-11-03;8;4
50;2025-11-03;9;8
50;2025-11-03;10;4
50;2025-11-03;11;10
50;2025-11-03;12;13
50;2025-11-03;13;11
50;2025-11-03;14;16
50;2025-11-03;15;17
50;2025-11-03;16;15
50;2025-11-03;17;14
50;2025-11-03;18;6
50;2025-11-03;19;7
50;2025-11-03;20;5
50;2025-11-03;21;3
50;2025-11-03;22;4
50;2025-11-03;23;1
50;2025-11-04;0;6
50;2025-11-04;1;1
50;2025-11-04;2;0
50;2025-11-04;3;0
50;2025-11-04;4;0
50;2025-11-04;5;1
50;2025-11-04;6;1
50;2025-11-04;7;2
50;2025-11-04;8;4
50;2025-11-04;9;8
50;2025-11-04;10;4
50;2025-11-04;11;10
50;2025-11-04;12;13
50;2025-11-04;13;11
50;2025-11-04;14;16
50;2025-11-04;15;17
50;2025-11-04;16;15
50;2025-11-04;17;14
50;2025-11-04;18;6
50;2025-11-04;19;7
50;2025-11-04;20;5
50;2025-11-04;21;3
50;2025-11-04;22;4
50;2025-11-04;23;1
50;2025-11-05;0;32
50;2025-11-05;1;3
50;2025-11-05;2;0
50;2025-11-05;3;0
50;2025-11-05;4;3
50;2025-11-05;5;71
50;2025-11-05;6;537
50;2025-11-05;7;1745
50;2025-11-05;8;2759
50;2025-11-05;9;2160
50;2025-11-05;10;1675
50;2025-11-05;11;1562
50;2025-11-05;12;1463
50;2025-11-05;13;1473
50;2025-11-05;14;1424
50;2025-11-05;15;1684
50;2025-11-05;16;1675
50;2025-11-05;17;2428
50;2025-11-05;18;2563
50;2025-11-05;19;1479
50;2025-11-05;20;914
50;2025-11-05;21;628
50;2025-11-05;22;270
50;2025-11-05;23;139
50;2025-11-06;0;32
50;2025-11-06;1;3
50;2025-11-06;2;0
50;2025-11-06;3;0
50;2025-11-06;4;3
50;2025-11-06;5;71
50;2025-11-06;6;537
50;2025-11-06;7;1745
50;2025-11-06;8;2759
50;2025-11-06;9;2160
50;2025-11-06;10;1675
50;2025-11-06;11;1562
50;2025-11-06;12;1463
50;2025-11-06;13;1473
50;2025-11-06;14;1424
50;2025-11-06;15;1684
50;2025-11-06;16;1675
50;2025-11-06;17;2428
50;2025-11-06;18;2563
50;2025-11-06;19;1479
50;2025-11-06;20;914
50;2025-11-06;21;628
50;2025-11-06;22;270
50;2025-11-06;23;139
50;2025-11-07;0;40
50;2025-11-07;1;3
50;2025-11-07;2;0
50;2025-11-07;3;0
50;2025-11-07;4;3
50;2025-11-07;5;65
50;2025-11-07;6;538
50;2025-11-07;7;1730
50;2025-11-07;8;2718
50;2025-11-07;9;2091
50;2025-11-07;10;1536
50;2025-11-07;11;1595
50;2025-11-07;12;1501
50;2025-11-07;13;1527
50;2025-11-07;14;1456
50;2025-11-07;15;1791
50;2025-11-07;16;2165
50;2025-11-07;17;2167
50;2025-11-07;18;1760
50;2025-11-07;19;1224
50;2025-11-07;20;834
50;2025-11-07;21;572
50;2025-11-07;22;297
50;2025-11-07;23;172
50;2025-11-08;0;19
50;2025-11-08;1;2
50;2025-11-08;2;0
50;2025-11-08;3;1
50;2025-11-08;4;0
50;2025-11-08;5;3
50;2025-11-08;6;4
50;2025-11-08;7;6
50;2025-11-08;8;13
50;2025-11-08;9;25
50;2025-11-08;10;9
50;2025-11-08;11;15
50;2025-11-08;12;28
50;2025-11-08;13;19
50;2025-11-08;14;23
50;2025-11-08;15;33
50;2025-11-08;16;21
50;2025-11-08;17;21
50;2025-11-08;18;5
50;2025-11-08;19;5
50;2025-11-08;20;3
50;2025-11-08;21;3
50;2025-11-08;22;3
50;2025-11-08;23;1
50;2025-11-09;0;0
50;2025-11-09;1;0
50;2025-11-09;2;0
50;2025-11-09;3;0
50;2025-11-09;4;0
50;2025-11-09;5;0
50;2025-11-09;6;1
50;2025-11-09;7;1
50;2025-11-09;8;2
50;2025-11-09;9;1
50;2025-11-09;10;4
50;2025-11-09;11;13
50;2025-11-09;12;10
50;2025-11-09;13;12
50;2025-11-09;14;20
50;2025-11-09;15;16
50;2025-11-09;16;19
50;2025-11-09;17;17
50;2025-11-09;18;10
50;2025-11-09;19;11
50;2025-11-09;20;8
50;2025-11-09;21;5
50;2025-11-09;22;6
50;2025-11-09;23;2
50;2025-11-10;0;31
50;2025-11-10;1;3
50;2025-11-10;2;0
50;2025-11-10;3;0
50;2025-11-10;4;3
50;2025-11-10;5;69
50;2025-11-10;6;523
50;2025-11-10;7;1698
50;2025-11-10;8;2685
50;2025-11-10;9;2102
50;2025-11-10;10;1630
50;2025-11-10;11;1520
50;2025-11-10;12;1424
50;2025-11-10;13;1434
50;2025-11-10;14;1386
50;2025-11-10;15;1638
50;2025-11-10;16;1630
50;2025-11-10;17;2362
50;2025-11-10;18;2494
50;2025-11-10;19;1439
50;2025-11-10;20;890
50;2025-11-10;21;611
50;2025-11-10;22;263
50;2025-11-10;23;135
50;2025-11-11;0;32
50;2025-11-11;1;3
50;2025-11-11;2;0
50;2025-11-11;3;0
50;2025-11-11;4;3
50;2025-11-11;5;71
50;2025-11-11;6;537
50;2025-11-11;7;1745
50;2025-11-11;8;2759
50;2025-11-11;9;2160
50;2025-11-11;10;1675
50;2025-11-11;11;1562
50;2025-11-11;12;1463
50;2025-11-11;13;1473
50;2025-11-11;14;1424
50;2025-11-11;15;1684
50;2025-11-11;16;1675
50;2025-11-11;17;2428
50;2025-11-11;18;2563
50;2025-11-11;19;1479
50;2025-11-11;20;914
50;2025-11-11;21;628
50;2025-11-11;22;270
50;2025-11-11;23;139
50;2025-11-12;0;32
50;2025-11-12;1;3
50;2025-11-12;2;0
50;2025-11-12;3;0
50;2025-11-12;4;3
50;2025-11-12;5;71
50;2025-11-12;6;537
50;2025-11-12;7;1745
50;2025-11-12;8;2759
50;2025-11-12;9;2160
50;2025-11-12;10;1675
50;2025-11-12;11;1562
50;2025-11-12;12;1463
50;2025-11-12;13;1473
50;2025-11-12;14;1424
50;2025-11-12;15;1684
50;2025-11-12;16;1675
50;2025-11-12;17;2428
50;2025-11-12;18;2563
50;2025-11-12;19;1479
50;2025-11-12;20;914
50;2025-11-12;21;628
50;2025-11-12;22;270
50;2025-11-12;23;139
50;2025-11-13;0;32
50;2025-11-13;1;3
50;2025-11-13;2;0
50;2025-11-13;3;0
50;2025-11-13;4;3
50;2025-11-13;5;71
50;2025-11-13;6;537
50;2025-11-13;7;1745
50;2025-11-13;8;2759
50;2025-11-13;9;2160
50;2025-11-13;10;1675
50;2025-11-13;11;1562
50;2025-11-13;12;1463
50;2025-11-13;13;1473
50;2025-11-13;14;1424
50;2025-11-13;15;1684
50;2025-11-13;16;1675
50;2025-11-13;17;2428
50;2025-11-13;18;2563
50;2025-11-13;19;1479
50;2025-11-13;20;914
50;2025-11-13;21;628
50;2025-11-13;22;270
50;2025-11-13;23;139
50;2025-11-14;0;40
50;2025-11-14;1;3
50;2025-11-14;2;0
50;2025-11-14;3;0
50;2025-11-14;4;3
50;2025-11-14;5;65
50;2025-11-14;6;538
50;2025-11-14;7;1730
50;2025-11-14;8;2718
50;2025-11-14;9;2091
50;2025-11-14;10;1536
50;2025-11-14;11;1595
50;2025-11-14;12;1501
50;2025-11-14;13;1527
50;2025-11-14;14;1456
50;2025-11-14;15;1791
50;2025-11-14;16;2165
50;2025-11-14;17;2167
50;2025-11-14;18;1760
50;2025-11-14;19;1224
50;2025-11-14;20;834
50;2025-11-14;21;572
50;2025-11-14;22;297
50;2025-11-14;23;172
50;2025-11-15;0;19
50;2025-11-15;1;2
50;2025-11-15;2;0
50;2025-11-15;3;1
50;2025-11-15;4;0
50;2025-11-15;5;3
50;2025-11-15;6;4
50;2025-11-15;7;6
50;2025-11-15;8;13
50;2025-11-15;9;25
50;2025-11-15;10;9
50;2025-11-15;11;15
50;2025-11-15;12;28
50;2025-11-15;13;19
50;2025-11-15;14;23
50;2025-11-15;15;33
50;2025-11-15;16;21
50;2025-11-15;17;21
50;2025-11-15;18;5
50;2025-11-15;19;5
50;2025-11-15;20;3
50;2025-11-15;21;3
50;2025-11-15;22;3
50;2025-11-15;23;1
50;2025-11-16;0;0
50;2025-11-16;1;0
50;2025-11-16;2;0
50;2025-11-16;3;0
50;2025-11-16;4;0
50;2025-11-16;5;0
50;2025-11-16;6;1
50;2025-11-16;7;1
50;2025-11-16;8;2
50;2025-11-16;9;1
50;2025-11-16;10;4
50;2025-11-16;11;13
50;2025-11-16;12;10
50;2025-11-16;13;12
50;2025-11-16;14;20
50;2025-11-16;15;16
50;2025-11-16;16;19
50;2025-11-16;17;17
50;2025-11-16;18;10
50;2025-11-16;19;11
50;2025-11-16;20;8
50;2025-11-16;21;5
50;2025-11-16;22;6
50;2025-11-16;23;2
50;2025-11-17;0;31
50;2025-11-17;1;3
50;2025-11-17;2;0
50;2025-11-17;3;0
50;2025-11-17;4;3
50;2025-11-17;5;69
50;2025-11-17;6;523
50;2025-11-17;7;1698
50;2025-11-17;8;2685
50;2025-11-17;9;2102
50;2025-11-17;10;1630
50;2025-11-17;11;1520
50;2025-11-17;12;1424
50;2025-11-17;13;1434
50;2025-11-17;14;1386
50;2025-11-17;15;1638
50;2025-11-17;16;1630
50;2025-11-17;17;2362
50;2025-11-17;18;2494
50;2025-11-17;19;1439
50;2025-11-17;20;890
50;2025-11-17;21;611
50;2025-11-17;22;263
50;2025-11-17;23;135
50;2025-11-18;0;32
50;2025-11-18;1;3
50;2025-11-18;2;0
50;2025-11-18;3;0
50;2025-11-18;4;3
50;2025-11-18;5;71
50;2025-11-18;6;537
50;2025-11-18;7;1745
50;2025-11-18;8;2759
50;2025-11-18;9;2160
50;2025-11-18;10;1675
50;2025-11-18;11;1562
50;2025-11-18;12;1463
50;2025-11-18;13;1473
50;2025-11-18;14;1424
50;2025-11-18;15;1684
50;2025-11-18;16;1675
50;2025-11-18;17;2428
50;2025-11-18;18;2563
50;2025-11-18;19;1479
50;2025-11-18;20;914
50;2025-11-18;21;628
50;2025-11-18;22;270
50;2025-11-18;23;139
50;2025-11-19;0;32
50;2025-11-19;1;3
50;2025-11-19;2;0
50;2025-11-19;3;0
50;2025-11-19;4;3
50;2025-11-19;5;71
50;2025-11-19;6;537
50;2025-11-19;7;1745
50;2025-11-19;8;2759
50;2025-11-19;9;2160
50;2025-11-19;10;1675
50;2025-11-19;11;1562
50;2025-11-19;12;1463
50;2025-11-19;13;1473
50;2025-11-19;14;1424
50;2025-11-19;15;1684
50;2025-11-19;16;1675
50;2025-11-19;17;2428
50;2025-11-19;18;2563
50;2025-11-19;19;1479
50;2025-11-19;20;914
50;2025-11-19;21;628
50;2025-11-19;22;270
50;2025-11-19;23;139
50;2025-11-20;0;32
50;2025-11-20;1;3
50;2025-11-20;2;0
50;2025-11-20;3;0
50;2025-11-20;4;3
50;2025-11-20;5;71
50;2025-11-20;6;537
50;2025-11-20;7;1745
50;2025-11-20;8;2759
50;2025-11-20;9;2160
50;2025-11-20;10;1675
50;2025-11-20;11;1562
50;2025-11-20;12;1463
50;2025-11-20;13;1473
50;2025-11-20;14;1424
50;2025-11-20;15;1684
50;2025-11-20;16;1675
50;2025-11-20;17;2428
50;2025-11-20;18;2563
50;2025-11-20;19;1479
50;2025-11-20;20;914
50;2025-11-20;21;628
50;2025-11-20;22;270
50;2025-11-20;23;139
50;2025-11-21;0;40
50;2025-11-21;1;3
50;2025-11-21;2;0
50;2025-11-21;3;0
50;2025-11-21;4;3
50;2025-11-21;5;65
50;2025-11-21;6;538
50;2025-11-21;7;1730
50;2025-11-21;8;2718
50;2025-11-21;9;2091
50;2025-11-21;10;1536
50;2025-11-21;11;1595
50;2025-11-21;12;1501
50;2025-11-21;13;1527
50;2025-11-21;14;1456
50;2025-11-21;15;1791
50;2025-11-21;16;2165
50;2025-11-21;17;2167
50;2025-11-21;18;1760
50;2025-11-21;19;1224
50;2025-11-21;20;834
50;2025-11-21;21;572
50;2025-11-21;22;297
50;2025-11-21;23;172
50;2025-11-22;0;19
50;2025-11-22;1;2
50;2025-11-22;2;0
50;2025-11-22;3;1
50;2025-11-22;4;0
50;2025-11-22;5;3
50;2025-11-22;6;4
50;2025-11-22;7;6
50;2025-11-22;8;13
50;2025-11-22;9;25
50;2025-11-22;10;9
50;2025-11-22;11;15
50;2025-11-22;12;28
50;2025-11-22;13;19
50;2025-11-22;14;23
50;2025-11-22;15;33
50;2025-11-22;16;21
50;2025-11-22;17;21
50;2025-11-22;18;5
50;2025-11-22;19;5
50;2025-11-22;20;3
50;2025-11-22;21;3
50;2025-11-22;22;3
50;2025-11-22;23;1
50;2025-11-23;0;0
50;2025-11-23;1;0
50;2025-11-23;2;0
50;2025-11-23;3;0
50;2025-11-23;4;0
50;2025-11-23;5;0
50;2025-11-23;6;1
50;2025-11-23;7;1
50;2025-11-23;8;2
50;2025-11-23;9;1
50;2025-11-23;10;4
50;2025-11-23;11;13
50;2025-11-23;12;10
50;2025-11-23;13;12
50;2025-11-23;14;20
50;2025-11-23;15;16
50;2025-11-23;16;19
50;2025-11-23;17;17
50;2025-11-23;18;10
50;2025-11-23;19;11
50;2025-11-23;20;8
50;2025-11-23;21;5
50;2025-11-23;22;6
50;2025-11-23;23;2
50;2025-11-24;0;31
50;2025-11-24;1;3
50;2025-11-24;2;0
50;2025-11-24;3;0
50;2025-11-24;4;3
50;2025-11-24;5;69
50;2025-11-24;6;523
50;2025-11-24;7;1698
50;2025-11-24;8;2685
50;2025-11-24;9;2102
50;2025-11-24;10;1630
50;2025-11-24;11;1520
50;2025-11-24;12;1424
50;2025-11-24;13;1434
50;2025-11-24;14;1386
50;2025-11-24;15;1638
50;2025-11-24;16;1630
50;2025-11-24;17;2362
50;2025-11-24;18;2494
50;2025-11-24;19;1439
50;2025-11-24;20;890
50;2025-11-24;21;611
50;2025-11-24;22;263
50;2025-11-24;23;135
50;2025-11-25;0;32
50;2025-11-25;1;3
50;2025-11-25;2;0
50;2025-11-25;3;0
50;2025-11-25;4;3
50;2025-11-25;5;71
50;2025-11-25;6;537
50;2025-11-25;7;1745
50;2025-11-25;8;2759
50;2025-11-25;9;2160
50;2025-11-25;10;1675
50;2025-11-25;11;1562
50;2025-11-25;12;1463
50;2025-11-25;13;1473
50;2025-11-25;14;1424
50;2025-11-25;15;1684
50;2025-11-25;16;1675
50;2025-11-25;17;2428
50;2025-11-25;18;2563
50;2025-11-25;19;1479
50;2025-11-25;20;914
50;2025-11-25;21;628
50;2025-11-25;22;270
50;2025-11-25;23;139
50;2025-11-26;0;32
50;2025-11-26;1;3
50;2025-11-26;2;0
50;2025-11-26;3;0
50;2025-11-26;4;3
50;2025-11-26;5;71
50;2025-11-26;6;537
50;2025-11-26;7;1745
50;2025-11-26;8;2759
50;2025-11-26;9;2160
50;2025-11-26;10;1675
50;2025-11-26;11;1562
50;2025-11-26;12;1463
50;2025-11-26;13;1473
50;2025-11-26;14;1424
50;2025-11-26;15;1684
50;2025-11-26;16;1675
50;2025-11-26;17;2428
50;2025-11-26;18;2563
50;2025-11-26;19;1479
50;2025-11-26;20;914
50;2025-11-26;21;628
50;2025-11-26;22;270
50;2025-11-26;23;139
50;2025-11-27;0;32
50;2025-11-27;1;3
50;2025-11-27;2;0
50;2025-11-27;3;0
50;2025-11-27;4;3
50;2025-11-27;5;71
50;2025-11-27;6;537
50;2025-11-27;7;1745
50;2025-11-27;8;2759
50;2025-11-27;9;2160
50;2025-11-27;10;1675
50;2025-11-27;11;1562
50;2025-11-27;12;1463
50;2025-11-27;13;1473
50;2025-11-27;14;1424
50;2025-11-27;15;1684
50;2025-11-27;16;1675
50;2025-11-27;17;2428
50;2025-11-27;18;2563
50;2025-11-27;19;1479
50;2025-11-27;20;914
50;2025-11-27;21;628
50;2025-11-27;22;270
50;2025-11-27;23;139
50;2025-11-28;0;40
50;2025-11-28;1;3
50;2025-11-28;2;0
50;2025-11-28;3;0
50;2025-11-28;4;3
50;2025-11-28;5;65
50;2025-11-28;6;538
50;2025-11-28;7;1730
50;2025-11-28;8;2718
50;2025-11-28;9;2091
50;2025-11-28;10;1536
50;2025-11-28;11;1595
50;2025-11-28;12;1501
50;2025-11-28;13;1527
50;2025-11-28;14;1456
50;2025-11-28;15;1791
50;2025-11-28;16;2165
50;2025-11-28;17;2167
50;2025-11-28;18;1760
50;2025-11-28;19;1224
50;2025-11-28;20;834
50;2025-11-28;21;572
50;2025-11-28;22;297
50;2025-11-28;23;172
50;2025-11-29;0;19
50;2025-11-29;1;2
50;2025-11-29;2;0
50;2025-11-29;3;1
50;2025-11-29;4;0
50;2025-11-29;5;3
50;2025-11-29;6;4
50;2025-11-29;7;6
50;2025-11-29;8;13
50;2025-11-29;9;25
50;2025-11-29;10;9
50;2025-11-29;11;15
50;2025-11-29;12;28
50;2025-11-29;13;19
50;2025-11-29;14;23
50;2025-11-29;15;33
50;2025-11-29;16;21
50;2025-11-29;17;21
50;2025-11-29;18;5
50;2025-11-29;19;5
50;2025-11-29;20;3
50;2025-11-29;21;3
50;2025-11-29;22;3
50;2025-11-29;23;1
50;2025-11-30;0;0
50;2025-11-30;1;0
50;2025-11-30;2;0
50;2025-11-30;3;0
50;2025-11-30;4;0
50;2025-11-30;5;0
50;2025-11-30;6;1
50;2025-11-30;7;1
50;2025-11-30;8;2
50;2025-11-30;9;1
50;2025-11-30;10;4
50;2025-11-30;11;13
50;2025-11-30;12;10
50;2025-11-30;13;12
50;2025-11-30;14;20
50;2025-11-30;15;16
50;2025-11-30;16;19
50;2025-11-30;17;17
50;2025-11-30;18;10
50;2025-11-30;19;11
50;2025-11-30;20;8
50;2025-11-30;21;5
50;2025-11-30;22;6
50;2025-11-30;23;2
50;2025-12-01;0;32
50;2025-12-01;1;3
50;2025-12-01;2;0
50;2025-12-01;3;0
50;2025-12-01;4;3
50;2025-12-01;5;68
50;2025-12-01;6;525
50;2025-12-01;7;1706
50;2025-12-01;8;2673
50;2025-12-01;9;2090
50;2025-12-01;10;1620
50;2025-12-01;11;1528
50;2025-12-01;12;1429
50;2025-12-01;13;1426
50;2025-12-01;14;1383
50;2025-12-01;15;1642
50;2025-12-01;16;1629
50;2025-12-01;17;2363
50;2025-12-01;18;2508
50;2025-12-01;19;1452
50;2025-12-01;20;883
50;2025-12-01;21;608
50;2025-12-01;22;267
50;2025-12-01;23;134
50;2025-12-02;0;33
50;2025-12-02;1;4
50;2025-12-02;2;0
50;2025-12-02;3;0
50;2025-12-02;4;3
50;2025-12-02;5;70
50;2025-12-02;6;540
50;2025-12-02;7;1753
50;2025-12-02;8;2747
50;2025-12-02;9;2147
50;2025-12-02;10;1665
50;2025-12-02;11;1570
50;2025-12-02;12;1468
50;2025-12-02;13;1465
50;2025-12-02;14;1421
50;2025-12-02;15;1687
50;2025-12-02;16;1674
50;2025-12-02;17;2428
50;2025-12-02;18;2577
50;2025-12-02;19;1492
50;2025-12-02;20;908
50;2025-12-02;21;625
50;2025-12-02;22;275
50;2025-12-02;23;137
50;2025-12-03;0;33
50;2025-12-03;1;4
50;2025-12-03;2;0
50;2025-12-03;3;0
50;2025-12-03;4;3
50;2025-12-03;5;70
50;2025-12-03;6;540
50;2025-12-03;7;1753
50;2025-12-03;8;2747
50;2025-12-03;9;2147
50;2025-12-03;10;1665
50;2025-12-03;11;1570
50;2025-12-03;12;1468
50;2025-12-03;13;1465
50;2025-12-03;14;1421
50;2025-12-03;15;1687
50;2025-12-03;16;1674
50;2025-12-03;17;2428
50;2025-12-03;18;2577
50;2025-12-03;19;1492
50;2025-12-03;20;908
50;2025-12-03;21;625
50;2025-12-03;22;275
50;2025-12-03;23;137
50;2025-12-04;0;33
50;2025-12-04;1;4
50;2025-12-04;2;0
50;2025-12-04;3;0
50;2025-12-04;4;3
50;2025-12-04;5;70
50;2025-12-04;6;540
50;2025-12-04;7;1753
50;2025-12-04;8;2747
50;2025-12-04;9;2147
50;2025-12-04;10;1665
50;2025-12-04;11;1570
50;2025-12-04;12;1468
50;2025-12-04;13;1465
50;2025-12-04;14;1421
50;2025-12-04;15;1687
50;2025-12-04;16;1674
50;2025-12-04;17;2428
50;2025-12-04;18;2577
50;2025-12-04;19;1492
50;2025-12-04;20;908
50;2025-12-04;21;625
50;2025-12-04;22;275
50;2025-12-04;23;137
50;2025-12-05;0;40
50;2025-12-05;1;3
50;2025-12-05;2;0
50;2025-12-05;3;0
50;2025-12-05;4;3
50;2025-12-05;5;64
50;2025-12-05;6;542
50;2025-12-05;7;1721
50;2025-12-05;8;2699
50;2025-12-05;9;2072
50;2025-12-05;10;1539
50;2025-12-05;11;1608
50;2025-12-05;12;1517
50;2025-12-05;13;1524
50;2025-12-05;14;1453
50;2025-12-05;15;1799
50;2025-12-05;16;2139
50;2025-12-05;17;2165
50;2025-12-05;18;1789
50;2025-12-05;19;1228
50;2025-12-05;20;827
50;2025-12-05;21;576
50;2025-12-05;22;302
50;2025-12-05;23;173
50;2025-12-06;0;64
50;2025-12-06;1;4
50;2025-12-06;2;0
50;2025-12-06;3;0
50;2025-12-06;4;1
50;2025-12-06;5;29
50;2025-12-06;6;164
50;2025-12-06;7;389
50;2025-12-06;8;604
50;2025-12-06;9;650
50;2025-12-06;10;623
50;2025-12-06;11;817
50;2025-12-06;12;837
50;2025-12-06;13;882
50;2025-12-06;14;896
50;2025-12-06;15;855
50;2025-12-06;16;822
50;2025-12-06;17;813
50;2025-12-06;18;711
50;2025-12-06;19;609
50;2025-12-06;20;448
50;2025-12-06;21;367
50;2025-12-06;22;237
50;2025-12-06;23;138
50;2025-12-07;0;50
50;2025-12-07;1;6
50;2025-12-07;2;0
50;2025-12-07;3;0
50;2025-12-07;4;1
50;2025-12-07;5;24
50;2025-12-07;6;113
50;2025-12-07;7;215
50;2025-12-07;8;326
50;2025-12-07;9;422
50;2025-12-07;10;474
50;2025-12-07;11;598
50;2025-12-07;12;700
50;2025-12-07;13;759
50;2025-12-07;14;806
50;2025-12-07;15;701
50;2025-12-07;16;745
50;2025-12-07;17;709
50;2025-12-07;18;639
50;2025-12-07;19;538
50;2025-12-07;20;438
50;2025-12-07;21;337
50;2025-12-07;22;219
50;2025-12-07;23;103
50;2025-12-08;0;32
50;2025-12-08;1;3
50;2025-12-08;2;0
50;2025-12-08;3;0
50;2025-12-08;4;3
50;2025-12-08;5;68
50;2025-12-08;6;525
50;2025-12-08;7;1706
50;2025-12-08;8;2673
50;2025-12-08;9;2090
50;2025-12-08;10;1620
50;2025-12-08;11;1528
50;2025-12-08;12;1429
50;2025-12-08;13;1426
50;2025-12-08;14;1383
50;2025-12-08;15;1642
50;2025-12-08;16;1629
50;2025-12-08;17;2363
50;2025-12-08;18;2508
50;2025-12-08;19;1452
50;2025-12-08;20;883
50;2025-12-08;21;608
50;2025-12-08;22;267
50;2025-12-08;23;134
50;2025-12-09;0;33
50;2025-12-09;1;4
50;2025-12-09;2;0
50;2025-12-09;3;0
50;2025-12-09;4;3
50;2025-12-09;5;70
50;2025-12-09;6;540
50;2025-12-09;7;1753
50;2025-12-09;8;2747
50;2025-12-09;9;2147
50;2025-12-09;10;1665
50;2025-12-09;11;1570
50;2025-12-09;12;1468
50;2025-12-09;13;1465
50;2025-12-09;14;1421
50;2025-12-09;15;1687
50;2025-12-09;16;1674
50;2025-12-09;17;2428
50;2025-12-09;18;2577
50;2025-12-09;19;1492
50;2025-12-09;20;908
50;2025-12-09;21;625
50;2025-12-09;22;275
50;2025-12-09;23;137
50;2025-12-10;0;33
50;2025-12-10;1;4
50;2025-12-10;2;0
50;2025-12-10;3;0
50;2025-12-10;4;3
50;2025-12-10;5;70
50;2025-12-10;6;540
50;2025-12-10;7;1753
50;2025-12-10;8;2747
50;2025-12-10;9;2147
50;2025-12-10;10;1665
50;2025-12-10;11;1570
50;2025-12-10;12;1468
50;2025-12-10;13;1465
50;2025-12-10;14;1421
50;2025-12-10;15;1687
50;2025-12-10;16;1674
50;2025-12-10;17;2428
50;2025-12-10;18;2577
50;2025-12-10;19;1492
50;2025-12-10;20;908
50;2025-12-10;21;625
50;2025-12-10;22;275
50;2025-12-10;23;137
50;2025-12-11;0;33
50;2025-12-11;1;4
50;2025-12-11;2;0
50;2025-12-11;3;0
50;2025-12-11;4;3
50;2025-12-11;5;70
50;2025-12-11;6;540
50;2025-12-11;7;1753
50;2025-12-11;8;2747
50;2025-12-11;9;2147
50;2025-12-11;10;1665
50;2025-12-11;11;1570
50;2025-12-11;12;1468
50;2025-12-11;13;1465
50;2025-12-11;14;1421
50;2025-12-11;15;1687
50;2025-12-11;16;1674
50;2025-12-11;17;2428
50;2025-12-11;18;2577
50;2025-12-11;19;1492
50;2025-12-11;20;908
50;2025-12-11;21;625
50;2025-12-11;22;275
50;2025-12-11;23;137
50;2025-12-12;0;40
50;2025-12-12;1;3
50;2025-12-12;2;0
50;2025-12-12;3;0
50;2025-12-12;4;3
50;2025-12-12;5;64
50;2025-12-12;6;542
50;2025-12-12;7;1721
50;2025-12-12;8;2699
50;2025-12-12;9;2072
50;2025-12-12;10;1539
50;2025-12-12;11;1608
50;2025-12-12;12;1517
50;2025-12-12;13;1524
50;2025-12-12;14;1453
50;2025-12-12;15;1799
50;2025-12-12;16;2139
50;2025-12-12;17;2165
50;2025-12-12;18;1789
50;2025-12-12;19;1228
50;2025-12-12;20;827
50;2025-12-12;21;576
50;2025-12-12;22;302
50;2025-12-12;23;173
50;2025-12-13;0;64
50;2025-12-13;1;4
50;2025-12-13;2;0
50;2025-12-13;3;0
50;2025-12-13;4;1
50;2025-12-13;5;29
50;2025-12-13;6;164
50;2025-12-13;7;389
50;2025-12-13;8;604
50;2025-12-13;9;650
50;2025-12-13;10;623
50;2025-12-13;11;817
50;2025-12-13;12;837
50;2025-12-13;13;882
50;2025-12-13;14;896
50;2025-12-13;15;855
50;2025-12-13;16;822
50;2025-12-13;17;813
50;2025-12-13;18;711
50;2025-12-13;19;609
50;2025-12-13;20;448
50;2025-12-13;21;367
50;2025-12-13;22;237
50;2025-12-13;23;138
50;2025-12-14;0;50
50;2025-12-14;1;6
50;2025-12-14;2;0
50;2025-12-14;3;0
50;2025-12-14;4;1
50;2025-12-14;5;24
50;2025-12-14;6;113
50;2025-12-14;7;215
50;2025-12-14;8;326
50;2025-12-14;9;422
50;2025-12-14;10;474
50;2025-12-14;11;598
50;2025-12-14;12;700
50;2025-12-14;13;759
50;2025-12-14;14;806
50;2025-12-14;15;701
50;2025-12-14;16;745
50;2025-12-14;17;709
50;2025-12-14;18;639
50;2025-12-14;19;538
50;2025-12-14;20;438
50;2025-12-14;21;337
50;2025-12-14;22;219
50;2025-12-14;23;103
50;2025-12-15;0;32
50;2025-12-15;1;3
50;2025-12-15;2;0
50;2025-12-15;3;0
50;2025-12-15;4;3
50;2025-12-15;5;68
50;2025-12-15;6;525
50;2025-12-15;7;1706
50;2025-12-15;8;2673
50;2025-12-15;9;2090
50;2025-12-15;10;1620
50;2025-12-15;11;1528
50;2025-12-15;12;1429
50;2025-12-15;13;1426
50;2025-12-15;14;1383
50;2025-12-15;15;1642
50;2025-12-15;16;1629
50;2025-12-15;17;2363
50;2025-12-15;18;2508
50;2025-12-15;19;1452
50;2025-12-15;20;883
50;2025-12-15;21;608
50;2025-12-15;22;267
50;2025-12-15;23;134
50;2025-12-16;0;33
50;2025-12-16;1;4
50;2025-12-16;2;0
50;2025-12-16;3;0
50;2025-12-16;4;3
50;2025-12-16;5;70
50;2025-12-16;6;540
50;2025-12-16;7;1753
50;2025-12-16;8;2747
50;2025-12-16;9;2147
50;2025-12-16;10;1665
50;2025-12-16;11;1570
50;2025-12-16;12;1468
50;2025-12-16;13;1465
50;2025-12-16;14;1421
50;2025-12-16;15;1687
50;2025-12-16;16;1674
50;2025-12-16;17;2428
50;2025-12-16;18;2577
50;2025-12-16;19;1492
50;2025-12-16;20;908
50;2025-12-16;21;625
50;2025-12-16;22;275
50;2025-12-16;23;137
50;2025-12-17;0;33
50;2025-12-17;1;4
50;2025-12-17;2;0
50;2025-12-17;3;0
50;2025-12-17;4;3
50;2025-12-17;5;70
50;2025-12-17;6;540
50;2025-12-17;7;1753
50;2025-12-17;8;2747
50;2025-12-17;9;2147
50;2025-12-17;10;1665
50;2025-12-17;11;1570
50;2025-12-17;12;1468
50;2025-12-17;13;1465
50;2025-12-17;14;1421
50;2025-12-17;15;1687
50;2025-12-17;16;1674
50;2025-12-17;17;2428
50;2025-12-17;18;2577
50;2025-12-17;19;1492
50;2025-12-17;20;908
50;2025-12-17;21;625
50;2025-12-17;22;275
50;2025-12-17;23;137
50;2025-12-18;0;33
50;2025-12-18;1;4
50;2025-12-18;2;0
50;2025-12-18;3;0
50;2025-12-18;4;3
50;2025-12-18;5;70
50;2025-12-18;6;540
50;2025-12-18;7;1753
50;2025-12-18;8;2747
50;2025-12-18;9;2147
50;2025-12-18;10;1665
50;2025-12-18;11;1570
50;2025-12-18;12;1468
50;2025-12-18;13;1465
50;2025-12-18;14;1421
50;2025-12-18;15;1687
50;2025-12-18;16;1674
50;2025-12-18;17;2428
50;2025-12-18;18;2577
50;2025-12-18;19;1492
50;2025-12-18;20;908
50;2025-12-18;21;625
50;2025-12-18;22;275
50;2025-12-18;23;137
50;2025-12-19;0;40
50;2025-12-19;1;3
50;2025-12-19;2;0
50;2025-12-19;3;0
50;2025-12-19;4;3
50;2025-12-19;5;64
50;2025-12-19;6;542
50;2025-12-19;7;1721
50;2025-12-19;8;2699
50;2025-12-19;9;2072
50;2025-12-19;10;1539
50;2025-12-19;11;1608
50;2025-12-19;12;1517
50;2025-12-19;13;1524
50;2025-12-19;14;1453
50;2025-12-19;15;1799
50;2025-12-19;16;2139
50;2025-12-19;17;2165
50;2025-12-19;18;1789
50;2025-12-19;19;1228
50;2025-12-19;20;827
50;2025-12-19;21;576
50;2025-12-19;22;302
50;2025-12-19;23;173
50;2025-12-20;0;64
50;2025-12-20;1;4
50;2025-12-20;2;0
50;2025-12-20;3;0
50;2025-12-20;4;1
50;2025-12-20;5;29
50;2025-12-20;6;164
50;2025-12-20;7;389
50;2025-12-20;8;604
50;2025-12-20;9;650
50;2025-12-20;10;623
50;2025-12-20;11;817
50;2025-12-20;12;837
50;2025-12-20;13;882
50;2025-12-20;14;896
50;2025-12-20;15;855
50;2025-12-20;16;822
50;2025-12-20;17;813
50;2025-12-20;18;711
50;2025-12-20;19;609
50;2025-12-20;20;448
50;2025-12-20;21;367
50;2025-12-20;22;237
50;2025-12-20;23;138
50;2025-12-21;0;50
50;2025-12-21;1;6
50;2025-12-21;2;0
50;2025-12-21;3;0
50;2025-12-21;4;1
50;2025-12-21;5;24
50;2025-12-21;6;113
50;2025-12-21;7;215
50;2025-12-21;8;326
50;2025-12-21;9;422
50;2025-12-21;10;474
50;2025-12-21;11;598
50;2025-12-21;12;700
50;2025-12-21;13;759
50;2025-12-21;14;806
50;2025-12-21;15;701
50;2025-12-21;16;745
50;2025-12-21;17;709
50;2025-12-21;18;639
50;2025-12-21;19;538
50;2025-12-21;20;438
50;2025-12-21;21;337
50;2025-12-21;22;219
50;2025-12-21;23;103
50;2025-12-22;0;32
50;2025-12-22;1;3
50;2025-12-22;2;0
50;2025-12-22;3;0
50;2025-12-22;4;3
50;2025-12-22;5;68
50;2025-12-22;6;525
50;2025-12-22;7;1706
50;2025-12-22;8;2673
50;2025-12-22;9;2090
50;2025-12-22;10;1620
50;2025-12-22;11;1528
50;2025-12-22;12;1429
50;2025-12-22;13;1426
50;2025-12-22;14;1383
50;2025-12-22;15;1642
50;2025-12-22;16;1629
50;2025-12-22;17;2363
50;2025-12-22;18;2508
50;2025-12-22;19;1452
50;2025-12-22;20;883
50;2025-12-22;21;608
50;2025-12-22;22;267
50;2025-12-22;23;134
50;2025-12-23;0;33
50;2025-12-23;1;4
50;2025-12-23;2;0
50;2025-12-23;3;0
50;2025-12-23;4;3
50;2025-12-23;5;70
50;2025-12-23;6;540
50;2025-12-23;7;1753
50;2025-12-23;8;2747
50;2025-12-23;9;2147
50;2025-12-23;10;1665
50;2025-12-23;11;1570
50;2025-12-23;12;1468
50;2025-12-23;13;1465
50;2025-12-23;14;1421
50;2025-12-23;15;1687
50;2025-12-23;16;1674
50;2025-12-23;17;2428
50;2025-12-23;18;2577
50;2025-12-23;19;1492
50;2025-12-23;20;908
50;2025-12-23;21;625
50;2025-12-23;22;275
50;2025-12-23;23;137
50;2025-12-24;0;33
50;2025-12-24;1;4
50;2025-12-24;2;0
50;2025-12-24;3;0
50;2025-12-24;4;3
50;2025-12-24;5;70
50;2025-12-24;6;540
50;2025-12-24;7;1753
50;2025-12-24;8;2747
50;2025-12-24;9;2147
50;2025-12-24;10;1665
50;2025-12-24;11;1570
50;2025-12-24;12;1468
50;2025-12-24;13;1465
50;2025-12-24;14;1421
50;2025-12-24;15;1687
50;2025-12-24;16;1674
50;2025-12-24;17;2428
50;2025-12-24;18;2577
50;2025-12-24;19;1492
50;2025-12-24;20;908
50;2025-12-24;21;625
50;2025-12-24;22;275
50;2025-12-24;23;137
50;2025-12-25;0;33
50;2025-12-25;1;4
50;2025-12-25;2;0
50;2025-12-25;3;0
50;2025-12-25;4;3
50;2025-12-25;5;70
50;2025-12-25;6;540
50;2025-12-25;7;1753
50;2025-12-25;8;2747
50;2025-12-25;9;2147
50;2025-12-25;10;1665
50;2025-12-25;11;1570
50;2025-12-25;12;1468
50;2025-12-25;13;1465
50;2025-12-25;14;1421
50;2025-12-25;15;1687
50;2025-12-25;16;1674
50;2025-12-25;17;2428
50;2025-12-25;18;2577
50;2025-12-25;19;1492
50;2025-12-25;20;908
50;2025-12-25;21;625
50;2025-12-25;22;275
50;2025-12-25;23;137
50;2025-12-26;0;40
50;2025-12-26;1;3
50;2025-12-26;2;0
50;2025-12-26;3;0
50;2025-12-26;4;3
50;2025-12-26;5;64
50;2025-12-26;6;542
50;2025-12-26;7;1721
50;2025-12-26;8;2699
50;2025-12-26;9;2072
50;2025-12-26;10;1539
50;2025-12-26;11;1608
50;2025-12-26;12;1517
50;2025-12-26;13;1524
50;2025-12-26;14;1453
50;2025-12-26;15;1799
50;2025-12-26;16;2139
50;2025-12-26;17;2165
50;2025-12-26;18;1789
50;2025-12-26;19;1228
50;2025-12-26;20;827
50;2025-12-26;21;576
50;2025-12-26;22;302
50;2025-12-26;23;173
50;2025-12-27;0;64
50;2025-12-27;1;4
50;2025-12-27;2;0
50;2025-12-27;3;0
50;2025-12-27;4;1
50;2025-12-27;5;29
50;2025-12-27;6;164
50;2025-12-27;7;389
50;2025-12-27;8;604
50;2025-12-27;9;650
50;2025-12-27;10;623
50;2025-12-27;11;817
50;2025-12-27;12;837
50;2025-12-27;13;882
50;2025-12-27;14;896
50;2025-12-27;15;855
50;2025-12-27;16;822
50;2025-12-27;17;813
50;2025-12-27;18;711
50;2025-12-27;19;609
50;2025-12-27;20;448
50;2025-12-27;21;367
50;2025-12-27;22;237
50;2025-12-27;23;138
50;2025-12-28;0;50
50;2025-12-28;1;6
50;2025-12-28;2;0
50;2025-12-28;3;0
50;2025-12-28;4;1
50;2025-12-28;5;24
50;2025-12-28;6;113
50;2025-12-28;7;215
50;2025-12-28;8;326
50;2025-12-28;9;422
50;2025-12-28;10;474
50;2025-12-28;11;598
50;2025-12-28;12;700
50;2025-12-28;13;759
50;2025-12-28;14;806
50;2025-12-28;15;701
50;2025-12-28;16;745
50;2025-12-28;17;709
50;2025-12-28;18;639
50;2025-12-28;19;538
50;2025-12-28;20;438
50;2025-12-28;21;337
50;2025-12-28;22;219
50;2025-12-28;23;103
50;2025-12-29;0;29
50;2025-12-29;1;3
50;2025-12-29;2;0
50;2025-12-29;3;0
50;2025-12-29;4;2
50;2025-12-29;5;61
50;2025-12-29;6;473
50;2025-12-29;7;1535
50;2025-12-29;8;2406
50;2025-12-29;9;1881
50;2025-12-29;10;1458
50;2025-12-29;11;1375
50;2025-12-29;12;1286
50;2025-12-29;13;1283
50;2025-12-29;14;1245
50;2025-12-29;15;1478
50;2025-12-29;16;1466
50;2025-12-29;17;2127
50;2025-12-29;18;2257
50;2025-12-29;19;1306
50;2025-12-29;20;795
50;2025-12-29;21;547
50;2025-12-29;22;241
50;2025-12-29;23;120
50;2025-12-30;0;28
50;2025-12-30;1;3
50;2025-12-30;2;0
50;2025-12-30;3;0
50;2025-12-30;4;2
50;2025-12-30;5;60
50;2025-12-30;6;459
50;2025-12-30;7;1490
50;2025-12-30;8;2335
50;2025-12-30;9;1825
50;2025-12-30;10;1415
50;2025-12-30;11;1334
50;2025-12-30;12;1248
50;2025-12-30;13;1245
50;2025-12-30;14;1208
50;2025-12-30;15;1434
50;2025-12-30;16;1423
50;2025-12-30;17;2064
50;2025-12-30;18;2191
50;2025-12-30;19;1268
50;2025-12-30;20;772
50;2025-12-30;21;531
50;2025-12-30;22;234
50;2025-12-30;23;117
50;2025-12-31;0;55
50;2025-12-31;1;4
50;2025-12-31;2;0
50;2025-12-31;3;0
50;2025-12-31;4;1
50;2025-12-31;5;25
50;2025-12-31;6;139
50;2025-12-31;7;331
50;2025-12-31;8;513
50;2025-12-31;9;552
50;2025-12-31;10;530
50;2025-12-31;11;695
50;2025-12-31;12;711
50;2025-12-31;13;750
50;2025-12-31;14;762
50;2025-12-31;15;727
50;2025-12-31;16;698
50;2025-12-31;17;691
50;2025-12-31;18;605
50;2025-12-31;19;517
50;2025-12-31;20;381
50;2025-12-31;21;312
50;2025-12-31;22;201
50;2025-12-31;23;117
