route;date;hour;prediction
1;2025-11-01;0;2
1;2025-11-01;1;0
1;2025-11-01;2;0
1;2025-11-01;3;0
1;2025-11-01;4;5
1;2025-11-01;5;126
1;2025-11-01;6;494
1;2025-11-01;7;1401
1;2025-11-01;8;1672
1;2025-11-01;9;1310
1;2025-11-01;10;1206
1;2025-11-01;11;1334
1;2025-11-01;12;1309
1;2025-11-01;13;1357
1;2025-11-01;14;1273
1;2025-11-01;15;1436
1;2025-11-01;16;1518
1;2025-11-01;17;1596
1;2025-11-01;18;1386
1;2025-11-01;19;1098
1;2025-11-01;20;770
1;2025-11-01;21;487
1;2025-11-01;22;213
1;2025-11-01;23;57
1;2025-11-02;0;0
1;2025-11-02;1;0
1;2025-11-02;2;0
1;2025-11-02;3;0
1;2025-11-02;4;0
1;2025-11-02;5;26
1;2025-11-02;6;131
1;2025-11-02;7;256
1;2025-11-02;8;357
1;2025-11-02;9;617
1;2025-11-02;10;745
1;2025-11-02;11;766
1;2025-11-02;12;907
1;2025-11-02;13;959
1;2025-11-02;14;856
1;2025-11-02;15;775
1;2025-11-02;16;704
1;2025-11-02;17;612
1;2025-11-02;18;525
1;2025-11-02;19;440
1;2025-11-02;20;370
1;2025-11-02;21;287
1;2025-11-02;22;116
1;2025-11-02;23;33
1;2025-11-03;0;3
1;2025-11-03;1;0
1;2025-11-03;2;0
1;2025-11-03;3;0
1;2025-11-03;4;0
1;2025-11-03;5;25
1;2025-11-03;6;126
1;2025-11-03;7;255
1;2025-11-03;8;352
1;2025-11-03;9;582
1;2025-11-03;10;705
1;2025-11-03;11;704
1;2025-11-03;12;854
1;2025-11-03;13;891
1;2025-11-03;14;819
1;2025-11-03;15;720
1;2025-11-03;16;647
1;2025-11-03;17;574
1;2025-11-03;18;491
1;2025-11-03;19;421
1;2025-11-03;20;345
1;2025-11-03;21;256
1;2025-11-03;22;108
1;2025-11-03;23;29
1;2025-11-04;0;3
1;2025-11-04;1;0
1;2025-11-04;2;0
1;2025-11-04;3;0
1;2025-11-04;4;0
1;2025-11-04;5;25
1;2025-11-04;6;126
1;2025-11-04;7;254
1;2025-11-04;8;350
1;2025-11-04;9;579
1;2025-11-04;10;702
1;2025-11-04;11;701
1;2025-11-04;12;850
1;2025-11-04;13;888
1;2025-11-04;14;815
1;2025-11-04;15;717
1;2025-11-04;16;644
1;2025-11-04;17;571
1;2025-11-04;18;488
1;2025-11-04;19;419
1;2025-11-04;20;343
1;2025-11-04;21;255
1;2025-11-04;22;108
1;2025-11-04;23;29
1;2025-11-05;0;4
1;2025-11-05;1;0
1;2025-11-05;2;0
1;2025-11-05;3;0
1;2025-11-05;4;9
1;2025-11-05;5;139
1;2025-11-05;6;583
1;2025-11-05;7;1579
1;2025-11-05;8;2008
1;2025-11-05;9;1549
1;2025-11-05;10;1424
1;2025-11-05;11;1464
1;2025-11-05;12;1521
1;2025-11-05;13;1548
1;2025-11-05;14;1494
1;2025-11-05;15;1663
1;2025-11-05;16;1651
1;2025-11-05;17;1842
1;2025-11-05;18;1900
1;2025-11-05;19;1417
1;2025-11-05;20;965
1;2025-11-05;21;531
1;2025-11-05;22;235
1;2025-11-05;23;53
1;2025-11-06;0;4
1;2025-11-06;1;0
1;2025-11-06;2;0
1;2025-11-06;3;0
1;2025-11-06;4;9
1;2025-11-06;5;137
1;2025-11-06;6;576
1;2025-11-06;7;1561
1;2025-11-06;8;1985
1;2025-11-06;9;1531
1;2025-11-06;10;1408
1;2025-11-06;11;1447
1;2025-11-06;12;1504
1;2025-11-06;13;1530
1;2025-11-06;14;1477
1;2025-11-06;15;1644
1;2025-11-06;16;1633
1;2025-11-06;17;1821
1;2025-11-06;18;1878
1;2025-11-06;19;1401
1;2025-11-06;20;954
1;2025-11-06;21;525
1;2025-11-06;22;232
1;2025-11-06;23;52
1;2025-11-07;0;6
1;2025-11-07;1;0
1;2025-11-07;2;0
1;2025-11-07;3;0
1;2025-11-07;4;6
1;2025-11-07;5;142
1;2025-11-07;6;555
1;2025-11-07;7;1575
1;2025-11-07;8;1879
1;2025-11-07;9;1473
1;2025-11-07;10;1356
1;2025-11-07;11;1499
1;2025-11-07;12;1472
1;2025-11-07;13;1524
1;2025-11-07;14;1431
1;2025-11-07;15;1614
1;2025-11-07;16;1706
1;2025-11-07;17;1794
1;2025-11-07;18;1558
1;2025-11-07;19;1234
1;2025-11-07;20;865
1;2025-11-07;21;547
1;2025-11-07;22;239
1;2025-11-07;23;64
1;2025-11-08;0;8
1;2025-11-08;1;0
1;2025-11-08;2;0
1;2025-11-08;3;0
1;2025-11-08;4;0
1;2025-11-08;5;34
1;2025-11-08;6;169
1;2025-11-08;7;350
1;2025-11-08;8;479
1;2025-11-08;9;759
1;2025-11-08;10;922
1;2025-11-08;11;896
1;2025-11-08;12;1111
1;2025-11-08;13;1146
1;2025-11-08;14;1082
1;2025-11-08;15;924
1;2025-11-08;16;822
1;2025-11-08;17;744
1;2025-11-08;18;634
1;2025-11-08;19;556
1;2025-11-08;20;444
1;2025-11-08;21;314
1;2025-11-08;22;139
1;2025-11-08;23;36
1;2025-11-09;0;0
1;2025-11-09;1;0
1;2025-11-09;2;0
1;2025-11-09;3;0
1;2025-11-09;4;0
1;2025-11-09;5;26
1;2025-11-09;6;131
1;2025-11-09;7;256
1;2025-11-09;8;357
1;2025-11-09;9;618
1;2025-11-09;10;746
1;2025-11-09;11;767
1;2025-11-09;12;908
1;2025-11-09;13;960
1;2025-11-09;14;857
1;2025-11-09;15;776
1;2025-11-09;16;705
1;2025-11-09;17;612
1;2025-11-09;18;525
1;2025-11-09;19;441
1;2025-11-09;20;371
1;2025-11-09;21;288
1;2025-11-09;22;116
1;2025-11-09;23;33
1;2025-11-10;0;4
1;2025-11-10;1;0
1;2025-11-10;2;0
1;2025-11-10;3;0
1;2025-11-10;4;8
1;2025-11-10;5;135
1;2025-11-10;6;567
1;2025-11-10;7;1536
1;2025-11-10;8;1954
1;2025-11-10;9;1507
1;2025-11-10;10;1386
1;2025-11-10;11;1424
1;2025-11-10;12;1481
1;2025-11-10;13;1506
1;2025-11-10;14;1454
1;2025-11-10;15;1619
1;2025-11-10;16;1607
1;2025-11-10;17;1792
1;2025-11-10;18;1849
1;2025-11-10;19;1379
1;2025-11-10;20;939
1;2025-11-10;21;517
1;2025-11-10;22;229
1;2025-11-10;23;51
1;2025-11-11;0;4
1;2025-11-11;1;0
1;2025-11-11;2;0
1;2025-11-11;3;0
1;2025-11-11;4;9
1;2025-11-11;5;139
1;2025-11-11;6;583
1;2025-11-11;7;1579
1;2025-11-11;8;2008
1;2025-11-11;9;1549
1;2025-11-11;10;1424
1;2025-11-11;11;1464
1;2025-11-11;12;1521
1;2025-11-11;13;1548
1;2025-11-11;14;1494
1;2025-11-11;15;1663
1;2025-11-11;16;1651
1;2025-11-11;17;1842
1;2025-11-11;18;1900
1;2025-11-11;19;1417
1;2025-11-11;20;965
1;2025-11-11;21;531
1;2025-11-11;22;235
1;2025-11-11;23;53
1;2025-11-12;0;4
1;2025-11-12;1;0
1;2025-11-12;2;0
1;2025-11-12;3;0
1;2025-11-12;4;9
1;2025-11-12;5;138
1;2025-11-12;6;578
1;2025-11-12;7;1566
1;2025-11-12;8;1991
1;2025-11-12;9;1536
1;2025-11-12;10;1412
1;2025-11-12;11;1451
1;2025-11-12;12;1509
1;2025-11-12;13;1535
1;2025-11-12;14;1482
1;2025-11-12;15;1649
1;2025-11-12;16;1638
1;2025-11-12;17;1827
1;2025-11-12;18;1884
1;2025-11-12;19;1405
1;2025-11-12;20;957
1;2025-11-12;21;527
1;2025-11-12;22;233
1;2025-11-12;23;52
1;2025-11-13;0;4
1;2025-11-13;1;0
1;2025-11-13;2;0
1;2025-11-13;3;0
1;2025-11-13;4;9
1;2025-11-13;5;138
1;2025-11-13;6;582
1;2025-11-13;7;1577
1;2025-11-13;8;2006
1;2025-11-13;9;1547
1;2025-11-13;10;1423
1;2025-11-13;11;1462
1;2025-11-13;12;1520
1;2025-11-13;13;1546
1;2025-11-13;14;1492
1;2025-11-13;15;1661
1;2025-11-13;16;1650
1;2025-11-13;17;1840
1;2025-11-13;18;1898
1;2025-11-13;19;1416
1;2025-11-13;20;964
1;2025-11-13;21;531
1;2025-11-13;22;235
1;2025-11-13;23;53
1;2025-11-14;0;6
1;2025-11-14;1;0
1;2025-11-14;2;0
1;2025-11-14;3;0
1;2025-11-14;4;6
1;2025-11-14;5;142
1;2025-11-14;6;558
1;2025-11-14;7;1585
1;2025-11-14;8;1891
1;2025-11-14;9;1482
1;2025-11-14;10;1365
1;2025-11-14;11;1509
1;2025-11-14;12;1481
1;2025-11-14;13;1534
1;2025-11-14;14;1440
1;2025-11-14;15;1624
1;2025-11-14;16;1717
1;2025-11-14;17;1806
1;2025-11-14;18;1568
1;2025-11-14;19;1242
1;2025-11-14;20;871
1;2025-11-14;21;551
1;2025-11-14;22;241
1;2025-11-14;23;64
1;2025-11-15;0;8
1;2025-11-15;1;0
1;2025-11-15;2;0
1;2025-11-15;3;0
1;2025-11-15;4;0
1;2025-11-15;5;33
1;2025-11-15;6;164
1;2025-11-15;7;340
1;2025-11-15;8;465
1;2025-11-15;9;737
1;2025-11-15;10;896
1;2025-11-15;11;870
1;2025-11-15;12;1079
1;2025-11-15;13;1113
1;2025-11-15;14;1051
1;2025-11-15;15;897
1;2025-11-15;16;798
1;2025-11-15;17;722
1;2025-11-15;18;616
1;2025-11-15;19;540
1;2025-11-15;20;431
1;2025-11-15;21;305
1;2025-11-15;22;135
1;2025-11-15;23;35
1;2025-11-16;0;0
1;2025-11-16;1;0
1;2025-11-16;2;0
1;2025-11-16;3;0
1;2025-11-16;4;0
1;2025-11-16;5;26
1;2025-11-16;6;131
1;2025-11-16;7;256
1;2025-11-16;8;357
1;2025-11-16;9;618
1;2025-11-16;10;746
1;2025-11-16;11;767
1;2025-11-16;12;908
1;2025-11-16;13;960
1;2025-11-16;14;857
1;2025-11-16;15;776
1;2025-11-16;16;705
1;2025-11-16;17;612
1;2025-11-16;18;525
1;2025-11-16;19;441
1;2025-11-16;20;371
1;2025-11-16;21;288
1;2025-11-16;22;116
1;2025-11-16;23;33
1;2025-11-17;0;4
1;2025-11-17;1;0
1;2025-11-17;2;0
1;2025-11-17;3;0
1;2025-11-17;4;8
1;2025-11-17;5;133
1;2025-11-17;6;558
1;2025-11-17;7;1512
1;2025-11-17;8;1922
1;2025-11-17;9;1483
1;2025-11-17;10;1364
1;2025-11-17;11;1401
1;2025-11-17;12;1457
1;2025-11-17;13;1482
1;2025-11-17;14;1430
1;2025-11-17;15;1592
1;2025-11-17;16;1581
1;2025-11-17;17;1763
1;2025-11-17;18;1819
1;2025-11-17;19;1357
1;2025-11-17;20;924
1;2025-11-17;21;509
1;2025-11-17;22;225
1;2025-11-17;23;51
1;2025-11-18;0;4
1;2025-11-18;1;0
1;2025-11-18;2;0
1;2025-11-18;3;0
1;2025-11-18;4;8
1;2025-11-18;5;135
1;2025-11-18;6;566
1;2025-11-18;7;1534
1;2025-11-18;8;1951
1;2025-11-18;9;1505
1;2025-11-18;10;1384
1;2025-11-18;11;1422
1;2025-11-18;12;1478
1;2025-11-18;13;1504
1;2025-11-18;14;1451
1;2025-11-18;15;1616
1;2025-11-18;16;1604
1;2025-11-18;17;1789
1;2025-11-18;18;1846
1;2025-11-18;19;1377
1;2025-11-18;20;938
1;2025-11-18;21;516
1;2025-11-18;22;228
1;2025-11-18;23;51
1;2025-11-19;0;4
1;2025-11-19;1;0
1;2025-11-19;2;0
1;2025-11-19;3;0
1;2025-11-19;4;9
1;2025-11-19;5;139
1;2025-11-19;6;583
1;2025-11-19;7;1579
1;2025-11-19;8;2008
1;2025-11-19;9;1549
1;2025-11-19;10;1424
1;2025-11-19;11;1464
1;2025-11-19;12;1521
1;2025-11-19;13;1548
1;2025-11-19;14;1494
1;2025-11-19;15;1663
1;2025-11-19;16;1651
1;2025-11-19;17;1842
1;2025-11-19;18;1900
1;2025-11-19;19;1417
1;2025-11-19;20;965
1;2025-11-19;21;531
1;2025-11-19;22;235
1;2025-11-19;23;53
1;2025-11-20;0;4
1;2025-11-20;1;0
1;2025-11-20;2;0
1;2025-11-20;3;0
1;2025-11-20;4;9
1;2025-11-20;5;139
1;2025-11-20;6;583
1;2025-11-20;7;1579
1;2025-11-20;8;2008
1;2025-11-20;9;1549
1;2025-11-20;10;1424
1;2025-11-20;11;1464
1;2025-11-20;12;1521
1;2025-11-20;13;1548
1;2025-11-20;14;1494
1;2025-11-20;15;1663
1;2025-11-20;16;1651
1;2025-11-20;17;1842
1;2025-11-20;18;1900
1;2025-11-20;19;1417
1;2025-11-20;20;965
1;2025-11-20;21;531
1;2025-11-20;22;235
1;2025-11-20;23;53
1;2025-11-21;0;6
1;2025-11-21;1;0
1;2025-11-21;2;0
1;2025-11-21;3;0
1;2025-11-21;4;6
1;2025-11-21;5;142
1;2025-11-21;6;558
1;2025-11-21;7;1584
1;2025-11-21;8;1890
1;2025-11-21;9;1481
1;2025-11-21;10;1364
1;2025-11-21;11;1507
1;2025-11-21;12;1480
1;2025-11-21;13;1533
1;2025-11-21;14;1439
1;2025-11-21;15;1623
1;2025-11-21;16;1716
1;2025-11-21;17;1804
1;2025-11-21;18;1567
1;2025-11-21;19;1241
1;2025-11-21;20;870
1;2025-11-21;21;551
1;2025-11-21;22;241
1;2025-11-21;23;64
1;2025-11-22;0;8
1;2025-11-22;1;0
1;2025-11-22;2;0
1;2025-11-22;3;0
1;2025-11-22;4;0
1;2025-11-22;5;33
1;2025-11-22;6;166
1;2025-11-22;7;344
1;2025-11-22;8;470
1;2025-11-22;9;745
1;2025-11-22;10;905
1;2025-11-22;11;879
1;2025-11-22;12;1091
1;2025-11-22;13;1125
1;2025-11-22;14;1063
1;2025-11-22;15;907
1;2025-11-22;16;807
1;2025-11-22;17;730
1;2025-11-22;18;623
1;2025-11-22;19;546
1;2025-11-22;20;436
1;2025-11-22;21;309
1;2025-11-22;22;137
1;2025-11-22;23;35
1;2025-11-23;0;0
1;2025-11-23;1;0
1;2025-11-23;2;0
1;2025-11-23;3;0
1;2025-11-23;4;0
1;2025-11-23;5;26
1;2025-11-23;6;131
1;2025-11-23;7;256
1;2025-11-23;8;357
1;2025-11-23;9;617
1;2025-11-23;10;745
1;2025-11-23;11;766
1;2025-11-23;12;907
1;2025-11-23;13;959
1;2025-11-23;14;856
1;2025-11-23;15;775
1;2025-11-23;16;704
1;2025-11-23;17;612
1;2025-11-23;18;525
1;2025-11-23;19;440
1;2025-11-23;20;370
1;2025-11-23;21;287
1;2025-11-23;22;116
1;2025-11-23;23;33
1;2025-11-24;0;4
1;2025-11-24;1;0
1;2025-11-24;2;0
1;2025-11-24;3;0
1;2025-11-24;4;8
1;2025-11-24;5;131
1;2025-11-24;6;551
1;2025-11-24;7;1492
1;2025-11-24;8;1898
1;2025-11-24;9;1464
1;2025-11-24;10;1346
1;2025-11-24;11;1383
1;2025-11-24;12;1438
1;2025-11-24;13;1463
1;2025-11-24;14;1412
1;2025-11-24;15;1572
1;2025-11-24;16;1561
1;2025-11-24;17;1741
1;2025-11-24;18;1795
1;2025-11-24;19;1339
1;2025-11-24;20;912
1;2025-11-24;21;502
1;2025-11-24;22;222
1;2025-11-24;23;50
1;2025-11-25;0;4
1;2025-11-25;1;0
1;2025-11-25;2;0
1;2025-11-25;3;0
1;2025-11-25;4;9
1;2025-11-25;5;139
1;2025-11-25;6;583
1;2025-11-25;7;1579
1;2025-11-25;8;2008
1;2025-11-25;9;1549
1;2025-11-25;10;1424
1;2025-11-25;11;1464
1;2025-11-25;12;1521
1;2025-11-25;13;1548
1;2025-11-25;14;1494
1;2025-11-25;15;1663
1;2025-11-25;16;1651
1;2025-11-25;17;1842
1;2025-11-25;18;1900
1;2025-11-25;19;1417
1;2025-11-25;20;965
1;2025-11-25;21;531
1;2025-11-25;22;235
1;2025-11-25;23;53
1;2025-11-26;0;4
1;2025-11-26;1;0
1;2025-11-26;2;0
1;2025-11-26;3;0
1;2025-11-26;4;8
1;2025-11-26;5;135
1;2025-11-26;6;569
1;2025-11-26;7;1539
1;2025-11-26;8;1958
1;2025-11-26;9;1510
1;2025-11-26;10;1389
1;2025-11-26;11;1427
1;2025-11-26;12;1484
1;2025-11-26;13;1509
1;2025-11-26;14;1457
1;2025-11-26;15;1622
1;2025-11-26;16;1610
1;2025-11-26;17;1796
1;2025-11-26;18;1852
1;2025-11-26;19;1382
1;2025-11-26;20;941
1;2025-11-26;21;518
1;2025-11-26;22;229
1;2025-11-26;23;52
1;2025-11-27;0;4
1;2025-11-27;1;0
1;2025-11-27;2;0
1;2025-11-27;3;0
1;2025-11-27;4;9
1;2025-11-27;5;135
1;2025-11-27;6;569
1;2025-11-27;7;1542
1;2025-11-27;8;1961
1;2025-11-27;9;1512
1;2025-11-27;10;1391
1;2025-11-27;11;1429
1;2025-11-27;12;1486
1;2025-11-27;13;1511
1;2025-11-27;14;1459
1;2025-11-27;15;1624
1;2025-11-27;16;1613
1;2025-11-27;17;1798
1;2025-11-27;18;1855
1;2025-11-27;19;1384
1;2025-11-27;20;943
1;2025-11-27;21;519
1;2025-11-27;22;229
1;2025-11-27;23;52
1;2025-11-28;0;6
1;2025-11-28;1;0
1;2025-11-28;2;0
1;2025-11-28;3;0
1;2025-11-28;4;6
1;2025-11-28;5;141
1;2025-11-28;6;551
1;2025-11-28;7;1564
1;2025-11-28;8;1866
1;2025-11-28;9;1462
1;2025-11-28;10;1346
1;2025-11-28;11;1488
1;2025-11-28;12;1461
1;2025-11-28;13;1514
1;2025-11-28;14;1420
1;2025-11-28;15;1602
1;2025-11-28;16;1694
1;2025-11-28;17;1781
1;2025-11-28;18;1547
1;2025-11-28;19;1225
1;2025-11-28;20;859
1;2025-11-28;21;544
1;2025-11-28;22;238
1;2025-11-28;23;64
1;2025-11-29;0;9
1;2025-11-29;1;0
1;2025-11-29;2;0
1;2025-11-29;3;0
1;2025-11-29;4;0
1;2025-11-29;5;34
1;2025-11-29;6;169
1;2025-11-29;7;351
1;2025-11-29;8;480
1;2025-11-29;9;761
1;2025-11-29;10;924
1;2025-11-29;11;898
1;2025-11-29;12;1114
1;2025-11-29;13;1149
1;2025-11-29;14;1085
1;2025-11-29;15;926
1;2025-11-29;16;824
1;2025-11-29;17;745
1;2025-11-29;18;636
1;2025-11-29;19;557
1;2025-11-29;20;445
1;2025-11-29;21;315
1;2025-11-29;22;139
1;2025-11-29;23;36
1;2025-11-30;0;0
1;2025-11-30;1;0
1;2025-11-30;2;0
1;2025-11-30;3;0
1;2025-11-30;4;0
1;2025-11-30;5;26
1;2025-11-30;6;131
1;2025-11-30;7;256
1;2025-11-30;8;356
1;2025-11-30;9;616
1;2025-11-30;10;744
1;2025-11-30;11;765
1;2025-11-30;12;906
1;2025-11-30;13;958
1;2025-11-30;14;855
1;2025-11-30;15;774
1;2025-11-30;16;703
1;2025-11-30;17;611
1;2025-11-30;18;524
1;2025-11-30;19;440
1;2025-11-30;20;370
1;2025-11-30;21;287
1;2025-11-30;22;116
1;2025-11-30;23;33
1;2025-12-01;0;4
1;2025-12-01;1;0
1;2025-12-01;2;0
1;2025-12-01;3;0
1;2025-12-01;4;8
1;2025-12-01;5;137
1;2025-12-01;6;576
1;2025-12-01;7;1537
1;2025-12-01;8;1938
1;2025-12-01;9;1503
1;2025-12-01;10;1378
1;2025-12-01;11;1427
1;2025-12-01;12;1481
1;2025-12-01;13;1499
1;2025-12-01;14;1449
1;2025-12-01;15;1620
1;2025-12-01;16;1602
1;2025-12-01;17;1782
1;2025-12-01;18;1836
1;2025-12-01;19;1375
1;2025-12-01;20;937
1;2025-12-01;21;520
1;2025-12-01;22;235
1;2025-12-01;23;53
1;2025-12-02;0;4
1;2025-12-02;1;0
1;2025-12-02;2;0
1;2025-12-02;3;0
1;2025-12-02;4;8
1;2025-12-02;5;140
1;2025-12-02;6;592
1;2025-12-02;7;1579
1;2025-12-02;8;1991
1;2025-12-02;9;1545
1;2025-12-02;10;1416
1;2025-12-02;11;1466
1;2025-12-02;12;1521
1;2025-12-02;13;1540
1;2025-12-02;14;1489
1;2025-12-02;15;1664
1;2025-12-02;16;1646
1;2025-12-02;17;1831
1;2025-12-02;18;1887
1;2025-12-02;19;1413
1;2025-12-02;20;963
1;2025-12-02;21;535
1;2025-12-02;22;242
1;2025-12-02;23;55
1;2025-12-03;0;4
1;2025-12-03;1;0
1;2025-12-03;2;0
1;2025-12-03;3;0
1;2025-12-03;4;8
1;2025-12-03;5;140
1;2025-12-03;6;592
1;2025-12-03;7;1579
1;2025-12-03;8;1991
1;2025-12-03;9;1545
1;2025-12-03;10;1416
1;2025-12-03;11;1466
1;2025-12-03;12;1521
1;2025-12-03;13;1540
1;2025-12-03;14;1489
1;2025-12-03;15;1664
1;2025-12-03;16;1646
1;2025-12-03;17;1831
1;2025-12-03;18;1887
1;2025-12-03;19;1413
1;2025-12-03;20;963
1;2025-12-03;21;535
1;2025-12-03;22;242
1;2025-12-03;23;55
1;2025-12-04;0;4
1;2025-12-04;1;0
1;2025-12-04;2;0
1;2025-12-04;3;0
1;2025-12-04;4;8
1;2025-12-04;5;140
1;2025-12-04;6;592
1;2025-12-04;7;1579
1;2025-12-04;8;1991
1;2025-12-04;9;1545
1;2025-12-04;10;1416
1;2025-12-04;11;1466
1;2025-12-04;12;1521
1;2025-12-04;13;1540
1;2025-12-04;14;1489
1;2025-12-04;15;1664
1;2025-12-04;16;1646
1;2025-12-04;17;1831
1;2025-12-04;18;1887
1;2025-12-04;19;1413
1;2025-12-04;20;963
1;2025-12-04;21;535
1;2025-12-04;22;242
1;2025-12-04;23;55
1;2025-12-05;0;6
1;2025-12-05;1;0
1;2025-12-05;2;0
1;2025-12-05;3;0
1;2025-12-05;4;6
1;2025-12-05;5;142
1;2025-12-05;6;569
1;2025-12-05;7;1588
1;2025-12-05;8;1888
1;2025-12-05;9;1482
1;2025-12-05;10;1365
1;2025-12-05;11;1520
1;2025-12-05;12;1488
1;2025-12-05;13;1541
1;2025-12-05;14;1446
1;2025-12-05;15;1631
1;2025-12-05;16;1718
1;2025-12-05;17;1790
1;2025-12-05;18;1578
1;2025-12-05;19;1236
1;2025-12-05;20;875
1;2025-12-05;21;558
1;2025-12-05;22;251
1;2025-12-05;23;69
1;2025-12-06;0;9
1;2025-12-06;1;0
1;2025-12-06;2;0
1;2025-12-06;3;0
1;2025-12-06;4;0
1;2025-12-06;5;34
1;2025-12-06;6;172
1;2025-12-06;7;350
1;2025-12-06;8;477
1;2025-12-06;9;761
1;2025-12-06;10;917
1;2025-12-06;11;889
1;2025-12-06;12;1109
1;2025-12-06;13;1141
1;2025-12-06;14;1081
1;2025-12-06;15;920
1;2025-12-06;16;825
1;2025-12-06;17;748
1;2025-12-06;18;634
1;2025-12-06;19;557
1;2025-12-06;20;444
1;2025-12-06;21;316
1;2025-12-06;22;142
1;2025-12-06;23;38
1;2025-12-07;0;0
1;2025-12-07;1;0
1;2025-12-07;2;0
1;2025-12-07;3;0
1;2025-12-07;4;0
1;2025-12-07;5;27
1;2025-12-07;6;134
1;2025-12-07;7;254
1;2025-12-07;8;356
1;2025-12-07;9;616
1;2025-12-07;10;752
1;2025-12-07;11;769
1;2025-12-07;12;916
1;2025-12-07;13;971
1;2025-12-07;14;860
1;2025-12-07;15;781
1;2025-12-07;16;707
1;2025-12-07;17;618
1;2025-12-07;18;530
1;2025-12-07;19;441
1;2025-12-07;20;375
1;2025-12-07;21;287
1;2025-12-07;22;119
1;2025-12-07;23;35
1;2025-12-08;0;4
1;2025-12-08;1;0
1;2025-12-08;2;0
1;2025-12-08;3;0
1;2025-12-08;4;8
1;2025-12-08;5;137
1;2025-12-08;6;576
1;2025-12-08;7;1537
1;2025-12-08;8;1938
1;2025-12-08;9;1503
1;2025-12-08;10;1378
1;2025-12-08;11;1427
1;2025-12-08;12;1481
1;2025-12-08;13;1499
1;2025-12-08;14;1449
1;2025-12-08;15;1620
1;2025-12-08;16;1602
1;2025-12-08;17;1782
1;2025-12-08;18;1836
1;2025-12-08;19;1375
1;2025-12-08;20;937
1;2025-12-08;21;520
1;2025-12-08;22;235
1;2025-12-08;23;53
1;2025-12-09;0;4
1;2025-12-09;1;0
1;2025-12-09;2;0
1;2025-12-09;3;0
1;2025-12-09;4;8
1;2025-12-09;5;140
1;2025-12-09;6;590
1;2025-12-09;7;1573
1;2025-12-09;8;1983
1;2025-12-09;9;1539
1;2025-12-09;10;1410
1;2025-12-09;11;1460
1;2025-12-09;12;1515
1;2025-12-09;13;1534
1;2025-12-09;14;1483
1;2025-12-09;15;1658
1;2025-12-09;16;1640
1;2025-12-09;17;1824
1;2025-12-09;18;1879
1;2025-12-09;19;1407
1;2025-12-09;20;959
1;2025-12-09;21;532
1;2025-12-09;22;241
1;2025-12-09;23;54
1;2025-12-10;0;4
1;2025-12-10;1;0
1;2025-12-10;2;0
1;2025-12-10;3;0
1;2025-12-10;4;8
1;2025-12-10;5;138
1;2025-12-10;6;584
1;2025-12-10;7;1558
1;2025-12-10;8;1964
1;2025-12-10;9;1523
1;2025-12-10;10;1396
1;2025-12-10;11;1446
1;2025-12-10;12;1500
1;2025-12-10;13;1519
1;2025-12-10;14;1468
1;2025-12-10;15;1641
1;2025-12-10;16;1623
1;2025-12-10;17;1806
1;2025-12-10;18;1861
1;2025-12-10;19;1393
1;2025-12-10;20;949
1;2025-12-10;21;527
1;2025-12-10;22;238
1;2025-12-10;23;54
1;2025-12-11;0;4
1;2025-12-11;1;0
1;2025-12-11;2;0
1;2025-12-11;3;0
1;2025-12-11;4;8
1;2025-12-11;5;138
1;2025-12-11;6;580
1;2025-12-11;7;1549
1;2025-12-11;8;1952
1;2025-12-11;9;1515
1;2025-12-11;10;1388
1;2025-12-11;11;1437
1;2025-12-11;12;1492
1;2025-12-11;13;1510
1;2025-12-11;14;1460
1;2025-12-11;15;1632
1;2025-12-11;16;1614
1;2025-12-11;17;1796
1;2025-12-11;18;1850
1;2025-12-11;19;1385
1;2025-12-11;20;944
1;2025-12-11;21;524
1;2025-12-11;22;237
1;2025-12-11;23;54
1;2025-12-12;0;6
1;2025-12-12;1;0
1;2025-12-12;2;0
1;2025-12-12;3;0
1;2025-12-12;4;6
1;2025-12-12;5;140
1;2025-12-12;6;559
1;2025-12-12;7;1559
1;2025-12-12;8;1854
1;2025-12-12;9;1455
1;2025-12-12;10;1340
1;2025-12-12;11;1492
1;2025-12-12;12;1461
1;2025-12-12;13;1514
1;2025-12-12;14;1420
1;2025-12-12;15;1602
1;2025-12-12;16;1687
1;2025-12-12;17;1758
1;2025-12-12;18;1549
1;2025-12-12;19;1214
1;2025-12-12;20;859
1;2025-12-12;21;548
1;2025-12-12;22;247
1;2025-12-12;23;68
1;2025-12-13;0;9
1;2025-12-13;1;0
1;2025-12-13;2;0
1;2025-12-13;3;0
1;2025-12-13;4;0
1;2025-12-13;5;34
1;2025-12-13;6;170
1;2025-12-13;7;347
1;2025-12-13;8;473
1;2025-12-13;9;755
1;2025-12-13;10;911
1;2025-12-13;11;882
1;2025-12-13;12;1101
1;2025-12-13;13;1133
1;2025-12-13;14;1073
1;2025-12-13;15;913
1;2025-12-13;16;820
1;2025-12-13;17;742
1;2025-12-13;18;630
1;2025-12-13;19;554
1;2025-12-13;20;441
1;2025-12-13;21;313
1;2025-12-13;22;141
1;2025-12-13;23;38
1;2025-12-14;0;0
1;2025-12-14;1;0
1;2025-12-14;2;0
1;2025-12-14;3;0
1;2025-12-14;4;0
1;2025-12-14;5;27
1;2025-12-14;6;133
1;2025-12-14;7;253
1;2025-12-14;8;354
1;2025-12-14;9;613
1;2025-12-14;10;748
1;2025-12-14;11;764
1;2025-12-14;12;911
1;2025-12-14;13;966
1;2025-12-14;14;855
1;2025-12-14;15;776
1;2025-12-14;16;703
1;2025-12-14;17;615
1;2025-12-14;18;527
1;2025-12-14;19;439
1;2025-12-14;20;373
1;2025-12-14;21;286
1;2025-12-14;22;118
1;2025-12-14;23;34
1;2025-12-15;0;4
1;2025-12-15;1;0
1;2025-12-15;2;0
1;2025-12-15;3;0
1;2025-12-15;4;8
1;2025-12-15;5;136
1;2025-12-15;6;576
1;2025-12-15;7;1535
1;2025-12-15;8;1936
1;2025-12-15;9;1502
1;2025-12-15;10;1377
1;2025-12-15;11;1425
1;2025-12-15;12;1479
1;2025-12-15;13;1497
1;2025-12-15;14;1447
1;2025-12-15;15;1618
1;2025-12-15;16;1600
1;2025-12-15;17;1780
1;2025-12-15;18;1834
1;2025-12-15;19;1373
1;2025-12-15;20;936
1;2025-12-15;21;520
1;2025-12-15;22;235
1;2025-12-15;23;53
1;2025-12-16;0;4
1;2025-12-16;1;0
1;2025-12-16;2;0
1;2025-12-16;3;0
1;2025-12-16;4;8
1;2025-12-16;5;139
1;2025-12-16;6;586
1;2025-12-16;7;1563
1;2025-12-16;8;1970
1;2025-12-16;9;1529
1;2025-12-16;10;1401
1;2025-12-16;11;1451
1;2025-12-16;12;1506
1;2025-12-16;13;1524
1;2025-12-16;14;1473
1;2025-12-16;15;1647
1;2025-12-16;16;1629
1;2025-12-16;17;1812
1;2025-12-16;18;1867
1;2025-12-16;19;1398
1;2025-12-16;20;953
1;2025-12-16;21;529
1;2025-12-16;22;239
1;2025-12-16;23;54
1;2025-12-17;0;4
1;2025-12-17;1;0
1;2025-12-17;2;0
1;2025-12-17;3;0
1;2025-12-17;4;8
1;2025-12-17;5;140
1;2025-12-17;6;591
1;2025-12-17;7;1578
1;2025-12-17;8;1989
1;2025-12-17;9;1543
1;2025-12-17;10;1414
1;2025-12-17;11;1464
1;2025-12-17;12;1520
1;2025-12-17;13;1538
1;2025-12-17;14;1487
1;2025-12-17;15;1662
1;2025-12-17;16;1644
1;2025-12-17;17;1829
1;2025-12-17;18;1885
1;2025-12-17;19;1411
1;2025-12-17;20;962
1;2025-12-17;21;534
1;2025-12-17;22;241
1;2025-12-17;23;55
1;2025-12-18;0;4
1;2025-12-18;1;0
1;2025-12-18;2;0
1;2025-12-18;3;0
1;2025-12-18;4;8
1;2025-12-18;5;140
1;2025-12-18;6;592
1;2025-12-18;7;1579
1;2025-12-18;8;1991
1;2025-12-18;9;1545
1;2025-12-18;10;1416
1;2025-12-18;11;1466
1;2025-12-18;12;1521
1;2025-12-18;13;1540
1;2025-12-18;14;1489
1;2025-12-18;15;1664
1;2025-12-18;16;1646
1;2025-12-18;17;1831
1;2025-12-18;18;1887
1;2025-12-18;19;1413
1;2025-12-18;20;963
1;2025-12-18;21;535
1;2025-12-18;22;242
1;2025-12-18;23;55
1;2025-12-19;0;6
1;2025-12-19;1;0
1;2025-12-19;2;0
1;2025-12-19;3;0
1;2025-12-19;4;6
1;2025-12-19;5;142
1;2025-12-19;6;568
1;2025-12-19;7;1584
1;2025-12-19;8;1884
1;2025-12-19;9;1478
1;2025-12-19;10;1362
1;2025-12-19;11;1517
1;2025-12-19;12;1485
1;2025-12-19;13;1538
1;2025-12-19;14;1443
1;2025-12-19;15;1628
1;2025-12-19;16;1714
1;2025-12-19;17;1786
1;2025-12-19;18;1574
1;2025-12-19;19;1233
1;2025-12-19;20;873
1;2025-12-19;21;556
1;2025-12-19;22;251
1;2025-12-19;23;69
1;2025-12-20;0;9
1;2025-12-20;1;0
1;2025-12-20;2;0
1;2025-12-20;3;0
1;2025-12-20;4;0
1;2025-12-20;5;34
1;2025-12-20;6;172
1;2025-12-20;7;350
1;2025-12-20;8;477
1;2025-12-20;9;761
1;2025-12-20;10;917
1;2025-12-20;11;889
1;2025-12-20;12;1109
1;2025-12-20;13;1141
1;2025-12-20;14;1081
1;2025-12-20;15;920
1;2025-12-20;16;825
1;2025-12-20;17;748
1;2025-12-20;18;634
1;2025-12-20;19;557
1;2025-12-20;20;444
1;2025-12-20;21;316
1;2025-12-20;22;142
1;2025-12-20;23;38
1;2025-12-21;0;0
1;2025-12-21;1;0
1;2025-12-21;2;0
1;2025-12-21;3;0
1;2025-12-21;4;0
1;2025-12-21;5;27
1;2025-12-21;6;133
1;2025-12-21;7;253
1;2025-12-21;8;355
1;2025-12-21;9;613
1;2025-12-21;10;749
1;2025-12-21;11;765
1;2025-12-21;12;912
1;2025-12-21;13;966
1;2025-12-21;14;856
1;2025-12-21;15;777
1;2025-12-21;16;704
1;2025-12-21;17;615
1;2025-12-21;18;527
1;2025-12-21;19;439
1;2025-12-21;20;373
1;2025-12-21;21;286
1;2025-12-21;22;118
1;2025-12-21;23;34
1;2025-12-22;0;4
1;2025-12-22;1;0
1;2025-12-22;2;0
1;2025-12-22;3;0
1;2025-12-22;4;8
1;2025-12-22;5;135
1;2025-12-22;6;569
1;2025-12-22;7;1519
1;2025-12-22;8;1915
1;2025-12-22;9;1486
1;2025-12-22;10;1362
1;2025-12-22;11;1410
1;2025-12-22;12;1463
1;2025-12-22;13;1481
1;2025-12-22;14;1432
1;2025-12-22;15;1601
1;2025-12-22;16;1583
1;2025-12-22;17;1761
1;2025-12-22;18;1814
1;2025-12-22;19;1358
1;2025-12-22;20;926
1;2025-12-22;21;514
1;2025-12-22;22;232
1;2025-12-22;23;53
1;2025-12-23;0;4
1;2025-12-23;1;0
1;2025-12-23;2;0
1;2025-12-23;3;0
1;2025-12-23;4;8
1;2025-12-23;5;140
1;2025-12-23;6;592
1;2025-12-23;7;1579
1;2025-12-23;8;1991
1;2025-12-23;9;1545
1;2025-12-23;10;1416
1;2025-12-23;11;1466
1;2025-12-23;12;1521
1;2025-12-23;13;1540
1;2025-12-23;14;1489
1;2025-12-23;15;1664
1;2025-12-23;16;1646
1;2025-12-23;17;1831
1;2025-12-23;18;1887
1;2025-12-23;19;1413
1;2025-12-23;20;963
1;2025-12-23;21;535
1;2025-12-23;22;242
1;2025-12-23;23;55
1;2025-12-24;0;4
1;2025-12-24;1;0
1;2025-12-24;2;0
1;2025-12-24;3;0
1;2025-12-24;4;8
1;2025-12-24;5;140
1;2025-12-24;6;588
1;2025-12-24;7;1569
1;2025-12-24;8;1979
1;2025-12-24;9;1535
1;2025-12-24;10;1407
1;2025-12-24;11;1457
1;2025-12-24;12;1512
1;2025-12-24;13;1530
1;2025-12-24;14;1479
1;2025-12-24;15;1654
1;2025-12-24;16;1636
1;2025-12-24;17;1820
1;2025-12-24;18;1875
1;2025-12-24;19;1404
1;2025-12-24;20;957
1;2025-12-24;21;531
1;2025-12-24;22;240
1;2025-12-24;23;54
1;2025-12-25;0;4
1;2025-12-25;1;0
1;2025-12-25;2;0
1;2025-12-25;3;0
1;2025-12-25;4;8
1;2025-12-25;5;138
1;2025-12-25;6;581
1;2025-12-25;7;1551
1;2025-12-25;8;1955
1;2025-12-25;9;1517
1;2025-12-25;10;1390
1;2025-12-25;11;1439
1;2025-12-25;12;1494
1;2025-12-25;13;1512
1;2025-12-25;14;1462
1;2025-12-25;15;1634
1;2025-12-25;16;1616
1;2025-12-25;17;1798
1;2025-12-25;18;1853
1;2025-12-25;19;1387
1;2025-12-25;20;945
1;2025-12-25;21;525
1;2025-12-25;22;237
1;2025-12-25;23;54
1;2025-12-26;0;6
1;2025-12-26;1;0
1;2025-12-26;2;0
1;2025-12-26;3;0
1;2025-12-26;4;6
1;2025-12-26;5;138
1;2025-12-26;6;553
1;2025-12-26;7;1544
1;2025-12-26;8;1835
1;2025-12-26;9;1441
1;2025-12-26;10;1327
1;2025-12-26;11;1478
1;2025-12-26;12;1447
1;2025-12-26;13;1499
1;2025-12-26;14;1406
1;2025-12-26;15;1586
1;2025-12-26;16;1670
1;2025-12-26;17;1741
1;2025-12-26;18;1534
1;2025-12-26;19;1202
1;2025-12-26;20;850
1;2025-12-26;21;542
1;2025-12-26;22;244
1;2025-12-26;23;67
1;2025-12-27;0;9
1;2025-12-27;1;0
1;2025-12-27;2;0
1;2025-12-27;3;0
1;2025-12-27;4;0
1;2025-12-27;5;34
1;2025-12-27;6;170
1;2025-12-27;7;347
1;2025-12-27;8;473
1;2025-12-27;9;755
1;2025-12-27;10;911
1;2025-12-27;11;882
1;2025-12-27;12;1101
1;2025-12-27;13;1133
1;2025-12-27;14;1073
1;2025-12-27;15;913
1;2025-12-27;16;820
1;2025-12-27;17;742
1;2025-12-27;18;630
1;2025-12-27;19;554
1;2025-12-27;20;441
1;2025-12-27;21;313
1;2025-12-27;22;141
1;2025-12-27;23;38
1;2025-12-28;0;0
1;2025-12-28;1;0
1;2025-12-28;2;0
1;2025-12-28;3;0
1;2025-12-28;4;0
1;2025-12-28;5;26
1;2025-12-28;6;132
1;2025-12-28;7;250
1;2025-12-28;8;351
1;2025-12-28;9;606
1;2025-12-28;10;741
1;2025-12-28;11;757
1;2025-12-28;12;902
1;2025-12-28;13;956
1;2025-12-28;14;846
1;2025-12-28;15;769
1;2025-12-28;16;696
1;2025-12-28;17;609
1;2025-12-28;18;521
1;2025-12-28;19;434
1;2025-12-28;20;369
1;2025-12-28;21;283
1;2025-12-28;22;117
1;2025-12-28;23;34
1;2025-12-29;0;4
1;2025-12-29;1;0
1;2025-12-29;2;0
1;2025-12-29;3;0
1;2025-12-29;4;7
1;2025-12-29;5;121
1;2025-12-29;6;512
1;2025-12-29;7;1365
1;2025-12-29;8;1721
1;2025-12-29;9;1335
1;2025-12-29;10;1224
1;2025-12-29;11;1267
1;2025-12-29;12;1315
1;2025-12-29;13;1331
1;2025-12-29;14;1286
1;2025-12-29;15;1438
1;2025-12-29;16;1422
1;2025-12-29;17;1582
1;2025-12-29;18;1630
1;2025-12-29;19;1221
1;2025-12-29;20;832
1;2025-12-29;21;462
1;2025-12-29;22;209
1;2025-12-29;23;47
1;2025-12-30;0;4
1;2025-12-30;1;0
1;2025-12-30;2;0
1;2025-12-30;3;0
1;2025-12-30;4;7
1;2025-12-30;5;117
1;2025-12-30;6;493
1;2025-12-30;7;1315
1;2025-12-30;8;1658
1;2025-12-30;9;1286
1;2025-12-30;10;1179
1;2025-12-30;11;1220
1;2025-12-30;12;1267
1;2025-12-30;13;1282
1;2025-12-30;14;1239
1;2025-12-30;15;1386
1;2025-12-30;16;1371
1;2025-12-30;17;1525
1;2025-12-30;18;1571
1;2025-12-30;19;1176
1;2025-12-30;20;802
1;2025-12-30;21;445
1;2025-12-30;22;201
1;2025-12-30;23;46
1;2025-12-31;0;5
1;2025-12-31;1;0
1;2025-12-31;2;0
1;2025-12-31;3;0
1;2025-12-31;4;0
1;2025-12-31;5;18
1;2025-12-31;6;91
1;2025-12-31;7;186
1;2025-12-31;8;254
1;2025-12-31;9;405
1;2025-12-31;10;488
1;2025-12-31;11;473
1;2025-12-31;12;590
1;2025-12-31;13;607
1;2025-12-31;14;575
1;2025-12-31;15;489
1;2025-12-31;16;439
1;2025-12-31;17;398
1;2025-12-31;18;337
1;2025-12-31;19;297
1;2025-12-31;20;23
1;2025-12-31;21;16
1;2025-12-31;22;7
1;2025-12-31;23;2
5;2025-11-01;0;0
5;2025-11-01;1;0
5;2025-11-01;2;0
5;2025-11-01;3;0
5;2025-11-01;4;0
5;2025-11-01;5;0
5;2025-11-01;6;0
5;2025-11-01;7;0
5;2025-11-01;8;0
5;2025-11-01;9;0
5;2025-11-01;10;0
5;2025-11-01;11;0
5;2025-11-01;12;0
5;2025-11-01;13;0
5;2025-11-01;14;0
5;2025-11-01;15;0
5;2025-11-01;16;0
5;2025-11-01;17;0
5;2025-11-01;18;0
5;2025-11-01;19;0
5;2025-11-01;20;0
5;2025-11-01;21;0
5;2025-11-01;22;0
5;2025-11-01;23;0
5;2025-11-02;0;0
5;2025-11-02;1;0
5;2025-11-02;2;0
5;2025-11-02;3;0
5;2025-11-02;4;0
5;2025-11-02;5;0
5;2025-11-02;6;0
5;2025-11-02;7;0
5;2025-11-02;8;0
5;2025-11-02;9;0
5;2025-11-02;10;0
5;2025-11-02;11;0
5;2025-11-02;12;0
5;2025-11-02;13;0
5;2025-11-02;14;0
5;2025-11-02;15;0
5;2025-11-02;16;0
5;2025-11-02;17;0
5;2025-11-02;18;0
5;2025-11-02;19;0
5;2025-11-02;20;0
5;2025-11-02;21;0
5;2025-11-02;22;0
5;2025-11-02;23;0
5;2025-11-03;0;0
5;2025-11-03;1;0
5;2025-11-03;2;0
5;2025-11-03;3;0
5;2025-11-03;4;0
5;2025-11-03;5;0
5;2025-11-03;6;0
5;2025-11-03;7;0
5;2025-11-03;8;0
5;2025-11-03;9;0
5;2025-11-03;10;0
5;2025-11-03;11;0
5;2025-11-03;12;0
5;2025-11-03;13;0
5;2025-11-03;14;0
5;2025-11-03;15;0
5;2025-11-03;16;0
5;2025-11-03;17;0
5;2025-11-03;18;0
5;2025-11-03;19;0
5;2025-11-03;20;0
5;2025-11-03;21;0
5;2025-11-03;22;0
5;2025-11-03;23;0
5;2025-11-04;0;0
5;2025-11-04;1;0
5;2025-11-04;2;0
5;2025-11-04;3;0
5;2025-11-04;4;0
5;2025-11-04;5;0
5;2025-11-04;6;0
5;2025-11-04;7;0
5;2025-11-04;8;0
5;2025-11-04;9;0
5;2025-11-04;10;0
5;2025-11-04;11;0
5;2025-11-04;12;0
5;2025-11-04;13;0
5;2025-11-04;14;0
5;2025-11-04;15;0
5;2025-11-04;16;0
5;2025-11-04;17;0
5;2025-11-04;18;0
5;2025-11-04;19;0
5;2025-11-04;20;0
5;2025-11-04;21;0
5;2025-11-04;22;0
5;2025-11-04;23;0
5;2025-11-05;0;0
5;2025-11-05;1;0
5;2025-11-05;2;0
5;2025-11-05;3;0
5;2025-11-05;4;0
5;2025-11-05;5;0
5;2025-11-05;6;0
5;2025-11-05;7;0
5;2025-11-05;8;0
5;2025-11-05;9;0
5;2025-11-05;10;0
5;2025-11-05;11;0
5;2025-11-05;12;0
5;2025-11-05;13;0
5;2025-11-05;14;0
5;2025-11-05;15;0
5;2025-11-05;16;0
5;2025-11-05;17;0
5;2025-11-05;18;0
5;2025-11-05;19;0
5;2025-11-05;20;0
5;2025-11-05;21;0
5;2025-11-05;22;0
5;2025-11-05;23;0
5;2025-11-06;0;0
5;2025-11-06;1;0
5;2025-11-06;2;0
5;2025-11-06;3;0
5;2025-11-06;4;0
5;2025-11-06;5;0
5;2025-11-06;6;0
5;2025-11-06;7;0
5;2025-11-06;8;0
5;2025-11-06;9;0
5;2025-11-06;10;0
5;2025-11-06;11;0
5;2025-11-06;12;0
5;2025-11-06;13;0
5;2025-11-06;14;0
5;2025-11-06;15;0
5;2025-11-06;16;0
5;2025-11-06;17;0
5;2025-11-06;18;0
5;2025-11-06;19;0
5;2025-11-06;20;0
5;2025-11-06;21;0
5;2025-11-06;22;0
5;2025-11-06;23;0
5;2025-11-07;0;0
5;2025-11-07;1;0
5;2025-11-07;2;0
5;2025-11-07;3;0
5;2025-11-07;4;0
5;2025-11-07;5;0
5;2025-11-07;6;0
5;2025-11-07;7;0
5;2025-11-07;8;0
5;2025-11-07;9;0
5;2025-11-07;10;0
5;2025-11-07;11;0
5;2025-11-07;12;0
5;2025-11-07;13;0
5;2025-11-07;14;0
5;2025-11-07;15;0
5;2025-11-07;16;0
5;2025-11-07;17;0
5;2025-11-07;18;0
5;2025-11-07;19;0
5;2025-11-07;20;0
5;2025-11-07;21;0
5;2025-11-07;22;0
5;2025-11-07;23;0
5;2025-11-08;0;0
5;2025-11-08;1;0
5;2025-11-08;2;0
5;2025-11-08;3;0
5;2025-11-08;4;0
5;2025-11-08;5;0
5;2025-11-08;6;0
5;2025-11-08;7;0
5;2025-11-08;8;0
5;2025-11-08;9;0
5;2025-11-08;10;0
5;2025-11-08;11;0
5;2025-11-08;12;0
5;2025-11-08;13;0
5;2025-11-08;14;0
5;2025-11-08;15;0
5;2025-11-08;16;0
5;2025-11-08;17;0
5;2025-11-08;18;0
5;2025-11-08;19;0
5;2025-11-08;20;0
5;2025-11-08;21;0
5;2025-11-08;22;0
5;2025-11-08;23;0
5;2025-11-09;0;0
5;2025-11-09;1;0
5;2025-11-09;2;0
5;2025-11-09;3;0
5;2025-11-09;4;0
5;2025-11-09;5;0
5;2025-11-09;6;0
5;2025-11-09;7;0
5;2025-11-09;8;0
5;2025-11-09;9;0
5;2025-11-09;10;0
5;2025-11-09;11;0
5;2025-11-09;12;0
5;2025-11-09;13;0
5;2025-11-09;14;0
5;2025-11-09;15;0
5;2025-11-09;16;0
5;2025-11-09;17;0
5;2025-11-09;18;0
5;2025-11-09;19;0
5;2025-11-09;20;0
5;2025-11-09;21;0
5;2025-11-09;22;0
5;2025-11-09;23;0
5;2025-11-10;0;0
5;2025-11-10;1;0
5;2025-11-10;2;0
5;2025-11-10;3;0
5;2025-11-10;4;0
5;2025-11-10;5;0
5;2025-11-10;6;0
5;2025-11-10;7;0
5;2025-11-10;8;0
5;2025-11-10;9;0
5;2025-11-10;10;0
5;2025-11-10;11;0
5;2025-11-10;12;0
5;2025-11-10;13;0
5;2025-11-10;14;0
5;2025-11-10;15;0
5;2025-11-10;16;0
5;2025-11-10;17;0
5;2025-11-10;18;0
5;2025-11-10;19;0
5;2025-11-10;20;0
5;2025-11-10;21;0
5;2025-11-10;22;0
5;2025-11-10;23;0
5;2025-11-11;0;0
5;2025-11-11;1;0
5;2025-11-11;2;0
5;2025-11-11;3;0
5;2025-11-11;4;0
5;2025-11-11;5;0
5;2025-11-11;6;0
5;2025-11-11;7;0
5;2025-11-11;8;0
5;2025-11-11;9;0
5;2025-11-11;10;0
5;2025-11-11;11;0
5;2025-11-11;12;0
5;2025-11-11;13;0
5;2025-11-11;14;0
5;2025-11-11;15;0
5;2025-11-11;16;0
5;2025-11-11;17;0
5;2025-11-11;18;0
5;2025-11-11;19;0
5;2025-11-11;20;0
5;2025-11-11;21;0
5;2025-11-11;22;0
5;2025-11-11;23;0
5;2025-11-12;0;0
5;2025-11-12;1;0
5;2025-11-12;2;0
5;2025-11-12;3;0
5;2025-11-12;4;0
5;2025-11-12;5;0
5;2025-11-12;6;0
5;2025-11-12;7;0
5;2025-11-12;8;0
5;2025-11-12;9;0
5;2025-11-12;10;0
5;2025-11-12;11;0
5;2025-11-12;12;0
5;2025-11-12;13;0
5;2025-11-12;14;0
5;2025-11-12;15;0
5;2025-11-12;16;0
5;2025-11-12;17;0
5;2025-11-12;18;0
5;2025-11-12;19;0
5;2025-11-12;20;0
5;2025-11-12;21;0
5;2025-11-12;22;0
5;2025-11-12;23;0
5;2025-11-13;0;0
5;2025-11-13;1;0
5;2025-11-13;2;0
5;2025-11-13;3;0
5;2025-11-13;4;0
5;2025-11-13;5;0
5;2025-11-13;6;0
5;2025-11-13;7;0
5;2025-11-13;8;0
5;2025-11-13;9;0
5;2025-11-13;10;0
5;2025-11-13;11;0
5;2025-11-13;12;0
5;2025-11-13;13;0
5;2025-11-13;14;0
5;2025-11-13;15;0
5;2025-11-13;16;0
5;2025-11-13;17;0
5;2025-11-13;18;0
5;2025-11-13;19;0
5;2025-11-13;20;0
5;2025-11-13;21;0
5;2025-11-13;22;0
5;2025-11-13;23;0
5;2025-11-14;0;0
5;2025-11-14;1;0
5;2025-11-14;2;0
5;2025-11-14;3;0
5;2025-11-14;4;0
5;2025-11-14;5;0
5;2025-11-14;6;0
5;2025-11-14;7;0
5;2025-11-14;8;0
5;2025-11-14;9;0
5;2025-11-14;10;0
5;2025-11-14;11;0
5;2025-11-14;12;0
5;2025-11-14;13;0
5;2025-11-14;14;0
5;2025-11-14;15;0
5;2025-11-14;16;0
5;2025-11-14;17;0
5;2025-11-14;18;0
5;2025-11-14;19;0
5;2025-11-14;20;0
5;2025-11-14;21;0
5;2025-11-14;22;0
5;2025-11-14;23;0
5;2025-11-15;0;0
5;2025-11-15;1;0
5;2025-11-15;2;0
5;2025-11-15;3;0
5;2025-11-15;4;0
5;2025-11-15;5;0
5;2025-11-15;6;0
5;2025-11-15;7;0
5;2025-11-15;8;0
5;2025-11-15;9;0
5;2025-11-15;10;0
5;2025-11-15;11;0
5;2025-11-15;12;0
5;2025-11-15;13;0
5;2025-11-15;14;0
5;2025-11-15;15;0
5;2025-11-15;16;0
5;2025-11-15;17;0
5;2025-11-15;18;0
5;2025-11-15;19;0
5;2025-11-15;20;0
5;2025-11-15;21;0
5;2025-11-15;22;0
5;2025-11-15;23;0
5;2025-11-16;0;0
5;2025-11-16;1;0
5;2025-11-16;2;0
5;2025-11-16;3;0
5;2025-11-16;4;0
5;2025-11-16;5;0
5;2025-11-16;6;0
5;2025-11-16;7;0
5;2025-11-16;8;0
5;2025-11-16;9;0
5;2025-11-16;10;0
5;2025-11-16;11;0
5;2025-11-16;12;0
5;2025-11-16;13;0
5;2025-11-16;14;0
5;2025-11-16;15;0
5;2025-11-16;16;0
5;2025-11-16;17;0
5;2025-11-16;18;0
5;2025-11-16;19;0
5;2025-11-16;20;0
5;2025-11-16;21;0
5;2025-11-16;22;0
5;2025-11-16;23;0
5;2025-11-17;0;0
5;2025-11-17;1;0
5;2025-11-17;2;0
5;2025-11-17;3;0
5;2025-11-17;4;0
5;2025-11-17;5;0
5;2025-11-17;6;0
5;2025-11-17;7;0
5;2025-11-17;8;0
5;2025-11-17;9;0
5;2025-11-17;10;0
5;2025-11-17;11;0
5;2025-11-17;12;0
5;2025-11-17;13;0
5;2025-11-17;14;0
5;2025-11-17;15;0
5;2025-11-17;16;0
5;2025-11-17;17;0
5;2025-11-17;18;0
5;2025-11-17;19;0
5;2025-11-17;20;0
5;2025-11-17;21;0
5;2025-11-17;22;0
5;2025-11-17;23;0
5;2025-11-18;0;0
5;2025-11-18;1;0
5;2025-11-18;2;0
5;2025-11-18;3;0
5;2025-11-18;4;0
5;2025-11-18;5;0
5;2025-11-18;6;0
5;2025-11-18;7;0
5;2025-11-18;8;0
5;2025-11-18;9;0
5;2025-11-18;10;0
5;2025-11-18;11;0
5;2025-11-18;12;0
5;2025-11-18;13;0
5;2025-11-18;14;0
5;2025-11-18;15;0
5;2025-11-18;16;0
5;2025-11-18;17;0
5;2025-11-18;18;0
5;2025-11-18;19;0
5;2025-11-18;20;0
5;2025-11-18;21;0
5;2025-11-18;22;0
5;2025-11-18;23;0
5;2025-11-19;0;0
5;2025-11-19;1;0
5;2025-11-19;2;0
5;2025-11-19;3;0
5;2025-11-19;4;0
5;2025-11-19;5;0
5;2025-11-19;6;0
5;2025-11-19;7;0
5;2025-11-19;8;0
5;2025-11-19;9;0
5;2025-11-19;10;0
5;2025-11-19;11;0
5;2025-11-19;12;0
5;2025-11-19;13;0
5;2025-11-19;14;0
5;2025-11-19;15;0
5;2025-11-19;16;0
5;2025-11-19;17;0
5;2025-11-19;18;0
5;2025-11-19;19;0
5;2025-11-19;20;0
5;2025-11-19;21;0
5;2025-11-19;22;0
5;2025-11-19;23;0
5;2025-11-20;0;0
5;2025-11-20;1;0
5;2025-11-20;2;0
5;2025-11-20;3;0
5;2025-11-20;4;0
5;2025-11-20;5;0
5;2025-11-20;6;0
5;2025-11-20;7;0
5;2025-11-20;8;0
5;2025-11-20;9;0
5;2025-11-20;10;0
5;2025-11-20;11;0
5;2025-11-20;12;0
5;2025-11-20;13;0
5;2025-11-20;14;0
5;2025-11-20;15;0
5;2025-11-20;16;0
5;2025-11-20;17;0
5;2025-11-20;18;0
5;2025-11-20;19;0
5;2025-11-20;20;0
5;2025-11-20;21;0
5;2025-11-20;22;0
5;2025-11-20;23;0
5;2025-11-21;0;0
5;2025-11-21;1;0
5;2025-11-21;2;0
5;2025-11-21;3;0
5;2025-11-21;4;0
5;2025-11-21;5;0
5;2025-11-21;6;0
5;2025-11-21;7;0
5;2025-11-21;8;0
5;2025-11-21;9;0
5;2025-11-21;10;0
5;2025-11-21;11;0
5;2025-11-21;12;0
5;2025-11-21;13;0
5;2025-11-21;14;0
5;2025-11-21;15;0
5;2025-11-21;16;0
5;2025-11-21;17;0
5;2025-11-21;18;0
5;2025-11-21;19;0
5;2025-11-21;20;0
5;2025-11-21;21;0
5;2025-11-21;22;0
5;2025-11-21;23;0
5;2025-11-22;0;0
5;2025-11-22;1;0
5;2025-11-22;2;0
5;2025-11-22;3;0
5;2025-11-22;4;0
5;2025-11-22;5;0
5;2025-11-22;6;0
5;2025-11-22;7;0
5;2025-11-22;8;0
5;2025-11-22;9;0
5;2025-11-22;10;0
5;2025-11-22;11;0
5;2025-11-22;12;0
5;2025-11-22;13;0
5;2025-11-22;14;0
5;2025-11-22;15;0
5;2025-11-22;16;0
5;2025-11-22;17;0
5;2025-11-22;18;0
5;2025-11-22;19;0
5;2025-11-22;20;0
5;2025-11-22;21;0
5;2025-11-22;22;0
5;2025-11-22;23;0
5;2025-11-23;0;0
5;2025-11-23;1;0
5;2025-11-23;2;0
5;2025-11-23;3;0
5;2025-11-23;4;0
5;2025-11-23;5;0
5;2025-11-23;6;0
5;2025-11-23;7;0
5;2025-11-23;8;0
5;2025-11-23;9;0
5;2025-11-23;10;0
5;2025-11-23;11;0
5;2025-11-23;12;0
5;2025-11-23;13;0
5;2025-11-23;14;0
5;2025-11-23;15;0
5;2025-11-23;16;0
5;2025-11-23;17;0
5;2025-11-23;18;0
5;2025-11-23;19;0
5;2025-11-23;20;0
5;2025-11-23;21;0
5;2025-11-23;22;0
5;2025-11-23;23;0
5;2025-11-24;0;0
5;2025-11-24;1;0
5;2025-11-24;2;0
5;2025-11-24;3;0
5;2025-11-24;4;0
5;2025-11-24;5;0
5;2025-11-24;6;0
5;2025-11-24;7;0
5;2025-11-24;8;0
5;2025-11-24;9;0
5;2025-11-24;10;0
5;2025-11-24;11;0
5;2025-11-24;12;0
5;2025-11-24;13;0
5;2025-11-24;14;0
5;2025-11-24;15;0
5;2025-11-24;16;0
5;2025-11-24;17;0
5;2025-11-24;18;0
5;2025-11-24;19;0
5;2025-11-24;20;0
5;2025-11-24;21;0
5;2025-11-24;22;0
5;2025-11-24;23;0
5;2025-11-25;0;0
5;2025-11-25;1;0
5;2025-11-25;2;0
5;2025-11-25;3;0
5;2025-11-25;4;0
5;2025-11-25;5;0
5;2025-11-25;6;0
5;2025-11-25;7;0
5;2025-11-25;8;0
5;2025-11-25;9;0
5;2025-11-25;10;0
5;2025-11-25;11;0
5;2025-11-25;12;0
5;2025-11-25;13;0
5;2025-11-25;14;0
5;2025-11-25;15;0
5;2025-11-25;16;0
5;2025-11-25;17;0
5;2025-11-25;18;0
5;2025-11-25;19;0
5;2025-11-25;20;0
5;2025-11-25;21;0
5;2025-11-25;22;0
5;2025-11-25;23;0
5;2025-11-26;0;0
5;2025-11-26;1;0
5;2025-11-26;2;0
5;2025-11-26;3;0
5;2025-11-26;4;0
5;2025-11-26;5;0
5;2025-11-26;6;0
5;2025-11-26;7;0
5;2025-11-26;8;0
5;2025-11-26;9;0
5;2025-11-26;10;0
5;2025-11-26;11;0
5;2025-11-26;12;0
5;2025-11-26;13;0
5;2025-11-26;14;0
5;2025-11-26;15;0
5;2025-11-26;16;0
5;2025-11-26;17;0
5;2025-11-26;18;0
5;2025-11-26;19;0
5;2025-11-26;20;0
5;2025-11-26;21;0
5;2025-11-26;22;0
5;2025-11-26;23;0
5;2025-11-27;0;0
5;2025-11-27;1;0
5;2025-11-27;2;0
5;2025-11-27;3;0
5;2025-11-27;4;0
5;2025-11-27;5;0
5;2025-11-27;6;0
5;2025-11-27;7;0
5;2025-11-27;8;0
5;2025-11-27;9;0
5;2025-11-27;10;0
5;2025-11-27;11;0
5;2025-11-27;12;0
5;2025-11-27;13;0
5;2025-11-27;14;0
5;2025-11-27;15;0
5;2025-11-27;16;0
5;2025-11-27;17;0
5;2025-11-27;18;0
5;2025-11-27;19;0
5;2025-11-27;20;0
5;2025-11-27;21;0
5;2025-11-27;22;0
5;2025-11-27;23;0
5;2025-11-28;0;0
5;2025-11-28;1;0
5;2025-11-28;2;0
5;2025-11-28;3;0
5;2025-11-28;4;0
5;2025-11-28;5;0
5;2025-11-28;6;0
5;2025-11-28;7;0
5;2025-11-28;8;0
5;2025-11-28;9;0
5;2025-11-28;10;0
5;2025-11-28;11;0
5;2025-11-28;12;0
5;2025-11-28;13;0
5;2025-11-28;14;0
5;2025-11-28;15;0
5;2025-11-28;16;0
5;2025-11-28;17;0
5;2025-11-28;18;0
5;2025-11-28;19;0
5;2025-11-28;20;0
5;2025-11-28;21;0
5;2025-11-28;22;0
5;2025-11-28;23;0
5;2025-11-29;0;0
5;2025-11-29;1;0
5;2025-11-29;2;0
5;2025-11-29;3;0
5;2025-11-29;4;0
5;2025-11-29;5;0
5;2025-11-29;6;0
5;2025-11-29;7;0
5;2025-11-29;8;0
5;2025-11-29;9;0
5;2025-11-29;10;0
5;2025-11-29;11;0
5;2025-11-29;12;0
5;2025-11-29;13;0
5;2025-11-29;14;0
5;2025-11-29;15;0
5;2025-11-29;16;0
5;2025-11-29;17;0
5;2025-11-29;18;0
5;2025-11-29;19;0
5;2025-11-29;20;0
5;2025-11-29;21;0
5;2025-11-29;22;0
5;2025-11-29;23;0
5;2025-11-30;0;0
5;2025-11-30;1;0
5;2025-11-30;2;0
5;2025-11-30;3;0
5;2025-11-30;4;0
5;2025-11-30;5;0
5;2025-11-30;6;0
5;2025-11-30;7;0
5;2025-11-30;8;0
5;2025-11-30;9;0
5;2025-11-30;10;0
5;2025-11-30;11;0
5;2025-11-30;12;0
5;2025-11-30;13;0
5;2025-11-30;14;0
5;2025-11-30;15;0
5;2025-11-30;16;0
5;2025-11-30;17;0
5;2025-11-30;18;0
5;2025-11-30;19;0
5;2025-11-30;20;0
5;2025-11-30;21;0
5;2025-11-30;22;0
5;2025-11-30;23;0
5;2025-12-01;0;0
5;2025-12-01;1;0
5;2025-12-01;2;0
5;2025-12-01;3;0
5;2025-12-01;4;0
5;2025-12-01;5;0
5;2025-12-01;6;0
5;2025-12-01;7;0
5;2025-12-01;8;0
5;2025-12-01;9;0
5;2025-12-01;10;0
5;2025-12-01;11;0
5;2025-12-01;12;0
5;2025-12-01;13;0
5;2025-12-01;14;0
5;2025-12-01;15;0
5;2025-12-01;16;0
5;2025-12-01;17;0
5;2025-12-01;18;0
5;2025-12-01;19;0
5;2025-12-01;20;0
5;2025-12-01;21;0
5;2025-12-01;22;0
5;2025-12-01;23;0
5;2025-12-02;0;0
5;2025-12-02;1;0
5;2025-12-02;2;0
5;2025-12-02;3;0
5;2025-12-02;4;0
5;2025-12-02;5;0
5;2025-12-02;6;0
5;2025-12-02;7;0
5;2025-12-02;8;0
5;2025-12-02;9;0
5;2025-12-02;10;0
5;2025-12-02;11;0
5;2025-12-02;12;0
5;2025-12-02;13;0
5;2025-12-02;14;0
5;2025-12-02;15;0
5;2025-12-02;16;0
5;2025-12-02;17;0
5;2025-12-02;18;0
5;2025-12-02;19;0
5;2025-12-02;20;0
5;2025-12-02;21;0
5;2025-12-02;22;0
5;2025-12-02;23;0
5;2025-12-03;0;0
5;2025-12-03;1;0
5;2025-12-03;2;0
5;2025-12-03;3;0
5;2025-12-03;4;0
5;2025-12-03;5;0
5;2025-12-03;6;0
5;2025-12-03;7;0
5;2025-12-03;8;0
5;2025-12-03;9;0
5;2025-12-03;10;0
5;2025-12-03;11;0
5;2025-12-03;12;0
5;2025-12-03;13;0
5;2025-12-03;14;0
5;2025-12-03;15;0
5;2025-12-03;16;0
5;2025-12-03;17;0
5;2025-12-03;18;0
5;2025-12-03;19;0
5;2025-12-03;20;0
5;2025-12-03;21;0
5;2025-12-03;22;0
5;2025-12-03;23;0
5;2025-12-04;0;0
5;2025-12-04;1;0
5;2025-12-04;2;0
5;2025-12-04;3;0
5;2025-12-04;4;0
5;2025-12-04;5;0
5;2025-12-04;6;0
5;2025-12-04;7;0
5;2025-12-04;8;0
5;2025-12-04;9;0
5;2025-12-04;10;0
5;2025-12-04;11;0
5;2025-12-04;12;0
5;2025-12-04;13;0
5;2025-12-04;14;0
5;2025-12-04;15;0
5;2025-12-04;16;0
5;2025-12-04;17;0
5;2025-12-04;18;0
5;2025-12-04;19;0
5;2025-12-04;20;0
5;2025-12-04;21;0
5;2025-12-04;22;0
5;2025-12-04;23;0
5;2025-12-05;0;0
5;2025-12-05;1;0
5;2025-12-05;2;0
5;2025-12-05;3;0
5;2025-12-05;4;0
5;2025-12-05;5;0
5;2025-12-05;6;0
5;2025-12-05;7;0
5;2025-12-05;8;0
5;2025-12-05;9;0
5;2025-12-05;10;0
5;2025-12-05;11;0
5;2025-12-05;12;0
5;2025-12-05;13;0
5;2025-12-05;14;0
5;2025-12-05;15;0
5;2025-12-05;16;0
5;2025-12-05;17;0
5;2025-12-05;18;0
5;2025-12-05;19;0
5;2025-12-05;20;0
5;2025-12-05;21;0
5;2025-12-05;22;0
5;2025-12-05;23;0
5;2025-12-06;0;0
5;2025-12-06;1;0
5;2025-12-06;2;0
5;2025-12-06;3;0
5;2025-12-06;4;0
5;2025-12-06;5;0
5;2025-12-06;6;0
5;2025-12-06;7;0
5;2025-12-06;8;0
5;2025-12-06;9;0
5;2025-12-06;10;0
5;2025-12-06;11;0
5;2025-12-06;12;0
5;2025-12-06;13;0
5;2025-12-06;14;0
5;2025-12-06;15;0
5;2025-12-06;16;0
5;2025-12-06;17;0
5;2025-12-06;18;0
5;2025-12-06;19;0
5;2025-12-06;20;0
5;2025-12-06;21;0
5;2025-12-06;22;0
5;2025-12-06;23;0
5;2025-12-07;0;0
5;2025-12-07;1;0
5;2025-12-07;2;0
5;2025-12-07;3;0
5;2025-12-07;4;0
5;2025-12-07;5;0
5;2025-12-07;6;0
5;2025-12-07;7;0
5;2025-12-07;8;0
5;2025-12-07;9;0
5;2025-12-07;10;0
5;2025-12-07;11;0
5;2025-12-07;12;0
5;2025-12-07;13;0
5;2025-12-07;14;0
5;2025-12-07;15;0
5;2025-12-07;16;0
5;2025-12-07;17;0
5;2025-12-07;18;0
5;2025-12-07;19;0
5;2025-12-07;20;0
5;2025-12-07;21;0
5;2025-12-07;22;0
5;2025-12-07;23;0
5;2025-12-08;0;0
5;2025-12-08;1;0
5;2025-12-08;2;0
5;2025-12-08;3;0
5;2025-12-08;4;0
5;2025-12-08;5;0
5;2025-12-08;6;0
5;2025-12-08;7;0
5;2025-12-08;8;0
5;2025-12-08;9;0
5;2025-12-08;10;0
5;2025-12-08;11;0
5;2025-12-08;12;0
5;2025-12-08;13;0
5;2025-12-08;14;0
5;2025-12-08;15;0
5;2025-12-08;16;0
5;2025-12-08;17;0
5;2025-12-08;18;0
5;2025-12-08;19;0
5;2025-12-08;20;0
5;2025-12-08;21;0
5;2025-12-08;22;0
5;2025-12-08;23;0
5;2025-12-09;0;0
5;2025-12-09;1;0
5;2025-12-09;2;0
5;2025-12-09;3;0
5;2025-12-09;4;0
5;2025-12-09;5;0
5;2025-12-09;6;0
5;2025-12-09;7;0
5;2025-12-09;8;0
5;2025-12-09;9;0
5;2025-12-09;10;0
5;2025-12-09;11;0
5;2025-12-09;12;0
5;2025-12-09;13;0
5;2025-12-09;14;0
5;2025-12-09;15;0
5;2025-12-09;16;0
5;2025-12-09;17;0
5;2025-12-09;18;0
5;2025-12-09;19;0
5;2025-12-09;20;0
5;2025-12-09;21;0
5;2025-12-09;22;0
5;2025-12-09;23;0
5;2025-12-10;0;0
5;2025-12-10;1;0
5;2025-12-10;2;0
5;2025-12-10;3;0
5;2025-12-10;4;0
5;2025-12-10;5;0
5;2025-12-10;6;0
5;2025-12-10;7;0
5;2025-12-10;8;0
5;2025-12-10;9;0
5;2025-12-10;10;0
5;2025-12-10;11;0
5;2025-12-10;12;0
5;2025-12-10;13;0
5;2025-12-10;14;0
5;2025-12-10;15;0
5;2025-12-10;16;0
5;2025-12-10;17;0
5;2025-12-10;18;0
5;2025-12-10;19;0
5;2025-12-10;20;0
5;2025-12-10;21;0
5;2025-12-10;22;0
5;2025-12-10;23;0
5;2025-12-11;0;0
5;2025-12-11;1;0
5;2025-12-11;2;0
5;2025-12-11;3;0
5;2025-12-11;4;0
5;2025-12-11;5;0
5;2025-12-11;6;0
5;2025-12-11;7;0
5;2025-12-11;8;0
5;2025-12-11;9;0
5;2025-12-11;10;0
5;2025-12-11;11;0
5;2025-12-11;12;0
5;2025-12-11;13;0
5;2025-12-11;14;0
5;2025-12-11;15;0
5;2025-12-11;16;0
5;2025-12-11;17;0
5;2025-12-11;18;0
5;2025-12-11;19;0
5;2025-12-11;20;0
5;2025-12-11;21;0
5;2025-12-11;22;0
5;2025-12-11;23;0
5;2025-12-12;0;0
5;2025-12-12;1;0
5;2025-12-12;2;0
5;2025-12-12;3;0
5;2025-12-12;4;0
5;2025-12-12;5;0
5;2025-12-12;6;0
5;2025-12-12;7;0
5;2025-12-12;8;0
5;2025-12-12;9;0
5;2025-12-12;10;0
5;2025-12-12;11;0
5;2025-12-12;12;0
5;2025-12-12;13;0
5;2025-12-12;14;0
5;2025-12-12;15;0
5;2025-12-12;16;0
5;2025-12-12;17;0
5;2025-12-12;18;0
5;2025-12-12;19;0
5;2025-12-12;20;0
5;2025-12-12;21;0
5;2025-12-12;22;0
5;2025-12-12;23;0
5;2025-12-13;0;0
5;2025-12-13;1;0
5;2025-12-13;2;0
5;2025-12-13;3;0
5;2025-12-13;4;0
5;2025-12-13;5;0
5;2025-12-13;6;0
5;2025-12-13;7;0
5;2025-12-13;8;0
5;2025-12-13;9;0
5;2025-12-13;10;0
5;2025-12-13;11;0
5;2025-12-13;12;0
5;2025-12-13;13;0
5;2025-12-13;14;0
5;2025-12-13;15;0
5;2025-12-13;16;0
5;2025-12-13;17;0
5;2025-12-13;18;0
5;2025-12-13;19;0
5;2025-12-13;20;0
5;2025-12-13;21;0
5;2025-12-13;22;0
5;2025-12-13;23;0
5;2025-12-14;0;0
5;2025-12-14;1;0
5;2025-12-14;2;0
5;2025-12-14;3;0
5;2025-12-14;4;0
5;2025-12-14;5;0
5;2025-12-14;6;0
5;2025-12-14;7;0
5;2025-12-14;8;0
5;2025-12-14;9;0
5;2025-12-14;10;0
5;2025-12-14;11;0
5;2025-12-14;12;0
5;2025-12-14;13;0
5;2025-12-14;14;0
5;2025-12-14;15;0
5;2025-12-14;16;0
5;2025-12-14;17;0
5;2025-12-14;18;0
5;2025-12-14;19;0
5;2025-12-14;20;0
5;2025-12-14;21;0
5;2025-12-14;22;0
5;2025-12-14;23;0
5;2025-12-15;0;0
5;2025-12-15;1;0
5;2025-12-15;2;0
5;2025-12-15;3;0
5;2025-12-15;4;0
5;2025-12-15;5;0
5;2025-12-15;6;0
5;2025-12-15;7;0
5;2025-12-15;8;0
5;2025-12-15;9;0
5;2025-12-15;10;0
5;2025-12-15;11;0
5;2025-12-15;12;0
5;2025-12-15;13;0
5;2025-12-15;14;0
5;2025-12-15;15;0
5;2025-12-15;16;0
5;2025-12-15;17;0
5;2025-12-15;18;0
5;2025-12-15;19;0
5;2025-12-15;20;0
5;2025-12-15;21;0
5;2025-12-15;22;0
5;2025-12-15;23;0
5;2025-12-16;0;8
5;2025-12-16;1;1
5;2025-12-16;2;0
5;2025-12-16;3;0
5;2025-12-16;4;0
5;2025-12-16;5;26
5;2025-12-16;6;98
5;2025-12-16;7;217
5;2025-12-16;8;329
5;2025-12-16;9;252
5;2025-12-16;10;218
5;2025-12-16;11;190
5;2025-12-16;12;201
5;2025-12-16;13;198
5;2025-12-16;14;212
5;2025-12-16;15;232
5;2025-12-16;16;248
5;2025-12-16;17;306
5;2025-12-16;18;338
5;2025-12-16;19;228
5;2025-12-16;20;143
5;2025-12-16;21;84
5;2025-12-16;22;40
5;2025-12-16;23;24
5;2025-12-17;0;13
5;2025-12-17;1;2
5;2025-12-17;2;0
5;2025-12-17;3;0
5;2025-12-17;4;0
5;2025-12-17;5;43
5;2025-12-17;6;164
5;2025-12-17;7;361
5;2025-12-17;8;548
5;2025-12-17;9;420
5;2025-12-17;10;363
5;2025-12-17;11;317
5;2025-12-17;12;335
5;2025-12-17;13;330
5;2025-12-17;14;354
5;2025-12-17;15;386
5;2025-12-17;16;413
5;2025-12-17;17;510
5;2025-12-17;18;563
5;2025-12-17;19;380
5;2025-12-17;20;238
5;2025-12-17;21;140
5;2025-12-17;22;67
5;2025-12-17;23;40
5;2025-12-18;0;13
5;2025-12-18;1;2
5;2025-12-18;2;0
5;2025-12-18;3;0
5;2025-12-18;4;0
5;2025-12-18;5;43
5;2025-12-18;6;164
5;2025-12-18;7;361
5;2025-12-18;8;548
5;2025-12-18;9;420
5;2025-12-18;10;363
5;2025-12-18;11;317
5;2025-12-18;12;335
5;2025-12-18;13;330
5;2025-12-18;14;354
5;2025-12-18;15;386
5;2025-12-18;16;413
5;2025-12-18;17;510
5;2025-12-18;18;563
5;2025-12-18;19;380
5;2025-12-18;20;238
5;2025-12-18;21;140
5;2025-12-18;22;67
5;2025-12-18;23;40
5;2025-12-19;0;14
5;2025-12-19;1;2
5;2025-12-19;2;0
5;2025-12-19;3;0
5;2025-12-19;4;0
5;2025-12-19;5;42
5;2025-12-19;6;154
5;2025-12-19;7;349
5;2025-12-19;8;509
5;2025-12-19;9;398
5;2025-12-19;10;365
5;2025-12-19;11;344
5;2025-12-19;12;352
5;2025-12-19;13;375
5;2025-12-19;14;391
5;2025-12-19;15;414
5;2025-12-19;16;489
5;2025-12-19;17;505
5;2025-12-19;18;458
5;2025-12-19;19;337
5;2025-12-19;20;230
5;2025-12-19;21;142
5;2025-12-19;22;77
5;2025-12-19;23;50
5;2025-12-20;0;19
5;2025-12-20;1;5
5;2025-12-20;2;0
5;2025-12-20;3;0
5;2025-12-20;4;0
5;2025-12-20;5;10
5;2025-12-20;6;65
5;2025-12-20;7;97
5;2025-12-20;8;158
5;2025-12-20;9;192
5;2025-12-20;10;207
5;2025-12-20;11;262
5;2025-12-20;12;296
5;2025-12-20;13;290
5;2025-12-20;14;310
5;2025-12-20;15;276
5;2025-12-20;16;271
5;2025-12-20;17;248
5;2025-12-20;18;232
5;2025-12-20;19;221
5;2025-12-20;20;183
5;2025-12-20;21;137
5;2025-12-20;22;73
5;2025-12-20;23;47
5;2025-12-21;0;21
5;2025-12-21;1;5
5;2025-12-21;2;0
5;2025-12-21;3;0
5;2025-12-21;4;0
5;2025-12-21;5;9
5;2025-12-21;6;49
5;2025-12-21;7;68
5;2025-12-21;8;112
5;2025-12-21;9;140
5;2025-12-21;10;171
5;2025-12-21;11;226
5;2025-12-21;12;249
5;2025-12-21;13;263
5;2025-12-21;14;275
5;2025-12-21;15;263
5;2025-12-21;16;246
5;2025-12-21;17;238
5;2025-12-21;18;199
5;2025-12-21;19;167
5;2025-12-21;20;153
5;2025-12-21;21;116
5;2025-12-21;22;65
5;2025-12-21;23;36
5;2025-12-22;0;13
5;2025-12-22;1;2
5;2025-12-22;2;0
5;2025-12-22;3;0
5;2025-12-22;4;0
5;2025-12-22;5;43
5;2025-12-22;6;164
5;2025-12-22;7;361
5;2025-12-22;8;548
5;2025-12-22;9;420
5;2025-12-22;10;363
5;2025-12-22;11;317
5;2025-12-22;12;335
5;2025-12-22;13;330
5;2025-12-22;14;354
5;2025-12-22;15;386
5;2025-12-22;16;413
5;2025-12-22;17;510
5;2025-12-22;18;563
5;2025-12-22;19;380
5;2025-12-22;20;238
5;2025-12-22;21;140
5;2025-12-22;22;67
5;2025-12-22;23;40
5;2025-12-23;0;13
5;2025-12-23;1;2
5;2025-12-23;2;0
5;2025-12-23;3;0
5;2025-12-23;4;0
5;2025-12-23;5;43
5;2025-12-23;6;164
5;2025-12-23;7;361
5;2025-12-23;8;548
5;2025-12-23;9;420
5;2025-12-23;10;363
5;2025-12-23;11;317
5;2025-12-23;12;335
5;2025-12-23;13;330
5;2025-12-23;14;354
5;2025-12-23;15;386
5;2025-12-23;16;413
5;2025-12-23;17;510
5;2025-12-23;18;563
5;2025-12-23;19;380
5;2025-12-23;20;238
5;2025-12-23;21;140
5;2025-12-23;22;67
5;2025-12-23;23;40
5;2025-12-24;0;13
5;2025-12-24;1;2
5;2025-12-24;2;0
5;2025-12-24;3;0
5;2025-12-24;4;0
5;2025-12-24;5;43
5;2025-12-24;6;164
5;2025-12-24;7;361
5;2025-12-24;8;548
5;2025-12-24;9;420
5;2025-12-24;10;363
5;2025-12-24;11;317
5;2025-12-24;12;335
5;2025-12-24;13;330
5;2025-12-24;14;354
5;2025-12-24;15;386
5;2025-12-24;16;413
5;2025-12-24;17;510
5;2025-12-24;18;563
5;2025-12-24;19;380
5;2025-12-24;20;238
5;2025-12-24;21;140
5;2025-12-24;22;67
5;2025-12-24;23;40
5;2025-12-25;0;13
5;2025-12-25;1;2
5;2025-12-25;2;0
5;2025-12-25;3;0
5;2025-12-25;4;0
5;2025-12-25;5;43
5;2025-12-25;6;164
5;2025-12-25;7;361
5;2025-12-25;8;548
5;2025-12-25;9;420
5;2025-12-25;10;363
5;2025-12-25;11;317
5;2025-12-25;12;335
5;2025-12-25;13;330
5;2025-12-25;14;354
5;2025-12-25;15;386
5;2025-12-25;16;413
5;2025-12-25;17;510
5;2025-12-25;18;563
5;2025-12-25;19;380
5;2025-12-25;20;238
5;2025-12-25;21;140
5;2025-12-25;22;67
5;2025-12-25;23;40
5;2025-12-26;0;14
5;2025-12-26;1;2
5;2025-12-26;2;0
5;2025-12-26;3;0
5;2025-12-26;4;0
5;2025-12-26;5;42
5;2025-12-26;6;154
5;2025-12-26;7;349
5;2025-12-26;8;509
5;2025-12-26;9;398
5;2025-12-26;10;365
5;2025-12-26;11;344
5;2025-12-26;12;352
5;2025-12-26;13;375
5;2025-12-26;14;391
5;2025-12-26;15;414
5;2025-12-26;16;489
5;2025-12-26;17;505
5;2025-12-26;18;458
5;2025-12-26;19;337
5;2025-12-26;20;230
5;2025-12-26;21;142
5;2025-12-26;22;77
5;2025-12-26;23;50
5;2025-12-27;0;19
5;2025-12-27;1;5
5;2025-12-27;2;0
5;2025-12-27;3;0
5;2025-12-27;4;0
5;2025-12-27;5;10
5;2025-12-27;6;65
5;2025-12-27;7;97
5;2025-12-27;8;158
5;2025-12-27;9;192
5;2025-12-27;10;207
5;2025-12-27;11;262
5;2025-12-27;12;296
5;2025-12-27;13;290
5;2025-12-27;14;310
5;2025-12-27;15;276
5;2025-12-27;16;271
5;2025-12-27;17;248
5;2025-12-27;18;232
5;2025-12-27;19;221
5;2025-12-27;20;183
5;2025-12-27;21;137
5;2025-12-27;22;73
5;2025-12-27;23;47
5;2025-12-28;0;21
5;2025-12-28;1;5
5;2025-12-28;2;0
5;2025-12-28;3;0
5;2025-12-28;4;0
5;2025-12-28;5;9
5;2025-12-28;6;49
5;2025-12-28;7;68
5;2025-12-28;8;112
5;2025-12-28;9;140
5;2025-12-28;10;171
5;2025-12-28;11;226
5;2025-12-28;12;249
5;2025-12-28;13;263
5;2025-12-28;14;275
5;2025-12-28;15;263
5;2025-12-28;16;246
5;2025-12-28;17;238
5;2025-12-28;18;199
5;2025-12-28;19;167
5;2025-12-28;20;153
5;2025-12-28;21;116
5;2025-12-28;22;65
5;2025-12-28;23;36
5;2025-12-29;0;12
5;2025-12-29;1;2
5;2025-12-29;2;0
5;2025-12-29;3;0
5;2025-12-29;4;0
5;2025-12-29;5;39
5;2025-12-29;6;147
5;2025-12-29;7;325
5;2025-12-29;8;493
5;2025-12-29;9;378
5;2025-12-29;10;327
5;2025-12-29;11;286
5;2025-12-29;12;302
5;2025-12-29;13;297
5;2025-12-29;14;319
5;2025-12-29;15;348
5;2025-12-29;16;372
5;2025-12-29;17;459
5;2025-12-29;18;507
5;2025-12-29;19;342
5;2025-12-29;20;214
5;2025-12-29;21;126
5;2025-12-29;22;60
5;2025-12-29;23;36
5;2025-12-30;0;11
5;2025-12-30;1;2
5;2025-12-30;2;0
5;2025-12-30;3;0
5;2025-12-30;4;0
5;2025-12-30;5;37
5;2025-12-30;6;139
5;2025-12-30;7;307
5;2025-12-30;8;466
5;2025-12-30;9;357
5;2025-12-30;10;308
5;2025-12-30;11;270
5;2025-12-30;12;285
5;2025-12-30;13;281
5;2025-12-30;14;301
5;2025-12-30;15;328
5;2025-12-30;16;351
5;2025-12-30;17;434
5;2025-12-30;18;479
5;2025-12-30;19;323
5;2025-12-30;20;202
5;2025-12-30;21;119
5;2025-12-30;22;57
5;2025-12-30;23;34
5;2025-12-31;0;10
5;2025-12-31;1;3
5;2025-12-31;2;0
5;2025-12-31;3;0
5;2025-12-31;4;0
5;2025-12-31;5;6
5;2025-12-31;6;35
5;2025-12-31;7;52
5;2025-12-31;8;86
5;2025-12-31;9;104
5;2025-12-31;10;112
5;2025-12-31;11;141
5;2025-12-31;12;160
5;2025-12-31;13;157
5;2025-12-31;14;168
5;2025-12-31;15;149
5;2025-12-31;16;147
5;2025-12-31;17;134
5;2025-12-31;18;126
5;2025-12-31;19;120
5;2025-12-31;20;10
5;2025-12-31;21;7
5;2025-12-31;22;4
5;2025-12-31;23;2
7;2025-11-01;0;109
7;2025-11-01;1;25
7;2025-11-01;2;0
7;2025-11-01;3;0
7;2025-11-01;4;1
7;2025-11-01;5;168
7;2025-11-01;6;612
7;2025-11-01;7;1401
7;2025-11-01;8;2056
7;2025-11-01;9;1594
7;2025-11-01;10;1498
7;2025-11-01;11;1405
7;2025-11-01;12;1445
7;2025-11-01;13;1526
7;2025-11-01;14;1587
7;2025-11-01;15;1687
7;2025-11-01;16;1975
7;2025-11-01;17;2046
7;2025-11-01;18;1842
7;2025-11-01;19;1337
7;2025-11-01;20;930
7;2025-11-01;21;571
7;2025-11-01;22;309
7;2025-11-01;23;206
7;2025-11-02;0;103
7;2025-11-02;1;24
7;2025-11-02;2;0
7;2025-11-02;3;0
7;2025-11-02;4;1
7;2025-11-02;5;30
7;2025-11-02;6;129
7;2025-11-02;7;170
7;2025-11-02;8;384
7;2025-11-02;9;508
7;2025-11-02;10;405
7;2025-11-02;11;603
7;2025-11-02;12;651
7;2025-11-02;13;647
7;2025-11-02;14;676
7;2025-11-02;15;732
7;2025-11-02;16;631
7;2025-11-02;17;616
7;2025-11-02;18;640
7;2025-11-02;19;473
7;2025-11-02;20;409
7;2025-11-02;21;300
7;2025-11-02;22;155
7;2025-11-02;23;124
7;2025-11-03;0;91
7;2025-11-03;1;21
7;2025-11-03;2;0
7;2025-11-03;3;0
7;2025-11-03;4;1
7;2025-11-03;5;31
7;2025-11-03;6;155
7;2025-11-03;7;184
7;2025-11-03;8;427
7;2025-11-03;9;438
7;2025-11-03;10;418
7;2025-11-03;11;525
7;2025-11-03;12;643
7;2025-11-03;13;621
7;2025-11-03;14;620
7;2025-11-03;15;641
7;2025-11-03;16;593
7;2025-11-03;17;570
7;2025-11-03;18;564
7;2025-11-03;19;431
7;2025-11-03;20;386
7;2025-11-03;21;276
7;2025-11-03;22;149
7;2025-11-03;23;120
7;2025-11-04;0;91
7;2025-11-04;1;21
7;2025-11-04;2;0
7;2025-11-04;3;0
7;2025-11-04;4;1
7;2025-11-04;5;31
7;2025-11-04;6;154
7;2025-11-04;7;183
7;2025-11-04;8;425
7;2025-11-04;9;436
7;2025-11-04;10;417
7;2025-11-04;11;523
7;2025-11-04;12;640
7;2025-11-04;13;618
7;2025-11-04;14;617
7;2025-11-04;15;638
7;2025-11-04;16;590
7;2025-11-04;17;567
7;2025-11-04;18;561
7;2025-11-04;19;429
7;2025-11-04;20;384
7;2025-11-04;21;275
7;2025-11-04;22;148
7;2025-11-04;23;120
7;2025-11-05;0;61
7;2025-11-05;1;12
7;2025-11-05;2;0
7;2025-11-05;3;0
7;2025-11-05;4;1
7;2025-11-05;5;204
7;2025-11-05;6;752
7;2025-11-05;7;1706
7;2025-11-05;8;2599
7;2025-11-05;9;1983
7;2025-11-05;10;1733
7;2025-11-05;11;1535
7;2025-11-05;12;1627
7;2025-11-05;13;1587
7;2025-11-05;14;1690
7;2025-11-05;15;1843
7;2025-11-05;16;1964
7;2025-11-05;17;2427
7;2025-11-05;18;2675
7;2025-11-05;19;1792
7;2025-11-05;20;1134
7;2025-11-05;21;669
7;2025-11-05;22;319
7;2025-11-05;23;192
7;2025-11-06;0;60
7;2025-11-06;1;12
7;2025-11-06;2;0
7;2025-11-06;3;0
7;2025-11-06;4;1
7;2025-11-06;5;201
7;2025-11-06;6;744
7;2025-11-06;7;1687
7;2025-11-06;8;2569
7;2025-11-06;9;1960
7;2025-11-06;10;1713
7;2025-11-06;11;1517
7;2025-11-06;12;1609
7;2025-11-06;13;1569
7;2025-11-06;14;1671
7;2025-11-06;15;1822
7;2025-11-06;16;1942
7;2025-11-06;17;2400
7;2025-11-06;18;2644
7;2025-11-06;19;1771
7;2025-11-06;20;1121
7;2025-11-06;21;662
7;2025-11-06;22;315
7;2025-11-06;23;190
7;2025-11-07;0;67
7;2025-11-07;1;12
7;2025-11-07;2;0
7;2025-11-07;3;0
7;2025-11-07;4;1
7;2025-11-07;5;189
7;2025-11-07;6;687
7;2025-11-07;7;1574
7;2025-11-07;8;2310
7;2025-11-07;9;1791
7;2025-11-07;10;1684
7;2025-11-07;11;1579
7;2025-11-07;12;1623
7;2025-11-07;13;1714
7;2025-11-07;14;1784
7;2025-11-07;15;1896
7;2025-11-07;16;2219
7;2025-11-07;17;2300
7;2025-11-07;18;2070
7;2025-11-07;19;1503
7;2025-11-07;20;1045
7;2025-11-07;21;641
7;2025-11-07;22;347
7;2025-11-07;23;231
7;2025-11-08;0;117
7;2025-11-08;1;26
7;2025-11-08;2;0
7;2025-11-08;3;0
7;2025-11-08;4;1
7;2025-11-08;5;48
7;2025-11-08;6;258
7;2025-11-08;7;282
7;2025-11-08;8;673
7;2025-11-08;9;543
7;2025-11-08;10;621
7;2025-11-08;11;659
7;2025-11-08;12;917
7;2025-11-08;13;863
7;2025-11-08;14;824
7;2025-11-08;15;809
7;2025-11-08;16;808
7;2025-11-08;17;764
7;2025-11-08;18;718
7;2025-11-08;19;568
7;2025-11-08;20;527
7;2025-11-08;21;368
7;2025-11-08;22;207
7;2025-11-08;23;168
7;2025-11-09;0;103
7;2025-11-09;1;24
7;2025-11-09;2;0
7;2025-11-09;3;0
7;2025-11-09;4;1
7;2025-11-09;5;30
7;2025-11-09;6;129
7;2025-11-09;7;171
7;2025-11-09;8;384
7;2025-11-09;9;509
7;2025-11-09;10;406
7;2025-11-09;11;603
7;2025-11-09;12;652
7;2025-11-09;13;648
7;2025-11-09;14;677
7;2025-11-09;15;733
7;2025-11-09;16;631
7;2025-11-09;17;617
7;2025-11-09;18;640
7;2025-11-09;19;474
7;2025-11-09;20;410
7;2025-11-09;21;301
7;2025-11-09;22;155
7;2025-11-09;23;124
7;2025-11-10;0;59
7;2025-11-10;1;12
7;2025-11-10;2;0
7;2025-11-10;3;0
7;2025-11-10;4;1
7;2025-11-10;5;198
7;2025-11-10;6;732
7;2025-11-10;7;1661
7;2025-11-10;8;2529
7;2025-11-10;9;1929
7;2025-11-10;10;1687
7;2025-11-10;11;1493
7;2025-11-10;12;1583
7;2025-11-10;13;1545
7;2025-11-10;14;1645
7;2025-11-10;15;1794
7;2025-11-10;16;1911
7;2025-11-10;17;2362
7;2025-11-10;18;2603
7;2025-11-10;19;1744
7;2025-11-10;20;1103
7;2025-11-10;21;651
7;2025-11-10;22;310
7;2025-11-10;23;187
7;2025-11-11;0;61
7;2025-11-11;1;12
7;2025-11-11;2;0
7;2025-11-11;3;0
7;2025-11-11;4;1
7;2025-11-11;5;204
7;2025-11-11;6;752
7;2025-11-11;7;1706
7;2025-11-11;8;2599
7;2025-11-11;9;1983
7;2025-11-11;10;1733
7;2025-11-11;11;1535
7;2025-11-11;12;1627
7;2025-11-11;13;1587
7;2025-11-11;14;1690
7;2025-11-11;15;1843
7;2025-11-11;16;1964
7;2025-11-11;17;2427
7;2025-11-11;18;2675
7;2025-11-11;19;1792
7;2025-11-11;20;1134
7;2025-11-11;21;669
7;2025-11-11;22;319
7;2025-11-11;23;192
7;2025-11-12;0;57
7;2025-11-12;1;11
7;2025-11-12;2;0
7;2025-11-12;3;0
7;2025-11-12;4;1
7;2025-11-12;5;190
7;2025-11-12;6;701
7;2025-11-12;7;1591
7;2025-11-12;8;2423
7;2025-11-12;9;1848
7;2025-11-12;10;1616
7;2025-11-12;11;1431
7;2025-11-12;12;1517
7;2025-11-12;13;1480
7;2025-11-12;14;1575
7;2025-11-12;15;1718
7;2025-11-12;16;1831
7;2025-11-12;17;2263
7;2025-11-12;18;2493
7;2025-11-12;19;1670
7;2025-11-12;20;1057
7;2025-11-12;21;624
7;2025-11-12;22;297
7;2025-11-12;23;179
7;2025-11-13;0;57
7;2025-11-13;1;11
7;2025-11-13;2;0
7;2025-11-13;3;0
7;2025-11-13;4;1
7;2025-11-13;5;191
7;2025-11-13;6;706
7;2025-11-13;7;1602
7;2025-11-13;8;2440
7;2025-11-13;9;1862
7;2025-11-13;10;1627
7;2025-11-13;11;1441
7;2025-11-13;12;1528
7;2025-11-13;13;1490
7;2025-11-13;14;1587
7;2025-11-13;15;1730
7;2025-11-13;16;1844
7;2025-11-13;17;2279
7;2025-11-13;18;2511
7;2025-11-13;19;1682
7;2025-11-13;20;1065
7;2025-11-13;21;628
7;2025-11-13;22;300
7;2025-11-13;23;181
7;2025-11-14;0;63
7;2025-11-14;1;11
7;2025-11-14;2;0
7;2025-11-14;3;0
7;2025-11-14;4;1
7;2025-11-14;5;179
7;2025-11-14;6;650
7;2025-11-14;7;1490
7;2025-11-14;8;2186
7;2025-11-14;9;1695
7;2025-11-14;10;1593
7;2025-11-14;11;1494
7;2025-11-14;12;1536
7;2025-11-14;13;1622
7;2025-11-14;14;1688
7;2025-11-14;15;1794
7;2025-11-14;16;2100
7;2025-11-14;17;2176
7;2025-11-14;18;1958
7;2025-11-14;19;1422
7;2025-11-14;20;988
7;2025-11-14;21;607
7;2025-11-14;22;329
7;2025-11-14;23;219
7;2025-11-15;0;87
7;2025-11-15;1;26
7;2025-11-15;2;0
7;2025-11-15;3;0
7;2025-11-15;4;1
7;2025-11-15;5;48
7;2025-11-15;6;303
7;2025-11-15;7;450
7;2025-11-15;8;736
7;2025-11-15;9;891
7;2025-11-15;10;961
7;2025-11-15;11;1217
7;2025-11-15;12;1378
7;2025-11-15;13;1348
7;2025-11-15;14;1442
7;2025-11-15;15;1285
7;2025-11-15;16;1261
7;2025-11-15;17;1153
7;2025-11-15;18;1081
7;2025-11-15;19;1029
7;2025-11-15;20;850
7;2025-11-15;21;638
7;2025-11-15;22;338
7;2025-11-15;23;218
7;2025-11-16;0;99
7;2025-11-16;1;22
7;2025-11-16;2;0
7;2025-11-16;3;0
7;2025-11-16;4;0
7;2025-11-16;5;41
7;2025-11-16;6;226
7;2025-11-16;7;315
7;2025-11-16;8;520
7;2025-11-16;9;651
7;2025-11-16;10;796
7;2025-11-16;11;1049
7;2025-11-16;12;1158
7;2025-11-16;13;1222
7;2025-11-16;14;1280
7;2025-11-16;15;1221
7;2025-11-16;16;1144
7;2025-11-16;17;1104
7;2025-11-16;18;924
7;2025-11-16;19;777
7;2025-11-16;20;712
7;2025-11-16;21;540
7;2025-11-16;22;302
7;2025-11-16;23;166
7;2025-11-17;0;55
7;2025-11-17;1;11
7;2025-11-17;2;0
7;2025-11-17;3;0
7;2025-11-17;4;1
7;2025-11-17;5;183
7;2025-11-17;6;677
7;2025-11-17;7;1536
7;2025-11-17;8;2339
7;2025-11-17;9;1784
7;2025-11-17;10;1560
7;2025-11-17;11;1381
7;2025-11-17;12;1464
7;2025-11-17;13;1429
7;2025-11-17;14;1521
7;2025-11-17;15;1659
7;2025-11-17;16;1768
7;2025-11-17;17;2185
7;2025-11-17;18;2407
7;2025-11-17;19;1612
7;2025-11-17;20;1020
7;2025-11-17;21;602
7;2025-11-17;22;287
7;2025-11-17;23;173
7;2025-11-18;0;56
7;2025-11-18;1;11
7;2025-11-18;2;0
7;2025-11-18;3;0
7;2025-11-18;4;1
7;2025-11-18;5;186
7;2025-11-18;6;687
7;2025-11-18;7;1558
7;2025-11-18;8;2374
7;2025-11-18;9;1811
7;2025-11-18;10;1583
7;2025-11-18;11;1401
7;2025-11-18;12;1486
7;2025-11-18;13;1450
7;2025-11-18;14;1543
7;2025-11-18;15;1683
7;2025-11-18;16;1794
7;2025-11-18;17;2217
7;2025-11-18;18;2443
7;2025-11-18;19;1636
7;2025-11-18;20;1035
7;2025-11-18;21;611
7;2025-11-18;22;291
7;2025-11-18;23;176
7;2025-11-19;0;57
7;2025-11-19;1;11
7;2025-11-19;2;0
7;2025-11-19;3;0
7;2025-11-19;4;1
7;2025-11-19;5;191
7;2025-11-19;6;707
7;2025-11-19;7;1604
7;2025-11-19;8;2443
7;2025-11-19;9;1864
7;2025-11-19;10;1629
7;2025-11-19;11;1442
7;2025-11-19;12;1530
7;2025-11-19;13;1492
7;2025-11-19;14;1589
7;2025-11-19;15;1732
7;2025-11-19;16;1846
7;2025-11-19;17;2282
7;2025-11-19;18;2514
7;2025-11-19;19;1684
7;2025-11-19;20;1066
7;2025-11-19;21;629
7;2025-11-19;22;300
7;2025-11-19;23;181
7;2025-11-20;0;57
7;2025-11-20;1;11
7;2025-11-20;2;0
7;2025-11-20;3;0
7;2025-11-20;4;1
7;2025-11-20;5;191
7;2025-11-20;6;707
7;2025-11-20;7;1604
7;2025-11-20;8;2443
7;2025-11-20;9;1864
7;2025-11-20;10;1629
7;2025-11-20;11;1442
7;2025-11-20;12;1530
7;2025-11-20;13;1492
7;2025-11-20;14;1589
7;2025-11-20;15;1732
7;2025-11-20;16;1846
7;2025-11-20;17;2282
7;2025-11-20;18;2514
7;2025-11-20;19;1684
7;2025-11-20;20;1066
7;2025-11-20;21;629
7;2025-11-20;22;300
7;2025-11-20;23;181
7;2025-11-21;0;63
7;2025-11-21;1;11
7;2025-11-21;2;0
7;2025-11-21;3;0
7;2025-11-21;4;1
7;2025-11-21;5;179
7;2025-11-21;6;650
7;2025-11-21;7;1488
7;2025-11-21;8;2184
7;2025-11-21;9;1693
7;2025-11-21;10;1592
7;2025-11-21;11;1493
7;2025-11-21;12;1535
7;2025-11-21;13;1621
7;2025-11-21;14;1687
7;2025-11-21;15;1793
7;2025-11-21;16;2098
7;2025-11-21;17;2174
7;2025-11-21;18;1957
7;2025-11-21;19;1421
7;2025-11-21;20;988
7;2025-11-21;21;606
7;2025-11-21;22;328
7;2025-11-21;23;219
7;2025-11-22;0;88
7;2025-11-22;1;26
7;2025-11-22;2;0
7;2025-11-22;3;0
7;2025-11-22;4;1
7;2025-11-22;5;49
7;2025-11-22;6;306
7;2025-11-22;7;455
7;2025-11-22;8;744
7;2025-11-22;9;901
7;2025-11-22;10;971
7;2025-11-22;11;1230
7;2025-11-22;12;1393
7;2025-11-22;13;1362
7;2025-11-22;14;1457
7;2025-11-22;15;1299
7;2025-11-22;16;1274
7;2025-11-22;17;1166
7;2025-11-22;18;1093
7;2025-11-22;19;1040
7;2025-11-22;20;859
7;2025-11-22;21;644
7;2025-11-22;22;342
7;2025-11-22;23;220
7;2025-11-23;0;99
7;2025-11-23;1;22
7;2025-11-23;2;0
7;2025-11-23;3;0
7;2025-11-23;4;0
7;2025-11-23;5;41
7;2025-11-23;6;226
7;2025-11-23;7;314
7;2025-11-23;8;519
7;2025-11-23;9;651
7;2025-11-23;10;795
7;2025-11-23;11;1048
7;2025-11-23;12;1157
7;2025-11-23;13;1220
7;2025-11-23;14;1278
7;2025-11-23;15;1219
7;2025-11-23;16;1143
7;2025-11-23;17;1103
7;2025-11-23;18;923
7;2025-11-23;19;776
7;2025-11-23;20;711
7;2025-11-23;21;540
7;2025-11-23;22;302
7;2025-11-23;23;166
7;2025-11-24;0;54
7;2025-11-24;1;11
7;2025-11-24;2;0
7;2025-11-24;3;0
7;2025-11-24;4;1
7;2025-11-24;5;181
7;2025-11-24;6;668
7;2025-11-24;7;1516
7;2025-11-24;8;2309
7;2025-11-24;9;1761
7;2025-11-24;10;1540
7;2025-11-24;11;1363
7;2025-11-24;12;1445
7;2025-11-24;13;1410
7;2025-11-24;14;1501
7;2025-11-24;15;1637
7;2025-11-24;16;1745
7;2025-11-24;17;2156
7;2025-11-24;18;2376
7;2025-11-24;19;1592
7;2025-11-24;20;1007
7;2025-11-24;21;595
7;2025-11-24;22;283
7;2025-11-24;23;171
7;2025-11-25;0;57
7;2025-11-25;1;11
7;2025-11-25;2;0
7;2025-11-25;3;0
7;2025-11-25;4;1
7;2025-11-25;5;191
7;2025-11-25;6;707
7;2025-11-25;7;1604
7;2025-11-25;8;2443
7;2025-11-25;9;1864
7;2025-11-25;10;1629
7;2025-11-25;11;1442
7;2025-11-25;12;1530
7;2025-11-25;13;1492
7;2025-11-25;14;1589
7;2025-11-25;15;1732
7;2025-11-25;16;1846
7;2025-11-25;17;2282
7;2025-11-25;18;2514
7;2025-11-25;19;1684
7;2025-11-25;20;1066
7;2025-11-25;21;629
7;2025-11-25;22;300
7;2025-11-25;23;181
7;2025-11-26;0;56
7;2025-11-26;1;11
7;2025-11-26;2;0
7;2025-11-26;3;0
7;2025-11-26;4;1
7;2025-11-26;5;187
7;2025-11-26;6;689
7;2025-11-26;7;1564
7;2025-11-26;8;2382
7;2025-11-26;9;1817
7;2025-11-26;10;1589
7;2025-11-26;11;1407
7;2025-11-26;12;1491
7;2025-11-26;13;1455
7;2025-11-26;14;1549
7;2025-11-26;15;1689
7;2025-11-26;16;1800
7;2025-11-26;17;2225
7;2025-11-26;18;2452
7;2025-11-26;19;1642
7;2025-11-26;20;1039
7;2025-11-26;21;613
7;2025-11-26;22;292
7;2025-11-26;23;176
7;2025-11-27;0;56
7;2025-11-27;1;11
7;2025-11-27;2;0
7;2025-11-27;3;0
7;2025-11-27;4;1
7;2025-11-27;5;187
7;2025-11-27;6;690
7;2025-11-27;7;1566
7;2025-11-27;8;2386
7;2025-11-27;9;1820
7;2025-11-27;10;1591
7;2025-11-27;11;1408
7;2025-11-27;12;1493
7;2025-11-27;13;1457
7;2025-11-27;14;1551
7;2025-11-27;15;1692
7;2025-11-27;16;1803
7;2025-11-27;17;2228
7;2025-11-27;18;2455
7;2025-11-27;19;1644
7;2025-11-27;20;1041
7;2025-11-27;21;614
7;2025-11-27;22;293
7;2025-11-27;23;176
7;2025-11-28;0;62
7;2025-11-28;1;11
7;2025-11-28;2;0
7;2025-11-28;3;0
7;2025-11-28;4;1
7;2025-11-28;5;177
7;2025-11-28;6;642
7;2025-11-28;7;1469
7;2025-11-28;8;2156
7;2025-11-28;9;1672
7;2025-11-28;10;1571
7;2025-11-28;11;1474
7;2025-11-28;12;1515
7;2025-11-28;13;1600
7;2025-11-28;14;1665
7;2025-11-28;15;1770
7;2025-11-28;16;2071
7;2025-11-28;17;2146
7;2025-11-28;18;1932
7;2025-11-28;19;1403
7;2025-11-28;20;975
7;2025-11-28;21;599
7;2025-11-28;22;324
7;2025-11-28;23;216
7;2025-11-29;0;90
7;2025-11-29;1;26
7;2025-11-29;2;0
7;2025-11-29;3;0
7;2025-11-29;4;1
7;2025-11-29;5;50
7;2025-11-29;6;312
7;2025-11-29;7;465
7;2025-11-29;8;760
7;2025-11-29;9;920
7;2025-11-29;10;991
7;2025-11-29;11;1256
7;2025-11-29;12;1422
7;2025-11-29;13;1391
7;2025-11-29;14;1488
7;2025-11-29;15;1326
7;2025-11-29;16;1301
7;2025-11-29;17;1190
7;2025-11-29;18;1116
7;2025-11-29;19;1062
7;2025-11-29;20;877
7;2025-11-29;21;658
7;2025-11-29;22;349
7;2025-11-29;23;225
7;2025-11-30;0;99
7;2025-11-30;1;22
7;2025-11-30;2;0
7;2025-11-30;3;0
7;2025-11-30;4;0
7;2025-11-30;5;41
7;2025-11-30;6;226
7;2025-11-30;7;314
7;2025-11-30;8;519
7;2025-11-30;9;650
7;2025-11-30;10;794
7;2025-11-30;11;1046
7;2025-11-30;12;1156
7;2025-11-30;13;1219
7;2025-11-30;14;1277
7;2025-11-30;15;1218
7;2025-11-30;16;1142
7;2025-11-30;17;1102
7;2025-11-30;18;922
7;2025-11-30;19;775
7;2025-11-30;20;710
7;2025-11-30;21;539
7;2025-11-30;22;301
7;2025-11-30;23;166
7;2025-12-01;0;56
7;2025-12-01;1;11
7;2025-12-01;2;0
7;2025-12-01;3;0
7;2025-12-01;4;1
7;2025-12-01;5;188
7;2025-12-01;6;711
7;2025-12-01;7;1568
7;2025-12-01;8;2379
7;2025-12-01;9;1824
7;2025-12-01;10;1577
7;2025-12-01;11;1379
7;2025-12-01;12;1456
7;2025-12-01;13;1435
7;2025-12-01;14;1538
7;2025-12-01;15;1678
7;2025-12-01;16;1796
7;2025-12-01;17;2216
7;2025-12-01;18;2448
7;2025-12-01;19;1651
7;2025-12-01;20;1034
7;2025-12-01;21;610
7;2025-12-01;22;291
7;2025-12-01;23;173
7;2025-12-02;0;57
7;2025-12-02;1;11
7;2025-12-02;2;0
7;2025-12-02;3;0
7;2025-12-02;4;1
7;2025-12-02;5;193
7;2025-12-02;6;731
7;2025-12-02;7;1611
7;2025-12-02;8;2445
7;2025-12-02;9;1874
7;2025-12-02;10;1620
7;2025-12-02;11;1417
7;2025-12-02;12;1496
7;2025-12-02;13;1475
7;2025-12-02;14;1580
7;2025-12-02;15;1724
7;2025-12-02;16;1845
7;2025-12-02;17;2277
7;2025-12-02;18;2515
7;2025-12-02;19;1697
7;2025-12-02;20;1062
7;2025-12-02;21;627
7;2025-12-02;22;299
7;2025-12-02;23;177
7;2025-12-03;0;57
7;2025-12-03;1;11
7;2025-12-03;2;0
7;2025-12-03;3;0
7;2025-12-03;4;1
7;2025-12-03;5;193
7;2025-12-03;6;731
7;2025-12-03;7;1611
7;2025-12-03;8;2445
7;2025-12-03;9;1874
7;2025-12-03;10;1620
7;2025-12-03;11;1417
7;2025-12-03;12;1496
7;2025-12-03;13;1475
7;2025-12-03;14;1580
7;2025-12-03;15;1724
7;2025-12-03;16;1845
7;2025-12-03;17;2277
7;2025-12-03;18;2515
7;2025-12-03;19;1697
7;2025-12-03;20;1062
7;2025-12-03;21;627
7;2025-12-03;22;299
7;2025-12-03;23;177
7;2025-12-04;0;57
7;2025-12-04;1;11
7;2025-12-04;2;0
7;2025-12-04;3;0
7;2025-12-04;4;1
7;2025-12-04;5;193
7;2025-12-04;6;731
7;2025-12-04;7;1611
7;2025-12-04;8;2445
7;2025-12-04;9;1874
7;2025-12-04;10;1620
7;2025-12-04;11;1417
7;2025-12-04;12;1496
7;2025-12-04;13;1475
7;2025-12-04;14;1580
7;2025-12-04;15;1724
7;2025-12-04;16;1845
7;2025-12-04;17;2277
7;2025-12-04;18;2515
7;2025-12-04;19;1697
7;2025-12-04;20;1062
7;2025-12-04;21;627
7;2025-12-04;22;299
7;2025-12-04;23;177
7;2025-12-05;0;61
7;2025-12-05;1;11
7;2025-12-05;2;0
7;2025-12-05;3;0
7;2025-12-05;4;1
7;2025-12-05;5;181
7;2025-12-05;6;666
7;2025-12-05;7;1505
7;2025-12-05;8;2195
7;2025-12-05;9;1716
7;2025-12-05;10;1575
7;2025-12-05;11;1485
7;2025-12-05;12;1518
7;2025-12-05;13;1618
7;2025-12-05;14;1686
7;2025-12-05;15;1785
7;2025-12-05;16;2110
7;2025-12-05;17;2177
7;2025-12-05;18;1976
7;2025-12-05;19;1452
7;2025-12-05;20;994
7;2025-12-05;21;612
7;2025-12-05;22;330
7;2025-12-05;23;214
7;2025-12-06;0;90
7;2025-12-06;1;26
7;2025-12-06;2;0
7;2025-12-06;3;0
7;2025-12-06;4;1
7;2025-12-06;5;50
7;2025-12-06;6;312
7;2025-12-06;7;464
7;2025-12-06;8;758
7;2025-12-06;9;918
7;2025-12-06;10;989
7;2025-12-06;11;1253
7;2025-12-06;12;1419
7;2025-12-06;13;1388
7;2025-12-06;14;1485
7;2025-12-06;15;1323
7;2025-12-06;16;1298
7;2025-12-06;17;1188
7;2025-12-06;18;1113
7;2025-12-06;19;1060
7;2025-12-06;20;875
7;2025-12-06;21;656
7;2025-12-06;22;348
7;2025-12-06;23;225
7;2025-12-07;0;99
7;2025-12-07;1;22
7;2025-12-07;2;0
7;2025-12-07;3;0
7;2025-12-07;4;0
7;2025-12-07;5;41
7;2025-12-07;6;226
7;2025-12-07;7;314
7;2025-12-07;8;519
7;2025-12-07;9;650
7;2025-12-07;10;794
7;2025-12-07;11;1046
7;2025-12-07;12;1156
7;2025-12-07;13;1219
7;2025-12-07;14;1277
7;2025-12-07;15;1218
7;2025-12-07;16;1142
7;2025-12-07;17;1102
7;2025-12-07;18;922
7;2025-12-07;19;775
7;2025-12-07;20;710
7;2025-12-07;21;539
7;2025-12-07;22;301
7;2025-12-07;23;166
7;2025-12-08;0;56
7;2025-12-08;1;11
7;2025-12-08;2;0
7;2025-12-08;3;0
7;2025-12-08;4;1
7;2025-12-08;5;188
7;2025-12-08;6;711
7;2025-12-08;7;1568
7;2025-12-08;8;2379
7;2025-12-08;9;1824
7;2025-12-08;10;1577
7;2025-12-08;11;1379
7;2025-12-08;12;1456
7;2025-12-08;13;1435
7;2025-12-08;14;1538
7;2025-12-08;15;1678
7;2025-12-08;16;1796
7;2025-12-08;17;2216
7;2025-12-08;18;2448
7;2025-12-08;19;1651
7;2025-12-08;20;1034
7;2025-12-08;21;610
7;2025-12-08;22;291
7;2025-12-08;23;173
7;2025-12-09;0;57
7;2025-12-09;1;11
7;2025-12-09;2;0
7;2025-12-09;3;0
7;2025-12-09;4;1
7;2025-12-09;5;192
7;2025-12-09;6;728
7;2025-12-09;7;1604
7;2025-12-09;8;2435
7;2025-12-09;9;1867
7;2025-12-09;10;1614
7;2025-12-09;11;1411
7;2025-12-09;12;1490
7;2025-12-09;13;1469
7;2025-12-09;14;1574
7;2025-12-09;15;1717
7;2025-12-09;16;1838
7;2025-12-09;17;2268
7;2025-12-09;18;2505
7;2025-12-09;19;1690
7;2025-12-09;20;1058
7;2025-12-09;21;624
7;2025-12-09;22;297
7;2025-12-09;23;177
7;2025-12-10;0;56
7;2025-12-10;1;11
7;2025-12-10;2;0
7;2025-12-10;3;0
7;2025-12-10;4;1
7;2025-12-10;5;190
7;2025-12-10;6;721
7;2025-12-10;7;1589
7;2025-12-10;8;2411
7;2025-12-10;9;1848
7;2025-12-10;10;1598
7;2025-12-10;11;1397
7;2025-12-10;12;1475
7;2025-12-10;13;1454
7;2025-12-10;14;1558
7;2025-12-10;15;1700
7;2025-12-10;16;1820
7;2025-12-10;17;2245
7;2025-12-10;18;2481
7;2025-12-10;19;1673
7;2025-12-10;20;1047
7;2025-12-10;21;618
7;2025-12-10;22;294
7;2025-12-10;23;175
7;2025-12-11;0;56
7;2025-12-11;1;11
7;2025-12-11;2;0
7;2025-12-11;3;0
7;2025-12-11;4;1
7;2025-12-11;5;189
7;2025-12-11;6;717
7;2025-12-11;7;1579
7;2025-12-11;8;2397
7;2025-12-11;9;1837
7;2025-12-11;10;1588
7;2025-12-11;11;1389
7;2025-12-11;12;1467
7;2025-12-11;13;1446
7;2025-12-11;14;1549
7;2025-12-11;15;1691
7;2025-12-11;16;1809
7;2025-12-11;17;2232
7;2025-12-11;18;2466
7;2025-12-11;19;1663
7;2025-12-11;20;1041
7;2025-12-11;21;614
7;2025-12-11;22;293
7;2025-12-11;23;174
7;2025-12-12;0;60
7;2025-12-12;1;11
7;2025-12-12;2;0
7;2025-12-12;3;0
7;2025-12-12;4;1
7;2025-12-12;5;178
7;2025-12-12;6;654
7;2025-12-12;7;1478
7;2025-12-12;8;2155
7;2025-12-12;9;1684
7;2025-12-12;10;1547
7;2025-12-12;11;1458
7;2025-12-12;12;1491
7;2025-12-12;13;1589
7;2025-12-12;14;1656
7;2025-12-12;15;1753
7;2025-12-12;16;2071
7;2025-12-12;17;2137
7;2025-12-12;18;1940
7;2025-12-12;19;1426
7;2025-12-12;20;976
7;2025-12-12;21;601
7;2025-12-12;22;324
7;2025-12-12;23;210
7;2025-12-13;0;89
7;2025-12-13;1;26
7;2025-12-13;2;0
7;2025-12-13;3;0
7;2025-12-13;4;1
7;2025-12-13;5;49
7;2025-12-13;6;310
7;2025-12-13;7;461
7;2025-12-13;8;753
7;2025-12-13;9;911
7;2025-12-13;10;982
7;2025-12-13;11;1244
7;2025-12-13;12;1409
7;2025-12-13;13;1378
7;2025-12-13;14;1474
7;2025-12-13;15;1314
7;2025-12-13;16;1289
7;2025-12-13;17;1179
7;2025-12-13;18;1105
7;2025-12-13;19;1052
7;2025-12-13;20;869
7;2025-12-13;21;652
7;2025-12-13;22;346
7;2025-12-13;23;223
7;2025-12-14;0;99
7;2025-12-14;1;22
7;2025-12-14;2;0
7;2025-12-14;3;0
7;2025-12-14;4;0
7;2025-12-14;5;41
7;2025-12-14;6;225
7;2025-12-14;7;312
7;2025-12-14;8;516
7;2025-12-14;9;646
7;2025-12-14;10;789
7;2025-12-14;11;1041
7;2025-12-14;12;1149
7;2025-12-14;13;1212
7;2025-12-14;14;1270
7;2025-12-14;15;1211
7;2025-12-14;16;1135
7;2025-12-14;17;1095
7;2025-12-14;18;916
7;2025-12-14;19;771
7;2025-12-14;20;706
7;2025-12-14;21;536
7;2025-12-14;22;300
7;2025-12-14;23;165
7;2025-12-15;0;55
7;2025-12-15;1;11
7;2025-12-15;2;0
7;2025-12-15;3;0
7;2025-12-15;4;1
7;2025-12-15;5;188
7;2025-12-15;6;711
7;2025-12-15;7;1566
7;2025-12-15;8;2377
7;2025-12-15;9;1822
7;2025-12-15;10;1575
7;2025-12-15;11;1377
7;2025-12-15;12;1454
7;2025-12-15;13;1434
7;2025-12-15;14;1536
7;2025-12-15;15;1676
7;2025-12-15;16;1794
7;2025-12-15;17;2213
7;2025-12-15;18;2445
7;2025-12-15;19;1649
7;2025-12-15;20;1032
7;2025-12-15;21;609
7;2025-12-15;22;290
7;2025-12-15;23;172
7;2025-12-16;0;56
7;2025-12-16;1;11
7;2025-12-16;2;0
7;2025-12-16;3;0
7;2025-12-16;4;1
7;2025-12-16;5;191
7;2025-12-16;6;723
7;2025-12-16;7;1594
7;2025-12-16;8;2419
7;2025-12-16;9;1855
7;2025-12-16;10;1603
7;2025-12-16;11;1402
7;2025-12-16;12;1480
7;2025-12-16;13;1459
7;2025-12-16;14;1564
7;2025-12-16;15;1706
7;2025-12-16;16;1826
7;2025-12-16;17;2253
7;2025-12-16;18;2489
7;2025-12-16;19;1679
7;2025-12-16;20;1051
7;2025-12-16;21;620
7;2025-12-16;22;295
7;2025-12-16;23;176
7;2025-12-17;0;57
7;2025-12-17;1;11
7;2025-12-17;2;0
7;2025-12-17;3;0
7;2025-12-17;4;1
7;2025-12-17;5;193
7;2025-12-17;6;730
7;2025-12-17;7;1609
7;2025-12-17;8;2442
7;2025-12-17;9;1872
7;2025-12-17;10;1618
7;2025-12-17;11;1415
7;2025-12-17;12;1494
7;2025-12-17;13;1473
7;2025-12-17;14;1578
7;2025-12-17;15;1722
7;2025-12-17;16;1843
7;2025-12-17;17;2274
7;2025-12-17;18;2513
7;2025-12-17;19;1695
7;2025-12-17;20;1061
7;2025-12-17;21;626
7;2025-12-17;22;298
7;2025-12-17;23;177
7;2025-12-18;0;57
7;2025-12-18;1;11
7;2025-12-18;2;0
7;2025-12-18;3;0
7;2025-12-18;4;1
7;2025-12-18;5;193
7;2025-12-18;6;731
7;2025-12-18;7;1611
7;2025-12-18;8;2445
7;2025-12-18;9;1874
7;2025-12-18;10;1620
7;2025-12-18;11;1417
7;2025-12-18;12;1496
7;2025-12-18;13;1475
7;2025-12-18;14;1580
7;2025-12-18;15;1724
7;2025-12-18;16;1845
7;2025-12-18;17;2277
7;2025-12-18;18;2515
7;2025-12-18;19;1697
7;2025-12-18;20;1062
7;2025-12-18;21;627
7;2025-12-18;22;299
7;2025-12-18;23;177
7;2025-12-19;0;61
7;2025-12-19;1;11
7;2025-12-19;2;0
7;2025-12-19;3;0
7;2025-12-19;4;1
7;2025-12-19;5;181
7;2025-12-19;6;665
7;2025-12-19;7;1502
7;2025-12-19;8;2190
7;2025-12-19;9;1712
7;2025-12-19;10;1572
7;2025-12-19;11;1481
7;2025-12-19;12;1515
7;2025-12-19;13;1615
7;2025-12-19;14;1683
7;2025-12-19;15;1781
7;2025-12-19;16;2105
7;2025-12-19;17;2172
7;2025-12-19;18;1972
7;2025-12-19;19;1449
7;2025-12-19;20;992
7;2025-12-19;21;611
7;2025-12-19;22;330
7;2025-12-19;23;213
7;2025-12-20;0;90
7;2025-12-20;1;26
7;2025-12-20;2;0
7;2025-12-20;3;0
7;2025-12-20;4;1
7;2025-12-20;5;50
7;2025-12-20;6;312
7;2025-12-20;7;464
7;2025-12-20;8;758
7;2025-12-20;9;918
7;2025-12-20;10;989
7;2025-12-20;11;1253
7;2025-12-20;12;1419
7;2025-12-20;13;1388
7;2025-12-20;14;1485
7;2025-12-20;15;1323
7;2025-12-20;16;1298
7;2025-12-20;17;1188
7;2025-12-20;18;1113
7;2025-12-20;19;1060
7;2025-12-20;20;875
7;2025-12-20;21;656
7;2025-12-20;22;348
7;2025-12-20;23;225
7;2025-12-21;0;99
7;2025-12-21;1;22
7;2025-12-21;2;0
7;2025-12-21;3;0
7;2025-12-21;4;0
7;2025-12-21;5;41
7;2025-12-21;6;225
7;2025-12-21;7;312
7;2025-12-21;8;516
7;2025-12-21;9;647
7;2025-12-21;10;790
7;2025-12-21;11;1041
7;2025-12-21;12;1150
7;2025-12-21;13;1213
7;2025-12-21;14;1271
7;2025-12-21;15;1212
7;2025-12-21;16;1136
7;2025-12-21;17;1096
7;2025-12-21;18;917
7;2025-12-21;19;771
7;2025-12-21;20;707
7;2025-12-21;21;536
7;2025-12-21;22;300
7;2025-12-21;23;165
7;2025-12-22;0;55
7;2025-12-22;1;11
7;2025-12-22;2;0
7;2025-12-22;3;0
7;2025-12-22;4;1
7;2025-12-22;5;186
7;2025-12-22;6;703
7;2025-12-22;7;1549
7;2025-12-22;8;2351
7;2025-12-22;9;1802
7;2025-12-22;10;1558
7;2025-12-22;11;1363
7;2025-12-22;12;1439
7;2025-12-22;13;1418
7;2025-12-22;14;1519
7;2025-12-22;15;1658
7;2025-12-22;16;1774
7;2025-12-22;17;2189
7;2025-12-22;18;2419
7;2025-12-22;19;1632
7;2025-12-22;20;1021
7;2025-12-22;21;603
7;2025-12-22;22;287
7;2025-12-22;23;171
7;2025-12-23;0;57
7;2025-12-23;1;11
7;2025-12-23;2;0
7;2025-12-23;3;0
7;2025-12-23;4;1
7;2025-12-23;5;193
7;2025-12-23;6;731
7;2025-12-23;7;1611
7;2025-12-23;8;2445
7;2025-12-23;9;1874
7;2025-12-23;10;1620
7;2025-12-23;11;1417
7;2025-12-23;12;1496
7;2025-12-23;13;1475
7;2025-12-23;14;1580
7;2025-12-23;15;1724
7;2025-12-23;16;1845
7;2025-12-23;17;2277
7;2025-12-23;18;2515
7;2025-12-23;19;1697
7;2025-12-23;20;1062
7;2025-12-23;21;627
7;2025-12-23;22;299
7;2025-12-23;23;177
7;2025-12-24;0;57
7;2025-12-24;1;11
7;2025-12-24;2;0
7;2025-12-24;3;0
7;2025-12-24;4;1
7;2025-12-24;5;192
7;2025-12-24;6;726
7;2025-12-24;7;1601
7;2025-12-24;8;2429
7;2025-12-24;9;1862
7;2025-12-24;10;1610
7;2025-12-24;11;1408
7;2025-12-24;12;1487
7;2025-12-24;13;1465
7;2025-12-24;14;1570
7;2025-12-24;15;1713
7;2025-12-24;16;1834
7;2025-12-24;17;2262
7;2025-12-24;18;2499
7;2025-12-24;19;1686
7;2025-12-24;20;1055
7;2025-12-24;21;623
7;2025-12-24;22;297
7;2025-12-24;23;176
7;2025-12-25;0;56
7;2025-12-25;1;11
7;2025-12-25;2;0
7;2025-12-25;3;0
7;2025-12-25;4;1
7;2025-12-25;5;189
7;2025-12-25;6;718
7;2025-12-25;7;1582
7;2025-12-25;8;2401
7;2025-12-25;9;1840
7;2025-12-25;10;1591
7;2025-12-25;11;1391
7;2025-12-25;12;1469
7;2025-12-25;13;1448
7;2025-12-25;14;1551
7;2025-12-25;15;1693
7;2025-12-25;16;1812
7;2025-12-25;17;2235
7;2025-12-25;18;2470
7;2025-12-25;19;1666
7;2025-12-25;20;1043
7;2025-12-25;21;615
7;2025-12-25;22;293
7;2025-12-25;23;174
7;2025-12-26;0;59
7;2025-12-26;1;10
7;2025-12-26;2;0
7;2025-12-26;3;0
7;2025-12-26;4;1
7;2025-12-26;5;176
7;2025-12-26;6;648
7;2025-12-26;7;1463
7;2025-12-26;8;2134
7;2025-12-26;9;1668
7;2025-12-26;10;1532
7;2025-12-26;11;1443
7;2025-12-26;12;1476
7;2025-12-26;13;1573
7;2025-12-26;14;1640
7;2025-12-26;15;1736
7;2025-12-26;16;2051
7;2025-12-26;17;2116
7;2025-12-26;18;1921
7;2025-12-26;19;1412
7;2025-12-26;20;966
7;2025-12-26;21;595
7;2025-12-26;22;321
7;2025-12-26;23;208
7;2025-12-27;0;89
7;2025-12-27;1;26
7;2025-12-27;2;0
7;2025-12-27;3;0
7;2025-12-27;4;1
7;2025-12-27;5;49
7;2025-12-27;6;310
7;2025-12-27;7;461
7;2025-12-27;8;753
7;2025-12-27;9;911
7;2025-12-27;10;982
7;2025-12-27;11;1244
7;2025-12-27;12;1409
7;2025-12-27;13;1378
7;2025-12-27;14;1474
7;2025-12-27;15;1314
7;2025-12-27;16;1289
7;2025-12-27;17;1179
7;2025-12-27;18;1105
7;2025-12-27;19;1052
7;2025-12-27;20;869
7;2025-12-27;21;652
7;2025-12-27;22;346
7;2025-12-27;23;223
7;2025-12-28;0;98
7;2025-12-28;1;22
7;2025-12-28;2;0
7;2025-12-28;3;0
7;2025-12-28;4;0
7;2025-12-28;5;40
7;2025-12-28;6;222
7;2025-12-28;7;309
7;2025-12-28;8;510
7;2025-12-28;9;640
7;2025-12-28;10;781
7;2025-12-28;11;1030
7;2025-12-28;12;1138
7;2025-12-28;13;1200
7;2025-12-28;14;1257
7;2025-12-28;15;1199
7;2025-12-28;16;1124
7;2025-12-28;17;1084
7;2025-12-28;18;907
7;2025-12-28;19;763
7;2025-12-28;20;699
7;2025-12-28;21;531
7;2025-12-28;22;297
7;2025-12-28;23;163
7;2025-12-29;0;49
7;2025-12-29;1;10
7;2025-12-29;2;0
7;2025-12-29;3;0
7;2025-12-29;4;1
7;2025-12-29;5;167
7;2025-12-29;6;632
7;2025-12-29;7;1392
7;2025-12-29;8;2113
7;2025-12-29;9;1619
7;2025-12-29;10;1400
7;2025-12-29;11;1224
7;2025-12-29;12;1293
7;2025-12-29;13;1274
7;2025-12-29;14;1365
7;2025-12-29;15;1490
7;2025-12-29;16;1594
7;2025-12-29;17;1967
7;2025-12-29;18;2173
7;2025-12-29;19;1466
7;2025-12-29;20;918
7;2025-12-29;21;541
7;2025-12-29;22;258
7;2025-12-29;23;153
7;2025-12-30;0;48
7;2025-12-30;1;9
7;2025-12-30;2;0
7;2025-12-30;3;0
7;2025-12-30;4;1
7;2025-12-30;5;161
7;2025-12-30;6;609
7;2025-12-30;7;1341
7;2025-12-30;8;2036
7;2025-12-30;9;1560
7;2025-12-30;10;1349
7;2025-12-30;11;1180
7;2025-12-30;12;1246
7;2025-12-30;13;1228
7;2025-12-30;14;1316
7;2025-12-30;15;1436
7;2025-12-30;16;1536
7;2025-12-30;17;1896
7;2025-12-30;18;2094
7;2025-12-30;19;1413
7;2025-12-30;20;884
7;2025-12-30;21;522
7;2025-12-30;22;249
7;2025-12-30;23;148
7;2025-12-31;0;48
7;2025-12-31;1;14
7;2025-12-31;2;0
7;2025-12-31;3;0
7;2025-12-31;4;0
7;2025-12-31;5;26
7;2025-12-31;6;166
7;2025-12-31;7;247
7;2025-12-31;8;404
7;2025-12-31;9;489
7;2025-12-31;10;526
7;2025-12-31;11;667
7;2025-12-31;12;755
7;2025-12-31;13;739
7;2025-12-31;14;790
7;2025-12-31;15;704
7;2025-12-31;16;691
7;2025-12-31;17;632
7;2025-12-31;18;592
7;2025-12-31;19;564
7;2025-12-31;20;46
7;2025-12-31;21;34
7;2025-12-31;22;18
7;2025-12-31;23;12
11;2025-11-01;0;108
11;2025-11-01;1;0
11;2025-11-01;2;0
11;2025-11-01;3;0
11;2025-11-01;4;2
11;2025-11-01;5;263
11;2025-11-01;6;1193
11;2025-11-01;7;2116
11;2025-11-01;8;2816
11;2025-11-01;9;2100
11;2025-11-01;10;1730
11;2025-11-01;11;1674
11;2025-11-01;12;1744
11;2025-11-01;13;1805
11;2025-11-01;14;1920
11;2025-11-01;15;2021
11;2025-11-01;16;2253
11;2025-11-01;17;2611
11;2025-11-01;18;2239
11;2025-11-01;19;1736
11;2025-11-01;20;1277
11;2025-11-01;21;801
11;2025-11-01;22;400
11;2025-11-01;23;284
11;2025-11-02;0;114
11;2025-11-02;1;14
11;2025-11-02;2;0
11;2025-11-02;3;0
11;2025-11-02;4;2
11;2025-11-02;5;123
11;2025-11-02;6;496
11;2025-11-02;7;516
11;2025-11-02;8;691
11;2025-11-02;9;959
11;2025-11-02;10;1096
11;2025-11-02;11;1593
11;2025-11-02;12;1724
11;2025-11-02;13;1656
11;2025-11-02;14;1781
11;2025-11-02;15;1762
11;2025-11-02;16;1676
11;2025-11-02;17;1711
11;2025-11-02;18;1296
11;2025-11-02;19;1061
11;2025-11-02;20;876
11;2025-11-02;21;655
11;2025-11-02;22;371
11;2025-11-02;23;264
11;2025-11-03;0;99
11;2025-11-03;1;8
11;2025-11-03;2;0
11;2025-11-03;3;0
11;2025-11-03;4;2
11;2025-11-03;5;130
11;2025-11-03;6;539
11;2025-11-03;7;537
11;2025-11-03;8;721
11;2025-11-03;9;912
11;2025-11-03;10;1058
11;2025-11-03;11;1456
11;2025-11-03;12;1593
11;2025-11-03;13;1515
11;2025-11-03;14;1643
11;2025-11-03;15;1588
11;2025-11-03;16;1543
11;2025-11-03;17;1537
11;2025-11-03;18;1215
11;2025-11-03;19;1053
11;2025-11-03;20;837
11;2025-11-03;21;612
11;2025-11-03;22;350
11;2025-11-03;23;245
11;2025-11-04;0;98
11;2025-11-04;1;8
11;2025-11-04;2;0
11;2025-11-04;3;0
11;2025-11-04;4;2
11;2025-11-04;5;130
11;2025-11-04;6;537
11;2025-11-04;7;534
11;2025-11-04;8;718
11;2025-11-04;9;908
11;2025-11-04;10;1053
11;2025-11-04;11;1450
11;2025-11-04;12;1586
11;2025-11-04;13;1508
11;2025-11-04;14;1636
11;2025-11-04;15;1582
11;2025-11-04;16;1537
11;2025-11-04;17;1530
11;2025-11-04;18;1210
11;2025-11-04;19;1048
11;2025-11-04;20;833
11;2025-11-04;21;610
11;2025-11-04;22;349
11;2025-11-04;23;244
11;2025-11-05;0;69
11;2025-11-05;1;3
11;2025-11-05;2;0
11;2025-11-05;3;0
11;2025-11-05;4;3
11;2025-11-05;5;300
11;2025-11-05;6;1364
11;2025-11-05;7;2509
11;2025-11-05;8;3285
11;2025-11-05;9;2534
11;2025-11-05;10;2041
11;2025-11-05;11;1977
11;2025-11-05;12;2000
11;2025-11-05;13;2191
11;2025-11-05;14;2143
11;2025-11-05;15;2194
11;2025-11-05;16;2412
11;2025-11-05;17;2875
11;2025-11-05;18;3209
11;2025-11-05;19;2290
11;2025-11-05;20;1523
11;2025-11-05;21;915
11;2025-11-05;22;443
11;2025-11-05;23;236
11;2025-11-06;0;68
11;2025-11-06;1;3
11;2025-11-06;2;0
11;2025-11-06;3;0
11;2025-11-06;4;3
11;2025-11-06;5;296
11;2025-11-06;6;1348
11;2025-11-06;7;2480
11;2025-11-06;8;3248
11;2025-11-06;9;2505
11;2025-11-06;10;2017
11;2025-11-06;11;1954
11;2025-11-06;12;1978
11;2025-11-06;13;2166
11;2025-11-06;14;2119
11;2025-11-06;15;2169
11;2025-11-06;16;2385
11;2025-11-06;17;2843
11;2025-11-06;18;3173
11;2025-11-06;19;2264
11;2025-11-06;20;1505
11;2025-11-06;21;905
11;2025-11-06;22;438
11;2025-11-06;23;233
11;2025-11-07;0;81
11;2025-11-07;1;3
11;2025-11-07;2;0
11;2025-11-07;3;0
11;2025-11-07;4;3
11;2025-11-07;5;296
11;2025-11-07;6;1341
11;2025-11-07;7;2378
11;2025-11-07;8;3164
11;2025-11-07;9;2360
11;2025-11-07;10;1944
11;2025-11-07;11;1881
11;2025-11-07;12;1960
11;2025-11-07;13;2029
11;2025-11-07;14;2157
11;2025-11-07;15;2272
11;2025-11-07;16;2532
11;2025-11-07;17;2934
11;2025-11-07;18;2516
11;2025-11-07;19;1950
11;2025-11-07;20;1435
11;2025-11-07;21;901
11;2025-11-07;22;450
11;2025-11-07;23;319
11;2025-11-08;0;114
11;2025-11-08;1;3
11;2025-11-08;2;0
11;2025-11-08;3;0
11;2025-11-08;4;3
11;2025-11-08;5;183
11;2025-11-08;6;772
11;2025-11-08;7;743
11;2025-11-08;8;1002
11;2025-11-08;9;1165
11;2025-11-08;10;1371
11;2025-11-08;11;1789
11;2025-11-08;12;1977
11;2025-11-08;13;1861
11;2025-11-08;14;2038
11;2025-11-08;15;1921
11;2025-11-08;16;1909
11;2025-11-08;17;1853
11;2025-11-08;18;1532
11;2025-11-08;19;1400
11;2025-11-08;20;1074
11;2025-11-08;21;770
11;2025-11-08;22;445
11;2025-11-08;23;305
11;2025-11-09;0;114
11;2025-11-09;1;14
11;2025-11-09;2;0
11;2025-11-09;3;0
11;2025-11-09;4;2
11;2025-11-09;5;123
11;2025-11-09;6;497
11;2025-11-09;7;517
11;2025-11-09;8;692
11;2025-11-09;9;960
11;2025-11-09;10;1097
11;2025-11-09;11;1594
11;2025-11-09;12;1726
11;2025-11-09;13;1658
11;2025-11-09;14;1783
11;2025-11-09;15;1764
11;2025-11-09;16;1678
11;2025-11-09;17;1712
11;2025-11-09;18;1297
11;2025-11-09;19;1062
11;2025-11-09;20;877
11;2025-11-09;21;655
11;2025-11-09;22;371
11;2025-11-09;23;265
11;2025-11-10;0;67
11;2025-11-10;1;3
11;2025-11-10;2;0
11;2025-11-10;3;0
11;2025-11-10;4;3
11;2025-11-10;5;292
11;2025-11-10;6;1327
11;2025-11-10;7;2441
11;2025-11-10;8;3197
11;2025-11-10;9;2466
11;2025-11-10;10;1986
11;2025-11-10;11;1924
11;2025-11-10;12;1947
11;2025-11-10;13;2132
11;2025-11-10;14;2086
11;2025-11-10;15;2135
11;2025-11-10;16;2348
11;2025-11-10;17;2798
11;2025-11-10;18;3123
11;2025-11-10;19;2229
11;2025-11-10;20;1482
11;2025-11-10;21;891
11;2025-11-10;22;431
11;2025-11-10;23;229
11;2025-11-11;0;69
11;2025-11-11;1;3
11;2025-11-11;2;0
11;2025-11-11;3;0
11;2025-11-11;4;3
11;2025-11-11;5;300
11;2025-11-11;6;1364
11;2025-11-11;7;2509
11;2025-11-11;8;3285
11;2025-11-11;9;2534
11;2025-11-11;10;2041
11;2025-11-11;11;1977
11;2025-11-11;12;2000
11;2025-11-11;13;2191
11;2025-11-11;14;2143
11;2025-11-11;15;2194
11;2025-11-11;16;2412
11;2025-11-11;17;2875
11;2025-11-11;18;3209
11;2025-11-11;19;2290
11;2025-11-11;20;1523
11;2025-11-11;21;915
11;2025-11-11;22;443
11;2025-11-11;23;236
11;2025-11-12;0;68
11;2025-11-12;1;3
11;2025-11-12;2;0
11;2025-11-12;3;0
11;2025-11-12;4;3
11;2025-11-12;5;297
11;2025-11-12;6;1352
11;2025-11-12;7;2488
11;2025-11-12;8;3258
11;2025-11-12;9;2513
11;2025-11-12;10;2024
11;2025-11-12;11;1960
11;2025-11-12;12;1984
11;2025-11-12;13;2172
11;2025-11-12;14;2125
11;2025-11-12;15;2176
11;2025-11-12;16;2392
11;2025-11-12;17;2852
11;2025-11-12;18;3183
11;2025-11-12;19;2271
11;2025-11-12;20;1510
11;2025-11-12;21;907
11;2025-11-12;22;440
11;2025-11-12;23;234
11;2025-11-13;0;69
11;2025-11-13;1;3
11;2025-11-13;2;0
11;2025-11-13;3;0
11;2025-11-13;4;3
11;2025-11-13;5;300
11;2025-11-13;6;1362
11;2025-11-13;7;2506
11;2025-11-13;8;3282
11;2025-11-13;9;2531
11;2025-11-13;10;2038
11;2025-11-13;11;1975
11;2025-11-13;12;1998
11;2025-11-13;13;2188
11;2025-11-13;14;2141
11;2025-11-13;15;2192
11;2025-11-13;16;2410
11;2025-11-13;17;2872
11;2025-11-13;18;3206
11;2025-11-13;19;2287
11;2025-11-13;20;1521
11;2025-11-13;21;914
11;2025-11-13;22;443
11;2025-11-13;23;235
11;2025-11-14;0;81
11;2025-11-14;1;3
11;2025-11-14;2;0
11;2025-11-14;3;0
11;2025-11-14;4;3
11;2025-11-14;5;298
11;2025-11-14;6;1350
11;2025-11-14;7;2394
11;2025-11-14;8;3185
11;2025-11-14;9;2375
11;2025-11-14;10;1956
11;2025-11-14;11;1893
11;2025-11-14;12;1973
11;2025-11-14;13;2042
11;2025-11-14;14;2171
11;2025-11-14;15;2287
11;2025-11-14;16;2548
11;2025-11-14;17;2954
11;2025-11-14;18;2533
11;2025-11-14;19;1963
11;2025-11-14;20;1444
11;2025-11-14;21;907
11;2025-11-14;22;453
11;2025-11-14;23;322
11;2025-11-15;0;111
11;2025-11-15;1;3
11;2025-11-15;2;0
11;2025-11-15;3;0
11;2025-11-15;4;3
11;2025-11-15;5;178
11;2025-11-15;6;750
11;2025-11-15;7;722
11;2025-11-15;8;973
11;2025-11-15;9;1131
11;2025-11-15;10;1332
11;2025-11-15;11;1737
11;2025-11-15;12;1920
11;2025-11-15;13;1808
11;2025-11-15;14;1979
11;2025-11-15;15;1866
11;2025-11-15;16;1854
11;2025-11-15;17;1799
11;2025-11-15;18;1487
11;2025-11-15;19;1360
11;2025-11-15;20;1043
11;2025-11-15;21;747
11;2025-11-15;22;432
11;2025-11-15;23;296
11;2025-11-16;0;114
11;2025-11-16;1;14
11;2025-11-16;2;0
11;2025-11-16;3;0
11;2025-11-16;4;2
11;2025-11-16;5;123
11;2025-11-16;6;497
11;2025-11-16;7;517
11;2025-11-16;8;692
11;2025-11-16;9;960
11;2025-11-16;10;1097
11;2025-11-16;11;1594
11;2025-11-16;12;1726
11;2025-11-16;13;1658
11;2025-11-16;14;1783
11;2025-11-16;15;1764
11;2025-11-16;16;1678
11;2025-11-16;17;1712
11;2025-11-16;18;1297
11;2025-11-16;19;1062
11;2025-11-16;20;877
11;2025-11-16;21;655
11;2025-11-16;22;371
11;2025-11-16;23;265
11;2025-11-17;0;66
11;2025-11-17;1;3
11;2025-11-17;2;0
11;2025-11-17;3;0
11;2025-11-17;4;3
11;2025-11-17;5;287
11;2025-11-17;6;1305
11;2025-11-17;7;2402
11;2025-11-17;8;3145
11;2025-11-17;9;2426
11;2025-11-17;10;1954
11;2025-11-17;11;1893
11;2025-11-17;12;1915
11;2025-11-17;13;2097
11;2025-11-17;14;2052
11;2025-11-17;15;2101
11;2025-11-17;16;2310
11;2025-11-17;17;2753
11;2025-11-17;18;3073
11;2025-11-17;19;2193
11;2025-11-17;20;1458
11;2025-11-17;21;876
11;2025-11-17;22;424
11;2025-11-17;23;226
11;2025-11-18;0;67
11;2025-11-18;1;3
11;2025-11-18;2;0
11;2025-11-18;3;0
11;2025-11-18;4;3
11;2025-11-18;5;291
11;2025-11-18;6;1325
11;2025-11-18;7;2437
11;2025-11-18;8;3192
11;2025-11-18;9;2461
11;2025-11-18;10;1983
11;2025-11-18;11;1920
11;2025-11-18;12;1944
11;2025-11-18;13;2128
11;2025-11-18;14;2082
11;2025-11-18;15;2132
11;2025-11-18;16;2344
11;2025-11-18;17;2794
11;2025-11-18;18;3118
11;2025-11-18;19;2225
11;2025-11-18;20;1479
11;2025-11-18;21;889
11;2025-11-18;22;431
11;2025-11-18;23;229
11;2025-11-19;0;69
11;2025-11-19;1;3
11;2025-11-19;2;0
11;2025-11-19;3;0
11;2025-11-19;4;3
11;2025-11-19;5;300
11;2025-11-19;6;1364
11;2025-11-19;7;2509
11;2025-11-19;8;3285
11;2025-11-19;9;2534
11;2025-11-19;10;2041
11;2025-11-19;11;1977
11;2025-11-19;12;2000
11;2025-11-19;13;2191
11;2025-11-19;14;2143
11;2025-11-19;15;2194
11;2025-11-19;16;2412
11;2025-11-19;17;2875
11;2025-11-19;18;3209
11;2025-11-19;19;2290
11;2025-11-19;20;1523
11;2025-11-19;21;915
11;2025-11-19;22;443
11;2025-11-19;23;236
11;2025-11-20;0;69
11;2025-11-20;1;3
11;2025-11-20;2;0
11;2025-11-20;3;0
11;2025-11-20;4;3
11;2025-11-20;5;300
11;2025-11-20;6;1364
11;2025-11-20;7;2509
11;2025-11-20;8;3285
11;2025-11-20;9;2534
11;2025-11-20;10;2041
11;2025-11-20;11;1977
11;2025-11-20;12;2000
11;2025-11-20;13;2191
11;2025-11-20;14;2143
11;2025-11-20;15;2194
11;2025-11-20;16;2412
11;2025-11-20;17;2875
11;2025-11-20;18;3209
11;2025-11-20;19;2290
11;2025-11-20;20;1523
11;2025-11-20;21;915
11;2025-11-20;22;443
11;2025-11-20;23;236
11;2025-11-21;0;81
11;2025-11-21;1;3
11;2025-11-21;2;0
11;2025-11-21;3;0
11;2025-11-21;4;3
11;2025-11-21;5;298
11;2025-11-21;6;1349
11;2025-11-21;7;2392
11;2025-11-21;8;3182
11;2025-11-21;9;2373
11;2025-11-21;10;1955
11;2025-11-21;11;1892
11;2025-11-21;12;1972
11;2025-11-21;13;2041
11;2025-11-21;14;2170
11;2025-11-21;15;2285
11;2025-11-21;16;2546
11;2025-11-21;17;2951
11;2025-11-21;18;2531
11;2025-11-21;19;1962
11;2025-11-21;20;1443
11;2025-11-21;21;906
11;2025-11-21;22;452
11;2025-11-21;23;321
11;2025-11-22;0;112
11;2025-11-22;1;3
11;2025-11-22;2;0
11;2025-11-22;3;0
11;2025-11-22;4;3
11;2025-11-22;5;180
11;2025-11-22;6;758
11;2025-11-22;7;729
11;2025-11-22;8;983
11;2025-11-22;9;1143
11;2025-11-22;10;1346
11;2025-11-22;11;1756
11;2025-11-22;12;1941
11;2025-11-22;13;1827
11;2025-11-22;14;2000
11;2025-11-22;15;1886
11;2025-11-22;16;1874
11;2025-11-22;17;1819
11;2025-11-22;18;1504
11;2025-11-22;19;1375
11;2025-11-22;20;1054
11;2025-11-22;21;756
11;2025-11-22;22;437
11;2025-11-22;23;300
11;2025-11-23;0;114
11;2025-11-23;1;14
11;2025-11-23;2;0
11;2025-11-23;3;0
11;2025-11-23;4;2
11;2025-11-23;5;123
11;2025-11-23;6;496
11;2025-11-23;7;516
11;2025-11-23;8;691
11;2025-11-23;9;959
11;2025-11-23;10;1096
11;2025-11-23;11;1593
11;2025-11-23;12;1724
11;2025-11-23;13;1656
11;2025-11-23;14;1781
11;2025-11-23;15;1762
11;2025-11-23;16;1676
11;2025-11-23;17;1711
11;2025-11-23;18;1296
11;2025-11-23;19;1061
11;2025-11-23;20;876
11;2025-11-23;21;655
11;2025-11-23;22;371
11;2025-11-23;23;264
11;2025-11-24;0;65
11;2025-11-24;1;3
11;2025-11-24;2;0
11;2025-11-24;3;0
11;2025-11-24;4;3
11;2025-11-24;5;283
11;2025-11-24;6;1289
11;2025-11-24;7;2371
11;2025-11-24;8;3105
11;2025-11-24;9;2394
11;2025-11-24;10;1929
11;2025-11-24;11;1868
11;2025-11-24;12;1891
11;2025-11-24;13;2070
11;2025-11-24;14;2025
11;2025-11-24;15;2074
11;2025-11-24;16;2280
11;2025-11-24;17;2718
11;2025-11-24;18;3033
11;2025-11-24;19;2164
11;2025-11-24;20;1439
11;2025-11-24;21;865
11;2025-11-24;22;419
11;2025-11-24;23;223
11;2025-11-25;0;69
11;2025-11-25;1;3
11;2025-11-25;2;0
11;2025-11-25;3;0
11;2025-11-25;4;3
11;2025-11-25;5;300
11;2025-11-25;6;1364
11;2025-11-25;7;2509
11;2025-11-25;8;3285
11;2025-11-25;9;2534
11;2025-11-25;10;2041
11;2025-11-25;11;1977
11;2025-11-25;12;2000
11;2025-11-25;13;2191
11;2025-11-25;14;2143
11;2025-11-25;15;2194
11;2025-11-25;16;2412
11;2025-11-25;17;2875
11;2025-11-25;18;3209
11;2025-11-25;19;2290
11;2025-11-25;20;1523
11;2025-11-25;21;915
11;2025-11-25;22;443
11;2025-11-25;23;236
11;2025-11-26;0;67
11;2025-11-26;1;3
11;2025-11-26;2;0
11;2025-11-26;3;0
11;2025-11-26;4;3
11;2025-11-26;5;292
11;2025-11-26;6;1330
11;2025-11-26;7;2446
11;2025-11-26;8;3203
11;2025-11-26;9;2470
11;2025-11-26;10;1990
11;2025-11-26;11;1927
11;2025-11-26;12;1951
11;2025-11-26;13;2136
11;2025-11-26;14;2090
11;2025-11-26;15;2139
11;2025-11-26;16;2352
11;2025-11-26;17;2804
11;2025-11-26;18;3129
11;2025-11-26;19;2233
11;2025-11-26;20;1485
11;2025-11-26;21;892
11;2025-11-26;22;432
11;2025-11-26;23;230
11;2025-11-27;0;67
11;2025-11-27;1;3
11;2025-11-27;2;0
11;2025-11-27;3;0
11;2025-11-27;4;3
11;2025-11-27;5;293
11;2025-11-27;6;1331
11;2025-11-27;7;2449
11;2025-11-27;8;3208
11;2025-11-27;9;2474
11;2025-11-27;10;1993
11;2025-11-27;11;1930
11;2025-11-27;12;1953
11;2025-11-27;13;2139
11;2025-11-27;14;2093
11;2025-11-27;15;2142
11;2025-11-27;16;2356
11;2025-11-27;17;2808
11;2025-11-27;18;3134
11;2025-11-27;19;2236
11;2025-11-27;20;1487
11;2025-11-27;21;894
11;2025-11-27;22;433
11;2025-11-27;23;230
11;2025-11-28;0;80
11;2025-11-28;1;3
11;2025-11-28;2;0
11;2025-11-28;3;0
11;2025-11-28;4;3
11;2025-11-28;5;294
11;2025-11-28;6;1332
11;2025-11-28;7;2361
11;2025-11-28;8;3142
11;2025-11-28;9;2343
11;2025-11-28;10;1930
11;2025-11-28;11;1868
11;2025-11-28;12;1946
11;2025-11-28;13;2014
11;2025-11-28;14;2142
11;2025-11-28;15;2255
11;2025-11-28;16;2514
11;2025-11-28;17;2913
11;2025-11-28;18;2498
11;2025-11-28;19;1937
11;2025-11-28;20;1425
11;2025-11-28;21;894
11;2025-11-28;22;446
11;2025-11-28;23;317
11;2025-11-29;0;114
11;2025-11-29;1;3
11;2025-11-29;2;0
11;2025-11-29;3;0
11;2025-11-29;4;3
11;2025-11-29;5;183
11;2025-11-29;6;774
11;2025-11-29;7;745
11;2025-11-29;8;1004
11;2025-11-29;9;1167
11;2025-11-29;10;1374
11;2025-11-29;11;1793
11;2025-11-29;12;1982
11;2025-11-29;13;1866
11;2025-11-29;14;2042
11;2025-11-29;15;1926
11;2025-11-29;16;1913
11;2025-11-29;17;1857
11;2025-11-29;18;1535
11;2025-11-29;19;1403
11;2025-11-29;20;1076
11;2025-11-29;21;771
11;2025-11-29;22;446
11;2025-11-29;23;306
11;2025-11-30;0;114
11;2025-11-30;1;14
11;2025-11-30;2;0
11;2025-11-30;3;0
11;2025-11-30;4;2
11;2025-11-30;5;123
11;2025-11-30;6;496
11;2025-11-30;7;516
11;2025-11-30;8;691
11;2025-11-30;9;958
11;2025-11-30;10;1095
11;2025-11-30;11;1591
11;2025-11-30;12;1722
11;2025-11-30;13;1654
11;2025-11-30;14;1779
11;2025-11-30;15;1760
11;2025-11-30;16;1675
11;2025-11-30;17;1709
11;2025-11-30;18;1295
11;2025-11-30;19;1060
11;2025-11-30;20;875
11;2025-11-30;21;654
11;2025-11-30;22;370
11;2025-11-30;23;264
11;2025-12-01;0;68
11;2025-12-01;1;3
11;2025-12-01;2;0
11;2025-12-01;3;0
11;2025-12-01;4;4
11;2025-12-01;5;299
11;2025-12-01;6;1319
11;2025-12-01;7;2423
11;2025-12-01;8;3177
11;2025-12-01;9;2462
11;2025-12-01;10;1957
11;2025-12-01;11;1909
11;2025-12-01;12;1926
11;2025-12-01;13;2122
11;2025-12-01;14;2072
11;2025-12-01;15;2153
11;2025-12-01;16;2358
11;2025-12-01;17;2801
11;2025-12-01;18;3124
11;2025-12-01;19;2228
11;2025-12-01;20;1487
11;2025-12-01;21;900
11;2025-12-01;22;440
11;2025-12-01;23;225
11;2025-12-02;0;69
11;2025-12-02;1;3
11;2025-12-02;2;0
11;2025-12-02;3;0
11;2025-12-02;4;4
11;2025-12-02;5;307
11;2025-12-02;6;1355
11;2025-12-02;7;2490
11;2025-12-02;8;3265
11;2025-12-02;9;2529
11;2025-12-02;10;2011
11;2025-12-02;11;1962
11;2025-12-02;12;1979
11;2025-12-02;13;2181
11;2025-12-02;14;2130
11;2025-12-02;15;2212
11;2025-12-02;16;2423
11;2025-12-02;17;2878
11;2025-12-02;18;3210
11;2025-12-02;19;2289
11;2025-12-02;20;1528
11;2025-12-02;21;925
11;2025-12-02;22;452
11;2025-12-02;23;232
11;2025-12-03;0;69
11;2025-12-03;1;3
11;2025-12-03;2;0
11;2025-12-03;3;0
11;2025-12-03;4;4
11;2025-12-03;5;307
11;2025-12-03;6;1355
11;2025-12-03;7;2490
11;2025-12-03;8;3265
11;2025-12-03;9;2529
11;2025-12-03;10;2011
11;2025-12-03;11;1962
11;2025-12-03;12;1979
11;2025-12-03;13;2181
11;2025-12-03;14;2130
11;2025-12-03;15;2212
11;2025-12-03;16;2423
11;2025-12-03;17;2878
11;2025-12-03;18;3210
11;2025-12-03;19;2289
11;2025-12-03;20;1528
11;2025-12-03;21;925
11;2025-12-03;22;452
11;2025-12-03;23;232
11;2025-12-04;0;69
11;2025-12-04;1;3
11;2025-12-04;2;0
11;2025-12-04;3;0
11;2025-12-04;4;4
11;2025-12-04;5;307
11;2025-12-04;6;1355
11;2025-12-04;7;2490
11;2025-12-04;8;3265
11;2025-12-04;9;2529
11;2025-12-04;10;2011
11;2025-12-04;11;1962
11;2025-12-04;12;1979
11;2025-12-04;13;2181
11;2025-12-04;14;2130
11;2025-12-04;15;2212
11;2025-12-04;16;2423
11;2025-12-04;17;2878
11;2025-12-04;18;3210
11;2025-12-04;19;2289
11;2025-12-04;20;1528
11;2025-12-04;21;925
11;2025-12-04;22;452
11;2025-12-04;23;232
11;2025-12-05;0;83
11;2025-12-05;1;4
11;2025-12-05;2;0
11;2025-12-05;3;0
11;2025-12-05;4;3
11;2025-12-05;5;304
11;2025-12-05;6;1349
11;2025-12-05;7;2374
11;2025-12-05;8;3146
11;2025-12-05;9;2394
11;2025-12-05;10;1957
11;2025-12-05;11;1903
11;2025-12-05;12;1967
11;2025-12-05;13;2057
11;2025-12-05;14;2167
11;2025-12-05;15;2309
11;2025-12-05;16;2575
11;2025-12-05;17;2956
11;2025-12-05;18;2548
11;2025-12-05;19;1988
11;2025-12-05;20;1453
11;2025-12-05;21;913
11;2025-12-05;22;464
11;2025-12-05;23;315
11;2025-12-06;0;114
11;2025-12-06;1;3
11;2025-12-06;2;0
11;2025-12-06;3;0
11;2025-12-06;4;3
11;2025-12-06;5;184
11;2025-12-06;6;751
11;2025-12-06;7;734
11;2025-12-06;8;986
11;2025-12-06;9;1155
11;2025-12-06;10;1348
11;2025-12-06;11;1779
11;2025-12-06;12;1954
11;2025-12-06;13;1844
11;2025-12-06;14;2004
11;2025-12-06;15;1897
11;2025-12-06;16;1906
11;2025-12-06;17;1833
11;2025-12-06;18;1528
11;2025-12-06;19;1380
11;2025-12-06;20;1078
11;2025-12-06;21;770
11;2025-12-06;22;444
11;2025-12-06;23;307
11;2025-12-07;0;112
11;2025-12-07;1;14
11;2025-12-07;2;0
11;2025-12-07;3;0
11;2025-12-07;4;2
11;2025-12-07;5;123
11;2025-12-07;6;484
11;2025-12-07;7;510
11;2025-12-07;8;677
11;2025-12-07;9;943
11;2025-12-07;10;1078
11;2025-12-07;11;1564
11;2025-12-07;12;1704
11;2025-12-07;13;1634
11;2025-12-07;14;1759
11;2025-12-07;15;1743
11;2025-12-07;16;1662
11;2025-12-07;17;1680
11;2025-12-07;18;1281
11;2025-12-07;19;1054
11;2025-12-07;20;874
11;2025-12-07;21;650
11;2025-12-07;22;366
11;2025-12-07;23;262
11;2025-12-08;0;68
11;2025-12-08;1;3
11;2025-12-08;2;0
11;2025-12-08;3;0
11;2025-12-08;4;4
11;2025-12-08;5;299
11;2025-12-08;6;1319
11;2025-12-08;7;2423
11;2025-12-08;8;3177
11;2025-12-08;9;2462
11;2025-12-08;10;1957
11;2025-12-08;11;1909
11;2025-12-08;12;1926
11;2025-12-08;13;2122
11;2025-12-08;14;2072
11;2025-12-08;15;2153
11;2025-12-08;16;2358
11;2025-12-08;17;2801
11;2025-12-08;18;3124
11;2025-12-08;19;2228
11;2025-12-08;20;1487
11;2025-12-08;21;900
11;2025-12-08;22;440
11;2025-12-08;23;225
11;2025-12-09;0;69
11;2025-12-09;1;3
11;2025-12-09;2;0
11;2025-12-09;3;0
11;2025-12-09;4;4
11;2025-12-09;5;306
11;2025-12-09;6;1350
11;2025-12-09;7;2480
11;2025-12-09;8;3252
11;2025-12-09;9;2519
11;2025-12-09;10;2003
11;2025-12-09;11;1954
11;2025-12-09;12;1971
11;2025-12-09;13;2172
11;2025-12-09;14;2121
11;2025-12-09;15;2203
11;2025-12-09;16;2413
11;2025-12-09;17;2867
11;2025-12-09;18;3198
11;2025-12-09;19;2280
11;2025-12-09;20;1522
11;2025-12-09;21;921
11;2025-12-09;22;450
11;2025-12-09;23;231
11;2025-12-10;0;68
11;2025-12-10;1;3
11;2025-12-10;2;0
11;2025-12-10;3;0
11;2025-12-10;4;4
11;2025-12-10;5;303
11;2025-12-10;6;1337
11;2025-12-10;7;2455
11;2025-12-10;8;3220
11;2025-12-10;9;2494
11;2025-12-10;10;1984
11;2025-12-10;11;1934
11;2025-12-10;12;1952
11;2025-12-10;13;2151
11;2025-12-10;14;2100
11;2025-12-10;15;2181
11;2025-12-10;16;2389
11;2025-12-10;17;2838
11;2025-12-10;18;3166
11;2025-12-10;19;2258
11;2025-12-10;20;1507
11;2025-12-10;21;912
11;2025-12-10;22;446
11;2025-12-10;23;228
11;2025-12-11;0;68
11;2025-12-11;1;3
11;2025-12-11;2;0
11;2025-12-11;3;0
11;2025-12-11;4;4
11;2025-12-11;5;301
11;2025-12-11;6;1329
11;2025-12-11;7;2441
11;2025-12-11;8;3201
11;2025-12-11;9;2480
11;2025-12-11;10;1972
11;2025-12-11;11;1923
11;2025-12-11;12;1940
11;2025-12-11;13;2138
11;2025-12-11;14;2088
11;2025-12-11;15;2169
11;2025-12-11;16;2375
11;2025-12-11;17;2822
11;2025-12-11;18;3148
11;2025-12-11;19;2245
11;2025-12-11;20;1498
11;2025-12-11;21;906
11;2025-12-11;22;443
11;2025-12-11;23;227
11;2025-12-12;0;81
11;2025-12-12;1;4
11;2025-12-12;2;0
11;2025-12-12;3;0
11;2025-12-12;4;3
11;2025-12-12;5;299
11;2025-12-12;6;1325
11;2025-12-12;7;2331
11;2025-12-12;8;3089
11;2025-12-12;9;2351
11;2025-12-12;10;1922
11;2025-12-12;11;1868
11;2025-12-12;12;1931
11;2025-12-12;13;2019
11;2025-12-12;14;2128
11;2025-12-12;15;2267
11;2025-12-12;16;2529
11;2025-12-12;17;2903
11;2025-12-12;18;2502
11;2025-12-12;19;1952
11;2025-12-12;20;1427
11;2025-12-12;21;897
11;2025-12-12;22;456
11;2025-12-12;23;309
11;2025-12-13;0;113
11;2025-12-13;1;3
11;2025-12-13;2;0
11;2025-12-13;3;0
11;2025-12-13;4;3
11;2025-12-13;5;183
11;2025-12-13;6;746
11;2025-12-13;7;729
11;2025-12-13;8;979
11;2025-12-13;9;1147
11;2025-12-13;10;1339
11;2025-12-13;11;1767
11;2025-12-13;12;1940
11;2025-12-13;13;1831
11;2025-12-13;14;1990
11;2025-12-13;15;1884
11;2025-12-13;16;1893
11;2025-12-13;17;1821
11;2025-12-13;18;1517
11;2025-12-13;19;1370
11;2025-12-13;20;1070
11;2025-12-13;21;765
11;2025-12-13;22;441
11;2025-12-13;23;304
11;2025-12-14;0;111
11;2025-12-14;1;14
11;2025-12-14;2;0
11;2025-12-14;3;0
11;2025-12-14;4;2
11;2025-12-14;5;122
11;2025-12-14;6;481
11;2025-12-14;7;507
11;2025-12-14;8;673
11;2025-12-14;9;938
11;2025-12-14;10;1072
11;2025-12-14;11;1555
11;2025-12-14;12;1694
11;2025-12-14;13;1625
11;2025-12-14;14;1750
11;2025-12-14;15;1733
11;2025-12-14;16;1653
11;2025-12-14;17;1671
11;2025-12-14;18;1273
11;2025-12-14;19;1048
11;2025-12-14;20;869
11;2025-12-14;21;646
11;2025-12-14;22;364
11;2025-12-14;23;260
11;2025-12-15;0;67
11;2025-12-15;1;3
11;2025-12-15;2;0
11;2025-12-15;3;0
11;2025-12-15;4;4
11;2025-12-15;5;299
11;2025-12-15;6;1318
11;2025-12-15;7;2420
11;2025-12-15;8;3174
11;2025-12-15;9;2459
11;2025-12-15;10;1955
11;2025-12-15;11;1907
11;2025-12-15;12;1924
11;2025-12-15;13;2120
11;2025-12-15;14;2070
11;2025-12-15;15;2150
11;2025-12-15;16;2355
11;2025-12-15;17;2798
11;2025-12-15;18;3121
11;2025-12-15;19;2226
11;2025-12-15;20;1485
11;2025-12-15;21;899
11;2025-12-15;22;439
11;2025-12-15;23;225
11;2025-12-16;0;69
11;2025-12-16;1;3
11;2025-12-16;2;0
11;2025-12-16;3;0
11;2025-12-16;4;4
11;2025-12-16;5;304
11;2025-12-16;6;1341
11;2025-12-16;7;2464
11;2025-12-16;8;3231
11;2025-12-16;9;2503
11;2025-12-16;10;1990
11;2025-12-16;11;1941
11;2025-12-16;12;1959
11;2025-12-16;13;2158
11;2025-12-16;14;2107
11;2025-12-16;15;2189
11;2025-12-16;16;2397
11;2025-12-16;17;2848
11;2025-12-16;18;3177
11;2025-12-16;19;2266
11;2025-12-16;20;1512
11;2025-12-16;21;915
11;2025-12-16;22;447
11;2025-12-16;23;229
11;2025-12-17;0;69
11;2025-12-17;1;3
11;2025-12-17;2;0
11;2025-12-17;3;0
11;2025-12-17;4;4
11;2025-12-17;5;307
11;2025-12-17;6;1354
11;2025-12-17;7;2487
11;2025-12-17;8;3261
11;2025-12-17;9;2527
11;2025-12-17;10;2009
11;2025-12-17;11;1959
11;2025-12-17;12;1977
11;2025-12-17;13;2178
11;2025-12-17;14;2127
11;2025-12-17;15;2210
11;2025-12-17;16;2420
11;2025-12-17;17;2875
11;2025-12-17;18;3207
11;2025-12-17;19;2287
11;2025-12-17;20;1526
11;2025-12-17;21;924
11;2025-12-17;22;451
11;2025-12-17;23;231
11;2025-12-18;0;69
11;2025-12-18;1;3
11;2025-12-18;2;0
11;2025-12-18;3;0
11;2025-12-18;4;4
11;2025-12-18;5;307
11;2025-12-18;6;1355
11;2025-12-18;7;2490
11;2025-12-18;8;3265
11;2025-12-18;9;2529
11;2025-12-18;10;2011
11;2025-12-18;11;1962
11;2025-12-18;12;1979
11;2025-12-18;13;2181
11;2025-12-18;14;2130
11;2025-12-18;15;2212
11;2025-12-18;16;2423
11;2025-12-18;17;2878
11;2025-12-18;18;3210
11;2025-12-18;19;2289
11;2025-12-18;20;1528
11;2025-12-18;21;925
11;2025-12-18;22;452
11;2025-12-18;23;232
11;2025-12-19;0;83
11;2025-12-19;1;4
11;2025-12-19;2;0
11;2025-12-19;3;0
11;2025-12-19;4;3
11;2025-12-19;5;304
11;2025-12-19;6;1346
11;2025-12-19;7;2369
11;2025-12-19;8;3139
11;2025-12-19;9;2389
11;2025-12-19;10;1953
11;2025-12-19;11;1899
11;2025-12-19;12;1962
11;2025-12-19;13;2052
11;2025-12-19;14;2162
11;2025-12-19;15;2304
11;2025-12-19;16;2570
11;2025-12-19;17;2950
11;2025-12-19;18;2543
11;2025-12-19;19;1984
11;2025-12-19;20;1450
11;2025-12-19;21;911
11;2025-12-19;22;463
11;2025-12-19;23;314
11;2025-12-20;0;114
11;2025-12-20;1;3
11;2025-12-20;2;0
11;2025-12-20;3;0
11;2025-12-20;4;3
11;2025-12-20;5;184
11;2025-12-20;6;751
11;2025-12-20;7;734
11;2025-12-20;8;986
11;2025-12-20;9;1155
11;2025-12-20;10;1348
11;2025-12-20;11;1779
11;2025-12-20;12;1954
11;2025-12-20;13;1844
11;2025-12-20;14;2004
11;2025-12-20;15;1897
11;2025-12-20;16;1906
11;2025-12-20;17;1833
11;2025-12-20;18;1528
11;2025-12-20;19;1380
11;2025-12-20;20;1078
11;2025-12-20;21;770
11;2025-12-20;22;444
11;2025-12-20;23;307
11;2025-12-21;0;111
11;2025-12-21;1;14
11;2025-12-21;2;0
11;2025-12-21;3;0
11;2025-12-21;4;2
11;2025-12-21;5;122
11;2025-12-21;6;482
11;2025-12-21;7;508
11;2025-12-21;8;674
11;2025-12-21;9;939
11;2025-12-21;10;1073
11;2025-12-21;11;1556
11;2025-12-21;12;1695
11;2025-12-21;13;1627
11;2025-12-21;14;1751
11;2025-12-21;15;1735
11;2025-12-21;16;1654
11;2025-12-21;17;1672
11;2025-12-21;18;1274
11;2025-12-21;19;1049
11;2025-12-21;20;870
11;2025-12-21;21;647
11;2025-12-21;22;364
11;2025-12-21;23;261
11;2025-12-22;0;67
11;2025-12-22;1;3
11;2025-12-22;2;0
11;2025-12-22;3;0
11;2025-12-22;4;4
11;2025-12-22;5;296
11;2025-12-22;6;1303
11;2025-12-22;7;2395
11;2025-12-22;8;3140
11;2025-12-22;9;2432
11;2025-12-22;10;1934
11;2025-12-22;11;1886
11;2025-12-22;12;1903
11;2025-12-22;13;2097
11;2025-12-22;14;2048
11;2025-12-22;15;2127
11;2025-12-22;16;2330
11;2025-12-22;17;2768
11;2025-12-22;18;3087
11;2025-12-22;19;2202
11;2025-12-22;20;1469
11;2025-12-22;21;889
11;2025-12-22;22;435
11;2025-12-22;23;223
11;2025-12-23;0;69
11;2025-12-23;1;3
11;2025-12-23;2;0
11;2025-12-23;3;0
11;2025-12-23;4;4
11;2025-12-23;5;307
11;2025-12-23;6;1355
11;2025-12-23;7;2490
11;2025-12-23;8;3265
11;2025-12-23;9;2529
11;2025-12-23;10;2011
11;2025-12-23;11;1962
11;2025-12-23;12;1979
11;2025-12-23;13;2181
11;2025-12-23;14;2130
11;2025-12-23;15;2212
11;2025-12-23;16;2423
11;2025-12-23;17;2878
11;2025-12-23;18;3210
11;2025-12-23;19;2289
11;2025-12-23;20;1528
11;2025-12-23;21;925
11;2025-12-23;22;452
11;2025-12-23;23;232
11;2025-12-24;0;69
11;2025-12-24;1;3
11;2025-12-24;2;0
11;2025-12-24;3;0
11;2025-12-24;4;4
11;2025-12-24;5;306
11;2025-12-24;6;1347
11;2025-12-24;7;2474
11;2025-12-24;8;3244
11;2025-12-24;9;2513
11;2025-12-24;10;1999
11;2025-12-24;11;1949
11;2025-12-24;12;1967
11;2025-12-24;13;2167
11;2025-12-24;14;2116
11;2025-12-24;15;2198
11;2025-12-24;16;2407
11;2025-12-24;17;2860
11;2025-12-24;18;3190
11;2025-12-24;19;2275
11;2025-12-24;20;1518
11;2025-12-24;21;919
11;2025-12-24;22;449
11;2025-12-24;23;230
11;2025-12-25;0;68
11;2025-12-25;1;3
11;2025-12-25;2;0
11;2025-12-25;3;0
11;2025-12-25;4;4
11;2025-12-25;5;302
11;2025-12-25;6;1331
11;2025-12-25;7;2445
11;2025-12-25;8;3206
11;2025-12-25;9;2484
11;2025-12-25;10;1975
11;2025-12-25;11;1926
11;2025-12-25;12;1943
11;2025-12-25;13;2141
11;2025-12-25;14;2091
11;2025-12-25;15;2172
11;2025-12-25;16;2379
11;2025-12-25;17;2826
11;2025-12-25;18;3152
11;2025-12-25;19;2248
11;2025-12-25;20;1500
11;2025-12-25;21;908
11;2025-12-25;22;444
11;2025-12-25;23;227
11;2025-12-26;0;81
11;2025-12-26;1;4
11;2025-12-26;2;0
11;2025-12-26;3;0
11;2025-12-26;4;3
11;2025-12-26;5;296
11;2025-12-26;6;1312
11;2025-12-26;7;2309
11;2025-12-26;8;3058
11;2025-12-26;9;2328
11;2025-12-26;10;1903
11;2025-12-26;11;1850
11;2025-12-26;12;1912
11;2025-12-26;13;2000
11;2025-12-26;14;2107
11;2025-12-26;15;2245
11;2025-12-26;16;2504
11;2025-12-26;17;2874
11;2025-12-26;18;2478
11;2025-12-26;19;1933
11;2025-12-26;20;1413
11;2025-12-26;21;888
11;2025-12-26;22;451
11;2025-12-26;23;306
11;2025-12-27;0;113
11;2025-12-27;1;3
11;2025-12-27;2;0
11;2025-12-27;3;0
11;2025-12-27;4;3
11;2025-12-27;5;183
11;2025-12-27;6;746
11;2025-12-27;7;729
11;2025-12-27;8;979
11;2025-12-27;9;1147
11;2025-12-27;10;1339
11;2025-12-27;11;1767
11;2025-12-27;12;1940
11;2025-12-27;13;1831
11;2025-12-27;14;1990
11;2025-12-27;15;1884
11;2025-12-27;16;1893
11;2025-12-27;17;1821
11;2025-12-27;18;1517
11;2025-12-27;19;1370
11;2025-12-27;20;1070
11;2025-12-27;21;765
11;2025-12-27;22;441
11;2025-12-27;23;304
11;2025-12-28;0;110
11;2025-12-28;1;14
11;2025-12-28;2;0
11;2025-12-28;3;0
11;2025-12-28;4;2
11;2025-12-28;5;121
11;2025-12-28;6;477
11;2025-12-28;7;502
11;2025-12-28;8;667
11;2025-12-28;9;928
11;2025-12-28;10;1061
11;2025-12-28;11;1539
11;2025-12-28;12;1677
11;2025-12-28;13;1609
11;2025-12-28;14;1732
11;2025-12-28;15;1716
11;2025-12-28;16;1636
11;2025-12-28;17;1654
11;2025-12-28;18;1261
11;2025-12-28;19;1037
11;2025-12-28;20;860
11;2025-12-28;21;640
11;2025-12-28;22;360
11;2025-12-28;23;258
11;2025-12-29;0;60
11;2025-12-29;1;2
11;2025-12-29;2;0
11;2025-12-29;3;0
11;2025-12-29;4;3
11;2025-12-29;5;266
11;2025-12-29;6;1171
11;2025-12-29;7;2151
11;2025-12-29;8;2821
11;2025-12-29;9;2186
11;2025-12-29;10;1738
11;2025-12-29;11;1695
11;2025-12-29;12;1710
11;2025-12-29;13;1884
11;2025-12-29;14;1840
11;2025-12-29;15;1911
11;2025-12-29;16;2093
11;2025-12-29;17;2487
11;2025-12-29;18;2774
11;2025-12-29;19;1978
11;2025-12-29;20;1320
11;2025-12-29;21;799
11;2025-12-29;22;391
11;2025-12-29;23;200
11;2025-12-30;0;58
11;2025-12-30;1;2
11;2025-12-30;2;0
11;2025-12-30;3;0
11;2025-12-30;4;3
11;2025-12-30;5;256
11;2025-12-30;6;1129
11;2025-12-30;7;2073
11;2025-12-30;8;2718
11;2025-12-30;9;2106
11;2025-12-30;10;1675
11;2025-12-30;11;1633
11;2025-12-30;12;1648
11;2025-12-30;13;1816
11;2025-12-30;14;1773
11;2025-12-30;15;1842
11;2025-12-30;16;2017
11;2025-12-30;17;2397
11;2025-12-30;18;2673
11;2025-12-30;19;1906
11;2025-12-30;20;1272
11;2025-12-30;21;770
11;2025-12-30;22;376
11;2025-12-30;23;193
11;2025-12-31;0;61
11;2025-12-31;1;2
11;2025-12-31;2;0
11;2025-12-31;3;0
11;2025-12-31;4;2
11;2025-12-31;5;98
11;2025-12-31;6;400
11;2025-12-31;7;391
11;2025-12-31;8;525
11;2025-12-31;9;615
11;2025-12-31;10;718
11;2025-12-31;11;947
11;2025-12-31;12;1040
11;2025-12-31;13;981
11;2025-12-31;14;1067
11;2025-12-31;15;1010
11;2025-12-31;16;1015
11;2025-12-31;17;976
11;2025-12-31;18;813
11;2025-12-31;19;734
11;2025-12-31;20;56
11;2025-12-31;21;40
11;2025-12-31;22;23
11;2025-12-31;23;16
12;2025-11-01;0;30
12;2025-11-01;1;3
12;2025-11-01;2;0
12;2025-11-01;3;0
12;2025-11-01;4;4
12;2025-11-01;5;271
12;2025-11-01;6;1178
12;2025-11-01;7;2319
12;2025-11-01;8;2969
12;2025-11-01;9;2084
12;2025-11-01;10;1744
12;2025-11-01;11;1760
12;2025-11-01;12;1802
12;2025-11-01;13;1889
12;2025-11-01;14;1871
12;2025-11-01;15;2125
12;2025-11-01;16;2722
12;2025-11-01;17;2572
12;2025-11-01;18;2258
12;2025-11-01;19;1860
12;2025-11-01;20;1275
12;2025-11-01;21;883
12;2025-11-01;22;452
12;2025-11-01;23;277
12;2025-11-02;0;89
12;2025-11-02;1;6
12;2025-11-02;2;0
12;2025-11-02;3;0
12;2025-11-02;4;3
12;2025-11-02;5;139
12;2025-11-02;6;508
12;2025-11-02;7;637
12;2025-11-02;8;712
12;2025-11-02;9;931
12;2025-11-02;10;1191
12;2025-11-02;11;1328
12;2025-11-02;12;1410
12;2025-11-02;13;1658
12;2025-11-02;14;1545
12;2025-11-02;15;1490
12;2025-11-02;16;1532
12;2025-11-02;17;1492
12;2025-11-02;18;1273
12;2025-11-02;19;981
12;2025-11-02;20;759
12;2025-11-02;21;592
12;2025-11-02;22;394
12;2025-11-02;23;207
12;2025-11-03;0;72
12;2025-11-03;1;5
12;2025-11-03;2;0
12;2025-11-03;3;0
12;2025-11-03;4;2
12;2025-11-03;5;150
12;2025-11-03;6;545
12;2025-11-03;7;645
12;2025-11-03;8;724
12;2025-11-03;9;908
12;2025-11-03;10;1139
12;2025-11-03;11;1248
12;2025-11-03;12;1294
12;2025-11-03;13;1526
12;2025-11-03;14;1389
12;2025-11-03;15;1338
12;2025-11-03;16;1392
12;2025-11-03;17;1319
12;2025-11-03;18;1192
12;2025-11-03;19;989
12;2025-11-03;20;733
12;2025-11-03;21;556
12;2025-11-03;22;349
12;2025-11-03;23;213
12;2025-11-04;0;72
12;2025-11-04;1;4
12;2025-11-04;2;0
12;2025-11-04;3;0
12;2025-11-04;4;2
12;2025-11-04;5;149
12;2025-11-04;6;543
12;2025-11-04;7;642
12;2025-11-04;8;721
12;2025-11-04;9;905
12;2025-11-04;10;1134
12;2025-11-04;11;1243
12;2025-11-04;12;1288
12;2025-11-04;13;1520
12;2025-11-04;14;1383
12;2025-11-04;15;1333
12;2025-11-04;16;1387
12;2025-11-04;17;1313
12;2025-11-04;18;1187
12;2025-11-04;19;985
12;2025-11-04;20;730
12;2025-11-04;21;554
12;2025-11-04;22;348
12;2025-11-04;23;212
12;2025-11-05;0;54
12;2025-11-05;1;2
12;2025-11-05;2;0
12;2025-11-05;3;0
12;2025-11-05;4;6
12;2025-11-05;5;320
12;2025-11-05;6;1382
12;2025-11-05;7;2705
12;2025-11-05;8;3615
12;2025-11-05;9;2479
12;2025-11-05;10;2127
12;2025-11-05;11;2037
12;2025-11-05;12;2123
12;2025-11-05;13;2097
12;2025-11-05;14;2087
12;2025-11-05;15;2321
12;2025-11-05;16;2838
12;2025-11-05;17;3004
12;2025-11-05;18;3161
12;2025-11-05;19;2414
12;2025-11-05;20;1578
12;2025-11-05;21;954
12;2025-11-05;22;485
12;2025-11-05;23;255
12;2025-11-06;0;53
12;2025-11-06;1;2
12;2025-11-06;2;0
12;2025-11-06;3;0
12;2025-11-06;4;6
12;2025-11-06;5;317
12;2025-11-06;6;1366
12;2025-11-06;7;2674
12;2025-11-06;8;3574
12;2025-11-06;9;2450
12;2025-11-06;10;2103
12;2025-11-06;11;2014
12;2025-11-06;12;2099
12;2025-11-06;13;2074
12;2025-11-06;14;2064
12;2025-11-06;15;2294
12;2025-11-06;16;2806
12;2025-11-06;17;2970
12;2025-11-06;18;3125
12;2025-11-06;19;2387
12;2025-11-06;20;1560
12;2025-11-06;21;943
12;2025-11-06;22;480
12;2025-11-06;23;252
12;2025-11-07;0;58
12;2025-11-07;1;2
12;2025-11-07;2;0
12;2025-11-07;3;0
12;2025-11-07;4;4
12;2025-11-07;5;304
12;2025-11-07;6;1324
12;2025-11-07;7;2606
12;2025-11-07;8;3336
12;2025-11-07;9;2342
12;2025-11-07;10;1960
12;2025-11-07;11;1978
12;2025-11-07;12;2025
12;2025-11-07;13;2123
12;2025-11-07;14;2102
12;2025-11-07;15;2387
12;2025-11-07;16;3059
12;2025-11-07;17;2890
12;2025-11-07;18;2538
12;2025-11-07;19;2090
12;2025-11-07;20;1433
12;2025-11-07;21;992
12;2025-11-07;22;508
12;2025-11-07;23;312
12;2025-11-08;0;75
12;2025-11-08;1;4
12;2025-11-08;2;0
12;2025-11-08;3;0
12;2025-11-08;4;2
12;2025-11-08;5;208
12;2025-11-08;6;754
12;2025-11-08;7;850
12;2025-11-08;8;957
12;2025-11-08;9;1158
12;2025-11-08;10;1426
12;2025-11-08;11;1535
12;2025-11-08;12;1553
12;2025-11-08;13;1837
12;2025-11-08;14;1631
12;2025-11-08;15;1569
12;2025-11-08;16;1654
12;2025-11-08;17;1519
12;2025-11-08;18;1460
12;2025-11-08;19;1298
12;2025-11-08;20;925
12;2025-11-08;21;683
12;2025-11-08;22;403
12;2025-11-08;23;285
12;2025-11-09;0;90
12;2025-11-09;1;6
12;2025-11-09;2;0
12;2025-11-09;3;0
12;2025-11-09;4;3
12;2025-11-09;5;139
12;2025-11-09;6;509
12;2025-11-09;7;637
12;2025-11-09;8;713
12;2025-11-09;9;932
12;2025-11-09;10;1192
12;2025-11-09;11;1329
12;2025-11-09;12;1411
12;2025-11-09;13;1660
12;2025-11-09;14;1547
12;2025-11-09;15;1492
12;2025-11-09;16;1534
12;2025-11-09;17;1494
12;2025-11-09;18;1275
12;2025-11-09;19;982
12;2025-11-09;20;760
12;2025-11-09;21;593
12;2025-11-09;22;395
12;2025-11-09;23;207
12;2025-11-10;0;53
12;2025-11-10;1;2
12;2025-11-10;2;0
12;2025-11-10;3;0
12;2025-11-10;4;6
12;2025-11-10;5;312
12;2025-11-10;6;1345
12;2025-11-10;7;2632
12;2025-11-10;8;3518
12;2025-11-10;9;2412
12;2025-11-10;10;2070
12;2025-11-10;11;1983
12;2025-11-10;12;2066
12;2025-11-10;13;2041
12;2025-11-10;14;2031
12;2025-11-10;15;2258
12;2025-11-10;16;2762
12;2025-11-10;17;2923
12;2025-11-10;18;3076
12;2025-11-10;19;2349
12;2025-11-10;20;1536
12;2025-11-10;21;928
12;2025-11-10;22;472
12;2025-11-10;23;248
12;2025-11-11;0;54
12;2025-11-11;1;2
12;2025-11-11;2;0
12;2025-11-11;3;0
12;2025-11-11;4;6
12;2025-11-11;5;320
12;2025-11-11;6;1382
12;2025-11-11;7;2705
12;2025-11-11;8;3615
12;2025-11-11;9;2479
12;2025-11-11;10;2127
12;2025-11-11;11;2037
12;2025-11-11;12;2123
12;2025-11-11;13;2097
12;2025-11-11;14;2087
12;2025-11-11;15;2321
12;2025-11-11;16;2838
12;2025-11-11;17;3004
12;2025-11-11;18;3161
12;2025-11-11;19;2414
12;2025-11-11;20;1578
12;2025-11-11;21;954
12;2025-11-11;22;485
12;2025-11-11;23;255
12;2025-11-12;0;54
12;2025-11-12;1;2
12;2025-11-12;2;0
12;2025-11-12;3;0
12;2025-11-12;4;6
12;2025-11-12;5;318
12;2025-11-12;6;1370
12;2025-11-12;7;2682
12;2025-11-12;8;3585
12;2025-11-12;9;2458
12;2025-11-12;10;2109
12;2025-11-12;11;2020
12;2025-11-12;12;2106
12;2025-11-12;13;2080
12;2025-11-12;14;2070
12;2025-11-12;15;2302
12;2025-11-12;16;2815
12;2025-11-12;17;2979
12;2025-11-12;18;3135
12;2025-11-12;19;2394
12;2025-11-12;20;1565
12;2025-11-12;21;946
12;2025-11-12;22;481
12;2025-11-12;23;253
12;2025-11-13;0;54
12;2025-11-13;1;2
12;2025-11-13;2;0
12;2025-11-13;3;0
12;2025-11-13;4;6
12;2025-11-13;5;320
12;2025-11-13;6;1380
12;2025-11-13;7;2702
12;2025-11-13;8;3611
12;2025-11-13;9;2476
12;2025-11-13;10;2124
12;2025-11-13;11;2035
12;2025-11-13;12;2121
12;2025-11-13;13;2095
12;2025-11-13;14;2085
12;2025-11-13;15;2318
12;2025-11-13;16;2835
12;2025-11-13;17;3001
12;2025-11-13;18;3157
12;2025-11-13;19;2411
12;2025-11-13;20;1576
12;2025-11-13;21;953
12;2025-11-13;22;485
12;2025-11-13;23;255
12;2025-11-14;0;58
12;2025-11-14;1;2
12;2025-11-14;2;0
12;2025-11-14;3;0
12;2025-11-14;4;4
12;2025-11-14;5;306
12;2025-11-14;6;1332
12;2025-11-14;7;2623
12;2025-11-14;8;3358
12;2025-11-14;9;2357
12;2025-11-14;10;1973
12;2025-11-14;11;1991
12;2025-11-14;12;2038
12;2025-11-14;13;2137
12;2025-11-14;14;2116
12;2025-11-14;15;2403
12;2025-11-14;16;3079
12;2025-11-14;17;2909
12;2025-11-14;18;2555
12;2025-11-14;19;2104
12;2025-11-14;20;1442
12;2025-11-14;21;998
12;2025-11-14;22;512
12;2025-11-14;23;314
12;2025-11-15;0;73
12;2025-11-15;1;4
12;2025-11-15;2;0
12;2025-11-15;3;0
12;2025-11-15;4;2
12;2025-11-15;5;202
12;2025-11-15;6;732
12;2025-11-15;7;826
12;2025-11-15;8;929
12;2025-11-15;9;1124
12;2025-11-15;10;1385
12;2025-11-15;11;1491
12;2025-11-15;12;1508
12;2025-11-15;13;1784
12;2025-11-15;14;1584
12;2025-11-15;15;1524
12;2025-11-15;16;1606
12;2025-11-15;17;1475
12;2025-11-15;18;1418
12;2025-11-15;19;1261
12;2025-11-15;20;898
12;2025-11-15;21;663
12;2025-11-15;22;392
12;2025-11-15;23;277
12;2025-11-16;0;90
12;2025-11-16;1;6
12;2025-11-16;2;0
12;2025-11-16;3;0
12;2025-11-16;4;3
12;2025-11-16;5;139
12;2025-11-16;6;509
12;2025-11-16;7;637
12;2025-11-16;8;713
12;2025-11-16;9;932
12;2025-11-16;10;1192
12;2025-11-16;11;1329
12;2025-11-16;12;1411
12;2025-11-16;13;1660
12;2025-11-16;14;1547
12;2025-11-16;15;1492
12;2025-11-16;16;1534
12;2025-11-16;17;1494
12;2025-11-16;18;1275
12;2025-11-16;19;982
12;2025-11-16;20;760
12;2025-11-16;21;593
12;2025-11-16;22;395
12;2025-11-16;23;207
12;2025-11-17;0;52
12;2025-11-17;1;2
12;2025-11-17;2;0
12;2025-11-17;3;0
12;2025-11-17;4;6
12;2025-11-17;5;307
12;2025-11-17;6;1323
12;2025-11-17;7;2590
12;2025-11-17;8;3461
12;2025-11-17;9;2373
12;2025-11-17;10;2036
12;2025-11-17;11;1950
12;2025-11-17;12;2033
12;2025-11-17;13;2008
12;2025-11-17;14;1998
12;2025-11-17;15;2222
12;2025-11-17;16;2717
12;2025-11-17;17;2876
12;2025-11-17;18;3026
12;2025-11-17;19;2311
12;2025-11-17;20;1511
12;2025-11-17;21;913
12;2025-11-17;22;465
12;2025-11-17;23;244
12;2025-11-18;0;52
12;2025-11-18;1;2
12;2025-11-18;2;0
12;2025-11-18;3;0
12;2025-11-18;4;6
12;2025-11-18;5;311
12;2025-11-18;6;1342
12;2025-11-18;7;2628
12;2025-11-18;8;3512
12;2025-11-18;9;2408
12;2025-11-18;10;2066
12;2025-11-18;11;1979
12;2025-11-18;12;2063
12;2025-11-18;13;2038
12;2025-11-18;14;2028
12;2025-11-18;15;2255
12;2025-11-18;16;2757
12;2025-11-18;17;2918
12;2025-11-18;18;3071
12;2025-11-18;19;2346
12;2025-11-18;20;1533
12;2025-11-18;21;927
12;2025-11-18;22;472
12;2025-11-18;23;248
12;2025-11-19;0;54
12;2025-11-19;1;2
12;2025-11-19;2;0
12;2025-11-19;3;0
12;2025-11-19;4;6
12;2025-11-19;5;320
12;2025-11-19;6;1382
12;2025-11-19;7;2705
12;2025-11-19;8;3615
12;2025-11-19;9;2479
12;2025-11-19;10;2127
12;2025-11-19;11;2037
12;2025-11-19;12;2123
12;2025-11-19;13;2097
12;2025-11-19;14;2087
12;2025-11-19;15;2321
12;2025-11-19;16;2838
12;2025-11-19;17;3004
12;2025-11-19;18;3161
12;2025-11-19;19;2414
12;2025-11-19;20;1578
12;2025-11-19;21;954
12;2025-11-19;22;485
12;2025-11-19;23;255
12;2025-11-20;0;54
12;2025-11-20;1;2
12;2025-11-20;2;0
12;2025-11-20;3;0
12;2025-11-20;4;6
12;2025-11-20;5;320
12;2025-11-20;6;1382
12;2025-11-20;7;2705
12;2025-11-20;8;3615
12;2025-11-20;9;2479
12;2025-11-20;10;2127
12;2025-11-20;11;2037
12;2025-11-20;12;2123
12;2025-11-20;13;2097
12;2025-11-20;14;2087
12;2025-11-20;15;2321
12;2025-11-20;16;2838
12;2025-11-20;17;3004
12;2025-11-20;18;3161
12;2025-11-20;19;2414
12;2025-11-20;20;1578
12;2025-11-20;21;954
12;2025-11-20;22;485
12;2025-11-20;23;255
12;2025-11-21;0;58
12;2025-11-21;1;2
12;2025-11-21;2;0
12;2025-11-21;3;0
12;2025-11-21;4;4
12;2025-11-21;5;306
12;2025-11-21;6;1331
12;2025-11-21;7;2621
12;2025-11-21;8;3356
12;2025-11-21;9;2356
12;2025-11-21;10;1972
12;2025-11-21;11;1989
12;2025-11-21;12;2037
12;2025-11-21;13;2135
12;2025-11-21;14;2114
12;2025-11-21;15;2401
12;2025-11-21;16;3077
12;2025-11-21;17;2907
12;2025-11-21;18;2553
12;2025-11-21;19;2102
12;2025-11-21;20;1441
12;2025-11-21;21;998
12;2025-11-21;22;511
12;2025-11-21;23;314
12;2025-11-22;0;73
12;2025-11-22;1;4
12;2025-11-22;2;0
12;2025-11-22;3;0
12;2025-11-22;4;2
12;2025-11-22;5;204
12;2025-11-22;6;740
12;2025-11-22;7;835
12;2025-11-22;8;939
12;2025-11-22;9;1137
12;2025-11-22;10;1400
12;2025-11-22;11;1507
12;2025-11-22;12;1524
12;2025-11-22;13;1804
12;2025-11-22;14;1601
12;2025-11-22;15;1541
12;2025-11-22;16;1623
12;2025-11-22;17;1491
12;2025-11-22;18;1434
12;2025-11-22;19;1275
12;2025-11-22;20;908
12;2025-11-22;21;670
12;2025-11-22;22;396
12;2025-11-22;23;280
12;2025-11-23;0;89
12;2025-11-23;1;6
12;2025-11-23;2;0
12;2025-11-23;3;0
12;2025-11-23;4;3
12;2025-11-23;5;139
12;2025-11-23;6;508
12;2025-11-23;7;637
12;2025-11-23;8;712
12;2025-11-23;9;931
12;2025-11-23;10;1191
12;2025-11-23;11;1328
12;2025-11-23;12;1410
12;2025-11-23;13;1658
12;2025-11-23;14;1545
12;2025-11-23;15;1490
12;2025-11-23;16;1532
12;2025-11-23;17;1492
12;2025-11-23;18;1273
12;2025-11-23;19;981
12;2025-11-23;20;759
12;2025-11-23;21;592
12;2025-11-23;22;394
12;2025-11-23;23;207
12;2025-11-24;0;51
12;2025-11-24;1;2
12;2025-11-24;2;0
12;2025-11-24;3;0
12;2025-11-24;4;6
12;2025-11-24;5;303
12;2025-11-24;6;1306
12;2025-11-24;7;2556
12;2025-11-24;8;3417
12;2025-11-24;9;2342
12;2025-11-24;10;2010
12;2025-11-24;11;1925
12;2025-11-24;12;2007
12;2025-11-24;13;1982
12;2025-11-24;14;1973
12;2025-11-24;15;2193
12;2025-11-24;16;2682
12;2025-11-24;17;2839
12;2025-11-24;18;2987
12;2025-11-24;19;2282
12;2025-11-24;20;1491
12;2025-11-24;21;902
12;2025-11-24;22;459
12;2025-11-24;23;241
12;2025-11-25;0;54
12;2025-11-25;1;2
12;2025-11-25;2;0
12;2025-11-25;3;0
12;2025-11-25;4;6
12;2025-11-25;5;320
12;2025-11-25;6;1382
12;2025-11-25;7;2705
12;2025-11-25;8;3615
12;2025-11-25;9;2479
12;2025-11-25;10;2127
12;2025-11-25;11;2037
12;2025-11-25;12;2123
12;2025-11-25;13;2097
12;2025-11-25;14;2087
12;2025-11-25;15;2321
12;2025-11-25;16;2838
12;2025-11-25;17;3004
12;2025-11-25;18;3161
12;2025-11-25;19;2414
12;2025-11-25;20;1578
12;2025-11-25;21;954
12;2025-11-25;22;485
12;2025-11-25;23;255
12;2025-11-26;0;53
12;2025-11-26;1;2
12;2025-11-26;2;0
12;2025-11-26;3;0
12;2025-11-26;4;6
12;2025-11-26;5;312
12;2025-11-26;6;1347
12;2025-11-26;7;2637
12;2025-11-26;8;3525
12;2025-11-26;9;2417
12;2025-11-26;10;2074
12;2025-11-26;11;1986
12;2025-11-26;12;2070
12;2025-11-26;13;2045
12;2025-11-26;14;2035
12;2025-11-26;15;2263
12;2025-11-26;16;2767
12;2025-11-26;17;2929
12;2025-11-26;18;3082
12;2025-11-26;19;2354
12;2025-11-26;20;1539
12;2025-11-26;21;930
12;2025-11-26;22;473
12;2025-11-26;23;249
12;2025-11-27;0;53
12;2025-11-27;1;2
12;2025-11-27;2;0
12;2025-11-27;3;0
12;2025-11-27;4;6
12;2025-11-27;5;313
12;2025-11-27;6;1349
12;2025-11-27;7;2641
12;2025-11-27;8;3530
12;2025-11-27;9;2420
12;2025-11-27;10;2077
12;2025-11-27;11;1989
12;2025-11-27;12;2073
12;2025-11-27;13;2048
12;2025-11-27;14;2038
12;2025-11-27;15;2266
12;2025-11-27;16;2771
12;2025-11-27;17;2933
12;2025-11-27;18;3086
12;2025-11-27;19;2357
12;2025-11-27;20;1541
12;2025-11-27;21;932
12;2025-11-27;22;474
12;2025-11-27;23;249
12;2025-11-28;0;57
12;2025-11-28;1;2
12;2025-11-28;2;0
12;2025-11-28;3;0
12;2025-11-28;4;4
12;2025-11-28;5;302
12;2025-11-28;6;1314
12;2025-11-28;7;2587
12;2025-11-28;8;3312
12;2025-11-28;9;2325
12;2025-11-28;10;1946
12;2025-11-28;11;1964
12;2025-11-28;12;2010
12;2025-11-28;13;2108
12;2025-11-28;14;2087
12;2025-11-28;15;2371
12;2025-11-28;16;3037
12;2025-11-28;17;2869
12;2025-11-28;18;2520
12;2025-11-28;19;2075
12;2025-11-28;20;1423
12;2025-11-28;21;985
12;2025-11-28;22;505
12;2025-11-28;23;310
12;2025-11-29;0;75
12;2025-11-29;1;4
12;2025-11-29;2;0
12;2025-11-29;3;0
12;2025-11-29;4;2
12;2025-11-29;5;209
12;2025-11-29;6;755
12;2025-11-29;7;852
12;2025-11-29;8;959
12;2025-11-29;9;1160
12;2025-11-29;10;1429
12;2025-11-29;11;1538
12;2025-11-29;12;1556
12;2025-11-29;13;1841
12;2025-11-29;14;1635
12;2025-11-29;15;1573
12;2025-11-29;16;1657
12;2025-11-29;17;1522
12;2025-11-29;18;1464
12;2025-11-29;19;1301
12;2025-11-29;20;927
12;2025-11-29;21;684
12;2025-11-29;22;404
12;2025-11-29;23;285
12;2025-11-30;0;89
12;2025-11-30;1;6
12;2025-11-30;2;0
12;2025-11-30;3;0
12;2025-11-30;4;3
12;2025-11-30;5;139
12;2025-11-30;6;507
12;2025-11-30;7;636
12;2025-11-30;8;712
12;2025-11-30;9;930
12;2025-11-30;10;1189
12;2025-11-30;11;1326
12;2025-11-30;12;1408
12;2025-11-30;13;1656
12;2025-11-30;14;1544
12;2025-11-30;15;1489
12;2025-11-30;16;1531
12;2025-11-30;17;1491
12;2025-11-30;18;1272
12;2025-11-30;19;980
12;2025-11-30;20;758
12;2025-11-30;21;592
12;2025-11-30;22;394
12;2025-11-30;23;207
12;2025-12-01;0;52
12;2025-12-01;1;2
12;2025-12-01;2;0
12;2025-12-01;3;0
12;2025-12-01;4;6
12;2025-12-01;5;311
12;2025-12-01;6;1327
12;2025-12-01;7;2626
12;2025-12-01;8;3505
12;2025-12-01;9;2389
12;2025-12-01;10;2062
12;2025-12-01;11;1984
12;2025-12-01;12;2063
12;2025-12-01;13;2029
12;2025-12-01;14;2038
12;2025-12-01;15;2264
12;2025-12-01;16;2770
12;2025-12-01;17;2925
12;2025-12-01;18;3073
12;2025-12-01;19;2358
12;2025-12-01;20;1525
12;2025-12-01;21;918
12;2025-12-01;22;468
12;2025-12-01;23;246
12;2025-12-02;0;54
12;2025-12-02;1;2
12;2025-12-02;2;0
12;2025-12-02;3;0
12;2025-12-02;4;6
12;2025-12-02;5;320
12;2025-12-02;6;1364
12;2025-12-02;7;2698
12;2025-12-02;8;3602
12;2025-12-02;9;2455
12;2025-12-02;10;2119
12;2025-12-02;11;2039
12;2025-12-02;12;2120
12;2025-12-02;13;2085
12;2025-12-02;14;2095
12;2025-12-02;15;2326
12;2025-12-02;16;2847
12;2025-12-02;17;3006
12;2025-12-02;18;3158
12;2025-12-02;19;2423
12;2025-12-02;20;1567
12;2025-12-02;21;943
12;2025-12-02;22;481
12;2025-12-02;23;253
12;2025-12-03;0;54
12;2025-12-03;1;2
12;2025-12-03;2;0
12;2025-12-03;3;0
12;2025-12-03;4;6
12;2025-12-03;5;320
12;2025-12-03;6;1364
12;2025-12-03;7;2698
12;2025-12-03;8;3602
12;2025-12-03;9;2455
12;2025-12-03;10;2119
12;2025-12-03;11;2039
12;2025-12-03;12;2120
12;2025-12-03;13;2085
12;2025-12-03;14;2095
12;2025-12-03;15;2326
12;2025-12-03;16;2847
12;2025-12-03;17;3006
12;2025-12-03;18;3158
12;2025-12-03;19;2423
12;2025-12-03;20;1567
12;2025-12-03;21;943
12;2025-12-03;22;481
12;2025-12-03;23;253
12;2025-12-04;0;54
12;2025-12-04;1;2
12;2025-12-04;2;0
12;2025-12-04;3;0
12;2025-12-04;4;6
12;2025-12-04;5;320
12;2025-12-04;6;1364
12;2025-12-04;7;2698
12;2025-12-04;8;3602
12;2025-12-04;9;2455
12;2025-12-04;10;2119
12;2025-12-04;11;2039
12;2025-12-04;12;2120
12;2025-12-04;13;2085
12;2025-12-04;14;2095
12;2025-12-04;15;2326
12;2025-12-04;16;2847
12;2025-12-04;17;3006
12;2025-12-04;18;3158
12;2025-12-04;19;2423
12;2025-12-04;20;1567
12;2025-12-04;21;943
12;2025-12-04;22;481
12;2025-12-04;23;253
12;2025-12-05;0;58
12;2025-12-05;1;2
12;2025-12-05;2;0
12;2025-12-05;3;0
12;2025-12-05;4;4
12;2025-12-05;5;302
12;2025-12-05;6;1315
12;2025-12-05;7;2611
12;2025-12-05;8;3368
12;2025-12-05;9;2332
12;2025-12-05;10;1983
12;2025-12-05;11;2007
12;2025-12-05;12;2055
12;2025-12-05;13;2121
12;2025-12-05;14;2139
12;2025-12-05;15;2435
12;2025-12-05;16;3105
12;2025-12-05;17;2924
12;2025-12-05;18;2568
12;2025-12-05;19;2115
12;2025-12-05;20;1450
12;2025-12-05;21;994
12;2025-12-05;22;512
12;2025-12-05;23;309
12;2025-12-06;0;76
12;2025-12-06;1;5
12;2025-12-06;2;0
12;2025-12-06;3;0
12;2025-12-06;4;2
12;2025-12-06;5;205
12;2025-12-06;6;747
12;2025-12-06;7;844
12;2025-12-06;8;943
12;2025-12-06;9;1145
12;2025-12-06;10;1412
12;2025-12-06;11;1538
12;2025-12-06;12;1551
12;2025-12-06;13;1850
12;2025-12-06;14;1637
12;2025-12-06;15;1569
12;2025-12-06;16;1646
12;2025-12-06;17;1511
12;2025-12-06;18;1444
12;2025-12-06;19;1298
12;2025-12-06;20;919
12;2025-12-06;21;665
12;2025-12-06;22;405
12;2025-12-06;23;283
12;2025-12-07;0;90
12;2025-12-07;1;6
12;2025-12-07;2;0
12;2025-12-07;3;0
12;2025-12-07;4;3
12;2025-12-07;5;139
12;2025-12-07;6;498
12;2025-12-07;7;616
12;2025-12-07;8;703
12;2025-12-07;9;926
12;2025-12-07;10;1180
12;2025-12-07;11;1322
12;2025-12-07;12;1404
12;2025-12-07;13;1652
12;2025-12-07;14;1538
12;2025-12-07;15;1466
12;2025-12-07;16;1516
12;2025-12-07;17;1470
12;2025-12-07;18;1250
12;2025-12-07;19;970
12;2025-12-07;20;742
12;2025-12-07;21;581
12;2025-12-07;22;389
12;2025-12-07;23;206
12;2025-12-08;0;52
12;2025-12-08;1;2
12;2025-12-08;2;0
12;2025-12-08;3;0
12;2025-12-08;4;6
12;2025-12-08;5;311
12;2025-12-08;6;1327
12;2025-12-08;7;2626
12;2025-12-08;8;3505
12;2025-12-08;9;2389
12;2025-12-08;10;2062
12;2025-12-08;11;1984
12;2025-12-08;12;2063
12;2025-12-08;13;2029
12;2025-12-08;14;2038
12;2025-12-08;15;2264
12;2025-12-08;16;2770
12;2025-12-08;17;2925
12;2025-12-08;18;3073
12;2025-12-08;19;2358
12;2025-12-08;20;1525
12;2025-12-08;21;918
12;2025-12-08;22;468
12;2025-12-08;23;246
12;2025-12-09;0;54
12;2025-12-09;1;2
12;2025-12-09;2;0
12;2025-12-09;3;0
12;2025-12-09;4;6
12;2025-12-09;5;319
12;2025-12-09;6;1359
12;2025-12-09;7;2687
12;2025-12-09;8;3587
12;2025-12-09;9;2445
12;2025-12-09;10;2110
12;2025-12-09;11;2031
12;2025-12-09;12;2112
12;2025-12-09;13;2077
12;2025-12-09;14;2086
12;2025-12-09;15;2317
12;2025-12-09;16;2835
12;2025-12-09;17;2994
12;2025-12-09;18;3145
12;2025-12-09;19;2413
12;2025-12-09;20;1561
12;2025-12-09;21;939
12;2025-12-09;22;479
12;2025-12-09;23;252
12;2025-12-10;0;53
12;2025-12-10;1;2
12;2025-12-10;2;0
12;2025-12-10;3;0
12;2025-12-10;4;6
12;2025-12-10;5;315
12;2025-12-10;6;1345
12;2025-12-10;7;2661
12;2025-12-10;8;3552
12;2025-12-10;9;2421
12;2025-12-10;10;2089
12;2025-12-10;11;2011
12;2025-12-10;12;2091
12;2025-12-10;13;2056
12;2025-12-10;14;2066
12;2025-12-10;15;2294
12;2025-12-10;16;2807
12;2025-12-10;17;2964
12;2025-12-10;18;3114
12;2025-12-10;19;2389
12;2025-12-10;20;1546
12;2025-12-10;21;930
12;2025-12-10;22;474
12;2025-12-10;23;249
12;2025-12-11;0;53
12;2025-12-11;1;2
12;2025-12-11;2;0
12;2025-12-11;3;0
12;2025-12-11;4;6
12;2025-12-11;5;314
12;2025-12-11;6;1337
12;2025-12-11;7;2645
12;2025-12-11;8;3531
12;2025-12-11;9;2407
12;2025-12-11;10;2077
12;2025-12-11;11;1999
12;2025-12-11;12;2079
12;2025-12-11;13;2044
12;2025-12-11;14;2054
12;2025-12-11;15;2281
12;2025-12-11;16;2791
12;2025-12-11;17;2947
12;2025-12-11;18;3096
12;2025-12-11;19;2375
12;2025-12-11;20;1537
12;2025-12-11;21;924
12;2025-12-11;22;471
12;2025-12-11;23;248
12;2025-12-12;0;57
12;2025-12-12;1;2
12;2025-12-12;2;0
12;2025-12-12;3;0
12;2025-12-12;4;4
12;2025-12-12;5;297
12;2025-12-12;6;1291
12;2025-12-12;7;2564
12;2025-12-12;8;3307
12;2025-12-12;9;2290
12;2025-12-12;10;1947
12;2025-12-12;11;1971
12;2025-12-12;12;2018
12;2025-12-12;13;2083
12;2025-12-12;14;2100
12;2025-12-12;15;2391
12;2025-12-12;16;3049
12;2025-12-12;17;2871
12;2025-12-12;18;2522
12;2025-12-12;19;2076
12;2025-12-12;20;1424
12;2025-12-12;21;976
12;2025-12-12;22;503
12;2025-12-12;23;303
12;2025-12-13;0;76
12;2025-12-13;1;5
12;2025-12-13;2;0
12;2025-12-13;3;0
12;2025-12-13;4;2
12;2025-12-13;5;204
12;2025-12-13;6;742
12;2025-12-13;7;838
12;2025-12-13;8;936
12;2025-12-13;9;1137
12;2025-12-13;10;1402
12;2025-12-13;11;1527
12;2025-12-13;12;1541
12;2025-12-13;13;1837
12;2025-12-13;14;1626
12;2025-12-13;15;1558
12;2025-12-13;16;1635
12;2025-12-13;17;1501
12;2025-12-13;18;1433
12;2025-12-13;19;1289
12;2025-12-13;20;913
12;2025-12-13;21;660
12;2025-12-13;22;402
12;2025-12-13;23;281
12;2025-12-14;0;89
12;2025-12-14;1;6
12;2025-12-14;2;0
12;2025-12-14;3;0
12;2025-12-14;4;2
12;2025-12-14;5;138
12;2025-12-14;6;496
12;2025-12-14;7;612
12;2025-12-14;8;699
12;2025-12-14;9;921
12;2025-12-14;10;1173
12;2025-12-14;11;1315
12;2025-12-14;12;1396
12;2025-12-14;13;1642
12;2025-12-14;14;1529
12;2025-12-14;15;1458
12;2025-12-14;16;1507
12;2025-12-14;17;1462
12;2025-12-14;18;1243
12;2025-12-14;19;965
12;2025-12-14;20;738
12;2025-12-14;21;578
12;2025-12-14;22;387
12;2025-12-14;23;205
12;2025-12-15;0;52
12;2025-12-15;1;2
12;2025-12-15;2;0
12;2025-12-15;3;0
12;2025-12-15;4;6
12;2025-12-15;5;311
12;2025-12-15;6;1326
12;2025-12-15;7;2623
12;2025-12-15;8;3501
12;2025-12-15;9;2386
12;2025-12-15;10;2059
12;2025-12-15;11;1982
12;2025-12-15;12;2061
12;2025-12-15;13;2027
12;2025-12-15;14;2036
12;2025-12-15;15;2261
12;2025-12-15;16;2767
12;2025-12-15;17;2922
12;2025-12-15;18;3070
12;2025-12-15;19;2355
12;2025-12-15;20;1524
12;2025-12-15;21;917
12;2025-12-15;22;467
12;2025-12-15;23;246
12;2025-12-16;0;53
12;2025-12-16;1;2
12;2025-12-16;2;0
12;2025-12-16;3;0
12;2025-12-16;4;6
12;2025-12-16;5;317
12;2025-12-16;6;1350
12;2025-12-16;7;2670
12;2025-12-16;8;3564
12;2025-12-16;9;2429
12;2025-12-16;10;2096
12;2025-12-16;11;2018
12;2025-12-16;12;2098
12;2025-12-16;13;2063
12;2025-12-16;14;2073
12;2025-12-16;15;2302
12;2025-12-16;16;2817
12;2025-12-16;17;2975
12;2025-12-16;18;3125
12;2025-12-16;19;2397
12;2025-12-16;20;1551
12;2025-12-16;21;933
12;2025-12-16;22;476
12;2025-12-16;23;250
12;2025-12-17;0;54
12;2025-12-17;1;2
12;2025-12-17;2;0
12;2025-12-17;3;0
12;2025-12-17;4;6
12;2025-12-17;5;320
12;2025-12-17;6;1362
12;2025-12-17;7;2695
12;2025-12-17;8;3598
12;2025-12-17;9;2452
12;2025-12-17;10;2116
12;2025-12-17;11;2037
12;2025-12-17;12;2118
12;2025-12-17;13;2083
12;2025-12-17;14;2092
12;2025-12-17;15;2324
12;2025-12-17;16;2843
12;2025-12-17;17;3003
12;2025-12-17;18;3155
12;2025-12-17;19;2420
12;2025-12-17;20;1566
12;2025-12-17;21;942
12;2025-12-17;22;480
12;2025-12-17;23;253
12;2025-12-18;0;54
12;2025-12-18;1;2
12;2025-12-18;2;0
12;2025-12-18;3;0
12;2025-12-18;4;6
12;2025-12-18;5;320
12;2025-12-18;6;1364
12;2025-12-18;7;2698
12;2025-12-18;8;3602
12;2025-12-18;9;2455
12;2025-12-18;10;2119
12;2025-12-18;11;2039
12;2025-12-18;12;2120
12;2025-12-18;13;2085
12;2025-12-18;14;2095
12;2025-12-18;15;2326
12;2025-12-18;16;2847
12;2025-12-18;17;3006
12;2025-12-18;18;3158
12;2025-12-18;19;2423
12;2025-12-18;20;1567
12;2025-12-18;21;943
12;2025-12-18;22;481
12;2025-12-18;23;253
12;2025-12-19;0;58
12;2025-12-19;1;2
12;2025-12-19;2;0
12;2025-12-19;3;0
12;2025-12-19;4;4
12;2025-12-19;5;301
12;2025-12-19;6;1312
12;2025-12-19;7;2606
12;2025-12-19;8;3361
12;2025-12-19;9;2327
12;2025-12-19;10;1979
12;2025-12-19;11;2003
12;2025-12-19;12;2051
12;2025-12-19;13;2117
12;2025-12-19;14;2134
12;2025-12-19;15;2430
12;2025-12-19;16;3098
12;2025-12-19;17;2918
12;2025-12-19;18;2563
12;2025-12-19;19;2110
12;2025-12-19;20;1447
12;2025-12-19;21;992
12;2025-12-19;22;511
12;2025-12-19;23;308
12;2025-12-20;0;76
12;2025-12-20;1;5
12;2025-12-20;2;0
12;2025-12-20;3;0
12;2025-12-20;4;2
12;2025-12-20;5;205
12;2025-12-20;6;747
12;2025-12-20;7;844
12;2025-12-20;8;943
12;2025-12-20;9;1145
12;2025-12-20;10;1412
12;2025-12-20;11;1538
12;2025-12-20;12;1551
12;2025-12-20;13;1850
12;2025-12-20;14;1637
12;2025-12-20;15;1569
12;2025-12-20;16;1646
12;2025-12-20;17;1511
12;2025-12-20;18;1444
12;2025-12-20;19;1298
12;2025-12-20;20;919
12;2025-12-20;21;665
12;2025-12-20;22;405
12;2025-12-20;23;283
12;2025-12-21;0;89
12;2025-12-21;1;6
12;2025-12-21;2;0
12;2025-12-21;3;0
12;2025-12-21;4;2
12;2025-12-21;5;138
12;2025-12-21;6;496
12;2025-12-21;7;613
12;2025-12-21;8;699
12;2025-12-21;9;922
12;2025-12-21;10;1174
12;2025-12-21;11;1316
12;2025-12-21;12;1397
12;2025-12-21;13;1644
12;2025-12-21;14;1530
12;2025-12-21;15;1459
12;2025-12-21;16;1508
12;2025-12-21;17;1463
12;2025-12-21;18;1244
12;2025-12-21;19;965
12;2025-12-21;20;739
12;2025-12-21;21;578
12;2025-12-21;22;387
12;2025-12-21;23;205
12;2025-12-22;0;52
12;2025-12-22;1;2
12;2025-12-22;2;0
12;2025-12-22;3;0
12;2025-12-22;4;6
12;2025-12-22;5;308
12;2025-12-22;6;1312
12;2025-12-22;7;2595
12;2025-12-22;8;3464
12;2025-12-22;9;2361
12;2025-12-22;10;2037
12;2025-12-22;11;1961
12;2025-12-22;12;2039
12;2025-12-22;13;2005
12;2025-12-22;14;2014
12;2025-12-22;15;2237
12;2025-12-22;16;2737
12;2025-12-22;17;2891
12;2025-12-22;18;3037
12;2025-12-22;19;2330
12;2025-12-22;20;1507
12;2025-12-22;21;907
12;2025-12-22;22;462
12;2025-12-22;23;243
12;2025-12-23;0;54
12;2025-12-23;1;2
12;2025-12-23;2;0
12;2025-12-23;3;0
12;2025-12-23;4;6
12;2025-12-23;5;320
12;2025-12-23;6;1364
12;2025-12-23;7;2698
12;2025-12-23;8;3602
12;2025-12-23;9;2455
12;2025-12-23;10;2119
12;2025-12-23;11;2039
12;2025-12-23;12;2120
12;2025-12-23;13;2085
12;2025-12-23;14;2095
12;2025-12-23;15;2326
12;2025-12-23;16;2847
12;2025-12-23;17;3006
12;2025-12-23;18;3158
12;2025-12-23;19;2423
12;2025-12-23;20;1567
12;2025-12-23;21;943
12;2025-12-23;22;481
12;2025-12-23;23;253
12;2025-12-24;0;53
12;2025-12-24;1;2
12;2025-12-24;2;0
12;2025-12-24;3;0
12;2025-12-24;4;6
12;2025-12-24;5;318
12;2025-12-24;6;1355
12;2025-12-24;7;2681
12;2025-12-24;8;3579
12;2025-12-24;9;2439
12;2025-12-24;10;2105
12;2025-12-24;11;2026
12;2025-12-24;12;2107
12;2025-12-24;13;2072
12;2025-12-24;14;2081
12;2025-12-24;15;2312
12;2025-12-24;16;2828
12;2025-12-24;17;2987
12;2025-12-24;18;3138
12;2025-12-24;19;2407
12;2025-12-24;20;1558
12;2025-12-24;21;937
12;2025-12-24;22;478
12;2025-12-24;23;251
12;2025-12-25;0;53
12;2025-12-25;1;2
12;2025-12-25;2;0
12;2025-12-25;3;0
12;2025-12-25;4;6
12;2025-12-25;5;314
12;2025-12-25;6;1339
12;2025-12-25;7;2649
12;2025-12-25;8;3537
12;2025-12-25;9;2410
12;2025-12-25;10;2080
12;2025-12-25;11;2002
12;2025-12-25;12;2082
12;2025-12-25;13;2047
12;2025-12-25;14;2057
12;2025-12-25;15;2284
12;2025-12-25;16;2795
12;2025-12-25;17;2951
12;2025-12-25;18;3101
12;2025-12-25;19;2379
12;2025-12-25;20;1539
12;2025-12-25;21;926
12;2025-12-25;22;472
12;2025-12-25;23;248
12;2025-12-26;0;57
12;2025-12-26;1;2
12;2025-12-26;2;0
12;2025-12-26;3;0
12;2025-12-26;4;4
12;2025-12-26;5;294
12;2025-12-26;6;1279
12;2025-12-26;7;2539
12;2025-12-26;8;3275
12;2025-12-26;9;2267
12;2025-12-26;10;1928
12;2025-12-26;11;1952
12;2025-12-26;12;1998
12;2025-12-26;13;2063
12;2025-12-26;14;2080
12;2025-12-26;15;2367
12;2025-12-26;16;3019
12;2025-12-26;17;2843
12;2025-12-26;18;2497
12;2025-12-26;19;2056
12;2025-12-26;20;1410
12;2025-12-26;21;966
12;2025-12-26;22;498
12;2025-12-26;23;300
12;2025-12-27;0;76
12;2025-12-27;1;5
12;2025-12-27;2;0
12;2025-12-27;3;0
12;2025-12-27;4;2
12;2025-12-27;5;204
12;2025-12-27;6;742
12;2025-12-27;7;838
12;2025-12-27;8;936
12;2025-12-27;9;1137
12;2025-12-27;10;1402
12;2025-12-27;11;1527
12;2025-12-27;12;1541
12;2025-12-27;13;1837
12;2025-12-27;14;1626
12;2025-12-27;15;1558
12;2025-12-27;16;1635
12;2025-12-27;17;1501
12;2025-12-27;18;1433
12;2025-12-27;19;1289
12;2025-12-27;20;913
12;2025-12-27;21;660
12;2025-12-27;22;402
12;2025-12-27;23;281
12;2025-12-28;0;88
12;2025-12-28;1;6
12;2025-12-28;2;0
12;2025-12-28;3;0
12;2025-12-28;4;2
12;2025-12-28;5;136
12;2025-12-28;6;491
12;2025-12-28;7;606
12;2025-12-28;8;692
12;2025-12-28;9;912
12;2025-12-28;10;1162
12;2025-12-28;11;1301
12;2025-12-28;12;1382
12;2025-12-28;13;1626
12;2025-12-28;14;1514
12;2025-12-28;15;1443
12;2025-12-28;16;1492
12;2025-12-28;17;1447
12;2025-12-28;18;1230
12;2025-12-28;19;955
12;2025-12-28;20;731
12;2025-12-28;21;572
12;2025-12-28;22;383
12;2025-12-28;23;203
12;2025-12-29;0;46
12;2025-12-29;1;2
12;2025-12-29;2;0
12;2025-12-29;3;0
12;2025-12-29;4;5
12;2025-12-29;5;276
12;2025-12-29;6;1179
12;2025-12-29;7;2331
12;2025-12-29;8;3112
12;2025-12-29;9;2121
12;2025-12-29;10;1831
12;2025-12-29;11;1762
12;2025-12-29;12;1832
12;2025-12-29;13;1802
12;2025-12-29;14;1810
12;2025-12-29;15;2010
12;2025-12-29;16;2460
12;2025-12-29;17;2597
12;2025-12-29;18;2729
12;2025-12-29;19;2093
12;2025-12-29;20;1354
12;2025-12-29;21;815
12;2025-12-29;22;415
12;2025-12-29;23;219
12;2025-12-30;0;45
12;2025-12-30;1;2
12;2025-12-30;2;0
12;2025-12-30;3;0
12;2025-12-30;4;5
12;2025-12-30;5;266
12;2025-12-30;6;1136
12;2025-12-30;7;2246
12;2025-12-30;8;2999
12;2025-12-30;9;2044
12;2025-12-30;10;1764
12;2025-12-30;11;1698
12;2025-12-30;12;1765
12;2025-12-30;13;1736
12;2025-12-30;14;1744
12;2025-12-30;15;1937
12;2025-12-30;16;2370
12;2025-12-30;17;2503
12;2025-12-30;18;2630
12;2025-12-30;19;2017
12;2025-12-30;20;1305
12;2025-12-30;21;785
12;2025-12-30;22;400
12;2025-12-30;23;211
12;2025-12-31;0;41
12;2025-12-31;1;3
12;2025-12-31;2;0
12;2025-12-31;3;0
12;2025-12-31;4;1
12;2025-12-31;5;109
12;2025-12-31;6;398
12;2025-12-31;7;449
12;2025-12-31;8;502
12;2025-12-31;9;609
12;2025-12-31;10;751
12;2025-12-31;11;819
12;2025-12-31;12;826
12;2025-12-31;13;985
12;2025-12-31;14;871
12;2025-12-31;15;835
12;2025-12-31;16;876
12;2025-12-31;17;804
12;2025-12-31;18;768
12;2025-12-31;19;691
12;2025-12-31;20;48
12;2025-12-31;21;35
12;2025-12-31;22;21
12;2025-12-31;23;15
17;2025-11-01;0;151
17;2025-11-01;1;30
17;2025-11-01;2;0
17;2025-11-01;3;0
17;2025-11-01;4;23
17;2025-11-01;5;271
17;2025-11-01;6;1323
17;2025-11-01;7;3435
17;2025-11-01;8;4484
17;2025-11-01;9;3208
17;2025-11-01;10;2623
17;2025-11-01;11;2637
17;2025-11-01;12;2678
17;2025-11-01;13;2738
17;2025-11-01;14;2815
17;2025-11-01;15;3116
17;2025-11-01;16;3739
17;2025-11-01;17;3972
17;2025-11-01;18;3704
17;2025-11-01;19;2704
17;2025-11-01;20;2068
17;2025-11-01;21;1394
17;2025-11-01;22;741
17;2025-11-01;23;408
17;2025-11-02;0;182
17;2025-11-02;1;25
17;2025-11-02;2;0
17;2025-11-02;3;0
17;2025-11-02;4;4
17;2025-11-02;5;107
17;2025-11-02;6;442
17;2025-11-02;7;798
17;2025-11-02;8;1235
17;2025-11-02;9;1688
17;2025-11-02;10;2047
17;2025-11-02;11;2608
17;2025-11-02;12;3017
17;2025-11-02;13;3300
17;2025-11-02;14;3377
17;2025-11-02;15;3351
17;2025-11-02;16;3256
17;2025-11-02;17;2975
17;2025-11-02;18;2582
17;2025-11-02;19;2079
17;2025-11-02;20;1637
17;2025-11-02;21;1174
17;2025-11-02;22;737
17;2025-11-02;23;327
17;2025-11-03;0;165
17;2025-11-03;1;22
17;2025-11-03;2;0
17;2025-11-03;3;0
17;2025-11-03;4;4
17;2025-11-03;5;104
17;2025-11-03;6;434
17;2025-11-03;7;852
17;2025-11-03;8;1270
17;2025-11-03;9;1679
17;2025-11-03;10;1977
17;2025-11-03;11;2454
17;2025-11-03;12;2797
17;2025-11-03;13;3017
17;2025-11-03;14;3076
17;2025-11-03;15;3058
17;2025-11-03;16;3023
17;2025-11-03;17;2735
17;2025-11-03;18;2403
17;2025-11-03;19;1936
17;2025-11-03;20;1543
17;2025-11-03;21;1115
17;2025-11-03;22;703
17;2025-11-03;23;338
17;2025-11-04;0;164
17;2025-11-04;1;22
17;2025-11-04;2;0
17;2025-11-04;3;0
17;2025-11-04;4;4
17;2025-11-04;5;104
17;2025-11-04;6;432
17;2025-11-04;7;848
17;2025-11-04;8;1265
17;2025-11-04;9;1672
17;2025-11-04;10;1968
17;2025-11-04;11;2444
17;2025-11-04;12;2785
17;2025-11-04;13;3004
17;2025-11-04;14;3063
17;2025-11-04;15;3045
17;2025-11-04;16;3010
17;2025-11-04;17;2724
17;2025-11-04;18;2393
17;2025-11-04;19;1927
17;2025-11-04;20;1536
17;2025-11-04;21;1110
17;2025-11-04;22;700
17;2025-11-04;23;337
17;2025-11-05;0;119
17;2025-11-05;1;12
17;2025-11-05;2;0
17;2025-11-05;3;0
17;2025-11-05;4;28
17;2025-11-05;5;328
17;2025-11-05;6;1598
17;2025-11-05;7;4177
17;2025-11-05;8;5491
17;2025-11-05;9;3885
17;2025-11-05;10;3124
17;2025-11-05;11;3096
17;2025-11-05;12;3139
17;2025-11-05;13;3201
17;2025-11-05;14;3294
17;2025-11-05;15;3423
17;2025-11-05;16;3860
17;2025-11-05;17;4538
17;2025-11-05;18;4885
17;2025-11-05;19;3374
17;2025-11-05;20;2452
17;2025-11-05;21;1511
17;2025-11-05;22;776
17;2025-11-05;23;375
17;2025-11-06;0;117
17;2025-11-06;1;12
17;2025-11-06;2;0
17;2025-11-06;3;0
17;2025-11-06;4;27
17;2025-11-06;5;324
17;2025-11-06;6;1580
17;2025-11-06;7;4130
17;2025-11-06;8;5428
17;2025-11-06;9;3841
17;2025-11-06;10;3089
17;2025-11-06;11;3061
17;2025-11-06;12;3103
17;2025-11-06;13;3165
17;2025-11-06;14;3257
17;2025-11-06;15;3384
17;2025-11-06;16;3816
17;2025-11-06;17;4487
17;2025-11-06;18;4830
17;2025-11-06;19;3335
17;2025-11-06;20;2424
17;2025-11-06;21;1494
17;2025-11-06;22;767
17;2025-11-06;23;370
17;2025-11-07;0;139
17;2025-11-07;1;16
17;2025-11-07;2;0
17;2025-11-07;3;0
17;2025-11-07;4;25
17;2025-11-07;5;304
17;2025-11-07;6;1487
17;2025-11-07;7;3860
17;2025-11-07;8;5038
17;2025-11-07;9;3605
17;2025-11-07;10;2948
17;2025-11-07;11;2963
17;2025-11-07;12;3009
17;2025-11-07;13;3077
17;2025-11-07;14;3164
17;2025-11-07;15;3501
17;2025-11-07;16;4201
17;2025-11-07;17;4464
17;2025-11-07;18;4162
17;2025-11-07;19;3039
17;2025-11-07;20;2324
17;2025-11-07;21;1567
17;2025-11-07;22;832
17;2025-11-07;23;458
17;2025-11-08;0;194
17;2025-11-08;1;26
17;2025-11-08;2;0
17;2025-11-08;3;0
17;2025-11-08;4;5
17;2025-11-08;5;131
17;2025-11-08;6;553
17;2025-11-08;7;1165
17;2025-11-08;8;1685
17;2025-11-08;9;2163
17;2025-11-08;10;2477
17;2025-11-08;11;3001
17;2025-11-08;12;3368
17;2025-11-08;13;3580
17;2025-11-08;14;3636
17;2025-11-08;15;3622
17;2025-11-08;16;3646
17;2025-11-08;17;3266
17;2025-11-08;18;2906
17;2025-11-08;19;2341
17;2025-11-08;20;1889
17;2025-11-08;21;1375
17;2025-11-08;22;869
17;2025-11-08;23;451
17;2025-11-09;0;183
17;2025-11-09;1;25
17;2025-11-09;2;0
17;2025-11-09;3;0
17;2025-11-09;4;4
17;2025-11-09;5;107
17;2025-11-09;6;442
17;2025-11-09;7;799
17;2025-11-09;8;1236
17;2025-11-09;9;1690
17;2025-11-09;10;2050
17;2025-11-09;11;2611
17;2025-11-09;12;3020
17;2025-11-09;13;3304
17;2025-11-09;14;3381
17;2025-11-09;15;3355
17;2025-11-09;16;3260
17;2025-11-09;17;2978
17;2025-11-09;18;2585
17;2025-11-09;19;2082
17;2025-11-09;20;1639
17;2025-11-09;21;1176
17;2025-11-09;22;738
17;2025-11-09;23;327
17;2025-11-10;0;116
17;2025-11-10;1;11
17;2025-11-10;2;0
17;2025-11-10;3;0
17;2025-11-10;4;27
17;2025-11-10;5;319
17;2025-11-10;6;1555
17;2025-11-10;7;4065
17;2025-11-10;8;5343
17;2025-11-10;9;3781
17;2025-11-10;10;3041
17;2025-11-10;11;3013
17;2025-11-10;12;3055
17;2025-11-10;13;3115
17;2025-11-10;14;3206
17;2025-11-10;15;3331
17;2025-11-10;16;3757
17;2025-11-10;17;4417
17;2025-11-10;18;4754
17;2025-11-10;19;3283
17;2025-11-10;20;2386
17;2025-11-10;21;1471
17;2025-11-10;22;755
17;2025-11-10;23;365
17;2025-11-11;0;119
17;2025-11-11;1;12
17;2025-11-11;2;0
17;2025-11-11;3;0
17;2025-11-11;4;28
17;2025-11-11;5;328
17;2025-11-11;6;1598
17;2025-11-11;7;4177
17;2025-11-11;8;5491
17;2025-11-11;9;3885
17;2025-11-11;10;3124
17;2025-11-11;11;3096
17;2025-11-11;12;3139
17;2025-11-11;13;3201
17;2025-11-11;14;3294
17;2025-11-11;15;3423
17;2025-11-11;16;3860
17;2025-11-11;17;4538
17;2025-11-11;18;4885
17;2025-11-11;19;3374
17;2025-11-11;20;2452
17;2025-11-11;21;1511
17;2025-11-11;22;776
17;2025-11-11;23;375
17;2025-11-12;0;118
17;2025-11-12;1;12
17;2025-11-12;2;0
17;2025-11-12;3;0
17;2025-11-12;4;27
17;2025-11-12;5;325
17;2025-11-12;6;1585
17;2025-11-12;7;4143
17;2025-11-12;8;5445
17;2025-11-12;9;3853
17;2025-11-12;10;3099
17;2025-11-12;11;3070
17;2025-11-12;12;3113
17;2025-11-12;13;3175
17;2025-11-12;14;3267
17;2025-11-12;15;3394
17;2025-11-12;16;3828
17;2025-11-12;17;4501
17;2025-11-12;18;4845
17;2025-11-12;19;3346
17;2025-11-12;20;2432
17;2025-11-12;21;1499
17;2025-11-12;22;769
17;2025-11-12;23;372
17;2025-11-13;0;119
17;2025-11-13;1;12
17;2025-11-13;2;0
17;2025-11-13;3;0
17;2025-11-13;4;28
17;2025-11-13;5;327
17;2025-11-13;6;1596
17;2025-11-13;7;4173
17;2025-11-13;8;5484
17;2025-11-13;9;3881
17;2025-11-13;10;3121
17;2025-11-13;11;3092
17;2025-11-13;12;3135
17;2025-11-13;13;3198
17;2025-11-13;14;3291
17;2025-11-13;15;3419
17;2025-11-13;16;3856
17;2025-11-13;17;4533
17;2025-11-13;18;4880
17;2025-11-13;19;3370
17;2025-11-13;20;2449
17;2025-11-13;21;1510
17;2025-11-13;22;775
17;2025-11-13;23;374
17;2025-11-14;0;140
17;2025-11-14;1;16
17;2025-11-14;2;0
17;2025-11-14;3;0
17;2025-11-14;4;25
17;2025-11-14;5;306
17;2025-11-14;6;1497
17;2025-11-14;7;3885
17;2025-11-14;8;5072
17;2025-11-14;9;3629
17;2025-11-14;10;2968
17;2025-11-14;11;2983
17;2025-11-14;12;3029
17;2025-11-14;13;3097
17;2025-11-14;14;3185
17;2025-11-14;15;3524
17;2025-11-14;16;4229
17;2025-11-14;17;4493
17;2025-11-14;18;4190
17;2025-11-14;19;3059
17;2025-11-14;20;2340
17;2025-11-14;21;1577
17;2025-11-14;22;838
17;2025-11-14;23;461
17;2025-11-15;0;188
17;2025-11-15;1;25
17;2025-11-15;2;0
17;2025-11-15;3;0
17;2025-11-15;4;5
17;2025-11-15;5;127
17;2025-11-15;6;537
17;2025-11-15;7;1131
17;2025-11-15;8;1636
17;2025-11-15;9;2101
17;2025-11-15;10;2406
17;2025-11-15;11;2914
17;2025-11-15;12;3271
17;2025-11-15;13;3477
17;2025-11-15;14;3531
17;2025-11-15;15;3517
17;2025-11-15;16;3541
17;2025-11-15;17;3172
17;2025-11-15;18;2822
17;2025-11-15;19;2273
17;2025-11-15;20;1834
17;2025-11-15;21;1336
17;2025-11-15;22;844
17;2025-11-15;23;438
17;2025-11-16;0;183
17;2025-11-16;1;25
17;2025-11-16;2;0
17;2025-11-16;3;0
17;2025-11-16;4;4
17;2025-11-16;5;107
17;2025-11-16;6;442
17;2025-11-16;7;799
17;2025-11-16;8;1236
17;2025-11-16;9;1690
17;2025-11-16;10;2050
17;2025-11-16;11;2611
17;2025-11-16;12;3020
17;2025-11-16;13;3304
17;2025-11-16;14;3381
17;2025-11-16;15;3355
17;2025-11-16;16;3260
17;2025-11-16;17;2978
17;2025-11-16;18;2585
17;2025-11-16;19;2082
17;2025-11-16;20;1639
17;2025-11-16;21;1176
17;2025-11-16;22;738
17;2025-11-16;23;327
17;2025-11-17;0;114
17;2025-11-17;1;11
17;2025-11-17;2;0
17;2025-11-17;3;0
17;2025-11-17;4;27
17;2025-11-17;5;314
17;2025-11-17;6;1530
17;2025-11-17;7;3999
17;2025-11-17;8;5257
17;2025-11-17;9;3720
17;2025-11-17;10;2991
17;2025-11-17;11;2964
17;2025-11-17;12;3005
17;2025-11-17;13;3065
17;2025-11-17;14;3154
17;2025-11-17;15;3277
17;2025-11-17;16;3696
17;2025-11-17;17;4345
17;2025-11-17;18;4677
17;2025-11-17;19;3230
17;2025-11-17;20;2348
17;2025-11-17;21;1447
17;2025-11-17;22;742
17;2025-11-17;23;359
17;2025-11-18;0;115
17;2025-11-18;1;11
17;2025-11-18;2;0
17;2025-11-18;3;0
17;2025-11-18;4;27
17;2025-11-18;5;318
17;2025-11-18;6;1553
17;2025-11-18;7;4058
17;2025-11-18;8;5334
17;2025-11-18;9;3774
17;2025-11-18;10;3036
17;2025-11-18;11;3008
17;2025-11-18;12;3050
17;2025-11-18;13;3110
17;2025-11-18;14;3201
17;2025-11-18;15;3325
17;2025-11-18;16;3751
17;2025-11-18;17;4409
17;2025-11-18;18;4746
17;2025-11-18;19;3277
17;2025-11-18;20;2382
17;2025-11-18;21;1468
17;2025-11-18;22;753
17;2025-11-18;23;364
17;2025-11-19;0;119
17;2025-11-19;1;12
17;2025-11-19;2;0
17;2025-11-19;3;0
17;2025-11-19;4;28
17;2025-11-19;5;328
17;2025-11-19;6;1598
17;2025-11-19;7;4177
17;2025-11-19;8;5491
17;2025-11-19;9;3885
17;2025-11-19;10;3124
17;2025-11-19;11;3096
17;2025-11-19;12;3139
17;2025-11-19;13;3201
17;2025-11-19;14;3294
17;2025-11-19;15;3423
17;2025-11-19;16;3860
17;2025-11-19;17;4538
17;2025-11-19;18;4885
17;2025-11-19;19;3374
17;2025-11-19;20;2452
17;2025-11-19;21;1511
17;2025-11-19;22;776
17;2025-11-19;23;375
17;2025-11-20;0;119
17;2025-11-20;1;12
17;2025-11-20;2;0
17;2025-11-20;3;0
17;2025-11-20;4;28
17;2025-11-20;5;328
17;2025-11-20;6;1598
17;2025-11-20;7;4177
17;2025-11-20;8;5491
17;2025-11-20;9;3885
17;2025-11-20;10;3124
17;2025-11-20;11;3096
17;2025-11-20;12;3139
17;2025-11-20;13;3201
17;2025-11-20;14;3294
17;2025-11-20;15;3423
17;2025-11-20;16;3860
17;2025-11-20;17;4538
17;2025-11-20;18;4885
17;2025-11-20;19;3374
17;2025-11-20;20;2452
17;2025-11-20;21;1511
17;2025-11-20;22;776
17;2025-11-20;23;375
17;2025-11-21;0;140
17;2025-11-21;1;16
17;2025-11-21;2;0
17;2025-11-21;3;0
17;2025-11-21;4;25
17;2025-11-21;5;306
17;2025-11-21;6;1496
17;2025-11-21;7;3882
17;2025-11-21;8;5068
17;2025-11-21;9;3626
17;2025-11-21;10;2965
17;2025-11-21;11;2981
17;2025-11-21;12;3027
17;2025-11-21;13;3095
17;2025-11-21;14;3182
17;2025-11-21;15;3522
17;2025-11-21;16;4226
17;2025-11-21;17;4490
17;2025-11-21;18;4187
17;2025-11-21;19;3057
17;2025-11-21;20;2338
17;2025-11-21;21;1576
17;2025-11-21;22;837
17;2025-11-21;23;461
17;2025-11-22;0;190
17;2025-11-22;1;25
17;2025-11-22;2;0
17;2025-11-22;3;0
17;2025-11-22;4;5
17;2025-11-22;5;129
17;2025-11-22;6;543
17;2025-11-22;7;1143
17;2025-11-22;8;1654
17;2025-11-22;9;2124
17;2025-11-22;10;2432
17;2025-11-22;11;2946
17;2025-11-22;12;3306
17;2025-11-22;13;3515
17;2025-11-22;14;3569
17;2025-11-22;15;3555
17;2025-11-22;16;3579
17;2025-11-22;17;3206
17;2025-11-22;18;2853
17;2025-11-22;19;2298
17;2025-11-22;20;1854
17;2025-11-22;21;1350
17;2025-11-22;22;853
17;2025-11-22;23;443
17;2025-11-23;0;182
17;2025-11-23;1;25
17;2025-11-23;2;0
17;2025-11-23;3;0
17;2025-11-23;4;4
17;2025-11-23;5;107
17;2025-11-23;6;442
17;2025-11-23;7;798
17;2025-11-23;8;1235
17;2025-11-23;9;1688
17;2025-11-23;10;2047
17;2025-11-23;11;2608
17;2025-11-23;12;3017
17;2025-11-23;13;3300
17;2025-11-23;14;3377
17;2025-11-23;15;3351
17;2025-11-23;16;3256
17;2025-11-23;17;2975
17;2025-11-23;18;2582
17;2025-11-23;19;2079
17;2025-11-23;20;1637
17;2025-11-23;21;1174
17;2025-11-23;22;737
17;2025-11-23;23;327
17;2025-11-24;0;112
17;2025-11-24;1;11
17;2025-11-24;2;0
17;2025-11-24;3;0
17;2025-11-24;4;26
17;2025-11-24;5;310
17;2025-11-24;6;1511
17;2025-11-24;7;3948
17;2025-11-24;8;5189
17;2025-11-24;9;3672
17;2025-11-24;10;2953
17;2025-11-24;11;2926
17;2025-11-24;12;2967
17;2025-11-24;13;3025
17;2025-11-24;14;3113
17;2025-11-24;15;3235
17;2025-11-24;16;3648
17;2025-11-24;17;4289
17;2025-11-24;18;4617
17;2025-11-24;19;3188
17;2025-11-24;20;2317
17;2025-11-24;21;1428
17;2025-11-24;22;733
17;2025-11-24;23;354
17;2025-11-25;0;119
17;2025-11-25;1;12
17;2025-11-25;2;0
17;2025-11-25;3;0
17;2025-11-25;4;28
17;2025-11-25;5;328
17;2025-11-25;6;1598
17;2025-11-25;7;4177
17;2025-11-25;8;5491
17;2025-11-25;9;3885
17;2025-11-25;10;3124
17;2025-11-25;11;3096
17;2025-11-25;12;3139
17;2025-11-25;13;3201
17;2025-11-25;14;3294
17;2025-11-25;15;3423
17;2025-11-25;16;3860
17;2025-11-25;17;4538
17;2025-11-25;18;4885
17;2025-11-25;19;3374
17;2025-11-25;20;2452
17;2025-11-25;21;1511
17;2025-11-25;22;776
17;2025-11-25;23;375
17;2025-11-26;0;116
17;2025-11-26;1;11
17;2025-11-26;2;0
17;2025-11-26;3;0
17;2025-11-26;4;27
17;2025-11-26;5;320
17;2025-11-26;6;1558
17;2025-11-26;7;4073
17;2025-11-26;8;5354
17;2025-11-26;9;3788
17;2025-11-26;10;3047
17;2025-11-26;11;3019
17;2025-11-26;12;3061
17;2025-11-26;13;3122
17;2025-11-26;14;3212
17;2025-11-26;15;3337
17;2025-11-26;16;3764
17;2025-11-26;17;4425
17;2025-11-26;18;4764
17;2025-11-26;19;3289
17;2025-11-26;20;2391
17;2025-11-26;21;1474
17;2025-11-26;22;756
17;2025-11-26;23;365
17;2025-11-27;0;116
17;2025-11-27;1;11
17;2025-11-27;2;0
17;2025-11-27;3;0
17;2025-11-27;4;27
17;2025-11-27;5;320
17;2025-11-27;6;1561
17;2025-11-27;7;4079
17;2025-11-27;8;5361
17;2025-11-27;9;3793
17;2025-11-27;10;3051
17;2025-11-27;11;3023
17;2025-11-27;12;3065
17;2025-11-27;13;3126
17;2025-11-27;14;3217
17;2025-11-27;15;3342
17;2025-11-27;16;3769
17;2025-11-27;17;4431
17;2025-11-27;18;4770
17;2025-11-27;19;3294
17;2025-11-27;20;2394
17;2025-11-27;21;1476
17;2025-11-27;22;757
17;2025-11-27;23;366
17;2025-11-28;0;138
17;2025-11-28;1;16
17;2025-11-28;2;0
17;2025-11-28;3;0
17;2025-11-28;4;25
17;2025-11-28;5;302
17;2025-11-28;6;1476
17;2025-11-28;7;3832
17;2025-11-28;8;5003
17;2025-11-28;9;3579
17;2025-11-28;10;2927
17;2025-11-28;11;2942
17;2025-11-28;12;2988
17;2025-11-28;13;3055
17;2025-11-28;14;3141
17;2025-11-28;15;3476
17;2025-11-28;16;4171
17;2025-11-28;17;4432
17;2025-11-28;18;4133
17;2025-11-28;19;3017
17;2025-11-28;20;2308
17;2025-11-28;21;1556
17;2025-11-28;22;826
17;2025-11-28;23;455
17;2025-11-29;0;194
17;2025-11-29;1;26
17;2025-11-29;2;0
17;2025-11-29;3;0
17;2025-11-29;4;5
17;2025-11-29;5;132
17;2025-11-29;6;554
17;2025-11-29;7;1167
17;2025-11-29;8;1688
17;2025-11-29;9;2168
17;2025-11-29;10;2483
17;2025-11-29;11;3007
17;2025-11-29;12;3376
17;2025-11-29;13;3588
17;2025-11-29;14;3644
17;2025-11-29;15;3630
17;2025-11-29;16;3654
17;2025-11-29;17;3273
17;2025-11-29;18;2913
17;2025-11-29;19;2346
17;2025-11-29;20;1893
17;2025-11-29;21;1378
17;2025-11-29;22;871
17;2025-11-29;23;452
17;2025-11-30;0;182
17;2025-11-30;1;25
17;2025-11-30;2;0
17;2025-11-30;3;0
17;2025-11-30;4;4
17;2025-11-30;5;107
17;2025-11-30;6;441
17;2025-11-30;7;797
17;2025-11-30;8;1234
17;2025-11-30;9;1686
17;2025-11-30;10;2045
17;2025-11-30;11;2605
17;2025-11-30;12;3014
17;2025-11-30;13;3296
17;2025-11-30;14;3374
17;2025-11-30;15;3348
17;2025-11-30;16;3253
17;2025-11-30;17;2972
17;2025-11-30;18;2579
17;2025-11-30;19;2077
17;2025-11-30;20;1635
17;2025-11-30;21;1173
17;2025-11-30;22;737
17;2025-11-30;23;326
17;2025-12-01;0;114
17;2025-12-01;1;11
17;2025-12-01;2;0
17;2025-12-01;3;0
17;2025-12-01;4;27
17;2025-12-01;5;320
17;2025-12-01;6;1553
17;2025-12-01;7;4037
17;2025-12-01;8;5329
17;2025-12-01;9;3762
17;2025-12-01;10;3023
17;2025-12-01;11;2995
17;2025-12-01;12;3040
17;2025-12-01;13;3102
17;2025-12-01;14;3188
17;2025-12-01;15;3325
17;2025-12-01;16;3747
17;2025-12-01;17;4409
17;2025-12-01;18;4767
17;2025-12-01;19;3306
17;2025-12-01;20;2392
17;2025-12-01;21;1469
17;2025-12-01;22;763
17;2025-12-01;23;363
17;2025-12-02;0;117
17;2025-12-02;1;11
17;2025-12-02;2;0
17;2025-12-02;3;0
17;2025-12-02;4;28
17;2025-12-02;5;329
17;2025-12-02;6;1596
17;2025-12-02;7;4148
17;2025-12-02;8;5476
17;2025-12-02;9;3865
17;2025-12-02;10;3107
17;2025-12-02;11;3078
17;2025-12-02;12;3124
17;2025-12-02;13;3187
17;2025-12-02;14;3275
17;2025-12-02;15;3417
17;2025-12-02;16;3850
17;2025-12-02;17;4530
17;2025-12-02;18;4899
17;2025-12-02;19;3397
17;2025-12-02;20;2458
17;2025-12-02;21;1509
17;2025-12-02;22;784
17;2025-12-02;23;373
17;2025-12-03;0;117
17;2025-12-03;1;11
17;2025-12-03;2;0
17;2025-12-03;3;0
17;2025-12-03;4;28
17;2025-12-03;5;329
17;2025-12-03;6;1596
17;2025-12-03;7;4148
17;2025-12-03;8;5476
17;2025-12-03;9;3865
17;2025-12-03;10;3107
17;2025-12-03;11;3078
17;2025-12-03;12;3124
17;2025-12-03;13;3187
17;2025-12-03;14;3275
17;2025-12-03;15;3417
17;2025-12-03;16;3850
17;2025-12-03;17;4530
17;2025-12-03;18;4899
17;2025-12-03;19;3397
17;2025-12-03;20;2458
17;2025-12-03;21;1509
17;2025-12-03;22;784
17;2025-12-03;23;373
17;2025-12-04;0;117
17;2025-12-04;1;11
17;2025-12-04;2;0
17;2025-12-04;3;0
17;2025-12-04;4;28
17;2025-12-04;5;329
17;2025-12-04;6;1596
17;2025-12-04;7;4148
17;2025-12-04;8;5476
17;2025-12-04;9;3865
17;2025-12-04;10;3107
17;2025-12-04;11;3078
17;2025-12-04;12;3124
17;2025-12-04;13;3187
17;2025-12-04;14;3275
17;2025-12-04;15;3417
17;2025-12-04;16;3850
17;2025-12-04;17;4530
17;2025-12-04;18;4899
17;2025-12-04;19;3397
17;2025-12-04;20;2458
17;2025-12-04;21;1509
17;2025-12-04;22;784
17;2025-12-04;23;373
17;2025-12-05;0;140
17;2025-12-05;1;16
17;2025-12-05;2;0
17;2025-12-05;3;0
17;2025-12-05;4;26
17;2025-12-05;5;307
17;2025-12-05;6;1500
17;2025-12-05;7;3871
17;2025-12-05;8;5085
17;2025-12-05;9;3630
17;2025-12-05;10;2971
17;2025-12-05;11;2978
17;2025-12-05;12;3041
17;2025-12-05;13;3105
17;2025-12-05;14;3197
17;2025-12-05;15;3551
17;2025-12-05;16;4254
17;2025-12-05;17;4495
17;2025-12-05;18;4214
17;2025-12-05;19;3069
17;2025-12-05;20;2344
17;2025-12-05;21;1581
17;2025-12-05;22;855
17;2025-12-05;23;460
17;2025-12-06;0;192
17;2025-12-06;1;26
17;2025-12-06;2;0
17;2025-12-06;3;0
17;2025-12-06;4;5
17;2025-12-06;5;130
17;2025-12-06;6;548
17;2025-12-06;7;1150
17;2025-12-06;8;1671
17;2025-12-06;9;2150
17;2025-12-06;10;2459
17;2025-12-06;11;2988
17;2025-12-06;12;3363
17;2025-12-06;13;3564
17;2025-12-06;14;3628
17;2025-12-06;15;3612
17;2025-12-06;16;3638
17;2025-12-06;17;3267
17;2025-12-06;18;2910
17;2025-12-06;19;2352
17;2025-12-06;20;1891
17;2025-12-06;21;1381
17;2025-12-06;22;881
17;2025-12-06;23;451
17;2025-12-07;0;180
17;2025-12-07;1;25
17;2025-12-07;2;0
17;2025-12-07;3;0
17;2025-12-07;4;4
17;2025-12-07;5;106
17;2025-12-07;6;439
17;2025-12-07;7;782
17;2025-12-07;8;1227
17;2025-12-07;9;1677
17;2025-12-07;10;2032
17;2025-12-07;11;2583
17;2025-12-07;12;3001
17;2025-12-07;13;3287
17;2025-12-07;14;3352
17;2025-12-07;15;3335
17;2025-12-07;16;3240
17;2025-12-07;17;2961
17;2025-12-07;18;2573
17;2025-12-07;19;2075
17;2025-12-07;20;1640
17;2025-12-07;21;1170
17;2025-12-07;22;738
17;2025-12-07;23;325
17;2025-12-08;0;114
17;2025-12-08;1;11
17;2025-12-08;2;0
17;2025-12-08;3;0
17;2025-12-08;4;27
17;2025-12-08;5;320
17;2025-12-08;6;1553
17;2025-12-08;7;4037
17;2025-12-08;8;5329
17;2025-12-08;9;3762
17;2025-12-08;10;3023
17;2025-12-08;11;2995
17;2025-12-08;12;3040
17;2025-12-08;13;3102
17;2025-12-08;14;3188
17;2025-12-08;15;3325
17;2025-12-08;16;3747
17;2025-12-08;17;4409
17;2025-12-08;18;4767
17;2025-12-08;19;3306
17;2025-12-08;20;2392
17;2025-12-08;21;1469
17;2025-12-08;22;763
17;2025-12-08;23;363
17;2025-12-09;0;117
17;2025-12-09;1;11
17;2025-12-09;2;0
17;2025-12-09;3;0
17;2025-12-09;4;28
17;2025-12-09;5;327
17;2025-12-09;6;1590
17;2025-12-09;7;4132
17;2025-12-09;8;5454
17;2025-12-09;9;3850
17;2025-12-09;10;3094
17;2025-12-09;11;3065
17;2025-12-09;12;3112
17;2025-12-09;13;3174
17;2025-12-09;14;3262
17;2025-12-09;15;3403
17;2025-12-09;16;3835
17;2025-12-09;17;4512
17;2025-12-09;18;4879
17;2025-12-09;19;3383
17;2025-12-09;20;2448
17;2025-12-09;21;1503
17;2025-12-09;22;781
17;2025-12-09;23;371
17;2025-12-10;0;116
17;2025-12-10;1;11
17;2025-12-10;2;0
17;2025-12-10;3;0
17;2025-12-10;4;28
17;2025-12-10;5;324
17;2025-12-10;6;1574
17;2025-12-10;7;4091
17;2025-12-10;8;5400
17;2025-12-10;9;3812
17;2025-12-10;10;3064
17;2025-12-10;11;3035
17;2025-12-10;12;3081
17;2025-12-10;13;3143
17;2025-12-10;14;3230
17;2025-12-10;15;3370
17;2025-12-10;16;3797
17;2025-12-10;17;4467
17;2025-12-10;18;4831
17;2025-12-10;19;3350
17;2025-12-10;20;2424
17;2025-12-10;21;1488
17;2025-12-10;22;774
17;2025-12-10;23;368
17;2025-12-11;0;115
17;2025-12-11;1;11
17;2025-12-11;2;0
17;2025-12-11;3;0
17;2025-12-11;4;27
17;2025-12-11;5;322
17;2025-12-11;6;1565
17;2025-12-11;7;4067
17;2025-12-11;8;5369
17;2025-12-11;9;3790
17;2025-12-11;10;3046
17;2025-12-11;11;3017
17;2025-12-11;12;3063
17;2025-12-11;13;3125
17;2025-12-11;14;3211
17;2025-12-11;15;3350
17;2025-12-11;16;3775
17;2025-12-11;17;4441
17;2025-12-11;18;4803
17;2025-12-11;19;3331
17;2025-12-11;20;2410
17;2025-12-11;21;1480
17;2025-12-11;22;769
17;2025-12-11;23;365
17;2025-12-12;0;137
17;2025-12-12;1;16
17;2025-12-12;2;0
17;2025-12-12;3;0
17;2025-12-12;4;25
17;2025-12-12;5;302
17;2025-12-12;6;1473
17;2025-12-12;7;3801
17;2025-12-12;8;4992
17;2025-12-12;9;3565
17;2025-12-12;10;2917
17;2025-12-12;11;2924
17;2025-12-12;12;2986
17;2025-12-12;13;3049
17;2025-12-12;14;3139
17;2025-12-12;15;3486
17;2025-12-12;16;4177
17;2025-12-12;17;4413
17;2025-12-12;18;4138
17;2025-12-12;19;3013
17;2025-12-12;20;2301
17;2025-12-12;21;1552
17;2025-12-12;22;840
17;2025-12-12;23;451
17;2025-12-13;0;191
17;2025-12-13;1;25
17;2025-12-13;2;0
17;2025-12-13;3;0
17;2025-12-13;4;5
17;2025-12-13;5;130
17;2025-12-13;6;544
17;2025-12-13;7;1142
17;2025-12-13;8;1659
17;2025-12-13;9;2134
17;2025-12-13;10;2442
17;2025-12-13;11;2967
17;2025-12-13;12;3339
17;2025-12-13;13;3539
17;2025-12-13;14;3602
17;2025-12-13;15;3587
17;2025-12-13;16;3612
17;2025-12-13;17;3244
17;2025-12-13;18;2890
17;2025-12-13;19;2336
17;2025-12-13;20;1878
17;2025-12-13;21;1371
17;2025-12-13;22;875
17;2025-12-13;23;447
17;2025-12-14;0;179
17;2025-12-14;1;25
17;2025-12-14;2;0
17;2025-12-14;3;0
17;2025-12-14;4;4
17;2025-12-14;5;106
17;2025-12-14;6;436
17;2025-12-14;7;778
17;2025-12-14;8;1220
17;2025-12-14;9;1667
17;2025-12-14;10;2021
17;2025-12-14;11;2569
17;2025-12-14;12;2984
17;2025-12-14;13;3268
17;2025-12-14;14;3333
17;2025-12-14;15;3316
17;2025-12-14;16;3221
17;2025-12-14;17;2944
17;2025-12-14;18;2559
17;2025-12-14;19;2063
17;2025-12-14;20;1630
17;2025-12-14;21;1163
17;2025-12-14;22;734
17;2025-12-14;23;323
17;2025-12-15;0;114
17;2025-12-15;1;11
17;2025-12-15;2;0
17;2025-12-15;3;0
17;2025-12-15;4;27
17;2025-12-15;5;319
17;2025-12-15;6;1552
17;2025-12-15;7;4033
17;2025-12-15;8;5323
17;2025-12-15;9;3757
17;2025-12-15;10;3020
17;2025-12-15;11;2992
17;2025-12-15;12;3037
17;2025-12-15;13;3098
17;2025-12-15;14;3184
17;2025-12-15;15;3322
17;2025-12-15;16;3743
17;2025-12-15;17;4404
17;2025-12-15;18;4762
17;2025-12-15;19;3302
17;2025-12-15;20;2389
17;2025-12-15;21;1467
17;2025-12-15;22;763
17;2025-12-15;23;362
17;2025-12-16;0;116
17;2025-12-16;1;11
17;2025-12-16;2;0
17;2025-12-16;3;0
17;2025-12-16;4;28
17;2025-12-16;5;325
17;2025-12-16;6;1580
17;2025-12-16;7;4105
17;2025-12-16;8;5419
17;2025-12-16;9;3825
17;2025-12-16;10;3074
17;2025-12-16;11;3046
17;2025-12-16;12;3092
17;2025-12-16;13;3154
17;2025-12-16;14;3241
17;2025-12-16;15;3381
17;2025-12-16;16;3810
17;2025-12-16;17;4483
17;2025-12-16;18;4848
17;2025-12-16;19;3362
17;2025-12-16;20;2432
17;2025-12-16;21;1494
17;2025-12-16;22;776
17;2025-12-16;23;369
17;2025-12-17;0;117
17;2025-12-17;1;11
17;2025-12-17;2;0
17;2025-12-17;3;0
17;2025-12-17;4;28
17;2025-12-17;5;328
17;2025-12-17;6;1594
17;2025-12-17;7;4144
17;2025-12-17;8;5470
17;2025-12-17;9;3861
17;2025-12-17;10;3103
17;2025-12-17;11;3074
17;2025-12-17;12;3121
17;2025-12-17;13;3184
17;2025-12-17;14;3272
17;2025-12-17;15;3413
17;2025-12-17;16;3846
17;2025-12-17;17;4525
17;2025-12-17;18;4893
17;2025-12-17;19;3393
17;2025-12-17;20;2455
17;2025-12-17;21;1508
17;2025-12-17;22;784
17;2025-12-17;23;372
17;2025-12-18;0;117
17;2025-12-18;1;11
17;2025-12-18;2;0
17;2025-12-18;3;0
17;2025-12-18;4;28
17;2025-12-18;5;329
17;2025-12-18;6;1596
17;2025-12-18;7;4148
17;2025-12-18;8;5476
17;2025-12-18;9;3865
17;2025-12-18;10;3107
17;2025-12-18;11;3078
17;2025-12-18;12;3124
17;2025-12-18;13;3187
17;2025-12-18;14;3275
17;2025-12-18;15;3417
17;2025-12-18;16;3850
17;2025-12-18;17;4530
17;2025-12-18;18;4899
17;2025-12-18;19;3397
17;2025-12-18;20;2458
17;2025-12-18;21;1509
17;2025-12-18;22;784
17;2025-12-18;23;373
17;2025-12-19;0;139
17;2025-12-19;1;16
17;2025-12-19;2;0
17;2025-12-19;3;0
17;2025-12-19;4;26
17;2025-12-19;5;306
17;2025-12-19;6;1497
17;2025-12-19;7;3863
17;2025-12-19;8;5073
17;2025-12-19;9;3622
17;2025-12-19;10;2964
17;2025-12-19;11;2972
17;2025-12-19;12;3035
17;2025-12-19;13;3098
17;2025-12-19;14;3190
17;2025-12-19;15;3543
17;2025-12-19;16;4245
17;2025-12-19;17;4485
17;2025-12-19;18;4205
17;2025-12-19;19;3062
17;2025-12-19;20;2338
17;2025-12-19;21;1577
17;2025-12-19;22;853
17;2025-12-19;23;459
17;2025-12-20;0;192
17;2025-12-20;1;26
17;2025-12-20;2;0
17;2025-12-20;3;0
17;2025-12-20;4;5
17;2025-12-20;5;130
17;2025-12-20;6;548
17;2025-12-20;7;1150
17;2025-12-20;8;1671
17;2025-12-20;9;2150
17;2025-12-20;10;2459
17;2025-12-20;11;2988
17;2025-12-20;12;3363
17;2025-12-20;13;3564
17;2025-12-20;14;3628
17;2025-12-20;15;3612
17;2025-12-20;16;3638
17;2025-12-20;17;3267
17;2025-12-20;18;2910
17;2025-12-20;19;2352
17;2025-12-20;20;1891
17;2025-12-20;21;1381
17;2025-12-20;22;881
17;2025-12-20;23;451
17;2025-12-21;0;179
17;2025-12-21;1;25
17;2025-12-21;2;0
17;2025-12-21;3;0
17;2025-12-21;4;4
17;2025-12-21;5;106
17;2025-12-21;6;437
17;2025-12-21;7;779
17;2025-12-21;8;1221
17;2025-12-21;9;1668
17;2025-12-21;10;2022
17;2025-12-21;11;2571
17;2025-12-21;12;2986
17;2025-12-21;13;3271
17;2025-12-21;14;3335
17;2025-12-21;15;3319
17;2025-12-21;16;3224
17;2025-12-21;17;2946
17;2025-12-21;18;2561
17;2025-12-21;19;2065
17;2025-12-21;20;1632
17;2025-12-21;21;1164
17;2025-12-21;22;735
17;2025-12-21;23;323
17;2025-12-22;0;113
17;2025-12-22;1;11
17;2025-12-22;2;0
17;2025-12-22;3;0
17;2025-12-22;4;27
17;2025-12-22;5;316
17;2025-12-22;6;1535
17;2025-12-22;7;3989
17;2025-12-22;8;5266
17;2025-12-22;9;3717
17;2025-12-22;10;2987
17;2025-12-22;11;2960
17;2025-12-22;12;3004
17;2025-12-22;13;3065
17;2025-12-22;14;3150
17;2025-12-22;15;3286
17;2025-12-22;16;3703
17;2025-12-22;17;4356
17;2025-12-22;18;4711
17;2025-12-22;19;3267
17;2025-12-22;20;2364
17;2025-12-22;21;1452
17;2025-12-22;22;754
17;2025-12-22;23;358
17;2025-12-23;0;117
17;2025-12-23;1;11
17;2025-12-23;2;0
17;2025-12-23;3;0
17;2025-12-23;4;28
17;2025-12-23;5;329
17;2025-12-23;6;1596
17;2025-12-23;7;4148
17;2025-12-23;8;5476
17;2025-12-23;9;3865
17;2025-12-23;10;3107
17;2025-12-23;11;3078
17;2025-12-23;12;3124
17;2025-12-23;13;3187
17;2025-12-23;14;3275
17;2025-12-23;15;3417
17;2025-12-23;16;3850
17;2025-12-23;17;4530
17;2025-12-23;18;4899
17;2025-12-23;19;3397
17;2025-12-23;20;2458
17;2025-12-23;21;1509
17;2025-12-23;22;784
17;2025-12-23;23;373
17;2025-12-24;0;117
17;2025-12-24;1;11
17;2025-12-24;2;0
17;2025-12-24;3;0
17;2025-12-24;4;28
17;2025-12-24;5;327
17;2025-12-24;6;1586
17;2025-12-24;7;4122
17;2025-12-24;8;5441
17;2025-12-24;9;3841
17;2025-12-24;10;3087
17;2025-12-24;11;3058
17;2025-12-24;12;3104
17;2025-12-24;13;3167
17;2025-12-24;14;3255
17;2025-12-24;15;3395
17;2025-12-24;16;3826
17;2025-12-24;17;4501
17;2025-12-24;18;4868
17;2025-12-24;19;3376
17;2025-12-24;20;2442
17;2025-12-24;21;1500
17;2025-12-24;22;779
17;2025-12-24;23;370
17;2025-12-25;0;115
17;2025-12-25;1;11
17;2025-12-25;2;0
17;2025-12-25;3;0
17;2025-12-25;4;27
17;2025-12-25;5;323
17;2025-12-25;6;1567
17;2025-12-25;7;4073
17;2025-12-25;8;5377
17;2025-12-25;9;3795
17;2025-12-25;10;3050
17;2025-12-25;11;3022
17;2025-12-25;12;3067
17;2025-12-25;13;3129
17;2025-12-25;14;3216
17;2025-12-25;15;3355
17;2025-12-25;16;3781
17;2025-12-25;17;4448
17;2025-12-25;18;4810
17;2025-12-25;19;3335
17;2025-12-25;20;2413
17;2025-12-25;21;1482
17;2025-12-25;22;770
17;2025-12-25;23;366
17;2025-12-26;0;136
17;2025-12-26;1;15
17;2025-12-26;2;0
17;2025-12-26;3;0
17;2025-12-26;4;25
17;2025-12-26;5;299
17;2025-12-26;6;1459
17;2025-12-26;7;3764
17;2025-12-26;8;4944
17;2025-12-26;9;3530
17;2025-12-26;10;2888
17;2025-12-26;11;2896
17;2025-12-26;12;2957
17;2025-12-26;13;3019
17;2025-12-26;14;3108
17;2025-12-26;15;3452
17;2025-12-26;16;4136
17;2025-12-26;17;4370
17;2025-12-26;18;4098
17;2025-12-26;19;2984
17;2025-12-26;20;2279
17;2025-12-26;21;1537
17;2025-12-26;22;831
17;2025-12-26;23;447
17;2025-12-27;0;191
17;2025-12-27;1;25
17;2025-12-27;2;0
17;2025-12-27;3;0
17;2025-12-27;4;5
17;2025-12-27;5;130
17;2025-12-27;6;544
17;2025-12-27;7;1142
17;2025-12-27;8;1659
17;2025-12-27;9;2134
17;2025-12-27;10;2442
17;2025-12-27;11;2967
17;2025-12-27;12;3339
17;2025-12-27;13;3539
17;2025-12-27;14;3602
17;2025-12-27;15;3587
17;2025-12-27;16;3612
17;2025-12-27;17;3244
17;2025-12-27;18;2890
17;2025-12-27;19;2336
17;2025-12-27;20;1878
17;2025-12-27;21;1371
17;2025-12-27;22;875
17;2025-12-27;23;447
17;2025-12-28;0;177
17;2025-12-28;1;25
17;2025-12-28;2;0
17;2025-12-28;3;0
17;2025-12-28;4;4
17;2025-12-28;5;105
17;2025-12-28;6;432
17;2025-12-28;7;770
17;2025-12-28;8;1208
17;2025-12-28;9;1650
17;2025-12-28;10;2001
17;2025-12-28;11;2543
17;2025-12-28;12;2954
17;2025-12-28;13;3236
17;2025-12-28;14;3299
17;2025-12-28;15;3283
17;2025-12-28;16;3189
17;2025-12-28;17;2915
17;2025-12-28;18;2533
17;2025-12-28;19;2042
17;2025-12-28;20;1614
17;2025-12-28;21;1151
17;2025-12-28;22;727
17;2025-12-28;23;320
17;2025-12-29;0;102
17;2025-12-29;1;10
17;2025-12-29;2;0
17;2025-12-29;3;0
17;2025-12-29;4;24
17;2025-12-29;5;284
17;2025-12-29;6;1379
17;2025-12-29;7;3584
17;2025-12-29;8;4731
17;2025-12-29;9;3340
17;2025-12-29;10;2684
17;2025-12-29;11;2659
17;2025-12-29;12;2699
17;2025-12-29;13;2754
17;2025-12-29;14;2830
17;2025-12-29;15;2953
17;2025-12-29;16;3327
17;2025-12-29;17;3914
17;2025-12-29;18;4233
17;2025-12-29;19;2935
17;2025-12-29;20;2124
17;2025-12-29;21;1304
17;2025-12-29;22;678
17;2025-12-29;23;322
17;2025-12-30;0;98
17;2025-12-30;1;10
17;2025-12-30;2;0
17;2025-12-30;3;0
17;2025-12-30;4;23
17;2025-12-30;5;274
17;2025-12-30;6;1329
17;2025-12-30;7;3454
17;2025-12-30;8;4559
17;2025-12-30;9;3218
17;2025-12-30;10;2587
17;2025-12-30;11;2563
17;2025-12-30;12;2601
17;2025-12-30;13;2654
17;2025-12-30;14;2727
17;2025-12-30;15;2845
17;2025-12-30;16;3206
17;2025-12-30;17;3772
17;2025-12-30;18;4079
17;2025-12-30;19;2828
17;2025-12-30;20;2046
17;2025-12-30;21;1257
17;2025-12-30;22;653
17;2025-12-30;23;310
17;2025-12-31;0;102
17;2025-12-31;1;14
17;2025-12-31;2;0
17;2025-12-31;3;0
17;2025-12-31;4;3
17;2025-12-31;5;69
17;2025-12-31;6;292
17;2025-12-31;7;612
17;2025-12-31;8;889
17;2025-12-31;9;1144
17;2025-12-31;10;1309
17;2025-12-31;11;1590
17;2025-12-31;12;1790
17;2025-12-31;13;1897
17;2025-12-31;14;1931
17;2025-12-31;15;1923
17;2025-12-31;16;1936
17;2025-12-31;17;1739
17;2025-12-31;18;1549
17;2025-12-31;19;1252
17;2025-12-31;20;99
17;2025-12-31;21;72
17;2025-12-31;22;46
17;2025-12-31;23;24
25;2025-11-01;0;0
25;2025-11-01;1;0
25;2025-11-01;2;0
25;2025-11-01;3;0
25;2025-11-01;4;0
25;2025-11-01;5;7
25;2025-11-01;6;186
25;2025-11-01;7;481
25;2025-11-01;8;762
25;2025-11-01;9;381
25;2025-11-01;10;344
25;2025-11-01;11;374
25;2025-11-01;12;375
25;2025-11-01;13;466
25;2025-11-01;14;427
25;2025-11-01;15;546
25;2025-11-01;16;722
25;2025-11-01;17;692
25;2025-11-01;18;586
25;2025-11-01;19;463
25;2025-11-01;20;294
25;2025-11-01;21;193
25;2025-11-01;22;121
25;2025-11-01;23;12
25;2025-11-02;0;17
25;2025-11-02;1;0
25;2025-11-02;2;0
25;2025-11-02;3;0
25;2025-11-02;4;0
25;2025-11-02;5;6
25;2025-11-02;6;80
25;2025-11-02;7;100
25;2025-11-02;8;195
25;2025-11-02;9;221
25;2025-11-02;10;231
25;2025-11-02;11;322
25;2025-11-02;12;378
25;2025-11-02;13;484
25;2025-11-02;14;541
25;2025-11-02;15;620
25;2025-11-02;16;542
25;2025-11-02;17;494
25;2025-11-02;18;409
25;2025-11-02;19;312
25;2025-11-02;20;230
25;2025-11-02;21;183
25;2025-11-02;22;107
25;2025-11-02;23;40
25;2025-11-03;0;10
25;2025-11-03;1;0
25;2025-11-03;2;0
25;2025-11-03;3;0
25;2025-11-03;4;0
25;2025-11-03;5;7
25;2025-11-03;6;75
25;2025-11-03;7;100
25;2025-11-03;8;210
25;2025-11-03;9;210
25;2025-11-03;10;224
25;2025-11-03;11;303
25;2025-11-03;12;344
25;2025-11-03;13;466
25;2025-11-03;14;495
25;2025-11-03;15;573
25;2025-11-03;16;516
25;2025-11-03;17;439
25;2025-11-03;18;376
25;2025-11-03;19;307
25;2025-11-03;20;211
25;2025-11-03;21;169
25;2025-11-03;22;103
25;2025-11-03;23;40
25;2025-11-04;0;10
25;2025-11-04;1;0
25;2025-11-04;2;0
25;2025-11-04;3;0
25;2025-11-04;4;0
25;2025-11-04;5;7
25;2025-11-04;6;74
25;2025-11-04;7;100
25;2025-11-04;8;209
25;2025-11-04;9;209
25;2025-11-04;10;223
25;2025-11-04;11;302
25;2025-11-04;12;342
25;2025-11-04;13;464
25;2025-11-04;14;493
25;2025-11-04;15;571
25;2025-11-04;16;514
25;2025-11-04;17;437
25;2025-11-04;18;374
25;2025-11-04;19;306
25;2025-11-04;20;210
25;2025-11-04;21;169
25;2025-11-04;22;103
25;2025-11-04;23;40
25;2025-11-05;0;4
25;2025-11-05;1;0
25;2025-11-05;2;0
25;2025-11-05;3;0
25;2025-11-05;4;0
25;2025-11-05;5;12
25;2025-11-05;6;226
25;2025-11-05;7;574
25;2025-11-05;8;959
25;2025-11-05;9;497
25;2025-11-05;10;392
25;2025-11-05;11;444
25;2025-11-05;12;436
25;2025-11-05;13;544
25;2025-11-05;14;475
25;2025-11-05;15;564
25;2025-11-05;16;739
25;2025-11-05;17;795
25;2025-11-05;18;829
25;2025-11-05;19;561
25;2025-11-05;20;333
25;2025-11-05;21;221
25;2025-11-05;22;121
25;2025-11-05;23;9
25;2025-11-06;0;4
25;2025-11-06;1;0
25;2025-11-06;2;0
25;2025-11-06;3;0
25;2025-11-06;4;0
25;2025-11-06;5;11
25;2025-11-06;6;223
25;2025-11-06;7;567
25;2025-11-06;8;948
25;2025-11-06;9;491
25;2025-11-06;10;388
25;2025-11-06;11;439
25;2025-11-06;12;431
25;2025-11-06;13;538
25;2025-11-06;14;470
25;2025-11-06;15;558
25;2025-11-06;16;730
25;2025-11-06;17;786
25;2025-11-06;18;820
25;2025-11-06;19;554
25;2025-11-06;20;330
25;2025-11-06;21;219
25;2025-11-06;22;119
25;2025-11-06;23;9
25;2025-11-07;0;1
25;2025-11-07;1;0
25;2025-11-07;2;0
25;2025-11-07;3;0
25;2025-11-07;4;0
25;2025-11-07;5;8
25;2025-11-07;6;209
25;2025-11-07;7;540
25;2025-11-07;8;856
25;2025-11-07;9;428
25;2025-11-07;10;386
25;2025-11-07;11;420
25;2025-11-07;12;421
25;2025-11-07;13;523
25;2025-11-07;14;480
25;2025-11-07;15;614
25;2025-11-07;16;811
25;2025-11-07;17;778
25;2025-11-07;18;658
25;2025-11-07;19;521
25;2025-11-07;20;330
25;2025-11-07;21;217
25;2025-11-07;22;136
25;2025-11-07;23;14
25;2025-11-08;0;4
25;2025-11-08;1;0
25;2025-11-08;2;0
25;2025-11-08;3;0
25;2025-11-08;4;0
25;2025-11-08;5;10
25;2025-11-08;6;90
25;2025-11-08;7;129
25;2025-11-08;8;287
25;2025-11-08;9;258
25;2025-11-08;10;280
25;2025-11-08;11;367
25;2025-11-08;12;402
25;2025-11-08;13;578
25;2025-11-08;14;584
25;2025-11-08;15;683
25;2025-11-08;16;634
25;2025-11-08;17;502
25;2025-11-08;18;445
25;2025-11-08;19;389
25;2025-11-08;20;249
25;2025-11-08;21;202
25;2025-11-08;22;128
25;2025-11-08;23;52
25;2025-11-09;0;17
25;2025-11-09;1;0
25;2025-11-09;2;0
25;2025-11-09;3;0
25;2025-11-09;4;0
25;2025-11-09;5;6
25;2025-11-09;6;80
25;2025-11-09;7;100
25;2025-11-09;8;195
25;2025-11-09;9;221
25;2025-11-09;10;231
25;2025-11-09;11;323
25;2025-11-09;12;379
25;2025-11-09;13;485
25;2025-11-09;14;542
25;2025-11-09;15;621
25;2025-11-09;16;543
25;2025-11-09;17;495
25;2025-11-09;18;409
25;2025-11-09;19;312
25;2025-11-09;20;230
25;2025-11-09;21;183
25;2025-11-09;22;107
25;2025-11-09;23;40
25;2025-11-10;0;4
25;2025-11-10;1;0
25;2025-11-10;2;0
25;2025-11-10;3;0
25;2025-11-10;4;0
25;2025-11-10;5;11
25;2025-11-10;6;220
25;2025-11-10;7;559
25;2025-11-10;8;933
25;2025-11-10;9;484
25;2025-11-10;10;381
25;2025-11-10;11;432
25;2025-11-10;12;424
25;2025-11-10;13;530
25;2025-11-10;14;463
25;2025-11-10;15;549
25;2025-11-10;16;719
25;2025-11-10;17;774
25;2025-11-10;18;807
25;2025-11-10;19;546
25;2025-11-10;20;324
25;2025-11-10;21;215
25;2025-11-10;22;117
25;2025-11-10;23;9
25;2025-11-11;0;4
25;2025-11-11;1;0
25;2025-11-11;2;0
25;2025-11-11;3;0
25;2025-11-11;4;0
25;2025-11-11;5;12
25;2025-11-11;6;226
25;2025-11-11;7;574
25;2025-11-11;8;959
25;2025-11-11;9;497
25;2025-11-11;10;392
25;2025-11-11;11;444
25;2025-11-11;12;436
25;2025-11-11;13;544
25;2025-11-11;14;475
25;2025-11-11;15;564
25;2025-11-11;16;739
25;2025-11-11;17;795
25;2025-11-11;18;829
25;2025-11-11;19;561
25;2025-11-11;20;333
25;2025-11-11;21;221
25;2025-11-11;22;121
25;2025-11-11;23;9
25;2025-11-12;0;4
25;2025-11-12;1;0
25;2025-11-12;2;0
25;2025-11-12;3;0
25;2025-11-12;4;0
25;2025-11-12;5;12
25;2025-11-12;6;224
25;2025-11-12;7;569
25;2025-11-12;8;951
25;2025-11-12;9;493
25;2025-11-12;10;389
25;2025-11-12;11;440
25;2025-11-12;12;432
25;2025-11-12;13;540
25;2025-11-12;14;471
25;2025-11-12;15;559
25;2025-11-12;16;732
25;2025-11-12;17;789
25;2025-11-12;18;823
25;2025-11-12;19;556
25;2025-11-12;20;331
25;2025-11-12;21;219
25;2025-11-12;22;120
25;2025-11-12;23;9
25;2025-11-13;0;4
25;2025-11-13;1;0
25;2025-11-13;2;0
25;2025-11-13;3;0
25;2025-11-13;4;0
25;2025-11-13;5;12
25;2025-11-13;6;225
25;2025-11-13;7;573
25;2025-11-13;8;958
25;2025-11-13;9;496
25;2025-11-13;10;392
25;2025-11-13;11;443
25;2025-11-13;12;435
25;2025-11-13;13;543
25;2025-11-13;14;475
25;2025-11-13;15;563
25;2025-11-13;16;738
25;2025-11-13;17;794
25;2025-11-13;18;829
25;2025-11-13;19;560
25;2025-11-13;20;333
25;2025-11-13;21;221
25;2025-11-13;22;121
25;2025-11-13;23;9
25;2025-11-14;0;1
25;2025-11-14;1;0
25;2025-11-14;2;0
25;2025-11-14;3;0
25;2025-11-14;4;0
25;2025-11-14;5;8
25;2025-11-14;6;211
25;2025-11-14;7;544
25;2025-11-14;8;862
25;2025-11-14;9;431
25;2025-11-14;10;389
25;2025-11-14;11;423
25;2025-11-14;12;424
25;2025-11-14;13;527
25;2025-11-14;14;483
25;2025-11-14;15;618
25;2025-11-14;16;817
25;2025-11-14;17;783
25;2025-11-14;18;663
25;2025-11-14;19;524
25;2025-11-14;20;332
25;2025-11-14;21;218
25;2025-11-14;22;137
25;2025-11-14;23;14
25;2025-11-15;0;4
25;2025-11-15;1;0
25;2025-11-15;2;0
25;2025-11-15;3;0
25;2025-11-15;4;0
25;2025-11-15;5;9
25;2025-11-15;6;87
25;2025-11-15;7;125
25;2025-11-15;8;279
25;2025-11-15;9;250
25;2025-11-15;10;272
25;2025-11-15;11;357
25;2025-11-15;12;391
25;2025-11-15;13;561
25;2025-11-15;14;567
25;2025-11-15;15;663
25;2025-11-15;16;615
25;2025-11-15;17;487
25;2025-11-15;18;433
25;2025-11-15;19;378
25;2025-11-15;20;242
25;2025-11-15;21;196
25;2025-11-15;22;125
25;2025-11-15;23;51
25;2025-11-16;0;17
25;2025-11-16;1;0
25;2025-11-16;2;0
25;2025-11-16;3;0
25;2025-11-16;4;0
25;2025-11-16;5;6
25;2025-11-16;6;80
25;2025-11-16;7;100
25;2025-11-16;8;195
25;2025-11-16;9;221
25;2025-11-16;10;231
25;2025-11-16;11;323
25;2025-11-16;12;379
25;2025-11-16;13;485
25;2025-11-16;14;542
25;2025-11-16;15;621
25;2025-11-16;16;543
25;2025-11-16;17;495
25;2025-11-16;18;409
25;2025-11-16;19;312
25;2025-11-16;20;230
25;2025-11-16;21;183
25;2025-11-16;22;107
25;2025-11-16;23;40
25;2025-11-17;0;3
25;2025-11-17;1;0
25;2025-11-17;2;0
25;2025-11-17;3;0
25;2025-11-17;4;0
25;2025-11-17;5;11
25;2025-11-17;6;216
25;2025-11-17;7;549
25;2025-11-17;8;918
25;2025-11-17;9;476
25;2025-11-17;10;375
25;2025-11-17;11;425
25;2025-11-17;12;417
25;2025-11-17;13;521
25;2025-11-17;14;455
25;2025-11-17;15;540
25;2025-11-17;16;707
25;2025-11-17;17;761
25;2025-11-17;18;794
25;2025-11-17;19;537
25;2025-11-17;20;319
25;2025-11-17;21;212
25;2025-11-17;22;116
25;2025-11-17;23;9
25;2025-11-18;0;3
25;2025-11-18;1;0
25;2025-11-18;2;0
25;2025-11-18;3;0
25;2025-11-18;4;0
25;2025-11-18;5;11
25;2025-11-18;6;219
25;2025-11-18;7;558
25;2025-11-18;8;932
25;2025-11-18;9;483
25;2025-11-18;10;381
25;2025-11-18;11;431
25;2025-11-18;12;423
25;2025-11-18;13;529
25;2025-11-18;14;462
25;2025-11-18;15;548
25;2025-11-18;16;718
25;2025-11-18;17;773
25;2025-11-18;18;806
25;2025-11-18;19;545
25;2025-11-18;20;324
25;2025-11-18;21;215
25;2025-11-18;22;117
25;2025-11-18;23;9
25;2025-11-19;0;4
25;2025-11-19;1;0
25;2025-11-19;2;0
25;2025-11-19;3;0
25;2025-11-19;4;0
25;2025-11-19;5;12
25;2025-11-19;6;226
25;2025-11-19;7;574
25;2025-11-19;8;959
25;2025-11-19;9;497
25;2025-11-19;10;392
25;2025-11-19;11;444
25;2025-11-19;12;436
25;2025-11-19;13;544
25;2025-11-19;14;475
25;2025-11-19;15;564
25;2025-11-19;16;739
25;2025-11-19;17;795
25;2025-11-19;18;829
25;2025-11-19;19;561
25;2025-11-19;20;333
25;2025-11-19;21;221
25;2025-11-19;22;121
25;2025-11-19;23;9
25;2025-11-20;0;4
25;2025-11-20;1;0
25;2025-11-20;2;0
25;2025-11-20;3;0
25;2025-11-20;4;0
25;2025-11-20;5;12
25;2025-11-20;6;226
25;2025-11-20;7;574
25;2025-11-20;8;959
25;2025-11-20;9;497
25;2025-11-20;10;392
25;2025-11-20;11;444
25;2025-11-20;12;436
25;2025-11-20;13;544
25;2025-11-20;14;475
25;2025-11-20;15;564
25;2025-11-20;16;739
25;2025-11-20;17;795
25;2025-11-20;18;829
25;2025-11-20;19;561
25;2025-11-20;20;333
25;2025-11-20;21;221
25;2025-11-20;22;121
25;2025-11-20;23;9
25;2025-11-21;0;1
25;2025-11-21;1;0
25;2025-11-21;2;0
25;2025-11-21;3;0
25;2025-11-21;4;0
25;2025-11-21;5;8
25;2025-11-21;6;211
25;2025-11-21;7;543
25;2025-11-21;8;861
25;2025-11-21;9;430
25;2025-11-21;10;388
25;2025-11-21;11;422
25;2025-11-21;12;424
25;2025-11-21;13;526
25;2025-11-21;14;483
25;2025-11-21;15;618
25;2025-11-21;16;816
25;2025-11-21;17;782
25;2025-11-21;18;662
25;2025-11-21;19;524
25;2025-11-21;20;332
25;2025-11-21;21;218
25;2025-11-21;22;137
25;2025-11-21;23;14
25;2025-11-22;0;4
25;2025-11-22;1;0
25;2025-11-22;2;0
25;2025-11-22;3;0
25;2025-11-22;4;0
25;2025-11-22;5;9
25;2025-11-22;6;88
25;2025-11-22;7;127
25;2025-11-22;8;282
25;2025-11-22;9;253
25;2025-11-22;10;275
25;2025-11-22;11;360
25;2025-11-22;12;395
25;2025-11-22;13;568
25;2025-11-22;14;574
25;2025-11-22;15;670
25;2025-11-22;16;622
25;2025-11-22;17;492
25;2025-11-22;18;437
25;2025-11-22;19;382
25;2025-11-22;20;245
25;2025-11-22;21;199
25;2025-11-22;22;126
25;2025-11-22;23;51
25;2025-11-23;0;17
25;2025-11-23;1;0
25;2025-11-23;2;0
25;2025-11-23;3;0
25;2025-11-23;4;0
25;2025-11-23;5;6
25;2025-11-23;6;80
25;2025-11-23;7;100
25;2025-11-23;8;195
25;2025-11-23;9;221
25;2025-11-23;10;231
25;2025-11-23;11;322
25;2025-11-23;12;378
25;2025-11-23;13;484
25;2025-11-23;14;541
25;2025-11-23;15;620
25;2025-11-23;16;542
25;2025-11-23;17;494
25;2025-11-23;18;409
25;2025-11-23;19;312
25;2025-11-23;20;230
25;2025-11-23;21;183
25;2025-11-23;22;107
25;2025-11-23;23;40
25;2025-11-24;0;3
25;2025-11-24;1;0
25;2025-11-24;2;0
25;2025-11-24;3;0
25;2025-11-24;4;0
25;2025-11-24;5;11
25;2025-11-24;6;213
25;2025-11-24;7;542
25;2025-11-24;8;906
25;2025-11-24;9;470
25;2025-11-24;10;370
25;2025-11-24;11;419
25;2025-11-24;12;412
25;2025-11-24;13;514
25;2025-11-24;14;449
25;2025-11-24;15;533
25;2025-11-24;16;698
25;2025-11-24;17;752
25;2025-11-24;18;784
25;2025-11-24;19;530
25;2025-11-24;20;315
25;2025-11-24;21;209
25;2025-11-24;22;114
25;2025-11-24;23;9
25;2025-11-25;0;4
25;2025-11-25;1;0
25;2025-11-25;2;0
25;2025-11-25;3;0
25;2025-11-25;4;0
25;2025-11-25;5;12
25;2025-11-25;6;226
25;2025-11-25;7;574
25;2025-11-25;8;959
25;2025-11-25;9;497
25;2025-11-25;10;392
25;2025-11-25;11;444
25;2025-11-25;12;436
25;2025-11-25;13;544
25;2025-11-25;14;475
25;2025-11-25;15;564
25;2025-11-25;16;739
25;2025-11-25;17;795
25;2025-11-25;18;829
25;2025-11-25;19;561
25;2025-11-25;20;333
25;2025-11-25;21;221
25;2025-11-25;22;121
25;2025-11-25;23;9
25;2025-11-26;0;4
25;2025-11-26;1;0
25;2025-11-26;2;0
25;2025-11-26;3;0
25;2025-11-26;4;0
25;2025-11-26;5;11
25;2025-11-26;6;220
25;2025-11-26;7;560
25;2025-11-26;8;935
25;2025-11-26;9;485
25;2025-11-26;10;382
25;2025-11-26;11;433
25;2025-11-26;12;425
25;2025-11-26;13;531
25;2025-11-26;14;463
25;2025-11-26;15;550
25;2025-11-26;16;720
25;2025-11-26;17;776
25;2025-11-26;18;809
25;2025-11-26;19;547
25;2025-11-26;20;325
25;2025-11-26;21;216
25;2025-11-26;22;118
25;2025-11-26;23;9
25;2025-11-27;0;4
25;2025-11-27;1;0
25;2025-11-27;2;0
25;2025-11-27;3;0
25;2025-11-27;4;0
25;2025-11-27;5;11
25;2025-11-27;6;220
25;2025-11-27;7;560
25;2025-11-27;8;936
25;2025-11-27;9;485
25;2025-11-27;10;383
25;2025-11-27;11;433
25;2025-11-27;12;425
25;2025-11-27;13;531
25;2025-11-27;14;464
25;2025-11-27;15;551
25;2025-11-27;16;721
25;2025-11-27;17;777
25;2025-11-27;18;810
25;2025-11-27;19;547
25;2025-11-27;20;325
25;2025-11-27;21;216
25;2025-11-27;22;118
25;2025-11-27;23;9
25;2025-11-28;0;1
25;2025-11-28;1;0
25;2025-11-28;2;0
25;2025-11-28;3;0
25;2025-11-28;4;0
25;2025-11-28;5;8
25;2025-11-28;6;208
25;2025-11-28;7;536
25;2025-11-28;8;850
25;2025-11-28;9;425
25;2025-11-28;10;383
25;2025-11-28;11;417
25;2025-11-28;12;418
25;2025-11-28;13;519
25;2025-11-28;14;477
25;2025-11-28;15;610
25;2025-11-28;16;805
25;2025-11-28;17;772
25;2025-11-28;18;654
25;2025-11-28;19;517
25;2025-11-28;20;328
25;2025-11-28;21;215
25;2025-11-28;22;135
25;2025-11-28;23;14
25;2025-11-29;0;4
25;2025-11-29;1;0
25;2025-11-29;2;0
25;2025-11-29;3;0
25;2025-11-29;4;0
25;2025-11-29;5;10
25;2025-11-29;6;90
25;2025-11-29;7;129
25;2025-11-29;8;288
25;2025-11-29;9;258
25;2025-11-29;10;281
25;2025-11-29;11;368
25;2025-11-29;12;403
25;2025-11-29;13;579
25;2025-11-29;14;585
25;2025-11-29;15;684
25;2025-11-29;16;635
25;2025-11-29;17;503
25;2025-11-29;18;446
25;2025-11-29;19;390
25;2025-11-29;20;250
25;2025-11-29;21;203
25;2025-11-29;22;129
25;2025-11-29;23;52
25;2025-11-30;0;17
25;2025-11-30;1;0
25;2025-11-30;2;0
25;2025-11-30;3;0
25;2025-11-30;4;0
25;2025-11-30;5;6
25;2025-11-30;6;80
25;2025-11-30;7;100
25;2025-11-30;8;195
25;2025-11-30;9;221
25;2025-11-30;10;231
25;2025-11-30;11;322
25;2025-11-30;12;378
25;2025-11-30;13;484
25;2025-11-30;14;541
25;2025-11-30;15;620
25;2025-11-30;16;542
25;2025-11-30;17;494
25;2025-11-30;18;409
25;2025-11-30;19;312
25;2025-11-30;20;230
25;2025-11-30;21;182
25;2025-11-30;22;106
25;2025-11-30;23;40
25;2025-12-01;0;4
25;2025-12-01;1;0
25;2025-12-01;2;0
25;2025-12-01;3;0
25;2025-12-01;4;0
25;2025-12-01;5;9
25;2025-12-01;6;210
25;2025-12-01;7;565
25;2025-12-01;8;938
25;2025-12-01;9;485
25;2025-12-01;10;380
25;2025-12-01;11;428
25;2025-12-01;12;421
25;2025-12-01;13;524
25;2025-12-01;14;461
25;2025-12-01;15;543
25;2025-12-01;16;723
25;2025-12-01;17;774
25;2025-12-01;18;814
25;2025-12-01;19;534
25;2025-12-01;20;324
25;2025-12-01;21;212
25;2025-12-01;22;123
25;2025-12-01;23;9
25;2025-12-02;0;4
25;2025-12-02;1;0
25;2025-12-02;2;0
25;2025-12-02;3;0
25;2025-12-02;4;0
25;2025-12-02;5;10
25;2025-12-02;6;216
25;2025-12-02;7;580
25;2025-12-02;8;964
25;2025-12-02;9;499
25;2025-12-02;10;390
25;2025-12-02;11;440
25;2025-12-02;12;432
25;2025-12-02;13;538
25;2025-12-02;14;473
25;2025-12-02;15;558
25;2025-12-02;16;743
25;2025-12-02;17;795
25;2025-12-02;18;837
25;2025-12-02;19;549
25;2025-12-02;20;333
25;2025-12-02;21;218
25;2025-12-02;22;126
25;2025-12-02;23;10
25;2025-12-03;0;4
25;2025-12-03;1;0
25;2025-12-03;2;0
25;2025-12-03;3;0
25;2025-12-03;4;0
25;2025-12-03;5;10
25;2025-12-03;6;216
25;2025-12-03;7;580
25;2025-12-03;8;964
25;2025-12-03;9;499
25;2025-12-03;10;390
25;2025-12-03;11;440
25;2025-12-03;12;432
25;2025-12-03;13;538
25;2025-12-03;14;473
25;2025-12-03;15;558
25;2025-12-03;16;743
25;2025-12-03;17;795
25;2025-12-03;18;837
25;2025-12-03;19;549
25;2025-12-03;20;333
25;2025-12-03;21;218
25;2025-12-03;22;126
25;2025-12-03;23;10
25;2025-12-04;0;4
25;2025-12-04;1;0
25;2025-12-04;2;0
25;2025-12-04;3;0
25;2025-12-04;4;0
25;2025-12-04;5;10
25;2025-12-04;6;216
25;2025-12-04;7;580
25;2025-12-04;8;964
25;2025-12-04;9;499
25;2025-12-04;10;390
25;2025-12-04;11;440
25;2025-12-04;12;432
25;2025-12-04;13;538
25;2025-12-04;14;473
25;2025-12-04;15;558
25;2025-12-04;16;743
25;2025-12-04;17;795
25;2025-12-04;18;837
25;2025-12-04;19;549
25;2025-12-04;20;333
25;2025-12-04;21;218
25;2025-12-04;22;126
25;2025-12-04;23;10
25;2025-12-05;0;1
25;2025-12-05;1;0
25;2025-12-05;2;0
25;2025-12-05;3;0
25;2025-12-05;4;0
25;2025-12-05;5;7
25;2025-12-05;6;200
25;2025-12-05;7;547
25;2025-12-05;8;872
25;2025-12-05;9;435
25;2025-12-05;10;389
25;2025-12-05;11;421
25;2025-12-05;12;427
25;2025-12-05;13;524
25;2025-12-05;14;490
25;2025-12-05;15;617
25;2025-12-05;16;821
25;2025-12-05;17;793
25;2025-12-05;18;666
25;2025-12-05;19;510
25;2025-12-05;20;333
25;2025-12-05;21;219
25;2025-12-05;22;143
25;2025-12-05;23;14
25;2025-12-06;0;4
25;2025-12-06;1;0
25;2025-12-06;2;0
25;2025-12-06;3;0
25;2025-12-06;4;0
25;2025-12-06;5;8
25;2025-12-06;6;82
25;2025-12-06;7;129
25;2025-12-06;8;285
25;2025-12-06;9;256
25;2025-12-06;10;279
25;2025-12-06;11;365
25;2025-12-06;12;403
25;2025-12-06;13;563
25;2025-12-06;14;569
25;2025-12-06;15;665
25;2025-12-06;16;615
25;2025-12-06;17;490
25;2025-12-06;18;436
25;2025-12-06;19;382
25;2025-12-06;20;249
25;2025-12-06;21;204
25;2025-12-06;22;131
25;2025-12-06;23;54
25;2025-12-07;0;17
25;2025-12-07;1;0
25;2025-12-07;2;0
25;2025-12-07;3;0
25;2025-12-07;4;0
25;2025-12-07;5;5
25;2025-12-07;6;75
25;2025-12-07;7;100
25;2025-12-07;8;195
25;2025-12-07;9;222
25;2025-12-07;10;232
25;2025-12-07;11;321
25;2025-12-07;12;376
25;2025-12-07;13;478
25;2025-12-07;14;528
25;2025-12-07;15;606
25;2025-12-07;16;533
25;2025-12-07;17;480
25;2025-12-07;18;404
25;2025-12-07;19;316
25;2025-12-07;20;228
25;2025-12-07;21;188
25;2025-12-07;22;109
25;2025-12-07;23;41
25;2025-12-08;0;4
25;2025-12-08;1;0
25;2025-12-08;2;0
25;2025-12-08;3;0
25;2025-12-08;4;0
25;2025-12-08;5;9
25;2025-12-08;6;210
25;2025-12-08;7;565
25;2025-12-08;8;938
25;2025-12-08;9;485
25;2025-12-08;10;380
25;2025-12-08;11;428
25;2025-12-08;12;421
25;2025-12-08;13;524
25;2025-12-08;14;461
25;2025-12-08;15;543
25;2025-12-08;16;723
25;2025-12-08;17;774
25;2025-12-08;18;814
25;2025-12-08;19;534
25;2025-12-08;20;324
25;2025-12-08;21;212
25;2025-12-08;22;123
25;2025-12-08;23;9
25;2025-12-09;0;4
25;2025-12-09;1;0
25;2025-12-09;2;0
25;2025-12-09;3;0
25;2025-12-09;4;0
25;2025-12-09;5;10
25;2025-12-09;6;215
25;2025-12-09;7;578
25;2025-12-09;8;960
25;2025-12-09;9;497
25;2025-12-09;10;389
25;2025-12-09;11;438
25;2025-12-09;12;430
25;2025-12-09;13;536
25;2025-12-09;14;471
25;2025-12-09;15;556
25;2025-12-09;16;740
25;2025-12-09;17;792
25;2025-12-09;18;833
25;2025-12-09;19;547
25;2025-12-09;20;332
25;2025-12-09;21;217
25;2025-12-09;22;126
25;2025-12-09;23;10
25;2025-12-10;0;4
25;2025-12-10;1;0
25;2025-12-10;2;0
25;2025-12-10;3;0
25;2025-12-10;4;0
25;2025-12-10;5;10
25;2025-12-10;6;213
25;2025-12-10;7;572
25;2025-12-10;8;950
25;2025-12-10;9;492
25;2025-12-10;10;385
25;2025-12-10;11;434
25;2025-12-10;12;426
25;2025-12-10;13;531
25;2025-12-10;14;467
25;2025-12-10;15;551
25;2025-12-10;16;733
25;2025-12-10;17;784
25;2025-12-10;18;825
25;2025-12-10;19;541
25;2025-12-10;20;328
25;2025-12-10;21;215
25;2025-12-10;22;124
25;2025-12-10;23;10
25;2025-12-11;0;4
25;2025-12-11;1;0
25;2025-12-11;2;0
25;2025-12-11;3;0
25;2025-12-11;4;0
25;2025-12-11;5;9
25;2025-12-11;6;212
25;2025-12-11;7;569
25;2025-12-11;8;945
25;2025-12-11;9;489
25;2025-12-11;10;383
25;2025-12-11;11;431
25;2025-12-11;12;424
25;2025-12-11;13;527
25;2025-12-11;14;464
25;2025-12-11;15;547
25;2025-12-11;16;728
25;2025-12-11;17;780
25;2025-12-11;18;820
25;2025-12-11;19;538
25;2025-12-11;20;327
25;2025-12-11;21;213
25;2025-12-11;22;124
25;2025-12-11;23;9
25;2025-12-12;0;1
25;2025-12-12;1;0
25;2025-12-12;2;0
25;2025-12-12;3;0
25;2025-12-12;4;0
25;2025-12-12;5;7
25;2025-12-12;6;197
25;2025-12-12;7;537
25;2025-12-12;8;856
25;2025-12-12;9;427
25;2025-12-12;10;382
25;2025-12-12;11;414
25;2025-12-12;12;420
25;2025-12-12;13;514
25;2025-12-12;14;481
25;2025-12-12;15;606
25;2025-12-12;16;806
25;2025-12-12;17;779
25;2025-12-12;18;654
25;2025-12-12;19;501
25;2025-12-12;20;327
25;2025-12-12;21;215
25;2025-12-12;22;141
25;2025-12-12;23;13
25;2025-12-13;0;4
25;2025-12-13;1;0
25;2025-12-13;2;0
25;2025-12-13;3;0
25;2025-12-13;4;0
25;2025-12-13;5;8
25;2025-12-13;6;81
25;2025-12-13;7;128
25;2025-12-13;8;283
25;2025-12-13;9;254
25;2025-12-13;10;277
25;2025-12-13;11;362
25;2025-12-13;12;400
25;2025-12-13;13;559
25;2025-12-13;14;565
25;2025-12-13;15;660
25;2025-12-13;16;611
25;2025-12-13;17;487
25;2025-12-13;18;433
25;2025-12-13;19;379
25;2025-12-13;20;247
25;2025-12-13;21;202
25;2025-12-13;22;130
25;2025-12-13;23;53
25;2025-12-14;0;17
25;2025-12-14;1;0
25;2025-12-14;2;0
25;2025-12-14;3;0
25;2025-12-14;4;0
25;2025-12-14;5;5
25;2025-12-14;6;74
25;2025-12-14;7;99
25;2025-12-14;8;194
25;2025-12-14;9;220
25;2025-12-14;10;230
25;2025-12-14;11;320
25;2025-12-14;12;374
25;2025-12-14;13;476
25;2025-12-14;14;525
25;2025-12-14;15;602
25;2025-12-14;16;530
25;2025-12-14;17;477
25;2025-12-14;18;402
25;2025-12-14;19;314
25;2025-12-14;20;226
25;2025-12-14;21;187
25;2025-12-14;22;108
25;2025-12-14;23;41
25;2025-12-15;0;4
25;2025-12-15;1;0
25;2025-12-15;2;0
25;2025-12-15;3;0
25;2025-12-15;4;0
25;2025-12-15;5;9
25;2025-12-15;6;210
25;2025-12-15;7;564
25;2025-12-15;8;937
25;2025-12-15;9;485
25;2025-12-15;10;380
25;2025-12-15;11;428
25;2025-12-15;12;420
25;2025-12-15;13;523
25;2025-12-15;14;460
25;2025-12-15;15;543
25;2025-12-15;16;722
25;2025-12-15;17;773
25;2025-12-15;18;813
25;2025-12-15;19;534
25;2025-12-15;20;324
25;2025-12-15;21;212
25;2025-12-15;22;123
25;2025-12-15;23;9
25;2025-12-16;0;4
25;2025-12-16;1;0
25;2025-12-16;2;0
25;2025-12-16;3;0
25;2025-12-16;4;0
25;2025-12-16;5;10
25;2025-12-16;6;214
25;2025-12-16;7;574
25;2025-12-16;8;954
25;2025-12-16;9;493
25;2025-12-16;10;386
25;2025-12-16;11;435
25;2025-12-16;12;428
25;2025-12-16;13;532
25;2025-12-16;14;468
25;2025-12-16;15;553
25;2025-12-16;16;735
25;2025-12-16;17;787
25;2025-12-16;18;828
25;2025-12-16;19;543
25;2025-12-16;20;330
25;2025-12-16;21;215
25;2025-12-16;22;125
25;2025-12-16;23;10
25;2025-12-17;0;4
25;2025-12-17;1;0
25;2025-12-17;2;0
25;2025-12-17;3;0
25;2025-12-17;4;0
25;2025-12-17;5;10
25;2025-12-17;6;216
25;2025-12-17;7;580
25;2025-12-17;8;963
25;2025-12-17;9;498
25;2025-12-17;10;390
25;2025-12-17;11;439
25;2025-12-17;12;432
25;2025-12-17;13;537
25;2025-12-17;14;473
25;2025-12-17;15;558
25;2025-12-17;16;742
25;2025-12-17;17;795
25;2025-12-17;18;836
25;2025-12-17;19;548
25;2025-12-17;20;333
25;2025-12-17;21;218
25;2025-12-17;22;126
25;2025-12-17;23;10
25;2025-12-18;0;4
25;2025-12-18;1;0
25;2025-12-18;2;0
25;2025-12-18;3;0
25;2025-12-18;4;0
25;2025-12-18;5;10
25;2025-12-18;6;216
25;2025-12-18;7;580
25;2025-12-18;8;964
25;2025-12-18;9;499
25;2025-12-18;10;390
25;2025-12-18;11;440
25;2025-12-18;12;432
25;2025-12-18;13;538
25;2025-12-18;14;473
25;2025-12-18;15;558
25;2025-12-18;16;743
25;2025-12-18;17;795
25;2025-12-18;18;837
25;2025-12-18;19;549
25;2025-12-18;20;333
25;2025-12-18;21;218
25;2025-12-18;22;126
25;2025-12-18;23;10
25;2025-12-19;0;1
25;2025-12-19;1;0
25;2025-12-19;2;0
25;2025-12-19;3;0
25;2025-12-19;4;0
25;2025-12-19;5;7
25;2025-12-19;6;200
25;2025-12-19;7;546
25;2025-12-19;8;870
25;2025-12-19;9;434
25;2025-12-19;10;388
25;2025-12-19;11;420
25;2025-12-19;12;426
25;2025-12-19;13;522
25;2025-12-19;14;489
25;2025-12-19;15;616
25;2025-12-19;16;819
25;2025-12-19;17;791
25;2025-12-19;18;665
25;2025-12-19;19;509
25;2025-12-19;20;332
25;2025-12-19;21;219
25;2025-12-19;22;143
25;2025-12-19;23;14
25;2025-12-20;0;4
25;2025-12-20;1;0
25;2025-12-20;2;0
25;2025-12-20;3;0
25;2025-12-20;4;0
25;2025-12-20;5;8
25;2025-12-20;6;82
25;2025-12-20;7;129
25;2025-12-20;8;285
25;2025-12-20;9;256
25;2025-12-20;10;279
25;2025-12-20;11;365
25;2025-12-20;12;403
25;2025-12-20;13;563
25;2025-12-20;14;569
25;2025-12-20;15;665
25;2025-12-20;16;615
25;2025-12-20;17;490
25;2025-12-20;18;436
25;2025-12-20;19;382
25;2025-12-20;20;249
25;2025-12-20;21;204
25;2025-12-20;22;131
25;2025-12-20;23;54
25;2025-12-21;0;17
25;2025-12-21;1;0
25;2025-12-21;2;0
25;2025-12-21;3;0
25;2025-12-21;4;0
25;2025-12-21;5;5
25;2025-12-21;6;74
25;2025-12-21;7;99
25;2025-12-21;8;194
25;2025-12-21;9;221
25;2025-12-21;10;230
25;2025-12-21;11;320
25;2025-12-21;12;374
25;2025-12-21;13;476
25;2025-12-21;14;526
25;2025-12-21;15;603
25;2025-12-21;16;530
25;2025-12-21;17;478
25;2025-12-21;18;402
25;2025-12-21;19;314
25;2025-12-21;20;226
25;2025-12-21;21;188
25;2025-12-21;22;108
25;2025-12-21;23;41
25;2025-12-22;0;3
25;2025-12-22;1;0
25;2025-12-22;2;0
25;2025-12-22;3;0
25;2025-12-22;4;0
25;2025-12-22;5;9
25;2025-12-22;6;208
25;2025-12-22;7;558
25;2025-12-22;8;927
25;2025-12-22;9;479
25;2025-12-22;10;375
25;2025-12-22;11;423
25;2025-12-22;12;416
25;2025-12-22;13;517
25;2025-12-22;14;455
25;2025-12-22;15;537
25;2025-12-22;16;714
25;2025-12-22;17;765
25;2025-12-22;18;804
25;2025-12-22;19;528
25;2025-12-22;20;320
25;2025-12-22;21;209
25;2025-12-22;22;121
25;2025-12-22;23;9
25;2025-12-23;0;4
25;2025-12-23;1;0
25;2025-12-23;2;0
25;2025-12-23;3;0
25;2025-12-23;4;0
25;2025-12-23;5;10
25;2025-12-23;6;216
25;2025-12-23;7;580
25;2025-12-23;8;964
25;2025-12-23;9;499
25;2025-12-23;10;390
25;2025-12-23;11;440
25;2025-12-23;12;432
25;2025-12-23;13;538
25;2025-12-23;14;473
25;2025-12-23;15;558
25;2025-12-23;16;743
25;2025-12-23;17;795
25;2025-12-23;18;837
25;2025-12-23;19;549
25;2025-12-23;20;333
25;2025-12-23;21;218
25;2025-12-23;22;126
25;2025-12-23;23;10
25;2025-12-24;0;4
25;2025-12-24;1;0
25;2025-12-24;2;0
25;2025-12-24;3;0
25;2025-12-24;4;0
25;2025-12-24;5;10
25;2025-12-24;6;214
25;2025-12-24;7;577
25;2025-12-24;8;958
25;2025-12-24;9;495
25;2025-12-24;10;388
25;2025-12-24;11;437
25;2025-12-24;12;429
25;2025-12-24;13;535
25;2025-12-24;14;470
25;2025-12-24;15;555
25;2025-12-24;16;738
25;2025-12-24;17;790
25;2025-12-24;18;831
25;2025-12-24;19;546
25;2025-12-24;20;331
25;2025-12-24;21;216
25;2025-12-24;22;125
25;2025-12-24;23;10
25;2025-12-25;0;4
25;2025-12-25;1;0
25;2025-12-25;2;0
25;2025-12-25;3;0
25;2025-12-25;4;0
25;2025-12-25;5;9
25;2025-12-25;6;212
25;2025-12-25;7;570
25;2025-12-25;8;946
25;2025-12-25;9;490
25;2025-12-25;10;383
25;2025-12-25;11;432
25;2025-12-25;12;424
25;2025-12-25;13;528
25;2025-12-25;14;465
25;2025-12-25;15;548
25;2025-12-25;16;729
25;2025-12-25;17;781
25;2025-12-25;18;821
25;2025-12-25;19;539
25;2025-12-25;20;327
25;2025-12-25;21;214
25;2025-12-25;22;124
25;2025-12-25;23;9
25;2025-12-26;0;1
25;2025-12-26;1;0
25;2025-12-26;2;0
25;2025-12-26;3;0
25;2025-12-26;4;0
25;2025-12-26;5;7
25;2025-12-26;6;195
25;2025-12-26;7;532
25;2025-12-26;8;848
25;2025-12-26;9;423
25;2025-12-26;10;378
25;2025-12-26;11;410
25;2025-12-26;12;415
25;2025-12-26;13;509
25;2025-12-26;14;477
25;2025-12-26;15;600
25;2025-12-26;16;798
25;2025-12-26;17;771
25;2025-12-26;18;648
25;2025-12-26;19;496
25;2025-12-26;20;323
25;2025-12-26;21;213
25;2025-12-26;22;139
25;2025-12-26;23;13
25;2025-12-27;0;4
25;2025-12-27;1;0
25;2025-12-27;2;0
25;2025-12-27;3;0
25;2025-12-27;4;0
25;2025-12-27;5;8
25;2025-12-27;6;81
25;2025-12-27;7;128
25;2025-12-27;8;283
25;2025-12-27;9;254
25;2025-12-27;10;277
25;2025-12-27;11;362
25;2025-12-27;12;400
25;2025-12-27;13;559
25;2025-12-27;14;565
25;2025-12-27;15;660
25;2025-12-27;16;611
25;2025-12-27;17;487
25;2025-12-27;18;433
25;2025-12-27;19;379
25;2025-12-27;20;247
25;2025-12-27;21;202
25;2025-12-27;22;130
25;2025-12-27;23;53
25;2025-12-28;0;17
25;2025-12-28;1;0
25;2025-12-28;2;0
25;2025-12-28;3;0
25;2025-12-28;4;0
25;2025-12-28;5;5
25;2025-12-28;6;73
25;2025-12-28;7;98
25;2025-12-28;8;192
25;2025-12-28;9;218
25;2025-12-28;10;228
25;2025-12-28;11;316
25;2025-12-28;12;370
25;2025-12-28;13;471
25;2025-12-28;14;520
25;2025-12-28;15;596
25;2025-12-28;16;524
25;2025-12-28;17;473
25;2025-12-28;18;398
25;2025-12-28;19;311
25;2025-12-28;20;224
25;2025-12-28;21;186
25;2025-12-28;22;107
25;2025-12-28;23;40
25;2025-12-29;0;3
25;2025-12-29;1;0
25;2025-12-29;2;0
25;2025-12-29;3;0
25;2025-12-29;4;0
25;2025-12-29;5;8
25;2025-12-29;6;187
25;2025-12-29;7;501
25;2025-12-29;8;833
25;2025-12-29;9;431
25;2025-12-29;10;337
25;2025-12-29;11;380
25;2025-12-29;12;373
25;2025-12-29;13;465
25;2025-12-29;14;409
25;2025-12-29;15;482
25;2025-12-29;16;642
25;2025-12-29;17;687
25;2025-12-29;18;723
25;2025-12-29;19;474
25;2025-12-29;20;288
25;2025-12-29;21;188
25;2025-12-29;22;109
25;2025-12-29;23;8
25;2025-12-30;0;3
25;2025-12-30;1;0
25;2025-12-30;2;0
25;2025-12-30;3;0
25;2025-12-30;4;0
25;2025-12-30;5;8
25;2025-12-30;6;180
25;2025-12-30;7;483
25;2025-12-30;8;802
25;2025-12-30;9;415
25;2025-12-30;10;325
25;2025-12-30;11;366
25;2025-12-30;12;360
25;2025-12-30;13;448
25;2025-12-30;14;394
25;2025-12-30;15;465
25;2025-12-30;16;619
25;2025-12-30;17;662
25;2025-12-30;18;697
25;2025-12-30;19;457
25;2025-12-30;20;277
25;2025-12-30;21;181
25;2025-12-30;22;105
25;2025-12-30;23;8
25;2025-12-31;0;2
25;2025-12-31;1;0
25;2025-12-31;2;0
25;2025-12-31;3;0
25;2025-12-31;4;0
25;2025-12-31;5;4
25;2025-12-31;6;44
25;2025-12-31;7;69
25;2025-12-31;8;152
25;2025-12-31;9;136
25;2025-12-31;10;149
25;2025-12-31;11;194
25;2025-12-31;12;214
25;2025-12-31;13;300
25;2025-12-31;14;303
25;2025-12-31;15;354
25;2025-12-31;16;328
25;2025-12-31;17;261
25;2025-12-31;18;232
25;2025-12-31;19;203
25;2025-12-31;20;13
25;2025-12-31;21;11
25;2025-12-31;22;7
25;2025-12-31;23;3
26;2025-11-01;0;40
26;2025-11-01;1;3
26;2025-11-01;2;0
26;2025-11-01;3;0
26;2025-11-01;4;1
26;2025-11-01;5;81
26;2025-11-01;6;477
26;2025-11-01;7;954
26;2025-11-01;8;1942
26;2025-11-01;9;1309
26;2025-11-01;10;1155
26;2025-11-01;11;1050
26;2025-11-01;12;1068
26;2025-11-01;13;1109
26;2025-11-01;14;1191
26;2025-11-01;15;1317
26;2025-11-01;16;1566
26;2025-11-01;17;1595
26;2025-11-01;18;1264
26;2025-11-01;19;978
26;2025-11-01;20;670
26;2025-11-01;21;429
26;2025-11-01;22;198
26;2025-11-01;23;141
26;2025-11-02;0;54
26;2025-11-02;1;5
26;2025-11-02;2;0
26;2025-11-02;3;0
26;2025-11-02;4;2
26;2025-11-02;5;32
26;2025-11-02;6;171
26;2025-11-02;7;261
26;2025-11-02;8;411
26;2025-11-02;9;576
26;2025-11-02;10;656
26;2025-11-02;11;920
26;2025-11-02;12;924
26;2025-11-02;13;1000
26;2025-11-02;14;962
26;2025-11-02;15;889
26;2025-11-02;16;859
26;2025-11-02;17;844
26;2025-11-02;18;765
26;2025-11-02;19;576
26;2025-11-02;20;446
26;2025-11-02;21;317
26;2025-11-02;22;205
26;2025-11-02;23;120
26;2025-11-03;0;43
26;2025-11-03;1;3
26;2025-11-03;2;0
26;2025-11-03;3;0
26;2025-11-03;4;2
26;2025-11-03;5;33
26;2025-11-03;6;183
26;2025-11-03;7;268
26;2025-11-03;8;429
26;2025-11-03;9;538
26;2025-11-03;10;639
26;2025-11-03;11;837
26;2025-11-03;12;864
26;2025-11-03;13;898
26;2025-11-03;14;889
26;2025-11-03;15;819
26;2025-11-03;16;819
26;2025-11-03;17;764
26;2025-11-03;18;706
26;2025-11-03;19;570
26;2025-11-03;20;428
26;2025-11-03;21;295
26;2025-11-03;22;181
26;2025-11-03;23;117
26;2025-11-04;0;43
26;2025-11-04;1;3
26;2025-11-04;2;0
26;2025-11-04;3;0
26;2025-11-04;4;2
26;2025-11-04;5;33
26;2025-11-04;6;182
26;2025-11-04;7;267
26;2025-11-04;8;428
26;2025-11-04;9;536
26;2025-11-04;10;637
26;2025-11-04;11;833
26;2025-11-04;12;860
26;2025-11-04;13;894
26;2025-11-04;14;886
26;2025-11-04;15;815
26;2025-11-04;16;815
26;2025-11-04;17;761
26;2025-11-04;18;703
26;2025-11-04;19;567
26;2025-11-04;20;426
26;2025-11-04;21;293
26;2025-11-04;22;180
26;2025-11-04;23;117
26;2025-11-05;0;32
26;2025-11-05;1;2
26;2025-11-05;2;0
26;2025-11-05;3;0
26;2025-11-05;4;2
26;2025-11-05;5;99
26;2025-11-05;6;526
26;2025-11-05;7;1155
26;2025-11-05;8;2294
26;2025-11-05;9;1535
26;2025-11-05;10;1311
26;2025-11-05;11;1185
26;2025-11-05;12;1230
26;2025-11-05;13;1270
26;2025-11-05;14;1342
26;2025-11-05;15;1445
26;2025-11-05;16;1599
26;2025-11-05;17;1766
26;2025-11-05;18;1966
26;2025-11-05;19;1318
26;2025-11-05;20;825
26;2025-11-05;21;513
26;2025-11-05;22;231
26;2025-11-05;23;125
26;2025-11-06;0;32
26;2025-11-06;1;2
26;2025-11-06;2;0
26;2025-11-06;3;0
26;2025-11-06;4;2
26;2025-11-06;5;98
26;2025-11-06;6;520
26;2025-11-06;7;1142
26;2025-11-06;8;2268
26;2025-11-06;9;1518
26;2025-11-06;10;1296
26;2025-11-06;11;1171
26;2025-11-06;12;1216
26;2025-11-06;13;1256
26;2025-11-06;14;1327
26;2025-11-06;15;1429
26;2025-11-06;16;1581
26;2025-11-06;17;1746
26;2025-11-06;18;1943
26;2025-11-06;19;1303
26;2025-11-06;20;815
26;2025-11-06;21;507
26;2025-11-06;22;229
26;2025-11-06;23;123
26;2025-11-07;0;32
26;2025-11-07;1;2
26;2025-11-07;2;0
26;2025-11-07;3;0
26;2025-11-07;4;1
26;2025-11-07;5;91
26;2025-11-07;6;536
26;2025-11-07;7;1072
26;2025-11-07;8;2183
26;2025-11-07;9;1471
26;2025-11-07;10;1298
26;2025-11-07;11;1180
26;2025-11-07;12;1200
26;2025-11-07;13;1246
26;2025-11-07;14;1338
26;2025-11-07;15;1480
26;2025-11-07;16;1760
26;2025-11-07;17;1793
26;2025-11-07;18;1420
26;2025-11-07;19;1098
26;2025-11-07;20;753
26;2025-11-07;21;482
26;2025-11-07;22;222
26;2025-11-07;23;158
26;2025-11-08;0;47
26;2025-11-08;1;3
26;2025-11-08;2;0
26;2025-11-08;3;0
26;2025-11-08;4;2
26;2025-11-08;5;47
26;2025-11-08;6;267
26;2025-11-08;7;380
26;2025-11-08;8;617
26;2025-11-08;9;698
26;2025-11-08;10;865
26;2025-11-08;11;1055
26;2025-11-08;12;1122
26;2025-11-08;13;1117
26;2025-11-08;14;1142
26;2025-11-08;15;1046
26;2025-11-08;16;1083
26;2025-11-08;17;958
26;2025-11-08;18;905
26;2025-11-08;19;780
26;2025-11-08;20;569
26;2025-11-08;21;380
26;2025-11-08;22;222
26;2025-11-08;23;160
26;2025-11-09;0;54
26;2025-11-09;1;5
26;2025-11-09;2;0
26;2025-11-09;3;0
26;2025-11-09;4;2
26;2025-11-09;5;32
26;2025-11-09;6;171
26;2025-11-09;7;261
26;2025-11-09;8;411
26;2025-11-09;9;577
26;2025-11-09;10;656
26;2025-11-09;11;922
26;2025-11-09;12;925
26;2025-11-09;13;1001
26;2025-11-09;14;963
26;2025-11-09;15;890
26;2025-11-09;16;860
26;2025-11-09;17;845
26;2025-11-09;18;766
26;2025-11-09;19;576
26;2025-11-09;20;446
26;2025-11-09;21;317
26;2025-11-09;22;205
26;2025-11-09;23;120
26;2025-11-10;0;31
26;2025-11-10;1;2
26;2025-11-10;2;0
26;2025-11-10;3;0
26;2025-11-10;4;2
26;2025-11-10;5;96
26;2025-11-10;6;512
26;2025-11-10;7;1124
26;2025-11-10;8;2232
26;2025-11-10;9;1494
26;2025-11-10;10;1276
26;2025-11-10;11;1153
26;2025-11-10;12;1197
26;2025-11-10;13;1236
26;2025-11-10;14;1306
26;2025-11-10;15;1407
26;2025-11-10;16;1556
26;2025-11-10;17;1718
26;2025-11-10;18;1913
26;2025-11-10;19;1283
26;2025-11-10;20;803
26;2025-11-10;21;499
26;2025-11-10;22;225
26;2025-11-10;23;121
26;2025-11-11;0;32
26;2025-11-11;1;2
26;2025-11-11;2;0
26;2025-11-11;3;0
26;2025-11-11;4;2
26;2025-11-11;5;99
26;2025-11-11;6;526
26;2025-11-11;7;1155
26;2025-11-11;8;2294
26;2025-11-11;9;1535
26;2025-11-11;10;1311
26;2025-11-11;11;1185
26;2025-11-11;12;1230
26;2025-11-11;13;1270
26;2025-11-11;14;1342
26;2025-11-11;15;1445
26;2025-11-11;16;1599
26;2025-11-11;17;1766
26;2025-11-11;18;1966
26;2025-11-11;19;1318
26;2025-11-11;20;825
26;2025-11-11;21;513
26;2025-11-11;22;231
26;2025-11-11;23;125
26;2025-11-12;0;32
26;2025-11-12;1;2
26;2025-11-12;2;0
26;2025-11-12;3;0
26;2025-11-12;4;2
26;2025-11-12;5;98
26;2025-11-12;6;521
26;2025-11-12;7;1146
26;2025-11-12;8;2275
26;2025-11-12;9;1523
26;2025-11-12;10;1300
26;2025-11-12;11;1175
26;2025-11-12;12;1220
26;2025-11-12;13;1260
26;2025-11-12;14;1331
26;2025-11-12;15;1433
26;2025-11-12;16;1586
26;2025-11-12;17;1751
26;2025-11-12;18;1950
26;2025-11-12;19;1307
26;2025-11-12;20;818
26;2025-11-12;21;509
26;2025-11-12;22;229
26;2025-11-12;23;124
26;2025-11-13;0;32
26;2025-11-13;1;2
26;2025-11-13;2;0
26;2025-11-13;3;0
26;2025-11-13;4;2
26;2025-11-13;5;99
26;2025-11-13;6;525
26;2025-11-13;7;1154
26;2025-11-13;8;2291
26;2025-11-13;9;1533
26;2025-11-13;10;1310
26;2025-11-13;11;1183
26;2025-11-13;12;1229
26;2025-11-13;13;1269
26;2025-11-13;14;1341
26;2025-11-13;15;1444
26;2025-11-13;16;1597
26;2025-11-13;17;1764
26;2025-11-13;18;1964
26;2025-11-13;19;1316
26;2025-11-13;20;824
26;2025-11-13;21;512
26;2025-11-13;22;231
26;2025-11-13;23;124
26;2025-11-14;0;32
26;2025-11-14;1;2
26;2025-11-14;2;0
26;2025-11-14;3;0
26;2025-11-14;4;1
26;2025-11-14;5;91
26;2025-11-14;6;539
26;2025-11-14;7;1080
26;2025-11-14;8;2197
26;2025-11-14;9;1480
26;2025-11-14;10;1307
26;2025-11-14;11;1188
26;2025-11-14;12;1208
26;2025-11-14;13;1254
26;2025-11-14;14;1347
26;2025-11-14;15;1489
26;2025-11-14;16;1772
26;2025-11-14;17;1805
26;2025-11-14;18;1430
26;2025-11-14;19;1106
26;2025-11-14;20;758
26;2025-11-14;21;486
26;2025-11-14;22;224
26;2025-11-14;23;159
26;2025-11-15;0;45
26;2025-11-15;1;3
26;2025-11-15;2;0
26;2025-11-15;3;0
26;2025-11-15;4;2
26;2025-11-15;5;45
26;2025-11-15;6;260
26;2025-11-15;7;369
26;2025-11-15;8;599
26;2025-11-15;9;678
26;2025-11-15;10;840
26;2025-11-15;11;1024
26;2025-11-15;12;1089
26;2025-11-15;13;1085
26;2025-11-15;14;1109
26;2025-11-15;15;1016
26;2025-11-15;16;1052
26;2025-11-15;17;930
26;2025-11-15;18;879
26;2025-11-15;19;758
26;2025-11-15;20;553
26;2025-11-15;21;369
26;2025-11-15;22;215
26;2025-11-15;23;155
26;2025-11-16;0;54
26;2025-11-16;1;5
26;2025-11-16;2;0
26;2025-11-16;3;0
26;2025-11-16;4;2
26;2025-11-16;5;32
26;2025-11-16;6;171
26;2025-11-16;7;261
26;2025-11-16;8;411
26;2025-11-16;9;577
26;2025-11-16;10;656
26;2025-11-16;11;922
26;2025-11-16;12;925
26;2025-11-16;13;1001
26;2025-11-16;14;963
26;2025-11-16;15;890
26;2025-11-16;16;860
26;2025-11-16;17;845
26;2025-11-16;18;766
26;2025-11-16;19;576
26;2025-11-16;20;446
26;2025-11-16;21;317
26;2025-11-16;22;205
26;2025-11-16;23;120
26;2025-11-17;0;31
26;2025-11-17;1;2
26;2025-11-17;2;0
26;2025-11-17;3;0
26;2025-11-17;4;2
26;2025-11-17;5;95
26;2025-11-17;6;503
26;2025-11-17;7;1106
26;2025-11-17;8;2196
26;2025-11-17;9;1470
26;2025-11-17;10;1255
26;2025-11-17;11;1134
26;2025-11-17;12;1178
26;2025-11-17;13;1216
26;2025-11-17;14;1285
26;2025-11-17;15;1384
26;2025-11-17;16;1531
26;2025-11-17;17;1691
26;2025-11-17;18;1882
26;2025-11-17;19;1262
26;2025-11-17;20;790
26;2025-11-17;21;491
26;2025-11-17;22;221
26;2025-11-17;23;119
26;2025-11-18;0;31
26;2025-11-18;1;2
26;2025-11-18;2;0
26;2025-11-18;3;0
26;2025-11-18;4;2
26;2025-11-18;5;96
26;2025-11-18;6;511
26;2025-11-18;7;1122
26;2025-11-18;8;2229
26;2025-11-18;9;1492
26;2025-11-18;10;1274
26;2025-11-18;11;1151
26;2025-11-18;12;1195
26;2025-11-18;13;1234
26;2025-11-18;14;1304
26;2025-11-18;15;1404
26;2025-11-18;16;1554
26;2025-11-18;17;1716
26;2025-11-18;18;1910
26;2025-11-18;19;1280
26;2025-11-18;20;801
26;2025-11-18;21;498
26;2025-11-18;22;225
26;2025-11-18;23;121
26;2025-11-19;0;32
26;2025-11-19;1;2
26;2025-11-19;2;0
26;2025-11-19;3;0
26;2025-11-19;4;2
26;2025-11-19;5;99
26;2025-11-19;6;526
26;2025-11-19;7;1155
26;2025-11-19;8;2294
26;2025-11-19;9;1535
26;2025-11-19;10;1311
26;2025-11-19;11;1185
26;2025-11-19;12;1230
26;2025-11-19;13;1270
26;2025-11-19;14;1342
26;2025-11-19;15;1445
26;2025-11-19;16;1599
26;2025-11-19;17;1766
26;2025-11-19;18;1966
26;2025-11-19;19;1318
26;2025-11-19;20;825
26;2025-11-19;21;513
26;2025-11-19;22;231
26;2025-11-19;23;125
26;2025-11-20;0;32
26;2025-11-20;1;2
26;2025-11-20;2;0
26;2025-11-20;3;0
26;2025-11-20;4;2
26;2025-11-20;5;99
26;2025-11-20;6;526
26;2025-11-20;7;1155
26;2025-11-20;8;2294
26;2025-11-20;9;1535
26;2025-11-20;10;1311
26;2025-11-20;11;1185
26;2025-11-20;12;1230
26;2025-11-20;13;1270
26;2025-11-20;14;1342
26;2025-11-20;15;1445
26;2025-11-20;16;1599
26;2025-11-20;17;1766
26;2025-11-20;18;1966
26;2025-11-20;19;1318
26;2025-11-20;20;825
26;2025-11-20;21;513
26;2025-11-20;22;231
26;2025-11-20;23;125
26;2025-11-21;0;32
26;2025-11-21;1;2
26;2025-11-21;2;0
26;2025-11-21;3;0
26;2025-11-21;4;1
26;2025-11-21;5;91
26;2025-11-21;6;539
26;2025-11-21;7;1079
26;2025-11-21;8;2195
26;2025-11-21;9;1479
26;2025-11-21;10;1306
26;2025-11-21;11;1187
26;2025-11-21;12;1207
26;2025-11-21;13;1253
26;2025-11-21;14;1346
26;2025-11-21;15;1488
26;2025-11-21;16;1771
26;2025-11-21;17;1803
26;2025-11-21;18;1429
26;2025-11-21;19;1105
26;2025-11-21;20;757
26;2025-11-21;21;485
26;2025-11-21;22;223
26;2025-11-21;23;159
26;2025-11-22;0;46
26;2025-11-22;1;3
26;2025-11-22;2;0
26;2025-11-22;3;0
26;2025-11-22;4;2
26;2025-11-22;5;46
26;2025-11-22;6;263
26;2025-11-22;7;373
26;2025-11-22;8;606
26;2025-11-22;9;685
26;2025-11-22;10;849
26;2025-11-22;11;1036
26;2025-11-22;12;1101
26;2025-11-22;13;1097
26;2025-11-22;14;1121
26;2025-11-22;15;1027
26;2025-11-22;16;1063
26;2025-11-22;17;941
26;2025-11-22;18;889
26;2025-11-22;19;766
26;2025-11-22;20;559
26;2025-11-22;21;373
26;2025-11-22;22;218
26;2025-11-22;23;157
26;2025-11-23;0;54
26;2025-11-23;1;5
26;2025-11-23;2;0
26;2025-11-23;3;0
26;2025-11-23;4;2
26;2025-11-23;5;32
26;2025-11-23;6;171
26;2025-11-23;7;261
26;2025-11-23;8;411
26;2025-11-23;9;576
26;2025-11-23;10;656
26;2025-11-23;11;920
26;2025-11-23;12;924
26;2025-11-23;13;1000
26;2025-11-23;14;962
26;2025-11-23;15;889
26;2025-11-23;16;859
26;2025-11-23;17;844
26;2025-11-23;18;765
26;2025-11-23;19;576
26;2025-11-23;20;446
26;2025-11-23;21;317
26;2025-11-23;22;205
26;2025-11-23;23;120
26;2025-11-24;0;31
26;2025-11-24;1;1
26;2025-11-24;2;0
26;2025-11-24;3;0
26;2025-11-24;4;2
26;2025-11-24;5;93
26;2025-11-24;6;497
26;2025-11-24;7;1092
26;2025-11-24;8;2168
26;2025-11-24;9;1451
26;2025-11-24;10;1239
26;2025-11-24;11;1119
26;2025-11-24;12;1163
26;2025-11-24;13;1200
26;2025-11-24;14;1268
26;2025-11-24;15;1366
26;2025-11-24;16;1511
26;2025-11-24;17;1669
26;2025-11-24;18;1858
26;2025-11-24;19;1246
26;2025-11-24;20;779
26;2025-11-24;21;485
26;2025-11-24;22;219
26;2025-11-24;23;118
26;2025-11-25;0;32
26;2025-11-25;1;2
26;2025-11-25;2;0
26;2025-11-25;3;0
26;2025-11-25;4;2
26;2025-11-25;5;99
26;2025-11-25;6;526
26;2025-11-25;7;1155
26;2025-11-25;8;2294
26;2025-11-25;9;1535
26;2025-11-25;10;1311
26;2025-11-25;11;1185
26;2025-11-25;12;1230
26;2025-11-25;13;1270
26;2025-11-25;14;1342
26;2025-11-25;15;1445
26;2025-11-25;16;1599
26;2025-11-25;17;1766
26;2025-11-25;18;1966
26;2025-11-25;19;1318
26;2025-11-25;20;825
26;2025-11-25;21;513
26;2025-11-25;22;231
26;2025-11-25;23;125
26;2025-11-26;0;31
26;2025-11-26;1;2
26;2025-11-26;2;0
26;2025-11-26;3;0
26;2025-11-26;4;2
26;2025-11-26;5;96
26;2025-11-26;6;513
26;2025-11-26;7;1126
26;2025-11-26;8;2237
26;2025-11-26;9;1497
26;2025-11-26;10;1278
26;2025-11-26;11;1155
26;2025-11-26;12;1200
26;2025-11-26;13;1239
26;2025-11-26;14;1309
26;2025-11-26;15;1409
26;2025-11-26;16;1559
26;2025-11-26;17;1722
26;2025-11-26;18;1917
26;2025-11-26;19;1285
26;2025-11-26;20;804
26;2025-11-26;21;500
26;2025-11-26;22;225
26;2025-11-26;23;121
26;2025-11-27;0;32
26;2025-11-27;1;2
26;2025-11-27;2;0
26;2025-11-27;3;0
26;2025-11-27;4;2
26;2025-11-27;5;97
26;2025-11-27;6;513
26;2025-11-27;7;1128
26;2025-11-27;8;2240
26;2025-11-27;9;1499
26;2025-11-27;10;1280
26;2025-11-27;11;1157
26;2025-11-27;12;1201
26;2025-11-27;13;1240
26;2025-11-27;14;1311
26;2025-11-27;15;1411
26;2025-11-27;16;1561
26;2025-11-27;17;1724
26;2025-11-27;18;1920
26;2025-11-27;19;1287
26;2025-11-27;20;805
26;2025-11-27;21;501
26;2025-11-27;22;226
26;2025-11-27;23;122
26;2025-11-28;0;31
26;2025-11-28;1;2
26;2025-11-28;2;0
26;2025-11-28;3;0
26;2025-11-28;4;1
26;2025-11-28;5;90
26;2025-11-28;6;532
26;2025-11-28;7;1065
26;2025-11-28;8;2167
26;2025-11-28;9;1460
26;2025-11-28;10;1289
26;2025-11-28;11;1172
26;2025-11-28;12;1192
26;2025-11-28;13;1237
26;2025-11-28;14;1329
26;2025-11-28;15;1469
26;2025-11-28;16;1748
26;2025-11-28;17;1780
26;2025-11-28;18;1410
26;2025-11-28;19;1091
26;2025-11-28;20;747
26;2025-11-28;21;479
26;2025-11-28;22;221
26;2025-11-28;23;157
26;2025-11-29;0;47
26;2025-11-29;1;3
26;2025-11-29;2;0
26;2025-11-29;3;0
26;2025-11-29;4;2
26;2025-11-29;5;47
26;2025-11-29;6;268
26;2025-11-29;7;380
26;2025-11-29;8;618
26;2025-11-29;9;700
26;2025-11-29;10;867
26;2025-11-29;11;1057
26;2025-11-29;12;1124
26;2025-11-29;13;1120
26;2025-11-29;14;1145
26;2025-11-29;15;1048
26;2025-11-29;16;1085
26;2025-11-29;17;960
26;2025-11-29;18;907
26;2025-11-29;19;782
26;2025-11-29;20;570
26;2025-11-29;21;381
26;2025-11-29;22;222
26;2025-11-29;23;160
26;2025-11-30;0;54
26;2025-11-30;1;5
26;2025-11-30;2;0
26;2025-11-30;3;0
26;2025-11-30;4;2
26;2025-11-30;5;32
26;2025-11-30;6;171
26;2025-11-30;7;260
26;2025-11-30;8;410
26;2025-11-30;9;575
26;2025-11-30;10;655
26;2025-11-30;11;920
26;2025-11-30;12;923
26;2025-11-30;13;999
26;2025-11-30;14;961
26;2025-11-30;15;888
26;2025-11-30;16;858
26;2025-11-30;17;843
26;2025-11-30;18;764
26;2025-11-30;19;575
26;2025-11-30;20;445
26;2025-11-30;21;316
26;2025-11-30;22;205
26;2025-11-30;23;120
26;2025-12-01;0;31
26;2025-12-01;1;2
26;2025-12-01;2;0
26;2025-12-01;3;0
26;2025-12-01;4;2
26;2025-12-01;5;95
26;2025-12-01;6;518
26;2025-12-01;7;1123
26;2025-12-01;8;2214
26;2025-12-01;9;1493
26;2025-12-01;10;1272
26;2025-12-01;11;1151
26;2025-12-01;12;1193
26;2025-12-01;13;1236
26;2025-12-01;14;1288
26;2025-12-01;15;1398
26;2025-12-01;16;1558
26;2025-12-01;17;1714
26;2025-12-01;18;1914
26;2025-12-01;19;1289
26;2025-12-01;20;806
26;2025-12-01;21;494
26;2025-12-01;22;227
26;2025-12-01;23;120
26;2025-12-02;0;32
26;2025-12-02;1;2
26;2025-12-02;2;0
26;2025-12-02;3;0
26;2025-12-02;4;2
26;2025-12-02;5;98
26;2025-12-02;6;533
26;2025-12-02;7;1154
26;2025-12-02;8;2275
26;2025-12-02;9;1534
26;2025-12-02;10;1307
26;2025-12-02;11;1183
26;2025-12-02;12;1226
26;2025-12-02;13;1271
26;2025-12-02;14;1324
26;2025-12-02;15;1436
26;2025-12-02;16;1601
26;2025-12-02;17;1761
26;2025-12-02;18;1967
26;2025-12-02;19;1325
26;2025-12-02;20;828
26;2025-12-02;21;508
26;2025-12-02;22;234
26;2025-12-02;23;123
26;2025-12-03;0;32
26;2025-12-03;1;2
26;2025-12-03;2;0
26;2025-12-03;3;0
26;2025-12-03;4;2
26;2025-12-03;5;98
26;2025-12-03;6;533
26;2025-12-03;7;1154
26;2025-12-03;8;2275
26;2025-12-03;9;1534
26;2025-12-03;10;1307
26;2025-12-03;11;1183
26;2025-12-03;12;1226
26;2025-12-03;13;1271
26;2025-12-03;14;1324
26;2025-12-03;15;1436
26;2025-12-03;16;1601
26;2025-12-03;17;1761
26;2025-12-03;18;1967
26;2025-12-03;19;1325
26;2025-12-03;20;828
26;2025-12-03;21;508
26;2025-12-03;22;234
26;2025-12-03;23;123
26;2025-12-04;0;32
26;2025-12-04;1;2
26;2025-12-04;2;0
26;2025-12-04;3;0
26;2025-12-04;4;2
26;2025-12-04;5;98
26;2025-12-04;6;533
26;2025-12-04;7;1154
26;2025-12-04;8;2275
26;2025-12-04;9;1534
26;2025-12-04;10;1307
26;2025-12-04;11;1183
26;2025-12-04;12;1226
26;2025-12-04;13;1271
26;2025-12-04;14;1324
26;2025-12-04;15;1436
26;2025-12-04;16;1601
26;2025-12-04;17;1761
26;2025-12-04;18;1967
26;2025-12-04;19;1325
26;2025-12-04;20;828
26;2025-12-04;21;508
26;2025-12-04;22;234
26;2025-12-04;23;123
26;2025-12-05;0;32
26;2025-12-05;1;2
26;2025-12-05;2;0
26;2025-12-05;3;0
26;2025-12-05;4;1
26;2025-12-05;5;92
26;2025-12-05;6;546
26;2025-12-05;7;1084
26;2025-12-05;8;2179
26;2025-12-05;9;1490
26;2025-12-05;10;1303
26;2025-12-05;11;1188
26;2025-12-05;12;1215
26;2025-12-05;13;1263
26;2025-12-05;14;1326
26;2025-12-05;15;1501
26;2025-12-05;16;1776
26;2025-12-05;17;1803
26;2025-12-05;18;1450
26;2025-12-05;19;1119
26;2025-12-05;20;771
26;2025-12-05;21;484
26;2025-12-05;22;227
26;2025-12-05;23;158
26;2025-12-06;0;45
26;2025-12-06;1;3
26;2025-12-06;2;0
26;2025-12-06;3;0
26;2025-12-06;4;2
26;2025-12-06;5;45
26;2025-12-06;6;274
26;2025-12-06;7;381
26;2025-12-06;8;615
26;2025-12-06;9;703
26;2025-12-06;10;866
26;2025-12-06;11;1059
26;2025-12-06;12;1123
26;2025-12-06;13;1123
26;2025-12-06;14;1142
26;2025-12-06;15;1050
26;2025-12-06;16;1084
26;2025-12-06;17;961
26;2025-12-06;18;912
26;2025-12-06;19;784
26;2025-12-06;20;571
26;2025-12-06;21;384
26;2025-12-06;22;224
26;2025-12-06;23;159
26;2025-12-07;0;54
26;2025-12-07;1;5
26;2025-12-07;2;0
26;2025-12-07;3;0
26;2025-12-07;4;2
26;2025-12-07;5;34
26;2025-12-07;6;171
26;2025-12-07;7;258
26;2025-12-07;8;412
26;2025-12-07;9;580
26;2025-12-07;10;658
26;2025-12-07;11;924
26;2025-12-07;12;931
26;2025-12-07;13;1008
26;2025-12-07;14;967
26;2025-12-07;15;896
26;2025-12-07;16;868
26;2025-12-07;17;851
26;2025-12-07;18;773
26;2025-12-07;19;585
26;2025-12-07;20;448
26;2025-12-07;21;320
26;2025-12-07;22;211
26;2025-12-07;23;121
26;2025-12-08;0;31
26;2025-12-08;1;2
26;2025-12-08;2;0
26;2025-12-08;3;0
26;2025-12-08;4;2
26;2025-12-08;5;95
26;2025-12-08;6;518
26;2025-12-08;7;1123
26;2025-12-08;8;2214
26;2025-12-08;9;1493
26;2025-12-08;10;1272
26;2025-12-08;11;1151
26;2025-12-08;12;1193
26;2025-12-08;13;1236
26;2025-12-08;14;1288
26;2025-12-08;15;1398
26;2025-12-08;16;1558
26;2025-12-08;17;1714
26;2025-12-08;18;1914
26;2025-12-08;19;1289
26;2025-12-08;20;806
26;2025-12-08;21;494
26;2025-12-08;22;227
26;2025-12-08;23;120
26;2025-12-09;0;32
26;2025-12-09;1;2
26;2025-12-09;2;0
26;2025-12-09;3;0
26;2025-12-09;4;2
26;2025-12-09;5;98
26;2025-12-09;6;531
26;2025-12-09;7;1149
26;2025-12-09;8;2266
26;2025-12-09;9;1528
26;2025-12-09;10;1302
26;2025-12-09;11;1178
26;2025-12-09;12;1221
26;2025-12-09;13;1265
26;2025-12-09;14;1319
26;2025-12-09;15;1430
26;2025-12-09;16;1594
26;2025-12-09;17;1754
26;2025-12-09;18;1959
26;2025-12-09;19;1320
26;2025-12-09;20;825
26;2025-12-09;21;506
26;2025-12-09;22;233
26;2025-12-09;23;123
26;2025-12-10;0;31
26;2025-12-10;1;2
26;2025-12-10;2;0
26;2025-12-10;3;0
26;2025-12-10;4;2
26;2025-12-10;5;97
26;2025-12-10;6;525
26;2025-12-10;7;1138
26;2025-12-10;8;2244
26;2025-12-10;9;1513
26;2025-12-10;10;1289
26;2025-12-10;11;1166
26;2025-12-10;12;1209
26;2025-12-10;13;1253
26;2025-12-10;14;1306
26;2025-12-10;15;1416
26;2025-12-10;16;1578
26;2025-12-10;17;1737
26;2025-12-10;18;1939
26;2025-12-10;19;1307
26;2025-12-10;20;817
26;2025-12-10;21;501
26;2025-12-10;22;230
26;2025-12-10;23;122
26;2025-12-11;0;31
26;2025-12-11;1;2
26;2025-12-11;2;0
26;2025-12-11;3;0
26;2025-12-11;4;2
26;2025-12-11;5;96
26;2025-12-11;6;522
26;2025-12-11;7;1131
26;2025-12-11;8;2231
26;2025-12-11;9;1504
26;2025-12-11;10;1281
26;2025-12-11;11;1160
26;2025-12-11;12;1202
26;2025-12-11;13;1246
26;2025-12-11;14;1298
26;2025-12-11;15;1408
26;2025-12-11;16;1569
26;2025-12-11;17;1727
26;2025-12-11;18;1928
26;2025-12-11;19;1299
26;2025-12-11;20;812
26;2025-12-11;21;498
26;2025-12-11;22;229
26;2025-12-11;23;121
26;2025-12-12;0;31
26;2025-12-12;1;2
26;2025-12-12;2;0
26;2025-12-12;3;0
26;2025-12-12;4;1
26;2025-12-12;5;91
26;2025-12-12;6;536
26;2025-12-12;7;1065
26;2025-12-12;8;2139
26;2025-12-12;9;1463
26;2025-12-12;10;1279
26;2025-12-12;11;1167
26;2025-12-12;12;1193
26;2025-12-12;13;1240
26;2025-12-12;14;1302
26;2025-12-12;15;1473
26;2025-12-12;16;1744
26;2025-12-12;17;1770
26;2025-12-12;18;1424
26;2025-12-12;19;1099
26;2025-12-12;20;757
26;2025-12-12;21;475
26;2025-12-12;22;223
26;2025-12-12;23;156
26;2025-12-13;0;45
26;2025-12-13;1;3
26;2025-12-13;2;0
26;2025-12-13;3;0
26;2025-12-13;4;2
26;2025-12-13;5;45
26;2025-12-13;6;272
26;2025-12-13;7;378
26;2025-12-13;8;611
26;2025-12-13;9;698
26;2025-12-13;10;859
26;2025-12-13;11;1052
26;2025-12-13;12;1116
26;2025-12-13;13;1115
26;2025-12-13;14;1134
26;2025-12-13;15;1043
26;2025-12-13;16;1077
26;2025-12-13;17;954
26;2025-12-13;18;905
26;2025-12-13;19;779
26;2025-12-13;20;567
26;2025-12-13;21;381
26;2025-12-13;22;223
26;2025-12-13;23;158
26;2025-12-14;0;53
26;2025-12-14;1;5
26;2025-12-14;2;0
26;2025-12-14;3;0
26;2025-12-14;4;2
26;2025-12-14;5;34
26;2025-12-14;6;170
26;2025-12-14;7;257
26;2025-12-14;8;409
26;2025-12-14;9;577
26;2025-12-14;10;654
26;2025-12-14;11;919
26;2025-12-14;12;926
26;2025-12-14;13;1003
26;2025-12-14;14;961
26;2025-12-14;15;891
26;2025-12-14;16;863
26;2025-12-14;17;846
26;2025-12-14;18;768
26;2025-12-14;19;582
26;2025-12-14;20;445
26;2025-12-14;21;318
26;2025-12-14;22;210
26;2025-12-14;23;120
26;2025-12-15;0;31
26;2025-12-15;1;2
26;2025-12-15;2;0
26;2025-12-15;3;0
26;2025-12-15;4;2
26;2025-12-15;5;95
26;2025-12-15;6;518
26;2025-12-15;7;1122
26;2025-12-15;8;2212
26;2025-12-15;9;1491
26;2025-12-15;10;1271
26;2025-12-15;11;1150
26;2025-12-15;12;1191
26;2025-12-15;13;1235
26;2025-12-15;14;1287
26;2025-12-15;15;1396
26;2025-12-15;16;1556
26;2025-12-15;17;1712
26;2025-12-15;18;1912
26;2025-12-15;19;1288
26;2025-12-15;20;805
26;2025-12-15;21;494
26;2025-12-15;22;227
26;2025-12-15;23;120
26;2025-12-16;0;32
26;2025-12-16;1;2
26;2025-12-16;2;0
26;2025-12-16;3;0
26;2025-12-16;4;2
26;2025-12-16;5;97
26;2025-12-16;6;527
26;2025-12-16;7;1142
26;2025-12-16;8;2252
26;2025-12-16;9;1518
26;2025-12-16;10;1293
26;2025-12-16;11;1170
26;2025-12-16;12;1213
26;2025-12-16;13;1257
26;2025-12-16;14;1310
26;2025-12-16;15;1421
26;2025-12-16;16;1584
26;2025-12-16;17;1743
26;2025-12-16;18;1946
26;2025-12-16;19;1311
26;2025-12-16;20;819
26;2025-12-16;21;503
26;2025-12-16;22;231
26;2025-12-16;23;122
26;2025-12-17;0;32
26;2025-12-17;1;2
26;2025-12-17;2;0
26;2025-12-17;3;0
26;2025-12-17;4;2
26;2025-12-17;5;98
26;2025-12-17;6;532
26;2025-12-17;7;1153
26;2025-12-17;8;2273
26;2025-12-17;9;1533
26;2025-12-17;10;1306
26;2025-12-17;11;1181
26;2025-12-17;12;1224
26;2025-12-17;13;1269
26;2025-12-17;14;1322
26;2025-12-17;15;1435
26;2025-12-17;16;1599
26;2025-12-17;17;1759
26;2025-12-17;18;1964
26;2025-12-17;19;1323
26;2025-12-17;20;827
26;2025-12-17;21;508
26;2025-12-17;22;233
26;2025-12-17;23;123
26;2025-12-18;0;32
26;2025-12-18;1;2
26;2025-12-18;2;0
26;2025-12-18;3;0
26;2025-12-18;4;2
26;2025-12-18;5;98
26;2025-12-18;6;533
26;2025-12-18;7;1154
26;2025-12-18;8;2275
26;2025-12-18;9;1534
26;2025-12-18;10;1307
26;2025-12-18;11;1183
26;2025-12-18;12;1226
26;2025-12-18;13;1271
26;2025-12-18;14;1324
26;2025-12-18;15;1436
26;2025-12-18;16;1601
26;2025-12-18;17;1761
26;2025-12-18;18;1967
26;2025-12-18;19;1325
26;2025-12-18;20;828
26;2025-12-18;21;508
26;2025-12-18;22;234
26;2025-12-18;23;123
26;2025-12-19;0;32
26;2025-12-19;1;2
26;2025-12-19;2;0
26;2025-12-19;3;0
26;2025-12-19;4;1
26;2025-12-19;5;92
26;2025-12-19;6;544
26;2025-12-19;7;1082
26;2025-12-19;8;2174
26;2025-12-19;9;1487
26;2025-12-19;10;1300
26;2025-12-19;11;1186
26;2025-12-19;12;1213
26;2025-12-19;13;1260
26;2025-12-19;14;1323
26;2025-12-19;15;1497
26;2025-12-19;16;1772
26;2025-12-19;17;1799
26;2025-12-19;18;1447
26;2025-12-19;19;1116
26;2025-12-19;20;769
26;2025-12-19;21;483
26;2025-12-19;22;226
26;2025-12-19;23;158
26;2025-12-20;0;45
26;2025-12-20;1;3
26;2025-12-20;2;0
26;2025-12-20;3;0
26;2025-12-20;4;2
26;2025-12-20;5;45
26;2025-12-20;6;274
26;2025-12-20;7;381
26;2025-12-20;8;615
26;2025-12-20;9;703
26;2025-12-20;10;866
26;2025-12-20;11;1059
26;2025-12-20;12;1123
26;2025-12-20;13;1123
26;2025-12-20;14;1142
26;2025-12-20;15;1050
26;2025-12-20;16;1084
26;2025-12-20;17;961
26;2025-12-20;18;912
26;2025-12-20;19;784
26;2025-12-20;20;571
26;2025-12-20;21;384
26;2025-12-20;22;224
26;2025-12-20;23;159
26;2025-12-21;0;53
26;2025-12-21;1;5
26;2025-12-21;2;0
26;2025-12-21;3;0
26;2025-12-21;4;2
26;2025-12-21;5;34
26;2025-12-21;6;171
26;2025-12-21;7;257
26;2025-12-21;8;410
26;2025-12-21;9;577
26;2025-12-21;10;655
26;2025-12-21;11;920
26;2025-12-21;12;926
26;2025-12-21;13;1003
26;2025-12-21;14;962
26;2025-12-21;15;892
26;2025-12-21;16;863
26;2025-12-21;17;847
26;2025-12-21;18;769
26;2025-12-21;19;582
26;2025-12-21;20;445
26;2025-12-21;21;318
26;2025-12-21;22;210
26;2025-12-21;23;120
26;2025-12-22;0;31
26;2025-12-22;1;2
26;2025-12-22;2;0
26;2025-12-22;3;0
26;2025-12-22;4;2
26;2025-12-22;5;94
26;2025-12-22;6;512
26;2025-12-22;7;1110
26;2025-12-22;8;2188
26;2025-12-22;9;1475
26;2025-12-22;10;1257
26;2025-12-22;11;1137
26;2025-12-22;12;1179
26;2025-12-22;13;1222
26;2025-12-22;14;1273
26;2025-12-22;15;1381
26;2025-12-22;16;1539
26;2025-12-22;17;1694
26;2025-12-22;18;1891
26;2025-12-22;19;1274
26;2025-12-22;20;796
26;2025-12-22;21;489
26;2025-12-22;22;225
26;2025-12-22;23;118
26;2025-12-23;0;32
26;2025-12-23;1;2
26;2025-12-23;2;0
26;2025-12-23;3;0
26;2025-12-23;4;2
26;2025-12-23;5;98
26;2025-12-23;6;533
26;2025-12-23;7;1154
26;2025-12-23;8;2275
26;2025-12-23;9;1534
26;2025-12-23;10;1307
26;2025-12-23;11;1183
26;2025-12-23;12;1226
26;2025-12-23;13;1271
26;2025-12-23;14;1324
26;2025-12-23;15;1436
26;2025-12-23;16;1601
26;2025-12-23;17;1761
26;2025-12-23;18;1967
26;2025-12-23;19;1325
26;2025-12-23;20;828
26;2025-12-23;21;508
26;2025-12-23;22;234
26;2025-12-23;23;123
26;2025-12-24;0;32
26;2025-12-24;1;2
26;2025-12-24;2;0
26;2025-12-24;3;0
26;2025-12-24;4;2
26;2025-12-24;5;97
26;2025-12-24;6;529
26;2025-12-24;7;1147
26;2025-12-24;8;2261
26;2025-12-24;9;1525
26;2025-12-24;10;1299
26;2025-12-24;11;1175
26;2025-12-24;12;1218
26;2025-12-24;13;1262
26;2025-12-24;14;1316
26;2025-12-24;15;1427
26;2025-12-24;16;1590
26;2025-12-24;17;1750
26;2025-12-24;18;1954
26;2025-12-24;19;1317
26;2025-12-24;20;823
26;2025-12-24;21;505
26;2025-12-24;22;232
26;2025-12-24;23;122
26;2025-12-25;0;31
26;2025-12-25;1;2
26;2025-12-25;2;0
26;2025-12-25;3;0
26;2025-12-25;4;2
26;2025-12-25;5;96
26;2025-12-25;6;523
26;2025-12-25;7;1133
26;2025-12-25;8;2234
26;2025-12-25;9;1506
26;2025-12-25;10;1283
26;2025-12-25;11;1161
26;2025-12-25;12;1203
26;2025-12-25;13;1247
26;2025-12-25;14;1300
26;2025-12-25;15;1410
26;2025-12-25;16;1571
26;2025-12-25;17;1729
26;2025-12-25;18;1931
26;2025-12-25;19;1301
26;2025-12-25;20;813
26;2025-12-25;21;499
26;2025-12-25;22;229
26;2025-12-25;23;121
26;2025-12-26;0;31
26;2025-12-26;1;2
26;2025-12-26;2;0
26;2025-12-26;3;0
26;2025-12-26;4;1
26;2025-12-26;5;90
26;2025-12-26;6;530
26;2025-12-26;7;1054
26;2025-12-26;8;2118
26;2025-12-26;9;1449
26;2025-12-26;10;1267
26;2025-12-26;11;1156
26;2025-12-26;12;1182
26;2025-12-26;13;1228
26;2025-12-26;14;1290
26;2025-12-26;15;1459
26;2025-12-26;16;1727
26;2025-12-26;17;1753
26;2025-12-26;18;1410
26;2025-12-26;19;1088
26;2025-12-26;20;749
26;2025-12-26;21;470
26;2025-12-26;22;220
26;2025-12-26;23;154
26;2025-12-27;0;45
26;2025-12-27;1;3
26;2025-12-27;2;0
26;2025-12-27;3;0
26;2025-12-27;4;2
26;2025-12-27;5;45
26;2025-12-27;6;272
26;2025-12-27;7;378
26;2025-12-27;8;611
26;2025-12-27;9;698
26;2025-12-27;10;859
26;2025-12-27;11;1052
26;2025-12-27;12;1116
26;2025-12-27;13;1115
26;2025-12-27;14;1134
26;2025-12-27;15;1043
26;2025-12-27;16;1077
26;2025-12-27;17;954
26;2025-12-27;18;905
26;2025-12-27;19;779
26;2025-12-27;20;567
26;2025-12-27;21;381
26;2025-12-27;22;223
26;2025-12-27;23;158
26;2025-12-28;0;53
26;2025-12-28;1;5
26;2025-12-28;2;0
26;2025-12-28;3;0
26;2025-12-28;4;2
26;2025-12-28;5;33
26;2025-12-28;6;169
26;2025-12-28;7;254
26;2025-12-28;8;405
26;2025-12-28;9;571
26;2025-12-28;10;648
26;2025-12-28;11;910
26;2025-12-28;12;916
26;2025-12-28;13;993
26;2025-12-28;14;952
26;2025-12-28;15;882
26;2025-12-28;16;854
26;2025-12-28;17;838
26;2025-12-28;18;761
26;2025-12-28;19;576
26;2025-12-28;20;441
26;2025-12-28;21;315
26;2025-12-28;22;208
26;2025-12-28;23;119
26;2025-12-29;0;28
26;2025-12-29;1;1
26;2025-12-29;2;0
26;2025-12-29;3;0
26;2025-12-29;4;2
26;2025-12-29;5;85
26;2025-12-29;6;460
26;2025-12-29;7;997
26;2025-12-29;8;1966
26;2025-12-29;9;1326
26;2025-12-29;10;1129
26;2025-12-29;11;1022
26;2025-12-29;12;1059
26;2025-12-29;13;1098
26;2025-12-29;14;1144
26;2025-12-29;15;1241
26;2025-12-29;16;1383
26;2025-12-29;17;1522
26;2025-12-29;18;1699
26;2025-12-29;19;1145
26;2025-12-29;20;716
26;2025-12-29;21;439
26;2025-12-29;22;202
26;2025-12-29;23;106
26;2025-12-30;0;27
26;2025-12-30;1;1
26;2025-12-30;2;0
26;2025-12-30;3;0
26;2025-12-30;4;2
26;2025-12-30;5;82
26;2025-12-30;6;444
26;2025-12-30;7;961
26;2025-12-30;8;1895
26;2025-12-30;9;1278
26;2025-12-30;10;1088
26;2025-12-30;11;985
26;2025-12-30;12;1021
26;2025-12-30;13;1058
26;2025-12-30;14;1102
26;2025-12-30;15;1196
26;2025-12-30;16;1333
26;2025-12-30;17;1466
26;2025-12-30;18;1637
26;2025-12-30;19;1103
26;2025-12-30;20;690
26;2025-12-30;21;423
26;2025-12-30;22;195
26;2025-12-30;23;103
26;2025-12-31;0;24
26;2025-12-31;1;2
26;2025-12-31;2;0
26;2025-12-31;3;0
26;2025-12-31;4;1
26;2025-12-31;5;24
26;2025-12-31;6;146
26;2025-12-31;7;203
26;2025-12-31;8;327
26;2025-12-31;9;374
26;2025-12-31;10;461
26;2025-12-31;11;564
26;2025-12-31;12;598
26;2025-12-31;13;598
26;2025-12-31;14;608
26;2025-12-31;15;559
26;2025-12-31;16;577
26;2025-12-31;17;511
26;2025-12-31;18;485
26;2025-12-31;19;417
26;2025-12-31;20;30
26;2025-12-31;21;20
26;2025-12-31;22;12
26;2025-12-31;23;8
28;2025-11-01;0;0
28;2025-11-01;1;0
28;2025-11-01;2;0
28;2025-11-01;3;0
28;2025-11-01;4;1
28;2025-11-01;5;69
28;2025-11-01;6;248
28;2025-11-01;7;751
28;2025-11-01;8;1143
28;2025-11-01;9;768
28;2025-11-01;10;601
28;2025-11-01;11;548
28;2025-11-01;12;685
28;2025-11-01;13;694
28;2025-11-01;14;672
28;2025-11-01;15;689
28;2025-11-01;16;933
28;2025-11-01;17;911
28;2025-11-01;18;771
28;2025-11-01;19;567
28;2025-11-01;20;434
28;2025-11-01;21;296
28;2025-11-01;22;133
28;2025-11-01;23;20
28;2025-11-02;0;1
28;2025-11-02;1;0
28;2025-11-02;2;0
28;2025-11-02;3;0
28;2025-11-02;4;1
28;2025-11-02;5;31
28;2025-11-02;6;85
28;2025-11-02;7;156
28;2025-11-02;8;258
28;2025-11-02;9;352
28;2025-11-02;10;408
28;2025-11-02;11;448
28;2025-11-02;12;483
28;2025-11-02;13;578
28;2025-11-02;14;543
28;2025-11-02;15;551
28;2025-11-02;16;509
28;2025-11-02;17;518
28;2025-11-02;18;433
28;2025-11-02;19;383
28;2025-11-02;20;313
28;2025-11-02;21;247
28;2025-11-02;22;116
28;2025-11-02;23;13
28;2025-11-03;0;1
28;2025-11-03;1;0
28;2025-11-03;2;0
28;2025-11-03;3;0
28;2025-11-03;4;1
28;2025-11-03;5;29
28;2025-11-03;6;81
28;2025-11-03;7;164
28;2025-11-03;8;274
28;2025-11-03;9;353
28;2025-11-03;10;398
28;2025-11-03;11;423
28;2025-11-03;12;474
28;2025-11-03;13;525
28;2025-11-03;14;500
28;2025-11-03;15;506
28;2025-11-03;16;484
28;2025-11-03;17;474
28;2025-11-03;18;405
28;2025-11-03;19;338
28;2025-11-03;20;267
28;2025-11-03;21;227
28;2025-11-03;22;102
28;2025-11-03;23;12
28;2025-11-04;0;1
28;2025-11-04;1;0
28;2025-11-04;2;0
28;2025-11-04;3;0
28;2025-11-04;4;1
28;2025-11-04;5;29
28;2025-11-04;6;80
28;2025-11-04;7;163
28;2025-11-04;8;273
28;2025-11-04;9;352
28;2025-11-04;10;396
28;2025-11-04;11;421
28;2025-11-04;12;472
28;2025-11-04;13;523
28;2025-11-04;14;498
28;2025-11-04;15;503
28;2025-11-04;16;482
28;2025-11-04;17;472
28;2025-11-04;18;404
28;2025-11-04;19;337
28;2025-11-04;20;266
28;2025-11-04;21;226
28;2025-11-04;22;102
28;2025-11-04;23;12
28;2025-11-05;0;3
28;2025-11-05;1;0
28;2025-11-05;2;0
28;2025-11-05;3;0
28;2025-11-05;4;2
28;2025-11-05;5;86
28;2025-11-05;6;286
28;2025-11-05;7;872
28;2025-11-05;8;1362
28;2025-11-05;9;925
28;2025-11-05;10;702
28;2025-11-05;11;623
28;2025-11-05;12;757
28;2025-11-05;13;781
28;2025-11-05;14;718
28;2025-11-05;15;757
28;2025-11-05;16;956
28;2025-11-05;17;1081
28;2025-11-05;18;1063
28;2025-11-05;19;789
28;2025-11-05;20;574
28;2025-11-05;21;351
28;2025-11-05;22;145
28;2025-11-05;23;21
28;2025-11-06;0;3
28;2025-11-06;1;0
28;2025-11-06;2;0
28;2025-11-06;3;0
28;2025-11-06;4;2
28;2025-11-06;5;85
28;2025-11-06;6;283
28;2025-11-06;7;863
28;2025-11-06;8;1346
28;2025-11-06;9;914
28;2025-11-06;10;694
28;2025-11-06;11;616
28;2025-11-06;12;748
28;2025-11-06;13;772
28;2025-11-06;14;710
28;2025-11-06;15;749
28;2025-11-06;16;946
28;2025-11-06;17;1069
28;2025-11-06;18;1051
28;2025-11-06;19;780
28;2025-11-06;20;568
28;2025-11-06;21;347
28;2025-11-06;22;144
28;2025-11-06;23;21
28;2025-11-07;0;2
28;2025-11-07;1;0
28;2025-11-07;2;0
28;2025-11-07;3;0
28;2025-11-07;4;1
28;2025-11-07;5;77
28;2025-11-07;6;279
28;2025-11-07;7;844
28;2025-11-07;8;1285
28;2025-11-07;9;863
28;2025-11-07;10;676
28;2025-11-07;11;615
28;2025-11-07;12;770
28;2025-11-07;13;780
28;2025-11-07;14;755
28;2025-11-07;15;774
28;2025-11-07;16;1048
28;2025-11-07;17;1024
28;2025-11-07;18;866
28;2025-11-07;19;637
28;2025-11-07;20;488
28;2025-11-07;21;333
28;2025-11-07;22;149
28;2025-11-07;23;22
28;2025-11-08;0;1
28;2025-11-08;1;0
28;2025-11-08;2;0
28;2025-11-08;3;0
28;2025-11-08;4;1
28;2025-11-08;5;38
28;2025-11-08;6;104
28;2025-11-08;7;230
28;2025-11-08;8;389
28;2025-11-08;9;477
28;2025-11-08;10;524
28;2025-11-08;11;539
28;2025-11-08;12;627
28;2025-11-08;13;644
28;2025-11-08;14;623
28;2025-11-08;15;627
28;2025-11-08;16;623
28;2025-11-08;17;586
28;2025-11-08;18;514
28;2025-11-08;19;403
28;2025-11-08;20;305
28;2025-11-08;21;281
28;2025-11-08;22;121
28;2025-11-08;23;15
28;2025-11-09;0;1
28;2025-11-09;1;0
28;2025-11-09;2;0
28;2025-11-09;3;0
28;2025-11-09;4;1
28;2025-11-09;5;31
28;2025-11-09;6;85
28;2025-11-09;7;156
28;2025-11-09;8;259
28;2025-11-09;9;353
28;2025-11-09;10;409
28;2025-11-09;11;448
28;2025-11-09;12;484
28;2025-11-09;13;579
28;2025-11-09;14;543
28;2025-11-09;15;552
28;2025-11-09;16;510
28;2025-11-09;17;519
28;2025-11-09;18;433
28;2025-11-09;19;383
28;2025-11-09;20;313
28;2025-11-09;21;248
28;2025-11-09;22;117
28;2025-11-09;23;13
28;2025-11-10;0;3
28;2025-11-10;1;0
28;2025-11-10;2;0
28;2025-11-10;3;0
28;2025-11-10;4;2
28;2025-11-10;5;83
28;2025-11-10;6;279
28;2025-11-10;7;849
28;2025-11-10;8;1325
28;2025-11-10;9;900
28;2025-11-10;10;683
28;2025-11-10;11;606
28;2025-11-10;12;737
28;2025-11-10;13;760
28;2025-11-10;14;699
28;2025-11-10;15;737
28;2025-11-10;16;931
28;2025-11-10;17;1052
28;2025-11-10;18;1034
28;2025-11-10;19;768
28;2025-11-10;20;559
28;2025-11-10;21;342
28;2025-11-10;22;141
28;2025-11-10;23;21
28;2025-11-11;0;3
28;2025-11-11;1;0
28;2025-11-11;2;0
28;2025-11-11;3;0
28;2025-11-11;4;2
28;2025-11-11;5;86
28;2025-11-11;6;286
28;2025-11-11;7;872
28;2025-11-11;8;1362
28;2025-11-11;9;925
28;2025-11-11;10;702
28;2025-11-11;11;623
28;2025-11-11;12;757
28;2025-11-11;13;781
28;2025-11-11;14;718
28;2025-11-11;15;757
28;2025-11-11;16;956
28;2025-11-11;17;1081
28;2025-11-11;18;1063
28;2025-11-11;19;789
28;2025-11-11;20;574
28;2025-11-11;21;351
28;2025-11-11;22;145
28;2025-11-11;23;21
28;2025-11-12;0;3
28;2025-11-12;1;0
28;2025-11-12;2;0
28;2025-11-12;3;0
28;2025-11-12;4;2
28;2025-11-12;5;85
28;2025-11-12;6;284
28;2025-11-12;7;865
28;2025-11-12;8;1350
28;2025-11-12;9;917
28;2025-11-12;10;696
28;2025-11-12;11;618
28;2025-11-12;12;751
28;2025-11-12;13;775
28;2025-11-12;14;712
28;2025-11-12;15;751
28;2025-11-12;16;949
28;2025-11-12;17;1073
28;2025-11-12;18;1054
28;2025-11-12;19;783
28;2025-11-12;20;569
28;2025-11-12;21;348
28;2025-11-12;22;144
28;2025-11-12;23;21
28;2025-11-13;0;3
28;2025-11-13;1;0
28;2025-11-13;2;0
28;2025-11-13;3;0
28;2025-11-13;4;2
28;2025-11-13;5;85
28;2025-11-13;6;286
28;2025-11-13;7;872
28;2025-11-13;8;1360
28;2025-11-13;9;924
28;2025-11-13;10;701
28;2025-11-13;11;622
28;2025-11-13;12;756
28;2025-11-13;13;780
28;2025-11-13;14;717
28;2025-11-13;15;756
28;2025-11-13;16;955
28;2025-11-13;17;1080
28;2025-11-13;18;1061
28;2025-11-13;19;788
28;2025-11-13;20;573
28;2025-11-13;21;351
28;2025-11-13;22;145
28;2025-11-13;23;21
28;2025-11-14;0;2
28;2025-11-14;1;0
28;2025-11-14;2;0
28;2025-11-14;3;0
28;2025-11-14;4;1
28;2025-11-14;5;78
28;2025-11-14;6;281
28;2025-11-14;7;850
28;2025-11-14;8;1293
28;2025-11-14;9;869
28;2025-11-14;10;680
28;2025-11-14;11;620
28;2025-11-14;12;775
28;2025-11-14;13;785
28;2025-11-14;14;760
28;2025-11-14;15;779
28;2025-11-14;16;1055
28;2025-11-14;17;1031
28;2025-11-14;18;872
28;2025-11-14;19;642
28;2025-11-14;20;491
28;2025-11-14;21;335
28;2025-11-14;22;150
28;2025-11-14;23;22
28;2025-11-15;0;1
28;2025-11-15;1;0
28;2025-11-15;2;0
28;2025-11-15;3;0
28;2025-11-15;4;1
28;2025-11-15;5;37
28;2025-11-15;6;101
28;2025-11-15;7;223
28;2025-11-15;8;378
28;2025-11-15;9;463
28;2025-11-15;10;509
28;2025-11-15;11;524
28;2025-11-15;12;609
28;2025-11-15;13;625
28;2025-11-15;14;605
28;2025-11-15;15;609
28;2025-11-15;16;605
28;2025-11-15;17;569
28;2025-11-15;18;499
28;2025-11-15;19;391
28;2025-11-15;20;296
28;2025-11-15;21;273
28;2025-11-15;22;117
28;2025-11-15;23;14
28;2025-11-16;0;1
28;2025-11-16;1;0
28;2025-11-16;2;0
28;2025-11-16;3;0
28;2025-11-16;4;1
28;2025-11-16;5;31
28;2025-11-16;6;85
28;2025-11-16;7;156
28;2025-11-16;8;259
28;2025-11-16;9;353
28;2025-11-16;10;409
28;2025-11-16;11;448
28;2025-11-16;12;484
28;2025-11-16;13;579
28;2025-11-16;14;543
28;2025-11-16;15;552
28;2025-11-16;16;510
28;2025-11-16;17;519
28;2025-11-16;18;433
28;2025-11-16;19;383
28;2025-11-16;20;313
28;2025-11-16;21;248
28;2025-11-16;22;117
28;2025-11-16;23;13
28;2025-11-17;0;3
28;2025-11-17;1;0
28;2025-11-17;2;0
28;2025-11-17;3;0
28;2025-11-17;4;2
28;2025-11-17;5;82
28;2025-11-17;6;274
28;2025-11-17;7;835
28;2025-11-17;8;1304
28;2025-11-17;9;885
28;2025-11-17;10;672
28;2025-11-17;11;596
28;2025-11-17;12;725
28;2025-11-17;13;748
28;2025-11-17;14;688
28;2025-11-17;15;725
28;2025-11-17;16;916
28;2025-11-17;17;1035
28;2025-11-17;18;1017
28;2025-11-17;19;756
28;2025-11-17;20;550
28;2025-11-17;21;336
28;2025-11-17;22;139
28;2025-11-17;23;20
28;2025-11-18;0;3
28;2025-11-18;1;0
28;2025-11-18;2;0
28;2025-11-18;3;0
28;2025-11-18;4;2
28;2025-11-18;5;83
28;2025-11-18;6;278
28;2025-11-18;7;848
28;2025-11-18;8;1323
28;2025-11-18;9;898
28;2025-11-18;10;682
28;2025-11-18;11;605
28;2025-11-18;12;735
28;2025-11-18;13;759
28;2025-11-18;14;698
28;2025-11-18;15;736
28;2025-11-18;16;929
28;2025-11-18;17;1051
28;2025-11-18;18;1032
28;2025-11-18;19;767
28;2025-11-18;20;558
28;2025-11-18;21;341
28;2025-11-18;22;141
28;2025-11-18;23;21
28;2025-11-19;0;3
28;2025-11-19;1;0
28;2025-11-19;2;0
28;2025-11-19;3;0
28;2025-11-19;4;2
28;2025-11-19;5;86
28;2025-11-19;6;286
28;2025-11-19;7;872
28;2025-11-19;8;1362
28;2025-11-19;9;925
28;2025-11-19;10;702
28;2025-11-19;11;623
28;2025-11-19;12;757
28;2025-11-19;13;781
28;2025-11-19;14;718
28;2025-11-19;15;757
28;2025-11-19;16;956
28;2025-11-19;17;1081
28;2025-11-19;18;1063
28;2025-11-19;19;789
28;2025-11-19;20;574
28;2025-11-19;21;351
28;2025-11-19;22;145
28;2025-11-19;23;21
28;2025-11-20;0;3
28;2025-11-20;1;0
28;2025-11-20;2;0
28;2025-11-20;3;0
28;2025-11-20;4;2
28;2025-11-20;5;86
28;2025-11-20;6;286
28;2025-11-20;7;872
28;2025-11-20;8;1362
28;2025-11-20;9;925
28;2025-11-20;10;702
28;2025-11-20;11;623
28;2025-11-20;12;757
28;2025-11-20;13;781
28;2025-11-20;14;718
28;2025-11-20;15;757
28;2025-11-20;16;956
28;2025-11-20;17;1081
28;2025-11-20;18;1063
28;2025-11-20;19;789
28;2025-11-20;20;574
28;2025-11-20;21;351
28;2025-11-20;22;145
28;2025-11-20;23;21
28;2025-11-21;0;2
28;2025-11-21;1;0
28;2025-11-21;2;0
28;2025-11-21;3;0
28;2025-11-21;4;1
28;2025-11-21;5;78
28;2025-11-21;6;280
28;2025-11-21;7;849
28;2025-11-21;8;1292
28;2025-11-21;9;869
28;2025-11-21;10;680
28;2025-11-21;11;619
28;2025-11-21;12;775
28;2025-11-21;13;784
28;2025-11-21;14;760
28;2025-11-21;15;779
28;2025-11-21;16;1054
28;2025-11-21;17;1030
28;2025-11-21;18;872
28;2025-11-21;19;641
28;2025-11-21;20;490
28;2025-11-21;21;335
28;2025-11-21;22;150
28;2025-11-21;23;22
28;2025-11-22;0;1
28;2025-11-22;1;0
28;2025-11-22;2;0
28;2025-11-22;3;0
28;2025-11-22;4;1
28;2025-11-22;5;37
28;2025-11-22;6;102
28;2025-11-22;7;226
28;2025-11-22;8;382
28;2025-11-22;9;468
28;2025-11-22;10;514
28;2025-11-22;11;530
28;2025-11-22;12;616
28;2025-11-22;13;632
28;2025-11-22;14;612
28;2025-11-22;15;615
28;2025-11-22;16;611
28;2025-11-22;17;575
28;2025-11-22;18;504
28;2025-11-22;19;395
28;2025-11-22;20;300
28;2025-11-22;21;276
28;2025-11-22;22;119
28;2025-11-22;23;15
28;2025-11-23;0;1
28;2025-11-23;1;0
28;2025-11-23;2;0
28;2025-11-23;3;0
28;2025-11-23;4;1
28;2025-11-23;5;31
28;2025-11-23;6;85
28;2025-11-23;7;156
28;2025-11-23;8;258
28;2025-11-23;9;352
28;2025-11-23;10;408
28;2025-11-23;11;448
28;2025-11-23;12;483
28;2025-11-23;13;578
28;2025-11-23;14;543
28;2025-11-23;15;551
28;2025-11-23;16;509
28;2025-11-23;17;518
28;2025-11-23;18;433
28;2025-11-23;19;383
28;2025-11-23;20;313
28;2025-11-23;21;247
28;2025-11-23;22;116
28;2025-11-23;23;13
28;2025-11-24;0;3
28;2025-11-24;1;0
28;2025-11-24;2;0
28;2025-11-24;3;0
28;2025-11-24;4;2
28;2025-11-24;5;81
28;2025-11-24;6;271
28;2025-11-24;7;825
28;2025-11-24;8;1287
28;2025-11-24;9;874
28;2025-11-24;10;663
28;2025-11-24;11;589
28;2025-11-24;12;715
28;2025-11-24;13;738
28;2025-11-24;14;679
28;2025-11-24;15;716
28;2025-11-24;16;904
28;2025-11-24;17;1022
28;2025-11-24;18;1004
28;2025-11-24;19;746
28;2025-11-24;20;543
28;2025-11-24;21;332
28;2025-11-24;22;137
28;2025-11-24;23;20
28;2025-11-25;0;3
28;2025-11-25;1;0
28;2025-11-25;2;0
28;2025-11-25;3;0
28;2025-11-25;4;2
28;2025-11-25;5;86
28;2025-11-25;6;286
28;2025-11-25;7;872
28;2025-11-25;8;1362
28;2025-11-25;9;925
28;2025-11-25;10;702
28;2025-11-25;11;623
28;2025-11-25;12;757
28;2025-11-25;13;781
28;2025-11-25;14;718
28;2025-11-25;15;757
28;2025-11-25;16;956
28;2025-11-25;17;1081
28;2025-11-25;18;1063
28;2025-11-25;19;789
28;2025-11-25;20;574
28;2025-11-25;21;351
28;2025-11-25;22;145
28;2025-11-25;23;21
28;2025-11-26;0;3
28;2025-11-26;1;0
28;2025-11-26;2;0
28;2025-11-26;3;0
28;2025-11-26;4;2
28;2025-11-26;5;83
28;2025-11-26;6;279
28;2025-11-26;7;851
28;2025-11-26;8;1328
28;2025-11-26;9;902
28;2025-11-26;10;684
28;2025-11-26;11;607
28;2025-11-26;12;738
28;2025-11-26;13;762
28;2025-11-26;14;700
28;2025-11-26;15;738
28;2025-11-26;16;933
28;2025-11-26;17;1054
28;2025-11-26;18;1036
28;2025-11-26;19;770
28;2025-11-26;20;560
28;2025-11-26;21;342
28;2025-11-26;22;142
28;2025-11-26;23;21
28;2025-11-27;0;3
28;2025-11-27;1;0
28;2025-11-27;2;0
28;2025-11-27;3;0
28;2025-11-27;4;2
28;2025-11-27;5;84
28;2025-11-27;6;280
28;2025-11-27;7;852
28;2025-11-27;8;1329
28;2025-11-27;9;903
28;2025-11-27;10;685
28;2025-11-27;11;608
28;2025-11-27;12;739
28;2025-11-27;13;763
28;2025-11-27;14;701
28;2025-11-27;15;739
28;2025-11-27;16;934
28;2025-11-27;17;1056
28;2025-11-27;18;1038
28;2025-11-27;19;771
28;2025-11-27;20;561
28;2025-11-27;21;343
28;2025-11-27;22;142
28;2025-11-27;23;21
28;2025-11-28;0;2
28;2025-11-28;1;0
28;2025-11-28;2;0
28;2025-11-28;3;0
28;2025-11-28;4;1
28;2025-11-28;5;77
28;2025-11-28;6;277
28;2025-11-28;7;838
28;2025-11-28;8;1276
28;2025-11-28;9;857
28;2025-11-28;10;671
28;2025-11-28;11;611
28;2025-11-28;12;765
28;2025-11-28;13;774
28;2025-11-28;14;750
28;2025-11-28;15;769
28;2025-11-28;16;1041
28;2025-11-28;17;1017
28;2025-11-28;18;860
28;2025-11-28;19;633
28;2025-11-28;20;484
28;2025-11-28;21;331
28;2025-11-28;22;148
28;2025-11-28;23;22
28;2025-11-29;0;1
28;2025-11-29;1;0
28;2025-11-29;2;0
28;2025-11-29;3;0
28;2025-11-29;4;1
28;2025-11-29;5;38
28;2025-11-29;6;104
28;2025-11-29;7;230
28;2025-11-29;8;390
28;2025-11-29;9;478
28;2025-11-29;10;525
28;2025-11-29;11;541
28;2025-11-29;12;628
28;2025-11-29;13;645
28;2025-11-29;14;625
28;2025-11-29;15;628
28;2025-11-29;16;624
28;2025-11-29;17;587
28;2025-11-29;18;515
28;2025-11-29;19;403
28;2025-11-29;20;306
28;2025-11-29;21;281
28;2025-11-29;22;121
28;2025-11-29;23;15
28;2025-11-30;0;1
28;2025-11-30;1;0
28;2025-11-30;2;0
28;2025-11-30;3;0
28;2025-11-30;4;1
28;2025-11-30;5;31
28;2025-11-30;6;85
28;2025-11-30;7;156
28;2025-11-30;8;258
28;2025-11-30;9;352
28;2025-11-30;10;408
28;2025-11-30;11;447
28;2025-11-30;12;483
28;2025-11-30;13;578
28;2025-11-30;14;542
28;2025-11-30;15;551
28;2025-11-30;16;508
28;2025-11-30;17;518
28;2025-11-30;18;432
28;2025-11-30;19;383
28;2025-11-30;20;312
28;2025-11-30;21;247
28;2025-11-30;22;116
28;2025-11-30;23;13
28;2025-12-01;0;3
28;2025-12-01;1;0
28;2025-12-01;2;0
28;2025-12-01;3;0
28;2025-12-01;4;2
28;2025-12-01;5;83
28;2025-12-01;6;281
28;2025-12-01;7;853
28;2025-12-01;8;1319
28;2025-12-01;9;906
28;2025-12-01;10;686
28;2025-12-01;11;605
28;2025-12-01;12;732
28;2025-12-01;13;760
28;2025-12-01;14;694
28;2025-12-01;15;734
28;2025-12-01;16;924
28;2025-12-01;17;1044
28;2025-12-01;18;1029
28;2025-12-01;19;765
28;2025-12-01;20;557
28;2025-12-01;21;340
28;2025-12-01;22;144
28;2025-12-01;23;22
28;2025-12-02;0;3
28;2025-12-02;1;0
28;2025-12-02;2;0
28;2025-12-02;3;0
28;2025-12-02;4;2
28;2025-12-02;5;86
28;2025-12-02;6;289
28;2025-12-02;7;877
28;2025-12-02;8;1356
28;2025-12-02;9;931
28;2025-12-02;10;705
28;2025-12-02;11;622
28;2025-12-02;12;752
28;2025-12-02;13;780
28;2025-12-02;14;713
28;2025-12-02;15;754
28;2025-12-02;16;949
28;2025-12-02;17;1073
28;2025-12-02;18;1057
28;2025-12-02;19;786
28;2025-12-02;20;573
28;2025-12-02;21;349
28;2025-12-02;22;148
28;2025-12-02;23;23
28;2025-12-03;0;3
28;2025-12-03;1;0
28;2025-12-03;2;0
28;2025-12-03;3;0
28;2025-12-03;4;2
28;2025-12-03;5;86
28;2025-12-03;6;289
28;2025-12-03;7;877
28;2025-12-03;8;1356
28;2025-12-03;9;931
28;2025-12-03;10;705
28;2025-12-03;11;622
28;2025-12-03;12;752
28;2025-12-03;13;780
28;2025-12-03;14;713
28;2025-12-03;15;754
28;2025-12-03;16;949
28;2025-12-03;17;1073
28;2025-12-03;18;1057
28;2025-12-03;19;786
28;2025-12-03;20;573
28;2025-12-03;21;349
28;2025-12-03;22;148
28;2025-12-03;23;23
28;2025-12-04;0;3
28;2025-12-04;1;0
28;2025-12-04;2;0
28;2025-12-04;3;0
28;2025-12-04;4;2
28;2025-12-04;5;86
28;2025-12-04;6;289
28;2025-12-04;7;877
28;2025-12-04;8;1356
28;2025-12-04;9;931
28;2025-12-04;10;705
28;2025-12-04;11;622
28;2025-12-04;12;752
28;2025-12-04;13;780
28;2025-12-04;14;713
28;2025-12-04;15;754
28;2025-12-04;16;949
28;2025-12-04;17;1073
28;2025-12-04;18;1057
28;2025-12-04;19;786
28;2025-12-04;20;573
28;2025-12-04;21;349
28;2025-12-04;22;148
28;2025-12-04;23;23
28;2025-12-05;0;2
28;2025-12-05;1;0
28;2025-12-05;2;0
28;2025-12-05;3;0
28;2025-12-05;4;1
28;2025-12-05;5;78
28;2025-12-05;6;280
28;2025-12-05;7;848
28;2025-12-05;8;1288
28;2025-12-05;9;874
28;2025-12-05;10;685
28;2025-12-05;11;618
28;2025-12-05;12;765
28;2025-12-05;13;792
28;2025-12-05;14;765
28;2025-12-05;15;784
28;2025-12-05;16;1068
28;2025-12-05;17;1037
28;2025-12-05;18;871
28;2025-12-05;19;639
28;2025-12-05;20;500
28;2025-12-05;21;333
28;2025-12-05;22;154
28;2025-12-05;23;23
28;2025-12-06;0;1
28;2025-12-06;1;0
28;2025-12-06;2;0
28;2025-12-06;3;0
28;2025-12-06;4;1
28;2025-12-06;5;37
28;2025-12-06;6;102
28;2025-12-06;7;228
28;2025-12-06;8;384
28;2025-12-06;9;479
28;2025-12-06;10;524
28;2025-12-06;11;541
28;2025-12-06;12;627
28;2025-12-06;13;645
28;2025-12-06;14;630
28;2025-12-06;15;624
28;2025-12-06;16;619
28;2025-12-06;17;585
28;2025-12-06;18;514
28;2025-12-06;19;406
28;2025-12-06;20;306
28;2025-12-06;21;283
28;2025-12-06;22;123
28;2025-12-06;23;15
28;2025-12-07;0;1
28;2025-12-07;1;0
28;2025-12-07;2;0
28;2025-12-07;3;0
28;2025-12-07;4;1
28;2025-12-07;5;31
28;2025-12-07;6;85
28;2025-12-07;7;153
28;2025-12-07;8;256
28;2025-12-07;9;348
28;2025-12-07;10;404
28;2025-12-07;11;443
28;2025-12-07;12;482
28;2025-12-07;13;575
28;2025-12-07;14;539
28;2025-12-07;15;550
28;2025-12-07;16;511
28;2025-12-07;17;518
28;2025-12-07;18;430
28;2025-12-07;19;379
28;2025-12-07;20;312
28;2025-12-07;21;246
28;2025-12-07;22;116
28;2025-12-07;23;13
28;2025-12-08;0;3
28;2025-12-08;1;0
28;2025-12-08;2;0
28;2025-12-08;3;0
28;2025-12-08;4;2
28;2025-12-08;5;83
28;2025-12-08;6;281
28;2025-12-08;7;853
28;2025-12-08;8;1319
28;2025-12-08;9;906
28;2025-12-08;10;686
28;2025-12-08;11;605
28;2025-12-08;12;732
28;2025-12-08;13;760
28;2025-12-08;14;694
28;2025-12-08;15;734
28;2025-12-08;16;924
28;2025-12-08;17;1044
28;2025-12-08;18;1029
28;2025-12-08;19;765
28;2025-12-08;20;557
28;2025-12-08;21;340
28;2025-12-08;22;144
28;2025-12-08;23;22
28;2025-12-09;0;3
28;2025-12-09;1;0
28;2025-12-09;2;0
28;2025-12-09;3;0
28;2025-12-09;4;2
28;2025-12-09;5;85
28;2025-12-09;6;288
28;2025-12-09;7;873
28;2025-12-09;8;1350
28;2025-12-09;9;927
28;2025-12-09;10;702
28;2025-12-09;11;620
28;2025-12-09;12;749
28;2025-12-09;13;777
28;2025-12-09;14;710
28;2025-12-09;15;751
28;2025-12-09;16;945
28;2025-12-09;17;1069
28;2025-12-09;18;1053
28;2025-12-09;19;782
28;2025-12-09;20;570
28;2025-12-09;21;348
28;2025-12-09;22;148
28;2025-12-09;23;23
28;2025-12-10;0;3
28;2025-12-10;1;0
28;2025-12-10;2;0
28;2025-12-10;3;0
28;2025-12-10;4;2
28;2025-12-10;5;85
28;2025-12-10;6;285
28;2025-12-10;7;865
28;2025-12-10;8;1337
28;2025-12-10;9;918
28;2025-12-10;10;695
28;2025-12-10;11;613
28;2025-12-10;12;741
28;2025-12-10;13;770
28;2025-12-10;14;703
28;2025-12-10;15;744
28;2025-12-10;16;936
28;2025-12-10;17;1058
28;2025-12-10;18;1043
28;2025-12-10;19;775
28;2025-12-10;20;565
28;2025-12-10;21;345
28;2025-12-10;22;146
28;2025-12-10;23;22
28;2025-12-11;0;3
28;2025-12-11;1;0
28;2025-12-11;2;0
28;2025-12-11;3;0
28;2025-12-11;4;2
28;2025-12-11;5;84
28;2025-12-11;6;283
28;2025-12-11;7;860
28;2025-12-11;8;1329
28;2025-12-11;9;912
28;2025-12-11;10;691
28;2025-12-11;11;610
28;2025-12-11;12;737
28;2025-12-11;13;765
28;2025-12-11;14;699
28;2025-12-11;15;739
28;2025-12-11;16;931
28;2025-12-11;17;1052
28;2025-12-11;18;1037
28;2025-12-11;19;770
28;2025-12-11;20;561
28;2025-12-11;21;343
28;2025-12-11;22;145
28;2025-12-11;23;22
28;2025-12-12;0;2
28;2025-12-12;1;0
28;2025-12-12;2;0
28;2025-12-12;3;0
28;2025-12-12;4;1
28;2025-12-12;5;77
28;2025-12-12;6;275
28;2025-12-12;7;833
28;2025-12-12;8;1265
28;2025-12-12;9;858
28;2025-12-12;10;673
28;2025-12-12;11;607
28;2025-12-12;12;752
28;2025-12-12;13;777
28;2025-12-12;14;751
28;2025-12-12;15;770
28;2025-12-12;16;1048
28;2025-12-12;17;1018
28;2025-12-12;18;856
28;2025-12-12;19;628
28;2025-12-12;20;491
28;2025-12-12;21;327
28;2025-12-12;22;151
28;2025-12-12;23;23
28;2025-12-13;0;1
28;2025-12-13;1;0
28;2025-12-13;2;0
28;2025-12-13;3;0
28;2025-12-13;4;1
28;2025-12-13;5;37
28;2025-12-13;6;102
28;2025-12-13;7;227
28;2025-12-13;8;381
28;2025-12-13;9;476
28;2025-12-13;10;520
28;2025-12-13;11;537
28;2025-12-13;12;622
28;2025-12-13;13;641
28;2025-12-13;14;626
28;2025-12-13;15;620
28;2025-12-13;16;615
28;2025-12-13;17;580
28;2025-12-13;18;511
28;2025-12-13;19;403
28;2025-12-13;20;304
28;2025-12-13;21;281
28;2025-12-13;22;122
28;2025-12-13;23;15
28;2025-12-14;0;1
28;2025-12-14;1;0
28;2025-12-14;2;0
28;2025-12-14;3;0
28;2025-12-14;4;1
28;2025-12-14;5;31
28;2025-12-14;6;85
28;2025-12-14;7;152
28;2025-12-14;8;255
28;2025-12-14;9;346
28;2025-12-14;10;402
28;2025-12-14;11;441
28;2025-12-14;12;480
28;2025-12-14;13;572
28;2025-12-14;14;536
28;2025-12-14;15;547
28;2025-12-14;16;508
28;2025-12-14;17;515
28;2025-12-14;18;428
28;2025-12-14;19;377
28;2025-12-14;20;310
28;2025-12-14;21;244
28;2025-12-14;22;115
28;2025-12-14;23;13
28;2025-12-15;0;3
28;2025-12-15;1;0
28;2025-12-15;2;0
28;2025-12-15;3;0
28;2025-12-15;4;2
28;2025-12-15;5;83
28;2025-12-15;6;281
28;2025-12-15;7;852
28;2025-12-15;8;1318
28;2025-12-15;9;905
28;2025-12-15;10;685
28;2025-12-15;11;605
28;2025-12-15;12;731
28;2025-12-15;13;759
28;2025-12-15;14;693
28;2025-12-15;15;733
28;2025-12-15;16;923
28;2025-12-15;17;1043
28;2025-12-15;18;1028
28;2025-12-15;19;764
28;2025-12-15;20;557
28;2025-12-15;21;340
28;2025-12-15;22;144
28;2025-12-15;23;22
28;2025-12-16;0;3
28;2025-12-16;1;0
28;2025-12-16;2;0
28;2025-12-16;3;0
28;2025-12-16;4;2
28;2025-12-16;5;85
28;2025-12-16;6;286
28;2025-12-16;7;868
28;2025-12-16;8;1341
28;2025-12-16;9;921
28;2025-12-16;10;698
28;2025-12-16;11;616
28;2025-12-16;12;744
28;2025-12-16;13;772
28;2025-12-16;14;706
28;2025-12-16;15;746
28;2025-12-16;16;939
28;2025-12-16;17;1062
28;2025-12-16;18;1046
28;2025-12-16;19;777
28;2025-12-16;20;567
28;2025-12-16;21;346
28;2025-12-16;22;147
28;2025-12-16;23;23
28;2025-12-17;0;3
28;2025-12-17;1;0
28;2025-12-17;2;0
28;2025-12-17;3;0
28;2025-12-17;4;2
28;2025-12-17;5;86
28;2025-12-17;6;288
28;2025-12-17;7;876
28;2025-12-17;8;1354
28;2025-12-17;9;929
28;2025-12-17;10;704
28;2025-12-17;11;621
28;2025-12-17;12;751
28;2025-12-17;13;780
28;2025-12-17;14;713
28;2025-12-17;15;753
28;2025-12-17;16;948
28;2025-12-17;17;1072
28;2025-12-17;18;1056
28;2025-12-17;19;785
28;2025-12-17;20;572
28;2025-12-17;21;349
28;2025-12-17;22;148
28;2025-12-17;23;23
28;2025-12-18;0;3
28;2025-12-18;1;0
28;2025-12-18;2;0
28;2025-12-18;3;0
28;2025-12-18;4;2
28;2025-12-18;5;86
28;2025-12-18;6;289
28;2025-12-18;7;877
28;2025-12-18;8;1356
28;2025-12-18;9;931
28;2025-12-18;10;705
28;2025-12-18;11;622
28;2025-12-18;12;752
28;2025-12-18;13;780
28;2025-12-18;14;713
28;2025-12-18;15;754
28;2025-12-18;16;949
28;2025-12-18;17;1073
28;2025-12-18;18;1057
28;2025-12-18;19;786
28;2025-12-18;20;573
28;2025-12-18;21;349
28;2025-12-18;22;148
28;2025-12-18;23;23
28;2025-12-19;0;2
28;2025-12-19;1;0
28;2025-12-19;2;0
28;2025-12-19;3;0
28;2025-12-19;4;1
28;2025-12-19;5;78
28;2025-12-19;6;279
28;2025-12-19;7;846
28;2025-12-19;8;1285
28;2025-12-19;9;872
28;2025-12-19;10;684
28;2025-12-19;11;617
28;2025-12-19;12;764
28;2025-12-19;13;790
28;2025-12-19;14;763
28;2025-12-19;15;782
28;2025-12-19;16;1065
28;2025-12-19;17;1034
28;2025-12-19;18;870
28;2025-12-19;19;638
28;2025-12-19;20;499
28;2025-12-19;21;333
28;2025-12-19;22;153
28;2025-12-19;23;23
28;2025-12-20;0;1
28;2025-12-20;1;0
28;2025-12-20;2;0
28;2025-12-20;3;0
28;2025-12-20;4;1
28;2025-12-20;5;37
28;2025-12-20;6;102
28;2025-12-20;7;228
28;2025-12-20;8;384
28;2025-12-20;9;479
28;2025-12-20;10;524
28;2025-12-20;11;541
28;2025-12-20;12;627
28;2025-12-20;13;645
28;2025-12-20;14;630
28;2025-12-20;15;624
28;2025-12-20;16;619
28;2025-12-20;17;585
28;2025-12-20;18;514
28;2025-12-20;19;406
28;2025-12-20;20;306
28;2025-12-20;21;283
28;2025-12-20;22;123
28;2025-12-20;23;15
28;2025-12-21;0;1
28;2025-12-21;1;0
28;2025-12-21;2;0
28;2025-12-21;3;0
28;2025-12-21;4;1
28;2025-12-21;5;31
28;2025-12-21;6;85
28;2025-12-21;7;152
28;2025-12-21;8;255
28;2025-12-21;9;347
28;2025-12-21;10;402
28;2025-12-21;11;441
28;2025-12-21;12;480
28;2025-12-21;13;572
28;2025-12-21;14;536
28;2025-12-21;15;547
28;2025-12-21;16;508
28;2025-12-21;17;516
28;2025-12-21;18;428
28;2025-12-21;19;377
28;2025-12-21;20;310
28;2025-12-21;21;245
28;2025-12-21;22;115
28;2025-12-21;23;13
28;2025-12-22;0;3
28;2025-12-22;1;0
28;2025-12-22;2;0
28;2025-12-22;3;0
28;2025-12-22;4;2
28;2025-12-22;5;82
28;2025-12-22;6;278
28;2025-12-22;7;843
28;2025-12-22;8;1304
28;2025-12-22;9;895
28;2025-12-22;10;678
28;2025-12-22;11;598
28;2025-12-22;12;723
28;2025-12-22;13;751
28;2025-12-22;14;686
28;2025-12-22;15;725
28;2025-12-22;16;913
28;2025-12-22;17;1032
28;2025-12-22;18;1017
28;2025-12-22;19;755
28;2025-12-22;20;551
28;2025-12-22;21;336
28;2025-12-22;22;143
28;2025-12-22;23;22
28;2025-12-23;0;3
28;2025-12-23;1;0
28;2025-12-23;2;0
28;2025-12-23;3;0
28;2025-12-23;4;2
28;2025-12-23;5;86
28;2025-12-23;6;289
28;2025-12-23;7;877
28;2025-12-23;8;1356
28;2025-12-23;9;931
28;2025-12-23;10;705
28;2025-12-23;11;622
28;2025-12-23;12;752
28;2025-12-23;13;780
28;2025-12-23;14;713
28;2025-12-23;15;754
28;2025-12-23;16;949
28;2025-12-23;17;1073
28;2025-12-23;18;1057
28;2025-12-23;19;786
28;2025-12-23;20;573
28;2025-12-23;21;349
28;2025-12-23;22;148
28;2025-12-23;23;23
28;2025-12-24;0;3
28;2025-12-24;1;0
28;2025-12-24;2;0
28;2025-12-24;3;0
28;2025-12-24;4;2
28;2025-12-24;5;85
28;2025-12-24;6;287
28;2025-12-24;7;871
28;2025-12-24;8;1347
28;2025-12-24;9;925
28;2025-12-24;10;701
28;2025-12-24;11;618
28;2025-12-24;12;747
28;2025-12-24;13;776
28;2025-12-24;14;709
28;2025-12-24;15;749
28;2025-12-24;16;943
28;2025-12-24;17;1066
28;2025-12-24;18;1051
28;2025-12-24;19;781
28;2025-12-24;20;569
28;2025-12-24;21;347
28;2025-12-24;22;147
28;2025-12-24;23;23
28;2025-12-25;0;3
28;2025-12-25;1;0
28;2025-12-25;2;0
28;2025-12-25;3;0
28;2025-12-25;4;2
28;2025-12-25;5;84
28;2025-12-25;6;284
28;2025-12-25;7;861
28;2025-12-25;8;1331
28;2025-12-25;9;914
28;2025-12-25;10;692
28;2025-12-25;11;611
28;2025-12-25;12;738
28;2025-12-25;13;766
28;2025-12-25;14;700
28;2025-12-25;15;741
28;2025-12-25;16;932
28;2025-12-25;17;1053
28;2025-12-25;18;1038
28;2025-12-25;19;771
28;2025-12-25;20;562
28;2025-12-25;21;343
28;2025-12-25;22;146
28;2025-12-25;23;22
28;2025-12-26;0;2
28;2025-12-26;1;0
28;2025-12-26;2;0
28;2025-12-26;3;0
28;2025-12-26;4;1
28;2025-12-26;5;76
28;2025-12-26;6;272
28;2025-12-26;7;824
28;2025-12-26;8;1252
28;2025-12-26;9;850
28;2025-12-26;10;666
28;2025-12-26;11;601
28;2025-12-26;12;744
28;2025-12-26;13;770
28;2025-12-26;14;744
28;2025-12-26;15;762
28;2025-12-26;16;1038
28;2025-12-26;17;1008
28;2025-12-26;18;847
28;2025-12-26;19;622
28;2025-12-26;20;486
28;2025-12-26;21;324
28;2025-12-26;22;149
28;2025-12-26;23;22
28;2025-12-27;0;1
28;2025-12-27;1;0
28;2025-12-27;2;0
28;2025-12-27;3;0
28;2025-12-27;4;1
28;2025-12-27;5;37
28;2025-12-27;6;102
28;2025-12-27;7;227
28;2025-12-27;8;381
28;2025-12-27;9;476
28;2025-12-27;10;520
28;2025-12-27;11;537
28;2025-12-27;12;622
28;2025-12-27;13;641
28;2025-12-27;14;626
28;2025-12-27;15;620
28;2025-12-27;16;615
28;2025-12-27;17;580
28;2025-12-27;18;511
28;2025-12-27;19;403
28;2025-12-27;20;304
28;2025-12-27;21;281
28;2025-12-27;22;122
28;2025-12-27;23;15
28;2025-12-28;0;1
28;2025-12-28;1;0
28;2025-12-28;2;0
28;2025-12-28;3;0
28;2025-12-28;4;1
28;2025-12-28;5;30
28;2025-12-28;6;84
28;2025-12-28;7;151
28;2025-12-28;8;252
28;2025-12-28;9;343
28;2025-12-28;10;398
28;2025-12-28;11;436
28;2025-12-28;12;475
28;2025-12-28;13;566
28;2025-12-28;14;530
28;2025-12-28;15;542
28;2025-12-28;16;503
28;2025-12-28;17;510
28;2025-12-28;18;423
28;2025-12-28;19;373
28;2025-12-28;20;307
28;2025-12-28;21;242
28;2025-12-28;22;114
28;2025-12-28;23;13
28;2025-12-29;0;2
28;2025-12-29;1;0
28;2025-12-29;2;0
28;2025-12-29;3;0
28;2025-12-29;4;2
28;2025-12-29;5;74
28;2025-12-29;6;250
28;2025-12-29;7;758
28;2025-12-29;8;1171
28;2025-12-29;9;804
28;2025-12-29;10;609
28;2025-12-29;11;538
28;2025-12-29;12;649
28;2025-12-29;13;674
28;2025-12-29;14;616
28;2025-12-29;15;652
28;2025-12-29;16;820
28;2025-12-29;17;927
28;2025-12-29;18;914
28;2025-12-29;19;679
28;2025-12-29;20;495
28;2025-12-29;21;302
28;2025-12-29;22;128
28;2025-12-29;23;20
28;2025-12-30;0;2
28;2025-12-30;1;0
28;2025-12-30;2;0
28;2025-12-30;3;0
28;2025-12-30;4;1
28;2025-12-30;5;71
28;2025-12-30;6;240
28;2025-12-30;7;730
28;2025-12-30;8;1129
28;2025-12-30;9;775
28;2025-12-30;10;587
28;2025-12-30;11;518
28;2025-12-30;12;626
28;2025-12-30;13;650
28;2025-12-30;14;594
28;2025-12-30;15;628
28;2025-12-30;16;790
28;2025-12-30;17;893
28;2025-12-30;18;880
28;2025-12-30;19;654
28;2025-12-30;20;477
28;2025-12-30;21;291
28;2025-12-30;22;123
28;2025-12-30;23;19
28;2025-12-31;0;1
28;2025-12-31;1;0
28;2025-12-31;2;0
28;2025-12-31;3;0
28;2025-12-31;4;1
28;2025-12-31;5;20
28;2025-12-31;6;54
28;2025-12-31;7;121
28;2025-12-31;8;204
28;2025-12-31;9;255
28;2025-12-31;10;279
28;2025-12-31;11;288
28;2025-12-31;12;334
28;2025-12-31;13;344
28;2025-12-31;14;335
28;2025-12-31;15;332
28;2025-12-31;16;329
28;2025-12-31;17;311
28;2025-12-31;18;274
28;2025-12-31;19;216
28;2025-12-31;20;16
28;2025-12-31;21;15
28;2025-12-31;22;6
28;2025-12-31;23;1
50;2025-11-01;0;55
50;2025-11-01;1;6
50;2025-11-01;2;0
50;2025-11-01;3;0
50;2025-11-01;4;3
50;2025-11-01;5;61
50;2025-11-01;6;502
50;2025-11-01;7;1590
50;2025-11-01;8;2497
50;2025-11-01;9;1922
50;2025-11-01;10;1455
50;2025-11-01;11;1510
50;2025-11-01;12;1422
50;2025-11-01;13;1446
50;2025-11-01;14;1379
50;2025-11-01;15;1696
50;2025-11-01;16;2050
50;2025-11-01;17;1971
50;2025-11-01;18;1601
50;2025-11-01;19;1113
50;2025-11-01;20;794
50;2025-11-01;21;544
50;2025-11-01;22;283
50;2025-11-01;23;163
50;2025-11-02;0;0
50;2025-11-02;1;0
50;2025-11-02;2;0
50;2025-11-02;3;0
50;2025-11-02;4;0
50;2025-11-02;5;0
50;2025-11-02;6;1
50;2025-11-02;7;1
50;2025-11-02;8;2
50;2025-11-02;9;1
50;2025-11-02;10;4
50;2025-11-02;11;14
50;2025-11-02;12;10
50;2025-11-02;13;13
50;2025-11-02;14;21
50;2025-11-02;15;17
50;2025-11-02;16;21
50;2025-11-02;17;18
50;2025-11-02;18;10
50;2025-11-02;19;11
50;2025-11-02;20;9
50;2025-11-02;21;6
50;2025-11-02;22;7
50;2025-11-02;23;2
50;2025-11-03;0;6
50;2025-11-03;1;1
50;2025-11-03;2;0
50;2025-11-03;3;0
50;2025-11-03;4;0
50;2025-11-03;5;1
50;2025-11-03;6;1
50;2025-11-03;7;2
50;2025-11-03;8;5
50;2025-11-03;9;8
50;2025-11-03;10;5
50;2025-11-03;11;11
50;2025-11-03;12;13
50;2025-11-03;13;12
50;2025-11-03;14;17
50;2025-11-03;15;18
50;2025-11-03;16;16
50;2025-11-03;17;14
50;2025-11-03;18;6
50;2025-11-03;19;7
50;2025-11-03;20;5
50;2025-11-03;21;4
50;2025-11-03;22;4
50;2025-11-03;23;1
50;2025-11-04;0;6
50;2025-11-04;1;1
50;2025-11-04;2;0
50;2025-11-04;3;0
50;2025-11-04;4;0
50;2025-11-04;5;1
50;2025-11-04;6;1
50;2025-11-04;7;2
50;2025-11-04;8;5
50;2025-11-04;9;8
50;2025-11-04;10;5
50;2025-11-04;11;11
50;2025-11-04;12;13
50;2025-11-04;13;12
50;2025-11-04;14;17
50;2025-11-04;15;18
50;2025-11-04;16;16
50;2025-11-04;17;14
50;2025-11-04;18;6
50;2025-11-04;19;7
50;2025-11-04;20;5
50;2025-11-04;21;4
50;2025-11-04;22;4
50;2025-11-04;23;1
50;2025-11-05;0;34
50;2025-11-05;1;4
50;2025-11-05;2;0
50;2025-11-05;3;0
50;2025-11-05;4;3
50;2025-11-05;5;75
50;2025-11-05;6;570
50;2025-11-05;7;1823
50;2025-11-05;8;2882
50;2025-11-05;9;2257
50;2025-11-05;10;1803
50;2025-11-05;11;1681
50;2025-11-05;12;1575
50;2025-11-05;13;1586
50;2025-11-05;14;1533
50;2025-11-05;15;1812
50;2025-11-05;16;1803
50;2025-11-05;17;2510
50;2025-11-05;18;2650
50;2025-11-05;19;1529
50;2025-11-05;20;989
50;2025-11-05;21;679
50;2025-11-05;22;292
50;2025-11-05;23;150
50;2025-11-06;0;33
50;2025-11-06;1;4
50;2025-11-06;2;0
50;2025-11-06;3;0
50;2025-11-06;4;3
50;2025-11-06;5;74
50;2025-11-06;6;563
50;2025-11-06;7;1802
50;2025-11-06;8;2849
50;2025-11-06;9;2231
50;2025-11-06;10;1783
50;2025-11-06;11;1662
50;2025-11-06;12;1557
50;2025-11-06;13;1568
50;2025-11-06;14;1515
50;2025-11-06;15;1792
50;2025-11-06;16;1782
50;2025-11-06;17;2482
50;2025-11-06;18;2620
50;2025-11-06;19;1512
50;2025-11-06;20;978
50;2025-11-06;21;672
50;2025-11-06;22;289
50;2025-11-06;23;148
50;2025-11-07;0;42
50;2025-11-07;1;3
50;2025-11-07;2;0
50;2025-11-07;3;0
50;2025-11-07;4;3
50;2025-11-07;5;68
50;2025-11-07;6;564
50;2025-11-07;7;1787
50;2025-11-07;8;2806
50;2025-11-07;9;2160
50;2025-11-07;10;1635
50;2025-11-07;11;1697
50;2025-11-07;12;1598
50;2025-11-07;13;1625
50;2025-11-07;14;1549
50;2025-11-07;15;1906
50;2025-11-07;16;2304
50;2025-11-07;17;2215
50;2025-11-07;18;1799
50;2025-11-07;19;1251
50;2025-11-07;20;892
50;2025-11-07;21;611
50;2025-11-07;22;318
50;2025-11-07;23;184
50;2025-11-08;0;20
50;2025-11-08;1;2
50;2025-11-08;2;0
50;2025-11-08;3;1
50;2025-11-08;4;0
50;2025-11-08;5;3
50;2025-11-08;6;4
50;2025-11-08;7;6
50;2025-11-08;8;13
50;2025-11-08;9;25
50;2025-11-08;10;10
50;2025-11-08;11;16
50;2025-11-08;12;29
50;2025-11-08;13;19
50;2025-11-08;14;24
50;2025-11-08;15;35
50;2025-11-08;16;22
50;2025-11-08;17;21
50;2025-11-08;18;5
50;2025-11-08;19;5
50;2025-11-08;20;3
50;2025-11-08;21;4
50;2025-11-08;22;4
50;2025-11-08;23;1
50;2025-11-09;0;0
50;2025-11-09;1;0
50;2025-11-09;2;0
50;2025-11-09;3;0
50;2025-11-09;4;0
50;2025-11-09;5;0
50;2025-11-09;6;1
50;2025-11-09;7;1
50;2025-11-09;8;2
50;2025-11-09;9;1
50;2025-11-09;10;4
50;2025-11-09;11;14
50;2025-11-09;12;10
50;2025-11-09;13;13
50;2025-11-09;14;21
50;2025-11-09;15;17
50;2025-11-09;16;21
50;2025-11-09;17;18
50;2025-11-09;18;10
50;2025-11-09;19;11
50;2025-11-09;20;9
50;2025-11-09;21;6
50;2025-11-09;22;7
50;2025-11-09;23;2
50;2025-11-10;0;33
50;2025-11-10;1;4
50;2025-11-10;2;0
50;2025-11-10;3;0
50;2025-11-10;4;3
50;2025-11-10;5;73
50;2025-11-10;6;555
50;2025-11-10;7;1774
50;2025-11-10;8;2805
50;2025-11-10;9;2196
50;2025-11-10;10;1755
50;2025-11-10;11;1636
50;2025-11-10;12;1533
50;2025-11-10;13;1544
50;2025-11-10;14;1492
50;2025-11-10;15;1764
50;2025-11-10;16;1755
50;2025-11-10;17;2443
50;2025-11-10;18;2579
50;2025-11-10;19;1488
50;2025-11-10;20;963
50;2025-11-10;21;661
50;2025-11-10;22;284
50;2025-11-10;23;146
50;2025-11-11;0;34
50;2025-11-11;1;4
50;2025-11-11;2;0
50;2025-11-11;3;0
50;2025-11-11;4;3
50;2025-11-11;5;75
50;2025-11-11;6;570
50;2025-11-11;7;1823
50;2025-11-11;8;2882
50;2025-11-11;9;2257
50;2025-11-11;10;1803
50;2025-11-11;11;1681
50;2025-11-11;12;1575
50;2025-11-11;13;1586
50;2025-11-11;14;1533
50;2025-11-11;15;1812
50;2025-11-11;16;1803
50;2025-11-11;17;2510
50;2025-11-11;18;2650
50;2025-11-11;19;1529
50;2025-11-11;20;989
50;2025-11-11;21;679
50;2025-11-11;22;292
50;2025-11-11;23;150
50;2025-11-12;0;33
50;2025-11-12;1;4
50;2025-11-12;2;0
50;2025-11-12;3;0
50;2025-11-12;4;3
50;2025-11-12;5;75
50;2025-11-12;6;565
50;2025-11-12;7;1808
50;2025-11-12;8;2858
50;2025-11-12;9;2238
50;2025-11-12;10;1788
50;2025-11-12;11;1667
50;2025-11-12;12;1562
50;2025-11-12;13;1573
50;2025-11-12;14;1520
50;2025-11-12;15;1797
50;2025-11-12;16;1788
50;2025-11-12;17;2489
50;2025-11-12;18;2628
50;2025-11-12;19;1517
50;2025-11-12;20;981
50;2025-11-12;21;674
50;2025-11-12;22;290
50;2025-11-12;23;149
50;2025-11-13;0;34
50;2025-11-13;1;4
50;2025-11-13;2;0
50;2025-11-13;3;0
50;2025-11-13;4;3
50;2025-11-13;5;75
50;2025-11-13;6;569
50;2025-11-13;7;1821
50;2025-11-13;8;2879
50;2025-11-13;9;2254
50;2025-11-13;10;1801
50;2025-11-13;11;1679
50;2025-11-13;12;1574
50;2025-11-13;13;1584
50;2025-11-13;14;1531
50;2025-11-13;15;1810
50;2025-11-13;16;1801
50;2025-11-13;17;2507
50;2025-11-13;18;2647
50;2025-11-13;19;1528
50;2025-11-13;20;988
50;2025-11-13;21;679
50;2025-11-13;22;292
50;2025-11-13;23;150
50;2025-11-14;0;42
50;2025-11-14;1;3
50;2025-11-14;2;0
50;2025-11-14;3;0
50;2025-11-14;4;3
50;2025-11-14;5;69
50;2025-11-14;6;568
50;2025-11-14;7;1799
50;2025-11-14;8;2825
50;2025-11-14;9;2174
50;2025-11-14;10;1646
50;2025-11-14;11;1709
50;2025-11-14;12;1608
50;2025-11-14;13;1636
50;2025-11-14;14;1559
50;2025-11-14;15;1919
50;2025-11-14;16;2319
50;2025-11-14;17;2230
50;2025-11-14;18;1811
50;2025-11-14;19;1259
50;2025-11-14;20;898
50;2025-11-14;21;615
50;2025-11-14;22;320
50;2025-11-14;23;185
50;2025-11-15;0;65
50;2025-11-15;1;4
50;2025-11-15;2;0
50;2025-11-15;3;0
50;2025-11-15;4;1
50;2025-11-15;5;29
50;2025-11-15;6;165
50;2025-11-15;7;386
50;2025-11-15;8;599
50;2025-11-15;9;645
50;2025-11-15;10;637
50;2025-11-15;11;835
50;2025-11-15;12;855
50;2025-11-15;13;902
50;2025-11-15;14;916
50;2025-11-15;15;874
50;2025-11-15;16;840
50;2025-11-15;17;798
50;2025-11-15;18;698
50;2025-11-15;19;598
50;2025-11-15;20;460
50;2025-11-15;21;377
50;2025-11-15;22;243
50;2025-11-15;23;141
50;2025-11-16;0;53
50;2025-11-16;1;7
50;2025-11-16;2;0
50;2025-11-16;3;0
50;2025-11-16;4;1
50;2025-11-16;5;25
50;2025-11-16;6;120
50;2025-11-16;7;225
50;2025-11-16;8;340
50;2025-11-16;9;441
50;2025-11-16;10;510
50;2025-11-16;11;644
50;2025-11-16;12;754
50;2025-11-16;13;817
50;2025-11-16;14;868
50;2025-11-16;15;755
50;2025-11-16;16;801
50;2025-11-16;17;733
50;2025-11-16;18;661
50;2025-11-16;19;556
50;2025-11-16;20;474
50;2025-11-16;21;364
50;2025-11-16;22;237
50;2025-11-16;23;111
50;2025-11-17;0;32
50;2025-11-17;1;4
50;2025-11-17;2;0
50;2025-11-17;3;0
50;2025-11-17;4;3
50;2025-11-17;5;72
50;2025-11-17;6;546
50;2025-11-17;7;1745
50;2025-11-17;8;2759
50;2025-11-17;9;2161
50;2025-11-17;10;1726
50;2025-11-17;11;1610
50;2025-11-17;12;1508
50;2025-11-17;13;1518
50;2025-11-17;14;1468
50;2025-11-17;15;1735
50;2025-11-17;16;1726
50;2025-11-17;17;2403
50;2025-11-17;18;2537
50;2025-11-17;19;1464
50;2025-11-17;20;947
50;2025-11-17;21;651
50;2025-11-17;22;280
50;2025-11-17;23;144
50;2025-11-18;0;33
50;2025-11-18;1;4
50;2025-11-18;2;0
50;2025-11-18;3;0
50;2025-11-18;4;3
50;2025-11-18;5;73
50;2025-11-18;6;554
50;2025-11-18;7;1771
50;2025-11-18;8;2800
50;2025-11-18;9;2192
50;2025-11-18;10;1752
50;2025-11-18;11;1633
50;2025-11-18;12;1530
50;2025-11-18;13;1541
50;2025-11-18;14;1489
50;2025-11-18;15;1761
50;2025-11-18;16;1752
50;2025-11-18;17;2439
50;2025-11-18;18;2575
50;2025-11-18;19;1486
50;2025-11-18;20;961
50;2025-11-18;21;660
50;2025-11-18;22;284
50;2025-11-18;23;146
50;2025-11-19;0;34
50;2025-11-19;1;4
50;2025-11-19;2;0
50;2025-11-19;3;0
50;2025-11-19;4;3
50;2025-11-19;5;75
50;2025-11-19;6;570
50;2025-11-19;7;1823
50;2025-11-19;8;2882
50;2025-11-19;9;2257
50;2025-11-19;10;1803
50;2025-11-19;11;1681
50;2025-11-19;12;1575
50;2025-11-19;13;1586
50;2025-11-19;14;1533
50;2025-11-19;15;1812
50;2025-11-19;16;1803
50;2025-11-19;17;2510
50;2025-11-19;18;2650
50;2025-11-19;19;1529
50;2025-11-19;20;989
50;2025-11-19;21;679
50;2025-11-19;22;292
50;2025-11-19;23;150
50;2025-11-20;0;34
50;2025-11-20;1;4
50;2025-11-20;2;0
50;2025-11-20;3;0
50;2025-11-20;4;3
50;2025-11-20;5;75
50;2025-11-20;6;570
50;2025-11-20;7;1823
50;2025-11-20;8;2882
50;2025-11-20;9;2257
50;2025-11-20;10;1803
50;2025-11-20;11;1681
50;2025-11-20;12;1575
50;2025-11-20;13;1586
50;2025-11-20;14;1533
50;2025-11-20;15;1812
50;2025-11-20;16;1803
50;2025-11-20;17;2510
50;2025-11-20;18;2650
50;2025-11-20;19;1529
50;2025-11-20;20;989
50;2025-11-20;21;679
50;2025-11-20;22;292
50;2025-11-20;23;150
50;2025-11-21;0;42
50;2025-11-21;1;3
50;2025-11-21;2;0
50;2025-11-21;3;0
50;2025-11-21;4;3
50;2025-11-21;5;69
50;2025-11-21;6;567
50;2025-11-21;7;1797
50;2025-11-21;8;2823
50;2025-11-21;9;2172
50;2025-11-21;10;1645
50;2025-11-21;11;1707
50;2025-11-21;12;1607
50;2025-11-21;13;1634
50;2025-11-21;14;1558
50;2025-11-21;15;1917
50;2025-11-21;16;2317
50;2025-11-21;17;2228
50;2025-11-21;18;1810
50;2025-11-21;19;1258
50;2025-11-21;20;897
50;2025-11-21;21;615
50;2025-11-21;22;319
50;2025-11-21;23;185
50;2025-11-22;0;66
50;2025-11-22;1;4
50;2025-11-22;2;0
50;2025-11-22;3;0
50;2025-11-22;4;1
50;2025-11-22;5;30
50;2025-11-22;6;166
50;2025-11-22;7;390
50;2025-11-22;8;605
50;2025-11-22;9;652
50;2025-11-22;10;644
50;2025-11-22;11;844
50;2025-11-22;12;865
50;2025-11-22;13;911
50;2025-11-22;14;926
50;2025-11-22;15;884
50;2025-11-22;16;849
50;2025-11-22;17;807
50;2025-11-22;18;706
50;2025-11-22;19;604
50;2025-11-22;20;465
50;2025-11-22;21;381
50;2025-11-22;22;246
50;2025-11-22;23;143
50;2025-11-23;0;53
50;2025-11-23;1;7
50;2025-11-23;2;0
50;2025-11-23;3;0
50;2025-11-23;4;1
50;2025-11-23;5;25
50;2025-11-23;6;120
50;2025-11-23;7;225
50;2025-11-23;8;340
50;2025-11-23;9;440
50;2025-11-23;10;509
50;2025-11-23;11;643
50;2025-11-23;12;753
50;2025-11-23;13;816
50;2025-11-23;14;867
50;2025-11-23;15;754
50;2025-11-23;16;801
50;2025-11-23;17;732
50;2025-11-23;18;660
50;2025-11-23;19;556
50;2025-11-23;20;473
50;2025-11-23;21;364
50;2025-11-23;22;237
50;2025-11-23;23;111
50;2025-11-24;0;32
50;2025-11-24;1;3
50;2025-11-24;2;0
50;2025-11-24;3;0
50;2025-11-24;4;3
50;2025-11-24;5;71
50;2025-11-24;6;539
50;2025-11-24;7;1723
50;2025-11-24;8;2724
50;2025-11-24;9;2133
50;2025-11-24;10;1704
50;2025-11-24;11;1589
50;2025-11-24;12;1489
50;2025-11-24;13;1499
50;2025-11-24;14;1449
50;2025-11-24;15;1713
50;2025-11-24;16;1704
50;2025-11-24;17;2372
50;2025-11-24;18;2505
50;2025-11-24;19;1445
50;2025-11-24;20;935
50;2025-11-24;21;642
50;2025-11-24;22;276
50;2025-11-24;23;142
50;2025-11-25;0;34
50;2025-11-25;1;4
50;2025-11-25;2;0
50;2025-11-25;3;0
50;2025-11-25;4;3
50;2025-11-25;5;75
50;2025-11-25;6;570
50;2025-11-25;7;1823
50;2025-11-25;8;2882
50;2025-11-25;9;2257
50;2025-11-25;10;1803
50;2025-11-25;11;1681
50;2025-11-25;12;1575
50;2025-11-25;13;1586
50;2025-11-25;14;1533
50;2025-11-25;15;1812
50;2025-11-25;16;1803
50;2025-11-25;17;2510
50;2025-11-25;18;2650
50;2025-11-25;19;1529
50;2025-11-25;20;989
50;2025-11-25;21;679
50;2025-11-25;22;292
50;2025-11-25;23;150
50;2025-11-26;0;33
50;2025-11-26;1;4
50;2025-11-26;2;0
50;2025-11-26;3;0
50;2025-11-26;4;3
50;2025-11-26;5;73
50;2025-11-26;6;556
50;2025-11-26;7;1778
50;2025-11-26;8;2810
50;2025-11-26;9;2200
50;2025-11-26;10;1758
50;2025-11-26;11;1639
50;2025-11-26;12;1536
50;2025-11-26;13;1547
50;2025-11-26;14;1495
50;2025-11-26;15;1767
50;2025-11-26;16;1758
50;2025-11-26;17;2448
50;2025-11-26;18;2584
50;2025-11-26;19;1491
50;2025-11-26;20;964
50;2025-11-26;21;663
50;2025-11-26;22;285
50;2025-11-26;23;146
50;2025-11-27;0;33
50;2025-11-27;1;4
50;2025-11-27;2;0
50;2025-11-27;3;0
50;2025-11-27;4;3
50;2025-11-27;5;73
50;2025-11-27;6;556
50;2025-11-27;7;1780
50;2025-11-27;8;2814
50;2025-11-27;9;2203
50;2025-11-27;10;1761
50;2025-11-27;11;1642
50;2025-11-27;12;1538
50;2025-11-27;13;1549
50;2025-11-27;14;1497
50;2025-11-27;15;1770
50;2025-11-27;16;1760
50;2025-11-27;17;2451
50;2025-11-27;18;2588
50;2025-11-27;19;1493
50;2025-11-27;20;966
50;2025-11-27;21;663
50;2025-11-27;22;285
50;2025-11-27;23;146
50;2025-11-28;0;41
50;2025-11-28;1;3
50;2025-11-28;2;0
50;2025-11-28;3;0
50;2025-11-28;4;3
50;2025-11-28;5;68
50;2025-11-28;6;560
50;2025-11-28;7;1774
50;2025-11-28;8;2787
50;2025-11-28;9;2144
50;2025-11-28;10;1623
50;2025-11-28;11;1685
50;2025-11-28;12;1586
50;2025-11-28;13;1613
50;2025-11-28;14;1538
50;2025-11-28;15;1893
50;2025-11-28;16;2288
50;2025-11-28;17;2199
50;2025-11-28;18;1787
50;2025-11-28;19;1242
50;2025-11-28;20;886
50;2025-11-28;21;607
50;2025-11-28;22;315
50;2025-11-28;23;182
50;2025-11-29;0;67
50;2025-11-29;1;4
50;2025-11-29;2;0
50;2025-11-29;3;0
50;2025-11-29;4;1
50;2025-11-29;5;30
50;2025-11-29;6;170
50;2025-11-29;7;398
50;2025-11-29;8;618
50;2025-11-29;9;665
50;2025-11-29;10;657
50;2025-11-29;11;862
50;2025-11-29;12;883
50;2025-11-29;13;930
50;2025-11-29;14;946
50;2025-11-29;15;902
50;2025-11-29;16;867
50;2025-11-29;17;824
50;2025-11-29;18;721
50;2025-11-29;19;617
50;2025-11-29;20;475
50;2025-11-29;21;389
50;2025-11-29;22;251
50;2025-11-29;23;146
50;2025-11-30;0;53
50;2025-11-30;1;7
50;2025-11-30;2;0
50;2025-11-30;3;0
50;2025-11-30;4;1
50;2025-11-30;5;25
50;2025-11-30;6;119
50;2025-11-30;7;224
50;2025-11-30;8;340
50;2025-11-30;9;440
50;2025-11-30;10;509
50;2025-11-30;11;642
50;2025-11-30;12;752
50;2025-11-30;13;815
50;2025-11-30;14;866
50;2025-11-30;15;753
50;2025-11-30;16;800
50;2025-11-30;17;732
50;2025-11-30;18;660
50;2025-11-30;19;555
50;2025-11-30;20;473
50;2025-11-30;21;364
50;2025-11-30;22;237
50;2025-11-30;23;111
50;2025-12-01;0;34
50;2025-12-01;1;4
50;2025-12-01;2;0
50;2025-12-01;3;0
50;2025-12-01;4;3
50;2025-12-01;5;72
50;2025-12-01;6;556
50;2025-12-01;7;1778
50;2025-12-01;8;2786
50;2025-12-01;9;2178
50;2025-12-01;10;1740
50;2025-12-01;11;1641
50;2025-12-01;12;1535
50;2025-12-01;13;1531
50;2025-12-01;14;1485
50;2025-12-01;15;1764
50;2025-12-01;16;1749
50;2025-12-01;17;2438
50;2025-12-01;18;2588
50;2025-12-01;19;1498
50;2025-12-01;20;954
50;2025-12-01;21;656
50;2025-12-01;22;289
50;2025-12-01;23;144
50;2025-12-02;0;35
50;2025-12-02;1;4
50;2025-12-02;2;0
50;2025-12-02;3;0
50;2025-12-02;4;3
50;2025-12-02;5;74
50;2025-12-02;6;571
50;2025-12-02;7;1827
50;2025-12-02;8;2863
50;2025-12-02;9;2238
50;2025-12-02;10;1788
50;2025-12-02;11;1686
50;2025-12-02;12;1577
50;2025-12-02;13;1574
50;2025-12-02;14;1526
50;2025-12-02;15;1812
50;2025-12-02;16;1798
50;2025-12-02;17;2506
50;2025-12-02;18;2659
50;2025-12-02;19;1539
50;2025-12-02;20;980
50;2025-12-02;21;674
50;2025-12-02;22;297
50;2025-12-02;23;148
50;2025-12-03;0;35
50;2025-12-03;1;4
50;2025-12-03;2;0
50;2025-12-03;3;0
50;2025-12-03;4;3
50;2025-12-03;5;74
50;2025-12-03;6;571
50;2025-12-03;7;1827
50;2025-12-03;8;2863
50;2025-12-03;9;2238
50;2025-12-03;10;1788
50;2025-12-03;11;1686
50;2025-12-03;12;1577
50;2025-12-03;13;1574
50;2025-12-03;14;1526
50;2025-12-03;15;1812
50;2025-12-03;16;1798
50;2025-12-03;17;2506
50;2025-12-03;18;2659
50;2025-12-03;19;1539
50;2025-12-03;20;980
50;2025-12-03;21;674
50;2025-12-03;22;297
50;2025-12-03;23;148
50;2025-12-04;0;35
50;2025-12-04;1;4
50;2025-12-04;2;0
50;2025-12-04;3;0
50;2025-12-04;4;3
50;2025-12-04;5;74
50;2025-12-04;6;571
50;2025-12-04;7;1827
50;2025-12-04;8;2863
50;2025-12-04;9;2238
50;2025-12-04;10;1788
50;2025-12-04;11;1686
50;2025-12-04;12;1577
50;2025-12-04;13;1574
50;2025-12-04;14;1526
50;2025-12-04;15;1812
50;2025-12-04;16;1798
50;2025-12-04;17;2506
50;2025-12-04;18;2659
50;2025-12-04;19;1539
50;2025-12-04;20;980
50;2025-12-04;21;674
50;2025-12-04;22;297
50;2025-12-04;23;148
50;2025-12-05;0;43
50;2025-12-05;1;3
50;2025-12-05;2;0
50;2025-12-05;3;0
50;2025-12-05;4;3
50;2025-12-05;5;68
50;2025-12-05;6;574
50;2025-12-05;7;1794
50;2025-12-05;8;2813
50;2025-12-05;9;2160
50;2025-12-05;10;1653
50;2025-12-05;11;1727
50;2025-12-05;12;1630
50;2025-12-05;13;1637
50;2025-12-05;14;1561
50;2025-12-05;15;1932
50;2025-12-05;16;2297
50;2025-12-05;17;2234
50;2025-12-05;18;1845
50;2025-12-05;19;1267
50;2025-12-05;20;893
50;2025-12-05;21;622
50;2025-12-05;22;326
50;2025-12-05;23;187
50;2025-12-06;0;67
50;2025-12-06;1;4
50;2025-12-06;2;0
50;2025-12-06;3;0
50;2025-12-06;4;1
50;2025-12-06;5;30
50;2025-12-06;6;170
50;2025-12-06;7;397
50;2025-12-06;8;617
50;2025-12-06;9;664
50;2025-12-06;10;656
50;2025-12-06;11;860
50;2025-12-06;12;881
50;2025-12-06;13;928
50;2025-12-06;14;944
50;2025-12-06;15;900
50;2025-12-06;16;865
50;2025-12-06;17;822
50;2025-12-06;18;719
50;2025-12-06;19;615
50;2025-12-06;20;474
50;2025-12-06;21;388
50;2025-12-06;22;250
50;2025-12-06;23;146
50;2025-12-07;0;53
50;2025-12-07;1;7
50;2025-12-07;2;0
50;2025-12-07;3;0
50;2025-12-07;4;1
50;2025-12-07;5;25
50;2025-12-07;6;119
50;2025-12-07;7;224
50;2025-12-07;8;340
50;2025-12-07;9;440
50;2025-12-07;10;509
50;2025-12-07;11;642
50;2025-12-07;12;752
50;2025-12-07;13;815
50;2025-12-07;14;866
50;2025-12-07;15;753
50;2025-12-07;16;800
50;2025-12-07;17;732
50;2025-12-07;18;660
50;2025-12-07;19;555
50;2025-12-07;20;473
50;2025-12-07;21;364
50;2025-12-07;22;237
50;2025-12-07;23;111
50;2025-12-08;0;34
50;2025-12-08;1;4
50;2025-12-08;2;0
50;2025-12-08;3;0
50;2025-12-08;4;3
50;2025-12-08;5;72
50;2025-12-08;6;556
50;2025-12-08;7;1778
50;2025-12-08;8;2786
50;2025-12-08;9;2178
50;2025-12-08;10;1740
50;2025-12-08;11;1641
50;2025-12-08;12;1535
50;2025-12-08;13;1531
50;2025-12-08;14;1485
50;2025-12-08;15;1764
50;2025-12-08;16;1749
50;2025-12-08;17;2438
50;2025-12-08;18;2588
50;2025-12-08;19;1498
50;2025-12-08;20;954
50;2025-12-08;21;656
50;2025-12-08;22;289
50;2025-12-08;23;144
50;2025-12-09;0;35
50;2025-12-09;1;4
50;2025-12-09;2;0
50;2025-12-09;3;0
50;2025-12-09;4;3
50;2025-12-09;5;74
50;2025-12-09;6;569
50;2025-12-09;7;1819
50;2025-12-09;8;2852
50;2025-12-09;9;2229
50;2025-12-09;10;1781
50;2025-12-09;11;1679
50;2025-12-09;12;1571
50;2025-12-09;13;1567
50;2025-12-09;14;1520
50;2025-12-09;15;1805
50;2025-12-09;16;1790
50;2025-12-09;17;2495
50;2025-12-09;18;2648
50;2025-12-09;19;1533
50;2025-12-09;20;976
50;2025-12-09;21;671
50;2025-12-09;22;295
50;2025-12-09;23;148
50;2025-12-10;0;35
50;2025-12-10;1;4
50;2025-12-10;2;0
50;2025-12-10;3;0
50;2025-12-10;4;3
50;2025-12-10;5;73
50;2025-12-10;6;563
50;2025-12-10;7;1802
50;2025-12-10;8;2823
50;2025-12-10;9;2207
50;2025-12-10;10;1763
50;2025-12-10;11;1663
50;2025-12-10;12;1555
50;2025-12-10;13;1552
50;2025-12-10;14;1505
50;2025-12-10;15;1787
50;2025-12-10;16;1773
50;2025-12-10;17;2471
50;2025-12-10;18;2622
50;2025-12-10;19;1518
50;2025-12-10;20;966
50;2025-12-10;21;665
50;2025-12-10;22;292
50;2025-12-10;23;146
50;2025-12-11;0;34
50;2025-12-11;1;4
50;2025-12-11;2;0
50;2025-12-11;3;0
50;2025-12-11;4;3
50;2025-12-11;5;73
50;2025-12-11;6;560
50;2025-12-11;7;1791
50;2025-12-11;8;2807
50;2025-12-11;9;2194
50;2025-12-11;10;1753
50;2025-12-11;11;1653
50;2025-12-11;12;1546
50;2025-12-11;13;1543
50;2025-12-11;14;1496
50;2025-12-11;15;1777
50;2025-12-11;16;1762
50;2025-12-11;17;2456
50;2025-12-11;18;2607
50;2025-12-11;19;1509
50;2025-12-11;20;961
50;2025-12-11;21;661
50;2025-12-11;22;291
50;2025-12-11;23;145
50;2025-12-12;0;42
50;2025-12-12;1;3
50;2025-12-12;2;0
50;2025-12-12;3;0
50;2025-12-12;4;3
50;2025-12-12;5;67
50;2025-12-12;6;563
50;2025-12-12;7;1762
50;2025-12-12;8;2762
50;2025-12-12;9;2120
50;2025-12-12;10;1623
50;2025-12-12;11;1696
50;2025-12-12;12;1600
50;2025-12-12;13;1608
50;2025-12-12;14;1533
50;2025-12-12;15;1897
50;2025-12-12;16;2255
50;2025-12-12;17;2193
50;2025-12-12;18;1812
50;2025-12-12;19;1244
50;2025-12-12;20;877
50;2025-12-12;21;610
50;2025-12-12;22;320
50;2025-12-12;23;183
50;2025-12-13;0;66
50;2025-12-13;1;4
50;2025-12-13;2;0
50;2025-12-13;3;0
50;2025-12-13;4;1
50;2025-12-13;5;30
50;2025-12-13;6;168
50;2025-12-13;7;395
50;2025-12-13;8;612
50;2025-12-13;9;659
50;2025-12-13;10;651
50;2025-12-13;11;854
50;2025-12-13;12;875
50;2025-12-13;13;922
50;2025-12-13;14;937
50;2025-12-13;15;894
50;2025-12-13;16;859
50;2025-12-13;17;816
50;2025-12-13;18;714
50;2025-12-13;19;611
50;2025-12-13;20;470
50;2025-12-13;21;386
50;2025-12-13;22;249
50;2025-12-13;23;144
50;2025-12-14;0;53
50;2025-12-14;1;7
50;2025-12-14;2;0
50;2025-12-14;3;0
50;2025-12-14;4;1
50;2025-12-14;5;25
50;2025-12-14;6;119
50;2025-12-14;7;223
50;2025-12-14;8;338
50;2025-12-14;9;438
50;2025-12-14;10;506
50;2025-12-14;11;639
50;2025-12-14;12;748
50;2025-12-14;13;811
50;2025-12-14;14;861
50;2025-12-14;15;749
50;2025-12-14;16;795
50;2025-12-14;17;727
50;2025-12-14;18;656
50;2025-12-14;19;552
50;2025-12-14;20;470
50;2025-12-14;21;362
50;2025-12-14;22;235
50;2025-12-14;23;110
50;2025-12-15;0;34
50;2025-12-15;1;4
50;2025-12-15;2;0
50;2025-12-15;3;0
50;2025-12-15;4;3
50;2025-12-15;5;72
50;2025-12-15;6;555
50;2025-12-15;7;1776
50;2025-12-15;8;2783
50;2025-12-15;9;2175
50;2025-12-15;10;1738
50;2025-12-15;11;1639
50;2025-12-15;12;1533
50;2025-12-15;13;1530
50;2025-12-15;14;1484
50;2025-12-15;15;1762
50;2025-12-15;16;1747
50;2025-12-15;17;2436
50;2025-12-15;18;2585
50;2025-12-15;19;1496
50;2025-12-15;20;953
50;2025-12-15;21;655
50;2025-12-15;22;288
50;2025-12-15;23;144
50;2025-12-16;0;35
50;2025-12-16;1;4
50;2025-12-16;2;0
50;2025-12-16;3;0
50;2025-12-16;4;3
50;2025-12-16;5;73
50;2025-12-16;6;565
50;2025-12-16;7;1808
50;2025-12-16;8;2833
50;2025-12-16;9;2215
50;2025-12-16;10;1769
50;2025-12-16;11;1668
50;2025-12-16;12;1561
50;2025-12-16;13;1557
50;2025-12-16;14;1510
50;2025-12-16;15;1793
50;2025-12-16;16;1779
50;2025-12-16;17;2479
50;2025-12-16;18;2631
50;2025-12-16;19;1523
50;2025-12-16;20;970
50;2025-12-16;21;667
50;2025-12-16;22;293
50;2025-12-16;23;147
50;2025-12-17;0;35
50;2025-12-17;1;4
50;2025-12-17;2;0
50;2025-12-17;3;0
50;2025-12-17;4;3
50;2025-12-17;5;74
50;2025-12-17;6;571
50;2025-12-17;7;1825
50;2025-12-17;8;2860
50;2025-12-17;9;2235
50;2025-12-17;10;1786
50;2025-12-17;11;1684
50;2025-12-17;12;1575
50;2025-12-17;13;1572
50;2025-12-17;14;1525
50;2025-12-17;15;1810
50;2025-12-17;16;1796
50;2025-12-17;17;2503
50;2025-12-17;18;2656
50;2025-12-17;19;1537
50;2025-12-17;20;979
50;2025-12-17;21;673
50;2025-12-17;22;296
50;2025-12-17;23;148
50;2025-12-18;0;35
50;2025-12-18;1;4
50;2025-12-18;2;0
50;2025-12-18;3;0
50;2025-12-18;4;3
50;2025-12-18;5;74
50;2025-12-18;6;571
50;2025-12-18;7;1827
50;2025-12-18;8;2863
50;2025-12-18;9;2238
50;2025-12-18;10;1788
50;2025-12-18;11;1686
50;2025-12-18;12;1577
50;2025-12-18;13;1574
50;2025-12-18;14;1526
50;2025-12-18;15;1812
50;2025-12-18;16;1798
50;2025-12-18;17;2506
50;2025-12-18;18;2659
50;2025-12-18;19;1539
50;2025-12-18;20;980
50;2025-12-18;21;674
50;2025-12-18;22;297
50;2025-12-18;23;148
50;2025-12-19;0;43
50;2025-12-19;1;3
50;2025-12-19;2;0
50;2025-12-19;3;0
50;2025-12-19;4;3
50;2025-12-19;5;68
50;2025-12-19;6;573
50;2025-12-19;7;1790
50;2025-12-19;8;2807
50;2025-12-19;9;2155
50;2025-12-19;10;1650
50;2025-12-19;11;1723
50;2025-12-19;12;1626
50;2025-12-19;13;1634
50;2025-12-19;14;1557
50;2025-12-19;15;1928
50;2025-12-19;16;2292
50;2025-12-19;17;2229
50;2025-12-19;18;1841
50;2025-12-19;19;1264
50;2025-12-19;20;891
50;2025-12-19;21;620
50;2025-12-19;22;325
50;2025-12-19;23;186
50;2025-12-20;0;67
50;2025-12-20;1;4
50;2025-12-20;2;0
50;2025-12-20;3;0
50;2025-12-20;4;1
50;2025-12-20;5;30
50;2025-12-20;6;170
50;2025-12-20;7;397
50;2025-12-20;8;617
50;2025-12-20;9;664
50;2025-12-20;10;656
50;2025-12-20;11;860
50;2025-12-20;12;881
50;2025-12-20;13;928
50;2025-12-20;14;944
50;2025-12-20;15;900
50;2025-12-20;16;865
50;2025-12-20;17;822
50;2025-12-20;18;719
50;2025-12-20;19;615
50;2025-12-20;20;474
50;2025-12-20;21;388
50;2025-12-20;22;250
50;2025-12-20;23;146
50;2025-12-21;0;53
50;2025-12-21;1;7
50;2025-12-21;2;0
50;2025-12-21;3;0
50;2025-12-21;4;1
50;2025-12-21;5;25
50;2025-12-21;6;119
50;2025-12-21;7;223
50;2025-12-21;8;338
50;2025-12-21;9;438
50;2025-12-21;10;506
50;2025-12-21;11;639
50;2025-12-21;12;748
50;2025-12-21;13;811
50;2025-12-21;14;862
50;2025-12-21;15;750
50;2025-12-21;16;796
50;2025-12-21;17;728
50;2025-12-21;18;657
50;2025-12-21;19;552
50;2025-12-21;20;471
50;2025-12-21;21;362
50;2025-12-21;22;236
50;2025-12-21;23;110
50;2025-12-22;0;34
50;2025-12-22;1;4
50;2025-12-22;2;0
50;2025-12-22;3;0
50;2025-12-22;4;3
50;2025-12-22;5;71
50;2025-12-22;6;549
50;2025-12-22;7;1757
50;2025-12-22;8;2753
50;2025-12-22;9;2152
50;2025-12-22;10;1720
50;2025-12-22;11;1621
50;2025-12-22;12;1517
50;2025-12-22;13;1513
50;2025-12-22;14;1468
50;2025-12-22;15;1743
50;2025-12-22;16;1729
50;2025-12-22;17;2409
50;2025-12-22;18;2557
50;2025-12-22;19;1480
50;2025-12-22;20;942
50;2025-12-22;21;648
50;2025-12-22;22;285
50;2025-12-22;23;143
50;2025-12-23;0;35
50;2025-12-23;1;4
50;2025-12-23;2;0
50;2025-12-23;3;0
50;2025-12-23;4;3
50;2025-12-23;5;74
50;2025-12-23;6;571
50;2025-12-23;7;1827
50;2025-12-23;8;2863
50;2025-12-23;9;2238
50;2025-12-23;10;1788
50;2025-12-23;11;1686
50;2025-12-23;12;1577
50;2025-12-23;13;1574
50;2025-12-23;14;1526
50;2025-12-23;15;1812
50;2025-12-23;16;1798
50;2025-12-23;17;2506
50;2025-12-23;18;2659
50;2025-12-23;19;1539
50;2025-12-23;20;980
50;2025-12-23;21;674
50;2025-12-23;22;297
50;2025-12-23;23;148
50;2025-12-24;0;35
50;2025-12-24;1;4
50;2025-12-24;2;0
50;2025-12-24;3;0
50;2025-12-24;4;3
50;2025-12-24;5;74
50;2025-12-24;6;568
50;2025-12-24;7;1815
50;2025-12-24;8;2845
50;2025-12-24;9;2224
50;2025-12-24;10;1777
50;2025-12-24;11;1675
50;2025-12-24;12;1567
50;2025-12-24;13;1564
50;2025-12-24;14;1517
50;2025-12-24;15;1801
50;2025-12-24;16;1786
50;2025-12-24;17;2490
50;2025-12-24;18;2642
50;2025-12-24;19;1529
50;2025-12-24;20;974
50;2025-12-24;21;670
50;2025-12-24;22;295
50;2025-12-24;23;147
50;2025-12-25;0;34
50;2025-12-25;1;4
50;2025-12-25;2;0
50;2025-12-25;3;0
50;2025-12-25;4;3
50;2025-12-25;5;73
50;2025-12-25;6;561
50;2025-12-25;7;1794
50;2025-12-25;8;2811
50;2025-12-25;9;2197
50;2025-12-25;10;1756
50;2025-12-25;11;1655
50;2025-12-25;12;1549
50;2025-12-25;13;1545
50;2025-12-25;14;1499
50;2025-12-25;15;1779
50;2025-12-25;16;1765
50;2025-12-25;17;2460
50;2025-12-25;18;2611
50;2025-12-25;19;1511
50;2025-12-25;20;962
50;2025-12-25;21;662
50;2025-12-25;22;291
50;2025-12-25;23;146
50;2025-12-26;0;42
50;2025-12-26;1;3
50;2025-12-26;2;0
50;2025-12-26;3;0
50;2025-12-26;4;3
50;2025-12-26;5;66
50;2025-12-26;6;558
50;2025-12-26;7;1744
50;2025-12-26;8;2735
50;2025-12-26;9;2100
50;2025-12-26;10;1607
50;2025-12-26;11;1679
50;2025-12-26;12;1584
50;2025-12-26;13;1592
50;2025-12-26;14;1518
50;2025-12-26;15;1879
50;2025-12-26;16;2233
50;2025-12-26;17;2172
50;2025-12-26;18;1794
50;2025-12-26;19;1232
50;2025-12-26;20;868
50;2025-12-26;21;604
50;2025-12-26;22;317
50;2025-12-26;23;182
50;2025-12-27;0;66
50;2025-12-27;1;4
50;2025-12-27;2;0
50;2025-12-27;3;0
50;2025-12-27;4;1
50;2025-12-27;5;30
50;2025-12-27;6;168
50;2025-12-27;7;395
50;2025-12-27;8;612
50;2025-12-27;9;659
50;2025-12-27;10;651
50;2025-12-27;11;854
50;2025-12-27;12;875
50;2025-12-27;13;922
50;2025-12-27;14;937
50;2025-12-27;15;894
50;2025-12-27;16;859
50;2025-12-27;17;816
50;2025-12-27;18;714
50;2025-12-27;19;611
50;2025-12-27;20;470
50;2025-12-27;21;386
50;2025-12-27;22;249
50;2025-12-27;23;144
50;2025-12-28;0;52
50;2025-12-28;1;7
50;2025-12-28;2;0
50;2025-12-28;3;0
50;2025-12-28;4;1
50;2025-12-28;5;25
50;2025-12-28;6;118
50;2025-12-28;7;221
50;2025-12-28;8;334
50;2025-12-28;9;433
50;2025-12-28;10;501
50;2025-12-28;11;632
50;2025-12-28;12;740
50;2025-12-28;13;803
50;2025-12-28;14;853
50;2025-12-28;15;741
50;2025-12-28;16;787
50;2025-12-28;17;720
50;2025-12-28;18;649
50;2025-12-28;19;546
50;2025-12-28;20;466
50;2025-12-28;21;358
50;2025-12-28;22;233
50;2025-12-28;23;109
50;2025-12-29;0;30
50;2025-12-29;1;3
50;2025-12-29;2;0
50;2025-12-29;3;0
50;2025-12-29;4;2
50;2025-12-29;5;64
50;2025-12-29;6;494
50;2025-12-29;7;1578
50;2025-12-29;8;2474
50;2025-12-29;9;1934
50;2025-12-29;10;1545
50;2025-12-29;11;1457
50;2025-12-29;12;1363
50;2025-12-29;13;1360
50;2025-12-29;14;1319
50;2025-12-29;15;1566
50;2025-12-29;16;1553
50;2025-12-29;17;2165
50;2025-12-29;18;2298
50;2025-12-29;19;1330
50;2025-12-29;20;847
50;2025-12-29;21;583
50;2025-12-29;22;256
50;2025-12-29;23;128
50;2025-12-30;0;29
50;2025-12-30;1;3
50;2025-12-30;2;0
50;2025-12-30;3;0
50;2025-12-30;4;2
50;2025-12-30;5;62
50;2025-12-30;6;476
50;2025-12-30;7;1521
50;2025-12-30;8;2384
50;2025-12-30;9;1863
50;2025-12-30;10;1489
50;2025-12-30;11;1404
50;2025-12-30;12;1313
50;2025-12-30;13;1310
50;2025-12-30;14;1271
50;2025-12-30;15;1509
50;2025-12-30;16;1497
50;2025-12-30;17;2086
50;2025-12-30;18;2214
50;2025-12-30;19;1281
50;2025-12-30;20;816
50;2025-12-30;21;561
50;2025-12-30;22;247
50;2025-12-30;23;124
50;2025-12-31;0;36
50;2025-12-31;1;2
50;2025-12-31;2;0
50;2025-12-31;3;0
50;2025-12-31;4;1
50;2025-12-31;5;16
50;2025-12-31;6;90
50;2025-12-31;7;212
50;2025-12-31;8;328
50;2025-12-31;9;353
50;2025-12-31;10;349
50;2025-12-31;11;458
50;2025-12-31;12;469
50;2025-12-31;13;494
50;2025-12-31;14;502
50;2025-12-31;15;479
50;2025-12-31;16;460
50;2025-12-31;17;438
50;2025-12-31;18;383
50;2025-12-31;19;328
50;2025-12-31;20;25
50;2025-12-31;21;20
50;2025-12-31;22;13
50;2025-12-31;23;8
