route;date;hour;prediction
1;2025-11-01;0;2
1;2025-11-01;1;0
1;2025-11-01;2;0
1;2025-11-01;3;0
1;2025-11-01;4;5
1;2025-11-01;5;125
1;2025-11-01;6;489
1;2025-11-01;7;1388
1;2025-11-01;8;1656
1;2025-11-01;9;1298
1;2025-11-01;10;1195
1;2025-11-01;11;1321
1;2025-11-01;12;1297
1;2025-11-01;13;1344
1;2025-11-01;14;1261
1;2025-11-01;15;1423
1;2025-11-01;16;1504
1;2025-11-01;17;1581
1;2025-11-01;18;1373
1;2025-11-01;19;1088
1;2025-11-01;20;763
1;2025-11-01;21;483
1;2025-11-01;22;211
1;2025-11-01;23;56
1;2025-11-02;0;0
1;2025-11-02;1;0
1;2025-11-02;2;0
1;2025-11-02;3;0
1;2025-11-02;4;0
1;2025-11-02;5;26
1;2025-11-02;6;130
1;2025-11-02;7;254
1;2025-11-02;8;354
1;2025-11-02;9;612
1;2025-11-02;10;739
1;2025-11-02;11;759
1;2025-11-02;12;900
1;2025-11-02;13;951
1;2025-11-02;14;849
1;2025-11-02;15;769
1;2025-11-02;16;698
1;2025-11-02;17;607
1;2025-11-02;18;520
1;2025-11-02;19;437
1;2025-11-02;20;367
1;2025-11-02;21;285
1;2025-11-02;22;115
1;2025-11-02;23;33
1;2025-11-03;0;3
1;2025-11-03;1;0
1;2025-11-03;2;0
1;2025-11-03;3;0
1;2025-11-03;4;0
1;2025-11-03;5;25
1;2025-11-03;6;127
1;2025-11-03;7;256
1;2025-11-03;8;353
1;2025-11-03;9;584
1;2025-11-03;10;707
1;2025-11-03;11;706
1;2025-11-03;12;856
1;2025-11-03;13;894
1;2025-11-03;14;821
1;2025-11-03;15;722
1;2025-11-03;16;649
1;2025-11-03;17;575
1;2025-11-03;18;492
1;2025-11-03;19;422
1;2025-11-03;20;346
1;2025-11-03;21;257
1;2025-11-03;22;108
1;2025-11-03;23;30
1;2025-11-04;0;3
1;2025-11-04;1;0
1;2025-11-04;2;0
1;2025-11-04;3;0
1;2025-11-04;4;0
1;2025-11-04;5;25
1;2025-11-04;6;127
1;2025-11-04;7;256
1;2025-11-04;8;353
1;2025-11-04;9;584
1;2025-11-04;10;707
1;2025-11-04;11;706
1;2025-11-04;12;856
1;2025-11-04;13;894
1;2025-11-04;14;821
1;2025-11-04;15;722
1;2025-11-04;16;649
1;2025-11-04;17;575
1;2025-11-04;18;492
1;2025-11-04;19;422
1;2025-11-04;20;346
1;2025-11-04;21;257
1;2025-11-04;22;108
1;2025-11-04;23;30
1;2025-11-05;0;4
1;2025-11-05;1;0
1;2025-11-05;2;0
1;2025-11-05;3;0
1;2025-11-05;4;9
1;2025-11-05;5;137
1;2025-11-05;6;578
1;2025-11-05;7;1564
1;2025-11-05;8;1989
1;2025-11-05;9;1534
1;2025-11-05;10;1411
1;2025-11-05;11;1450
1;2025-11-05;12;1507
1;2025-11-05;13;1533
1;2025-11-05;14;1480
1;2025-11-05;15;1648
1;2025-11-05;16;1636
1;2025-11-05;17;1825
1;2025-11-05;18;1882
1;2025-11-05;19;1404
1;2025-11-05;20;956
1;2025-11-05;21;526
1;2025-11-05;22;233
1;2025-11-05;23;52
1;2025-11-06;0;4
1;2025-11-06;1;0
1;2025-11-06;2;0
1;2025-11-06;3;0
1;2025-11-06;4;9
1;2025-11-06;5;137
1;2025-11-06;6;578
1;2025-11-06;7;1564
1;2025-11-06;8;1989
1;2025-11-06;9;1534
1;2025-11-06;10;1411
1;2025-11-06;11;1450
1;2025-11-06;12;1507
1;2025-11-06;13;1533
1;2025-11-06;14;1480
1;2025-11-06;15;1648
1;2025-11-06;16;1636
1;2025-11-06;17;1825
1;2025-11-06;18;1882
1;2025-11-06;19;1404
1;2025-11-06;20;956
1;2025-11-06;21;526
1;2025-11-06;22;233
1;2025-11-06;23;52
1;2025-11-07;0;6
1;2025-11-07;1;0
1;2025-11-07;2;0
1;2025-11-07;3;0
1;2025-11-07;4;6
1;2025-11-07;5;142
1;2025-11-07;6;556
1;2025-11-07;7;1578
1;2025-11-07;8;1883
1;2025-11-07;9;1476
1;2025-11-07;10;1358
1;2025-11-07;11;1502
1;2025-11-07;12;1475
1;2025-11-07;13;1528
1;2025-11-07;14;1433
1;2025-11-07;15;1617
1;2025-11-07;16;1709
1;2025-11-07;17;1797
1;2025-11-07;18;1561
1;2025-11-07;19;1236
1;2025-11-07;20;867
1;2025-11-07;21;549
1;2025-11-07;22;240
1;2025-11-07;23;64
1;2025-11-08;0;8
1;2025-11-08;1;0
1;2025-11-08;2;0
1;2025-11-08;3;0
1;2025-11-08;4;0
1;2025-11-08;5;33
1;2025-11-08;6;167
1;2025-11-08;7;348
1;2025-11-08;8;475
1;2025-11-08;9;754
1;2025-11-08;10;916
1;2025-11-08;11;889
1;2025-11-08;12;1103
1;2025-11-08;13;1138
1;2025-11-08;14;1075
1;2025-11-08;15;917
1;2025-11-08;16;816
1;2025-11-08;17;739
1;2025-11-08;18;630
1;2025-11-08;19;552
1;2025-11-08;20;440
1;2025-11-08;21;312
1;2025-11-08;22;138
1;2025-11-08;23;36
1;2025-11-09;0;0
1;2025-11-09;1;0
1;2025-11-09;2;0
1;2025-11-09;3;0
1;2025-11-09;4;0
1;2025-11-09;5;26
1;2025-11-09;6;130
1;2025-11-09;7;254
1;2025-11-09;8;354
1;2025-11-09;9;612
1;2025-11-09;10;739
1;2025-11-09;11;759
1;2025-11-09;12;900
1;2025-11-09;13;951
1;2025-11-09;14;849
1;2025-11-09;15;769
1;2025-11-09;16;698
1;2025-11-09;17;607
1;2025-11-09;18;520
1;2025-11-09;19;437
1;2025-11-09;20;367
1;2025-11-09;21;285
1;2025-11-09;22;115
1;2025-11-09;23;33
1;2025-11-10;0;4
1;2025-11-10;1;0
1;2025-11-10;2;0
1;2025-11-10;3;0
1;2025-11-10;4;8
1;2025-11-10;5;134
1;2025-11-10;6;562
1;2025-11-10;7;1522
1;2025-11-10;8;1936
1;2025-11-10;9;1493
1;2025-11-10;10;1373
1;2025-11-10;11;1411
1;2025-11-10;12;1467
1;2025-11-10;13;1492
1;2025-11-10;14;1440
1;2025-11-10;15;1604
1;2025-11-10;16;1592
1;2025-11-10;17;1776
1;2025-11-10;18;1831
1;2025-11-10;19;1366
1;2025-11-10;20;931
1;2025-11-10;21;512
1;2025-11-10;22;226
1;2025-11-10;23;51
1;2025-11-11;0;4
1;2025-11-11;1;0
1;2025-11-11;2;0
1;2025-11-11;3;0
1;2025-11-11;4;9
1;2025-11-11;5;137
1;2025-11-11;6;578
1;2025-11-11;7;1564
1;2025-11-11;8;1989
1;2025-11-11;9;1534
1;2025-11-11;10;1411
1;2025-11-11;11;1450
1;2025-11-11;12;1507
1;2025-11-11;13;1533
1;2025-11-11;14;1480
1;2025-11-11;15;1648
1;2025-11-11;16;1636
1;2025-11-11;17;1825
1;2025-11-11;18;1882
1;2025-11-11;19;1404
1;2025-11-11;20;956
1;2025-11-11;21;526
1;2025-11-11;22;233
1;2025-11-11;23;52
1;2025-11-12;0;4
1;2025-11-12;1;0
1;2025-11-12;2;0
1;2025-11-12;3;0
1;2025-11-12;4;9
1;2025-11-12;5;137
1;2025-11-12;6;578
1;2025-11-12;7;1564
1;2025-11-12;8;1989
1;2025-11-12;9;1534
1;2025-11-12;10;1411
1;2025-11-12;11;1450
1;2025-11-12;12;1507
1;2025-11-12;13;1533
1;2025-11-12;14;1480
1;2025-11-12;15;1648
1;2025-11-12;16;1636
1;2025-11-12;17;1825
1;2025-11-12;18;1882
1;2025-11-12;19;1404
1;2025-11-12;20;956
1;2025-11-12;21;526
1;2025-11-12;22;233
1;2025-11-12;23;52
1;2025-11-13;0;4
1;2025-11-13;1;0
1;2025-11-13;2;0
1;2025-11-13;3;0
1;2025-11-13;4;9
1;2025-11-13;5;137
1;2025-11-13;6;578
1;2025-11-13;7;1564
1;2025-11-13;8;1989
1;2025-11-13;9;1534
1;2025-11-13;10;1411
1;2025-11-13;11;1450
1;2025-11-13;12;1507
1;2025-11-13;13;1533
1;2025-11-13;14;1480
1;2025-11-13;15;1648
1;2025-11-13;16;1636
1;2025-11-13;17;1825
1;2025-11-13;18;1882
1;2025-11-13;19;1404
1;2025-11-13;20;956
1;2025-11-13;21;526
1;2025-11-13;22;233
1;2025-11-13;23;52
1;2025-11-14;0;6
1;2025-11-14;1;0
1;2025-11-14;2;0
1;2025-11-14;3;0
1;2025-11-14;4;6
1;2025-11-14;5;142
1;2025-11-14;6;556
1;2025-11-14;7;1578
1;2025-11-14;8;1883
1;2025-11-14;9;1476
1;2025-11-14;10;1358
1;2025-11-14;11;1502
1;2025-11-14;12;1475
1;2025-11-14;13;1528
1;2025-11-14;14;1433
1;2025-11-14;15;1617
1;2025-11-14;16;1709
1;2025-11-14;17;1797
1;2025-11-14;18;1561
1;2025-11-14;19;1236
1;2025-11-14;20;867
1;2025-11-14;21;549
1;2025-11-14;22;240
1;2025-11-14;23;64
1;2025-11-15;0;8
1;2025-11-15;1;0
1;2025-11-15;2;0
1;2025-11-15;3;0
1;2025-11-15;4;0
1;2025-11-15;5;33
1;2025-11-15;6;167
1;2025-11-15;7;348
1;2025-11-15;8;475
1;2025-11-15;9;754
1;2025-11-15;10;916
1;2025-11-15;11;889
1;2025-11-15;12;1103
1;2025-11-15;13;1138
1;2025-11-15;14;1075
1;2025-11-15;15;917
1;2025-11-15;16;816
1;2025-11-15;17;739
1;2025-11-15;18;630
1;2025-11-15;19;552
1;2025-11-15;20;440
1;2025-11-15;21;312
1;2025-11-15;22;138
1;2025-11-15;23;36
1;2025-11-16;0;0
1;2025-11-16;1;0
1;2025-11-16;2;0
1;2025-11-16;3;0
1;2025-11-16;4;0
1;2025-11-16;5;26
1;2025-11-16;6;130
1;2025-11-16;7;254
1;2025-11-16;8;354
1;2025-11-16;9;612
1;2025-11-16;10;739
1;2025-11-16;11;759
1;2025-11-16;12;900
1;2025-11-16;13;951
1;2025-11-16;14;849
1;2025-11-16;15;769
1;2025-11-16;16;698
1;2025-11-16;17;607
1;2025-11-16;18;520
1;2025-11-16;19;437
1;2025-11-16;20;367
1;2025-11-16;21;285
1;2025-11-16;22;115
1;2025-11-16;23;33
1;2025-11-17;0;4
1;2025-11-17;1;0
1;2025-11-17;2;0
1;2025-11-17;3;0
1;2025-11-17;4;8
1;2025-11-17;5;134
1;2025-11-17;6;562
1;2025-11-17;7;1522
1;2025-11-17;8;1936
1;2025-11-17;9;1493
1;2025-11-17;10;1373
1;2025-11-17;11;1411
1;2025-11-17;12;1467
1;2025-11-17;13;1492
1;2025-11-17;14;1440
1;2025-11-17;15;1604
1;2025-11-17;16;1592
1;2025-11-17;17;1776
1;2025-11-17;18;1831
1;2025-11-17;19;1366
1;2025-11-17;20;931
1;2025-11-17;21;512
1;2025-11-17;22;226
1;2025-11-17;23;51
1;2025-11-18;0;4
1;2025-11-18;1;0
1;2025-11-18;2;0
1;2025-11-18;3;0
1;2025-11-18;4;9
1;2025-11-18;5;137
1;2025-11-18;6;578
1;2025-11-18;7;1564
1;2025-11-18;8;1989
1;2025-11-18;9;1534
1;2025-11-18;10;1411
1;2025-11-18;11;1450
1;2025-11-18;12;1507
1;2025-11-18;13;1533
1;2025-11-18;14;1480
1;2025-11-18;15;1648
1;2025-11-18;16;1636
1;2025-11-18;17;1825
1;2025-11-18;18;1882
1;2025-11-18;19;1404
1;2025-11-18;20;956
1;2025-11-18;21;526
1;2025-11-18;22;233
1;2025-11-18;23;52
1;2025-11-19;0;4
1;2025-11-19;1;0
1;2025-11-19;2;0
1;2025-11-19;3;0
1;2025-11-19;4;9
1;2025-11-19;5;137
1;2025-11-19;6;578
1;2025-11-19;7;1564
1;2025-11-19;8;1989
1;2025-11-19;9;1534
1;2025-11-19;10;1411
1;2025-11-19;11;1450
1;2025-11-19;12;1507
1;2025-11-19;13;1533
1;2025-11-19;14;1480
1;2025-11-19;15;1648
1;2025-11-19;16;1636
1;2025-11-19;17;1825
1;2025-11-19;18;1882
1;2025-11-19;19;1404
1;2025-11-19;20;956
1;2025-11-19;21;526
1;2025-11-19;22;233
1;2025-11-19;23;52
1;2025-11-20;0;4
1;2025-11-20;1;0
1;2025-11-20;2;0
1;2025-11-20;3;0
1;2025-11-20;4;9
1;2025-11-20;5;137
1;2025-11-20;6;578
1;2025-11-20;7;1564
1;2025-11-20;8;1989
1;2025-11-20;9;1534
1;2025-11-20;10;1411
1;2025-11-20;11;1450
1;2025-11-20;12;1507
1;2025-11-20;13;1533
1;2025-11-20;14;1480
1;2025-11-20;15;1648
1;2025-11-20;16;1636
1;2025-11-20;17;1825
1;2025-11-20;18;1882
1;2025-11-20;19;1404
1;2025-11-20;20;956
1;2025-11-20;21;526
1;2025-11-20;22;233
1;2025-11-20;23;52
1;2025-11-21;0;6
1;2025-11-21;1;0
1;2025-11-21;2;0
1;2025-11-21;3;0
1;2025-11-21;4;6
1;2025-11-21;5;142
1;2025-11-21;6;556
1;2025-11-21;7;1578
1;2025-11-21;8;1883
1;2025-11-21;9;1476
1;2025-11-21;10;1358
1;2025-11-21;11;1502
1;2025-11-21;12;1475
1;2025-11-21;13;1528
1;2025-11-21;14;1433
1;2025-11-21;15;1617
1;2025-11-21;16;1709
1;2025-11-21;17;1797
1;2025-11-21;18;1561
1;2025-11-21;19;1236
1;2025-11-21;20;867
1;2025-11-21;21;549
1;2025-11-21;22;240
1;2025-11-21;23;64
1;2025-11-22;0;8
1;2025-11-22;1;0
1;2025-11-22;2;0
1;2025-11-22;3;0
1;2025-11-22;4;0
1;2025-11-22;5;33
1;2025-11-22;6;167
1;2025-11-22;7;348
1;2025-11-22;8;475
1;2025-11-22;9;754
1;2025-11-22;10;916
1;2025-11-22;11;889
1;2025-11-22;12;1103
1;2025-11-22;13;1138
1;2025-11-22;14;1075
1;2025-11-22;15;917
1;2025-11-22;16;816
1;2025-11-22;17;739
1;2025-11-22;18;630
1;2025-11-22;19;552
1;2025-11-22;20;440
1;2025-11-22;21;312
1;2025-11-22;22;138
1;2025-11-22;23;36
1;2025-11-23;0;0
1;2025-11-23;1;0
1;2025-11-23;2;0
1;2025-11-23;3;0
1;2025-11-23;4;0
1;2025-11-23;5;26
1;2025-11-23;6;130
1;2025-11-23;7;254
1;2025-11-23;8;354
1;2025-11-23;9;612
1;2025-11-23;10;739
1;2025-11-23;11;759
1;2025-11-23;12;900
1;2025-11-23;13;951
1;2025-11-23;14;849
1;2025-11-23;15;769
1;2025-11-23;16;698
1;2025-11-23;17;607
1;2025-11-23;18;520
1;2025-11-23;19;437
1;2025-11-23;20;367
1;2025-11-23;21;285
1;2025-11-23;22;115
1;2025-11-23;23;33
1;2025-11-24;0;4
1;2025-11-24;1;0
1;2025-11-24;2;0
1;2025-11-24;3;0
1;2025-11-24;4;8
1;2025-11-24;5;134
1;2025-11-24;6;562
1;2025-11-24;7;1522
1;2025-11-24;8;1936
1;2025-11-24;9;1493
1;2025-11-24;10;1373
1;2025-11-24;11;1411
1;2025-11-24;12;1467
1;2025-11-24;13;1492
1;2025-11-24;14;1440
1;2025-11-24;15;1604
1;2025-11-24;16;1592
1;2025-11-24;17;1776
1;2025-11-24;18;1831
1;2025-11-24;19;1366
1;2025-11-24;20;931
1;2025-11-24;21;512
1;2025-11-24;22;226
1;2025-11-24;23;51
1;2025-11-25;0;4
1;2025-11-25;1;0
1;2025-11-25;2;0
1;2025-11-25;3;0
1;2025-11-25;4;9
1;2025-11-25;5;137
1;2025-11-25;6;578
1;2025-11-25;7;1564
1;2025-11-25;8;1989
1;2025-11-25;9;1534
1;2025-11-25;10;1411
1;2025-11-25;11;1450
1;2025-11-25;12;1507
1;2025-11-25;13;1533
1;2025-11-25;14;1480
1;2025-11-25;15;1648
1;2025-11-25;16;1636
1;2025-11-25;17;1825
1;2025-11-25;18;1882
1;2025-11-25;19;1404
1;2025-11-25;20;956
1;2025-11-25;21;526
1;2025-11-25;22;233
1;2025-11-25;23;52
1;2025-11-26;0;4
1;2025-11-26;1;0
1;2025-11-26;2;0
1;2025-11-26;3;0
1;2025-11-26;4;9
1;2025-11-26;5;137
1;2025-11-26;6;578
1;2025-11-26;7;1564
1;2025-11-26;8;1989
1;2025-11-26;9;1534
1;2025-11-26;10;1411
1;2025-11-26;11;1450
1;2025-11-26;12;1507
1;2025-11-26;13;1533
1;2025-11-26;14;1480
1;2025-11-26;15;1648
1;2025-11-26;16;1636
1;2025-11-26;17;1825
1;2025-11-26;18;1882
1;2025-11-26;19;1404
1;2025-11-26;20;956
1;2025-11-26;21;526
1;2025-11-26;22;233
1;2025-11-26;23;52
1;2025-11-27;0;4
1;2025-11-27;1;0
1;2025-11-27;2;0
1;2025-11-27;3;0
1;2025-11-27;4;9
1;2025-11-27;5;137
1;2025-11-27;6;578
1;2025-11-27;7;1564
1;2025-11-27;8;1989
1;2025-11-27;9;1534
1;2025-11-27;10;1411
1;2025-11-27;11;1450
1;2025-11-27;12;1507
1;2025-11-27;13;1533
1;2025-11-27;14;1480
1;2025-11-27;15;1648
1;2025-11-27;16;1636
1;2025-11-27;17;1825
1;2025-11-27;18;1882
1;2025-11-27;19;1404
1;2025-11-27;20;956
1;2025-11-27;21;526
1;2025-11-27;22;233
1;2025-11-27;23;52
1;2025-11-28;0;6
1;2025-11-28;1;0
1;2025-11-28;2;0
1;2025-11-28;3;0
1;2025-11-28;4;6
1;2025-11-28;5;142
1;2025-11-28;6;556
1;2025-11-28;7;1578
1;2025-11-28;8;1883
1;2025-11-28;9;1476
1;2025-11-28;10;1358
1;2025-11-28;11;1502
1;2025-11-28;12;1475
1;2025-11-28;13;1528
1;2025-11-28;14;1433
1;2025-11-28;15;1617
1;2025-11-28;16;1709
1;2025-11-28;17;1797
1;2025-11-28;18;1561
1;2025-11-28;19;1236
1;2025-11-28;20;867
1;2025-11-28;21;549
1;2025-11-28;22;240
1;2025-11-28;23;64
1;2025-11-29;0;8
1;2025-11-29;1;0
1;2025-11-29;2;0
1;2025-11-29;3;0
1;2025-11-29;4;0
1;2025-11-29;5;33
1;2025-11-29;6;167
1;2025-11-29;7;348
1;2025-11-29;8;475
1;2025-11-29;9;754
1;2025-11-29;10;916
1;2025-11-29;11;889
1;2025-11-29;12;1103
1;2025-11-29;13;1138
1;2025-11-29;14;1075
1;2025-11-29;15;917
1;2025-11-29;16;816
1;2025-11-29;17;739
1;2025-11-29;18;630
1;2025-11-29;19;552
1;2025-11-29;20;440
1;2025-11-29;21;312
1;2025-11-29;22;138
1;2025-11-29;23;36
1;2025-11-30;0;0
1;2025-11-30;1;0
1;2025-11-30;2;0
1;2025-11-30;3;0
1;2025-11-30;4;0
1;2025-11-30;5;26
1;2025-11-30;6;130
1;2025-11-30;7;254
1;2025-11-30;8;354
1;2025-11-30;9;612
1;2025-11-30;10;739
1;2025-11-30;11;759
1;2025-11-30;12;900
1;2025-11-30;13;951
1;2025-11-30;14;849
1;2025-11-30;15;769
1;2025-11-30;16;698
1;2025-11-30;17;607
1;2025-11-30;18;520
1;2025-11-30;19;437
1;2025-11-30;20;367
1;2025-11-30;21;285
1;2025-11-30;22;115
1;2025-11-30;23;33
1;2025-12-01;0;4
1;2025-12-01;1;0
1;2025-12-01;2;0
1;2025-12-01;3;0
1;2025-12-01;4;8
1;2025-12-01;5;136
1;2025-12-01;6;572
1;2025-12-01;7;1526
1;2025-12-01;8;1924
1;2025-12-01;9;1493
1;2025-12-01;10;1368
1;2025-12-01;11;1416
1;2025-12-01;12;1470
1;2025-12-01;13;1488
1;2025-12-01;14;1438
1;2025-12-01;15;1608
1;2025-12-01;16;1591
1;2025-12-01;17;1769
1;2025-12-01;18;1823
1;2025-12-01;19;1365
1;2025-12-01;20;930
1;2025-12-01;21;516
1;2025-12-01;22;233
1;2025-12-01;23;53
1;2025-12-02;0;4
1;2025-12-02;1;0
1;2025-12-02;2;0
1;2025-12-02;3;0
1;2025-12-02;4;8
1;2025-12-02;5;139
1;2025-12-02;6;588
1;2025-12-02;7;1568
1;2025-12-02;8;1977
1;2025-12-02;9;1534
1;2025-12-02;10;1406
1;2025-12-02;11;1455
1;2025-12-02;12;1510
1;2025-12-02;13;1529
1;2025-12-02;14;1478
1;2025-12-02;15;1652
1;2025-12-02;16;1634
1;2025-12-02;17;1818
1;2025-12-02;18;1873
1;2025-12-02;19;1403
1;2025-12-02;20;956
1;2025-12-02;21;531
1;2025-12-02;22;240
1;2025-12-02;23;54
1;2025-12-03;0;4
1;2025-12-03;1;0
1;2025-12-03;2;0
1;2025-12-03;3;0
1;2025-12-03;4;8
1;2025-12-03;5;139
1;2025-12-03;6;588
1;2025-12-03;7;1568
1;2025-12-03;8;1977
1;2025-12-03;9;1534
1;2025-12-03;10;1406
1;2025-12-03;11;1455
1;2025-12-03;12;1510
1;2025-12-03;13;1529
1;2025-12-03;14;1478
1;2025-12-03;15;1652
1;2025-12-03;16;1634
1;2025-12-03;17;1818
1;2025-12-03;18;1873
1;2025-12-03;19;1403
1;2025-12-03;20;956
1;2025-12-03;21;531
1;2025-12-03;22;240
1;2025-12-03;23;54
1;2025-12-04;0;4
1;2025-12-04;1;0
1;2025-12-04;2;0
1;2025-12-04;3;0
1;2025-12-04;4;8
1;2025-12-04;5;139
1;2025-12-04;6;588
1;2025-12-04;7;1568
1;2025-12-04;8;1977
1;2025-12-04;9;1534
1;2025-12-04;10;1406
1;2025-12-04;11;1455
1;2025-12-04;12;1510
1;2025-12-04;13;1529
1;2025-12-04;14;1478
1;2025-12-04;15;1652
1;2025-12-04;16;1634
1;2025-12-04;17;1818
1;2025-12-04;18;1873
1;2025-12-04;19;1403
1;2025-12-04;20;956
1;2025-12-04;21;531
1;2025-12-04;22;240
1;2025-12-04;23;54
1;2025-12-05;0;6
1;2025-12-05;1;0
1;2025-12-05;2;0
1;2025-12-05;3;0
1;2025-12-05;4;6
1;2025-12-05;5;141
1;2025-12-05;6;565
1;2025-12-05;7;1576
1;2025-12-05;8;1874
1;2025-12-05;9;1471
1;2025-12-05;10;1355
1;2025-12-05;11;1509
1;2025-12-05;12;1477
1;2025-12-05;13;1530
1;2025-12-05;14;1436
1;2025-12-05;15;1620
1;2025-12-05;16;1706
1;2025-12-05;17;1778
1;2025-12-05;18;1566
1;2025-12-05;19;1227
1;2025-12-05;20;868
1;2025-12-05;21;554
1;2025-12-05;22;249
1;2025-12-05;23;68
1;2025-12-06;0;9
1;2025-12-06;1;0
1;2025-12-06;2;0
1;2025-12-06;3;0
1;2025-12-06;4;0
1;2025-12-06;5;34
1;2025-12-06;6;170
1;2025-12-06;7;347
1;2025-12-06;8;473
1;2025-12-06;9;755
1;2025-12-06;10;910
1;2025-12-06;11;882
1;2025-12-06;12;1101
1;2025-12-06;13;1132
1;2025-12-06;14;1073
1;2025-12-06;15;913
1;2025-12-06;16;819
1;2025-12-06;17;742
1;2025-12-06;18;629
1;2025-12-06;19;553
1;2025-12-06;20;441
1;2025-12-06;21;313
1;2025-12-06;22;141
1;2025-12-06;23;38
1;2025-12-07;0;0
1;2025-12-07;1;0
1;2025-12-07;2;0
1;2025-12-07;3;0
1;2025-12-07;4;0
1;2025-12-07;5;27
1;2025-12-07;6;133
1;2025-12-07;7;252
1;2025-12-07;8;354
1;2025-12-07;9;612
1;2025-12-07;10;747
1;2025-12-07;11;763
1;2025-12-07;12;909
1;2025-12-07;13;964
1;2025-12-07;14;854
1;2025-12-07;15;775
1;2025-12-07;16;702
1;2025-12-07;17;614
1;2025-12-07;18;526
1;2025-12-07;19;438
1;2025-12-07;20;372
1;2025-12-07;21;285
1;2025-12-07;22;118
1;2025-12-07;23;34
1;2025-12-08;0;4
1;2025-12-08;1;0
1;2025-12-08;2;0
1;2025-12-08;3;0
1;2025-12-08;4;8
1;2025-12-08;5;136
1;2025-12-08;6;572
1;2025-12-08;7;1526
1;2025-12-08;8;1924
1;2025-12-08;9;1493
1;2025-12-08;10;1368
1;2025-12-08;11;1416
1;2025-12-08;12;1470
1;2025-12-08;13;1488
1;2025-12-08;14;1438
1;2025-12-08;15;1608
1;2025-12-08;16;1591
1;2025-12-08;17;1769
1;2025-12-08;18;1823
1;2025-12-08;19;1365
1;2025-12-08;20;930
1;2025-12-08;21;516
1;2025-12-08;22;233
1;2025-12-08;23;53
1;2025-12-09;0;4
1;2025-12-09;1;0
1;2025-12-09;2;0
1;2025-12-09;3;0
1;2025-12-09;4;8
1;2025-12-09;5;139
1;2025-12-09;6;588
1;2025-12-09;7;1568
1;2025-12-09;8;1977
1;2025-12-09;9;1534
1;2025-12-09;10;1406
1;2025-12-09;11;1455
1;2025-12-09;12;1510
1;2025-12-09;13;1529
1;2025-12-09;14;1478
1;2025-12-09;15;1652
1;2025-12-09;16;1634
1;2025-12-09;17;1818
1;2025-12-09;18;1873
1;2025-12-09;19;1403
1;2025-12-09;20;956
1;2025-12-09;21;531
1;2025-12-09;22;240
1;2025-12-09;23;54
1;2025-12-10;0;4
1;2025-12-10;1;0
1;2025-12-10;2;0
1;2025-12-10;3;0
1;2025-12-10;4;8
1;2025-12-10;5;139
1;2025-12-10;6;588
1;2025-12-10;7;1568
1;2025-12-10;8;1977
1;2025-12-10;9;1534
1;2025-12-10;10;1406
1;2025-12-10;11;1455
1;2025-12-10;12;1510
1;2025-12-10;13;1529
1;2025-12-10;14;1478
1;2025-12-10;15;1652
1;2025-12-10;16;1634
1;2025-12-10;17;1818
1;2025-12-10;18;1873
1;2025-12-10;19;1403
1;2025-12-10;20;956
1;2025-12-10;21;531
1;2025-12-10;22;240
1;2025-12-10;23;54
1;2025-12-11;0;4
1;2025-12-11;1;0
1;2025-12-11;2;0
1;2025-12-11;3;0
1;2025-12-11;4;8
1;2025-12-11;5;139
1;2025-12-11;6;588
1;2025-12-11;7;1568
1;2025-12-11;8;1977
1;2025-12-11;9;1534
1;2025-12-11;10;1406
1;2025-12-11;11;1455
1;2025-12-11;12;1510
1;2025-12-11;13;1529
1;2025-12-11;14;1478
1;2025-12-11;15;1652
1;2025-12-11;16;1634
1;2025-12-11;17;1818
1;2025-12-11;18;1873
1;2025-12-11;19;1403
1;2025-12-11;20;956
1;2025-12-11;21;531
1;2025-12-11;22;240
1;2025-12-11;23;54
1;2025-12-12;0;6
1;2025-12-12;1;0
1;2025-12-12;2;0
1;2025-12-12;3;0
1;2025-12-12;4;6
1;2025-12-12;5;141
1;2025-12-12;6;565
1;2025-12-12;7;1576
1;2025-12-12;8;1874
1;2025-12-12;9;1471
1;2025-12-12;10;1355
1;2025-12-12;11;1509
1;2025-12-12;12;1477
1;2025-12-12;13;1530
1;2025-12-12;14;1436
1;2025-12-12;15;1620
1;2025-12-12;16;1706
1;2025-12-12;17;1778
1;2025-12-12;18;1566
1;2025-12-12;19;1227
1;2025-12-12;20;868
1;2025-12-12;21;554
1;2025-12-12;22;249
1;2025-12-12;23;68
1;2025-12-13;0;9
1;2025-12-13;1;0
1;2025-12-13;2;0
1;2025-12-13;3;0
1;2025-12-13;4;0
1;2025-12-13;5;34
1;2025-12-13;6;170
1;2025-12-13;7;347
1;2025-12-13;8;473
1;2025-12-13;9;755
1;2025-12-13;10;910
1;2025-12-13;11;882
1;2025-12-13;12;1101
1;2025-12-13;13;1132
1;2025-12-13;14;1073
1;2025-12-13;15;913
1;2025-12-13;16;819
1;2025-12-13;17;742
1;2025-12-13;18;629
1;2025-12-13;19;553
1;2025-12-13;20;441
1;2025-12-13;21;313
1;2025-12-13;22;141
1;2025-12-13;23;38
1;2025-12-14;0;0
1;2025-12-14;1;0
1;2025-12-14;2;0
1;2025-12-14;3;0
1;2025-12-14;4;0
1;2025-12-14;5;27
1;2025-12-14;6;133
1;2025-12-14;7;252
1;2025-12-14;8;354
1;2025-12-14;9;612
1;2025-12-14;10;747
1;2025-12-14;11;763
1;2025-12-14;12;909
1;2025-12-14;13;964
1;2025-12-14;14;854
1;2025-12-14;15;775
1;2025-12-14;16;702
1;2025-12-14;17;614
1;2025-12-14;18;526
1;2025-12-14;19;438
1;2025-12-14;20;372
1;2025-12-14;21;285
1;2025-12-14;22;118
1;2025-12-14;23;34
1;2025-12-15;0;4
1;2025-12-15;1;0
1;2025-12-15;2;0
1;2025-12-15;3;0
1;2025-12-15;4;8
1;2025-12-15;5;136
1;2025-12-15;6;572
1;2025-12-15;7;1526
1;2025-12-15;8;1924
1;2025-12-15;9;1493
1;2025-12-15;10;1368
1;2025-12-15;11;1416
1;2025-12-15;12;1470
1;2025-12-15;13;1488
1;2025-12-15;14;1438
1;2025-12-15;15;1608
1;2025-12-15;16;1591
1;2025-12-15;17;1769
1;2025-12-15;18;1823
1;2025-12-15;19;1365
1;2025-12-15;20;930
1;2025-12-15;21;516
1;2025-12-15;22;233
1;2025-12-15;23;53
1;2025-12-16;0;4
1;2025-12-16;1;0
1;2025-12-16;2;0
1;2025-12-16;3;0
1;2025-12-16;4;8
1;2025-12-16;5;139
1;2025-12-16;6;588
1;2025-12-16;7;1568
1;2025-12-16;8;1977
1;2025-12-16;9;1534
1;2025-12-16;10;1406
1;2025-12-16;11;1455
1;2025-12-16;12;1510
1;2025-12-16;13;1529
1;2025-12-16;14;1478
1;2025-12-16;15;1652
1;2025-12-16;16;1634
1;2025-12-16;17;1818
1;2025-12-16;18;1873
1;2025-12-16;19;1403
1;2025-12-16;20;956
1;2025-12-16;21;531
1;2025-12-16;22;240
1;2025-12-16;23;54
1;2025-12-17;0;4
1;2025-12-17;1;0
1;2025-12-17;2;0
1;2025-12-17;3;0
1;2025-12-17;4;8
1;2025-12-17;5;139
1;2025-12-17;6;588
1;2025-12-17;7;1568
1;2025-12-17;8;1977
1;2025-12-17;9;1534
1;2025-12-17;10;1406
1;2025-12-17;11;1455
1;2025-12-17;12;1510
1;2025-12-17;13;1529
1;2025-12-17;14;1478
1;2025-12-17;15;1652
1;2025-12-17;16;1634
1;2025-12-17;17;1818
1;2025-12-17;18;1873
1;2025-12-17;19;1403
1;2025-12-17;20;956
1;2025-12-17;21;531
1;2025-12-17;22;240
1;2025-12-17;23;54
1;2025-12-18;0;4
1;2025-12-18;1;0
1;2025-12-18;2;0
1;2025-12-18;3;0
1;2025-12-18;4;8
1;2025-12-18;5;139
1;2025-12-18;6;588
1;2025-12-18;7;1568
1;2025-12-18;8;1977
1;2025-12-18;9;1534
1;2025-12-18;10;1406
1;2025-12-18;11;1455
1;2025-12-18;12;1510
1;2025-12-18;13;1529
1;2025-12-18;14;1478
1;2025-12-18;15;1652
1;2025-12-18;16;1634
1;2025-12-18;17;1818
1;2025-12-18;18;1873
1;2025-12-18;19;1403
1;2025-12-18;20;956
1;2025-12-18;21;531
1;2025-12-18;22;240
1;2025-12-18;23;54
1;2025-12-19;0;6
1;2025-12-19;1;0
1;2025-12-19;2;0
1;2025-12-19;3;0
1;2025-12-19;4;6
1;2025-12-19;5;141
1;2025-12-19;6;565
1;2025-12-19;7;1576
1;2025-12-19;8;1874
1;2025-12-19;9;1471
1;2025-12-19;10;1355
1;2025-12-19;11;1509
1;2025-12-19;12;1477
1;2025-12-19;13;1530
1;2025-12-19;14;1436
1;2025-12-19;15;1620
1;2025-12-19;16;1706
1;2025-12-19;17;1778
1;2025-12-19;18;1566
1;2025-12-19;19;1227
1;2025-12-19;20;868
1;2025-12-19;21;554
1;2025-12-19;22;249
1;2025-12-19;23;68
1;2025-12-20;0;9
1;2025-12-20;1;0
1;2025-12-20;2;0
1;2025-12-20;3;0
1;2025-12-20;4;0
1;2025-12-20;5;34
1;2025-12-20;6;170
1;2025-12-20;7;347
1;2025-12-20;8;473
1;2025-12-20;9;755
1;2025-12-20;10;910
1;2025-12-20;11;882
1;2025-12-20;12;1101
1;2025-12-20;13;1132
1;2025-12-20;14;1073
1;2025-12-20;15;913
1;2025-12-20;16;819
1;2025-12-20;17;742
1;2025-12-20;18;629
1;2025-12-20;19;553
1;2025-12-20;20;441
1;2025-12-20;21;313
1;2025-12-20;22;141
1;2025-12-20;23;38
1;2025-12-21;0;0
1;2025-12-21;1;0
1;2025-12-21;2;0
1;2025-12-21;3;0
1;2025-12-21;4;0
1;2025-12-21;5;27
1;2025-12-21;6;133
1;2025-12-21;7;252
1;2025-12-21;8;354
1;2025-12-21;9;612
1;2025-12-21;10;747
1;2025-12-21;11;763
1;2025-12-21;12;909
1;2025-12-21;13;964
1;2025-12-21;14;854
1;2025-12-21;15;775
1;2025-12-21;16;702
1;2025-12-21;17;614
1;2025-12-21;18;526
1;2025-12-21;19;438
1;2025-12-21;20;372
1;2025-12-21;21;285
1;2025-12-21;22;118
1;2025-12-21;23;34
1;2025-12-22;0;4
1;2025-12-22;1;0
1;2025-12-22;2;0
1;2025-12-22;3;0
1;2025-12-22;4;8
1;2025-12-22;5;136
1;2025-12-22;6;572
1;2025-12-22;7;1526
1;2025-12-22;8;1924
1;2025-12-22;9;1493
1;2025-12-22;10;1368
1;2025-12-22;11;1416
1;2025-12-22;12;1470
1;2025-12-22;13;1488
1;2025-12-22;14;1438
1;2025-12-22;15;1608
1;2025-12-22;16;1591
1;2025-12-22;17;1769
1;2025-12-22;18;1823
1;2025-12-22;19;1365
1;2025-12-22;20;930
1;2025-12-22;21;516
1;2025-12-22;22;233
1;2025-12-22;23;53
1;2025-12-23;0;4
1;2025-12-23;1;0
1;2025-12-23;2;0
1;2025-12-23;3;0
1;2025-12-23;4;8
1;2025-12-23;5;139
1;2025-12-23;6;588
1;2025-12-23;7;1568
1;2025-12-23;8;1977
1;2025-12-23;9;1534
1;2025-12-23;10;1406
1;2025-12-23;11;1455
1;2025-12-23;12;1510
1;2025-12-23;13;1529
1;2025-12-23;14;1478
1;2025-12-23;15;1652
1;2025-12-23;16;1634
1;2025-12-23;17;1818
1;2025-12-23;18;1873
1;2025-12-23;19;1403
1;2025-12-23;20;956
1;2025-12-23;21;531
1;2025-12-23;22;240
1;2025-12-23;23;54
1;2025-12-24;0;4
1;2025-12-24;1;0
1;2025-12-24;2;0
1;2025-12-24;3;0
1;2025-12-24;4;8
1;2025-12-24;5;139
1;2025-12-24;6;588
1;2025-12-24;7;1568
1;2025-12-24;8;1977
1;2025-12-24;9;1534
1;2025-12-24;10;1406
1;2025-12-24;11;1455
1;2025-12-24;12;1510
1;2025-12-24;13;1529
1;2025-12-24;14;1478
1;2025-12-24;15;1652
1;2025-12-24;16;1634
1;2025-12-24;17;1818
1;2025-12-24;18;1873
1;2025-12-24;19;1403
1;2025-12-24;20;956
1;2025-12-24;21;531
1;2025-12-24;22;240
1;2025-12-24;23;54
1;2025-12-25;0;4
1;2025-12-25;1;0
1;2025-12-25;2;0
1;2025-12-25;3;0
1;2025-12-25;4;8
1;2025-12-25;5;139
1;2025-12-25;6;588
1;2025-12-25;7;1568
1;2025-12-25;8;1977
1;2025-12-25;9;1534
1;2025-12-25;10;1406
1;2025-12-25;11;1455
1;2025-12-25;12;1510
1;2025-12-25;13;1529
1;2025-12-25;14;1478
1;2025-12-25;15;1652
1;2025-12-25;16;1634
1;2025-12-25;17;1818
1;2025-12-25;18;1873
1;2025-12-25;19;1403
1;2025-12-25;20;956
1;2025-12-25;21;531
1;2025-12-25;22;240
1;2025-12-25;23;54
1;2025-12-26;0;6
1;2025-12-26;1;0
1;2025-12-26;2;0
1;2025-12-26;3;0
1;2025-12-26;4;6
1;2025-12-26;5;141
1;2025-12-26;6;565
1;2025-12-26;7;1576
1;2025-12-26;8;1874
1;2025-12-26;9;1471
1;2025-12-26;10;1355
1;2025-12-26;11;1509
1;2025-12-26;12;1477
1;2025-12-26;13;1530
1;2025-12-26;14;1436
1;2025-12-26;15;1620
1;2025-12-26;16;1706
1;2025-12-26;17;1778
1;2025-12-26;18;1566
1;2025-12-26;19;1227
1;2025-12-26;20;868
1;2025-12-26;21;554
1;2025-12-26;22;249
1;2025-12-26;23;68
1;2025-12-27;0;9
1;2025-12-27;1;0
1;2025-12-27;2;0
1;2025-12-27;3;0
1;2025-12-27;4;0
1;2025-12-27;5;34
1;2025-12-27;6;170
1;2025-12-27;7;347
1;2025-12-27;8;473
1;2025-12-27;9;755
1;2025-12-27;10;910
1;2025-12-27;11;882
1;2025-12-27;12;1101
1;2025-12-27;13;1132
1;2025-12-27;14;1073
1;2025-12-27;15;913
1;2025-12-27;16;819
1;2025-12-27;17;742
1;2025-12-27;18;629
1;2025-12-27;19;553
1;2025-12-27;20;441
1;2025-12-27;21;313
1;2025-12-27;22;141
1;2025-12-27;23;38
1;2025-12-28;0;0
1;2025-12-28;1;0
1;2025-12-28;2;0
1;2025-12-28;3;0
1;2025-12-28;4;0
1;2025-12-28;5;27
1;2025-12-28;6;133
1;2025-12-28;7;252
1;2025-12-28;8;354
1;2025-12-28;9;612
1;2025-12-28;10;747
1;2025-12-28;11;763
1;2025-12-28;12;909
1;2025-12-28;13;964
1;2025-12-28;14;854
1;2025-12-28;15;775
1;2025-12-28;16;702
1;2025-12-28;17;614
1;2025-12-28;18;526
1;2025-12-28;19;438
1;2025-12-28;20;372
1;2025-12-28;21;285
1;2025-12-28;22;118
1;2025-12-28;23;34
1;2025-12-29;0;4
1;2025-12-29;1;0
1;2025-12-29;2;0
1;2025-12-29;3;0
1;2025-12-29;4;7
1;2025-12-29;5;122
1;2025-12-29;6;515
1;2025-12-29;7;1373
1;2025-12-29;8;1732
1;2025-12-29;9;1343
1;2025-12-29;10;1231
1;2025-12-29;11;1275
1;2025-12-29;12;1323
1;2025-12-29;13;1339
1;2025-12-29;14;1295
1;2025-12-29;15;1447
1;2025-12-29;16;1431
1;2025-12-29;17;1593
1;2025-12-29;18;1641
1;2025-12-29;19;1228
1;2025-12-29;20;837
1;2025-12-29;21;465
1;2025-12-29;22;210
1;2025-12-29;23;48
1;2025-12-30;0;4
1;2025-12-30;1;0
1;2025-12-30;2;0
1;2025-12-30;3;0
1;2025-12-30;4;7
1;2025-12-30;5;118
1;2025-12-30;6;500
1;2025-12-30;7;1333
1;2025-12-30;8;1680
1;2025-12-30;9;1304
1;2025-12-30;10;1195
1;2025-12-30;11;1237
1;2025-12-30;12;1284
1;2025-12-30;13;1300
1;2025-12-30;14;1256
1;2025-12-30;15;1405
1;2025-12-30;16;1389
1;2025-12-30;17;1546
1;2025-12-30;18;1592
1;2025-12-30;19;1192
1;2025-12-30;20;813
1;2025-12-30;21;451
1;2025-12-30;22;204
1;2025-12-30;23;46
1;2025-12-31;0;5
1;2025-12-31;1;0
1;2025-12-31;2;0
1;2025-12-31;3;0
1;2025-12-31;4;0
1;2025-12-31;5;18
1;2025-12-31;6;92
1;2025-12-31;7;188
1;2025-12-31;8;256
1;2025-12-31;9;409
1;2025-12-31;10;492
1;2025-12-31;11;477
1;2025-12-31;12;595
1;2025-12-31;13;612
1;2025-12-31;14;580
1;2025-12-31;15;494
1;2025-12-31;16;443
1;2025-12-31;17;401
1;2025-12-31;18;340
1;2025-12-31;19;299
1;2025-12-31;20;23
1;2025-12-31;21;17
1;2025-12-31;22;7
1;2025-12-31;23;2
5;2025-11-01;0;0
5;2025-11-01;1;0
5;2025-11-01;2;0
5;2025-11-01;3;0
5;2025-11-01;4;0
5;2025-11-01;5;0
5;2025-11-01;6;0
5;2025-11-01;7;0
5;2025-11-01;8;0
5;2025-11-01;9;0
5;2025-11-01;10;0
5;2025-11-01;11;0
5;2025-11-01;12;0
5;2025-11-01;13;0
5;2025-11-01;14;0
5;2025-11-01;15;0
5;2025-11-01;16;0
5;2025-11-01;17;0
5;2025-11-01;18;0
5;2025-11-01;19;0
5;2025-11-01;20;0
5;2025-11-01;21;0
5;2025-11-01;22;0
5;2025-11-01;23;0
5;2025-11-02;0;0
5;2025-11-02;1;0
5;2025-11-02;2;0
5;2025-11-02;3;0
5;2025-11-02;4;0
5;2025-11-02;5;0
5;2025-11-02;6;0
5;2025-11-02;7;0
5;2025-11-02;8;0
5;2025-11-02;9;0
5;2025-11-02;10;0
5;2025-11-02;11;0
5;2025-11-02;12;0
5;2025-11-02;13;0
5;2025-11-02;14;0
5;2025-11-02;15;0
5;2025-11-02;16;0
5;2025-11-02;17;0
5;2025-11-02;18;0
5;2025-11-02;19;0
5;2025-11-02;20;0
5;2025-11-02;21;0
5;2025-11-02;22;0
5;2025-11-02;23;0
5;2025-11-03;0;0
5;2025-11-03;1;0
5;2025-11-03;2;0
5;2025-11-03;3;0
5;2025-11-03;4;0
5;2025-11-03;5;0
5;2025-11-03;6;0
5;2025-11-03;7;0
5;2025-11-03;8;0
5;2025-11-03;9;0
5;2025-11-03;10;0
5;2025-11-03;11;0
5;2025-11-03;12;0
5;2025-11-03;13;0
5;2025-11-03;14;0
5;2025-11-03;15;0
5;2025-11-03;16;0
5;2025-11-03;17;0
5;2025-11-03;18;0
5;2025-11-03;19;0
5;2025-11-03;20;0
5;2025-11-03;21;0
5;2025-11-03;22;0
5;2025-11-03;23;0
5;2025-11-04;0;0
5;2025-11-04;1;0
5;2025-11-04;2;0
5;2025-11-04;3;0
5;2025-11-04;4;0
5;2025-11-04;5;0
5;2025-11-04;6;0
5;2025-11-04;7;0
5;2025-11-04;8;0
5;2025-11-04;9;0
5;2025-11-04;10;0
5;2025-11-04;11;0
5;2025-11-04;12;0
5;2025-11-04;13;0
5;2025-11-04;14;0
5;2025-11-04;15;0
5;2025-11-04;16;0
5;2025-11-04;17;0
5;2025-11-04;18;0
5;2025-11-04;19;0
5;2025-11-04;20;0
5;2025-11-04;21;0
5;2025-11-04;22;0
5;2025-11-04;23;0
5;2025-11-05;0;0
5;2025-11-05;1;0
5;2025-11-05;2;0
5;2025-11-05;3;0
5;2025-11-05;4;0
5;2025-11-05;5;0
5;2025-11-05;6;0
5;2025-11-05;7;0
5;2025-11-05;8;0
5;2025-11-05;9;0
5;2025-11-05;10;0
5;2025-11-05;11;0
5;2025-11-05;12;0
5;2025-11-05;13;0
5;2025-11-05;14;0
5;2025-11-05;15;0
5;2025-11-05;16;0
5;2025-11-05;17;0
5;2025-11-05;18;0
5;2025-11-05;19;0
5;2025-11-05;20;0
5;2025-11-05;21;0
5;2025-11-05;22;0
5;2025-11-05;23;0
5;2025-11-06;0;0
5;2025-11-06;1;0
5;2025-11-06;2;0
5;2025-11-06;3;0
5;2025-11-06;4;0
5;2025-11-06;5;0
5;2025-11-06;6;0
5;2025-11-06;7;0
5;2025-11-06;8;0
5;2025-11-06;9;0
5;2025-11-06;10;0
5;2025-11-06;11;0
5;2025-11-06;12;0
5;2025-11-06;13;0
5;2025-11-06;14;0
5;2025-11-06;15;0
5;2025-11-06;16;0
5;2025-11-06;17;0
5;2025-11-06;18;0
5;2025-11-06;19;0
5;2025-11-06;20;0
5;2025-11-06;21;0
5;2025-11-06;22;0
5;2025-11-06;23;0
5;2025-11-07;0;0
5;2025-11-07;1;0
5;2025-11-07;2;0
5;2025-11-07;3;0
5;2025-11-07;4;0
5;2025-11-07;5;0
5;2025-11-07;6;0
5;2025-11-07;7;0
5;2025-11-07;8;0
5;2025-11-07;9;0
5;2025-11-07;10;0
5;2025-11-07;11;0
5;2025-11-07;12;0
5;2025-11-07;13;0
5;2025-11-07;14;0
5;2025-11-07;15;0
5;2025-11-07;16;0
5;2025-11-07;17;0
5;2025-11-07;18;0
5;2025-11-07;19;0
5;2025-11-07;20;0
5;2025-11-07;21;0
5;2025-11-07;22;0
5;2025-11-07;23;0
5;2025-11-08;0;0
5;2025-11-08;1;0
5;2025-11-08;2;0
5;2025-11-08;3;0
5;2025-11-08;4;0
5;2025-11-08;5;0
5;2025-11-08;6;0
5;2025-11-08;7;0
5;2025-11-08;8;0
5;2025-11-08;9;0
5;2025-11-08;10;0
5;2025-11-08;11;0
5;2025-11-08;12;0
5;2025-11-08;13;0
5;2025-11-08;14;0
5;2025-11-08;15;0
5;2025-11-08;16;0
5;2025-11-08;17;0
5;2025-11-08;18;0
5;2025-11-08;19;0
5;2025-11-08;20;0
5;2025-11-08;21;0
5;2025-11-08;22;0
5;2025-11-08;23;0
5;2025-11-09;0;0
5;2025-11-09;1;0
5;2025-11-09;2;0
5;2025-11-09;3;0
5;2025-11-09;4;0
5;2025-11-09;5;0
5;2025-11-09;6;0
5;2025-11-09;7;0
5;2025-11-09;8;0
5;2025-11-09;9;0
5;2025-11-09;10;0
5;2025-11-09;11;0
5;2025-11-09;12;0
5;2025-11-09;13;0
5;2025-11-09;14;0
5;2025-11-09;15;0
5;2025-11-09;16;0
5;2025-11-09;17;0
5;2025-11-09;18;0
5;2025-11-09;19;0
5;2025-11-09;20;0
5;2025-11-09;21;0
5;2025-11-09;22;0
5;2025-11-09;23;0
5;2025-11-10;0;0
5;2025-11-10;1;0
5;2025-11-10;2;0
5;2025-11-10;3;0
5;2025-11-10;4;0
5;2025-11-10;5;0
5;2025-11-10;6;0
5;2025-11-10;7;0
5;2025-11-10;8;0
5;2025-11-10;9;0
5;2025-11-10;10;0
5;2025-11-10;11;0
5;2025-11-10;12;0
5;2025-11-10;13;0
5;2025-11-10;14;0
5;2025-11-10;15;0
5;2025-11-10;16;0
5;2025-11-10;17;0
5;2025-11-10;18;0
5;2025-11-10;19;0
5;2025-11-10;20;0
5;2025-11-10;21;0
5;2025-11-10;22;0
5;2025-11-10;23;0
5;2025-11-11;0;0
5;2025-11-11;1;0
5;2025-11-11;2;0
5;2025-11-11;3;0
5;2025-11-11;4;0
5;2025-11-11;5;0
5;2025-11-11;6;0
5;2025-11-11;7;0
5;2025-11-11;8;0
5;2025-11-11;9;0
5;2025-11-11;10;0
5;2025-11-11;11;0
5;2025-11-11;12;0
5;2025-11-11;13;0
5;2025-11-11;14;0
5;2025-11-11;15;0
5;2025-11-11;16;0
5;2025-11-11;17;0
5;2025-11-11;18;0
5;2025-11-11;19;0
5;2025-11-11;20;0
5;2025-11-11;21;0
5;2025-11-11;22;0
5;2025-11-11;23;0
5;2025-11-12;0;0
5;2025-11-12;1;0
5;2025-11-12;2;0
5;2025-11-12;3;0
5;2025-11-12;4;0
5;2025-11-12;5;0
5;2025-11-12;6;0
5;2025-11-12;7;0
5;2025-11-12;8;0
5;2025-11-12;9;0
5;2025-11-12;10;0
5;2025-11-12;11;0
5;2025-11-12;12;0
5;2025-11-12;13;0
5;2025-11-12;14;0
5;2025-11-12;15;0
5;2025-11-12;16;0
5;2025-11-12;17;0
5;2025-11-12;18;0
5;2025-11-12;19;0
5;2025-11-12;20;0
5;2025-11-12;21;0
5;2025-11-12;22;0
5;2025-11-12;23;0
5;2025-11-13;0;0
5;2025-11-13;1;0
5;2025-11-13;2;0
5;2025-11-13;3;0
5;2025-11-13;4;0
5;2025-11-13;5;0
5;2025-11-13;6;0
5;2025-11-13;7;0
5;2025-11-13;8;0
5;2025-11-13;9;0
5;2025-11-13;10;0
5;2025-11-13;11;0
5;2025-11-13;12;0
5;2025-11-13;13;0
5;2025-11-13;14;0
5;2025-11-13;15;0
5;2025-11-13;16;0
5;2025-11-13;17;0
5;2025-11-13;18;0
5;2025-11-13;19;0
5;2025-11-13;20;0
5;2025-11-13;21;0
5;2025-11-13;22;0
5;2025-11-13;23;0
5;2025-11-14;0;0
5;2025-11-14;1;0
5;2025-11-14;2;0
5;2025-11-14;3;0
5;2025-11-14;4;0
5;2025-11-14;5;0
5;2025-11-14;6;0
5;2025-11-14;7;0
5;2025-11-14;8;0
5;2025-11-14;9;0
5;2025-11-14;10;0
5;2025-11-14;11;0
5;2025-11-14;12;0
5;2025-11-14;13;0
5;2025-11-14;14;0
5;2025-11-14;15;0
5;2025-11-14;16;0
5;2025-11-14;17;0
5;2025-11-14;18;0
5;2025-11-14;19;0
5;2025-11-14;20;0
5;2025-11-14;21;0
5;2025-11-14;22;0
5;2025-11-14;23;0
5;2025-11-15;0;0
5;2025-11-15;1;0
5;2025-11-15;2;0
5;2025-11-15;3;0
5;2025-11-15;4;0
5;2025-11-15;5;0
5;2025-11-15;6;0
5;2025-11-15;7;0
5;2025-11-15;8;0
5;2025-11-15;9;0
5;2025-11-15;10;0
5;2025-11-15;11;0
5;2025-11-15;12;0
5;2025-11-15;13;0
5;2025-11-15;14;0
5;2025-11-15;15;0
5;2025-11-15;16;0
5;2025-11-15;17;0
5;2025-11-15;18;0
5;2025-11-15;19;0
5;2025-11-15;20;0
5;2025-11-15;21;0
5;2025-11-15;22;0
5;2025-11-15;23;0
5;2025-11-16;0;0
5;2025-11-16;1;0
5;2025-11-16;2;0
5;2025-11-16;3;0
5;2025-11-16;4;0
5;2025-11-16;5;0
5;2025-11-16;6;0
5;2025-11-16;7;0
5;2025-11-16;8;0
5;2025-11-16;9;0
5;2025-11-16;10;0
5;2025-11-16;11;0
5;2025-11-16;12;0
5;2025-11-16;13;0
5;2025-11-16;14;0
5;2025-11-16;15;0
5;2025-11-16;16;0
5;2025-11-16;17;0
5;2025-11-16;18;0
5;2025-11-16;19;0
5;2025-11-16;20;0
5;2025-11-16;21;0
5;2025-11-16;22;0
5;2025-11-16;23;0
5;2025-11-17;0;0
5;2025-11-17;1;0
5;2025-11-17;2;0
5;2025-11-17;3;0
5;2025-11-17;4;0
5;2025-11-17;5;0
5;2025-11-17;6;0
5;2025-11-17;7;0
5;2025-11-17;8;0
5;2025-11-17;9;0
5;2025-11-17;10;0
5;2025-11-17;11;0
5;2025-11-17;12;0
5;2025-11-17;13;0
5;2025-11-17;14;0
5;2025-11-17;15;0
5;2025-11-17;16;0
5;2025-11-17;17;0
5;2025-11-17;18;0
5;2025-11-17;19;0
5;2025-11-17;20;0
5;2025-11-17;21;0
5;2025-11-17;22;0
5;2025-11-17;23;0
5;2025-11-18;0;0
5;2025-11-18;1;0
5;2025-11-18;2;0
5;2025-11-18;3;0
5;2025-11-18;4;0
5;2025-11-18;5;0
5;2025-11-18;6;0
5;2025-11-18;7;0
5;2025-11-18;8;0
5;2025-11-18;9;0
5;2025-11-18;10;0
5;2025-11-18;11;0
5;2025-11-18;12;0
5;2025-11-18;13;0
5;2025-11-18;14;0
5;2025-11-18;15;0
5;2025-11-18;16;0
5;2025-11-18;17;0
5;2025-11-18;18;0
5;2025-11-18;19;0
5;2025-11-18;20;0
5;2025-11-18;21;0
5;2025-11-18;22;0
5;2025-11-18;23;0
5;2025-11-19;0;0
5;2025-11-19;1;0
5;2025-11-19;2;0
5;2025-11-19;3;0
5;2025-11-19;4;0
5;2025-11-19;5;0
5;2025-11-19;6;0
5;2025-11-19;7;0
5;2025-11-19;8;0
5;2025-11-19;9;0
5;2025-11-19;10;0
5;2025-11-19;11;0
5;2025-11-19;12;0
5;2025-11-19;13;0
5;2025-11-19;14;0
5;2025-11-19;15;0
5;2025-11-19;16;0
5;2025-11-19;17;0
5;2025-11-19;18;0
5;2025-11-19;19;0
5;2025-11-19;20;0
5;2025-11-19;21;0
5;2025-11-19;22;0
5;2025-11-19;23;0
5;2025-11-20;0;0
5;2025-11-20;1;0
5;2025-11-20;2;0
5;2025-11-20;3;0
5;2025-11-20;4;0
5;2025-11-20;5;0
5;2025-11-20;6;0
5;2025-11-20;7;0
5;2025-11-20;8;0
5;2025-11-20;9;0
5;2025-11-20;10;0
5;2025-11-20;11;0
5;2025-11-20;12;0
5;2025-11-20;13;0
5;2025-11-20;14;0
5;2025-11-20;15;0
5;2025-11-20;16;0
5;2025-11-20;17;0
5;2025-11-20;18;0
5;2025-11-20;19;0
5;2025-11-20;20;0
5;2025-11-20;21;0
5;2025-11-20;22;0
5;2025-11-20;23;0
5;2025-11-21;0;0
5;2025-11-21;1;0
5;2025-11-21;2;0
5;2025-11-21;3;0
5;2025-11-21;4;0
5;2025-11-21;5;0
5;2025-11-21;6;0
5;2025-11-21;7;0
5;2025-11-21;8;0
5;2025-11-21;9;0
5;2025-11-21;10;0
5;2025-11-21;11;0
5;2025-11-21;12;0
5;2025-11-21;13;0
5;2025-11-21;14;0
5;2025-11-21;15;0
5;2025-11-21;16;0
5;2025-11-21;17;0
5;2025-11-21;18;0
5;2025-11-21;19;0
5;2025-11-21;20;0
5;2025-11-21;21;0
5;2025-11-21;22;0
5;2025-11-21;23;0
5;2025-11-22;0;0
5;2025-11-22;1;0
5;2025-11-22;2;0
5;2025-11-22;3;0
5;2025-11-22;4;0
5;2025-11-22;5;0
5;2025-11-22;6;0
5;2025-11-22;7;0
5;2025-11-22;8;0
5;2025-11-22;9;0
5;2025-11-22;10;0
5;2025-11-22;11;0
5;2025-11-22;12;0
5;2025-11-22;13;0
5;2025-11-22;14;0
5;2025-11-22;15;0
5;2025-11-22;16;0
5;2025-11-22;17;0
5;2025-11-22;18;0
5;2025-11-22;19;0
5;2025-11-22;20;0
5;2025-11-22;21;0
5;2025-11-22;22;0
5;2025-11-22;23;0
5;2025-11-23;0;0
5;2025-11-23;1;0
5;2025-11-23;2;0
5;2025-11-23;3;0
5;2025-11-23;4;0
5;2025-11-23;5;0
5;2025-11-23;6;0
5;2025-11-23;7;0
5;2025-11-23;8;0
5;2025-11-23;9;0
5;2025-11-23;10;0
5;2025-11-23;11;0
5;2025-11-23;12;0
5;2025-11-23;13;0
5;2025-11-23;14;0
5;2025-11-23;15;0
5;2025-11-23;16;0
5;2025-11-23;17;0
5;2025-11-23;18;0
5;2025-11-23;19;0
5;2025-11-23;20;0
5;2025-11-23;21;0
5;2025-11-23;22;0
5;2025-11-23;23;0
5;2025-11-24;0;0
5;2025-11-24;1;0
5;2025-11-24;2;0
5;2025-11-24;3;0
5;2025-11-24;4;0
5;2025-11-24;5;0
5;2025-11-24;6;0
5;2025-11-24;7;0
5;2025-11-24;8;0
5;2025-11-24;9;0
5;2025-11-24;10;0
5;2025-11-24;11;0
5;2025-11-24;12;0
5;2025-11-24;13;0
5;2025-11-24;14;0
5;2025-11-24;15;0
5;2025-11-24;16;0
5;2025-11-24;17;0
5;2025-11-24;18;0
5;2025-11-24;19;0
5;2025-11-24;20;0
5;2025-11-24;21;0
5;2025-11-24;22;0
5;2025-11-24;23;0
5;2025-11-25;0;0
5;2025-11-25;1;0
5;2025-11-25;2;0
5;2025-11-25;3;0
5;2025-11-25;4;0
5;2025-11-25;5;0
5;2025-11-25;6;0
5;2025-11-25;7;0
5;2025-11-25;8;0
5;2025-11-25;9;0
5;2025-11-25;10;0
5;2025-11-25;11;0
5;2025-11-25;12;0
5;2025-11-25;13;0
5;2025-11-25;14;0
5;2025-11-25;15;0
5;2025-11-25;16;0
5;2025-11-25;17;0
5;2025-11-25;18;0
5;2025-11-25;19;0
5;2025-11-25;20;0
5;2025-11-25;21;0
5;2025-11-25;22;0
5;2025-11-25;23;0
5;2025-11-26;0;0
5;2025-11-26;1;0
5;2025-11-26;2;0
5;2025-11-26;3;0
5;2025-11-26;4;0
5;2025-11-26;5;0
5;2025-11-26;6;0
5;2025-11-26;7;0
5;2025-11-26;8;0
5;2025-11-26;9;0
5;2025-11-26;10;0
5;2025-11-26;11;0
5;2025-11-26;12;0
5;2025-11-26;13;0
5;2025-11-26;14;0
5;2025-11-26;15;0
5;2025-11-26;16;0
5;2025-11-26;17;0
5;2025-11-26;18;0
5;2025-11-26;19;0
5;2025-11-26;20;0
5;2025-11-26;21;0
5;2025-11-26;22;0
5;2025-11-26;23;0
5;2025-11-27;0;0
5;2025-11-27;1;0
5;2025-11-27;2;0
5;2025-11-27;3;0
5;2025-11-27;4;0
5;2025-11-27;5;0
5;2025-11-27;6;0
5;2025-11-27;7;0
5;2025-11-27;8;0
5;2025-11-27;9;0
5;2025-11-27;10;0
5;2025-11-27;11;0
5;2025-11-27;12;0
5;2025-11-27;13;0
5;2025-11-27;14;0
5;2025-11-27;15;0
5;2025-11-27;16;0
5;2025-11-27;17;0
5;2025-11-27;18;0
5;2025-11-27;19;0
5;2025-11-27;20;0
5;2025-11-27;21;0
5;2025-11-27;22;0
5;2025-11-27;23;0
5;2025-11-28;0;0
5;2025-11-28;1;0
5;2025-11-28;2;0
5;2025-11-28;3;0
5;2025-11-28;4;0
5;2025-11-28;5;0
5;2025-11-28;6;0
5;2025-11-28;7;0
5;2025-11-28;8;0
5;2025-11-28;9;0
5;2025-11-28;10;0
5;2025-11-28;11;0
5;2025-11-28;12;0
5;2025-11-28;13;0
5;2025-11-28;14;0
5;2025-11-28;15;0
5;2025-11-28;16;0
5;2025-11-28;17;0
5;2025-11-28;18;0
5;2025-11-28;19;0
5;2025-11-28;20;0
5;2025-11-28;21;0
5;2025-11-28;22;0
5;2025-11-28;23;0
5;2025-11-29;0;0
5;2025-11-29;1;0
5;2025-11-29;2;0
5;2025-11-29;3;0
5;2025-11-29;4;0
5;2025-11-29;5;0
5;2025-11-29;6;0
5;2025-11-29;7;0
5;2025-11-29;8;0
5;2025-11-29;9;0
5;2025-11-29;10;0
5;2025-11-29;11;0
5;2025-11-29;12;0
5;2025-11-29;13;0
5;2025-11-29;14;0
5;2025-11-29;15;0
5;2025-11-29;16;0
5;2025-11-29;17;0
5;2025-11-29;18;0
5;2025-11-29;19;0
5;2025-11-29;20;0
5;2025-11-29;21;0
5;2025-11-29;22;0
5;2025-11-29;23;0
5;2025-11-30;0;0
5;2025-11-30;1;0
5;2025-11-30;2;0
5;2025-11-30;3;0
5;2025-11-30;4;0
5;2025-11-30;5;0
5;2025-11-30;6;0
5;2025-11-30;7;0
5;2025-11-30;8;0
5;2025-11-30;9;0
5;2025-11-30;10;0
5;2025-11-30;11;0
5;2025-11-30;12;0
5;2025-11-30;13;0
5;2025-11-30;14;0
5;2025-11-30;15;0
5;2025-11-30;16;0
5;2025-11-30;17;0
5;2025-11-30;18;0
5;2025-11-30;19;0
5;2025-11-30;20;0
5;2025-11-30;21;0
5;2025-11-30;22;0
5;2025-11-30;23;0
5;2025-12-01;0;0
5;2025-12-01;1;0
5;2025-12-01;2;0
5;2025-12-01;3;0
5;2025-12-01;4;0
5;2025-12-01;5;0
5;2025-12-01;6;0
5;2025-12-01;7;0
5;2025-12-01;8;0
5;2025-12-01;9;0
5;2025-12-01;10;0
5;2025-12-01;11;0
5;2025-12-01;12;0
5;2025-12-01;13;0
5;2025-12-01;14;0
5;2025-12-01;15;0
5;2025-12-01;16;0
5;2025-12-01;17;0
5;2025-12-01;18;0
5;2025-12-01;19;0
5;2025-12-01;20;0
5;2025-12-01;21;0
5;2025-12-01;22;0
5;2025-12-01;23;0
5;2025-12-02;0;0
5;2025-12-02;1;0
5;2025-12-02;2;0
5;2025-12-02;3;0
5;2025-12-02;4;0
5;2025-12-02;5;0
5;2025-12-02;6;0
5;2025-12-02;7;0
5;2025-12-02;8;0
5;2025-12-02;9;0
5;2025-12-02;10;0
5;2025-12-02;11;0
5;2025-12-02;12;0
5;2025-12-02;13;0
5;2025-12-02;14;0
5;2025-12-02;15;0
5;2025-12-02;16;0
5;2025-12-02;17;0
5;2025-12-02;18;0
5;2025-12-02;19;0
5;2025-12-02;20;0
5;2025-12-02;21;0
5;2025-12-02;22;0
5;2025-12-02;23;0
5;2025-12-03;0;0
5;2025-12-03;1;0
5;2025-12-03;2;0
5;2025-12-03;3;0
5;2025-12-03;4;0
5;2025-12-03;5;0
5;2025-12-03;6;0
5;2025-12-03;7;0
5;2025-12-03;8;0
5;2025-12-03;9;0
5;2025-12-03;10;0
5;2025-12-03;11;0
5;2025-12-03;12;0
5;2025-12-03;13;0
5;2025-12-03;14;0
5;2025-12-03;15;0
5;2025-12-03;16;0
5;2025-12-03;17;0
5;2025-12-03;18;0
5;2025-12-03;19;0
5;2025-12-03;20;0
5;2025-12-03;21;0
5;2025-12-03;22;0
5;2025-12-03;23;0
5;2025-12-04;0;0
5;2025-12-04;1;0
5;2025-12-04;2;0
5;2025-12-04;3;0
5;2025-12-04;4;0
5;2025-12-04;5;0
5;2025-12-04;6;0
5;2025-12-04;7;0
5;2025-12-04;8;0
5;2025-12-04;9;0
5;2025-12-04;10;0
5;2025-12-04;11;0
5;2025-12-04;12;0
5;2025-12-04;13;0
5;2025-12-04;14;0
5;2025-12-04;15;0
5;2025-12-04;16;0
5;2025-12-04;17;0
5;2025-12-04;18;0
5;2025-12-04;19;0
5;2025-12-04;20;0
5;2025-12-04;21;0
5;2025-12-04;22;0
5;2025-12-04;23;0
5;2025-12-05;0;0
5;2025-12-05;1;0
5;2025-12-05;2;0
5;2025-12-05;3;0
5;2025-12-05;4;0
5;2025-12-05;5;0
5;2025-12-05;6;0
5;2025-12-05;7;0
5;2025-12-05;8;0
5;2025-12-05;9;0
5;2025-12-05;10;0
5;2025-12-05;11;0
5;2025-12-05;12;0
5;2025-12-05;13;0
5;2025-12-05;14;0
5;2025-12-05;15;0
5;2025-12-05;16;0
5;2025-12-05;17;0
5;2025-12-05;18;0
5;2025-12-05;19;0
5;2025-12-05;20;0
5;2025-12-05;21;0
5;2025-12-05;22;0
5;2025-12-05;23;0
5;2025-12-06;0;0
5;2025-12-06;1;0
5;2025-12-06;2;0
5;2025-12-06;3;0
5;2025-12-06;4;0
5;2025-12-06;5;0
5;2025-12-06;6;0
5;2025-12-06;7;0
5;2025-12-06;8;0
5;2025-12-06;9;0
5;2025-12-06;10;0
5;2025-12-06;11;0
5;2025-12-06;12;0
5;2025-12-06;13;0
5;2025-12-06;14;0
5;2025-12-06;15;0
5;2025-12-06;16;0
5;2025-12-06;17;0
5;2025-12-06;18;0
5;2025-12-06;19;0
5;2025-12-06;20;0
5;2025-12-06;21;0
5;2025-12-06;22;0
5;2025-12-06;23;0
5;2025-12-07;0;0
5;2025-12-07;1;0
5;2025-12-07;2;0
5;2025-12-07;3;0
5;2025-12-07;4;0
5;2025-12-07;5;0
5;2025-12-07;6;0
5;2025-12-07;7;0
5;2025-12-07;8;0
5;2025-12-07;9;0
5;2025-12-07;10;0
5;2025-12-07;11;0
5;2025-12-07;12;0
5;2025-12-07;13;0
5;2025-12-07;14;0
5;2025-12-07;15;0
5;2025-12-07;16;0
5;2025-12-07;17;0
5;2025-12-07;18;0
5;2025-12-07;19;0
5;2025-12-07;20;0
5;2025-12-07;21;0
5;2025-12-07;22;0
5;2025-12-07;23;0
5;2025-12-08;0;0
5;2025-12-08;1;0
5;2025-12-08;2;0
5;2025-12-08;3;0
5;2025-12-08;4;0
5;2025-12-08;5;0
5;2025-12-08;6;0
5;2025-12-08;7;0
5;2025-12-08;8;0
5;2025-12-08;9;0
5;2025-12-08;10;0
5;2025-12-08;11;0
5;2025-12-08;12;0
5;2025-12-08;13;0
5;2025-12-08;14;0
5;2025-12-08;15;0
5;2025-12-08;16;0
5;2025-12-08;17;0
5;2025-12-08;18;0
5;2025-12-08;19;0
5;2025-12-08;20;0
5;2025-12-08;21;0
5;2025-12-08;22;0
5;2025-12-08;23;0
5;2025-12-09;0;0
5;2025-12-09;1;0
5;2025-12-09;2;0
5;2025-12-09;3;0
5;2025-12-09;4;0
5;2025-12-09;5;0
5;2025-12-09;6;0
5;2025-12-09;7;0
5;2025-12-09;8;0
5;2025-12-09;9;0
5;2025-12-09;10;0
5;2025-12-09;11;0
5;2025-12-09;12;0
5;2025-12-09;13;0
5;2025-12-09;14;0
5;2025-12-09;15;0
5;2025-12-09;16;0
5;2025-12-09;17;0
5;2025-12-09;18;0
5;2025-12-09;19;0
5;2025-12-09;20;0
5;2025-12-09;21;0
5;2025-12-09;22;0
5;2025-12-09;23;0
5;2025-12-10;0;0
5;2025-12-10;1;0
5;2025-12-10;2;0
5;2025-12-10;3;0
5;2025-12-10;4;0
5;2025-12-10;5;0
5;2025-12-10;6;0
5;2025-12-10;7;0
5;2025-12-10;8;0
5;2025-12-10;9;0
5;2025-12-10;10;0
5;2025-12-10;11;0
5;2025-12-10;12;0
5;2025-12-10;13;0
5;2025-12-10;14;0
5;2025-12-10;15;0
5;2025-12-10;16;0
5;2025-12-10;17;0
5;2025-12-10;18;0
5;2025-12-10;19;0
5;2025-12-10;20;0
5;2025-12-10;21;0
5;2025-12-10;22;0
5;2025-12-10;23;0
5;2025-12-11;0;0
5;2025-12-11;1;0
5;2025-12-11;2;0
5;2025-12-11;3;0
5;2025-12-11;4;0
5;2025-12-11;5;0
5;2025-12-11;6;0
5;2025-12-11;7;0
5;2025-12-11;8;0
5;2025-12-11;9;0
5;2025-12-11;10;0
5;2025-12-11;11;0
5;2025-12-11;12;0
5;2025-12-11;13;0
5;2025-12-11;14;0
5;2025-12-11;15;0
5;2025-12-11;16;0
5;2025-12-11;17;0
5;2025-12-11;18;0
5;2025-12-11;19;0
5;2025-12-11;20;0
5;2025-12-11;21;0
5;2025-12-11;22;0
5;2025-12-11;23;0
5;2025-12-12;0;0
5;2025-12-12;1;0
5;2025-12-12;2;0
5;2025-12-12;3;0
5;2025-12-12;4;0
5;2025-12-12;5;0
5;2025-12-12;6;0
5;2025-12-12;7;0
5;2025-12-12;8;0
5;2025-12-12;9;0
5;2025-12-12;10;0
5;2025-12-12;11;0
5;2025-12-12;12;0
5;2025-12-12;13;0
5;2025-12-12;14;0
5;2025-12-12;15;0
5;2025-12-12;16;0
5;2025-12-12;17;0
5;2025-12-12;18;0
5;2025-12-12;19;0
5;2025-12-12;20;0
5;2025-12-12;21;0
5;2025-12-12;22;0
5;2025-12-12;23;0
5;2025-12-13;0;0
5;2025-12-13;1;0
5;2025-12-13;2;0
5;2025-12-13;3;0
5;2025-12-13;4;0
5;2025-12-13;5;0
5;2025-12-13;6;0
5;2025-12-13;7;0
5;2025-12-13;8;0
5;2025-12-13;9;0
5;2025-12-13;10;0
5;2025-12-13;11;0
5;2025-12-13;12;0
5;2025-12-13;13;0
5;2025-12-13;14;0
5;2025-12-13;15;0
5;2025-12-13;16;0
5;2025-12-13;17;0
5;2025-12-13;18;0
5;2025-12-13;19;0
5;2025-12-13;20;0
5;2025-12-13;21;0
5;2025-12-13;22;0
5;2025-12-13;23;0
5;2025-12-14;0;0
5;2025-12-14;1;0
5;2025-12-14;2;0
5;2025-12-14;3;0
5;2025-12-14;4;0
5;2025-12-14;5;0
5;2025-12-14;6;0
5;2025-12-14;7;0
5;2025-12-14;8;0
5;2025-12-14;9;0
5;2025-12-14;10;0
5;2025-12-14;11;0
5;2025-12-14;12;0
5;2025-12-14;13;0
5;2025-12-14;14;0
5;2025-12-14;15;0
5;2025-12-14;16;0
5;2025-12-14;17;0
5;2025-12-14;18;0
5;2025-12-14;19;0
5;2025-12-14;20;0
5;2025-12-14;21;0
5;2025-12-14;22;0
5;2025-12-14;23;0
5;2025-12-15;0;0
5;2025-12-15;1;0
5;2025-12-15;2;0
5;2025-12-15;3;0
5;2025-12-15;4;0
5;2025-12-15;5;0
5;2025-12-15;6;0
5;2025-12-15;7;0
5;2025-12-15;8;0
5;2025-12-15;9;0
5;2025-12-15;10;0
5;2025-12-15;11;0
5;2025-12-15;12;0
5;2025-12-15;13;0
5;2025-12-15;14;0
5;2025-12-15;15;0
5;2025-12-15;16;0
5;2025-12-15;17;0
5;2025-12-15;18;0
5;2025-12-15;19;0
5;2025-12-15;20;0
5;2025-12-15;21;0
5;2025-12-15;22;0
5;2025-12-15;23;0
5;2025-12-16;0;8
5;2025-12-16;1;1
5;2025-12-16;2;0
5;2025-12-16;3;0
5;2025-12-16;4;0
5;2025-12-16;5;26
5;2025-12-16;6;98
5;2025-12-16;7;217
5;2025-12-16;8;329
5;2025-12-16;9;252
5;2025-12-16;10;218
5;2025-12-16;11;190
5;2025-12-16;12;201
5;2025-12-16;13;198
5;2025-12-16;14;212
5;2025-12-16;15;232
5;2025-12-16;16;248
5;2025-12-16;17;306
5;2025-12-16;18;338
5;2025-12-16;19;228
5;2025-12-16;20;143
5;2025-12-16;21;84
5;2025-12-16;22;40
5;2025-12-16;23;24
5;2025-12-17;0;13
5;2025-12-17;1;2
5;2025-12-17;2;0
5;2025-12-17;3;0
5;2025-12-17;4;0
5;2025-12-17;5;43
5;2025-12-17;6;164
5;2025-12-17;7;361
5;2025-12-17;8;548
5;2025-12-17;9;420
5;2025-12-17;10;363
5;2025-12-17;11;317
5;2025-12-17;12;335
5;2025-12-17;13;330
5;2025-12-17;14;354
5;2025-12-17;15;386
5;2025-12-17;16;413
5;2025-12-17;17;510
5;2025-12-17;18;563
5;2025-12-17;19;380
5;2025-12-17;20;238
5;2025-12-17;21;140
5;2025-12-17;22;67
5;2025-12-17;23;40
5;2025-12-18;0;13
5;2025-12-18;1;2
5;2025-12-18;2;0
5;2025-12-18;3;0
5;2025-12-18;4;0
5;2025-12-18;5;43
5;2025-12-18;6;164
5;2025-12-18;7;361
5;2025-12-18;8;548
5;2025-12-18;9;420
5;2025-12-18;10;363
5;2025-12-18;11;317
5;2025-12-18;12;335
5;2025-12-18;13;330
5;2025-12-18;14;354
5;2025-12-18;15;386
5;2025-12-18;16;413
5;2025-12-18;17;510
5;2025-12-18;18;563
5;2025-12-18;19;380
5;2025-12-18;20;238
5;2025-12-18;21;140
5;2025-12-18;22;67
5;2025-12-18;23;40
5;2025-12-19;0;14
5;2025-12-19;1;2
5;2025-12-19;2;0
5;2025-12-19;3;0
5;2025-12-19;4;0
5;2025-12-19;5;42
5;2025-12-19;6;154
5;2025-12-19;7;349
5;2025-12-19;8;509
5;2025-12-19;9;398
5;2025-12-19;10;365
5;2025-12-19;11;344
5;2025-12-19;12;352
5;2025-12-19;13;375
5;2025-12-19;14;391
5;2025-12-19;15;414
5;2025-12-19;16;489
5;2025-12-19;17;505
5;2025-12-19;18;458
5;2025-12-19;19;337
5;2025-12-19;20;230
5;2025-12-19;21;142
5;2025-12-19;22;77
5;2025-12-19;23;50
5;2025-12-20;0;19
5;2025-12-20;1;5
5;2025-12-20;2;0
5;2025-12-20;3;0
5;2025-12-20;4;0
5;2025-12-20;5;10
5;2025-12-20;6;65
5;2025-12-20;7;97
5;2025-12-20;8;158
5;2025-12-20;9;192
5;2025-12-20;10;207
5;2025-12-20;11;262
5;2025-12-20;12;296
5;2025-12-20;13;290
5;2025-12-20;14;310
5;2025-12-20;15;276
5;2025-12-20;16;271
5;2025-12-20;17;248
5;2025-12-20;18;232
5;2025-12-20;19;221
5;2025-12-20;20;183
5;2025-12-20;21;137
5;2025-12-20;22;73
5;2025-12-20;23;47
5;2025-12-21;0;21
5;2025-12-21;1;5
5;2025-12-21;2;0
5;2025-12-21;3;0
5;2025-12-21;4;0
5;2025-12-21;5;9
5;2025-12-21;6;49
5;2025-12-21;7;68
5;2025-12-21;8;112
5;2025-12-21;9;140
5;2025-12-21;10;171
5;2025-12-21;11;226
5;2025-12-21;12;249
5;2025-12-21;13;263
5;2025-12-21;14;275
5;2025-12-21;15;263
5;2025-12-21;16;246
5;2025-12-21;17;238
5;2025-12-21;18;199
5;2025-12-21;19;167
5;2025-12-21;20;153
5;2025-12-21;21;116
5;2025-12-21;22;65
5;2025-12-21;23;36
5;2025-12-22;0;13
5;2025-12-22;1;2
5;2025-12-22;2;0
5;2025-12-22;3;0
5;2025-12-22;4;0
5;2025-12-22;5;43
5;2025-12-22;6;164
5;2025-12-22;7;361
5;2025-12-22;8;548
5;2025-12-22;9;420
5;2025-12-22;10;363
5;2025-12-22;11;317
5;2025-12-22;12;335
5;2025-12-22;13;330
5;2025-12-22;14;354
5;2025-12-22;15;386
5;2025-12-22;16;413
5;2025-12-22;17;510
5;2025-12-22;18;563
5;2025-12-22;19;380
5;2025-12-22;20;238
5;2025-12-22;21;140
5;2025-12-22;22;67
5;2025-12-22;23;40
5;2025-12-23;0;13
5;2025-12-23;1;2
5;2025-12-23;2;0
5;2025-12-23;3;0
5;2025-12-23;4;0
5;2025-12-23;5;43
5;2025-12-23;6;164
5;2025-12-23;7;361
5;2025-12-23;8;548
5;2025-12-23;9;420
5;2025-12-23;10;363
5;2025-12-23;11;317
5;2025-12-23;12;335
5;2025-12-23;13;330
5;2025-12-23;14;354
5;2025-12-23;15;386
5;2025-12-23;16;413
5;2025-12-23;17;510
5;2025-12-23;18;563
5;2025-12-23;19;380
5;2025-12-23;20;238
5;2025-12-23;21;140
5;2025-12-23;22;67
5;2025-12-23;23;40
5;2025-12-24;0;13
5;2025-12-24;1;2
5;2025-12-24;2;0
5;2025-12-24;3;0
5;2025-12-24;4;0
5;2025-12-24;5;43
5;2025-12-24;6;164
5;2025-12-24;7;361
5;2025-12-24;8;548
5;2025-12-24;9;420
5;2025-12-24;10;363
5;2025-12-24;11;317
5;2025-12-24;12;335
5;2025-12-24;13;330
5;2025-12-24;14;354
5;2025-12-24;15;386
5;2025-12-24;16;413
5;2025-12-24;17;510
5;2025-12-24;18;563
5;2025-12-24;19;380
5;2025-12-24;20;238
5;2025-12-24;21;140
5;2025-12-24;22;67
5;2025-12-24;23;40
5;2025-12-25;0;13
5;2025-12-25;1;2
5;2025-12-25;2;0
5;2025-12-25;3;0
5;2025-12-25;4;0
5;2025-12-25;5;43
5;2025-12-25;6;164
5;2025-12-25;7;361
5;2025-12-25;8;548
5;2025-12-25;9;420
5;2025-12-25;10;363
5;2025-12-25;11;317
5;2025-12-25;12;335
5;2025-12-25;13;330
5;2025-12-25;14;354
5;2025-12-25;15;386
5;2025-12-25;16;413
5;2025-12-25;17;510
5;2025-12-25;18;563
5;2025-12-25;19;380
5;2025-12-25;20;238
5;2025-12-25;21;140
5;2025-12-25;22;67
5;2025-12-25;23;40
5;2025-12-26;0;14
5;2025-12-26;1;2
5;2025-12-26;2;0
5;2025-12-26;3;0
5;2025-12-26;4;0
5;2025-12-26;5;42
5;2025-12-26;6;154
5;2025-12-26;7;349
5;2025-12-26;8;509
5;2025-12-26;9;398
5;2025-12-26;10;365
5;2025-12-26;11;344
5;2025-12-26;12;352
5;2025-12-26;13;375
5;2025-12-26;14;391
5;2025-12-26;15;414
5;2025-12-26;16;489
5;2025-12-26;17;505
5;2025-12-26;18;458
5;2025-12-26;19;337
5;2025-12-26;20;230
5;2025-12-26;21;142
5;2025-12-26;22;77
5;2025-12-26;23;50
5;2025-12-27;0;19
5;2025-12-27;1;5
5;2025-12-27;2;0
5;2025-12-27;3;0
5;2025-12-27;4;0
5;2025-12-27;5;10
5;2025-12-27;6;65
5;2025-12-27;7;97
5;2025-12-27;8;158
5;2025-12-27;9;192
5;2025-12-27;10;207
5;2025-12-27;11;262
5;2025-12-27;12;296
5;2025-12-27;13;290
5;2025-12-27;14;310
5;2025-12-27;15;276
5;2025-12-27;16;271
5;2025-12-27;17;248
5;2025-12-27;18;232
5;2025-12-27;19;221
5;2025-12-27;20;183
5;2025-12-27;21;137
5;2025-12-27;22;73
5;2025-12-27;23;47
5;2025-12-28;0;21
5;2025-12-28;1;5
5;2025-12-28;2;0
5;2025-12-28;3;0
5;2025-12-28;4;0
5;2025-12-28;5;9
5;2025-12-28;6;49
5;2025-12-28;7;68
5;2025-12-28;8;112
5;2025-12-28;9;140
5;2025-12-28;10;171
5;2025-12-28;11;226
5;2025-12-28;12;249
5;2025-12-28;13;263
5;2025-12-28;14;275
5;2025-12-28;15;263
5;2025-12-28;16;246
5;2025-12-28;17;238
5;2025-12-28;18;199
5;2025-12-28;19;167
5;2025-12-28;20;153
5;2025-12-28;21;116
5;2025-12-28;22;65
5;2025-12-28;23;36
5;2025-12-29;0;12
5;2025-12-29;1;2
5;2025-12-29;2;0
5;2025-12-29;3;0
5;2025-12-29;4;0
5;2025-12-29;5;39
5;2025-12-29;6;147
5;2025-12-29;7;325
5;2025-12-29;8;493
5;2025-12-29;9;378
5;2025-12-29;10;327
5;2025-12-29;11;286
5;2025-12-29;12;302
5;2025-12-29;13;297
5;2025-12-29;14;319
5;2025-12-29;15;348
5;2025-12-29;16;372
5;2025-12-29;17;459
5;2025-12-29;18;507
5;2025-12-29;19;342
5;2025-12-29;20;214
5;2025-12-29;21;126
5;2025-12-29;22;60
5;2025-12-29;23;36
5;2025-12-30;0;11
5;2025-12-30;1;2
5;2025-12-30;2;0
5;2025-12-30;3;0
5;2025-12-30;4;0
5;2025-12-30;5;37
5;2025-12-30;6;139
5;2025-12-30;7;307
5;2025-12-30;8;466
5;2025-12-30;9;357
5;2025-12-30;10;308
5;2025-12-30;11;270
5;2025-12-30;12;285
5;2025-12-30;13;281
5;2025-12-30;14;301
5;2025-12-30;15;328
5;2025-12-30;16;351
5;2025-12-30;17;434
5;2025-12-30;18;479
5;2025-12-30;19;323
5;2025-12-30;20;202
5;2025-12-30;21;119
5;2025-12-30;22;57
5;2025-12-30;23;34
5;2025-12-31;0;10
5;2025-12-31;1;3
5;2025-12-31;2;0
5;2025-12-31;3;0
5;2025-12-31;4;0
5;2025-12-31;5;6
5;2025-12-31;6;35
5;2025-12-31;7;52
5;2025-12-31;8;86
5;2025-12-31;9;104
5;2025-12-31;10;112
5;2025-12-31;11;141
5;2025-12-31;12;160
5;2025-12-31;13;157
5;2025-12-31;14;168
5;2025-12-31;15;149
5;2025-12-31;16;147
5;2025-12-31;17;134
5;2025-12-31;18;126
5;2025-12-31;19;120
5;2025-12-31;20;10
5;2025-12-31;21;7
5;2025-12-31;22;4
5;2025-12-31;23;2
7;2025-11-01;0;109
7;2025-11-01;1;25
7;2025-11-01;2;0
7;2025-11-01;3;0
7;2025-11-01;4;1
7;2025-11-01;5;167
7;2025-11-01;6;606
7;2025-11-01;7;1388
7;2025-11-01;8;2037
7;2025-11-01;9;1579
7;2025-11-01;10;1484
7;2025-11-01;11;1392
7;2025-11-01;12;1431
7;2025-11-01;13;1511
7;2025-11-01;14;1572
7;2025-11-01;15;1671
7;2025-11-01;16;1956
7;2025-11-01;17;2027
7;2025-11-01;18;1825
7;2025-11-01;19;1325
7;2025-11-01;20;921
7;2025-11-01;21;565
7;2025-11-01;22;306
7;2025-11-01;23;204
7;2025-11-02;0;102
7;2025-11-02;1;24
7;2025-11-02;2;0
7;2025-11-02;3;0
7;2025-11-02;4;1
7;2025-11-02;5;29
7;2025-11-02;6;128
7;2025-11-02;7;169
7;2025-11-02;8;381
7;2025-11-02;9;504
7;2025-11-02;10;402
7;2025-11-02;11;598
7;2025-11-02;12;646
7;2025-11-02;13;642
7;2025-11-02;14;670
7;2025-11-02;15;726
7;2025-11-02;16;625
7;2025-11-02;17;611
7;2025-11-02;18;634
7;2025-11-02;19;470
7;2025-11-02;20;406
7;2025-11-02;21;298
7;2025-11-02;22;154
7;2025-11-02;23;123
7;2025-11-03;0;91
7;2025-11-03;1;21
7;2025-11-03;2;0
7;2025-11-03;3;0
7;2025-11-03;4;1
7;2025-11-03;5;32
7;2025-11-03;6;155
7;2025-11-03;7;184
7;2025-11-03;8;429
7;2025-11-03;9;439
7;2025-11-03;10;420
7;2025-11-03;11;526
7;2025-11-03;12;644
7;2025-11-03;13;622
7;2025-11-03;14;622
7;2025-11-03;15;643
7;2025-11-03;16;594
7;2025-11-03;17;572
7;2025-11-03;18;565
7;2025-11-03;19;432
7;2025-11-03;20;387
7;2025-11-03;21;277
7;2025-11-03;22;149
7;2025-11-03;23;120
7;2025-11-04;0;91
7;2025-11-04;1;21
7;2025-11-04;2;0
7;2025-11-04;3;0
7;2025-11-04;4;1
7;2025-11-04;5;32
7;2025-11-04;6;155
7;2025-11-04;7;184
7;2025-11-04;8;429
7;2025-11-04;9;439
7;2025-11-04;10;420
7;2025-11-04;11;526
7;2025-11-04;12;644
7;2025-11-04;13;622
7;2025-11-04;14;622
7;2025-11-04;15;643
7;2025-11-04;16;594
7;2025-11-04;17;572
7;2025-11-04;18;565
7;2025-11-04;19;432
7;2025-11-04;20;387
7;2025-11-04;21;277
7;2025-11-04;22;149
7;2025-11-04;23;120
7;2025-11-05;0;60
7;2025-11-05;1;12
7;2025-11-05;2;0
7;2025-11-05;3;0
7;2025-11-05;4;1
7;2025-11-05;5;202
7;2025-11-05;6;745
7;2025-11-05;7;1690
7;2025-11-05;8;2575
7;2025-11-05;9;1964
7;2025-11-05;10;1717
7;2025-11-05;11;1520
7;2025-11-05;12;1612
7;2025-11-05;13;1573
7;2025-11-05;14;1674
7;2025-11-05;15;1826
7;2025-11-05;16;1946
7;2025-11-05;17;2405
7;2025-11-05;18;2650
7;2025-11-05;19;1775
7;2025-11-05;20;1123
7;2025-11-05;21;663
7;2025-11-05;22;316
7;2025-11-05;23;190
7;2025-11-06;0;60
7;2025-11-06;1;12
7;2025-11-06;2;0
7;2025-11-06;3;0
7;2025-11-06;4;1
7;2025-11-06;5;202
7;2025-11-06;6;745
7;2025-11-06;7;1690
7;2025-11-06;8;2575
7;2025-11-06;9;1964
7;2025-11-06;10;1717
7;2025-11-06;11;1520
7;2025-11-06;12;1612
7;2025-11-06;13;1573
7;2025-11-06;14;1674
7;2025-11-06;15;1826
7;2025-11-06;16;1946
7;2025-11-06;17;2405
7;2025-11-06;18;2650
7;2025-11-06;19;1775
7;2025-11-06;20;1123
7;2025-11-06;21;663
7;2025-11-06;22;316
7;2025-11-06;23;190
7;2025-11-07;0;67
7;2025-11-07;1;12
7;2025-11-07;2;0
7;2025-11-07;3;0
7;2025-11-07;4;1
7;2025-11-07;5;190
7;2025-11-07;6;689
7;2025-11-07;7;1578
7;2025-11-07;8;2315
7;2025-11-07;9;1795
7;2025-11-07;10;1687
7;2025-11-07;11;1582
7;2025-11-07;12;1627
7;2025-11-07;13;1718
7;2025-11-07;14;1787
7;2025-11-07;15;1900
7;2025-11-07;16;2223
7;2025-11-07;17;2304
7;2025-11-07;18;2074
7;2025-11-07;19;1506
7;2025-11-07;20;1047
7;2025-11-07;21;643
7;2025-11-07;22;348
7;2025-11-07;23;232
7;2025-11-08;0;116
7;2025-11-08;1;26
7;2025-11-08;2;0
7;2025-11-08;3;0
7;2025-11-08;4;1
7;2025-11-08;5;47
7;2025-11-08;6;256
7;2025-11-08;7;280
7;2025-11-08;8;668
7;2025-11-08;9;539
7;2025-11-08;10;617
7;2025-11-08;11;654
7;2025-11-08;12;911
7;2025-11-08;13;857
7;2025-11-08;14;818
7;2025-11-08;15;803
7;2025-11-08;16;802
7;2025-11-08;17;759
7;2025-11-08;18;713
7;2025-11-08;19;564
7;2025-11-08;20;523
7;2025-11-08;21;366
7;2025-11-08;22;206
7;2025-11-08;23;167
7;2025-11-09;0;102
7;2025-11-09;1;24
7;2025-11-09;2;0
7;2025-11-09;3;0
7;2025-11-09;4;1
7;2025-11-09;5;29
7;2025-11-09;6;128
7;2025-11-09;7;169
7;2025-11-09;8;381
7;2025-11-09;9;504
7;2025-11-09;10;402
7;2025-11-09;11;598
7;2025-11-09;12;646
7;2025-11-09;13;642
7;2025-11-09;14;670
7;2025-11-09;15;726
7;2025-11-09;16;625
7;2025-11-09;17;611
7;2025-11-09;18;634
7;2025-11-09;19;470
7;2025-11-09;20;406
7;2025-11-09;21;298
7;2025-11-09;22;154
7;2025-11-09;23;123
7;2025-11-10;0;59
7;2025-11-10;1;12
7;2025-11-10;2;0
7;2025-11-10;3;0
7;2025-11-10;4;1
7;2025-11-10;5;196
7;2025-11-10;6;725
7;2025-11-10;7;1645
7;2025-11-10;8;2506
7;2025-11-10;9;1911
7;2025-11-10;10;1671
7;2025-11-10;11;1479
7;2025-11-10;12;1569
7;2025-11-10;13;1530
7;2025-11-10;14;1629
7;2025-11-10;15;1777
7;2025-11-10;16;1894
7;2025-11-10;17;2340
7;2025-11-10;18;2579
7;2025-11-10;19;1727
7;2025-11-10;20;1093
7;2025-11-10;21;645
7;2025-11-10;22;308
7;2025-11-10;23;185
7;2025-11-11;0;60
7;2025-11-11;1;12
7;2025-11-11;2;0
7;2025-11-11;3;0
7;2025-11-11;4;1
7;2025-11-11;5;202
7;2025-11-11;6;745
7;2025-11-11;7;1690
7;2025-11-11;8;2575
7;2025-11-11;9;1964
7;2025-11-11;10;1717
7;2025-11-11;11;1520
7;2025-11-11;12;1612
7;2025-11-11;13;1573
7;2025-11-11;14;1674
7;2025-11-11;15;1826
7;2025-11-11;16;1946
7;2025-11-11;17;2405
7;2025-11-11;18;2650
7;2025-11-11;19;1775
7;2025-11-11;20;1123
7;2025-11-11;21;663
7;2025-11-11;22;316
7;2025-11-11;23;190
7;2025-11-12;0;57
7;2025-11-12;1;11
7;2025-11-12;2;0
7;2025-11-12;3;0
7;2025-11-12;4;1
7;2025-11-12;5;190
7;2025-11-12;6;700
7;2025-11-12;7;1589
7;2025-11-12;8;2420
7;2025-11-12;9;1846
7;2025-11-12;10;1614
7;2025-11-12;11;1429
7;2025-11-12;12;1515
7;2025-11-12;13;1478
7;2025-11-12;14;1574
7;2025-11-12;15;1716
7;2025-11-12;16;1829
7;2025-11-12;17;2260
7;2025-11-12;18;2491
7;2025-11-12;19;1668
7;2025-11-12;20;1056
7;2025-11-12;21;623
7;2025-11-12;22;297
7;2025-11-12;23;179
7;2025-11-13;0;57
7;2025-11-13;1;11
7;2025-11-13;2;0
7;2025-11-13;3;0
7;2025-11-13;4;1
7;2025-11-13;5;190
7;2025-11-13;6;700
7;2025-11-13;7;1589
7;2025-11-13;8;2420
7;2025-11-13;9;1846
7;2025-11-13;10;1614
7;2025-11-13;11;1429
7;2025-11-13;12;1515
7;2025-11-13;13;1478
7;2025-11-13;14;1574
7;2025-11-13;15;1716
7;2025-11-13;16;1829
7;2025-11-13;17;2260
7;2025-11-13;18;2491
7;2025-11-13;19;1668
7;2025-11-13;20;1056
7;2025-11-13;21;623
7;2025-11-13;22;297
7;2025-11-13;23;179
7;2025-11-14;0;63
7;2025-11-14;1;11
7;2025-11-14;2;0
7;2025-11-14;3;0
7;2025-11-14;4;1
7;2025-11-14;5;178
7;2025-11-14;6;648
7;2025-11-14;7;1483
7;2025-11-14;8;2176
7;2025-11-14;9;1687
7;2025-11-14;10;1586
7;2025-11-14;11;1487
7;2025-11-14;12;1529
7;2025-11-14;13;1615
7;2025-11-14;14;1680
7;2025-11-14;15;1786
7;2025-11-14;16;2090
7;2025-11-14;17;2166
7;2025-11-14;18;1950
7;2025-11-14;19;1416
7;2025-11-14;20;984
7;2025-11-14;21;604
7;2025-11-14;22;327
7;2025-11-14;23;218
7;2025-11-15;0;82
7;2025-11-15;1;24
7;2025-11-15;2;0
7;2025-11-15;3;0
7;2025-11-15;4;1
7;2025-11-15;5;45
7;2025-11-15;6;285
7;2025-11-15;7;424
7;2025-11-15;8;693
7;2025-11-15;9;838
7;2025-11-15;10;903
7;2025-11-15;11;1144
7;2025-11-15;12;1296
7;2025-11-15;13;1268
7;2025-11-15;14;1356
7;2025-11-15;15;1209
7;2025-11-15;16;1186
7;2025-11-15;17;1085
7;2025-11-15;18;1017
7;2025-11-15;19;968
7;2025-11-15;20;799
7;2025-11-15;21;600
7;2025-11-15;22;318
7;2025-11-15;23;205
7;2025-11-16;0;90
7;2025-11-16;1;20
7;2025-11-16;2;0
7;2025-11-16;3;0
7;2025-11-16;4;0
7;2025-11-16;5;38
7;2025-11-16;6;206
7;2025-11-16;7;287
7;2025-11-16;8;474
7;2025-11-16;9;593
7;2025-11-16;10;725
7;2025-11-16;11;956
7;2025-11-16;12;1055
7;2025-11-16;13;1113
7;2025-11-16;14;1167
7;2025-11-16;15;1112
7;2025-11-16;16;1042
7;2025-11-16;17;1006
7;2025-11-16;18;842
7;2025-11-16;19;708
7;2025-11-16;20;649
7;2025-11-16;21;492
7;2025-11-16;22;275
7;2025-11-16;23;151
7;2025-11-17;0;55
7;2025-11-17;1;11
7;2025-11-17;2;0
7;2025-11-17;3;0
7;2025-11-17;4;1
7;2025-11-17;5;185
7;2025-11-17;6;682
7;2025-11-17;7;1546
7;2025-11-17;8;2355
7;2025-11-17;9;1797
7;2025-11-17;10;1571
7;2025-11-17;11;1391
7;2025-11-17;12;1475
7;2025-11-17;13;1439
7;2025-11-17;14;1532
7;2025-11-17;15;1670
7;2025-11-17;16;1780
7;2025-11-17;17;2200
7;2025-11-17;18;2424
7;2025-11-17;19;1624
7;2025-11-17;20;1027
7;2025-11-17;21;607
7;2025-11-17;22;289
7;2025-11-17;23;174
7;2025-11-18;0;57
7;2025-11-18;1;11
7;2025-11-18;2;0
7;2025-11-18;3;0
7;2025-11-18;4;1
7;2025-11-18;5;190
7;2025-11-18;6;700
7;2025-11-18;7;1589
7;2025-11-18;8;2420
7;2025-11-18;9;1846
7;2025-11-18;10;1614
7;2025-11-18;11;1429
7;2025-11-18;12;1515
7;2025-11-18;13;1478
7;2025-11-18;14;1574
7;2025-11-18;15;1716
7;2025-11-18;16;1829
7;2025-11-18;17;2260
7;2025-11-18;18;2491
7;2025-11-18;19;1668
7;2025-11-18;20;1056
7;2025-11-18;21;623
7;2025-11-18;22;297
7;2025-11-18;23;179
7;2025-11-19;0;57
7;2025-11-19;1;11
7;2025-11-19;2;0
7;2025-11-19;3;0
7;2025-11-19;4;1
7;2025-11-19;5;190
7;2025-11-19;6;700
7;2025-11-19;7;1589
7;2025-11-19;8;2420
7;2025-11-19;9;1846
7;2025-11-19;10;1614
7;2025-11-19;11;1429
7;2025-11-19;12;1515
7;2025-11-19;13;1478
7;2025-11-19;14;1574
7;2025-11-19;15;1716
7;2025-11-19;16;1829
7;2025-11-19;17;2260
7;2025-11-19;18;2491
7;2025-11-19;19;1668
7;2025-11-19;20;1056
7;2025-11-19;21;623
7;2025-11-19;22;297
7;2025-11-19;23;179
7;2025-11-20;0;57
7;2025-11-20;1;11
7;2025-11-20;2;0
7;2025-11-20;3;0
7;2025-11-20;4;1
7;2025-11-20;5;190
7;2025-11-20;6;700
7;2025-11-20;7;1589
7;2025-11-20;8;2420
7;2025-11-20;9;1846
7;2025-11-20;10;1614
7;2025-11-20;11;1429
7;2025-11-20;12;1515
7;2025-11-20;13;1478
7;2025-11-20;14;1574
7;2025-11-20;15;1716
7;2025-11-20;16;1829
7;2025-11-20;17;2260
7;2025-11-20;18;2491
7;2025-11-20;19;1668
7;2025-11-20;20;1056
7;2025-11-20;21;623
7;2025-11-20;22;297
7;2025-11-20;23;179
7;2025-11-21;0;63
7;2025-11-21;1;11
7;2025-11-21;2;0
7;2025-11-21;3;0
7;2025-11-21;4;1
7;2025-11-21;5;178
7;2025-11-21;6;648
7;2025-11-21;7;1483
7;2025-11-21;8;2176
7;2025-11-21;9;1687
7;2025-11-21;10;1586
7;2025-11-21;11;1487
7;2025-11-21;12;1529
7;2025-11-21;13;1615
7;2025-11-21;14;1680
7;2025-11-21;15;1786
7;2025-11-21;16;2090
7;2025-11-21;17;2166
7;2025-11-21;18;1950
7;2025-11-21;19;1416
7;2025-11-21;20;984
7;2025-11-21;21;604
7;2025-11-21;22;327
7;2025-11-21;23;218
7;2025-11-22;0;82
7;2025-11-22;1;24
7;2025-11-22;2;0
7;2025-11-22;3;0
7;2025-11-22;4;1
7;2025-11-22;5;45
7;2025-11-22;6;285
7;2025-11-22;7;424
7;2025-11-22;8;693
7;2025-11-22;9;838
7;2025-11-22;10;903
7;2025-11-22;11;1144
7;2025-11-22;12;1296
7;2025-11-22;13;1268
7;2025-11-22;14;1356
7;2025-11-22;15;1209
7;2025-11-22;16;1186
7;2025-11-22;17;1085
7;2025-11-22;18;1017
7;2025-11-22;19;968
7;2025-11-22;20;799
7;2025-11-22;21;600
7;2025-11-22;22;318
7;2025-11-22;23;205
7;2025-11-23;0;90
7;2025-11-23;1;20
7;2025-11-23;2;0
7;2025-11-23;3;0
7;2025-11-23;4;0
7;2025-11-23;5;38
7;2025-11-23;6;206
7;2025-11-23;7;287
7;2025-11-23;8;474
7;2025-11-23;9;593
7;2025-11-23;10;725
7;2025-11-23;11;956
7;2025-11-23;12;1055
7;2025-11-23;13;1113
7;2025-11-23;14;1167
7;2025-11-23;15;1112
7;2025-11-23;16;1042
7;2025-11-23;17;1006
7;2025-11-23;18;842
7;2025-11-23;19;708
7;2025-11-23;20;649
7;2025-11-23;21;492
7;2025-11-23;22;275
7;2025-11-23;23;151
7;2025-11-24;0;55
7;2025-11-24;1;11
7;2025-11-24;2;0
7;2025-11-24;3;0
7;2025-11-24;4;1
7;2025-11-24;5;185
7;2025-11-24;6;682
7;2025-11-24;7;1546
7;2025-11-24;8;2355
7;2025-11-24;9;1797
7;2025-11-24;10;1571
7;2025-11-24;11;1391
7;2025-11-24;12;1475
7;2025-11-24;13;1439
7;2025-11-24;14;1532
7;2025-11-24;15;1670
7;2025-11-24;16;1780
7;2025-11-24;17;2200
7;2025-11-24;18;2424
7;2025-11-24;19;1624
7;2025-11-24;20;1027
7;2025-11-24;21;607
7;2025-11-24;22;289
7;2025-11-24;23;174
7;2025-11-25;0;57
7;2025-11-25;1;11
7;2025-11-25;2;0
7;2025-11-25;3;0
7;2025-11-25;4;1
7;2025-11-25;5;190
7;2025-11-25;6;700
7;2025-11-25;7;1589
7;2025-11-25;8;2420
7;2025-11-25;9;1846
7;2025-11-25;10;1614
7;2025-11-25;11;1429
7;2025-11-25;12;1515
7;2025-11-25;13;1478
7;2025-11-25;14;1574
7;2025-11-25;15;1716
7;2025-11-25;16;1829
7;2025-11-25;17;2260
7;2025-11-25;18;2491
7;2025-11-25;19;1668
7;2025-11-25;20;1056
7;2025-11-25;21;623
7;2025-11-25;22;297
7;2025-11-25;23;179
7;2025-11-26;0;57
7;2025-11-26;1;11
7;2025-11-26;2;0
7;2025-11-26;3;0
7;2025-11-26;4;1
7;2025-11-26;5;190
7;2025-11-26;6;700
7;2025-11-26;7;1589
7;2025-11-26;8;2420
7;2025-11-26;9;1846
7;2025-11-26;10;1614
7;2025-11-26;11;1429
7;2025-11-26;12;1515
7;2025-11-26;13;1478
7;2025-11-26;14;1574
7;2025-11-26;15;1716
7;2025-11-26;16;1829
7;2025-11-26;17;2260
7;2025-11-26;18;2491
7;2025-11-26;19;1668
7;2025-11-26;20;1056
7;2025-11-26;21;623
7;2025-11-26;22;297
7;2025-11-26;23;179
7;2025-11-27;0;57
7;2025-11-27;1;11
7;2025-11-27;2;0
7;2025-11-27;3;0
7;2025-11-27;4;1
7;2025-11-27;5;190
7;2025-11-27;6;700
7;2025-11-27;7;1589
7;2025-11-27;8;2420
7;2025-11-27;9;1846
7;2025-11-27;10;1614
7;2025-11-27;11;1429
7;2025-11-27;12;1515
7;2025-11-27;13;1478
7;2025-11-27;14;1574
7;2025-11-27;15;1716
7;2025-11-27;16;1829
7;2025-11-27;17;2260
7;2025-11-27;18;2491
7;2025-11-27;19;1668
7;2025-11-27;20;1056
7;2025-11-27;21;623
7;2025-11-27;22;297
7;2025-11-27;23;179
7;2025-11-28;0;63
7;2025-11-28;1;11
7;2025-11-28;2;0
7;2025-11-28;3;0
7;2025-11-28;4;1
7;2025-11-28;5;178
7;2025-11-28;6;648
7;2025-11-28;7;1483
7;2025-11-28;8;2176
7;2025-11-28;9;1687
7;2025-11-28;10;1586
7;2025-11-28;11;1487
7;2025-11-28;12;1529
7;2025-11-28;13;1615
7;2025-11-28;14;1680
7;2025-11-28;15;1786
7;2025-11-28;16;2090
7;2025-11-28;17;2166
7;2025-11-28;18;1950
7;2025-11-28;19;1416
7;2025-11-28;20;984
7;2025-11-28;21;604
7;2025-11-28;22;327
7;2025-11-28;23;218
7;2025-11-29;0;82
7;2025-11-29;1;24
7;2025-11-29;2;0
7;2025-11-29;3;0
7;2025-11-29;4;1
7;2025-11-29;5;45
7;2025-11-29;6;285
7;2025-11-29;7;424
7;2025-11-29;8;693
7;2025-11-29;9;838
7;2025-11-29;10;903
7;2025-11-29;11;1144
7;2025-11-29;12;1296
7;2025-11-29;13;1268
7;2025-11-29;14;1356
7;2025-11-29;15;1209
7;2025-11-29;16;1186
7;2025-11-29;17;1085
7;2025-11-29;18;1017
7;2025-11-29;19;968
7;2025-11-29;20;799
7;2025-11-29;21;600
7;2025-11-29;22;318
7;2025-11-29;23;205
7;2025-11-30;0;90
7;2025-11-30;1;20
7;2025-11-30;2;0
7;2025-11-30;3;0
7;2025-11-30;4;0
7;2025-11-30;5;38
7;2025-11-30;6;206
7;2025-11-30;7;287
7;2025-11-30;8;474
7;2025-11-30;9;593
7;2025-11-30;10;725
7;2025-11-30;11;956
7;2025-11-30;12;1055
7;2025-11-30;13;1113
7;2025-11-30;14;1167
7;2025-11-30;15;1112
7;2025-11-30;16;1042
7;2025-11-30;17;1006
7;2025-11-30;18;842
7;2025-11-30;19;708
7;2025-11-30;20;649
7;2025-11-30;21;492
7;2025-11-30;22;275
7;2025-11-30;23;151
7;2025-12-01;0;55
7;2025-12-01;1;11
7;2025-12-01;2;0
7;2025-12-01;3;0
7;2025-12-01;4;1
7;2025-12-01;5;186
7;2025-12-01;6;706
7;2025-12-01;7;1556
7;2025-12-01;8;2362
7;2025-12-01;9;1811
7;2025-12-01;10;1565
7;2025-12-01;11;1369
7;2025-12-01;12;1446
7;2025-12-01;13;1425
7;2025-12-01;14;1527
7;2025-12-01;15;1666
7;2025-12-01;16;1783
7;2025-12-01;17;2200
7;2025-12-01;18;2430
7;2025-12-01;19;1639
7;2025-12-01;20;1026
7;2025-12-01;21;605
7;2025-12-01;22;288
7;2025-12-01;23;171
7;2025-12-02;0;57
7;2025-12-02;1;11
7;2025-12-02;2;0
7;2025-12-02;3;0
7;2025-12-02;4;1
7;2025-12-02;5;192
7;2025-12-02;6;726
7;2025-12-02;7;1599
7;2025-12-02;8;2427
7;2025-12-02;9;1861
7;2025-12-02;10;1608
7;2025-12-02;11;1407
7;2025-12-02;12;1485
7;2025-12-02;13;1464
7;2025-12-02;14;1569
7;2025-12-02;15;1712
7;2025-12-02;16;1832
7;2025-12-02;17;2260
7;2025-12-02;18;2497
7;2025-12-02;19;1684
7;2025-12-02;20;1054
7;2025-12-02;21;622
7;2025-12-02;22;296
7;2025-12-02;23;176
7;2025-12-03;0;57
7;2025-12-03;1;11
7;2025-12-03;2;0
7;2025-12-03;3;0
7;2025-12-03;4;1
7;2025-12-03;5;192
7;2025-12-03;6;726
7;2025-12-03;7;1599
7;2025-12-03;8;2427
7;2025-12-03;9;1861
7;2025-12-03;10;1608
7;2025-12-03;11;1407
7;2025-12-03;12;1485
7;2025-12-03;13;1464
7;2025-12-03;14;1569
7;2025-12-03;15;1712
7;2025-12-03;16;1832
7;2025-12-03;17;2260
7;2025-12-03;18;2497
7;2025-12-03;19;1684
7;2025-12-03;20;1054
7;2025-12-03;21;622
7;2025-12-03;22;296
7;2025-12-03;23;176
7;2025-12-04;0;57
7;2025-12-04;1;11
7;2025-12-04;2;0
7;2025-12-04;3;0
7;2025-12-04;4;1
7;2025-12-04;5;192
7;2025-12-04;6;726
7;2025-12-04;7;1599
7;2025-12-04;8;2427
7;2025-12-04;9;1861
7;2025-12-04;10;1608
7;2025-12-04;11;1407
7;2025-12-04;12;1485
7;2025-12-04;13;1464
7;2025-12-04;14;1569
7;2025-12-04;15;1712
7;2025-12-04;16;1832
7;2025-12-04;17;2260
7;2025-12-04;18;2497
7;2025-12-04;19;1684
7;2025-12-04;20;1054
7;2025-12-04;21;622
7;2025-12-04;22;296
7;2025-12-04;23;176
7;2025-12-05;0;60
7;2025-12-05;1;11
7;2025-12-05;2;0
7;2025-12-05;3;0
7;2025-12-05;4;1
7;2025-12-05;5;180
7;2025-12-05;6;661
7;2025-12-05;7;1494
7;2025-12-05;8;2179
7;2025-12-05;9;1703
7;2025-12-05;10;1564
7;2025-12-05;11;1474
7;2025-12-05;12;1507
7;2025-12-05;13;1607
7;2025-12-05;14;1674
7;2025-12-05;15;1772
7;2025-12-05;16;2094
7;2025-12-05;17;2161
7;2025-12-05;18;1962
7;2025-12-05;19;1442
7;2025-12-05;20;987
7;2025-12-05;21;608
7;2025-12-05;22;328
7;2025-12-05;23;212
7;2025-12-06;0;82
7;2025-12-06;1;24
7;2025-12-06;2;0
7;2025-12-06;3;0
7;2025-12-06;4;1
7;2025-12-06;5;45
7;2025-12-06;6;285
7;2025-12-06;7;424
7;2025-12-06;8;693
7;2025-12-06;9;838
7;2025-12-06;10;903
7;2025-12-06;11;1144
7;2025-12-06;12;1296
7;2025-12-06;13;1268
7;2025-12-06;14;1356
7;2025-12-06;15;1209
7;2025-12-06;16;1186
7;2025-12-06;17;1085
7;2025-12-06;18;1017
7;2025-12-06;19;968
7;2025-12-06;20;799
7;2025-12-06;21;600
7;2025-12-06;22;318
7;2025-12-06;23;205
7;2025-12-07;0;90
7;2025-12-07;1;20
7;2025-12-07;2;0
7;2025-12-07;3;0
7;2025-12-07;4;0
7;2025-12-07;5;38
7;2025-12-07;6;206
7;2025-12-07;7;287
7;2025-12-07;8;474
7;2025-12-07;9;593
7;2025-12-07;10;725
7;2025-12-07;11;956
7;2025-12-07;12;1055
7;2025-12-07;13;1113
7;2025-12-07;14;1167
7;2025-12-07;15;1112
7;2025-12-07;16;1042
7;2025-12-07;17;1006
7;2025-12-07;18;842
7;2025-12-07;19;708
7;2025-12-07;20;649
7;2025-12-07;21;492
7;2025-12-07;22;275
7;2025-12-07;23;151
7;2025-12-08;0;55
7;2025-12-08;1;11
7;2025-12-08;2;0
7;2025-12-08;3;0
7;2025-12-08;4;1
7;2025-12-08;5;186
7;2025-12-08;6;706
7;2025-12-08;7;1556
7;2025-12-08;8;2362
7;2025-12-08;9;1811
7;2025-12-08;10;1565
7;2025-12-08;11;1369
7;2025-12-08;12;1446
7;2025-12-08;13;1425
7;2025-12-08;14;1527
7;2025-12-08;15;1666
7;2025-12-08;16;1783
7;2025-12-08;17;2200
7;2025-12-08;18;2430
7;2025-12-08;19;1639
7;2025-12-08;20;1026
7;2025-12-08;21;605
7;2025-12-08;22;288
7;2025-12-08;23;171
7;2025-12-09;0;57
7;2025-12-09;1;11
7;2025-12-09;2;0
7;2025-12-09;3;0
7;2025-12-09;4;1
7;2025-12-09;5;192
7;2025-12-09;6;726
7;2025-12-09;7;1599
7;2025-12-09;8;2427
7;2025-12-09;9;1861
7;2025-12-09;10;1608
7;2025-12-09;11;1407
7;2025-12-09;12;1485
7;2025-12-09;13;1464
7;2025-12-09;14;1569
7;2025-12-09;15;1712
7;2025-12-09;16;1832
7;2025-12-09;17;2260
7;2025-12-09;18;2497
7;2025-12-09;19;1684
7;2025-12-09;20;1054
7;2025-12-09;21;622
7;2025-12-09;22;296
7;2025-12-09;23;176
7;2025-12-10;0;57
7;2025-12-10;1;11
7;2025-12-10;2;0
7;2025-12-10;3;0
7;2025-12-10;4;1
7;2025-12-10;5;192
7;2025-12-10;6;726
7;2025-12-10;7;1599
7;2025-12-10;8;2427
7;2025-12-10;9;1861
7;2025-12-10;10;1608
7;2025-12-10;11;1407
7;2025-12-10;12;1485
7;2025-12-10;13;1464
7;2025-12-10;14;1569
7;2025-12-10;15;1712
7;2025-12-10;16;1832
7;2025-12-10;17;2260
7;2025-12-10;18;2497
7;2025-12-10;19;1684
7;2025-12-10;20;1054
7;2025-12-10;21;622
7;2025-12-10;22;296
7;2025-12-10;23;176
7;2025-12-11;0;57
7;2025-12-11;1;11
7;2025-12-11;2;0
7;2025-12-11;3;0
7;2025-12-11;4;1
7;2025-12-11;5;192
7;2025-12-11;6;726
7;2025-12-11;7;1599
7;2025-12-11;8;2427
7;2025-12-11;9;1861
7;2025-12-11;10;1608
7;2025-12-11;11;1407
7;2025-12-11;12;1485
7;2025-12-11;13;1464
7;2025-12-11;14;1569
7;2025-12-11;15;1712
7;2025-12-11;16;1832
7;2025-12-11;17;2260
7;2025-12-11;18;2497
7;2025-12-11;19;1684
7;2025-12-11;20;1054
7;2025-12-11;21;622
7;2025-12-11;22;296
7;2025-12-11;23;176
7;2025-12-12;0;60
7;2025-12-12;1;11
7;2025-12-12;2;0
7;2025-12-12;3;0
7;2025-12-12;4;1
7;2025-12-12;5;180
7;2025-12-12;6;661
7;2025-12-12;7;1494
7;2025-12-12;8;2179
7;2025-12-12;9;1703
7;2025-12-12;10;1564
7;2025-12-12;11;1474
7;2025-12-12;12;1507
7;2025-12-12;13;1607
7;2025-12-12;14;1674
7;2025-12-12;15;1772
7;2025-12-12;16;2094
7;2025-12-12;17;2161
7;2025-12-12;18;1962
7;2025-12-12;19;1442
7;2025-12-12;20;987
7;2025-12-12;21;608
7;2025-12-12;22;328
7;2025-12-12;23;212
7;2025-12-13;0;82
7;2025-12-13;1;24
7;2025-12-13;2;0
7;2025-12-13;3;0
7;2025-12-13;4;1
7;2025-12-13;5;45
7;2025-12-13;6;285
7;2025-12-13;7;424
7;2025-12-13;8;693
7;2025-12-13;9;838
7;2025-12-13;10;903
7;2025-12-13;11;1144
7;2025-12-13;12;1296
7;2025-12-13;13;1268
7;2025-12-13;14;1356
7;2025-12-13;15;1209
7;2025-12-13;16;1186
7;2025-12-13;17;1085
7;2025-12-13;18;1017
7;2025-12-13;19;968
7;2025-12-13;20;799
7;2025-12-13;21;600
7;2025-12-13;22;318
7;2025-12-13;23;205
7;2025-12-14;0;90
7;2025-12-14;1;20
7;2025-12-14;2;0
7;2025-12-14;3;0
7;2025-12-14;4;0
7;2025-12-14;5;38
7;2025-12-14;6;206
7;2025-12-14;7;287
7;2025-12-14;8;474
7;2025-12-14;9;593
7;2025-12-14;10;725
7;2025-12-14;11;956
7;2025-12-14;12;1055
7;2025-12-14;13;1113
7;2025-12-14;14;1167
7;2025-12-14;15;1112
7;2025-12-14;16;1042
7;2025-12-14;17;1006
7;2025-12-14;18;842
7;2025-12-14;19;708
7;2025-12-14;20;649
7;2025-12-14;21;492
7;2025-12-14;22;275
7;2025-12-14;23;151
7;2025-12-15;0;55
7;2025-12-15;1;11
7;2025-12-15;2;0
7;2025-12-15;3;0
7;2025-12-15;4;1
7;2025-12-15;5;186
7;2025-12-15;6;706
7;2025-12-15;7;1556
7;2025-12-15;8;2362
7;2025-12-15;9;1811
7;2025-12-15;10;1565
7;2025-12-15;11;1369
7;2025-12-15;12;1446
7;2025-12-15;13;1425
7;2025-12-15;14;1527
7;2025-12-15;15;1666
7;2025-12-15;16;1783
7;2025-12-15;17;2200
7;2025-12-15;18;2430
7;2025-12-15;19;1639
7;2025-12-15;20;1026
7;2025-12-15;21;605
7;2025-12-15;22;288
7;2025-12-15;23;171
7;2025-12-16;0;57
7;2025-12-16;1;11
7;2025-12-16;2;0
7;2025-12-16;3;0
7;2025-12-16;4;1
7;2025-12-16;5;192
7;2025-12-16;6;726
7;2025-12-16;7;1599
7;2025-12-16;8;2427
7;2025-12-16;9;1861
7;2025-12-16;10;1608
7;2025-12-16;11;1407
7;2025-12-16;12;1485
7;2025-12-16;13;1464
7;2025-12-16;14;1569
7;2025-12-16;15;1712
7;2025-12-16;16;1832
7;2025-12-16;17;2260
7;2025-12-16;18;2497
7;2025-12-16;19;1684
7;2025-12-16;20;1054
7;2025-12-16;21;622
7;2025-12-16;22;296
7;2025-12-16;23;176
7;2025-12-17;0;57
7;2025-12-17;1;11
7;2025-12-17;2;0
7;2025-12-17;3;0
7;2025-12-17;4;1
7;2025-12-17;5;192
7;2025-12-17;6;726
7;2025-12-17;7;1599
7;2025-12-17;8;2427
7;2025-12-17;9;1861
7;2025-12-17;10;1608
7;2025-12-17;11;1407
7;2025-12-17;12;1485
7;2025-12-17;13;1464
7;2025-12-17;14;1569
7;2025-12-17;15;1712
7;2025-12-17;16;1832
7;2025-12-17;17;2260
7;2025-12-17;18;2497
7;2025-12-17;19;1684
7;2025-12-17;20;1054
7;2025-12-17;21;622
7;2025-12-17;22;296
7;2025-12-17;23;176
7;2025-12-18;0;57
7;2025-12-18;1;11
7;2025-12-18;2;0
7;2025-12-18;3;0
7;2025-12-18;4;1
7;2025-12-18;5;192
7;2025-12-18;6;726
7;2025-12-18;7;1599
7;2025-12-18;8;2427
7;2025-12-18;9;1861
7;2025-12-18;10;1608
7;2025-12-18;11;1407
7;2025-12-18;12;1485
7;2025-12-18;13;1464
7;2025-12-18;14;1569
7;2025-12-18;15;1712
7;2025-12-18;16;1832
7;2025-12-18;17;2260
7;2025-12-18;18;2497
7;2025-12-18;19;1684
7;2025-12-18;20;1054
7;2025-12-18;21;622
7;2025-12-18;22;296
7;2025-12-18;23;176
7;2025-12-19;0;60
7;2025-12-19;1;11
7;2025-12-19;2;0
7;2025-12-19;3;0
7;2025-12-19;4;1
7;2025-12-19;5;180
7;2025-12-19;6;661
7;2025-12-19;7;1494
7;2025-12-19;8;2179
7;2025-12-19;9;1703
7;2025-12-19;10;1564
7;2025-12-19;11;1474
7;2025-12-19;12;1507
7;2025-12-19;13;1607
7;2025-12-19;14;1674
7;2025-12-19;15;1772
7;2025-12-19;16;2094
7;2025-12-19;17;2161
7;2025-12-19;18;1962
7;2025-12-19;19;1442
7;2025-12-19;20;987
7;2025-12-19;21;608
7;2025-12-19;22;328
7;2025-12-19;23;212
7;2025-12-20;0;82
7;2025-12-20;1;24
7;2025-12-20;2;0
7;2025-12-20;3;0
7;2025-12-20;4;1
7;2025-12-20;5;45
7;2025-12-20;6;285
7;2025-12-20;7;424
7;2025-12-20;8;693
7;2025-12-20;9;838
7;2025-12-20;10;903
7;2025-12-20;11;1144
7;2025-12-20;12;1296
7;2025-12-20;13;1268
7;2025-12-20;14;1356
7;2025-12-20;15;1209
7;2025-12-20;16;1186
7;2025-12-20;17;1085
7;2025-12-20;18;1017
7;2025-12-20;19;968
7;2025-12-20;20;799
7;2025-12-20;21;600
7;2025-12-20;22;318
7;2025-12-20;23;205
7;2025-12-21;0;90
7;2025-12-21;1;20
7;2025-12-21;2;0
7;2025-12-21;3;0
7;2025-12-21;4;0
7;2025-12-21;5;38
7;2025-12-21;6;206
7;2025-12-21;7;287
7;2025-12-21;8;474
7;2025-12-21;9;593
7;2025-12-21;10;725
7;2025-12-21;11;956
7;2025-12-21;12;1055
7;2025-12-21;13;1113
7;2025-12-21;14;1167
7;2025-12-21;15;1112
7;2025-12-21;16;1042
7;2025-12-21;17;1006
7;2025-12-21;18;842
7;2025-12-21;19;708
7;2025-12-21;20;649
7;2025-12-21;21;492
7;2025-12-21;22;275
7;2025-12-21;23;151
7;2025-12-22;0;55
7;2025-12-22;1;11
7;2025-12-22;2;0
7;2025-12-22;3;0
7;2025-12-22;4;1
7;2025-12-22;5;186
7;2025-12-22;6;706
7;2025-12-22;7;1556
7;2025-12-22;8;2362
7;2025-12-22;9;1811
7;2025-12-22;10;1565
7;2025-12-22;11;1369
7;2025-12-22;12;1446
7;2025-12-22;13;1425
7;2025-12-22;14;1527
7;2025-12-22;15;1666
7;2025-12-22;16;1783
7;2025-12-22;17;2200
7;2025-12-22;18;2430
7;2025-12-22;19;1639
7;2025-12-22;20;1026
7;2025-12-22;21;605
7;2025-12-22;22;288
7;2025-12-22;23;171
7;2025-12-23;0;57
7;2025-12-23;1;11
7;2025-12-23;2;0
7;2025-12-23;3;0
7;2025-12-23;4;1
7;2025-12-23;5;192
7;2025-12-23;6;726
7;2025-12-23;7;1599
7;2025-12-23;8;2427
7;2025-12-23;9;1861
7;2025-12-23;10;1608
7;2025-12-23;11;1407
7;2025-12-23;12;1485
7;2025-12-23;13;1464
7;2025-12-23;14;1569
7;2025-12-23;15;1712
7;2025-12-23;16;1832
7;2025-12-23;17;2260
7;2025-12-23;18;2497
7;2025-12-23;19;1684
7;2025-12-23;20;1054
7;2025-12-23;21;622
7;2025-12-23;22;296
7;2025-12-23;23;176
7;2025-12-24;0;57
7;2025-12-24;1;11
7;2025-12-24;2;0
7;2025-12-24;3;0
7;2025-12-24;4;1
7;2025-12-24;5;192
7;2025-12-24;6;726
7;2025-12-24;7;1599
7;2025-12-24;8;2427
7;2025-12-24;9;1861
7;2025-12-24;10;1608
7;2025-12-24;11;1407
7;2025-12-24;12;1485
7;2025-12-24;13;1464
7;2025-12-24;14;1569
7;2025-12-24;15;1712
7;2025-12-24;16;1832
7;2025-12-24;17;2260
7;2025-12-24;18;2497
7;2025-12-24;19;1684
7;2025-12-24;20;1054
7;2025-12-24;21;622
7;2025-12-24;22;296
7;2025-12-24;23;176
7;2025-12-25;0;57
7;2025-12-25;1;11
7;2025-12-25;2;0
7;2025-12-25;3;0
7;2025-12-25;4;1
7;2025-12-25;5;192
7;2025-12-25;6;726
7;2025-12-25;7;1599
7;2025-12-25;8;2427
7;2025-12-25;9;1861
7;2025-12-25;10;1608
7;2025-12-25;11;1407
7;2025-12-25;12;1485
7;2025-12-25;13;1464
7;2025-12-25;14;1569
7;2025-12-25;15;1712
7;2025-12-25;16;1832
7;2025-12-25;17;2260
7;2025-12-25;18;2497
7;2025-12-25;19;1684
7;2025-12-25;20;1054
7;2025-12-25;21;622
7;2025-12-25;22;296
7;2025-12-25;23;176
7;2025-12-26;0;60
7;2025-12-26;1;11
7;2025-12-26;2;0
7;2025-12-26;3;0
7;2025-12-26;4;1
7;2025-12-26;5;180
7;2025-12-26;6;661
7;2025-12-26;7;1494
7;2025-12-26;8;2179
7;2025-12-26;9;1703
7;2025-12-26;10;1564
7;2025-12-26;11;1474
7;2025-12-26;12;1507
7;2025-12-26;13;1607
7;2025-12-26;14;1674
7;2025-12-26;15;1772
7;2025-12-26;16;2094
7;2025-12-26;17;2161
7;2025-12-26;18;1962
7;2025-12-26;19;1442
7;2025-12-26;20;987
7;2025-12-26;21;608
7;2025-12-26;22;328
7;2025-12-26;23;212
7;2025-12-27;0;82
7;2025-12-27;1;24
7;2025-12-27;2;0
7;2025-12-27;3;0
7;2025-12-27;4;1
7;2025-12-27;5;45
7;2025-12-27;6;285
7;2025-12-27;7;424
7;2025-12-27;8;693
7;2025-12-27;9;838
7;2025-12-27;10;903
7;2025-12-27;11;1144
7;2025-12-27;12;1296
7;2025-12-27;13;1268
7;2025-12-27;14;1356
7;2025-12-27;15;1209
7;2025-12-27;16;1186
7;2025-12-27;17;1085
7;2025-12-27;18;1017
7;2025-12-27;19;968
7;2025-12-27;20;799
7;2025-12-27;21;600
7;2025-12-27;22;318
7;2025-12-27;23;205
7;2025-12-28;0;90
7;2025-12-28;1;20
7;2025-12-28;2;0
7;2025-12-28;3;0
7;2025-12-28;4;0
7;2025-12-28;5;38
7;2025-12-28;6;206
7;2025-12-28;7;287
7;2025-12-28;8;474
7;2025-12-28;9;593
7;2025-12-28;10;725
7;2025-12-28;11;956
7;2025-12-28;12;1055
7;2025-12-28;13;1113
7;2025-12-28;14;1167
7;2025-12-28;15;1112
7;2025-12-28;16;1042
7;2025-12-28;17;1006
7;2025-12-28;18;842
7;2025-12-28;19;708
7;2025-12-28;20;649
7;2025-12-28;21;492
7;2025-12-28;22;275
7;2025-12-28;23;151
7;2025-12-29;0;50
7;2025-12-29;1;10
7;2025-12-29;2;0
7;2025-12-29;3;0
7;2025-12-29;4;1
7;2025-12-29;5;168
7;2025-12-29;6;636
7;2025-12-29;7;1401
7;2025-12-29;8;2126
7;2025-12-29;9;1630
7;2025-12-29;10;1409
7;2025-12-29;11;1232
7;2025-12-29;12;1301
7;2025-12-29;13;1282
7;2025-12-29;14;1374
7;2025-12-29;15;1499
7;2025-12-29;16;1605
7;2025-12-29;17;1980
7;2025-12-29;18;2187
7;2025-12-29;19;1475
7;2025-12-29;20;924
7;2025-12-29;21;545
7;2025-12-29;22;260
7;2025-12-29;23;154
7;2025-12-30;0;48
7;2025-12-30;1;9
7;2025-12-30;2;0
7;2025-12-30;3;0
7;2025-12-30;4;1
7;2025-12-30;5;163
7;2025-12-30;6;617
7;2025-12-30;7;1359
7;2025-12-30;8;2063
7;2025-12-30;9;1582
7;2025-12-30;10;1367
7;2025-12-30;11;1196
7;2025-12-30;12;1263
7;2025-12-30;13;1245
7;2025-12-30;14;1333
7;2025-12-30;15;1455
7;2025-12-30;16;1557
7;2025-12-30;17;1921
7;2025-12-30;18;2123
7;2025-12-30;19;1432
7;2025-12-30;20;896
7;2025-12-30;21;529
7;2025-12-30;22;252
7;2025-12-30;23;150
7;2025-12-31;0;48
7;2025-12-31;1;14
7;2025-12-31;2;0
7;2025-12-31;3;0
7;2025-12-31;4;0
7;2025-12-31;5;27
7;2025-12-31;6;167
7;2025-12-31;7;249
7;2025-12-31;8;407
7;2025-12-31;9;493
7;2025-12-31;10;531
7;2025-12-31;11;673
7;2025-12-31;12;762
7;2025-12-31;13;745
7;2025-12-31;14;797
7;2025-12-31;15;710
7;2025-12-31;16;697
7;2025-12-31;17;638
7;2025-12-31;18;598
7;2025-12-31;19;569
7;2025-12-31;20;46
7;2025-12-31;21;35
7;2025-12-31;22;18
7;2025-12-31;23;12
11;2025-11-01;0;108
11;2025-11-01;1;0
11;2025-11-01;2;0
11;2025-11-01;3;0
11;2025-11-01;4;2
11;2025-11-01;5;261
11;2025-11-01;6;1182
11;2025-11-01;7;2097
11;2025-11-01;8;2789
11;2025-11-01;9;2080
11;2025-11-01;10;1713
11;2025-11-01;11;1658
11;2025-11-01;12;1728
11;2025-11-01;13;1789
11;2025-11-01;14;1902
11;2025-11-01;15;2003
11;2025-11-01;16;2232
11;2025-11-01;17;2587
11;2025-11-01;18;2218
11;2025-11-01;19;1719
11;2025-11-01;20;1265
11;2025-11-01;21;794
11;2025-11-01;22;396
11;2025-11-01;23;282
11;2025-11-02;0;113
11;2025-11-02;1;14
11;2025-11-02;2;0
11;2025-11-02;3;0
11;2025-11-02;4;2
11;2025-11-02;5;122
11;2025-11-02;6;492
11;2025-11-02;7;512
11;2025-11-02;8;686
11;2025-11-02;9;951
11;2025-11-02;10;1087
11;2025-11-02;11;1579
11;2025-11-02;12;1710
11;2025-11-02;13;1642
11;2025-11-02;14;1766
11;2025-11-02;15;1747
11;2025-11-02;16;1662
11;2025-11-02;17;1696
11;2025-11-02;18;1285
11;2025-11-02;19;1052
11;2025-11-02;20;869
11;2025-11-02;21;649
11;2025-11-02;22;368
11;2025-11-02;23;262
11;2025-11-03;0;99
11;2025-11-03;1;8
11;2025-11-03;2;0
11;2025-11-03;3;0
11;2025-11-03;4;2
11;2025-11-03;5;130
11;2025-11-03;6;541
11;2025-11-03;7;538
11;2025-11-03;8;724
11;2025-11-03;9;914
11;2025-11-03;10;1061
11;2025-11-03;11;1461
11;2025-11-03;12;1597
11;2025-11-03;13;1519
11;2025-11-03;14;1648
11;2025-11-03;15;1593
11;2025-11-03;16;1548
11;2025-11-03;17;1542
11;2025-11-03;18;1219
11;2025-11-03;19;1056
11;2025-11-03;20;839
11;2025-11-03;21;614
11;2025-11-03;22;351
11;2025-11-03;23;246
11;2025-11-04;0;99
11;2025-11-04;1;8
11;2025-11-04;2;0
11;2025-11-04;3;0
11;2025-11-04;4;2
11;2025-11-04;5;130
11;2025-11-04;6;541
11;2025-11-04;7;538
11;2025-11-04;8;724
11;2025-11-04;9;914
11;2025-11-04;10;1061
11;2025-11-04;11;1461
11;2025-11-04;12;1597
11;2025-11-04;13;1519
11;2025-11-04;14;1648
11;2025-11-04;15;1593
11;2025-11-04;16;1548
11;2025-11-04;17;1542
11;2025-11-04;18;1219
11;2025-11-04;19;1056
11;2025-11-04;20;839
11;2025-11-04;21;614
11;2025-11-04;22;351
11;2025-11-04;23;246
11;2025-11-05;0;68
11;2025-11-05;1;3
11;2025-11-05;2;0
11;2025-11-05;3;0
11;2025-11-05;4;3
11;2025-11-05;5;297
11;2025-11-05;6;1351
11;2025-11-05;7;2485
11;2025-11-05;8;3255
11;2025-11-05;9;2510
11;2025-11-05;10;2022
11;2025-11-05;11;1958
11;2025-11-05;12;1982
11;2025-11-05;13;2170
11;2025-11-05;14;2123
11;2025-11-05;15;2174
11;2025-11-05;16;2390
11;2025-11-05;17;2849
11;2025-11-05;18;3179
11;2025-11-05;19;2269
11;2025-11-05;20;1508
11;2025-11-05;21;907
11;2025-11-05;22;439
11;2025-11-05;23;233
11;2025-11-06;0;68
11;2025-11-06;1;3
11;2025-11-06;2;0
11;2025-11-06;3;0
11;2025-11-06;4;3
11;2025-11-06;5;297
11;2025-11-06;6;1351
11;2025-11-06;7;2485
11;2025-11-06;8;3255
11;2025-11-06;9;2510
11;2025-11-06;10;2022
11;2025-11-06;11;1958
11;2025-11-06;12;1982
11;2025-11-06;13;2170
11;2025-11-06;14;2123
11;2025-11-06;15;2174
11;2025-11-06;16;2390
11;2025-11-06;17;2849
11;2025-11-06;18;3179
11;2025-11-06;19;2269
11;2025-11-06;20;1508
11;2025-11-06;21;907
11;2025-11-06;22;439
11;2025-11-06;23;233
11;2025-11-07;0;81
11;2025-11-07;1;3
11;2025-11-07;2;0
11;2025-11-07;3;0
11;2025-11-07;4;3
11;2025-11-07;5;297
11;2025-11-07;6;1344
11;2025-11-07;7;2383
11;2025-11-07;8;3171
11;2025-11-07;9;2365
11;2025-11-07;10;1948
11;2025-11-07;11;1885
11;2025-11-07;12;1964
11;2025-11-07;13;2033
11;2025-11-07;14;2162
11;2025-11-07;15;2276
11;2025-11-07;16;2537
11;2025-11-07;17;2940
11;2025-11-07;18;2521
11;2025-11-07;19;1954
11;2025-11-07;20;1438
11;2025-11-07;21;902
11;2025-11-07;22;450
11;2025-11-07;23;320
11;2025-11-08;0;113
11;2025-11-08;1;3
11;2025-11-08;2;0
11;2025-11-08;3;0
11;2025-11-08;4;3
11;2025-11-08;5;182
11;2025-11-08;6;767
11;2025-11-08;7;738
11;2025-11-08;8;995
11;2025-11-08;9;1156
11;2025-11-08;10;1362
11;2025-11-08;11;1776
11;2025-11-08;12;1963
11;2025-11-08;13;1848
11;2025-11-08;14;2023
11;2025-11-08;15;1908
11;2025-11-08;16;1895
11;2025-11-08;17;1839
11;2025-11-08;18;1521
11;2025-11-08;19;1390
11;2025-11-08;20;1066
11;2025-11-08;21;764
11;2025-11-08;22;442
11;2025-11-08;23;303
11;2025-11-09;0;113
11;2025-11-09;1;14
11;2025-11-09;2;0
11;2025-11-09;3;0
11;2025-11-09;4;2
11;2025-11-09;5;122
11;2025-11-09;6;492
11;2025-11-09;7;512
11;2025-11-09;8;686
11;2025-11-09;9;951
11;2025-11-09;10;1087
11;2025-11-09;11;1579
11;2025-11-09;12;1710
11;2025-11-09;13;1642
11;2025-11-09;14;1766
11;2025-11-09;15;1747
11;2025-11-09;16;1662
11;2025-11-09;17;1696
11;2025-11-09;18;1285
11;2025-11-09;19;1052
11;2025-11-09;20;869
11;2025-11-09;21;649
11;2025-11-09;22;368
11;2025-11-09;23;262
11;2025-11-10;0;66
11;2025-11-10;1;3
11;2025-11-10;2;0
11;2025-11-10;3;0
11;2025-11-10;4;3
11;2025-11-10;5;289
11;2025-11-10;6;1315
11;2025-11-10;7;2418
11;2025-11-10;8;3167
11;2025-11-10;9;2443
11;2025-11-10;10;1967
11;2025-11-10;11;1906
11;2025-11-10;12;1929
11;2025-11-10;13;2112
11;2025-11-10;14;2066
11;2025-11-10;15;2115
11;2025-11-10;16;2326
11;2025-11-10;17;2772
11;2025-11-10;18;3094
11;2025-11-10;19;2208
11;2025-11-10;20;1468
11;2025-11-10;21;882
11;2025-11-10;22;427
11;2025-11-10;23;227
11;2025-11-11;0;68
11;2025-11-11;1;3
11;2025-11-11;2;0
11;2025-11-11;3;0
11;2025-11-11;4;3
11;2025-11-11;5;297
11;2025-11-11;6;1351
11;2025-11-11;7;2485
11;2025-11-11;8;3255
11;2025-11-11;9;2510
11;2025-11-11;10;2022
11;2025-11-11;11;1958
11;2025-11-11;12;1982
11;2025-11-11;13;2170
11;2025-11-11;14;2123
11;2025-11-11;15;2174
11;2025-11-11;16;2390
11;2025-11-11;17;2849
11;2025-11-11;18;3179
11;2025-11-11;19;2269
11;2025-11-11;20;1508
11;2025-11-11;21;907
11;2025-11-11;22;439
11;2025-11-11;23;233
11;2025-11-12;0;68
11;2025-11-12;1;3
11;2025-11-12;2;0
11;2025-11-12;3;0
11;2025-11-12;4;3
11;2025-11-12;5;297
11;2025-11-12;6;1351
11;2025-11-12;7;2485
11;2025-11-12;8;3255
11;2025-11-12;9;2510
11;2025-11-12;10;2022
11;2025-11-12;11;1958
11;2025-11-12;12;1982
11;2025-11-12;13;2170
11;2025-11-12;14;2123
11;2025-11-12;15;2174
11;2025-11-12;16;2390
11;2025-11-12;17;2849
11;2025-11-12;18;3179
11;2025-11-12;19;2269
11;2025-11-12;20;1508
11;2025-11-12;21;907
11;2025-11-12;22;439
11;2025-11-12;23;233
11;2025-11-13;0;68
11;2025-11-13;1;3
11;2025-11-13;2;0
11;2025-11-13;3;0
11;2025-11-13;4;3
11;2025-11-13;5;297
11;2025-11-13;6;1351
11;2025-11-13;7;2485
11;2025-11-13;8;3255
11;2025-11-13;9;2510
11;2025-11-13;10;2022
11;2025-11-13;11;1958
11;2025-11-13;12;1982
11;2025-11-13;13;2170
11;2025-11-13;14;2123
11;2025-11-13;15;2174
11;2025-11-13;16;2390
11;2025-11-13;17;2849
11;2025-11-13;18;3179
11;2025-11-13;19;2269
11;2025-11-13;20;1508
11;2025-11-13;21;907
11;2025-11-13;22;439
11;2025-11-13;23;233
11;2025-11-14;0;81
11;2025-11-14;1;3
11;2025-11-14;2;0
11;2025-11-14;3;0
11;2025-11-14;4;3
11;2025-11-14;5;297
11;2025-11-14;6;1344
11;2025-11-14;7;2383
11;2025-11-14;8;3171
11;2025-11-14;9;2365
11;2025-11-14;10;1948
11;2025-11-14;11;1885
11;2025-11-14;12;1964
11;2025-11-14;13;2033
11;2025-11-14;14;2162
11;2025-11-14;15;2276
11;2025-11-14;16;2537
11;2025-11-14;17;2940
11;2025-11-14;18;2521
11;2025-11-14;19;1954
11;2025-11-14;20;1438
11;2025-11-14;21;902
11;2025-11-14;22;450
11;2025-11-14;23;320
11;2025-11-15;0;113
11;2025-11-15;1;3
11;2025-11-15;2;0
11;2025-11-15;3;0
11;2025-11-15;4;3
11;2025-11-15;5;182
11;2025-11-15;6;767
11;2025-11-15;7;738
11;2025-11-15;8;995
11;2025-11-15;9;1156
11;2025-11-15;10;1362
11;2025-11-15;11;1776
11;2025-11-15;12;1963
11;2025-11-15;13;1848
11;2025-11-15;14;2023
11;2025-11-15;15;1908
11;2025-11-15;16;1895
11;2025-11-15;17;1839
11;2025-11-15;18;1521
11;2025-11-15;19;1390
11;2025-11-15;20;1066
11;2025-11-15;21;764
11;2025-11-15;22;442
11;2025-11-15;23;303
11;2025-11-16;0;113
11;2025-11-16;1;14
11;2025-11-16;2;0
11;2025-11-16;3;0
11;2025-11-16;4;2
11;2025-11-16;5;122
11;2025-11-16;6;492
11;2025-11-16;7;512
11;2025-11-16;8;686
11;2025-11-16;9;951
11;2025-11-16;10;1087
11;2025-11-16;11;1579
11;2025-11-16;12;1710
11;2025-11-16;13;1642
11;2025-11-16;14;1766
11;2025-11-16;15;1747
11;2025-11-16;16;1662
11;2025-11-16;17;1696
11;2025-11-16;18;1285
11;2025-11-16;19;1052
11;2025-11-16;20;869
11;2025-11-16;21;649
11;2025-11-16;22;368
11;2025-11-16;23;262
11;2025-11-17;0;66
11;2025-11-17;1;3
11;2025-11-17;2;0
11;2025-11-17;3;0
11;2025-11-17;4;3
11;2025-11-17;5;289
11;2025-11-17;6;1315
11;2025-11-17;7;2418
11;2025-11-17;8;3167
11;2025-11-17;9;2443
11;2025-11-17;10;1967
11;2025-11-17;11;1906
11;2025-11-17;12;1929
11;2025-11-17;13;2112
11;2025-11-17;14;2066
11;2025-11-17;15;2115
11;2025-11-17;16;2326
11;2025-11-17;17;2772
11;2025-11-17;18;3094
11;2025-11-17;19;2208
11;2025-11-17;20;1468
11;2025-11-17;21;882
11;2025-11-17;22;427
11;2025-11-17;23;227
11;2025-11-18;0;68
11;2025-11-18;1;3
11;2025-11-18;2;0
11;2025-11-18;3;0
11;2025-11-18;4;3
11;2025-11-18;5;297
11;2025-11-18;6;1351
11;2025-11-18;7;2485
11;2025-11-18;8;3255
11;2025-11-18;9;2510
11;2025-11-18;10;2022
11;2025-11-18;11;1958
11;2025-11-18;12;1982
11;2025-11-18;13;2170
11;2025-11-18;14;2123
11;2025-11-18;15;2174
11;2025-11-18;16;2390
11;2025-11-18;17;2849
11;2025-11-18;18;3179
11;2025-11-18;19;2269
11;2025-11-18;20;1508
11;2025-11-18;21;907
11;2025-11-18;22;439
11;2025-11-18;23;233
11;2025-11-19;0;68
11;2025-11-19;1;3
11;2025-11-19;2;0
11;2025-11-19;3;0
11;2025-11-19;4;3
11;2025-11-19;5;297
11;2025-11-19;6;1351
11;2025-11-19;7;2485
11;2025-11-19;8;3255
11;2025-11-19;9;2510
11;2025-11-19;10;2022
11;2025-11-19;11;1958
11;2025-11-19;12;1982
11;2025-11-19;13;2170
11;2025-11-19;14;2123
11;2025-11-19;15;2174
11;2025-11-19;16;2390
11;2025-11-19;17;2849
11;2025-11-19;18;3179
11;2025-11-19;19;2269
11;2025-11-19;20;1508
11;2025-11-19;21;907
11;2025-11-19;22;439
11;2025-11-19;23;233
11;2025-11-20;0;68
11;2025-11-20;1;3
11;2025-11-20;2;0
11;2025-11-20;3;0
11;2025-11-20;4;3
11;2025-11-20;5;297
11;2025-11-20;6;1351
11;2025-11-20;7;2485
11;2025-11-20;8;3255
11;2025-11-20;9;2510
11;2025-11-20;10;2022
11;2025-11-20;11;1958
11;2025-11-20;12;1982
11;2025-11-20;13;2170
11;2025-11-20;14;2123
11;2025-11-20;15;2174
11;2025-11-20;16;2390
11;2025-11-20;17;2849
11;2025-11-20;18;3179
11;2025-11-20;19;2269
11;2025-11-20;20;1508
11;2025-11-20;21;907
11;2025-11-20;22;439
11;2025-11-20;23;233
11;2025-11-21;0;81
11;2025-11-21;1;3
11;2025-11-21;2;0
11;2025-11-21;3;0
11;2025-11-21;4;3
11;2025-11-21;5;297
11;2025-11-21;6;1344
11;2025-11-21;7;2383
11;2025-11-21;8;3171
11;2025-11-21;9;2365
11;2025-11-21;10;1948
11;2025-11-21;11;1885
11;2025-11-21;12;1964
11;2025-11-21;13;2033
11;2025-11-21;14;2162
11;2025-11-21;15;2276
11;2025-11-21;16;2537
11;2025-11-21;17;2940
11;2025-11-21;18;2521
11;2025-11-21;19;1954
11;2025-11-21;20;1438
11;2025-11-21;21;902
11;2025-11-21;22;450
11;2025-11-21;23;320
11;2025-11-22;0;113
11;2025-11-22;1;3
11;2025-11-22;2;0
11;2025-11-22;3;0
11;2025-11-22;4;3
11;2025-11-22;5;182
11;2025-11-22;6;767
11;2025-11-22;7;738
11;2025-11-22;8;995
11;2025-11-22;9;1156
11;2025-11-22;10;1362
11;2025-11-22;11;1776
11;2025-11-22;12;1963
11;2025-11-22;13;1848
11;2025-11-22;14;2023
11;2025-11-22;15;1908
11;2025-11-22;16;1895
11;2025-11-22;17;1839
11;2025-11-22;18;1521
11;2025-11-22;19;1390
11;2025-11-22;20;1066
11;2025-11-22;21;764
11;2025-11-22;22;442
11;2025-11-22;23;303
11;2025-11-23;0;113
11;2025-11-23;1;14
11;2025-11-23;2;0
11;2025-11-23;3;0
11;2025-11-23;4;2
11;2025-11-23;5;122
11;2025-11-23;6;492
11;2025-11-23;7;512
11;2025-11-23;8;686
11;2025-11-23;9;951
11;2025-11-23;10;1087
11;2025-11-23;11;1579
11;2025-11-23;12;1710
11;2025-11-23;13;1642
11;2025-11-23;14;1766
11;2025-11-23;15;1747
11;2025-11-23;16;1662
11;2025-11-23;17;1696
11;2025-11-23;18;1285
11;2025-11-23;19;1052
11;2025-11-23;20;869
11;2025-11-23;21;649
11;2025-11-23;22;368
11;2025-11-23;23;262
11;2025-11-24;0;66
11;2025-11-24;1;3
11;2025-11-24;2;0
11;2025-11-24;3;0
11;2025-11-24;4;3
11;2025-11-24;5;289
11;2025-11-24;6;1315
11;2025-11-24;7;2418
11;2025-11-24;8;3167
11;2025-11-24;9;2443
11;2025-11-24;10;1967
11;2025-11-24;11;1906
11;2025-11-24;12;1929
11;2025-11-24;13;2112
11;2025-11-24;14;2066
11;2025-11-24;15;2115
11;2025-11-24;16;2326
11;2025-11-24;17;2772
11;2025-11-24;18;3094
11;2025-11-24;19;2208
11;2025-11-24;20;1468
11;2025-11-24;21;882
11;2025-11-24;22;427
11;2025-11-24;23;227
11;2025-11-25;0;68
11;2025-11-25;1;3
11;2025-11-25;2;0
11;2025-11-25;3;0
11;2025-11-25;4;3
11;2025-11-25;5;297
11;2025-11-25;6;1351
11;2025-11-25;7;2485
11;2025-11-25;8;3255
11;2025-11-25;9;2510
11;2025-11-25;10;2022
11;2025-11-25;11;1958
11;2025-11-25;12;1982
11;2025-11-25;13;2170
11;2025-11-25;14;2123
11;2025-11-25;15;2174
11;2025-11-25;16;2390
11;2025-11-25;17;2849
11;2025-11-25;18;3179
11;2025-11-25;19;2269
11;2025-11-25;20;1508
11;2025-11-25;21;907
11;2025-11-25;22;439
11;2025-11-25;23;233
11;2025-11-26;0;68
11;2025-11-26;1;3
11;2025-11-26;2;0
11;2025-11-26;3;0
11;2025-11-26;4;3
11;2025-11-26;5;297
11;2025-11-26;6;1351
11;2025-11-26;7;2485
11;2025-11-26;8;3255
11;2025-11-26;9;2510
11;2025-11-26;10;2022
11;2025-11-26;11;1958
11;2025-11-26;12;1982
11;2025-11-26;13;2170
11;2025-11-26;14;2123
11;2025-11-26;15;2174
11;2025-11-26;16;2390
11;2025-11-26;17;2849
11;2025-11-26;18;3179
11;2025-11-26;19;2269
11;2025-11-26;20;1508
11;2025-11-26;21;907
11;2025-11-26;22;439
11;2025-11-26;23;233
11;2025-11-27;0;68
11;2025-11-27;1;3
11;2025-11-27;2;0
11;2025-11-27;3;0
11;2025-11-27;4;3
11;2025-11-27;5;297
11;2025-11-27;6;1351
11;2025-11-27;7;2485
11;2025-11-27;8;3255
11;2025-11-27;9;2510
11;2025-11-27;10;2022
11;2025-11-27;11;1958
11;2025-11-27;12;1982
11;2025-11-27;13;2170
11;2025-11-27;14;2123
11;2025-11-27;15;2174
11;2025-11-27;16;2390
11;2025-11-27;17;2849
11;2025-11-27;18;3179
11;2025-11-27;19;2269
11;2025-11-27;20;1508
11;2025-11-27;21;907
11;2025-11-27;22;439
11;2025-11-27;23;233
11;2025-11-28;0;81
11;2025-11-28;1;3
11;2025-11-28;2;0
11;2025-11-28;3;0
11;2025-11-28;4;3
11;2025-11-28;5;297
11;2025-11-28;6;1344
11;2025-11-28;7;2383
11;2025-11-28;8;3171
11;2025-11-28;9;2365
11;2025-11-28;10;1948
11;2025-11-28;11;1885
11;2025-11-28;12;1964
11;2025-11-28;13;2033
11;2025-11-28;14;2162
11;2025-11-28;15;2276
11;2025-11-28;16;2537
11;2025-11-28;17;2940
11;2025-11-28;18;2521
11;2025-11-28;19;1954
11;2025-11-28;20;1438
11;2025-11-28;21;902
11;2025-11-28;22;450
11;2025-11-28;23;320
11;2025-11-29;0;113
11;2025-11-29;1;3
11;2025-11-29;2;0
11;2025-11-29;3;0
11;2025-11-29;4;3
11;2025-11-29;5;182
11;2025-11-29;6;767
11;2025-11-29;7;738
11;2025-11-29;8;995
11;2025-11-29;9;1156
11;2025-11-29;10;1362
11;2025-11-29;11;1776
11;2025-11-29;12;1963
11;2025-11-29;13;1848
11;2025-11-29;14;2023
11;2025-11-29;15;1908
11;2025-11-29;16;1895
11;2025-11-29;17;1839
11;2025-11-29;18;1521
11;2025-11-29;19;1390
11;2025-11-29;20;1066
11;2025-11-29;21;764
11;2025-11-29;22;442
11;2025-11-29;23;303
11;2025-11-30;0;113
11;2025-11-30;1;14
11;2025-11-30;2;0
11;2025-11-30;3;0
11;2025-11-30;4;2
11;2025-11-30;5;122
11;2025-11-30;6;492
11;2025-11-30;7;512
11;2025-11-30;8;686
11;2025-11-30;9;951
11;2025-11-30;10;1087
11;2025-11-30;11;1579
11;2025-11-30;12;1710
11;2025-11-30;13;1642
11;2025-11-30;14;1766
11;2025-11-30;15;1747
11;2025-11-30;16;1662
11;2025-11-30;17;1696
11;2025-11-30;18;1285
11;2025-11-30;19;1052
11;2025-11-30;20;869
11;2025-11-30;21;649
11;2025-11-30;22;368
11;2025-11-30;23;262
11;2025-12-01;0;67
11;2025-12-01;1;3
11;2025-12-01;2;0
11;2025-12-01;3;0
11;2025-12-01;4;4
11;2025-12-01;5;297
11;2025-12-01;6;1310
11;2025-12-01;7;2406
11;2025-12-01;8;3154
11;2025-12-01;9;2444
11;2025-12-01;10;1943
11;2025-12-01;11;1895
11;2025-12-01;12;1912
11;2025-12-01;13;2107
11;2025-12-01;14;2058
11;2025-12-01;15;2137
11;2025-12-01;16;2341
11;2025-12-01;17;2781
11;2025-12-01;18;3102
11;2025-12-01;19;2212
11;2025-12-01;20;1476
11;2025-12-01;21;893
11;2025-12-01;22;437
11;2025-12-01;23;224
11;2025-12-02;0;69
11;2025-12-02;1;3
11;2025-12-02;2;0
11;2025-12-02;3;0
11;2025-12-02;4;4
11;2025-12-02;5;305
11;2025-12-02;6;1346
11;2025-12-02;7;2472
11;2025-12-02;8;3241
11;2025-12-02;9;2511
11;2025-12-02;10;1997
11;2025-12-02;11;1948
11;2025-12-02;12;1965
11;2025-12-02;13;2165
11;2025-12-02;14;2114
11;2025-12-02;15;2196
11;2025-12-02;16;2405
11;2025-12-02;17;2858
11;2025-12-02;18;3187
11;2025-12-02;19;2273
11;2025-12-02;20;1517
11;2025-12-02;21;918
11;2025-12-02;22;449
11;2025-12-02;23;230
11;2025-12-03;0;69
11;2025-12-03;1;3
11;2025-12-03;2;0
11;2025-12-03;3;0
11;2025-12-03;4;4
11;2025-12-03;5;305
11;2025-12-03;6;1346
11;2025-12-03;7;2472
11;2025-12-03;8;3241
11;2025-12-03;9;2511
11;2025-12-03;10;1997
11;2025-12-03;11;1948
11;2025-12-03;12;1965
11;2025-12-03;13;2165
11;2025-12-03;14;2114
11;2025-12-03;15;2196
11;2025-12-03;16;2405
11;2025-12-03;17;2858
11;2025-12-03;18;3187
11;2025-12-03;19;2273
11;2025-12-03;20;1517
11;2025-12-03;21;918
11;2025-12-03;22;449
11;2025-12-03;23;230
11;2025-12-04;0;69
11;2025-12-04;1;3
11;2025-12-04;2;0
11;2025-12-04;3;0
11;2025-12-04;4;4
11;2025-12-04;5;305
11;2025-12-04;6;1346
11;2025-12-04;7;2472
11;2025-12-04;8;3241
11;2025-12-04;9;2511
11;2025-12-04;10;1997
11;2025-12-04;11;1948
11;2025-12-04;12;1965
11;2025-12-04;13;2165
11;2025-12-04;14;2114
11;2025-12-04;15;2196
11;2025-12-04;16;2405
11;2025-12-04;17;2858
11;2025-12-04;18;3187
11;2025-12-04;19;2273
11;2025-12-04;20;1517
11;2025-12-04;21;918
11;2025-12-04;22;449
11;2025-12-04;23;230
11;2025-12-05;0;82
11;2025-12-05;1;4
11;2025-12-05;2;0
11;2025-12-05;3;0
11;2025-12-05;4;3
11;2025-12-05;5;302
11;2025-12-05;6;1339
11;2025-12-05;7;2357
11;2025-12-05;8;3123
11;2025-12-05;9;2377
11;2025-12-05;10;1943
11;2025-12-05;11;1889
11;2025-12-05;12;1952
11;2025-12-05;13;2042
11;2025-12-05;14;2151
11;2025-12-05;15;2292
11;2025-12-05;16;2557
11;2025-12-05;17;2935
11;2025-12-05;18;2530
11;2025-12-05;19;1974
11;2025-12-05;20;1443
11;2025-12-05;21;907
11;2025-12-05;22;461
11;2025-12-05;23;312
11;2025-12-06;0;113
11;2025-12-06;1;3
11;2025-12-06;2;0
11;2025-12-06;3;0
11;2025-12-06;4;3
11;2025-12-06;5;183
11;2025-12-06;6;746
11;2025-12-06;7;729
11;2025-12-06;8;979
11;2025-12-06;9;1147
11;2025-12-06;10;1338
11;2025-12-06;11;1766
11;2025-12-06;12;1940
11;2025-12-06;13;1831
11;2025-12-06;14;1990
11;2025-12-06;15;1884
11;2025-12-06;16;1893
11;2025-12-06;17;1820
11;2025-12-06;18;1517
11;2025-12-06;19;1370
11;2025-12-06;20;1070
11;2025-12-06;21;765
11;2025-12-06;22;441
11;2025-12-06;23;304
11;2025-12-07;0;111
11;2025-12-07;1;14
11;2025-12-07;2;0
11;2025-12-07;3;0
11;2025-12-07;4;2
11;2025-12-07;5;122
11;2025-12-07;6;481
11;2025-12-07;7;507
11;2025-12-07;8;672
11;2025-12-07;9;936
11;2025-12-07;10;1071
11;2025-12-07;11;1552
11;2025-12-07;12;1691
11;2025-12-07;13;1623
11;2025-12-07;14;1747
11;2025-12-07;15;1731
11;2025-12-07;16;1650
11;2025-12-07;17;1668
11;2025-12-07;18;1271
11;2025-12-07;19;1046
11;2025-12-07;20;868
11;2025-12-07;21;645
11;2025-12-07;22;363
11;2025-12-07;23;260
11;2025-12-08;0;67
11;2025-12-08;1;3
11;2025-12-08;2;0
11;2025-12-08;3;0
11;2025-12-08;4;4
11;2025-12-08;5;297
11;2025-12-08;6;1310
11;2025-12-08;7;2406
11;2025-12-08;8;3154
11;2025-12-08;9;2444
11;2025-12-08;10;1943
11;2025-12-08;11;1895
11;2025-12-08;12;1912
11;2025-12-08;13;2107
11;2025-12-08;14;2058
11;2025-12-08;15;2137
11;2025-12-08;16;2341
11;2025-12-08;17;2781
11;2025-12-08;18;3102
11;2025-12-08;19;2212
11;2025-12-08;20;1476
11;2025-12-08;21;893
11;2025-12-08;22;437
11;2025-12-08;23;224
11;2025-12-09;0;69
11;2025-12-09;1;3
11;2025-12-09;2;0
11;2025-12-09;3;0
11;2025-12-09;4;4
11;2025-12-09;5;305
11;2025-12-09;6;1346
11;2025-12-09;7;2472
11;2025-12-09;8;3241
11;2025-12-09;9;2511
11;2025-12-09;10;1997
11;2025-12-09;11;1948
11;2025-12-09;12;1965
11;2025-12-09;13;2165
11;2025-12-09;14;2114
11;2025-12-09;15;2196
11;2025-12-09;16;2405
11;2025-12-09;17;2858
11;2025-12-09;18;3187
11;2025-12-09;19;2273
11;2025-12-09;20;1517
11;2025-12-09;21;918
11;2025-12-09;22;449
11;2025-12-09;23;230
11;2025-12-10;0;69
11;2025-12-10;1;3
11;2025-12-10;2;0
11;2025-12-10;3;0
11;2025-12-10;4;4
11;2025-12-10;5;305
11;2025-12-10;6;1346
11;2025-12-10;7;2472
11;2025-12-10;8;3241
11;2025-12-10;9;2511
11;2025-12-10;10;1997
11;2025-12-10;11;1948
11;2025-12-10;12;1965
11;2025-12-10;13;2165
11;2025-12-10;14;2114
11;2025-12-10;15;2196
11;2025-12-10;16;2405
11;2025-12-10;17;2858
11;2025-12-10;18;3187
11;2025-12-10;19;2273
11;2025-12-10;20;1517
11;2025-12-10;21;918
11;2025-12-10;22;449
11;2025-12-10;23;230
11;2025-12-11;0;69
11;2025-12-11;1;3
11;2025-12-11;2;0
11;2025-12-11;3;0
11;2025-12-11;4;4
11;2025-12-11;5;305
11;2025-12-11;6;1346
11;2025-12-11;7;2472
11;2025-12-11;8;3241
11;2025-12-11;9;2511
11;2025-12-11;10;1997
11;2025-12-11;11;1948
11;2025-12-11;12;1965
11;2025-12-11;13;2165
11;2025-12-11;14;2114
11;2025-12-11;15;2196
11;2025-12-11;16;2405
11;2025-12-11;17;2858
11;2025-12-11;18;3187
11;2025-12-11;19;2273
11;2025-12-11;20;1517
11;2025-12-11;21;918
11;2025-12-11;22;449
11;2025-12-11;23;230
11;2025-12-12;0;82
11;2025-12-12;1;4
11;2025-12-12;2;0
11;2025-12-12;3;0
11;2025-12-12;4;3
11;2025-12-12;5;302
11;2025-12-12;6;1339
11;2025-12-12;7;2357
11;2025-12-12;8;3123
11;2025-12-12;9;2377
11;2025-12-12;10;1943
11;2025-12-12;11;1889
11;2025-12-12;12;1952
11;2025-12-12;13;2042
11;2025-12-12;14;2151
11;2025-12-12;15;2292
11;2025-12-12;16;2557
11;2025-12-12;17;2935
11;2025-12-12;18;2530
11;2025-12-12;19;1974
11;2025-12-12;20;1443
11;2025-12-12;21;907
11;2025-12-12;22;461
11;2025-12-12;23;312
11;2025-12-13;0;113
11;2025-12-13;1;3
11;2025-12-13;2;0
11;2025-12-13;3;0
11;2025-12-13;4;3
11;2025-12-13;5;183
11;2025-12-13;6;746
11;2025-12-13;7;729
11;2025-12-13;8;979
11;2025-12-13;9;1147
11;2025-12-13;10;1338
11;2025-12-13;11;1766
11;2025-12-13;12;1940
11;2025-12-13;13;1831
11;2025-12-13;14;1990
11;2025-12-13;15;1884
11;2025-12-13;16;1893
11;2025-12-13;17;1820
11;2025-12-13;18;1517
11;2025-12-13;19;1370
11;2025-12-13;20;1070
11;2025-12-13;21;765
11;2025-12-13;22;441
11;2025-12-13;23;304
11;2025-12-14;0;111
11;2025-12-14;1;14
11;2025-12-14;2;0
11;2025-12-14;3;0
11;2025-12-14;4;2
11;2025-12-14;5;122
11;2025-12-14;6;481
11;2025-12-14;7;507
11;2025-12-14;8;672
11;2025-12-14;9;936
11;2025-12-14;10;1071
11;2025-12-14;11;1552
11;2025-12-14;12;1691
11;2025-12-14;13;1623
11;2025-12-14;14;1747
11;2025-12-14;15;1731
11;2025-12-14;16;1650
11;2025-12-14;17;1668
11;2025-12-14;18;1271
11;2025-12-14;19;1046
11;2025-12-14;20;868
11;2025-12-14;21;645
11;2025-12-14;22;363
11;2025-12-14;23;260
11;2025-12-15;0;67
11;2025-12-15;1;3
11;2025-12-15;2;0
11;2025-12-15;3;0
11;2025-12-15;4;4
11;2025-12-15;5;297
11;2025-12-15;6;1310
11;2025-12-15;7;2406
11;2025-12-15;8;3154
11;2025-12-15;9;2444
11;2025-12-15;10;1943
11;2025-12-15;11;1895
11;2025-12-15;12;1912
11;2025-12-15;13;2107
11;2025-12-15;14;2058
11;2025-12-15;15;2137
11;2025-12-15;16;2341
11;2025-12-15;17;2781
11;2025-12-15;18;3102
11;2025-12-15;19;2212
11;2025-12-15;20;1476
11;2025-12-15;21;893
11;2025-12-15;22;437
11;2025-12-15;23;224
11;2025-12-16;0;69
11;2025-12-16;1;3
11;2025-12-16;2;0
11;2025-12-16;3;0
11;2025-12-16;4;4
11;2025-12-16;5;305
11;2025-12-16;6;1346
11;2025-12-16;7;2472
11;2025-12-16;8;3241
11;2025-12-16;9;2511
11;2025-12-16;10;1997
11;2025-12-16;11;1948
11;2025-12-16;12;1965
11;2025-12-16;13;2165
11;2025-12-16;14;2114
11;2025-12-16;15;2196
11;2025-12-16;16;2405
11;2025-12-16;17;2858
11;2025-12-16;18;3187
11;2025-12-16;19;2273
11;2025-12-16;20;1517
11;2025-12-16;21;918
11;2025-12-16;22;449
11;2025-12-16;23;230
11;2025-12-17;0;69
11;2025-12-17;1;3
11;2025-12-17;2;0
11;2025-12-17;3;0
11;2025-12-17;4;4
11;2025-12-17;5;305
11;2025-12-17;6;1346
11;2025-12-17;7;2472
11;2025-12-17;8;3241
11;2025-12-17;9;2511
11;2025-12-17;10;1997
11;2025-12-17;11;1948
11;2025-12-17;12;1965
11;2025-12-17;13;2165
11;2025-12-17;14;2114
11;2025-12-17;15;2196
11;2025-12-17;16;2405
11;2025-12-17;17;2858
11;2025-12-17;18;3187
11;2025-12-17;19;2273
11;2025-12-17;20;1517
11;2025-12-17;21;918
11;2025-12-17;22;449
11;2025-12-17;23;230
11;2025-12-18;0;69
11;2025-12-18;1;3
11;2025-12-18;2;0
11;2025-12-18;3;0
11;2025-12-18;4;4
11;2025-12-18;5;305
11;2025-12-18;6;1346
11;2025-12-18;7;2472
11;2025-12-18;8;3241
11;2025-12-18;9;2511
11;2025-12-18;10;1997
11;2025-12-18;11;1948
11;2025-12-18;12;1965
11;2025-12-18;13;2165
11;2025-12-18;14;2114
11;2025-12-18;15;2196
11;2025-12-18;16;2405
11;2025-12-18;17;2858
11;2025-12-18;18;3187
11;2025-12-18;19;2273
11;2025-12-18;20;1517
11;2025-12-18;21;918
11;2025-12-18;22;449
11;2025-12-18;23;230
11;2025-12-19;0;82
11;2025-12-19;1;4
11;2025-12-19;2;0
11;2025-12-19;3;0
11;2025-12-19;4;3
11;2025-12-19;5;302
11;2025-12-19;6;1339
11;2025-12-19;7;2357
11;2025-12-19;8;3123
11;2025-12-19;9;2377
11;2025-12-19;10;1943
11;2025-12-19;11;1889
11;2025-12-19;12;1952
11;2025-12-19;13;2042
11;2025-12-19;14;2151
11;2025-12-19;15;2292
11;2025-12-19;16;2557
11;2025-12-19;17;2935
11;2025-12-19;18;2530
11;2025-12-19;19;1974
11;2025-12-19;20;1443
11;2025-12-19;21;907
11;2025-12-19;22;461
11;2025-12-19;23;312
11;2025-12-20;0;113
11;2025-12-20;1;3
11;2025-12-20;2;0
11;2025-12-20;3;0
11;2025-12-20;4;3
11;2025-12-20;5;183
11;2025-12-20;6;746
11;2025-12-20;7;729
11;2025-12-20;8;979
11;2025-12-20;9;1147
11;2025-12-20;10;1338
11;2025-12-20;11;1766
11;2025-12-20;12;1940
11;2025-12-20;13;1831
11;2025-12-20;14;1990
11;2025-12-20;15;1884
11;2025-12-20;16;1893
11;2025-12-20;17;1820
11;2025-12-20;18;1517
11;2025-12-20;19;1370
11;2025-12-20;20;1070
11;2025-12-20;21;765
11;2025-12-20;22;441
11;2025-12-20;23;304
11;2025-12-21;0;111
11;2025-12-21;1;14
11;2025-12-21;2;0
11;2025-12-21;3;0
11;2025-12-21;4;2
11;2025-12-21;5;122
11;2025-12-21;6;481
11;2025-12-21;7;507
11;2025-12-21;8;672
11;2025-12-21;9;936
11;2025-12-21;10;1071
11;2025-12-21;11;1552
11;2025-12-21;12;1691
11;2025-12-21;13;1623
11;2025-12-21;14;1747
11;2025-12-21;15;1731
11;2025-12-21;16;1650
11;2025-12-21;17;1668
11;2025-12-21;18;1271
11;2025-12-21;19;1046
11;2025-12-21;20;868
11;2025-12-21;21;645
11;2025-12-21;22;363
11;2025-12-21;23;260
11;2025-12-22;0;67
11;2025-12-22;1;3
11;2025-12-22;2;0
11;2025-12-22;3;0
11;2025-12-22;4;4
11;2025-12-22;5;297
11;2025-12-22;6;1310
11;2025-12-22;7;2406
11;2025-12-22;8;3154
11;2025-12-22;9;2444
11;2025-12-22;10;1943
11;2025-12-22;11;1895
11;2025-12-22;12;1912
11;2025-12-22;13;2107
11;2025-12-22;14;2058
11;2025-12-22;15;2137
11;2025-12-22;16;2341
11;2025-12-22;17;2781
11;2025-12-22;18;3102
11;2025-12-22;19;2212
11;2025-12-22;20;1476
11;2025-12-22;21;893
11;2025-12-22;22;437
11;2025-12-22;23;224
11;2025-12-23;0;69
11;2025-12-23;1;3
11;2025-12-23;2;0
11;2025-12-23;3;0
11;2025-12-23;4;4
11;2025-12-23;5;305
11;2025-12-23;6;1346
11;2025-12-23;7;2472
11;2025-12-23;8;3241
11;2025-12-23;9;2511
11;2025-12-23;10;1997
11;2025-12-23;11;1948
11;2025-12-23;12;1965
11;2025-12-23;13;2165
11;2025-12-23;14;2114
11;2025-12-23;15;2196
11;2025-12-23;16;2405
11;2025-12-23;17;2858
11;2025-12-23;18;3187
11;2025-12-23;19;2273
11;2025-12-23;20;1517
11;2025-12-23;21;918
11;2025-12-23;22;449
11;2025-12-23;23;230
11;2025-12-24;0;69
11;2025-12-24;1;3
11;2025-12-24;2;0
11;2025-12-24;3;0
11;2025-12-24;4;4
11;2025-12-24;5;305
11;2025-12-24;6;1346
11;2025-12-24;7;2472
11;2025-12-24;8;3241
11;2025-12-24;9;2511
11;2025-12-24;10;1997
11;2025-12-24;11;1948
11;2025-12-24;12;1965
11;2025-12-24;13;2165
11;2025-12-24;14;2114
11;2025-12-24;15;2196
11;2025-12-24;16;2405
11;2025-12-24;17;2858
11;2025-12-24;18;3187
11;2025-12-24;19;2273
11;2025-12-24;20;1517
11;2025-12-24;21;918
11;2025-12-24;22;449
11;2025-12-24;23;230
11;2025-12-25;0;69
11;2025-12-25;1;3
11;2025-12-25;2;0
11;2025-12-25;3;0
11;2025-12-25;4;4
11;2025-12-25;5;305
11;2025-12-25;6;1346
11;2025-12-25;7;2472
11;2025-12-25;8;3241
11;2025-12-25;9;2511
11;2025-12-25;10;1997
11;2025-12-25;11;1948
11;2025-12-25;12;1965
11;2025-12-25;13;2165
11;2025-12-25;14;2114
11;2025-12-25;15;2196
11;2025-12-25;16;2405
11;2025-12-25;17;2858
11;2025-12-25;18;3187
11;2025-12-25;19;2273
11;2025-12-25;20;1517
11;2025-12-25;21;918
11;2025-12-25;22;449
11;2025-12-25;23;230
11;2025-12-26;0;82
11;2025-12-26;1;4
11;2025-12-26;2;0
11;2025-12-26;3;0
11;2025-12-26;4;3
11;2025-12-26;5;302
11;2025-12-26;6;1339
11;2025-12-26;7;2357
11;2025-12-26;8;3123
11;2025-12-26;9;2377
11;2025-12-26;10;1943
11;2025-12-26;11;1889
11;2025-12-26;12;1952
11;2025-12-26;13;2042
11;2025-12-26;14;2151
11;2025-12-26;15;2292
11;2025-12-26;16;2557
11;2025-12-26;17;2935
11;2025-12-26;18;2530
11;2025-12-26;19;1974
11;2025-12-26;20;1443
11;2025-12-26;21;907
11;2025-12-26;22;461
11;2025-12-26;23;312
11;2025-12-27;0;113
11;2025-12-27;1;3
11;2025-12-27;2;0
11;2025-12-27;3;0
11;2025-12-27;4;3
11;2025-12-27;5;183
11;2025-12-27;6;746
11;2025-12-27;7;729
11;2025-12-27;8;979
11;2025-12-27;9;1147
11;2025-12-27;10;1338
11;2025-12-27;11;1766
11;2025-12-27;12;1940
11;2025-12-27;13;1831
11;2025-12-27;14;1990
11;2025-12-27;15;1884
11;2025-12-27;16;1893
11;2025-12-27;17;1820
11;2025-12-27;18;1517
11;2025-12-27;19;1370
11;2025-12-27;20;1070
11;2025-12-27;21;765
11;2025-12-27;22;441
11;2025-12-27;23;304
11;2025-12-28;0;111
11;2025-12-28;1;14
11;2025-12-28;2;0
11;2025-12-28;3;0
11;2025-12-28;4;2
11;2025-12-28;5;122
11;2025-12-28;6;481
11;2025-12-28;7;507
11;2025-12-28;8;672
11;2025-12-28;9;936
11;2025-12-28;10;1071
11;2025-12-28;11;1552
11;2025-12-28;12;1691
11;2025-12-28;13;1623
11;2025-12-28;14;1747
11;2025-12-28;15;1731
11;2025-12-28;16;1650
11;2025-12-28;17;1668
11;2025-12-28;18;1271
11;2025-12-28;19;1046
11;2025-12-28;20;868
11;2025-12-28;21;645
11;2025-12-28;22;363
11;2025-12-28;23;260
11;2025-12-29;0;60
11;2025-12-29;1;2
11;2025-12-29;2;0
11;2025-12-29;3;0
11;2025-12-29;4;3
11;2025-12-29;5;267
11;2025-12-29;6;1179
11;2025-12-29;7;2165
11;2025-12-29;8;2839
11;2025-12-29;9;2200
11;2025-12-29;10;1749
11;2025-12-29;11;1706
11;2025-12-29;12;1721
11;2025-12-29;13;1896
11;2025-12-29;14;1852
11;2025-12-29;15;1924
11;2025-12-29;16;2107
11;2025-12-29;17;2503
11;2025-12-29;18;2792
11;2025-12-29;19;1991
11;2025-12-29;20;1329
11;2025-12-29;21;804
11;2025-12-29;22;393
11;2025-12-29;23;201
11;2025-12-30;0;59
11;2025-12-30;1;2
11;2025-12-30;2;0
11;2025-12-30;3;0
11;2025-12-30;4;3
11;2025-12-30;5;259
11;2025-12-30;6;1144
11;2025-12-30;7;2101
11;2025-12-30;8;2755
11;2025-12-30;9;2135
11;2025-12-30;10;1697
11;2025-12-30;11;1655
11;2025-12-30;12;1670
11;2025-12-30;13;1840
11;2025-12-30;14;1797
11;2025-12-30;15;1867
11;2025-12-30;16;2044
11;2025-12-30;17;2429
11;2025-12-30;18;2709
11;2025-12-30;19;1932
11;2025-12-30;20;1289
11;2025-12-30;21;780
11;2025-12-30;22;381
11;2025-12-30;23;195
11;2025-12-31;0;61
11;2025-12-31;1;2
11;2025-12-31;2;0
11;2025-12-31;3;0
11;2025-12-31;4;2
11;2025-12-31;5;99
11;2025-12-31;6;403
11;2025-12-31;7;394
11;2025-12-31;8;529
11;2025-12-31;9;620
11;2025-12-31;10;724
11;2025-12-31;11;955
11;2025-12-31;12;1049
11;2025-12-31;13;990
11;2025-12-31;14;1076
11;2025-12-31;15;1019
11;2025-12-31;16;1024
11;2025-12-31;17;984
11;2025-12-31;18;821
11;2025-12-31;19;741
11;2025-12-31;20;57
11;2025-12-31;21;41
11;2025-12-31;22;23
11;2025-12-31;23;16
12;2025-11-01;0;30
12;2025-11-01;1;3
12;2025-11-01;2;0
12;2025-11-01;3;0
12;2025-11-01;4;4
12;2025-11-01;5;268
12;2025-11-01;6;1167
12;2025-11-01;7;2297
12;2025-11-01;8;2941
12;2025-11-01;9;2065
12;2025-11-01;10;1728
12;2025-11-01;11;1744
12;2025-11-01;12;1785
12;2025-11-01;13;1871
12;2025-11-01;14;1853
12;2025-11-01;15;2105
12;2025-11-01;16;2697
12;2025-11-01;17;2548
12;2025-11-01;18;2237
12;2025-11-01;19;1842
12;2025-11-01;20;1263
12;2025-11-01;21;874
12;2025-11-01;22;448
12;2025-11-01;23;275
12;2025-11-02;0;89
12;2025-11-02;1;6
12;2025-11-02;2;0
12;2025-11-02;3;0
12;2025-11-02;4;3
12;2025-11-02;5;138
12;2025-11-02;6;504
12;2025-11-02;7;631
12;2025-11-02;8;707
12;2025-11-02;9;924
12;2025-11-02;10;1181
12;2025-11-02;11;1317
12;2025-11-02;12;1398
12;2025-11-02;13;1644
12;2025-11-02;14;1532
12;2025-11-02;15;1478
12;2025-11-02;16;1520
12;2025-11-02;17;1480
12;2025-11-02;18;1263
12;2025-11-02;19;973
12;2025-11-02;20;753
12;2025-11-02;21;587
12;2025-11-02;22;391
12;2025-11-02;23;205
12;2025-11-03;0;73
12;2025-11-03;1;5
12;2025-11-03;2;0
12;2025-11-03;3;0
12;2025-11-03;4;2
12;2025-11-03;5;150
12;2025-11-03;6;547
12;2025-11-03;7;647
12;2025-11-03;8;726
12;2025-11-03;9;911
12;2025-11-03;10;1143
12;2025-11-03;11;1252
12;2025-11-03;12;1298
12;2025-11-03;13;1531
12;2025-11-03;14;1393
12;2025-11-03;15;1342
12;2025-11-03;16;1397
12;2025-11-03;17;1323
12;2025-11-03;18;1196
12;2025-11-03;19;992
12;2025-11-03;20;735
12;2025-11-03;21;558
12;2025-11-03;22;350
12;2025-11-03;23;214
12;2025-11-04;0;73
12;2025-11-04;1;5
12;2025-11-04;2;0
12;2025-11-04;3;0
12;2025-11-04;4;2
12;2025-11-04;5;150
12;2025-11-04;6;547
12;2025-11-04;7;647
12;2025-11-04;8;726
12;2025-11-04;9;911
12;2025-11-04;10;1143
12;2025-11-04;11;1252
12;2025-11-04;12;1298
12;2025-11-04;13;1531
12;2025-11-04;14;1393
12;2025-11-04;15;1342
12;2025-11-04;16;1397
12;2025-11-04;17;1323
12;2025-11-04;18;1196
12;2025-11-04;19;992
12;2025-11-04;20;735
12;2025-11-04;21;558
12;2025-11-04;22;350
12;2025-11-04;23;214
12;2025-11-05;0;53
12;2025-11-05;1;2
12;2025-11-05;2;0
12;2025-11-05;3;0
12;2025-11-05;4;6
12;2025-11-05;5;317
12;2025-11-05;6;1369
12;2025-11-05;7;2679
12;2025-11-05;8;3581
12;2025-11-05;9;2455
12;2025-11-05;10;2107
12;2025-11-05;11;2018
12;2025-11-05;12;2103
12;2025-11-05;13;2078
12;2025-11-05;14;2068
12;2025-11-05;15;2299
12;2025-11-05;16;2812
12;2025-11-05;17;2976
12;2025-11-05;18;3131
12;2025-11-05;19;2392
12;2025-11-05;20;1563
12;2025-11-05;21;945
12;2025-11-05;22;481
12;2025-11-05;23;253
12;2025-11-06;0;53
12;2025-11-06;1;2
12;2025-11-06;2;0
12;2025-11-06;3;0
12;2025-11-06;4;6
12;2025-11-06;5;317
12;2025-11-06;6;1369
12;2025-11-06;7;2679
12;2025-11-06;8;3581
12;2025-11-06;9;2455
12;2025-11-06;10;2107
12;2025-11-06;11;2018
12;2025-11-06;12;2103
12;2025-11-06;13;2078
12;2025-11-06;14;2068
12;2025-11-06;15;2299
12;2025-11-06;16;2812
12;2025-11-06;17;2976
12;2025-11-06;18;3131
12;2025-11-06;19;2392
12;2025-11-06;20;1563
12;2025-11-06;21;945
12;2025-11-06;22;481
12;2025-11-06;23;253
12;2025-11-07;0;58
12;2025-11-07;1;2
12;2025-11-07;2;0
12;2025-11-07;3;0
12;2025-11-07;4;4
12;2025-11-07;5;305
12;2025-11-07;6;1326
12;2025-11-07;7;2611
12;2025-11-07;8;3343
12;2025-11-07;9;2347
12;2025-11-07;10;1964
12;2025-11-07;11;1982
12;2025-11-07;12;2029
12;2025-11-07;13;2127
12;2025-11-07;14;2106
12;2025-11-07;15;2392
12;2025-11-07;16;3065
12;2025-11-07;17;2896
12;2025-11-07;18;2543
12;2025-11-07;19;2094
12;2025-11-07;20;1436
12;2025-11-07;21;994
12;2025-11-07;22;509
12;2025-11-07;23;312
12;2025-11-08;0;74
12;2025-11-08;1;4
12;2025-11-08;2;0
12;2025-11-08;3;0
12;2025-11-08;4;2
12;2025-11-08;5;207
12;2025-11-08;6;748
12;2025-11-08;7;844
12;2025-11-08;8;950
12;2025-11-08;9;1149
12;2025-11-08;10;1416
12;2025-11-08;11;1524
12;2025-11-08;12;1542
12;2025-11-08;13;1824
12;2025-11-08;14;1620
12;2025-11-08;15;1558
12;2025-11-08;16;1642
12;2025-11-08;17;1508
12;2025-11-08;18;1450
12;2025-11-08;19;1289
12;2025-11-08;20;919
12;2025-11-08;21;678
12;2025-11-08;22;400
12;2025-11-08;23;283
12;2025-11-09;0;89
12;2025-11-09;1;6
12;2025-11-09;2;0
12;2025-11-09;3;0
12;2025-11-09;4;3
12;2025-11-09;5;138
12;2025-11-09;6;504
12;2025-11-09;7;631
12;2025-11-09;8;707
12;2025-11-09;9;924
12;2025-11-09;10;1181
12;2025-11-09;11;1317
12;2025-11-09;12;1398
12;2025-11-09;13;1644
12;2025-11-09;14;1532
12;2025-11-09;15;1478
12;2025-11-09;16;1520
12;2025-11-09;17;1480
12;2025-11-09;18;1263
12;2025-11-09;19;973
12;2025-11-09;20;753
12;2025-11-09;21;587
12;2025-11-09;22;391
12;2025-11-09;23;205
12;2025-11-10;0;52
12;2025-11-10;1;2
12;2025-11-10;2;0
12;2025-11-10;3;0
12;2025-11-10;4;6
12;2025-11-10;5;309
12;2025-11-10;6;1332
12;2025-11-10;7;2608
12;2025-11-10;8;3485
12;2025-11-10;9;2389
12;2025-11-10;10;2050
12;2025-11-10;11;1964
12;2025-11-10;12;2047
12;2025-11-10;13;2022
12;2025-11-10;14;2012
12;2025-11-10;15;2237
12;2025-11-10;16;2736
12;2025-11-10;17;2896
12;2025-11-10;18;3047
12;2025-11-10;19;2328
12;2025-11-10;20;1521
12;2025-11-10;21;920
12;2025-11-10;22;468
12;2025-11-10;23;246
12;2025-11-11;0;53
12;2025-11-11;1;2
12;2025-11-11;2;0
12;2025-11-11;3;0
12;2025-11-11;4;6
12;2025-11-11;5;317
12;2025-11-11;6;1369
12;2025-11-11;7;2679
12;2025-11-11;8;3581
12;2025-11-11;9;2455
12;2025-11-11;10;2107
12;2025-11-11;11;2018
12;2025-11-11;12;2103
12;2025-11-11;13;2078
12;2025-11-11;14;2068
12;2025-11-11;15;2299
12;2025-11-11;16;2812
12;2025-11-11;17;2976
12;2025-11-11;18;3131
12;2025-11-11;19;2392
12;2025-11-11;20;1563
12;2025-11-11;21;945
12;2025-11-11;22;481
12;2025-11-11;23;253
12;2025-11-12;0;53
12;2025-11-12;1;2
12;2025-11-12;2;0
12;2025-11-12;3;0
12;2025-11-12;4;6
12;2025-11-12;5;317
12;2025-11-12;6;1369
12;2025-11-12;7;2679
12;2025-11-12;8;3581
12;2025-11-12;9;2455
12;2025-11-12;10;2107
12;2025-11-12;11;2018
12;2025-11-12;12;2103
12;2025-11-12;13;2078
12;2025-11-12;14;2068
12;2025-11-12;15;2299
12;2025-11-12;16;2812
12;2025-11-12;17;2976
12;2025-11-12;18;3131
12;2025-11-12;19;2392
12;2025-11-12;20;1563
12;2025-11-12;21;945
12;2025-11-12;22;481
12;2025-11-12;23;253
12;2025-11-13;0;53
12;2025-11-13;1;2
12;2025-11-13;2;0
12;2025-11-13;3;0
12;2025-11-13;4;6
12;2025-11-13;5;317
12;2025-11-13;6;1369
12;2025-11-13;7;2679
12;2025-11-13;8;3581
12;2025-11-13;9;2455
12;2025-11-13;10;2107
12;2025-11-13;11;2018
12;2025-11-13;12;2103
12;2025-11-13;13;2078
12;2025-11-13;14;2068
12;2025-11-13;15;2299
12;2025-11-13;16;2812
12;2025-11-13;17;2976
12;2025-11-13;18;3131
12;2025-11-13;19;2392
12;2025-11-13;20;1563
12;2025-11-13;21;945
12;2025-11-13;22;481
12;2025-11-13;23;253
12;2025-11-14;0;58
12;2025-11-14;1;2
12;2025-11-14;2;0
12;2025-11-14;3;0
12;2025-11-14;4;4
12;2025-11-14;5;305
12;2025-11-14;6;1326
12;2025-11-14;7;2611
12;2025-11-14;8;3343
12;2025-11-14;9;2347
12;2025-11-14;10;1964
12;2025-11-14;11;1982
12;2025-11-14;12;2029
12;2025-11-14;13;2127
12;2025-11-14;14;2106
12;2025-11-14;15;2392
12;2025-11-14;16;3065
12;2025-11-14;17;2896
12;2025-11-14;18;2543
12;2025-11-14;19;2094
12;2025-11-14;20;1436
12;2025-11-14;21;994
12;2025-11-14;22;509
12;2025-11-14;23;312
12;2025-11-15;0;74
12;2025-11-15;1;4
12;2025-11-15;2;0
12;2025-11-15;3;0
12;2025-11-15;4;2
12;2025-11-15;5;207
12;2025-11-15;6;748
12;2025-11-15;7;844
12;2025-11-15;8;950
12;2025-11-15;9;1149
12;2025-11-15;10;1416
12;2025-11-15;11;1524
12;2025-11-15;12;1542
12;2025-11-15;13;1824
12;2025-11-15;14;1620
12;2025-11-15;15;1558
12;2025-11-15;16;1642
12;2025-11-15;17;1508
12;2025-11-15;18;1450
12;2025-11-15;19;1289
12;2025-11-15;20;919
12;2025-11-15;21;678
12;2025-11-15;22;400
12;2025-11-15;23;283
12;2025-11-16;0;89
12;2025-11-16;1;6
12;2025-11-16;2;0
12;2025-11-16;3;0
12;2025-11-16;4;3
12;2025-11-16;5;138
12;2025-11-16;6;504
12;2025-11-16;7;631
12;2025-11-16;8;707
12;2025-11-16;9;924
12;2025-11-16;10;1181
12;2025-11-16;11;1317
12;2025-11-16;12;1398
12;2025-11-16;13;1644
12;2025-11-16;14;1532
12;2025-11-16;15;1478
12;2025-11-16;16;1520
12;2025-11-16;17;1480
12;2025-11-16;18;1263
12;2025-11-16;19;973
12;2025-11-16;20;753
12;2025-11-16;21;587
12;2025-11-16;22;391
12;2025-11-16;23;205
12;2025-11-17;0;52
12;2025-11-17;1;2
12;2025-11-17;2;0
12;2025-11-17;3;0
12;2025-11-17;4;6
12;2025-11-17;5;309
12;2025-11-17;6;1332
12;2025-11-17;7;2608
12;2025-11-17;8;3485
12;2025-11-17;9;2389
12;2025-11-17;10;2050
12;2025-11-17;11;1964
12;2025-11-17;12;2047
12;2025-11-17;13;2022
12;2025-11-17;14;2012
12;2025-11-17;15;2237
12;2025-11-17;16;2736
12;2025-11-17;17;2896
12;2025-11-17;18;3047
12;2025-11-17;19;2328
12;2025-11-17;20;1521
12;2025-11-17;21;920
12;2025-11-17;22;468
12;2025-11-17;23;246
12;2025-11-18;0;53
12;2025-11-18;1;2
12;2025-11-18;2;0
12;2025-11-18;3;0
12;2025-11-18;4;6
12;2025-11-18;5;317
12;2025-11-18;6;1369
12;2025-11-18;7;2679
12;2025-11-18;8;3581
12;2025-11-18;9;2455
12;2025-11-18;10;2107
12;2025-11-18;11;2018
12;2025-11-18;12;2103
12;2025-11-18;13;2078
12;2025-11-18;14;2068
12;2025-11-18;15;2299
12;2025-11-18;16;2812
12;2025-11-18;17;2976
12;2025-11-18;18;3131
12;2025-11-18;19;2392
12;2025-11-18;20;1563
12;2025-11-18;21;945
12;2025-11-18;22;481
12;2025-11-18;23;253
12;2025-11-19;0;53
12;2025-11-19;1;2
12;2025-11-19;2;0
12;2025-11-19;3;0
12;2025-11-19;4;6
12;2025-11-19;5;317
12;2025-11-19;6;1369
12;2025-11-19;7;2679
12;2025-11-19;8;3581
12;2025-11-19;9;2455
12;2025-11-19;10;2107
12;2025-11-19;11;2018
12;2025-11-19;12;2103
12;2025-11-19;13;2078
12;2025-11-19;14;2068
12;2025-11-19;15;2299
12;2025-11-19;16;2812
12;2025-11-19;17;2976
12;2025-11-19;18;3131
12;2025-11-19;19;2392
12;2025-11-19;20;1563
12;2025-11-19;21;945
12;2025-11-19;22;481
12;2025-11-19;23;253
12;2025-11-20;0;53
12;2025-11-20;1;2
12;2025-11-20;2;0
12;2025-11-20;3;0
12;2025-11-20;4;6
12;2025-11-20;5;317
12;2025-11-20;6;1369
12;2025-11-20;7;2679
12;2025-11-20;8;3581
12;2025-11-20;9;2455
12;2025-11-20;10;2107
12;2025-11-20;11;2018
12;2025-11-20;12;2103
12;2025-11-20;13;2078
12;2025-11-20;14;2068
12;2025-11-20;15;2299
12;2025-11-20;16;2812
12;2025-11-20;17;2976
12;2025-11-20;18;3131
12;2025-11-20;19;2392
12;2025-11-20;20;1563
12;2025-11-20;21;945
12;2025-11-20;22;481
12;2025-11-20;23;253
12;2025-11-21;0;58
12;2025-11-21;1;2
12;2025-11-21;2;0
12;2025-11-21;3;0
12;2025-11-21;4;4
12;2025-11-21;5;305
12;2025-11-21;6;1326
12;2025-11-21;7;2611
12;2025-11-21;8;3343
12;2025-11-21;9;2347
12;2025-11-21;10;1964
12;2025-11-21;11;1982
12;2025-11-21;12;2029
12;2025-11-21;13;2127
12;2025-11-21;14;2106
12;2025-11-21;15;2392
12;2025-11-21;16;3065
12;2025-11-21;17;2896
12;2025-11-21;18;2543
12;2025-11-21;19;2094
12;2025-11-21;20;1436
12;2025-11-21;21;994
12;2025-11-21;22;509
12;2025-11-21;23;312
12;2025-11-22;0;74
12;2025-11-22;1;4
12;2025-11-22;2;0
12;2025-11-22;3;0
12;2025-11-22;4;2
12;2025-11-22;5;207
12;2025-11-22;6;748
12;2025-11-22;7;844
12;2025-11-22;8;950
12;2025-11-22;9;1149
12;2025-11-22;10;1416
12;2025-11-22;11;1524
12;2025-11-22;12;1542
12;2025-11-22;13;1824
12;2025-11-22;14;1620
12;2025-11-22;15;1558
12;2025-11-22;16;1642
12;2025-11-22;17;1508
12;2025-11-22;18;1450
12;2025-11-22;19;1289
12;2025-11-22;20;919
12;2025-11-22;21;678
12;2025-11-22;22;400
12;2025-11-22;23;283
12;2025-11-23;0;89
12;2025-11-23;1;6
12;2025-11-23;2;0
12;2025-11-23;3;0
12;2025-11-23;4;3
12;2025-11-23;5;138
12;2025-11-23;6;504
12;2025-11-23;7;631
12;2025-11-23;8;707
12;2025-11-23;9;924
12;2025-11-23;10;1181
12;2025-11-23;11;1317
12;2025-11-23;12;1398
12;2025-11-23;13;1644
12;2025-11-23;14;1532
12;2025-11-23;15;1478
12;2025-11-23;16;1520
12;2025-11-23;17;1480
12;2025-11-23;18;1263
12;2025-11-23;19;973
12;2025-11-23;20;753
12;2025-11-23;21;587
12;2025-11-23;22;391
12;2025-11-23;23;205
12;2025-11-24;0;52
12;2025-11-24;1;2
12;2025-11-24;2;0
12;2025-11-24;3;0
12;2025-11-24;4;6
12;2025-11-24;5;309
12;2025-11-24;6;1332
12;2025-11-24;7;2608
12;2025-11-24;8;3485
12;2025-11-24;9;2389
12;2025-11-24;10;2050
12;2025-11-24;11;1964
12;2025-11-24;12;2047
12;2025-11-24;13;2022
12;2025-11-24;14;2012
12;2025-11-24;15;2237
12;2025-11-24;16;2736
12;2025-11-24;17;2896
12;2025-11-24;18;3047
12;2025-11-24;19;2328
12;2025-11-24;20;1521
12;2025-11-24;21;920
12;2025-11-24;22;468
12;2025-11-24;23;246
12;2025-11-25;0;53
12;2025-11-25;1;2
12;2025-11-25;2;0
12;2025-11-25;3;0
12;2025-11-25;4;6
12;2025-11-25;5;317
12;2025-11-25;6;1369
12;2025-11-25;7;2679
12;2025-11-25;8;3581
12;2025-11-25;9;2455
12;2025-11-25;10;2107
12;2025-11-25;11;2018
12;2025-11-25;12;2103
12;2025-11-25;13;2078
12;2025-11-25;14;2068
12;2025-11-25;15;2299
12;2025-11-25;16;2812
12;2025-11-25;17;2976
12;2025-11-25;18;3131
12;2025-11-25;19;2392
12;2025-11-25;20;1563
12;2025-11-25;21;945
12;2025-11-25;22;481
12;2025-11-25;23;253
12;2025-11-26;0;53
12;2025-11-26;1;2
12;2025-11-26;2;0
12;2025-11-26;3;0
12;2025-11-26;4;6
12;2025-11-26;5;317
12;2025-11-26;6;1369
12;2025-11-26;7;2679
12;2025-11-26;8;3581
12;2025-11-26;9;2455
12;2025-11-26;10;2107
12;2025-11-26;11;2018
12;2025-11-26;12;2103
12;2025-11-26;13;2078
12;2025-11-26;14;2068
12;2025-11-26;15;2299
12;2025-11-26;16;2812
12;2025-11-26;17;2976
12;2025-11-26;18;3131
12;2025-11-26;19;2392
12;2025-11-26;20;1563
12;2025-11-26;21;945
12;2025-11-26;22;481
12;2025-11-26;23;253
12;2025-11-27;0;53
12;2025-11-27;1;2
12;2025-11-27;2;0
12;2025-11-27;3;0
12;2025-11-27;4;6
12;2025-11-27;5;317
12;2025-11-27;6;1369
12;2025-11-27;7;2679
12;2025-11-27;8;3581
12;2025-11-27;9;2455
12;2025-11-27;10;2107
12;2025-11-27;11;2018
12;2025-11-27;12;2103
12;2025-11-27;13;2078
12;2025-11-27;14;2068
12;2025-11-27;15;2299
12;2025-11-27;16;2812
12;2025-11-27;17;2976
12;2025-11-27;18;3131
12;2025-11-27;19;2392
12;2025-11-27;20;1563
12;2025-11-27;21;945
12;2025-11-27;22;481
12;2025-11-27;23;253
12;2025-11-28;0;58
12;2025-11-28;1;2
12;2025-11-28;2;0
12;2025-11-28;3;0
12;2025-11-28;4;4
12;2025-11-28;5;305
12;2025-11-28;6;1326
12;2025-11-28;7;2611
12;2025-11-28;8;3343
12;2025-11-28;9;2347
12;2025-11-28;10;1964
12;2025-11-28;11;1982
12;2025-11-28;12;2029
12;2025-11-28;13;2127
12;2025-11-28;14;2106
12;2025-11-28;15;2392
12;2025-11-28;16;3065
12;2025-11-28;17;2896
12;2025-11-28;18;2543
12;2025-11-28;19;2094
12;2025-11-28;20;1436
12;2025-11-28;21;994
12;2025-11-28;22;509
12;2025-11-28;23;312
12;2025-11-29;0;74
12;2025-11-29;1;4
12;2025-11-29;2;0
12;2025-11-29;3;0
12;2025-11-29;4;2
12;2025-11-29;5;207
12;2025-11-29;6;748
12;2025-11-29;7;844
12;2025-11-29;8;950
12;2025-11-29;9;1149
12;2025-11-29;10;1416
12;2025-11-29;11;1524
12;2025-11-29;12;1542
12;2025-11-29;13;1824
12;2025-11-29;14;1620
12;2025-11-29;15;1558
12;2025-11-29;16;1642
12;2025-11-29;17;1508
12;2025-11-29;18;1450
12;2025-11-29;19;1289
12;2025-11-29;20;919
12;2025-11-29;21;678
12;2025-11-29;22;400
12;2025-11-29;23;283
12;2025-11-30;0;89
12;2025-11-30;1;6
12;2025-11-30;2;0
12;2025-11-30;3;0
12;2025-11-30;4;3
12;2025-11-30;5;138
12;2025-11-30;6;504
12;2025-11-30;7;631
12;2025-11-30;8;707
12;2025-11-30;9;924
12;2025-11-30;10;1181
12;2025-11-30;11;1317
12;2025-11-30;12;1398
12;2025-11-30;13;1644
12;2025-11-30;14;1532
12;2025-11-30;15;1478
12;2025-11-30;16;1520
12;2025-11-30;17;1480
12;2025-11-30;18;1263
12;2025-11-30;19;973
12;2025-11-30;20;753
12;2025-11-30;21;587
12;2025-11-30;22;391
12;2025-11-30;23;205
12;2025-12-01;0;52
12;2025-12-01;1;2
12;2025-12-01;2;0
12;2025-12-01;3;0
12;2025-12-01;4;6
12;2025-12-01;5;309
12;2025-12-01;6;1318
12;2025-12-01;7;2607
12;2025-12-01;8;3480
12;2025-12-01;9;2372
12;2025-12-01;10;2047
12;2025-12-01;11;1970
12;2025-12-01;12;2048
12;2025-12-01;13;2015
12;2025-12-01;14;2024
12;2025-12-01;15;2248
12;2025-12-01;16;2750
12;2025-12-01;17;2904
12;2025-12-01;18;3051
12;2025-12-01;19;2341
12;2025-12-01;20;1514
12;2025-12-01;21;911
12;2025-12-01;22;464
12;2025-12-01;23;244
12;2025-12-02;0;53
12;2025-12-02;1;2
12;2025-12-02;2;0
12;2025-12-02;3;0
12;2025-12-02;4;6
12;2025-12-02;5;318
12;2025-12-02;6;1354
12;2025-12-02;7;2679
12;2025-12-02;8;3576
12;2025-12-02;9;2437
12;2025-12-02;10;2103
12;2025-12-02;11;2024
12;2025-12-02;12;2105
12;2025-12-02;13;2070
12;2025-12-02;14;2080
12;2025-12-02;15;2310
12;2025-12-02;16;2826
12;2025-12-02;17;2984
12;2025-12-02;18;3136
12;2025-12-02;19;2405
12;2025-12-02;20;1556
12;2025-12-02;21;936
12;2025-12-02;22;477
12;2025-12-02;23;251
12;2025-12-03;0;53
12;2025-12-03;1;2
12;2025-12-03;2;0
12;2025-12-03;3;0
12;2025-12-03;4;6
12;2025-12-03;5;318
12;2025-12-03;6;1354
12;2025-12-03;7;2679
12;2025-12-03;8;3576
12;2025-12-03;9;2437
12;2025-12-03;10;2103
12;2025-12-03;11;2024
12;2025-12-03;12;2105
12;2025-12-03;13;2070
12;2025-12-03;14;2080
12;2025-12-03;15;2310
12;2025-12-03;16;2826
12;2025-12-03;17;2984
12;2025-12-03;18;3136
12;2025-12-03;19;2405
12;2025-12-03;20;1556
12;2025-12-03;21;936
12;2025-12-03;22;477
12;2025-12-03;23;251
12;2025-12-04;0;53
12;2025-12-04;1;2
12;2025-12-04;2;0
12;2025-12-04;3;0
12;2025-12-04;4;6
12;2025-12-04;5;318
12;2025-12-04;6;1354
12;2025-12-04;7;2679
12;2025-12-04;8;3576
12;2025-12-04;9;2437
12;2025-12-04;10;2103
12;2025-12-04;11;2024
12;2025-12-04;12;2105
12;2025-12-04;13;2070
12;2025-12-04;14;2080
12;2025-12-04;15;2310
12;2025-12-04;16;2826
12;2025-12-04;17;2984
12;2025-12-04;18;3136
12;2025-12-04;19;2405
12;2025-12-04;20;1556
12;2025-12-04;21;936
12;2025-12-04;22;477
12;2025-12-04;23;251
12;2025-12-05;0;58
12;2025-12-05;1;2
12;2025-12-05;2;0
12;2025-12-05;3;0
12;2025-12-05;4;4
12;2025-12-05;5;300
12;2025-12-05;6;1306
12;2025-12-05;7;2593
12;2025-12-05;8;3344
12;2025-12-05;9;2315
12;2025-12-05;10;1969
12;2025-12-05;11;1993
12;2025-12-05;12;2041
12;2025-12-05;13;2106
12;2025-12-05;14;2124
12;2025-12-05;15;2417
12;2025-12-05;16;3083
12;2025-12-05;17;2903
12;2025-12-05;18;2550
12;2025-12-05;19;2100
12;2025-12-05;20;1440
12;2025-12-05;21;987
12;2025-12-05;22;508
12;2025-12-05;23;307
12;2025-12-06;0;76
12;2025-12-06;1;5
12;2025-12-06;2;0
12;2025-12-06;3;0
12;2025-12-06;4;2
12;2025-12-06;5;204
12;2025-12-06;6;742
12;2025-12-06;7;838
12;2025-12-06;8;936
12;2025-12-06;9;1137
12;2025-12-06;10;1402
12;2025-12-06;11;1527
12;2025-12-06;12;1540
12;2025-12-06;13;1837
12;2025-12-06;14;1626
12;2025-12-06;15;1558
12;2025-12-06;16;1634
12;2025-12-06;17;1500
12;2025-12-06;18;1433
12;2025-12-06;19;1289
12;2025-12-06;20;913
12;2025-12-06;21;660
12;2025-12-06;22;402
12;2025-12-06;23;281
12;2025-12-07;0;89
12;2025-12-07;1;6
12;2025-12-07;2;0
12;2025-12-07;3;0
12;2025-12-07;4;2
12;2025-12-07;5;138
12;2025-12-07;6;495
12;2025-12-07;7;611
12;2025-12-07;8;698
12;2025-12-07;9;920
12;2025-12-07;10;1172
12;2025-12-07;11;1313
12;2025-12-07;12;1394
12;2025-12-07;13;1640
12;2025-12-07;14;1527
12;2025-12-07;15;1456
12;2025-12-07;16;1505
12;2025-12-07;17;1460
12;2025-12-07;18;1241
12;2025-12-07;19;963
12;2025-12-07;20;737
12;2025-12-07;21;577
12;2025-12-07;22;386
12;2025-12-07;23;204
12;2025-12-08;0;52
12;2025-12-08;1;2
12;2025-12-08;2;0
12;2025-12-08;3;0
12;2025-12-08;4;6
12;2025-12-08;5;309
12;2025-12-08;6;1318
12;2025-12-08;7;2607
12;2025-12-08;8;3480
12;2025-12-08;9;2372
12;2025-12-08;10;2047
12;2025-12-08;11;1970
12;2025-12-08;12;2048
12;2025-12-08;13;2015
12;2025-12-08;14;2024
12;2025-12-08;15;2248
12;2025-12-08;16;2750
12;2025-12-08;17;2904
12;2025-12-08;18;3051
12;2025-12-08;19;2341
12;2025-12-08;20;1514
12;2025-12-08;21;911
12;2025-12-08;22;464
12;2025-12-08;23;244
12;2025-12-09;0;53
12;2025-12-09;1;2
12;2025-12-09;2;0
12;2025-12-09;3;0
12;2025-12-09;4;6
12;2025-12-09;5;318
12;2025-12-09;6;1354
12;2025-12-09;7;2679
12;2025-12-09;8;3576
12;2025-12-09;9;2437
12;2025-12-09;10;2103
12;2025-12-09;11;2024
12;2025-12-09;12;2105
12;2025-12-09;13;2070
12;2025-12-09;14;2080
12;2025-12-09;15;2310
12;2025-12-09;16;2826
12;2025-12-09;17;2984
12;2025-12-09;18;3136
12;2025-12-09;19;2405
12;2025-12-09;20;1556
12;2025-12-09;21;936
12;2025-12-09;22;477
12;2025-12-09;23;251
12;2025-12-10;0;53
12;2025-12-10;1;2
12;2025-12-10;2;0
12;2025-12-10;3;0
12;2025-12-10;4;6
12;2025-12-10;5;318
12;2025-12-10;6;1354
12;2025-12-10;7;2679
12;2025-12-10;8;3576
12;2025-12-10;9;2437
12;2025-12-10;10;2103
12;2025-12-10;11;2024
12;2025-12-10;12;2105
12;2025-12-10;13;2070
12;2025-12-10;14;2080
12;2025-12-10;15;2310
12;2025-12-10;16;2826
12;2025-12-10;17;2984
12;2025-12-10;18;3136
12;2025-12-10;19;2405
12;2025-12-10;20;1556
12;2025-12-10;21;936
12;2025-12-10;22;477
12;2025-12-10;23;251
12;2025-12-11;0;53
12;2025-12-11;1;2
12;2025-12-11;2;0
12;2025-12-11;3;0
12;2025-12-11;4;6
12;2025-12-11;5;318
12;2025-12-11;6;1354
12;2025-12-11;7;2679
12;2025-12-11;8;3576
12;2025-12-11;9;2437
12;2025-12-11;10;2103
12;2025-12-11;11;2024
12;2025-12-11;12;2105
12;2025-12-11;13;2070
12;2025-12-11;14;2080
12;2025-12-11;15;2310
12;2025-12-11;16;2826
12;2025-12-11;17;2984
12;2025-12-11;18;3136
12;2025-12-11;19;2405
12;2025-12-11;20;1556
12;2025-12-11;21;936
12;2025-12-11;22;477
12;2025-12-11;23;251
12;2025-12-12;0;58
12;2025-12-12;1;2
12;2025-12-12;2;0
12;2025-12-12;3;0
12;2025-12-12;4;4
12;2025-12-12;5;300
12;2025-12-12;6;1306
12;2025-12-12;7;2593
12;2025-12-12;8;3344
12;2025-12-12;9;2315
12;2025-12-12;10;1969
12;2025-12-12;11;1993
12;2025-12-12;12;2041
12;2025-12-12;13;2106
12;2025-12-12;14;2124
12;2025-12-12;15;2417
12;2025-12-12;16;3083
12;2025-12-12;17;2903
12;2025-12-12;18;2550
12;2025-12-12;19;2100
12;2025-12-12;20;1440
12;2025-12-12;21;987
12;2025-12-12;22;508
12;2025-12-12;23;307
12;2025-12-13;0;76
12;2025-12-13;1;5
12;2025-12-13;2;0
12;2025-12-13;3;0
12;2025-12-13;4;2
12;2025-12-13;5;204
12;2025-12-13;6;742
12;2025-12-13;7;838
12;2025-12-13;8;936
12;2025-12-13;9;1137
12;2025-12-13;10;1402
12;2025-12-13;11;1527
12;2025-12-13;12;1540
12;2025-12-13;13;1837
12;2025-12-13;14;1626
12;2025-12-13;15;1558
12;2025-12-13;16;1634
12;2025-12-13;17;1500
12;2025-12-13;18;1433
12;2025-12-13;19;1289
12;2025-12-13;20;913
12;2025-12-13;21;660
12;2025-12-13;22;402
12;2025-12-13;23;281
12;2025-12-14;0;89
12;2025-12-14;1;6
12;2025-12-14;2;0
12;2025-12-14;3;0
12;2025-12-14;4;2
12;2025-12-14;5;138
12;2025-12-14;6;495
12;2025-12-14;7;611
12;2025-12-14;8;698
12;2025-12-14;9;920
12;2025-12-14;10;1172
12;2025-12-14;11;1313
12;2025-12-14;12;1394
12;2025-12-14;13;1640
12;2025-12-14;14;1527
12;2025-12-14;15;1456
12;2025-12-14;16;1505
12;2025-12-14;17;1460
12;2025-12-14;18;1241
12;2025-12-14;19;963
12;2025-12-14;20;737
12;2025-12-14;21;577
12;2025-12-14;22;386
12;2025-12-14;23;204
12;2025-12-15;0;52
12;2025-12-15;1;2
12;2025-12-15;2;0
12;2025-12-15;3;0
12;2025-12-15;4;6
12;2025-12-15;5;309
12;2025-12-15;6;1318
12;2025-12-15;7;2607
12;2025-12-15;8;3480
12;2025-12-15;9;2372
12;2025-12-15;10;2047
12;2025-12-15;11;1970
12;2025-12-15;12;2048
12;2025-12-15;13;2015
12;2025-12-15;14;2024
12;2025-12-15;15;2248
12;2025-12-15;16;2750
12;2025-12-15;17;2904
12;2025-12-15;18;3051
12;2025-12-15;19;2341
12;2025-12-15;20;1514
12;2025-12-15;21;911
12;2025-12-15;22;464
12;2025-12-15;23;244
12;2025-12-16;0;53
12;2025-12-16;1;2
12;2025-12-16;2;0
12;2025-12-16;3;0
12;2025-12-16;4;6
12;2025-12-16;5;318
12;2025-12-16;6;1354
12;2025-12-16;7;2679
12;2025-12-16;8;3576
12;2025-12-16;9;2437
12;2025-12-16;10;2103
12;2025-12-16;11;2024
12;2025-12-16;12;2105
12;2025-12-16;13;2070
12;2025-12-16;14;2080
12;2025-12-16;15;2310
12;2025-12-16;16;2826
12;2025-12-16;17;2984
12;2025-12-16;18;3136
12;2025-12-16;19;2405
12;2025-12-16;20;1556
12;2025-12-16;21;936
12;2025-12-16;22;477
12;2025-12-16;23;251
12;2025-12-17;0;53
12;2025-12-17;1;2
12;2025-12-17;2;0
12;2025-12-17;3;0
12;2025-12-17;4;6
12;2025-12-17;5;318
12;2025-12-17;6;1354
12;2025-12-17;7;2679
12;2025-12-17;8;3576
12;2025-12-17;9;2437
12;2025-12-17;10;2103
12;2025-12-17;11;2024
12;2025-12-17;12;2105
12;2025-12-17;13;2070
12;2025-12-17;14;2080
12;2025-12-17;15;2310
12;2025-12-17;16;2826
12;2025-12-17;17;2984
12;2025-12-17;18;3136
12;2025-12-17;19;2405
12;2025-12-17;20;1556
12;2025-12-17;21;936
12;2025-12-17;22;477
12;2025-12-17;23;251
12;2025-12-18;0;53
12;2025-12-18;1;2
12;2025-12-18;2;0
12;2025-12-18;3;0
12;2025-12-18;4;6
12;2025-12-18;5;318
12;2025-12-18;6;1354
12;2025-12-18;7;2679
12;2025-12-18;8;3576
12;2025-12-18;9;2437
12;2025-12-18;10;2103
12;2025-12-18;11;2024
12;2025-12-18;12;2105
12;2025-12-18;13;2070
12;2025-12-18;14;2080
12;2025-12-18;15;2310
12;2025-12-18;16;2826
12;2025-12-18;17;2984
12;2025-12-18;18;3136
12;2025-12-18;19;2405
12;2025-12-18;20;1556
12;2025-12-18;21;936
12;2025-12-18;22;477
12;2025-12-18;23;251
12;2025-12-19;0;58
12;2025-12-19;1;2
12;2025-12-19;2;0
12;2025-12-19;3;0
12;2025-12-19;4;4
12;2025-12-19;5;300
12;2025-12-19;6;1306
12;2025-12-19;7;2593
12;2025-12-19;8;3344
12;2025-12-19;9;2315
12;2025-12-19;10;1969
12;2025-12-19;11;1993
12;2025-12-19;12;2041
12;2025-12-19;13;2106
12;2025-12-19;14;2124
12;2025-12-19;15;2417
12;2025-12-19;16;3083
12;2025-12-19;17;2903
12;2025-12-19;18;2550
12;2025-12-19;19;2100
12;2025-12-19;20;1440
12;2025-12-19;21;987
12;2025-12-19;22;508
12;2025-12-19;23;307
12;2025-12-20;0;76
12;2025-12-20;1;5
12;2025-12-20;2;0
12;2025-12-20;3;0
12;2025-12-20;4;2
12;2025-12-20;5;204
12;2025-12-20;6;742
12;2025-12-20;7;838
12;2025-12-20;8;936
12;2025-12-20;9;1137
12;2025-12-20;10;1402
12;2025-12-20;11;1527
12;2025-12-20;12;1540
12;2025-12-20;13;1837
12;2025-12-20;14;1626
12;2025-12-20;15;1558
12;2025-12-20;16;1634
12;2025-12-20;17;1500
12;2025-12-20;18;1433
12;2025-12-20;19;1289
12;2025-12-20;20;913
12;2025-12-20;21;660
12;2025-12-20;22;402
12;2025-12-20;23;281
12;2025-12-21;0;89
12;2025-12-21;1;6
12;2025-12-21;2;0
12;2025-12-21;3;0
12;2025-12-21;4;2
12;2025-12-21;5;138
12;2025-12-21;6;495
12;2025-12-21;7;611
12;2025-12-21;8;698
12;2025-12-21;9;920
12;2025-12-21;10;1172
12;2025-12-21;11;1313
12;2025-12-21;12;1394
12;2025-12-21;13;1640
12;2025-12-21;14;1527
12;2025-12-21;15;1456
12;2025-12-21;16;1505
12;2025-12-21;17;1460
12;2025-12-21;18;1241
12;2025-12-21;19;963
12;2025-12-21;20;737
12;2025-12-21;21;577
12;2025-12-21;22;386
12;2025-12-21;23;204
12;2025-12-22;0;52
12;2025-12-22;1;2
12;2025-12-22;2;0
12;2025-12-22;3;0
12;2025-12-22;4;6
12;2025-12-22;5;309
12;2025-12-22;6;1318
12;2025-12-22;7;2607
12;2025-12-22;8;3480
12;2025-12-22;9;2372
12;2025-12-22;10;2047
12;2025-12-22;11;1970
12;2025-12-22;12;2048
12;2025-12-22;13;2015
12;2025-12-22;14;2024
12;2025-12-22;15;2248
12;2025-12-22;16;2750
12;2025-12-22;17;2904
12;2025-12-22;18;3051
12;2025-12-22;19;2341
12;2025-12-22;20;1514
12;2025-12-22;21;911
12;2025-12-22;22;464
12;2025-12-22;23;244
12;2025-12-23;0;53
12;2025-12-23;1;2
12;2025-12-23;2;0
12;2025-12-23;3;0
12;2025-12-23;4;6
12;2025-12-23;5;318
12;2025-12-23;6;1354
12;2025-12-23;7;2679
12;2025-12-23;8;3576
12;2025-12-23;9;2437
12;2025-12-23;10;2103
12;2025-12-23;11;2024
12;2025-12-23;12;2105
12;2025-12-23;13;2070
12;2025-12-23;14;2080
12;2025-12-23;15;2310
12;2025-12-23;16;2826
12;2025-12-23;17;2984
12;2025-12-23;18;3136
12;2025-12-23;19;2405
12;2025-12-23;20;1556
12;2025-12-23;21;936
12;2025-12-23;22;477
12;2025-12-23;23;251
12;2025-12-24;0;53
12;2025-12-24;1;2
12;2025-12-24;2;0
12;2025-12-24;3;0
12;2025-12-24;4;6
12;2025-12-24;5;318
12;2025-12-24;6;1354
12;2025-12-24;7;2679
12;2025-12-24;8;3576
12;2025-12-24;9;2437
12;2025-12-24;10;2103
12;2025-12-24;11;2024
12;2025-12-24;12;2105
12;2025-12-24;13;2070
12;2025-12-24;14;2080
12;2025-12-24;15;2310
12;2025-12-24;16;2826
12;2025-12-24;17;2984
12;2025-12-24;18;3136
12;2025-12-24;19;2405
12;2025-12-24;20;1556
12;2025-12-24;21;936
12;2025-12-24;22;477
12;2025-12-24;23;251
12;2025-12-25;0;53
12;2025-12-25;1;2
12;2025-12-25;2;0
12;2025-12-25;3;0
12;2025-12-25;4;6
12;2025-12-25;5;318
12;2025-12-25;6;1354
12;2025-12-25;7;2679
12;2025-12-25;8;3576
12;2025-12-25;9;2437
12;2025-12-25;10;2103
12;2025-12-25;11;2024
12;2025-12-25;12;2105
12;2025-12-25;13;2070
12;2025-12-25;14;2080
12;2025-12-25;15;2310
12;2025-12-25;16;2826
12;2025-12-25;17;2984
12;2025-12-25;18;3136
12;2025-12-25;19;2405
12;2025-12-25;20;1556
12;2025-12-25;21;936
12;2025-12-25;22;477
12;2025-12-25;23;251
12;2025-12-26;0;58
12;2025-12-26;1;2
12;2025-12-26;2;0
12;2025-12-26;3;0
12;2025-12-26;4;4
12;2025-12-26;5;300
12;2025-12-26;6;1306
12;2025-12-26;7;2593
12;2025-12-26;8;3344
12;2025-12-26;9;2315
12;2025-12-26;10;1969
12;2025-12-26;11;1993
12;2025-12-26;12;2041
12;2025-12-26;13;2106
12;2025-12-26;14;2124
12;2025-12-26;15;2417
12;2025-12-26;16;3083
12;2025-12-26;17;2903
12;2025-12-26;18;2550
12;2025-12-26;19;2100
12;2025-12-26;20;1440
12;2025-12-26;21;987
12;2025-12-26;22;508
12;2025-12-26;23;307
12;2025-12-27;0;76
12;2025-12-27;1;5
12;2025-12-27;2;0
12;2025-12-27;3;0
12;2025-12-27;4;2
12;2025-12-27;5;204
12;2025-12-27;6;742
12;2025-12-27;7;838
12;2025-12-27;8;936
12;2025-12-27;9;1137
12;2025-12-27;10;1402
12;2025-12-27;11;1527
12;2025-12-27;12;1540
12;2025-12-27;13;1837
12;2025-12-27;14;1626
12;2025-12-27;15;1558
12;2025-12-27;16;1634
12;2025-12-27;17;1500
12;2025-12-27;18;1433
12;2025-12-27;19;1289
12;2025-12-27;20;913
12;2025-12-27;21;660
12;2025-12-27;22;402
12;2025-12-27;23;281
12;2025-12-28;0;89
12;2025-12-28;1;6
12;2025-12-28;2;0
12;2025-12-28;3;0
12;2025-12-28;4;2
12;2025-12-28;5;138
12;2025-12-28;6;495
12;2025-12-28;7;611
12;2025-12-28;8;698
12;2025-12-28;9;920
12;2025-12-28;10;1172
12;2025-12-28;11;1313
12;2025-12-28;12;1394
12;2025-12-28;13;1640
12;2025-12-28;14;1527
12;2025-12-28;15;1456
12;2025-12-28;16;1505
12;2025-12-28;17;1460
12;2025-12-28;18;1241
12;2025-12-28;19;963
12;2025-12-28;20;737
12;2025-12-28;21;577
12;2025-12-28;22;386
12;2025-12-28;23;204
12;2025-12-29;0;47
12;2025-12-29;1;2
12;2025-12-29;2;0
12;2025-12-29;3;0
12;2025-12-29;4;5
12;2025-12-29;5;278
12;2025-12-29;6;1186
12;2025-12-29;7;2346
12;2025-12-29;8;3132
12;2025-12-29;9;2135
12;2025-12-29;10;1842
12;2025-12-29;11;1773
12;2025-12-29;12;1844
12;2025-12-29;13;1813
12;2025-12-29;14;1821
12;2025-12-29;15;2023
12;2025-12-29;16;2475
12;2025-12-29;17;2614
12;2025-12-29;18;2746
12;2025-12-29;19;2107
12;2025-12-29;20;1363
12;2025-12-29;21;820
12;2025-12-29;22;418
12;2025-12-29;23;220
12;2025-12-30;0;45
12;2025-12-30;1;2
12;2025-12-30;2;0
12;2025-12-30;3;0
12;2025-12-30;4;5
12;2025-12-30;5;270
12;2025-12-30;6;1151
12;2025-12-30;7;2277
12;2025-12-30;8;3040
12;2025-12-30;9;2072
12;2025-12-30;10;1788
12;2025-12-30;11;1721
12;2025-12-30;12;1789
12;2025-12-30;13;1760
12;2025-12-30;14;1768
12;2025-12-30;15;1963
12;2025-12-30;16;2402
12;2025-12-30;17;2537
12;2025-12-30;18;2665
12;2025-12-30;19;2044
12;2025-12-30;20;1323
12;2025-12-30;21;796
12;2025-12-30;22;406
12;2025-12-30;23;213
12;2025-12-31;0;41
12;2025-12-31;1;3
12;2025-12-31;2;0
12;2025-12-31;3;0
12;2025-12-31;4;1
12;2025-12-31;5;110
12;2025-12-31;6;401
12;2025-12-31;7;453
12;2025-12-31;8;506
12;2025-12-31;9;615
12;2025-12-31;10;758
12;2025-12-31;11;826
12;2025-12-31;12;833
12;2025-12-31;13;993
12;2025-12-31;14;879
12;2025-12-31;15;842
12;2025-12-31;16;884
12;2025-12-31;17;811
12;2025-12-31;18;775
12;2025-12-31;19;697
12;2025-12-31;20;48
12;2025-12-31;21;35
12;2025-12-31;22;21
12;2025-12-31;23;15
17;2025-11-01;0;151
17;2025-11-01;1;30
17;2025-11-01;2;0
17;2025-11-01;3;0
17;2025-11-01;4;22
17;2025-11-01;5;268
17;2025-11-01;6;1311
17;2025-11-01;7;3402
17;2025-11-01;8;4442
17;2025-11-01;9;3178
17;2025-11-01;10;2599
17;2025-11-01;11;2612
17;2025-11-01;12;2653
17;2025-11-01;13;2712
17;2025-11-01;14;2789
17;2025-11-01;15;3087
17;2025-11-01;16;3704
17;2025-11-01;17;3935
17;2025-11-01;18;3669
17;2025-11-01;19;2679
17;2025-11-01;20;2049
17;2025-11-01;21;1381
17;2025-11-01;22;734
17;2025-11-01;23;404
17;2025-11-02;0;181
17;2025-11-02;1;25
17;2025-11-02;2;0
17;2025-11-02;3;0
17;2025-11-02;4;4
17;2025-11-02;5;106
17;2025-11-02;6;438
17;2025-11-02;7;791
17;2025-11-02;8;1225
17;2025-11-02;9;1674
17;2025-11-02;10;2031
17;2025-11-02;11;2586
17;2025-11-02;12;2992
17;2025-11-02;13;3273
17;2025-11-02;14;3350
17;2025-11-02;15;3324
17;2025-11-02;16;3230
17;2025-11-02;17;2950
17;2025-11-02;18;2561
17;2025-11-02;19;2062
17;2025-11-02;20;1623
17;2025-11-02;21;1165
17;2025-11-02;22;731
17;2025-11-02;23;324
17;2025-11-03;0;165
17;2025-11-03;1;22
17;2025-11-03;2;0
17;2025-11-03;3;0
17;2025-11-03;4;4
17;2025-11-03;5;104
17;2025-11-03;6;435
17;2025-11-03;7;854
17;2025-11-03;8;1274
17;2025-11-03;9;1684
17;2025-11-03;10;1983
17;2025-11-03;11;2462
17;2025-11-03;12;2805
17;2025-11-03;13;3026
17;2025-11-03;14;3085
17;2025-11-03;15;3067
17;2025-11-03;16;3032
17;2025-11-03;17;2743
17;2025-11-03;18;2411
17;2025-11-03;19;1941
17;2025-11-03;20;1547
17;2025-11-03;21;1118
17;2025-11-03;22;705
17;2025-11-03;23;339
17;2025-11-04;0;165
17;2025-11-04;1;22
17;2025-11-04;2;0
17;2025-11-04;3;0
17;2025-11-04;4;4
17;2025-11-04;5;104
17;2025-11-04;6;435
17;2025-11-04;7;854
17;2025-11-04;8;1274
17;2025-11-04;9;1684
17;2025-11-04;10;1983
17;2025-11-04;11;2462
17;2025-11-04;12;2805
17;2025-11-04;13;3026
17;2025-11-04;14;3085
17;2025-11-04;15;3067
17;2025-11-04;16;3032
17;2025-11-04;17;2743
17;2025-11-04;18;2411
17;2025-11-04;19;1941
17;2025-11-04;20;1547
17;2025-11-04;21;1118
17;2025-11-04;22;705
17;2025-11-04;23;339
17;2025-11-05;0;118
17;2025-11-05;1;12
17;2025-11-05;2;0
17;2025-11-05;3;0
17;2025-11-05;4;27
17;2025-11-05;5;325
17;2025-11-05;6;1583
17;2025-11-05;7;4138
17;2025-11-05;8;5439
17;2025-11-05;9;3849
17;2025-11-05;10;3095
17;2025-11-05;11;3067
17;2025-11-05;12;3110
17;2025-11-05;13;3171
17;2025-11-05;14;3264
17;2025-11-05;15;3391
17;2025-11-05;16;3824
17;2025-11-05;17;4496
17;2025-11-05;18;4840
17;2025-11-05;19;3342
17;2025-11-05;20;2429
17;2025-11-05;21;1497
17;2025-11-05;22;768
17;2025-11-05;23;371
17;2025-11-06;0;118
17;2025-11-06;1;12
17;2025-11-06;2;0
17;2025-11-06;3;0
17;2025-11-06;4;27
17;2025-11-06;5;325
17;2025-11-06;6;1583
17;2025-11-06;7;4138
17;2025-11-06;8;5439
17;2025-11-06;9;3849
17;2025-11-06;10;3095
17;2025-11-06;11;3067
17;2025-11-06;12;3110
17;2025-11-06;13;3171
17;2025-11-06;14;3264
17;2025-11-06;15;3391
17;2025-11-06;16;3824
17;2025-11-06;17;4496
17;2025-11-06;18;4840
17;2025-11-06;19;3342
17;2025-11-06;20;2429
17;2025-11-06;21;1497
17;2025-11-06;22;768
17;2025-11-06;23;371
17;2025-11-07;0;139
17;2025-11-07;1;16
17;2025-11-07;2;0
17;2025-11-07;3;0
17;2025-11-07;4;25
17;2025-11-07;5;305
17;2025-11-07;6;1490
17;2025-11-07;7;3868
17;2025-11-07;8;5049
17;2025-11-07;9;3612
17;2025-11-07;10;2954
17;2025-11-07;11;2969
17;2025-11-07;12;3015
17;2025-11-07;13;3083
17;2025-11-07;14;3170
17;2025-11-07;15;3508
17;2025-11-07;16;4210
17;2025-11-07;17;4473
17;2025-11-07;18;4171
17;2025-11-07;19;3045
17;2025-11-07;20;2329
17;2025-11-07;21;1570
17;2025-11-07;22;834
17;2025-11-07;23;459
17;2025-11-08;0;192
17;2025-11-08;1;26
17;2025-11-08;2;0
17;2025-11-08;3;0
17;2025-11-08;4;5
17;2025-11-08;5;130
17;2025-11-08;6;549
17;2025-11-08;7;1156
17;2025-11-08;8;1673
17;2025-11-08;9;2148
17;2025-11-08;10;2460
17;2025-11-08;11;2979
17;2025-11-08;12;3344
17;2025-11-08;13;3555
17;2025-11-08;14;3610
17;2025-11-08;15;3596
17;2025-11-08;16;3620
17;2025-11-08;17;3242
17;2025-11-08;18;2885
17;2025-11-08;19;2324
17;2025-11-08;20;1875
17;2025-11-08;21;1366
17;2025-11-08;22;863
17;2025-11-08;23;448
17;2025-11-09;0;181
17;2025-11-09;1;25
17;2025-11-09;2;0
17;2025-11-09;3;0
17;2025-11-09;4;4
17;2025-11-09;5;106
17;2025-11-09;6;438
17;2025-11-09;7;791
17;2025-11-09;8;1225
17;2025-11-09;9;1674
17;2025-11-09;10;2031
17;2025-11-09;11;2586
17;2025-11-09;12;2992
17;2025-11-09;13;3273
17;2025-11-09;14;3350
17;2025-11-09;15;3324
17;2025-11-09;16;3230
17;2025-11-09;17;2950
17;2025-11-09;18;2561
17;2025-11-09;19;2062
17;2025-11-09;20;1623
17;2025-11-09;21;1165
17;2025-11-09;22;731
17;2025-11-09;23;324
17;2025-11-10;0;115
17;2025-11-10;1;11
17;2025-11-10;2;0
17;2025-11-10;3;0
17;2025-11-10;4;27
17;2025-11-10;5;316
17;2025-11-10;6;1541
17;2025-11-10;7;4027
17;2025-11-10;8;5293
17;2025-11-10;9;3745
17;2025-11-10;10;3012
17;2025-11-10;11;2985
17;2025-11-10;12;3026
17;2025-11-10;13;3086
17;2025-11-10;14;3176
17;2025-11-10;15;3300
17;2025-11-10;16;3722
17;2025-11-10;17;4375
17;2025-11-10;18;4710
17;2025-11-10;19;3252
17;2025-11-10;20;2364
17;2025-11-10;21;1457
17;2025-11-10;22;748
17;2025-11-10;23;361
17;2025-11-11;0;118
17;2025-11-11;1;12
17;2025-11-11;2;0
17;2025-11-11;3;0
17;2025-11-11;4;27
17;2025-11-11;5;325
17;2025-11-11;6;1583
17;2025-11-11;7;4138
17;2025-11-11;8;5439
17;2025-11-11;9;3849
17;2025-11-11;10;3095
17;2025-11-11;11;3067
17;2025-11-11;12;3110
17;2025-11-11;13;3171
17;2025-11-11;14;3264
17;2025-11-11;15;3391
17;2025-11-11;16;3824
17;2025-11-11;17;4496
17;2025-11-11;18;4840
17;2025-11-11;19;3342
17;2025-11-11;20;2429
17;2025-11-11;21;1497
17;2025-11-11;22;768
17;2025-11-11;23;371
17;2025-11-12;0;118
17;2025-11-12;1;12
17;2025-11-12;2;0
17;2025-11-12;3;0
17;2025-11-12;4;27
17;2025-11-12;5;325
17;2025-11-12;6;1583
17;2025-11-12;7;4138
17;2025-11-12;8;5439
17;2025-11-12;9;3849
17;2025-11-12;10;3095
17;2025-11-12;11;3067
17;2025-11-12;12;3110
17;2025-11-12;13;3171
17;2025-11-12;14;3264
17;2025-11-12;15;3391
17;2025-11-12;16;3824
17;2025-11-12;17;4496
17;2025-11-12;18;4840
17;2025-11-12;19;3342
17;2025-11-12;20;2429
17;2025-11-12;21;1497
17;2025-11-12;22;768
17;2025-11-12;23;371
17;2025-11-13;0;118
17;2025-11-13;1;12
17;2025-11-13;2;0
17;2025-11-13;3;0
17;2025-11-13;4;27
17;2025-11-13;5;325
17;2025-11-13;6;1583
17;2025-11-13;7;4138
17;2025-11-13;8;5439
17;2025-11-13;9;3849
17;2025-11-13;10;3095
17;2025-11-13;11;3067
17;2025-11-13;12;3110
17;2025-11-13;13;3171
17;2025-11-13;14;3264
17;2025-11-13;15;3391
17;2025-11-13;16;3824
17;2025-11-13;17;4496
17;2025-11-13;18;4840
17;2025-11-13;19;3342
17;2025-11-13;20;2429
17;2025-11-13;21;1497
17;2025-11-13;22;768
17;2025-11-13;23;371
17;2025-11-14;0;139
17;2025-11-14;1;16
17;2025-11-14;2;0
17;2025-11-14;3;0
17;2025-11-14;4;25
17;2025-11-14;5;305
17;2025-11-14;6;1490
17;2025-11-14;7;3868
17;2025-11-14;8;5049
17;2025-11-14;9;3612
17;2025-11-14;10;2954
17;2025-11-14;11;2969
17;2025-11-14;12;3015
17;2025-11-14;13;3083
17;2025-11-14;14;3170
17;2025-11-14;15;3508
17;2025-11-14;16;4210
17;2025-11-14;17;4473
17;2025-11-14;18;4171
17;2025-11-14;19;3045
17;2025-11-14;20;2329
17;2025-11-14;21;1570
17;2025-11-14;22;834
17;2025-11-14;23;459
17;2025-11-15;0;192
17;2025-11-15;1;26
17;2025-11-15;2;0
17;2025-11-15;3;0
17;2025-11-15;4;5
17;2025-11-15;5;130
17;2025-11-15;6;549
17;2025-11-15;7;1156
17;2025-11-15;8;1673
17;2025-11-15;9;2148
17;2025-11-15;10;2460
17;2025-11-15;11;2979
17;2025-11-15;12;3344
17;2025-11-15;13;3555
17;2025-11-15;14;3610
17;2025-11-15;15;3596
17;2025-11-15;16;3620
17;2025-11-15;17;3242
17;2025-11-15;18;2885
17;2025-11-15;19;2324
17;2025-11-15;20;1875
17;2025-11-15;21;1366
17;2025-11-15;22;863
17;2025-11-15;23;448
17;2025-11-16;0;181
17;2025-11-16;1;25
17;2025-11-16;2;0
17;2025-11-16;3;0
17;2025-11-16;4;4
17;2025-11-16;5;106
17;2025-11-16;6;438
17;2025-11-16;7;791
17;2025-11-16;8;1225
17;2025-11-16;9;1674
17;2025-11-16;10;2031
17;2025-11-16;11;2586
17;2025-11-16;12;2992
17;2025-11-16;13;3273
17;2025-11-16;14;3350
17;2025-11-16;15;3324
17;2025-11-16;16;3230
17;2025-11-16;17;2950
17;2025-11-16;18;2561
17;2025-11-16;19;2062
17;2025-11-16;20;1623
17;2025-11-16;21;1165
17;2025-11-16;22;731
17;2025-11-16;23;324
17;2025-11-17;0;115
17;2025-11-17;1;11
17;2025-11-17;2;0
17;2025-11-17;3;0
17;2025-11-17;4;27
17;2025-11-17;5;316
17;2025-11-17;6;1541
17;2025-11-17;7;4027
17;2025-11-17;8;5293
17;2025-11-17;9;3745
17;2025-11-17;10;3012
17;2025-11-17;11;2985
17;2025-11-17;12;3026
17;2025-11-17;13;3086
17;2025-11-17;14;3176
17;2025-11-17;15;3300
17;2025-11-17;16;3722
17;2025-11-17;17;4375
17;2025-11-17;18;4710
17;2025-11-17;19;3252
17;2025-11-17;20;2364
17;2025-11-17;21;1457
17;2025-11-17;22;748
17;2025-11-17;23;361
17;2025-11-18;0;118
17;2025-11-18;1;12
17;2025-11-18;2;0
17;2025-11-18;3;0
17;2025-11-18;4;27
17;2025-11-18;5;325
17;2025-11-18;6;1583
17;2025-11-18;7;4138
17;2025-11-18;8;5439
17;2025-11-18;9;3849
17;2025-11-18;10;3095
17;2025-11-18;11;3067
17;2025-11-18;12;3110
17;2025-11-18;13;3171
17;2025-11-18;14;3264
17;2025-11-18;15;3391
17;2025-11-18;16;3824
17;2025-11-18;17;4496
17;2025-11-18;18;4840
17;2025-11-18;19;3342
17;2025-11-18;20;2429
17;2025-11-18;21;1497
17;2025-11-18;22;768
17;2025-11-18;23;371
17;2025-11-19;0;118
17;2025-11-19;1;12
17;2025-11-19;2;0
17;2025-11-19;3;0
17;2025-11-19;4;27
17;2025-11-19;5;325
17;2025-11-19;6;1583
17;2025-11-19;7;4138
17;2025-11-19;8;5439
17;2025-11-19;9;3849
17;2025-11-19;10;3095
17;2025-11-19;11;3067
17;2025-11-19;12;3110
17;2025-11-19;13;3171
17;2025-11-19;14;3264
17;2025-11-19;15;3391
17;2025-11-19;16;3824
17;2025-11-19;17;4496
17;2025-11-19;18;4840
17;2025-11-19;19;3342
17;2025-11-19;20;2429
17;2025-11-19;21;1497
17;2025-11-19;22;768
17;2025-11-19;23;371
17;2025-11-20;0;118
17;2025-11-20;1;12
17;2025-11-20;2;0
17;2025-11-20;3;0
17;2025-11-20;4;27
17;2025-11-20;5;325
17;2025-11-20;6;1583
17;2025-11-20;7;4138
17;2025-11-20;8;5439
17;2025-11-20;9;3849
17;2025-11-20;10;3095
17;2025-11-20;11;3067
17;2025-11-20;12;3110
17;2025-11-20;13;3171
17;2025-11-20;14;3264
17;2025-11-20;15;3391
17;2025-11-20;16;3824
17;2025-11-20;17;4496
17;2025-11-20;18;4840
17;2025-11-20;19;3342
17;2025-11-20;20;2429
17;2025-11-20;21;1497
17;2025-11-20;22;768
17;2025-11-20;23;371
17;2025-11-21;0;139
17;2025-11-21;1;16
17;2025-11-21;2;0
17;2025-11-21;3;0
17;2025-11-21;4;25
17;2025-11-21;5;305
17;2025-11-21;6;1490
17;2025-11-21;7;3868
17;2025-11-21;8;5049
17;2025-11-21;9;3612
17;2025-11-21;10;2954
17;2025-11-21;11;2969
17;2025-11-21;12;3015
17;2025-11-21;13;3083
17;2025-11-21;14;3170
17;2025-11-21;15;3508
17;2025-11-21;16;4210
17;2025-11-21;17;4473
17;2025-11-21;18;4171
17;2025-11-21;19;3045
17;2025-11-21;20;2329
17;2025-11-21;21;1570
17;2025-11-21;22;834
17;2025-11-21;23;459
17;2025-11-22;0;192
17;2025-11-22;1;26
17;2025-11-22;2;0
17;2025-11-22;3;0
17;2025-11-22;4;5
17;2025-11-22;5;130
17;2025-11-22;6;549
17;2025-11-22;7;1156
17;2025-11-22;8;1673
17;2025-11-22;9;2148
17;2025-11-22;10;2460
17;2025-11-22;11;2979
17;2025-11-22;12;3344
17;2025-11-22;13;3555
17;2025-11-22;14;3610
17;2025-11-22;15;3596
17;2025-11-22;16;3620
17;2025-11-22;17;3242
17;2025-11-22;18;2885
17;2025-11-22;19;2324
17;2025-11-22;20;1875
17;2025-11-22;21;1366
17;2025-11-22;22;863
17;2025-11-22;23;448
17;2025-11-23;0;181
17;2025-11-23;1;25
17;2025-11-23;2;0
17;2025-11-23;3;0
17;2025-11-23;4;4
17;2025-11-23;5;106
17;2025-11-23;6;438
17;2025-11-23;7;791
17;2025-11-23;8;1225
17;2025-11-23;9;1674
17;2025-11-23;10;2031
17;2025-11-23;11;2586
17;2025-11-23;12;2992
17;2025-11-23;13;3273
17;2025-11-23;14;3350
17;2025-11-23;15;3324
17;2025-11-23;16;3230
17;2025-11-23;17;2950
17;2025-11-23;18;2561
17;2025-11-23;19;2062
17;2025-11-23;20;1623
17;2025-11-23;21;1165
17;2025-11-23;22;731
17;2025-11-23;23;324
17;2025-11-24;0;115
17;2025-11-24;1;11
17;2025-11-24;2;0
17;2025-11-24;3;0
17;2025-11-24;4;27
17;2025-11-24;5;316
17;2025-11-24;6;1541
17;2025-11-24;7;4027
17;2025-11-24;8;5293
17;2025-11-24;9;3745
17;2025-11-24;10;3012
17;2025-11-24;11;2985
17;2025-11-24;12;3026
17;2025-11-24;13;3086
17;2025-11-24;14;3176
17;2025-11-24;15;3300
17;2025-11-24;16;3722
17;2025-11-24;17;4375
17;2025-11-24;18;4710
17;2025-11-24;19;3252
17;2025-11-24;20;2364
17;2025-11-24;21;1457
17;2025-11-24;22;748
17;2025-11-24;23;361
17;2025-11-25;0;118
17;2025-11-25;1;12
17;2025-11-25;2;0
17;2025-11-25;3;0
17;2025-11-25;4;27
17;2025-11-25;5;325
17;2025-11-25;6;1583
17;2025-11-25;7;4138
17;2025-11-25;8;5439
17;2025-11-25;9;3849
17;2025-11-25;10;3095
17;2025-11-25;11;3067
17;2025-11-25;12;3110
17;2025-11-25;13;3171
17;2025-11-25;14;3264
17;2025-11-25;15;3391
17;2025-11-25;16;3824
17;2025-11-25;17;4496
17;2025-11-25;18;4840
17;2025-11-25;19;3342
17;2025-11-25;20;2429
17;2025-11-25;21;1497
17;2025-11-25;22;768
17;2025-11-25;23;371
17;2025-11-26;0;118
17;2025-11-26;1;12
17;2025-11-26;2;0
17;2025-11-26;3;0
17;2025-11-26;4;27
17;2025-11-26;5;325
17;2025-11-26;6;1583
17;2025-11-26;7;4138
17;2025-11-26;8;5439
17;2025-11-26;9;3849
17;2025-11-26;10;3095
17;2025-11-26;11;3067
17;2025-11-26;12;3110
17;2025-11-26;13;3171
17;2025-11-26;14;3264
17;2025-11-26;15;3391
17;2025-11-26;16;3824
17;2025-11-26;17;4496
17;2025-11-26;18;4840
17;2025-11-26;19;3342
17;2025-11-26;20;2429
17;2025-11-26;21;1497
17;2025-11-26;22;768
17;2025-11-26;23;371
17;2025-11-27;0;118
17;2025-11-27;1;12
17;2025-11-27;2;0
17;2025-11-27;3;0
17;2025-11-27;4;27
17;2025-11-27;5;325
17;2025-11-27;6;1583
17;2025-11-27;7;4138
17;2025-11-27;8;5439
17;2025-11-27;9;3849
17;2025-11-27;10;3095
17;2025-11-27;11;3067
17;2025-11-27;12;3110
17;2025-11-27;13;3171
17;2025-11-27;14;3264
17;2025-11-27;15;3391
17;2025-11-27;16;3824
17;2025-11-27;17;4496
17;2025-11-27;18;4840
17;2025-11-27;19;3342
17;2025-11-27;20;2429
17;2025-11-27;21;1497
17;2025-11-27;22;768
17;2025-11-27;23;371
17;2025-11-28;0;139
17;2025-11-28;1;16
17;2025-11-28;2;0
17;2025-11-28;3;0
17;2025-11-28;4;25
17;2025-11-28;5;305
17;2025-11-28;6;1490
17;2025-11-28;7;3868
17;2025-11-28;8;5049
17;2025-11-28;9;3612
17;2025-11-28;10;2954
17;2025-11-28;11;2969
17;2025-11-28;12;3015
17;2025-11-28;13;3083
17;2025-11-28;14;3170
17;2025-11-28;15;3508
17;2025-11-28;16;4210
17;2025-11-28;17;4473
17;2025-11-28;18;4171
17;2025-11-28;19;3045
17;2025-11-28;20;2329
17;2025-11-28;21;1570
17;2025-11-28;22;834
17;2025-11-28;23;459
17;2025-11-29;0;192
17;2025-11-29;1;26
17;2025-11-29;2;0
17;2025-11-29;3;0
17;2025-11-29;4;5
17;2025-11-29;5;130
17;2025-11-29;6;549
17;2025-11-29;7;1156
17;2025-11-29;8;1673
17;2025-11-29;9;2148
17;2025-11-29;10;2460
17;2025-11-29;11;2979
17;2025-11-29;12;3344
17;2025-11-29;13;3555
17;2025-11-29;14;3610
17;2025-11-29;15;3596
17;2025-11-29;16;3620
17;2025-11-29;17;3242
17;2025-11-29;18;2885
17;2025-11-29;19;2324
17;2025-11-29;20;1875
17;2025-11-29;21;1366
17;2025-11-29;22;863
17;2025-11-29;23;448
17;2025-11-30;0;181
17;2025-11-30;1;25
17;2025-11-30;2;0
17;2025-11-30;3;0
17;2025-11-30;4;4
17;2025-11-30;5;106
17;2025-11-30;6;438
17;2025-11-30;7;791
17;2025-11-30;8;1225
17;2025-11-30;9;1674
17;2025-11-30;10;2031
17;2025-11-30;11;2586
17;2025-11-30;12;2992
17;2025-11-30;13;3273
17;2025-11-30;14;3350
17;2025-11-30;15;3324
17;2025-11-30;16;3230
17;2025-11-30;17;2950
17;2025-11-30;18;2561
17;2025-11-30;19;2062
17;2025-11-30;20;1623
17;2025-11-30;21;1165
17;2025-11-30;22;731
17;2025-11-30;23;324
17;2025-12-01;0;114
17;2025-12-01;1;11
17;2025-12-01;2;0
17;2025-12-01;3;0
17;2025-12-01;4;27
17;2025-12-01;5;318
17;2025-12-01;6;1542
17;2025-12-01;7;4008
17;2025-12-01;8;5291
17;2025-12-01;9;3735
17;2025-12-01;10;3002
17;2025-12-01;11;2974
17;2025-12-01;12;3019
17;2025-12-01;13;3079
17;2025-12-01;14;3165
17;2025-12-01;15;3302
17;2025-12-01;16;3720
17;2025-12-01;17;4377
17;2025-12-01;18;4733
17;2025-12-01;19;3282
17;2025-12-01;20;2375
17;2025-12-01;21;1458
17;2025-12-01;22;758
17;2025-12-01;23;360
17;2025-12-02;0;117
17;2025-12-02;1;11
17;2025-12-02;2;0
17;2025-12-02;3;0
17;2025-12-02;4;28
17;2025-12-02;5;326
17;2025-12-02;6;1585
17;2025-12-02;7;4119
17;2025-12-02;8;5437
17;2025-12-02;9;3838
17;2025-12-02;10;3084
17;2025-12-02;11;3056
17;2025-12-02;12;3102
17;2025-12-02;13;3164
17;2025-12-02;14;3252
17;2025-12-02;15;3393
17;2025-12-02;16;3823
17;2025-12-02;17;4498
17;2025-12-02;18;4864
17;2025-12-02;19;3373
17;2025-12-02;20;2440
17;2025-12-02;21;1499
17;2025-12-02;22;779
17;2025-12-02;23;370
17;2025-12-03;0;117
17;2025-12-03;1;11
17;2025-12-03;2;0
17;2025-12-03;3;0
17;2025-12-03;4;28
17;2025-12-03;5;326
17;2025-12-03;6;1585
17;2025-12-03;7;4119
17;2025-12-03;8;5437
17;2025-12-03;9;3838
17;2025-12-03;10;3084
17;2025-12-03;11;3056
17;2025-12-03;12;3102
17;2025-12-03;13;3164
17;2025-12-03;14;3252
17;2025-12-03;15;3393
17;2025-12-03;16;3823
17;2025-12-03;17;4498
17;2025-12-03;18;4864
17;2025-12-03;19;3373
17;2025-12-03;20;2440
17;2025-12-03;21;1499
17;2025-12-03;22;779
17;2025-12-03;23;370
17;2025-12-04;0;117
17;2025-12-04;1;11
17;2025-12-04;2;0
17;2025-12-04;3;0
17;2025-12-04;4;28
17;2025-12-04;5;326
17;2025-12-04;6;1585
17;2025-12-04;7;4119
17;2025-12-04;8;5437
17;2025-12-04;9;3838
17;2025-12-04;10;3084
17;2025-12-04;11;3056
17;2025-12-04;12;3102
17;2025-12-04;13;3164
17;2025-12-04;14;3252
17;2025-12-04;15;3393
17;2025-12-04;16;3823
17;2025-12-04;17;4498
17;2025-12-04;18;4864
17;2025-12-04;19;3373
17;2025-12-04;20;2440
17;2025-12-04;21;1499
17;2025-12-04;22;779
17;2025-12-04;23;370
17;2025-12-05;0;139
17;2025-12-05;1;16
17;2025-12-05;2;0
17;2025-12-05;3;0
17;2025-12-05;4;26
17;2025-12-05;5;305
17;2025-12-05;6;1489
17;2025-12-05;7;3843
17;2025-12-05;8;5048
17;2025-12-05;9;3604
17;2025-12-05;10;2949
17;2025-12-05;11;2957
17;2025-12-05;12;3019
17;2025-12-05;13;3083
17;2025-12-05;14;3174
17;2025-12-05;15;3525
17;2025-12-05;16;4224
17;2025-12-05;17;4463
17;2025-12-05;18;4184
17;2025-12-05;19;3047
17;2025-12-05;20;2327
17;2025-12-05;21;1569
17;2025-12-05;22;849
17;2025-12-05;23;456
17;2025-12-06;0;191
17;2025-12-06;1;25
17;2025-12-06;2;0
17;2025-12-06;3;0
17;2025-12-06;4;5
17;2025-12-06;5;130
17;2025-12-06;6;544
17;2025-12-06;7;1142
17;2025-12-06;8;1659
17;2025-12-06;9;2134
17;2025-12-06;10;2441
17;2025-12-06;11;2967
17;2025-12-06;12;3339
17;2025-12-06;13;3539
17;2025-12-06;14;3602
17;2025-12-06;15;3586
17;2025-12-06;16;3612
17;2025-12-06;17;3243
17;2025-12-06;18;2889
17;2025-12-06;19;2336
17;2025-12-06;20;1877
17;2025-12-06;21;1371
17;2025-12-06;22;874
17;2025-12-06;23;447
17;2025-12-07;0;179
17;2025-12-07;1;25
17;2025-12-07;2;0
17;2025-12-07;3;0
17;2025-12-07;4;4
17;2025-12-07;5;106
17;2025-12-07;6;436
17;2025-12-07;7;777
17;2025-12-07;8;1218
17;2025-12-07;9;1665
17;2025-12-07;10;2018
17;2025-12-07;11;2565
17;2025-12-07;12;2979
17;2025-12-07;13;3263
17;2025-12-07;14;3328
17;2025-12-07;15;3311
17;2025-12-07;16;3216
17;2025-12-07;17;2939
17;2025-12-07;18;2555
17;2025-12-07;19;2060
17;2025-12-07;20;1628
17;2025-12-07;21;1161
17;2025-12-07;22;733
17;2025-12-07;23;322
17;2025-12-08;0;114
17;2025-12-08;1;11
17;2025-12-08;2;0
17;2025-12-08;3;0
17;2025-12-08;4;27
17;2025-12-08;5;318
17;2025-12-08;6;1542
17;2025-12-08;7;4008
17;2025-12-08;8;5291
17;2025-12-08;9;3735
17;2025-12-08;10;3002
17;2025-12-08;11;2974
17;2025-12-08;12;3019
17;2025-12-08;13;3079
17;2025-12-08;14;3165
17;2025-12-08;15;3302
17;2025-12-08;16;3720
17;2025-12-08;17;4377
17;2025-12-08;18;4733
17;2025-12-08;19;3282
17;2025-12-08;20;2375
17;2025-12-08;21;1458
17;2025-12-08;22;758
17;2025-12-08;23;360
17;2025-12-09;0;117
17;2025-12-09;1;11
17;2025-12-09;2;0
17;2025-12-09;3;0
17;2025-12-09;4;28
17;2025-12-09;5;326
17;2025-12-09;6;1585
17;2025-12-09;7;4119
17;2025-12-09;8;5437
17;2025-12-09;9;3838
17;2025-12-09;10;3084
17;2025-12-09;11;3056
17;2025-12-09;12;3102
17;2025-12-09;13;3164
17;2025-12-09;14;3252
17;2025-12-09;15;3393
17;2025-12-09;16;3823
17;2025-12-09;17;4498
17;2025-12-09;18;4864
17;2025-12-09;19;3373
17;2025-12-09;20;2440
17;2025-12-09;21;1499
17;2025-12-09;22;779
17;2025-12-09;23;370
17;2025-12-10;0;117
17;2025-12-10;1;11
17;2025-12-10;2;0
17;2025-12-10;3;0
17;2025-12-10;4;28
17;2025-12-10;5;326
17;2025-12-10;6;1585
17;2025-12-10;7;4119
17;2025-12-10;8;5437
17;2025-12-10;9;3838
17;2025-12-10;10;3084
17;2025-12-10;11;3056
17;2025-12-10;12;3102
17;2025-12-10;13;3164
17;2025-12-10;14;3252
17;2025-12-10;15;3393
17;2025-12-10;16;3823
17;2025-12-10;17;4498
17;2025-12-10;18;4864
17;2025-12-10;19;3373
17;2025-12-10;20;2440
17;2025-12-10;21;1499
17;2025-12-10;22;779
17;2025-12-10;23;370
17;2025-12-11;0;117
17;2025-12-11;1;11
17;2025-12-11;2;0
17;2025-12-11;3;0
17;2025-12-11;4;28
17;2025-12-11;5;326
17;2025-12-11;6;1585
17;2025-12-11;7;4119
17;2025-12-11;8;5437
17;2025-12-11;9;3838
17;2025-12-11;10;3084
17;2025-12-11;11;3056
17;2025-12-11;12;3102
17;2025-12-11;13;3164
17;2025-12-11;14;3252
17;2025-12-11;15;3393
17;2025-12-11;16;3823
17;2025-12-11;17;4498
17;2025-12-11;18;4864
17;2025-12-11;19;3373
17;2025-12-11;20;2440
17;2025-12-11;21;1499
17;2025-12-11;22;779
17;2025-12-11;23;370
17;2025-12-12;0;139
17;2025-12-12;1;16
17;2025-12-12;2;0
17;2025-12-12;3;0
17;2025-12-12;4;26
17;2025-12-12;5;305
17;2025-12-12;6;1489
17;2025-12-12;7;3843
17;2025-12-12;8;5048
17;2025-12-12;9;3604
17;2025-12-12;10;2949
17;2025-12-12;11;2957
17;2025-12-12;12;3019
17;2025-12-12;13;3083
17;2025-12-12;14;3174
17;2025-12-12;15;3525
17;2025-12-12;16;4224
17;2025-12-12;17;4463
17;2025-12-12;18;4184
17;2025-12-12;19;3047
17;2025-12-12;20;2327
17;2025-12-12;21;1569
17;2025-12-12;22;849
17;2025-12-12;23;456
17;2025-12-13;0;191
17;2025-12-13;1;25
17;2025-12-13;2;0
17;2025-12-13;3;0
17;2025-12-13;4;5
17;2025-12-13;5;130
17;2025-12-13;6;544
17;2025-12-13;7;1142
17;2025-12-13;8;1659
17;2025-12-13;9;2134
17;2025-12-13;10;2441
17;2025-12-13;11;2967
17;2025-12-13;12;3339
17;2025-12-13;13;3539
17;2025-12-13;14;3602
17;2025-12-13;15;3586
17;2025-12-13;16;3612
17;2025-12-13;17;3243
17;2025-12-13;18;2889
17;2025-12-13;19;2336
17;2025-12-13;20;1877
17;2025-12-13;21;1371
17;2025-12-13;22;874
17;2025-12-13;23;447
17;2025-12-14;0;179
17;2025-12-14;1;25
17;2025-12-14;2;0
17;2025-12-14;3;0
17;2025-12-14;4;4
17;2025-12-14;5;106
17;2025-12-14;6;436
17;2025-12-14;7;777
17;2025-12-14;8;1218
17;2025-12-14;9;1665
17;2025-12-14;10;2018
17;2025-12-14;11;2565
17;2025-12-14;12;2979
17;2025-12-14;13;3263
17;2025-12-14;14;3328
17;2025-12-14;15;3311
17;2025-12-14;16;3216
17;2025-12-14;17;2939
17;2025-12-14;18;2555
17;2025-12-14;19;2060
17;2025-12-14;20;1628
17;2025-12-14;21;1161
17;2025-12-14;22;733
17;2025-12-14;23;322
17;2025-12-15;0;114
17;2025-12-15;1;11
17;2025-12-15;2;0
17;2025-12-15;3;0
17;2025-12-15;4;27
17;2025-12-15;5;318
17;2025-12-15;6;1542
17;2025-12-15;7;4008
17;2025-12-15;8;5291
17;2025-12-15;9;3735
17;2025-12-15;10;3002
17;2025-12-15;11;2974
17;2025-12-15;12;3019
17;2025-12-15;13;3079
17;2025-12-15;14;3165
17;2025-12-15;15;3302
17;2025-12-15;16;3720
17;2025-12-15;17;4377
17;2025-12-15;18;4733
17;2025-12-15;19;3282
17;2025-12-15;20;2375
17;2025-12-15;21;1458
17;2025-12-15;22;758
17;2025-12-15;23;360
17;2025-12-16;0;117
17;2025-12-16;1;11
17;2025-12-16;2;0
17;2025-12-16;3;0
17;2025-12-16;4;28
17;2025-12-16;5;326
17;2025-12-16;6;1585
17;2025-12-16;7;4119
17;2025-12-16;8;5437
17;2025-12-16;9;3838
17;2025-12-16;10;3084
17;2025-12-16;11;3056
17;2025-12-16;12;3102
17;2025-12-16;13;3164
17;2025-12-16;14;3252
17;2025-12-16;15;3393
17;2025-12-16;16;3823
17;2025-12-16;17;4498
17;2025-12-16;18;4864
17;2025-12-16;19;3373
17;2025-12-16;20;2440
17;2025-12-16;21;1499
17;2025-12-16;22;779
17;2025-12-16;23;370
17;2025-12-17;0;117
17;2025-12-17;1;11
17;2025-12-17;2;0
17;2025-12-17;3;0
17;2025-12-17;4;28
17;2025-12-17;5;326
17;2025-12-17;6;1585
17;2025-12-17;7;4119
17;2025-12-17;8;5437
17;2025-12-17;9;3838
17;2025-12-17;10;3084
17;2025-12-17;11;3056
17;2025-12-17;12;3102
17;2025-12-17;13;3164
17;2025-12-17;14;3252
17;2025-12-17;15;3393
17;2025-12-17;16;3823
17;2025-12-17;17;4498
17;2025-12-17;18;4864
17;2025-12-17;19;3373
17;2025-12-17;20;2440
17;2025-12-17;21;1499
17;2025-12-17;22;779
17;2025-12-17;23;370
17;2025-12-18;0;117
17;2025-12-18;1;11
17;2025-12-18;2;0
17;2025-12-18;3;0
17;2025-12-18;4;28
17;2025-12-18;5;326
17;2025-12-18;6;1585
17;2025-12-18;7;4119
17;2025-12-18;8;5437
17;2025-12-18;9;3838
17;2025-12-18;10;3084
17;2025-12-18;11;3056
17;2025-12-18;12;3102
17;2025-12-18;13;3164
17;2025-12-18;14;3252
17;2025-12-18;15;3393
17;2025-12-18;16;3823
17;2025-12-18;17;4498
17;2025-12-18;18;4864
17;2025-12-18;19;3373
17;2025-12-18;20;2440
17;2025-12-18;21;1499
17;2025-12-18;22;779
17;2025-12-18;23;370
17;2025-12-19;0;139
17;2025-12-19;1;16
17;2025-12-19;2;0
17;2025-12-19;3;0
17;2025-12-19;4;26
17;2025-12-19;5;305
17;2025-12-19;6;1489
17;2025-12-19;7;3843
17;2025-12-19;8;5048
17;2025-12-19;9;3604
17;2025-12-19;10;2949
17;2025-12-19;11;2957
17;2025-12-19;12;3019
17;2025-12-19;13;3083
17;2025-12-19;14;3174
17;2025-12-19;15;3525
17;2025-12-19;16;4224
17;2025-12-19;17;4463
17;2025-12-19;18;4184
17;2025-12-19;19;3047
17;2025-12-19;20;2327
17;2025-12-19;21;1569
17;2025-12-19;22;849
17;2025-12-19;23;456
17;2025-12-20;0;191
17;2025-12-20;1;25
17;2025-12-20;2;0
17;2025-12-20;3;0
17;2025-12-20;4;5
17;2025-12-20;5;130
17;2025-12-20;6;544
17;2025-12-20;7;1142
17;2025-12-20;8;1659
17;2025-12-20;9;2134
17;2025-12-20;10;2441
17;2025-12-20;11;2967
17;2025-12-20;12;3339
17;2025-12-20;13;3539
17;2025-12-20;14;3602
17;2025-12-20;15;3586
17;2025-12-20;16;3612
17;2025-12-20;17;3243
17;2025-12-20;18;2889
17;2025-12-20;19;2336
17;2025-12-20;20;1877
17;2025-12-20;21;1371
17;2025-12-20;22;874
17;2025-12-20;23;447
17;2025-12-21;0;179
17;2025-12-21;1;25
17;2025-12-21;2;0
17;2025-12-21;3;0
17;2025-12-21;4;4
17;2025-12-21;5;106
17;2025-12-21;6;436
17;2025-12-21;7;777
17;2025-12-21;8;1218
17;2025-12-21;9;1665
17;2025-12-21;10;2018
17;2025-12-21;11;2565
17;2025-12-21;12;2979
17;2025-12-21;13;3263
17;2025-12-21;14;3328
17;2025-12-21;15;3311
17;2025-12-21;16;3216
17;2025-12-21;17;2939
17;2025-12-21;18;2555
17;2025-12-21;19;2060
17;2025-12-21;20;1628
17;2025-12-21;21;1161
17;2025-12-21;22;733
17;2025-12-21;23;322
17;2025-12-22;0;114
17;2025-12-22;1;11
17;2025-12-22;2;0
17;2025-12-22;3;0
17;2025-12-22;4;27
17;2025-12-22;5;318
17;2025-12-22;6;1542
17;2025-12-22;7;4008
17;2025-12-22;8;5291
17;2025-12-22;9;3735
17;2025-12-22;10;3002
17;2025-12-22;11;2974
17;2025-12-22;12;3019
17;2025-12-22;13;3079
17;2025-12-22;14;3165
17;2025-12-22;15;3302
17;2025-12-22;16;3720
17;2025-12-22;17;4377
17;2025-12-22;18;4733
17;2025-12-22;19;3282
17;2025-12-22;20;2375
17;2025-12-22;21;1458
17;2025-12-22;22;758
17;2025-12-22;23;360
17;2025-12-23;0;117
17;2025-12-23;1;11
17;2025-12-23;2;0
17;2025-12-23;3;0
17;2025-12-23;4;28
17;2025-12-23;5;326
17;2025-12-23;6;1585
17;2025-12-23;7;4119
17;2025-12-23;8;5437
17;2025-12-23;9;3838
17;2025-12-23;10;3084
17;2025-12-23;11;3056
17;2025-12-23;12;3102
17;2025-12-23;13;3164
17;2025-12-23;14;3252
17;2025-12-23;15;3393
17;2025-12-23;16;3823
17;2025-12-23;17;4498
17;2025-12-23;18;4864
17;2025-12-23;19;3373
17;2025-12-23;20;2440
17;2025-12-23;21;1499
17;2025-12-23;22;779
17;2025-12-23;23;370
17;2025-12-24;0;117
17;2025-12-24;1;11
17;2025-12-24;2;0
17;2025-12-24;3;0
17;2025-12-24;4;28
17;2025-12-24;5;326
17;2025-12-24;6;1585
17;2025-12-24;7;4119
17;2025-12-24;8;5437
17;2025-12-24;9;3838
17;2025-12-24;10;3084
17;2025-12-24;11;3056
17;2025-12-24;12;3102
17;2025-12-24;13;3164
17;2025-12-24;14;3252
17;2025-12-24;15;3393
17;2025-12-24;16;3823
17;2025-12-24;17;4498
17;2025-12-24;18;4864
17;2025-12-24;19;3373
17;2025-12-24;20;2440
17;2025-12-24;21;1499
17;2025-12-24;22;779
17;2025-12-24;23;370
17;2025-12-25;0;117
17;2025-12-25;1;11
17;2025-12-25;2;0
17;2025-12-25;3;0
17;2025-12-25;4;28
17;2025-12-25;5;326
17;2025-12-25;6;1585
17;2025-12-25;7;4119
17;2025-12-25;8;5437
17;2025-12-25;9;3838
17;2025-12-25;10;3084
17;2025-12-25;11;3056
17;2025-12-25;12;3102
17;2025-12-25;13;3164
17;2025-12-25;14;3252
17;2025-12-25;15;3393
17;2025-12-25;16;3823
17;2025-12-25;17;4498
17;2025-12-25;18;4864
17;2025-12-25;19;3373
17;2025-12-25;20;2440
17;2025-12-25;21;1499
17;2025-12-25;22;779
17;2025-12-25;23;370
17;2025-12-26;0;139
17;2025-12-26;1;16
17;2025-12-26;2;0
17;2025-12-26;3;0
17;2025-12-26;4;26
17;2025-12-26;5;305
17;2025-12-26;6;1489
17;2025-12-26;7;3843
17;2025-12-26;8;5048
17;2025-12-26;9;3604
17;2025-12-26;10;2949
17;2025-12-26;11;2957
17;2025-12-26;12;3019
17;2025-12-26;13;3083
17;2025-12-26;14;3174
17;2025-12-26;15;3525
17;2025-12-26;16;4224
17;2025-12-26;17;4463
17;2025-12-26;18;4184
17;2025-12-26;19;3047
17;2025-12-26;20;2327
17;2025-12-26;21;1569
17;2025-12-26;22;849
17;2025-12-26;23;456
17;2025-12-27;0;191
17;2025-12-27;1;25
17;2025-12-27;2;0
17;2025-12-27;3;0
17;2025-12-27;4;5
17;2025-12-27;5;130
17;2025-12-27;6;544
17;2025-12-27;7;1142
17;2025-12-27;8;1659
17;2025-12-27;9;2134
17;2025-12-27;10;2441
17;2025-12-27;11;2967
17;2025-12-27;12;3339
17;2025-12-27;13;3539
17;2025-12-27;14;3602
17;2025-12-27;15;3586
17;2025-12-27;16;3612
17;2025-12-27;17;3243
17;2025-12-27;18;2889
17;2025-12-27;19;2336
17;2025-12-27;20;1877
17;2025-12-27;21;1371
17;2025-12-27;22;874
17;2025-12-27;23;447
17;2025-12-28;0;179
17;2025-12-28;1;25
17;2025-12-28;2;0
17;2025-12-28;3;0
17;2025-12-28;4;4
17;2025-12-28;5;106
17;2025-12-28;6;436
17;2025-12-28;7;777
17;2025-12-28;8;1218
17;2025-12-28;9;1665
17;2025-12-28;10;2018
17;2025-12-28;11;2565
17;2025-12-28;12;2979
17;2025-12-28;13;3263
17;2025-12-28;14;3328
17;2025-12-28;15;3311
17;2025-12-28;16;3216
17;2025-12-28;17;2939
17;2025-12-28;18;2555
17;2025-12-28;19;2060
17;2025-12-28;20;1628
17;2025-12-28;21;1161
17;2025-12-28;22;733
17;2025-12-28;23;322
17;2025-12-29;0;102
17;2025-12-29;1;10
17;2025-12-29;2;0
17;2025-12-29;3;0
17;2025-12-29;4;24
17;2025-12-29;5;286
17;2025-12-29;6;1388
17;2025-12-29;7;3607
17;2025-12-29;8;4762
17;2025-12-29;9;3361
17;2025-12-29;10;2701
17;2025-12-29;11;2676
17;2025-12-29;12;2717
17;2025-12-29;13;2772
17;2025-12-29;14;2848
17;2025-12-29;15;2971
17;2025-12-29;16;3348
17;2025-12-29;17;3939
17;2025-12-29;18;4260
17;2025-12-29;19;2954
17;2025-12-29;20;2137
17;2025-12-29;21;1313
17;2025-12-29;22;682
17;2025-12-29;23;324
17;2025-12-30;0;99
17;2025-12-30;1;10
17;2025-12-30;2;0
17;2025-12-30;3;0
17;2025-12-30;4;24
17;2025-12-30;5;277
17;2025-12-30;6;1347
17;2025-12-30;7;3501
17;2025-12-30;8;4621
17;2025-12-30;9;3262
17;2025-12-30;10;2622
17;2025-12-30;11;2597
17;2025-12-30;12;2636
17;2025-12-30;13;2690
17;2025-12-30;14;2764
17;2025-12-30;15;2884
17;2025-12-30;16;3249
17;2025-12-30;17;3823
17;2025-12-30;18;4134
17;2025-12-30;19;2867
17;2025-12-30;20;2074
17;2025-12-30;21;1274
17;2025-12-30;22;662
17;2025-12-30;23;315
17;2025-12-31;0;103
17;2025-12-31;1;14
17;2025-12-31;2;0
17;2025-12-31;3;0
17;2025-12-31;4;3
17;2025-12-31;5;70
17;2025-12-31;6;294
17;2025-12-31;7;618
17;2025-12-31;8;897
17;2025-12-31;9;1154
17;2025-12-31;10;1320
17;2025-12-31;11;1604
17;2025-12-31;12;1806
17;2025-12-31;13;1914
17;2025-12-31;14;1948
17;2025-12-31;15;1940
17;2025-12-31;16;1953
17;2025-12-31;17;1754
17;2025-12-31;18;1562
17;2025-12-31;19;1263
17;2025-12-31;20;100
17;2025-12-31;21;73
17;2025-12-31;22;46
17;2025-12-31;23;24
25;2025-11-01;0;0
25;2025-11-01;1;0
25;2025-11-01;2;0
25;2025-11-01;3;0
25;2025-11-01;4;0
25;2025-11-01;5;7
25;2025-11-01;6;185
25;2025-11-01;7;476
25;2025-11-01;8;755
25;2025-11-01;9;377
25;2025-11-01;10;340
25;2025-11-01;11;370
25;2025-11-01;12;372
25;2025-11-01;13;461
25;2025-11-01;14;423
25;2025-11-01;15;541
25;2025-11-01;16;715
25;2025-11-01;17;686
25;2025-11-01;18;580
25;2025-11-01;19;459
25;2025-11-01;20;291
25;2025-11-01;21;191
25;2025-11-01;22;120
25;2025-11-01;23;12
25;2025-11-02;0;17
25;2025-11-02;1;0
25;2025-11-02;2;0
25;2025-11-02;3;0
25;2025-11-02;4;0
25;2025-11-02;5;6
25;2025-11-02;6;80
25;2025-11-02;7;99
25;2025-11-02;8;194
25;2025-11-02;9;219
25;2025-11-02;10;229
25;2025-11-02;11;320
25;2025-11-02;12;375
25;2025-11-02;13;480
25;2025-11-02;14;537
25;2025-11-02;15;615
25;2025-11-02;16;538
25;2025-11-02;17;490
25;2025-11-02;18;406
25;2025-11-02;19;309
25;2025-11-02;20;228
25;2025-11-02;21;181
25;2025-11-02;22;106
25;2025-11-02;23;40
25;2025-11-03;0;10
25;2025-11-03;1;0
25;2025-11-03;2;0
25;2025-11-03;3;0
25;2025-11-03;4;0
25;2025-11-03;5;7
25;2025-11-03;6;75
25;2025-11-03;7;101
25;2025-11-03;8;211
25;2025-11-03;9;211
25;2025-11-03;10;225
25;2025-11-03;11;304
25;2025-11-03;12;345
25;2025-11-03;13;468
25;2025-11-03;14;497
25;2025-11-03;15;575
25;2025-11-03;16;518
25;2025-11-03;17;440
25;2025-11-03;18;377
25;2025-11-03;19;308
25;2025-11-03;20;212
25;2025-11-03;21;170
25;2025-11-03;22;103
25;2025-11-03;23;40
25;2025-11-04;0;10
25;2025-11-04;1;0
25;2025-11-04;2;0
25;2025-11-04;3;0
25;2025-11-04;4;0
25;2025-11-04;5;7
25;2025-11-04;6;75
25;2025-11-04;7;101
25;2025-11-04;8;211
25;2025-11-04;9;211
25;2025-11-04;10;225
25;2025-11-04;11;304
25;2025-11-04;12;345
25;2025-11-04;13;468
25;2025-11-04;14;497
25;2025-11-04;15;575
25;2025-11-04;16;518
25;2025-11-04;17;440
25;2025-11-04;18;377
25;2025-11-04;19;308
25;2025-11-04;20;212
25;2025-11-04;21;170
25;2025-11-04;22;103
25;2025-11-04;23;40
25;2025-11-05;0;4
25;2025-11-05;1;0
25;2025-11-05;2;0
25;2025-11-05;3;0
25;2025-11-05;4;0
25;2025-11-05;5;11
25;2025-11-05;6;224
25;2025-11-05;7;569
25;2025-11-05;8;950
25;2025-11-05;9;492
25;2025-11-05;10;388
25;2025-11-05;11;440
25;2025-11-05;12;432
25;2025-11-05;13;539
25;2025-11-05;14;471
25;2025-11-05;15;559
25;2025-11-05;16;732
25;2025-11-05;17;788
25;2025-11-05;18;822
25;2025-11-05;19;555
25;2025-11-05;20;330
25;2025-11-05;21;219
25;2025-11-05;22;120
25;2025-11-05;23;9
25;2025-11-06;0;4
25;2025-11-06;1;0
25;2025-11-06;2;0
25;2025-11-06;3;0
25;2025-11-06;4;0
25;2025-11-06;5;11
25;2025-11-06;6;224
25;2025-11-06;7;569
25;2025-11-06;8;950
25;2025-11-06;9;492
25;2025-11-06;10;388
25;2025-11-06;11;440
25;2025-11-06;12;432
25;2025-11-06;13;539
25;2025-11-06;14;471
25;2025-11-06;15;559
25;2025-11-06;16;732
25;2025-11-06;17;788
25;2025-11-06;18;822
25;2025-11-06;19;555
25;2025-11-06;20;330
25;2025-11-06;21;219
25;2025-11-06;22;120
25;2025-11-06;23;9
25;2025-11-07;0;1
25;2025-11-07;1;0
25;2025-11-07;2;0
25;2025-11-07;3;0
25;2025-11-07;4;0
25;2025-11-07;5;8
25;2025-11-07;6;210
25;2025-11-07;7;541
25;2025-11-07;8;858
25;2025-11-07;9;429
25;2025-11-07;10;387
25;2025-11-07;11;421
25;2025-11-07;12;422
25;2025-11-07;13;524
25;2025-11-07;14;481
25;2025-11-07;15;615
25;2025-11-07;16;813
25;2025-11-07;17;779
25;2025-11-07;18;660
25;2025-11-07;19;522
25;2025-11-07;20;331
25;2025-11-07;21;217
25;2025-11-07;22;136
25;2025-11-07;23;14
25;2025-11-08;0;4
25;2025-11-08;1;0
25;2025-11-08;2;0
25;2025-11-08;3;0
25;2025-11-08;4;0
25;2025-11-08;5;10
25;2025-11-08;6;89
25;2025-11-08;7;128
25;2025-11-08;8;285
25;2025-11-08;9;256
25;2025-11-08;10;278
25;2025-11-08;11;364
25;2025-11-08;12;400
25;2025-11-08;13;574
25;2025-11-08;14;580
25;2025-11-08;15;678
25;2025-11-08;16;629
25;2025-11-08;17;498
25;2025-11-08;18;442
25;2025-11-08;19;386
25;2025-11-08;20;248
25;2025-11-08;21;201
25;2025-11-08;22;127
25;2025-11-08;23;52
25;2025-11-09;0;17
25;2025-11-09;1;0
25;2025-11-09;2;0
25;2025-11-09;3;0
25;2025-11-09;4;0
25;2025-11-09;5;6
25;2025-11-09;6;80
25;2025-11-09;7;99
25;2025-11-09;8;194
25;2025-11-09;9;219
25;2025-11-09;10;229
25;2025-11-09;11;320
25;2025-11-09;12;375
25;2025-11-09;13;480
25;2025-11-09;14;537
25;2025-11-09;15;615
25;2025-11-09;16;538
25;2025-11-09;17;490
25;2025-11-09;18;406
25;2025-11-09;19;309
25;2025-11-09;20;228
25;2025-11-09;21;181
25;2025-11-09;22;106
25;2025-11-09;23;40
25;2025-11-10;0;3
25;2025-11-10;1;0
25;2025-11-10;2;0
25;2025-11-10;3;0
25;2025-11-10;4;0
25;2025-11-10;5;11
25;2025-11-10;6;218
25;2025-11-10;7;553
25;2025-11-10;8;924
25;2025-11-10;9;479
25;2025-11-10;10;378
25;2025-11-10;11;428
25;2025-11-10;12;420
25;2025-11-10;13;525
25;2025-11-10;14;458
25;2025-11-10;15;544
25;2025-11-10;16;712
25;2025-11-10;17;767
25;2025-11-10;18;800
25;2025-11-10;19;540
25;2025-11-10;20;321
25;2025-11-10;21;213
25;2025-11-10;22;116
25;2025-11-10;23;9
25;2025-11-11;0;4
25;2025-11-11;1;0
25;2025-11-11;2;0
25;2025-11-11;3;0
25;2025-11-11;4;0
25;2025-11-11;5;11
25;2025-11-11;6;224
25;2025-11-11;7;569
25;2025-11-11;8;950
25;2025-11-11;9;492
25;2025-11-11;10;388
25;2025-11-11;11;440
25;2025-11-11;12;432
25;2025-11-11;13;539
25;2025-11-11;14;471
25;2025-11-11;15;559
25;2025-11-11;16;732
25;2025-11-11;17;788
25;2025-11-11;18;822
25;2025-11-11;19;555
25;2025-11-11;20;330
25;2025-11-11;21;219
25;2025-11-11;22;120
25;2025-11-11;23;9
25;2025-11-12;0;4
25;2025-11-12;1;0
25;2025-11-12;2;0
25;2025-11-12;3;0
25;2025-11-12;4;0
25;2025-11-12;5;11
25;2025-11-12;6;224
25;2025-11-12;7;569
25;2025-11-12;8;950
25;2025-11-12;9;492
25;2025-11-12;10;388
25;2025-11-12;11;440
25;2025-11-12;12;432
25;2025-11-12;13;539
25;2025-11-12;14;471
25;2025-11-12;15;559
25;2025-11-12;16;732
25;2025-11-12;17;788
25;2025-11-12;18;822
25;2025-11-12;19;555
25;2025-11-12;20;330
25;2025-11-12;21;219
25;2025-11-12;22;120
25;2025-11-12;23;9
25;2025-11-13;0;4
25;2025-11-13;1;0
25;2025-11-13;2;0
25;2025-11-13;3;0
25;2025-11-13;4;0
25;2025-11-13;5;11
25;2025-11-13;6;224
25;2025-11-13;7;569
25;2025-11-13;8;950
25;2025-11-13;9;492
25;2025-11-13;10;388
25;2025-11-13;11;440
25;2025-11-13;12;432
25;2025-11-13;13;539
25;2025-11-13;14;471
25;2025-11-13;15;559
25;2025-11-13;16;732
25;2025-11-13;17;788
25;2025-11-13;18;822
25;2025-11-13;19;555
25;2025-11-13;20;330
25;2025-11-13;21;219
25;2025-11-13;22;120
25;2025-11-13;23;9
25;2025-11-14;0;1
25;2025-11-14;1;0
25;2025-11-14;2;0
25;2025-11-14;3;0
25;2025-11-14;4;0
25;2025-11-14;5;8
25;2025-11-14;6;210
25;2025-11-14;7;541
25;2025-11-14;8;858
25;2025-11-14;9;429
25;2025-11-14;10;387
25;2025-11-14;11;421
25;2025-11-14;12;422
25;2025-11-14;13;524
25;2025-11-14;14;481
25;2025-11-14;15;615
25;2025-11-14;16;813
25;2025-11-14;17;779
25;2025-11-14;18;660
25;2025-11-14;19;522
25;2025-11-14;20;331
25;2025-11-14;21;217
25;2025-11-14;22;136
25;2025-11-14;23;14
25;2025-11-15;0;4
25;2025-11-15;1;0
25;2025-11-15;2;0
25;2025-11-15;3;0
25;2025-11-15;4;0
25;2025-11-15;5;10
25;2025-11-15;6;89
25;2025-11-15;7;128
25;2025-11-15;8;285
25;2025-11-15;9;256
25;2025-11-15;10;278
25;2025-11-15;11;364
25;2025-11-15;12;400
25;2025-11-15;13;574
25;2025-11-15;14;580
25;2025-11-15;15;678
25;2025-11-15;16;629
25;2025-11-15;17;498
25;2025-11-15;18;442
25;2025-11-15;19;386
25;2025-11-15;20;248
25;2025-11-15;21;201
25;2025-11-15;22;127
25;2025-11-15;23;52
25;2025-11-16;0;17
25;2025-11-16;1;0
25;2025-11-16;2;0
25;2025-11-16;3;0
25;2025-11-16;4;0
25;2025-11-16;5;6
25;2025-11-16;6;80
25;2025-11-16;7;99
25;2025-11-16;8;194
25;2025-11-16;9;219
25;2025-11-16;10;229
25;2025-11-16;11;320
25;2025-11-16;12;375
25;2025-11-16;13;480
25;2025-11-16;14;537
25;2025-11-16;15;615
25;2025-11-16;16;538
25;2025-11-16;17;490
25;2025-11-16;18;406
25;2025-11-16;19;309
25;2025-11-16;20;228
25;2025-11-16;21;181
25;2025-11-16;22;106
25;2025-11-16;23;40
25;2025-11-17;0;3
25;2025-11-17;1;0
25;2025-11-17;2;0
25;2025-11-17;3;0
25;2025-11-17;4;0
25;2025-11-17;5;11
25;2025-11-17;6;218
25;2025-11-17;7;553
25;2025-11-17;8;924
25;2025-11-17;9;479
25;2025-11-17;10;378
25;2025-11-17;11;428
25;2025-11-17;12;420
25;2025-11-17;13;525
25;2025-11-17;14;458
25;2025-11-17;15;544
25;2025-11-17;16;712
25;2025-11-17;17;767
25;2025-11-17;18;800
25;2025-11-17;19;540
25;2025-11-17;20;321
25;2025-11-17;21;213
25;2025-11-17;22;116
25;2025-11-17;23;9
25;2025-11-18;0;4
25;2025-11-18;1;0
25;2025-11-18;2;0
25;2025-11-18;3;0
25;2025-11-18;4;0
25;2025-11-18;5;11
25;2025-11-18;6;224
25;2025-11-18;7;569
25;2025-11-18;8;950
25;2025-11-18;9;492
25;2025-11-18;10;388
25;2025-11-18;11;440
25;2025-11-18;12;432
25;2025-11-18;13;539
25;2025-11-18;14;471
25;2025-11-18;15;559
25;2025-11-18;16;732
25;2025-11-18;17;788
25;2025-11-18;18;822
25;2025-11-18;19;555
25;2025-11-18;20;330
25;2025-11-18;21;219
25;2025-11-18;22;120
25;2025-11-18;23;9
25;2025-11-19;0;4
25;2025-11-19;1;0
25;2025-11-19;2;0
25;2025-11-19;3;0
25;2025-11-19;4;0
25;2025-11-19;5;11
25;2025-11-19;6;224
25;2025-11-19;7;569
25;2025-11-19;8;950
25;2025-11-19;9;492
25;2025-11-19;10;388
25;2025-11-19;11;440
25;2025-11-19;12;432
25;2025-11-19;13;539
25;2025-11-19;14;471
25;2025-11-19;15;559
25;2025-11-19;16;732
25;2025-11-19;17;788
25;2025-11-19;18;822
25;2025-11-19;19;555
25;2025-11-19;20;330
25;2025-11-19;21;219
25;2025-11-19;22;120
25;2025-11-19;23;9
25;2025-11-20;0;4
25;2025-11-20;1;0
25;2025-11-20;2;0
25;2025-11-20;3;0
25;2025-11-20;4;0
25;2025-11-20;5;11
25;2025-11-20;6;224
25;2025-11-20;7;569
25;2025-11-20;8;950
25;2025-11-20;9;492
25;2025-11-20;10;388
25;2025-11-20;11;440
25;2025-11-20;12;432
25;2025-11-20;13;539
25;2025-11-20;14;471
25;2025-11-20;15;559
25;2025-11-20;16;732
25;2025-11-20;17;788
25;2025-11-20;18;822
25;2025-11-20;19;555
25;2025-11-20;20;330
25;2025-11-20;21;219
25;2025-11-20;22;120
25;2025-11-20;23;9
25;2025-11-21;0;1
25;2025-11-21;1;0
25;2025-11-21;2;0
25;2025-11-21;3;0
25;2025-11-21;4;0
25;2025-11-21;5;8
25;2025-11-21;6;210
25;2025-11-21;7;541
25;2025-11-21;8;858
25;2025-11-21;9;429
25;2025-11-21;10;387
25;2025-11-21;11;421
25;2025-11-21;12;422
25;2025-11-21;13;524
25;2025-11-21;14;481
25;2025-11-21;15;615
25;2025-11-21;16;813
25;2025-11-21;17;779
25;2025-11-21;18;660
25;2025-11-21;19;522
25;2025-11-21;20;331
25;2025-11-21;21;217
25;2025-11-21;22;136
25;2025-11-21;23;14
25;2025-11-22;0;4
25;2025-11-22;1;0
25;2025-11-22;2;0
25;2025-11-22;3;0
25;2025-11-22;4;0
25;2025-11-22;5;10
25;2025-11-22;6;89
25;2025-11-22;7;128
25;2025-11-22;8;285
25;2025-11-22;9;256
25;2025-11-22;10;278
25;2025-11-22;11;364
25;2025-11-22;12;400
25;2025-11-22;13;574
25;2025-11-22;14;580
25;2025-11-22;15;678
25;2025-11-22;16;629
25;2025-11-22;17;498
25;2025-11-22;18;442
25;2025-11-22;19;386
25;2025-11-22;20;248
25;2025-11-22;21;201
25;2025-11-22;22;127
25;2025-11-22;23;52
25;2025-11-23;0;17
25;2025-11-23;1;0
25;2025-11-23;2;0
25;2025-11-23;3;0
25;2025-11-23;4;0
25;2025-11-23;5;6
25;2025-11-23;6;80
25;2025-11-23;7;99
25;2025-11-23;8;194
25;2025-11-23;9;219
25;2025-11-23;10;229
25;2025-11-23;11;320
25;2025-11-23;12;375
25;2025-11-23;13;480
25;2025-11-23;14;537
25;2025-11-23;15;615
25;2025-11-23;16;538
25;2025-11-23;17;490
25;2025-11-23;18;406
25;2025-11-23;19;309
25;2025-11-23;20;228
25;2025-11-23;21;181
25;2025-11-23;22;106
25;2025-11-23;23;40
25;2025-11-24;0;3
25;2025-11-24;1;0
25;2025-11-24;2;0
25;2025-11-24;3;0
25;2025-11-24;4;0
25;2025-11-24;5;11
25;2025-11-24;6;218
25;2025-11-24;7;553
25;2025-11-24;8;924
25;2025-11-24;9;479
25;2025-11-24;10;378
25;2025-11-24;11;428
25;2025-11-24;12;420
25;2025-11-24;13;525
25;2025-11-24;14;458
25;2025-11-24;15;544
25;2025-11-24;16;712
25;2025-11-24;17;767
25;2025-11-24;18;800
25;2025-11-24;19;540
25;2025-11-24;20;321
25;2025-11-24;21;213
25;2025-11-24;22;116
25;2025-11-24;23;9
25;2025-11-25;0;4
25;2025-11-25;1;0
25;2025-11-25;2;0
25;2025-11-25;3;0
25;2025-11-25;4;0
25;2025-11-25;5;11
25;2025-11-25;6;224
25;2025-11-25;7;569
25;2025-11-25;8;950
25;2025-11-25;9;492
25;2025-11-25;10;388
25;2025-11-25;11;440
25;2025-11-25;12;432
25;2025-11-25;13;539
25;2025-11-25;14;471
25;2025-11-25;15;559
25;2025-11-25;16;732
25;2025-11-25;17;788
25;2025-11-25;18;822
25;2025-11-25;19;555
25;2025-11-25;20;330
25;2025-11-25;21;219
25;2025-11-25;22;120
25;2025-11-25;23;9
25;2025-11-26;0;4
25;2025-11-26;1;0
25;2025-11-26;2;0
25;2025-11-26;3;0
25;2025-11-26;4;0
25;2025-11-26;5;11
25;2025-11-26;6;224
25;2025-11-26;7;569
25;2025-11-26;8;950
25;2025-11-26;9;492
25;2025-11-26;10;388
25;2025-11-26;11;440
25;2025-11-26;12;432
25;2025-11-26;13;539
25;2025-11-26;14;471
25;2025-11-26;15;559
25;2025-11-26;16;732
25;2025-11-26;17;788
25;2025-11-26;18;822
25;2025-11-26;19;555
25;2025-11-26;20;330
25;2025-11-26;21;219
25;2025-11-26;22;120
25;2025-11-26;23;9
25;2025-11-27;0;4
25;2025-11-27;1;0
25;2025-11-27;2;0
25;2025-11-27;3;0
25;2025-11-27;4;0
25;2025-11-27;5;11
25;2025-11-27;6;224
25;2025-11-27;7;569
25;2025-11-27;8;950
25;2025-11-27;9;492
25;2025-11-27;10;388
25;2025-11-27;11;440
25;2025-11-27;12;432
25;2025-11-27;13;539
25;2025-11-27;14;471
25;2025-11-27;15;559
25;2025-11-27;16;732
25;2025-11-27;17;788
25;2025-11-27;18;822
25;2025-11-27;19;555
25;2025-11-27;20;330
25;2025-11-27;21;219
25;2025-11-27;22;120
25;2025-11-27;23;9
25;2025-11-28;0;1
25;2025-11-28;1;0
25;2025-11-28;2;0
25;2025-11-28;3;0
25;2025-11-28;4;0
25;2025-11-28;5;8
25;2025-11-28;6;210
25;2025-11-28;7;541
25;2025-11-28;8;858
25;2025-11-28;9;429
25;2025-11-28;10;387
25;2025-11-28;11;421
25;2025-11-28;12;422
25;2025-11-28;13;524
25;2025-11-28;14;481
25;2025-11-28;15;615
25;2025-11-28;16;813
25;2025-11-28;17;779
25;2025-11-28;18;660
25;2025-11-28;19;522
25;2025-11-28;20;331
25;2025-11-28;21;217
25;2025-11-28;22;136
25;2025-11-28;23;14
25;2025-11-29;0;4
25;2025-11-29;1;0
25;2025-11-29;2;0
25;2025-11-29;3;0
25;2025-11-29;4;0
25;2025-11-29;5;10
25;2025-11-29;6;89
25;2025-11-29;7;128
25;2025-11-29;8;285
25;2025-11-29;9;256
25;2025-11-29;10;278
25;2025-11-29;11;364
25;2025-11-29;12;400
25;2025-11-29;13;574
25;2025-11-29;14;580
25;2025-11-29;15;678
25;2025-11-29;16;629
25;2025-11-29;17;498
25;2025-11-29;18;442
25;2025-11-29;19;386
25;2025-11-29;20;248
25;2025-11-29;21;201
25;2025-11-29;22;127
25;2025-11-29;23;52
25;2025-11-30;0;17
25;2025-11-30;1;0
25;2025-11-30;2;0
25;2025-11-30;3;0
25;2025-11-30;4;0
25;2025-11-30;5;6
25;2025-11-30;6;80
25;2025-11-30;7;99
25;2025-11-30;8;194
25;2025-11-30;9;219
25;2025-11-30;10;229
25;2025-11-30;11;320
25;2025-11-30;12;375
25;2025-11-30;13;480
25;2025-11-30;14;537
25;2025-11-30;15;615
25;2025-11-30;16;538
25;2025-11-30;17;490
25;2025-11-30;18;406
25;2025-11-30;19;309
25;2025-11-30;20;228
25;2025-11-30;21;181
25;2025-11-30;22;106
25;2025-11-30;23;40
25;2025-12-01;0;3
25;2025-12-01;1;0
25;2025-12-01;2;0
25;2025-12-01;3;0
25;2025-12-01;4;0
25;2025-12-01;5;9
25;2025-12-01;6;209
25;2025-12-01;7;561
25;2025-12-01;8;931
25;2025-12-01;9;482
25;2025-12-01;10;377
25;2025-12-01;11;425
25;2025-12-01;12;418
25;2025-12-01;13;520
25;2025-12-01;14;457
25;2025-12-01;15;539
25;2025-12-01;16;718
25;2025-12-01;17;769
25;2025-12-01;18;808
25;2025-12-01;19;531
25;2025-12-01;20;322
25;2025-12-01;21;210
25;2025-12-01;22;122
25;2025-12-01;23;9
25;2025-12-02;0;4
25;2025-12-02;1;0
25;2025-12-02;2;0
25;2025-12-02;3;0
25;2025-12-02;4;0
25;2025-12-02;5;10
25;2025-12-02;6;214
25;2025-12-02;7;576
25;2025-12-02;8;957
25;2025-12-02;9;495
25;2025-12-02;10;388
25;2025-12-02;11;437
25;2025-12-02;12;429
25;2025-12-02;13;534
25;2025-12-02;14;470
25;2025-12-02;15;554
25;2025-12-02;16;738
25;2025-12-02;17;790
25;2025-12-02;18;831
25;2025-12-02;19;545
25;2025-12-02;20;331
25;2025-12-02;21;216
25;2025-12-02;22;125
25;2025-12-02;23;10
25;2025-12-03;0;4
25;2025-12-03;1;0
25;2025-12-03;2;0
25;2025-12-03;3;0
25;2025-12-03;4;0
25;2025-12-03;5;10
25;2025-12-03;6;214
25;2025-12-03;7;576
25;2025-12-03;8;957
25;2025-12-03;9;495
25;2025-12-03;10;388
25;2025-12-03;11;437
25;2025-12-03;12;429
25;2025-12-03;13;534
25;2025-12-03;14;470
25;2025-12-03;15;554
25;2025-12-03;16;738
25;2025-12-03;17;790
25;2025-12-03;18;831
25;2025-12-03;19;545
25;2025-12-03;20;331
25;2025-12-03;21;216
25;2025-12-03;22;125
25;2025-12-03;23;10
25;2025-12-04;0;4
25;2025-12-04;1;0
25;2025-12-04;2;0
25;2025-12-04;3;0
25;2025-12-04;4;0
25;2025-12-04;5;10
25;2025-12-04;6;214
25;2025-12-04;7;576
25;2025-12-04;8;957
25;2025-12-04;9;495
25;2025-12-04;10;388
25;2025-12-04;11;437
25;2025-12-04;12;429
25;2025-12-04;13;534
25;2025-12-04;14;470
25;2025-12-04;15;554
25;2025-12-04;16;738
25;2025-12-04;17;790
25;2025-12-04;18;831
25;2025-12-04;19;545
25;2025-12-04;20;331
25;2025-12-04;21;216
25;2025-12-04;22;125
25;2025-12-04;23;10
25;2025-12-05;0;1
25;2025-12-05;1;0
25;2025-12-05;2;0
25;2025-12-05;3;0
25;2025-12-05;4;0
25;2025-12-05;5;7
25;2025-12-05;6;199
25;2025-12-05;7;543
25;2025-12-05;8;866
25;2025-12-05;9;432
25;2025-12-05;10;386
25;2025-12-05;11;418
25;2025-12-05;12;424
25;2025-12-05;13;520
25;2025-12-05;14;487
25;2025-12-05;15;613
25;2025-12-05;16;815
25;2025-12-05;17;787
25;2025-12-05;18;661
25;2025-12-05;19;506
25;2025-12-05;20;330
25;2025-12-05;21;217
25;2025-12-05;22;142
25;2025-12-05;23;14
25;2025-12-06;0;4
25;2025-12-06;1;0
25;2025-12-06;2;0
25;2025-12-06;3;0
25;2025-12-06;4;0
25;2025-12-06;5;8
25;2025-12-06;6;81
25;2025-12-06;7;128
25;2025-12-06;8;283
25;2025-12-06;9;254
25;2025-12-06;10;277
25;2025-12-06;11;362
25;2025-12-06;12;400
25;2025-12-06;13;559
25;2025-12-06;14;565
25;2025-12-06;15;660
25;2025-12-06;16;611
25;2025-12-06;17;487
25;2025-12-06;18;433
25;2025-12-06;19;379
25;2025-12-06;20;247
25;2025-12-06;21;202
25;2025-12-06;22;130
25;2025-12-06;23;53
25;2025-12-07;0;17
25;2025-12-07;1;0
25;2025-12-07;2;0
25;2025-12-07;3;0
25;2025-12-07;4;0
25;2025-12-07;5;5
25;2025-12-07;6;74
25;2025-12-07;7;99
25;2025-12-07;8;194
25;2025-12-07;9;220
25;2025-12-07;10;230
25;2025-12-07;11;319
25;2025-12-07;12;373
25;2025-12-07;13;475
25;2025-12-07;14;524
25;2025-12-07;15;601
25;2025-12-07;16;529
25;2025-12-07;17;477
25;2025-12-07;18;401
25;2025-12-07;19;313
25;2025-12-07;20;226
25;2025-12-07;21;187
25;2025-12-07;22;108
25;2025-12-07;23;41
25;2025-12-08;0;3
25;2025-12-08;1;0
25;2025-12-08;2;0
25;2025-12-08;3;0
25;2025-12-08;4;0
25;2025-12-08;5;9
25;2025-12-08;6;209
25;2025-12-08;7;561
25;2025-12-08;8;931
25;2025-12-08;9;482
25;2025-12-08;10;377
25;2025-12-08;11;425
25;2025-12-08;12;418
25;2025-12-08;13;520
25;2025-12-08;14;457
25;2025-12-08;15;539
25;2025-12-08;16;718
25;2025-12-08;17;769
25;2025-12-08;18;808
25;2025-12-08;19;531
25;2025-12-08;20;322
25;2025-12-08;21;210
25;2025-12-08;22;122
25;2025-12-08;23;9
25;2025-12-09;0;4
25;2025-12-09;1;0
25;2025-12-09;2;0
25;2025-12-09;3;0
25;2025-12-09;4;0
25;2025-12-09;5;10
25;2025-12-09;6;214
25;2025-12-09;7;576
25;2025-12-09;8;957
25;2025-12-09;9;495
25;2025-12-09;10;388
25;2025-12-09;11;437
25;2025-12-09;12;429
25;2025-12-09;13;534
25;2025-12-09;14;470
25;2025-12-09;15;554
25;2025-12-09;16;738
25;2025-12-09;17;790
25;2025-12-09;18;831
25;2025-12-09;19;545
25;2025-12-09;20;331
25;2025-12-09;21;216
25;2025-12-09;22;125
25;2025-12-09;23;10
25;2025-12-10;0;4
25;2025-12-10;1;0
25;2025-12-10;2;0
25;2025-12-10;3;0
25;2025-12-10;4;0
25;2025-12-10;5;10
25;2025-12-10;6;214
25;2025-12-10;7;576
25;2025-12-10;8;957
25;2025-12-10;9;495
25;2025-12-10;10;388
25;2025-12-10;11;437
25;2025-12-10;12;429
25;2025-12-10;13;534
25;2025-12-10;14;470
25;2025-12-10;15;554
25;2025-12-10;16;738
25;2025-12-10;17;790
25;2025-12-10;18;831
25;2025-12-10;19;545
25;2025-12-10;20;331
25;2025-12-10;21;216
25;2025-12-10;22;125
25;2025-12-10;23;10
25;2025-12-11;0;4
25;2025-12-11;1;0
25;2025-12-11;2;0
25;2025-12-11;3;0
25;2025-12-11;4;0
25;2025-12-11;5;10
25;2025-12-11;6;214
25;2025-12-11;7;576
25;2025-12-11;8;957
25;2025-12-11;9;495
25;2025-12-11;10;388
25;2025-12-11;11;437
25;2025-12-11;12;429
25;2025-12-11;13;534
25;2025-12-11;14;470
25;2025-12-11;15;554
25;2025-12-11;16;738
25;2025-12-11;17;790
25;2025-12-11;18;831
25;2025-12-11;19;545
25;2025-12-11;20;331
25;2025-12-11;21;216
25;2025-12-11;22;125
25;2025-12-11;23;10
25;2025-12-12;0;1
25;2025-12-12;1;0
25;2025-12-12;2;0
25;2025-12-12;3;0
25;2025-12-12;4;0
25;2025-12-12;5;7
25;2025-12-12;6;199
25;2025-12-12;7;543
25;2025-12-12;8;866
25;2025-12-12;9;432
25;2025-12-12;10;386
25;2025-12-12;11;418
25;2025-12-12;12;424
25;2025-12-12;13;520
25;2025-12-12;14;487
25;2025-12-12;15;613
25;2025-12-12;16;815
25;2025-12-12;17;787
25;2025-12-12;18;661
25;2025-12-12;19;506
25;2025-12-12;20;330
25;2025-12-12;21;217
25;2025-12-12;22;142
25;2025-12-12;23;14
25;2025-12-13;0;4
25;2025-12-13;1;0
25;2025-12-13;2;0
25;2025-12-13;3;0
25;2025-12-13;4;0
25;2025-12-13;5;8
25;2025-12-13;6;81
25;2025-12-13;7;128
25;2025-12-13;8;283
25;2025-12-13;9;254
25;2025-12-13;10;277
25;2025-12-13;11;362
25;2025-12-13;12;400
25;2025-12-13;13;559
25;2025-12-13;14;565
25;2025-12-13;15;660
25;2025-12-13;16;611
25;2025-12-13;17;487
25;2025-12-13;18;433
25;2025-12-13;19;379
25;2025-12-13;20;247
25;2025-12-13;21;202
25;2025-12-13;22;130
25;2025-12-13;23;53
25;2025-12-14;0;17
25;2025-12-14;1;0
25;2025-12-14;2;0
25;2025-12-14;3;0
25;2025-12-14;4;0
25;2025-12-14;5;5
25;2025-12-14;6;74
25;2025-12-14;7;99
25;2025-12-14;8;194
25;2025-12-14;9;220
25;2025-12-14;10;230
25;2025-12-14;11;319
25;2025-12-14;12;373
25;2025-12-14;13;475
25;2025-12-14;14;524
25;2025-12-14;15;601
25;2025-12-14;16;529
25;2025-12-14;17;477
25;2025-12-14;18;401
25;2025-12-14;19;313
25;2025-12-14;20;226
25;2025-12-14;21;187
25;2025-12-14;22;108
25;2025-12-14;23;41
25;2025-12-15;0;3
25;2025-12-15;1;0
25;2025-12-15;2;0
25;2025-12-15;3;0
25;2025-12-15;4;0
25;2025-12-15;5;9
25;2025-12-15;6;209
25;2025-12-15;7;561
25;2025-12-15;8;931
25;2025-12-15;9;482
25;2025-12-15;10;377
25;2025-12-15;11;425
25;2025-12-15;12;418
25;2025-12-15;13;520
25;2025-12-15;14;457
25;2025-12-15;15;539
25;2025-12-15;16;718
25;2025-12-15;17;769
25;2025-12-15;18;808
25;2025-12-15;19;531
25;2025-12-15;20;322
25;2025-12-15;21;210
25;2025-12-15;22;122
25;2025-12-15;23;9
25;2025-12-16;0;4
25;2025-12-16;1;0
25;2025-12-16;2;0
25;2025-12-16;3;0
25;2025-12-16;4;0
25;2025-12-16;5;10
25;2025-12-16;6;214
25;2025-12-16;7;576
25;2025-12-16;8;957
25;2025-12-16;9;495
25;2025-12-16;10;388
25;2025-12-16;11;437
25;2025-12-16;12;429
25;2025-12-16;13;534
25;2025-12-16;14;470
25;2025-12-16;15;554
25;2025-12-16;16;738
25;2025-12-16;17;790
25;2025-12-16;18;831
25;2025-12-16;19;545
25;2025-12-16;20;331
25;2025-12-16;21;216
25;2025-12-16;22;125
25;2025-12-16;23;10
25;2025-12-17;0;4
25;2025-12-17;1;0
25;2025-12-17;2;0
25;2025-12-17;3;0
25;2025-12-17;4;0
25;2025-12-17;5;10
25;2025-12-17;6;214
25;2025-12-17;7;576
25;2025-12-17;8;957
25;2025-12-17;9;495
25;2025-12-17;10;388
25;2025-12-17;11;437
25;2025-12-17;12;429
25;2025-12-17;13;534
25;2025-12-17;14;470
25;2025-12-17;15;554
25;2025-12-17;16;738
25;2025-12-17;17;790
25;2025-12-17;18;831
25;2025-12-17;19;545
25;2025-12-17;20;331
25;2025-12-17;21;216
25;2025-12-17;22;125
25;2025-12-17;23;10
25;2025-12-18;0;4
25;2025-12-18;1;0
25;2025-12-18;2;0
25;2025-12-18;3;0
25;2025-12-18;4;0
25;2025-12-18;5;10
25;2025-12-18;6;214
25;2025-12-18;7;576
25;2025-12-18;8;957
25;2025-12-18;9;495
25;2025-12-18;10;388
25;2025-12-18;11;437
25;2025-12-18;12;429
25;2025-12-18;13;534
25;2025-12-18;14;470
25;2025-12-18;15;554
25;2025-12-18;16;738
25;2025-12-18;17;790
25;2025-12-18;18;831
25;2025-12-18;19;545
25;2025-12-18;20;331
25;2025-12-18;21;216
25;2025-12-18;22;125
25;2025-12-18;23;10
25;2025-12-19;0;1
25;2025-12-19;1;0
25;2025-12-19;2;0
25;2025-12-19;3;0
25;2025-12-19;4;0
25;2025-12-19;5;7
25;2025-12-19;6;199
25;2025-12-19;7;543
25;2025-12-19;8;866
25;2025-12-19;9;432
25;2025-12-19;10;386
25;2025-12-19;11;418
25;2025-12-19;12;424
25;2025-12-19;13;520
25;2025-12-19;14;487
25;2025-12-19;15;613
25;2025-12-19;16;815
25;2025-12-19;17;787
25;2025-12-19;18;661
25;2025-12-19;19;506
25;2025-12-19;20;330
25;2025-12-19;21;217
25;2025-12-19;22;142
25;2025-12-19;23;14
25;2025-12-20;0;4
25;2025-12-20;1;0
25;2025-12-20;2;0
25;2025-12-20;3;0
25;2025-12-20;4;0
25;2025-12-20;5;8
25;2025-12-20;6;81
25;2025-12-20;7;128
25;2025-12-20;8;283
25;2025-12-20;9;254
25;2025-12-20;10;277
25;2025-12-20;11;362
25;2025-12-20;12;400
25;2025-12-20;13;559
25;2025-12-20;14;565
25;2025-12-20;15;660
25;2025-12-20;16;611
25;2025-12-20;17;487
25;2025-12-20;18;433
25;2025-12-20;19;379
25;2025-12-20;20;247
25;2025-12-20;21;202
25;2025-12-20;22;130
25;2025-12-20;23;53
25;2025-12-21;0;17
25;2025-12-21;1;0
25;2025-12-21;2;0
25;2025-12-21;3;0
25;2025-12-21;4;0
25;2025-12-21;5;5
25;2025-12-21;6;74
25;2025-12-21;7;99
25;2025-12-21;8;194
25;2025-12-21;9;220
25;2025-12-21;10;230
25;2025-12-21;11;319
25;2025-12-21;12;373
25;2025-12-21;13;475
25;2025-12-21;14;524
25;2025-12-21;15;601
25;2025-12-21;16;529
25;2025-12-21;17;477
25;2025-12-21;18;401
25;2025-12-21;19;313
25;2025-12-21;20;226
25;2025-12-21;21;187
25;2025-12-21;22;108
25;2025-12-21;23;41
25;2025-12-22;0;3
25;2025-12-22;1;0
25;2025-12-22;2;0
25;2025-12-22;3;0
25;2025-12-22;4;0
25;2025-12-22;5;9
25;2025-12-22;6;209
25;2025-12-22;7;561
25;2025-12-22;8;931
25;2025-12-22;9;482
25;2025-12-22;10;377
25;2025-12-22;11;425
25;2025-12-22;12;418
25;2025-12-22;13;520
25;2025-12-22;14;457
25;2025-12-22;15;539
25;2025-12-22;16;718
25;2025-12-22;17;769
25;2025-12-22;18;808
25;2025-12-22;19;531
25;2025-12-22;20;322
25;2025-12-22;21;210
25;2025-12-22;22;122
25;2025-12-22;23;9
25;2025-12-23;0;4
25;2025-12-23;1;0
25;2025-12-23;2;0
25;2025-12-23;3;0
25;2025-12-23;4;0
25;2025-12-23;5;10
25;2025-12-23;6;214
25;2025-12-23;7;576
25;2025-12-23;8;957
25;2025-12-23;9;495
25;2025-12-23;10;388
25;2025-12-23;11;437
25;2025-12-23;12;429
25;2025-12-23;13;534
25;2025-12-23;14;470
25;2025-12-23;15;554
25;2025-12-23;16;738
25;2025-12-23;17;790
25;2025-12-23;18;831
25;2025-12-23;19;545
25;2025-12-23;20;331
25;2025-12-23;21;216
25;2025-12-23;22;125
25;2025-12-23;23;10
25;2025-12-24;0;4
25;2025-12-24;1;0
25;2025-12-24;2;0
25;2025-12-24;3;0
25;2025-12-24;4;0
25;2025-12-24;5;10
25;2025-12-24;6;214
25;2025-12-24;7;576
25;2025-12-24;8;957
25;2025-12-24;9;495
25;2025-12-24;10;388
25;2025-12-24;11;437
25;2025-12-24;12;429
25;2025-12-24;13;534
25;2025-12-24;14;470
25;2025-12-24;15;554
25;2025-12-24;16;738
25;2025-12-24;17;790
25;2025-12-24;18;831
25;2025-12-24;19;545
25;2025-12-24;20;331
25;2025-12-24;21;216
25;2025-12-24;22;125
25;2025-12-24;23;10
25;2025-12-25;0;4
25;2025-12-25;1;0
25;2025-12-25;2;0
25;2025-12-25;3;0
25;2025-12-25;4;0
25;2025-12-25;5;10
25;2025-12-25;6;214
25;2025-12-25;7;576
25;2025-12-25;8;957
25;2025-12-25;9;495
25;2025-12-25;10;388
25;2025-12-25;11;437
25;2025-12-25;12;429
25;2025-12-25;13;534
25;2025-12-25;14;470
25;2025-12-25;15;554
25;2025-12-25;16;738
25;2025-12-25;17;790
25;2025-12-25;18;831
25;2025-12-25;19;545
25;2025-12-25;20;331
25;2025-12-25;21;216
25;2025-12-25;22;125
25;2025-12-25;23;10
25;2025-12-26;0;1
25;2025-12-26;1;0
25;2025-12-26;2;0
25;2025-12-26;3;0
25;2025-12-26;4;0
25;2025-12-26;5;7
25;2025-12-26;6;199
25;2025-12-26;7;543
25;2025-12-26;8;866
25;2025-12-26;9;432
25;2025-12-26;10;386
25;2025-12-26;11;418
25;2025-12-26;12;424
25;2025-12-26;13;520
25;2025-12-26;14;487
25;2025-12-26;15;613
25;2025-12-26;16;815
25;2025-12-26;17;787
25;2025-12-26;18;661
25;2025-12-26;19;506
25;2025-12-26;20;330
25;2025-12-26;21;217
25;2025-12-26;22;142
25;2025-12-26;23;14
25;2025-12-27;0;4
25;2025-12-27;1;0
25;2025-12-27;2;0
25;2025-12-27;3;0
25;2025-12-27;4;0
25;2025-12-27;5;8
25;2025-12-27;6;81
25;2025-12-27;7;128
25;2025-12-27;8;283
25;2025-12-27;9;254
25;2025-12-27;10;277
25;2025-12-27;11;362
25;2025-12-27;12;400
25;2025-12-27;13;559
25;2025-12-27;14;565
25;2025-12-27;15;660
25;2025-12-27;16;611
25;2025-12-27;17;487
25;2025-12-27;18;433
25;2025-12-27;19;379
25;2025-12-27;20;247
25;2025-12-27;21;202
25;2025-12-27;22;130
25;2025-12-27;23;53
25;2025-12-28;0;17
25;2025-12-28;1;0
25;2025-12-28;2;0
25;2025-12-28;3;0
25;2025-12-28;4;0
25;2025-12-28;5;5
25;2025-12-28;6;74
25;2025-12-28;7;99
25;2025-12-28;8;194
25;2025-12-28;9;220
25;2025-12-28;10;230
25;2025-12-28;11;319
25;2025-12-28;12;373
25;2025-12-28;13;475
25;2025-12-28;14;524
25;2025-12-28;15;601
25;2025-12-28;16;529
25;2025-12-28;17;477
25;2025-12-28;18;401
25;2025-12-28;19;313
25;2025-12-28;20;226
25;2025-12-28;21;187
25;2025-12-28;22;108
25;2025-12-28;23;41
25;2025-12-29;0;3
25;2025-12-29;1;0
25;2025-12-29;2;0
25;2025-12-29;3;0
25;2025-12-29;4;0
25;2025-12-29;5;8
25;2025-12-29;6;188
25;2025-12-29;7;505
25;2025-12-29;8;838
25;2025-12-29;9;434
25;2025-12-29;10;340
25;2025-12-29;11;383
25;2025-12-29;12;376
25;2025-12-29;13;468
25;2025-12-29;14;411
25;2025-12-29;15;486
25;2025-12-29;16;646
25;2025-12-29;17;692
25;2025-12-29;18;727
25;2025-12-29;19;477
25;2025-12-29;20;290
25;2025-12-29;21;189
25;2025-12-29;22;110
25;2025-12-29;23;8
25;2025-12-30;0;3
25;2025-12-30;1;0
25;2025-12-30;2;0
25;2025-12-30;3;0
25;2025-12-30;4;0
25;2025-12-30;5;8
25;2025-12-30;6;182
25;2025-12-30;7;490
25;2025-12-30;8;813
25;2025-12-30;9;421
25;2025-12-30;10;330
25;2025-12-30;11;371
25;2025-12-30;12;365
25;2025-12-30;13;454
25;2025-12-30;14;399
25;2025-12-30;15;471
25;2025-12-30;16;627
25;2025-12-30;17;671
25;2025-12-30;18;706
25;2025-12-30;19;463
25;2025-12-30;20;281
25;2025-12-30;21;184
25;2025-12-30;22;106
25;2025-12-30;23;8
25;2025-12-31;0;2
25;2025-12-31;1;0
25;2025-12-31;2;0
25;2025-12-31;3;0
25;2025-12-31;4;0
25;2025-12-31;5;4
25;2025-12-31;6;44
25;2025-12-31;7;69
25;2025-12-31;8;153
25;2025-12-31;9;137
25;2025-12-31;10;150
25;2025-12-31;11;196
25;2025-12-31;12;216
25;2025-12-31;13;302
25;2025-12-31;14;306
25;2025-12-31;15;357
25;2025-12-31;16;330
25;2025-12-31;17;263
25;2025-12-31;18;234
25;2025-12-31;19;205
25;2025-12-31;20;13
25;2025-12-31;21;11
25;2025-12-31;22;7
25;2025-12-31;23;3
26;2025-11-01;0;40
26;2025-11-01;1;3
26;2025-11-01;2;0
26;2025-11-01;3;0
26;2025-11-01;4;1
26;2025-11-01;5;80
26;2025-11-01;6;472
26;2025-11-01;7;945
26;2025-11-01;8;1924
26;2025-11-01;9;1296
26;2025-11-01;10;1145
26;2025-11-01;11;1040
26;2025-11-01;12;1058
26;2025-11-01;13;1098
26;2025-11-01;14;1180
26;2025-11-01;15;1304
26;2025-11-01;16;1552
26;2025-11-01;17;1581
26;2025-11-01;18;1252
26;2025-11-01;19;968
26;2025-11-01;20;663
26;2025-11-01;21;425
26;2025-11-01;22;196
26;2025-11-01;23;139
26;2025-11-02;0;53
26;2025-11-02;1;5
26;2025-11-02;2;0
26;2025-11-02;3;0
26;2025-11-02;4;2
26;2025-11-02;5;32
26;2025-11-02;6;170
26;2025-11-02;7;259
26;2025-11-02;8;407
26;2025-11-02;9;571
26;2025-11-02;10;650
26;2025-11-02;11;913
26;2025-11-02;12;916
26;2025-11-02;13;991
26;2025-11-02;14;954
26;2025-11-02;15;882
26;2025-11-02;16;852
26;2025-11-02;17;837
26;2025-11-02;18;759
26;2025-11-02;19;571
26;2025-11-02;20;442
26;2025-11-02;21;314
26;2025-11-02;22;203
26;2025-11-02;23;119
26;2025-11-03;0;43
26;2025-11-03;1;3
26;2025-11-03;2;0
26;2025-11-03;3;0
26;2025-11-03;4;2
26;2025-11-03;5;33
26;2025-11-03;6;183
26;2025-11-03;7;269
26;2025-11-03;8;431
26;2025-11-03;9;540
26;2025-11-03;10;641
26;2025-11-03;11;839
26;2025-11-03;12;867
26;2025-11-03;13;900
26;2025-11-03;14;892
26;2025-11-03;15;821
26;2025-11-03;16;821
26;2025-11-03;17;766
26;2025-11-03;18;708
26;2025-11-03;19;571
26;2025-11-03;20;429
26;2025-11-03;21;295
26;2025-11-03;22;182
26;2025-11-03;23;118
26;2025-11-04;0;43
26;2025-11-04;1;3
26;2025-11-04;2;0
26;2025-11-04;3;0
26;2025-11-04;4;2
26;2025-11-04;5;33
26;2025-11-04;6;183
26;2025-11-04;7;269
26;2025-11-04;8;431
26;2025-11-04;9;540
26;2025-11-04;10;641
26;2025-11-04;11;839
26;2025-11-04;12;867
26;2025-11-04;13;900
26;2025-11-04;14;892
26;2025-11-04;15;821
26;2025-11-04;16;821
26;2025-11-04;17;766
26;2025-11-04;18;708
26;2025-11-04;19;571
26;2025-11-04;20;429
26;2025-11-04;21;295
26;2025-11-04;22;182
26;2025-11-04;23;118
26;2025-11-05;0;32
26;2025-11-05;1;2
26;2025-11-05;2;0
26;2025-11-05;3;0
26;2025-11-05;4;2
26;2025-11-05;5;98
26;2025-11-05;6;521
26;2025-11-05;7;1144
26;2025-11-05;8;2272
26;2025-11-05;9;1521
26;2025-11-05;10;1299
26;2025-11-05;11;1173
26;2025-11-05;12;1219
26;2025-11-05;13;1258
26;2025-11-05;14;1330
26;2025-11-05;15;1432
26;2025-11-05;16;1584
26;2025-11-05;17;1749
26;2025-11-05;18;1948
26;2025-11-05;19;1306
26;2025-11-05;20;817
26;2025-11-05;21;508
26;2025-11-05;22;229
26;2025-11-05;23;123
26;2025-11-06;0;32
26;2025-11-06;1;2
26;2025-11-06;2;0
26;2025-11-06;3;0
26;2025-11-06;4;2
26;2025-11-06;5;98
26;2025-11-06;6;521
26;2025-11-06;7;1144
26;2025-11-06;8;2272
26;2025-11-06;9;1521
26;2025-11-06;10;1299
26;2025-11-06;11;1173
26;2025-11-06;12;1219
26;2025-11-06;13;1258
26;2025-11-06;14;1330
26;2025-11-06;15;1432
26;2025-11-06;16;1584
26;2025-11-06;17;1749
26;2025-11-06;18;1948
26;2025-11-06;19;1306
26;2025-11-06;20;817
26;2025-11-06;21;508
26;2025-11-06;22;229
26;2025-11-06;23;123
26;2025-11-07;0;32
26;2025-11-07;1;2
26;2025-11-07;2;0
26;2025-11-07;3;0
26;2025-11-07;4;1
26;2025-11-07;5;91
26;2025-11-07;6;537
26;2025-11-07;7;1075
26;2025-11-07;8;2187
26;2025-11-07;9;1474
26;2025-11-07;10;1301
26;2025-11-07;11;1182
26;2025-11-07;12;1203
26;2025-11-07;13;1248
26;2025-11-07;14;1341
26;2025-11-07;15;1483
26;2025-11-07;16;1764
26;2025-11-07;17;1797
26;2025-11-07;18;1423
26;2025-11-07;19;1101
26;2025-11-07;20;754
26;2025-11-07;21;483
26;2025-11-07;22;223
26;2025-11-07;23;158
26;2025-11-08;0;46
26;2025-11-08;1;3
26;2025-11-08;2;0
26;2025-11-08;3;0
26;2025-11-08;4;2
26;2025-11-08;5;46
26;2025-11-08;6;266
26;2025-11-08;7;377
26;2025-11-08;8;612
26;2025-11-08;9;693
26;2025-11-08;10;859
26;2025-11-08;11;1047
26;2025-11-08;12;1114
26;2025-11-08;13;1109
26;2025-11-08;14;1134
26;2025-11-08;15;1038
26;2025-11-08;16;1075
26;2025-11-08;17;951
26;2025-11-08;18;899
26;2025-11-08;19;775
26;2025-11-08;20;565
26;2025-11-08;21;378
26;2025-11-08;22;220
26;2025-11-08;23;158
26;2025-11-09;0;53
26;2025-11-09;1;5
26;2025-11-09;2;0
26;2025-11-09;3;0
26;2025-11-09;4;2
26;2025-11-09;5;32
26;2025-11-09;6;170
26;2025-11-09;7;259
26;2025-11-09;8;407
26;2025-11-09;9;571
26;2025-11-09;10;650
26;2025-11-09;11;913
26;2025-11-09;12;916
26;2025-11-09;13;991
26;2025-11-09;14;954
26;2025-11-09;15;882
26;2025-11-09;16;852
26;2025-11-09;17;837
26;2025-11-09;18;759
26;2025-11-09;19;571
26;2025-11-09;20;442
26;2025-11-09;21;314
26;2025-11-09;22;203
26;2025-11-09;23;119
26;2025-11-10;0;31
26;2025-11-10;1;2
26;2025-11-10;2;0
26;2025-11-10;3;0
26;2025-11-10;4;2
26;2025-11-10;5;95
26;2025-11-10;6;507
26;2025-11-10;7;1114
26;2025-11-10;8;2211
26;2025-11-10;9;1480
26;2025-11-10;10;1264
26;2025-11-10;11;1142
26;2025-11-10;12;1186
26;2025-11-10;13;1225
26;2025-11-10;14;1294
26;2025-11-10;15;1394
26;2025-11-10;16;1542
26;2025-11-10;17;1702
26;2025-11-10;18;1895
26;2025-11-10;19;1271
26;2025-11-10;20;795
26;2025-11-10;21;495
26;2025-11-10;22;223
26;2025-11-10;23;120
26;2025-11-11;0;32
26;2025-11-11;1;2
26;2025-11-11;2;0
26;2025-11-11;3;0
26;2025-11-11;4;2
26;2025-11-11;5;98
26;2025-11-11;6;521
26;2025-11-11;7;1144
26;2025-11-11;8;2272
26;2025-11-11;9;1521
26;2025-11-11;10;1299
26;2025-11-11;11;1173
26;2025-11-11;12;1219
26;2025-11-11;13;1258
26;2025-11-11;14;1330
26;2025-11-11;15;1432
26;2025-11-11;16;1584
26;2025-11-11;17;1749
26;2025-11-11;18;1948
26;2025-11-11;19;1306
26;2025-11-11;20;817
26;2025-11-11;21;508
26;2025-11-11;22;229
26;2025-11-11;23;123
26;2025-11-12;0;32
26;2025-11-12;1;2
26;2025-11-12;2;0
26;2025-11-12;3;0
26;2025-11-12;4;2
26;2025-11-12;5;98
26;2025-11-12;6;521
26;2025-11-12;7;1144
26;2025-11-12;8;2272
26;2025-11-12;9;1521
26;2025-11-12;10;1299
26;2025-11-12;11;1173
26;2025-11-12;12;1219
26;2025-11-12;13;1258
26;2025-11-12;14;1330
26;2025-11-12;15;1432
26;2025-11-12;16;1584
26;2025-11-12;17;1749
26;2025-11-12;18;1948
26;2025-11-12;19;1306
26;2025-11-12;20;817
26;2025-11-12;21;508
26;2025-11-12;22;229
26;2025-11-12;23;123
26;2025-11-13;0;32
26;2025-11-13;1;2
26;2025-11-13;2;0
26;2025-11-13;3;0
26;2025-11-13;4;2
26;2025-11-13;5;98
26;2025-11-13;6;521
26;2025-11-13;7;1144
26;2025-11-13;8;2272
26;2025-11-13;9;1521
26;2025-11-13;10;1299
26;2025-11-13;11;1173
26;2025-11-13;12;1219
26;2025-11-13;13;1258
26;2025-11-13;14;1330
26;2025-11-13;15;1432
26;2025-11-13;16;1584
26;2025-11-13;17;1749
26;2025-11-13;18;1948
26;2025-11-13;19;1306
26;2025-11-13;20;817
26;2025-11-13;21;508
26;2025-11-13;22;229
26;2025-11-13;23;123
26;2025-11-14;0;32
26;2025-11-14;1;2
26;2025-11-14;2;0
26;2025-11-14;3;0
26;2025-11-14;4;1
26;2025-11-14;5;91
26;2025-11-14;6;537
26;2025-11-14;7;1075
26;2025-11-14;8;2187
26;2025-11-14;9;1474
26;2025-11-14;10;1301
26;2025-11-14;11;1182
26;2025-11-14;12;1203
26;2025-11-14;13;1248
26;2025-11-14;14;1341
26;2025-11-14;15;1483
26;2025-11-14;16;1764
26;2025-11-14;17;1797
26;2025-11-14;18;1423
26;2025-11-14;19;1101
26;2025-11-14;20;754
26;2025-11-14;21;483
26;2025-11-14;22;223
26;2025-11-14;23;158
26;2025-11-15;0;46
26;2025-11-15;1;3
26;2025-11-15;2;0
26;2025-11-15;3;0
26;2025-11-15;4;2
26;2025-11-15;5;46
26;2025-11-15;6;266
26;2025-11-15;7;377
26;2025-11-15;8;612
26;2025-11-15;9;693
26;2025-11-15;10;859
26;2025-11-15;11;1047
26;2025-11-15;12;1114
26;2025-11-15;13;1109
26;2025-11-15;14;1134
26;2025-11-15;15;1038
26;2025-11-15;16;1075
26;2025-11-15;17;951
26;2025-11-15;18;899
26;2025-11-15;19;775
26;2025-11-15;20;565
26;2025-11-15;21;378
26;2025-11-15;22;220
26;2025-11-15;23;158
26;2025-11-16;0;53
26;2025-11-16;1;5
26;2025-11-16;2;0
26;2025-11-16;3;0
26;2025-11-16;4;2
26;2025-11-16;5;32
26;2025-11-16;6;170
26;2025-11-16;7;259
26;2025-11-16;8;407
26;2025-11-16;9;571
26;2025-11-16;10;650
26;2025-11-16;11;913
26;2025-11-16;12;916
26;2025-11-16;13;991
26;2025-11-16;14;954
26;2025-11-16;15;882
26;2025-11-16;16;852
26;2025-11-16;17;837
26;2025-11-16;18;759
26;2025-11-16;19;571
26;2025-11-16;20;442
26;2025-11-16;21;314
26;2025-11-16;22;203
26;2025-11-16;23;119
26;2025-11-17;0;31
26;2025-11-17;1;2
26;2025-11-17;2;0
26;2025-11-17;3;0
26;2025-11-17;4;2
26;2025-11-17;5;95
26;2025-11-17;6;507
26;2025-11-17;7;1114
26;2025-11-17;8;2211
26;2025-11-17;9;1480
26;2025-11-17;10;1264
26;2025-11-17;11;1142
26;2025-11-17;12;1186
26;2025-11-17;13;1225
26;2025-11-17;14;1294
26;2025-11-17;15;1394
26;2025-11-17;16;1542
26;2025-11-17;17;1702
26;2025-11-17;18;1895
26;2025-11-17;19;1271
26;2025-11-17;20;795
26;2025-11-17;21;495
26;2025-11-17;22;223
26;2025-11-17;23;120
26;2025-11-18;0;32
26;2025-11-18;1;2
26;2025-11-18;2;0
26;2025-11-18;3;0
26;2025-11-18;4;2
26;2025-11-18;5;98
26;2025-11-18;6;521
26;2025-11-18;7;1144
26;2025-11-18;8;2272
26;2025-11-18;9;1521
26;2025-11-18;10;1299
26;2025-11-18;11;1173
26;2025-11-18;12;1219
26;2025-11-18;13;1258
26;2025-11-18;14;1330
26;2025-11-18;15;1432
26;2025-11-18;16;1584
26;2025-11-18;17;1749
26;2025-11-18;18;1948
26;2025-11-18;19;1306
26;2025-11-18;20;817
26;2025-11-18;21;508
26;2025-11-18;22;229
26;2025-11-18;23;123
26;2025-11-19;0;32
26;2025-11-19;1;2
26;2025-11-19;2;0
26;2025-11-19;3;0
26;2025-11-19;4;2
26;2025-11-19;5;98
26;2025-11-19;6;521
26;2025-11-19;7;1144
26;2025-11-19;8;2272
26;2025-11-19;9;1521
26;2025-11-19;10;1299
26;2025-11-19;11;1173
26;2025-11-19;12;1219
26;2025-11-19;13;1258
26;2025-11-19;14;1330
26;2025-11-19;15;1432
26;2025-11-19;16;1584
26;2025-11-19;17;1749
26;2025-11-19;18;1948
26;2025-11-19;19;1306
26;2025-11-19;20;817
26;2025-11-19;21;508
26;2025-11-19;22;229
26;2025-11-19;23;123
26;2025-11-20;0;32
26;2025-11-20;1;2
26;2025-11-20;2;0
26;2025-11-20;3;0
26;2025-11-20;4;2
26;2025-11-20;5;98
26;2025-11-20;6;521
26;2025-11-20;7;1144
26;2025-11-20;8;2272
26;2025-11-20;9;1521
26;2025-11-20;10;1299
26;2025-11-20;11;1173
26;2025-11-20;12;1219
26;2025-11-20;13;1258
26;2025-11-20;14;1330
26;2025-11-20;15;1432
26;2025-11-20;16;1584
26;2025-11-20;17;1749
26;2025-11-20;18;1948
26;2025-11-20;19;1306
26;2025-11-20;20;817
26;2025-11-20;21;508
26;2025-11-20;22;229
26;2025-11-20;23;123
26;2025-11-21;0;32
26;2025-11-21;1;2
26;2025-11-21;2;0
26;2025-11-21;3;0
26;2025-11-21;4;1
26;2025-11-21;5;91
26;2025-11-21;6;537
26;2025-11-21;7;1075
26;2025-11-21;8;2187
26;2025-11-21;9;1474
26;2025-11-21;10;1301
26;2025-11-21;11;1182
26;2025-11-21;12;1203
26;2025-11-21;13;1248
26;2025-11-21;14;1341
26;2025-11-21;15;1483
26;2025-11-21;16;1764
26;2025-11-21;17;1797
26;2025-11-21;18;1423
26;2025-11-21;19;1101
26;2025-11-21;20;754
26;2025-11-21;21;483
26;2025-11-21;22;223
26;2025-11-21;23;158
26;2025-11-22;0;46
26;2025-11-22;1;3
26;2025-11-22;2;0
26;2025-11-22;3;0
26;2025-11-22;4;2
26;2025-11-22;5;46
26;2025-11-22;6;266
26;2025-11-22;7;377
26;2025-11-22;8;612
26;2025-11-22;9;693
26;2025-11-22;10;859
26;2025-11-22;11;1047
26;2025-11-22;12;1114
26;2025-11-22;13;1109
26;2025-11-22;14;1134
26;2025-11-22;15;1038
26;2025-11-22;16;1075
26;2025-11-22;17;951
26;2025-11-22;18;899
26;2025-11-22;19;775
26;2025-11-22;20;565
26;2025-11-22;21;378
26;2025-11-22;22;220
26;2025-11-22;23;158
26;2025-11-23;0;53
26;2025-11-23;1;5
26;2025-11-23;2;0
26;2025-11-23;3;0
26;2025-11-23;4;2
26;2025-11-23;5;32
26;2025-11-23;6;170
26;2025-11-23;7;259
26;2025-11-23;8;407
26;2025-11-23;9;571
26;2025-11-23;10;650
26;2025-11-23;11;913
26;2025-11-23;12;916
26;2025-11-23;13;991
26;2025-11-23;14;954
26;2025-11-23;15;882
26;2025-11-23;16;852
26;2025-11-23;17;837
26;2025-11-23;18;759
26;2025-11-23;19;571
26;2025-11-23;20;442
26;2025-11-23;21;314
26;2025-11-23;22;203
26;2025-11-23;23;119
26;2025-11-24;0;31
26;2025-11-24;1;2
26;2025-11-24;2;0
26;2025-11-24;3;0
26;2025-11-24;4;2
26;2025-11-24;5;95
26;2025-11-24;6;507
26;2025-11-24;7;1114
26;2025-11-24;8;2211
26;2025-11-24;9;1480
26;2025-11-24;10;1264
26;2025-11-24;11;1142
26;2025-11-24;12;1186
26;2025-11-24;13;1225
26;2025-11-24;14;1294
26;2025-11-24;15;1394
26;2025-11-24;16;1542
26;2025-11-24;17;1702
26;2025-11-24;18;1895
26;2025-11-24;19;1271
26;2025-11-24;20;795
26;2025-11-24;21;495
26;2025-11-24;22;223
26;2025-11-24;23;120
26;2025-11-25;0;32
26;2025-11-25;1;2
26;2025-11-25;2;0
26;2025-11-25;3;0
26;2025-11-25;4;2
26;2025-11-25;5;98
26;2025-11-25;6;521
26;2025-11-25;7;1144
26;2025-11-25;8;2272
26;2025-11-25;9;1521
26;2025-11-25;10;1299
26;2025-11-25;11;1173
26;2025-11-25;12;1219
26;2025-11-25;13;1258
26;2025-11-25;14;1330
26;2025-11-25;15;1432
26;2025-11-25;16;1584
26;2025-11-25;17;1749
26;2025-11-25;18;1948
26;2025-11-25;19;1306
26;2025-11-25;20;817
26;2025-11-25;21;508
26;2025-11-25;22;229
26;2025-11-25;23;123
26;2025-11-26;0;32
26;2025-11-26;1;2
26;2025-11-26;2;0
26;2025-11-26;3;0
26;2025-11-26;4;2
26;2025-11-26;5;98
26;2025-11-26;6;521
26;2025-11-26;7;1144
26;2025-11-26;8;2272
26;2025-11-26;9;1521
26;2025-11-26;10;1299
26;2025-11-26;11;1173
26;2025-11-26;12;1219
26;2025-11-26;13;1258
26;2025-11-26;14;1330
26;2025-11-26;15;1432
26;2025-11-26;16;1584
26;2025-11-26;17;1749
26;2025-11-26;18;1948
26;2025-11-26;19;1306
26;2025-11-26;20;817
26;2025-11-26;21;508
26;2025-11-26;22;229
26;2025-11-26;23;123
26;2025-11-27;0;32
26;2025-11-27;1;2
26;2025-11-27;2;0
26;2025-11-27;3;0
26;2025-11-27;4;2
26;2025-11-27;5;98
26;2025-11-27;6;521
26;2025-11-27;7;1144
26;2025-11-27;8;2272
26;2025-11-27;9;1521
26;2025-11-27;10;1299
26;2025-11-27;11;1173
26;2025-11-27;12;1219
26;2025-11-27;13;1258
26;2025-11-27;14;1330
26;2025-11-27;15;1432
26;2025-11-27;16;1584
26;2025-11-27;17;1749
26;2025-11-27;18;1948
26;2025-11-27;19;1306
26;2025-11-27;20;817
26;2025-11-27;21;508
26;2025-11-27;22;229
26;2025-11-27;23;123
26;2025-11-28;0;32
26;2025-11-28;1;2
26;2025-11-28;2;0
26;2025-11-28;3;0
26;2025-11-28;4;1
26;2025-11-28;5;91
26;2025-11-28;6;537
26;2025-11-28;7;1075
26;2025-11-28;8;2187
26;2025-11-28;9;1474
26;2025-11-28;10;1301
26;2025-11-28;11;1182
26;2025-11-28;12;1203
26;2025-11-28;13;1248
26;2025-11-28;14;1341
26;2025-11-28;15;1483
26;2025-11-28;16;1764
26;2025-11-28;17;1797
26;2025-11-28;18;1423
26;2025-11-28;19;1101
26;2025-11-28;20;754
26;2025-11-28;21;483
26;2025-11-28;22;223
26;2025-11-28;23;158
26;2025-11-29;0;46
26;2025-11-29;1;3
26;2025-11-29;2;0
26;2025-11-29;3;0
26;2025-11-29;4;2
26;2025-11-29;5;46
26;2025-11-29;6;266
26;2025-11-29;7;377
26;2025-11-29;8;612
26;2025-11-29;9;693
26;2025-11-29;10;859
26;2025-11-29;11;1047
26;2025-11-29;12;1114
26;2025-11-29;13;1109
26;2025-11-29;14;1134
26;2025-11-29;15;1038
26;2025-11-29;16;1075
26;2025-11-29;17;951
26;2025-11-29;18;899
26;2025-11-29;19;775
26;2025-11-29;20;565
26;2025-11-29;21;378
26;2025-11-29;22;220
26;2025-11-29;23;158
26;2025-11-30;0;53
26;2025-11-30;1;5
26;2025-11-30;2;0
26;2025-11-30;3;0
26;2025-11-30;4;2
26;2025-11-30;5;32
26;2025-11-30;6;170
26;2025-11-30;7;259
26;2025-11-30;8;407
26;2025-11-30;9;571
26;2025-11-30;10;650
26;2025-11-30;11;913
26;2025-11-30;12;916
26;2025-11-30;13;991
26;2025-11-30;14;954
26;2025-11-30;15;882
26;2025-11-30;16;852
26;2025-11-30;17;837
26;2025-11-30;18;759
26;2025-11-30;19;571
26;2025-11-30;20;442
26;2025-11-30;21;314
26;2025-11-30;22;203
26;2025-11-30;23;119
26;2025-12-01;0;31
26;2025-12-01;1;2
26;2025-12-01;2;0
26;2025-12-01;3;0
26;2025-12-01;4;2
26;2025-12-01;5;95
26;2025-12-01;6;515
26;2025-12-01;7;1115
26;2025-12-01;8;2198
26;2025-12-01;9;1482
26;2025-12-01;10;1263
26;2025-12-01;11;1143
26;2025-12-01;12;1184
26;2025-12-01;13;1228
26;2025-12-01;14;1279
26;2025-12-01;15;1388
26;2025-12-01;16;1546
26;2025-12-01;17;1702
26;2025-12-01;18;1900
26;2025-12-01;19;1280
26;2025-12-01;20;800
26;2025-12-01;21;491
26;2025-12-01;22;226
26;2025-12-01;23;119
26;2025-12-02;0;32
26;2025-12-02;1;2
26;2025-12-02;2;0
26;2025-12-02;3;0
26;2025-12-02;4;2
26;2025-12-02;5;97
26;2025-12-02;6;529
26;2025-12-02;7;1146
26;2025-12-02;8;2259
26;2025-12-02;9;1523
26;2025-12-02;10;1298
26;2025-12-02;11;1174
26;2025-12-02;12;1217
26;2025-12-02;13;1261
26;2025-12-02;14;1314
26;2025-12-02;15;1426
26;2025-12-02;16;1589
26;2025-12-02;17;1749
26;2025-12-02;18;1953
26;2025-12-02;19;1315
26;2025-12-02;20;822
26;2025-12-02;21;504
26;2025-12-02;22;232
26;2025-12-02;23;122
26;2025-12-03;0;32
26;2025-12-03;1;2
26;2025-12-03;2;0
26;2025-12-03;3;0
26;2025-12-03;4;2
26;2025-12-03;5;97
26;2025-12-03;6;529
26;2025-12-03;7;1146
26;2025-12-03;8;2259
26;2025-12-03;9;1523
26;2025-12-03;10;1298
26;2025-12-03;11;1174
26;2025-12-03;12;1217
26;2025-12-03;13;1261
26;2025-12-03;14;1314
26;2025-12-03;15;1426
26;2025-12-03;16;1589
26;2025-12-03;17;1749
26;2025-12-03;18;1953
26;2025-12-03;19;1315
26;2025-12-03;20;822
26;2025-12-03;21;504
26;2025-12-03;22;232
26;2025-12-03;23;122
26;2025-12-04;0;32
26;2025-12-04;1;2
26;2025-12-04;2;0
26;2025-12-04;3;0
26;2025-12-04;4;2
26;2025-12-04;5;97
26;2025-12-04;6;529
26;2025-12-04;7;1146
26;2025-12-04;8;2259
26;2025-12-04;9;1523
26;2025-12-04;10;1298
26;2025-12-04;11;1174
26;2025-12-04;12;1217
26;2025-12-04;13;1261
26;2025-12-04;14;1314
26;2025-12-04;15;1426
26;2025-12-04;16;1589
26;2025-12-04;17;1749
26;2025-12-04;18;1953
26;2025-12-04;19;1315
26;2025-12-04;20;822
26;2025-12-04;21;504
26;2025-12-04;22;232
26;2025-12-04;23;122
26;2025-12-05;0;32
26;2025-12-05;1;2
26;2025-12-05;2;0
26;2025-12-05;3;0
26;2025-12-05;4;1
26;2025-12-05;5;92
26;2025-12-05;6;542
26;2025-12-05;7;1077
26;2025-12-05;8;2163
26;2025-12-05;9;1479
26;2025-12-05;10;1294
26;2025-12-05;11;1180
26;2025-12-05;12;1206
26;2025-12-05;13;1254
26;2025-12-05;14;1317
26;2025-12-05;15;1490
26;2025-12-05;16;1763
26;2025-12-05;17;1790
26;2025-12-05;18;1440
26;2025-12-05;19;1111
26;2025-12-05;20;765
26;2025-12-05;21;480
26;2025-12-05;22;225
26;2025-12-05;23;157
26;2025-12-06;0;45
26;2025-12-06;1;3
26;2025-12-06;2;0
26;2025-12-06;3;0
26;2025-12-06;4;2
26;2025-12-06;5;45
26;2025-12-06;6;272
26;2025-12-06;7;378
26;2025-12-06;8;611
26;2025-12-06;9;698
26;2025-12-06;10;859
26;2025-12-06;11;1052
26;2025-12-06;12;1115
26;2025-12-06;13;1115
26;2025-12-06;14;1134
26;2025-12-06;15;1042
26;2025-12-06;16;1076
26;2025-12-06;17;954
26;2025-12-06;18;905
26;2025-12-06;19;779
26;2025-12-06;20;567
26;2025-12-06;21;381
26;2025-12-06;22;223
26;2025-12-06;23;158
26;2025-12-07;0;53
26;2025-12-07;1;5
26;2025-12-07;2;0
26;2025-12-07;3;0
26;2025-12-07;4;2
26;2025-12-07;5;34
26;2025-12-07;6;170
26;2025-12-07;7;256
26;2025-12-07;8;409
26;2025-12-07;9;576
26;2025-12-07;10;653
26;2025-12-07;11;918
26;2025-12-07;12;924
26;2025-12-07;13;1001
26;2025-12-07;14;960
26;2025-12-07;15;890
26;2025-12-07;16;861
26;2025-12-07;17;845
26;2025-12-07;18;767
26;2025-12-07;19;581
26;2025-12-07;20;444
26;2025-12-07;21;317
26;2025-12-07;22;210
26;2025-12-07;23;120
26;2025-12-08;0;31
26;2025-12-08;1;2
26;2025-12-08;2;0
26;2025-12-08;3;0
26;2025-12-08;4;2
26;2025-12-08;5;95
26;2025-12-08;6;515
26;2025-12-08;7;1115
26;2025-12-08;8;2198
26;2025-12-08;9;1482
26;2025-12-08;10;1263
26;2025-12-08;11;1143
26;2025-12-08;12;1184
26;2025-12-08;13;1228
26;2025-12-08;14;1279
26;2025-12-08;15;1388
26;2025-12-08;16;1546
26;2025-12-08;17;1702
26;2025-12-08;18;1900
26;2025-12-08;19;1280
26;2025-12-08;20;800
26;2025-12-08;21;491
26;2025-12-08;22;226
26;2025-12-08;23;119
26;2025-12-09;0;32
26;2025-12-09;1;2
26;2025-12-09;2;0
26;2025-12-09;3;0
26;2025-12-09;4;2
26;2025-12-09;5;97
26;2025-12-09;6;529
26;2025-12-09;7;1146
26;2025-12-09;8;2259
26;2025-12-09;9;1523
26;2025-12-09;10;1298
26;2025-12-09;11;1174
26;2025-12-09;12;1217
26;2025-12-09;13;1261
26;2025-12-09;14;1314
26;2025-12-09;15;1426
26;2025-12-09;16;1589
26;2025-12-09;17;1749
26;2025-12-09;18;1953
26;2025-12-09;19;1315
26;2025-12-09;20;822
26;2025-12-09;21;504
26;2025-12-09;22;232
26;2025-12-09;23;122
26;2025-12-10;0;32
26;2025-12-10;1;2
26;2025-12-10;2;0
26;2025-12-10;3;0
26;2025-12-10;4;2
26;2025-12-10;5;97
26;2025-12-10;6;529
26;2025-12-10;7;1146
26;2025-12-10;8;2259
26;2025-12-10;9;1523
26;2025-12-10;10;1298
26;2025-12-10;11;1174
26;2025-12-10;12;1217
26;2025-12-10;13;1261
26;2025-12-10;14;1314
26;2025-12-10;15;1426
26;2025-12-10;16;1589
26;2025-12-10;17;1749
26;2025-12-10;18;1953
26;2025-12-10;19;1315
26;2025-12-10;20;822
26;2025-12-10;21;504
26;2025-12-10;22;232
26;2025-12-10;23;122
26;2025-12-11;0;32
26;2025-12-11;1;2
26;2025-12-11;2;0
26;2025-12-11;3;0
26;2025-12-11;4;2
26;2025-12-11;5;97
26;2025-12-11;6;529
26;2025-12-11;7;1146
26;2025-12-11;8;2259
26;2025-12-11;9;1523
26;2025-12-11;10;1298
26;2025-12-11;11;1174
26;2025-12-11;12;1217
26;2025-12-11;13;1261
26;2025-12-11;14;1314
26;2025-12-11;15;1426
26;2025-12-11;16;1589
26;2025-12-11;17;1749
26;2025-12-11;18;1953
26;2025-12-11;19;1315
26;2025-12-11;20;822
26;2025-12-11;21;504
26;2025-12-11;22;232
26;2025-12-11;23;122
26;2025-12-12;0;32
26;2025-12-12;1;2
26;2025-12-12;2;0
26;2025-12-12;3;0
26;2025-12-12;4;1
26;2025-12-12;5;92
26;2025-12-12;6;542
26;2025-12-12;7;1077
26;2025-12-12;8;2163
26;2025-12-12;9;1479
26;2025-12-12;10;1294
26;2025-12-12;11;1180
26;2025-12-12;12;1206
26;2025-12-12;13;1254
26;2025-12-12;14;1317
26;2025-12-12;15;1490
26;2025-12-12;16;1763
26;2025-12-12;17;1790
26;2025-12-12;18;1440
26;2025-12-12;19;1111
26;2025-12-12;20;765
26;2025-12-12;21;480
26;2025-12-12;22;225
26;2025-12-12;23;157
26;2025-12-13;0;45
26;2025-12-13;1;3
26;2025-12-13;2;0
26;2025-12-13;3;0
26;2025-12-13;4;2
26;2025-12-13;5;45
26;2025-12-13;6;272
26;2025-12-13;7;378
26;2025-12-13;8;611
26;2025-12-13;9;698
26;2025-12-13;10;859
26;2025-12-13;11;1052
26;2025-12-13;12;1115
26;2025-12-13;13;1115
26;2025-12-13;14;1134
26;2025-12-13;15;1042
26;2025-12-13;16;1076
26;2025-12-13;17;954
26;2025-12-13;18;905
26;2025-12-13;19;779
26;2025-12-13;20;567
26;2025-12-13;21;381
26;2025-12-13;22;223
26;2025-12-13;23;158
26;2025-12-14;0;53
26;2025-12-14;1;5
26;2025-12-14;2;0
26;2025-12-14;3;0
26;2025-12-14;4;2
26;2025-12-14;5;34
26;2025-12-14;6;170
26;2025-12-14;7;256
26;2025-12-14;8;409
26;2025-12-14;9;576
26;2025-12-14;10;653
26;2025-12-14;11;918
26;2025-12-14;12;924
26;2025-12-14;13;1001
26;2025-12-14;14;960
26;2025-12-14;15;890
26;2025-12-14;16;861
26;2025-12-14;17;845
26;2025-12-14;18;767
26;2025-12-14;19;581
26;2025-12-14;20;444
26;2025-12-14;21;317
26;2025-12-14;22;210
26;2025-12-14;23;120
26;2025-12-15;0;31
26;2025-12-15;1;2
26;2025-12-15;2;0
26;2025-12-15;3;0
26;2025-12-15;4;2
26;2025-12-15;5;95
26;2025-12-15;6;515
26;2025-12-15;7;1115
26;2025-12-15;8;2198
26;2025-12-15;9;1482
26;2025-12-15;10;1263
26;2025-12-15;11;1143
26;2025-12-15;12;1184
26;2025-12-15;13;1228
26;2025-12-15;14;1279
26;2025-12-15;15;1388
26;2025-12-15;16;1546
26;2025-12-15;17;1702
26;2025-12-15;18;1900
26;2025-12-15;19;1280
26;2025-12-15;20;800
26;2025-12-15;21;491
26;2025-12-15;22;226
26;2025-12-15;23;119
26;2025-12-16;0;32
26;2025-12-16;1;2
26;2025-12-16;2;0
26;2025-12-16;3;0
26;2025-12-16;4;2
26;2025-12-16;5;97
26;2025-12-16;6;529
26;2025-12-16;7;1146
26;2025-12-16;8;2259
26;2025-12-16;9;1523
26;2025-12-16;10;1298
26;2025-12-16;11;1174
26;2025-12-16;12;1217
26;2025-12-16;13;1261
26;2025-12-16;14;1314
26;2025-12-16;15;1426
26;2025-12-16;16;1589
26;2025-12-16;17;1749
26;2025-12-16;18;1953
26;2025-12-16;19;1315
26;2025-12-16;20;822
26;2025-12-16;21;504
26;2025-12-16;22;232
26;2025-12-16;23;122
26;2025-12-17;0;32
26;2025-12-17;1;2
26;2025-12-17;2;0
26;2025-12-17;3;0
26;2025-12-17;4;2
26;2025-12-17;5;97
26;2025-12-17;6;529
26;2025-12-17;7;1146
26;2025-12-17;8;2259
26;2025-12-17;9;1523
26;2025-12-17;10;1298
26;2025-12-17;11;1174
26;2025-12-17;12;1217
26;2025-12-17;13;1261
26;2025-12-17;14;1314
26;2025-12-17;15;1426
26;2025-12-17;16;1589
26;2025-12-17;17;1749
26;2025-12-17;18;1953
26;2025-12-17;19;1315
26;2025-12-17;20;822
26;2025-12-17;21;504
26;2025-12-17;22;232
26;2025-12-17;23;122
26;2025-12-18;0;32
26;2025-12-18;1;2
26;2025-12-18;2;0
26;2025-12-18;3;0
26;2025-12-18;4;2
26;2025-12-18;5;97
26;2025-12-18;6;529
26;2025-12-18;7;1146
26;2025-12-18;8;2259
26;2025-12-18;9;1523
26;2025-12-18;10;1298
26;2025-12-18;11;1174
26;2025-12-18;12;1217
26;2025-12-18;13;1261
26;2025-12-18;14;1314
26;2025-12-18;15;1426
26;2025-12-18;16;1589
26;2025-12-18;17;1749
26;2025-12-18;18;1953
26;2025-12-18;19;1315
26;2025-12-18;20;822
26;2025-12-18;21;504
26;2025-12-18;22;232
26;2025-12-18;23;122
26;2025-12-19;0;32
26;2025-12-19;1;2
26;2025-12-19;2;0
26;2025-12-19;3;0
26;2025-12-19;4;1
26;2025-12-19;5;92
26;2025-12-19;6;542
26;2025-12-19;7;1077
26;2025-12-19;8;2163
26;2025-12-19;9;1479
26;2025-12-19;10;1294
26;2025-12-19;11;1180
26;2025-12-19;12;1206
26;2025-12-19;13;1254
26;2025-12-19;14;1317
26;2025-12-19;15;1490
26;2025-12-19;16;1763
26;2025-12-19;17;1790
26;2025-12-19;18;1440
26;2025-12-19;19;1111
26;2025-12-19;20;765
26;2025-12-19;21;480
26;2025-12-19;22;225
26;2025-12-19;23;157
26;2025-12-20;0;45
26;2025-12-20;1;3
26;2025-12-20;2;0
26;2025-12-20;3;0
26;2025-12-20;4;2
26;2025-12-20;5;45
26;2025-12-20;6;272
26;2025-12-20;7;378
26;2025-12-20;8;611
26;2025-12-20;9;698
26;2025-12-20;10;859
26;2025-12-20;11;1052
26;2025-12-20;12;1115
26;2025-12-20;13;1115
26;2025-12-20;14;1134
26;2025-12-20;15;1042
26;2025-12-20;16;1076
26;2025-12-20;17;954
26;2025-12-20;18;905
26;2025-12-20;19;779
26;2025-12-20;20;567
26;2025-12-20;21;381
26;2025-12-20;22;223
26;2025-12-20;23;158
26;2025-12-21;0;53
26;2025-12-21;1;5
26;2025-12-21;2;0
26;2025-12-21;3;0
26;2025-12-21;4;2
26;2025-12-21;5;34
26;2025-12-21;6;170
26;2025-12-21;7;256
26;2025-12-21;8;409
26;2025-12-21;9;576
26;2025-12-21;10;653
26;2025-12-21;11;918
26;2025-12-21;12;924
26;2025-12-21;13;1001
26;2025-12-21;14;960
26;2025-12-21;15;890
26;2025-12-21;16;861
26;2025-12-21;17;845
26;2025-12-21;18;767
26;2025-12-21;19;581
26;2025-12-21;20;444
26;2025-12-21;21;317
26;2025-12-21;22;210
26;2025-12-21;23;120
26;2025-12-22;0;31
26;2025-12-22;1;2
26;2025-12-22;2;0
26;2025-12-22;3;0
26;2025-12-22;4;2
26;2025-12-22;5;95
26;2025-12-22;6;515
26;2025-12-22;7;1115
26;2025-12-22;8;2198
26;2025-12-22;9;1482
26;2025-12-22;10;1263
26;2025-12-22;11;1143
26;2025-12-22;12;1184
26;2025-12-22;13;1228
26;2025-12-22;14;1279
26;2025-12-22;15;1388
26;2025-12-22;16;1546
26;2025-12-22;17;1702
26;2025-12-22;18;1900
26;2025-12-22;19;1280
26;2025-12-22;20;800
26;2025-12-22;21;491
26;2025-12-22;22;226
26;2025-12-22;23;119
26;2025-12-23;0;32
26;2025-12-23;1;2
26;2025-12-23;2;0
26;2025-12-23;3;0
26;2025-12-23;4;2
26;2025-12-23;5;97
26;2025-12-23;6;529
26;2025-12-23;7;1146
26;2025-12-23;8;2259
26;2025-12-23;9;1523
26;2025-12-23;10;1298
26;2025-12-23;11;1174
26;2025-12-23;12;1217
26;2025-12-23;13;1261
26;2025-12-23;14;1314
26;2025-12-23;15;1426
26;2025-12-23;16;1589
26;2025-12-23;17;1749
26;2025-12-23;18;1953
26;2025-12-23;19;1315
26;2025-12-23;20;822
26;2025-12-23;21;504
26;2025-12-23;22;232
26;2025-12-23;23;122
26;2025-12-24;0;32
26;2025-12-24;1;2
26;2025-12-24;2;0
26;2025-12-24;3;0
26;2025-12-24;4;2
26;2025-12-24;5;97
26;2025-12-24;6;529
26;2025-12-24;7;1146
26;2025-12-24;8;2259
26;2025-12-24;9;1523
26;2025-12-24;10;1298
26;2025-12-24;11;1174
26;2025-12-24;12;1217
26;2025-12-24;13;1261
26;2025-12-24;14;1314
26;2025-12-24;15;1426
26;2025-12-24;16;1589
26;2025-12-24;17;1749
26;2025-12-24;18;1953
26;2025-12-24;19;1315
26;2025-12-24;20;822
26;2025-12-24;21;504
26;2025-12-24;22;232
26;2025-12-24;23;122
26;2025-12-25;0;32
26;2025-12-25;1;2
26;2025-12-25;2;0
26;2025-12-25;3;0
26;2025-12-25;4;2
26;2025-12-25;5;97
26;2025-12-25;6;529
26;2025-12-25;7;1146
26;2025-12-25;8;2259
26;2025-12-25;9;1523
26;2025-12-25;10;1298
26;2025-12-25;11;1174
26;2025-12-25;12;1217
26;2025-12-25;13;1261
26;2025-12-25;14;1314
26;2025-12-25;15;1426
26;2025-12-25;16;1589
26;2025-12-25;17;1749
26;2025-12-25;18;1953
26;2025-12-25;19;1315
26;2025-12-25;20;822
26;2025-12-25;21;504
26;2025-12-25;22;232
26;2025-12-25;23;122
26;2025-12-26;0;32
26;2025-12-26;1;2
26;2025-12-26;2;0
26;2025-12-26;3;0
26;2025-12-26;4;1
26;2025-12-26;5;92
26;2025-12-26;6;542
26;2025-12-26;7;1077
26;2025-12-26;8;2163
26;2025-12-26;9;1479
26;2025-12-26;10;1294
26;2025-12-26;11;1180
26;2025-12-26;12;1206
26;2025-12-26;13;1254
26;2025-12-26;14;1317
26;2025-12-26;15;1490
26;2025-12-26;16;1763
26;2025-12-26;17;1790
26;2025-12-26;18;1440
26;2025-12-26;19;1111
26;2025-12-26;20;765
26;2025-12-26;21;480
26;2025-12-26;22;225
26;2025-12-26;23;157
26;2025-12-27;0;45
26;2025-12-27;1;3
26;2025-12-27;2;0
26;2025-12-27;3;0
26;2025-12-27;4;2
26;2025-12-27;5;45
26;2025-12-27;6;272
26;2025-12-27;7;378
26;2025-12-27;8;611
26;2025-12-27;9;698
26;2025-12-27;10;859
26;2025-12-27;11;1052
26;2025-12-27;12;1115
26;2025-12-27;13;1115
26;2025-12-27;14;1134
26;2025-12-27;15;1042
26;2025-12-27;16;1076
26;2025-12-27;17;954
26;2025-12-27;18;905
26;2025-12-27;19;779
26;2025-12-27;20;567
26;2025-12-27;21;381
26;2025-12-27;22;223
26;2025-12-27;23;158
26;2025-12-28;0;53
26;2025-12-28;1;5
26;2025-12-28;2;0
26;2025-12-28;3;0
26;2025-12-28;4;2
26;2025-12-28;5;34
26;2025-12-28;6;170
26;2025-12-28;7;256
26;2025-12-28;8;409
26;2025-12-28;9;576
26;2025-12-28;10;653
26;2025-12-28;11;918
26;2025-12-28;12;924
26;2025-12-28;13;1001
26;2025-12-28;14;960
26;2025-12-28;15;890
26;2025-12-28;16;861
26;2025-12-28;17;845
26;2025-12-28;18;767
26;2025-12-28;19;581
26;2025-12-28;20;444
26;2025-12-28;21;317
26;2025-12-28;22;210
26;2025-12-28;23;120
26;2025-12-29;0;28
26;2025-12-29;1;1
26;2025-12-29;2;0
26;2025-12-29;3;0
26;2025-12-29;4;2
26;2025-12-29;5;85
26;2025-12-29;6;463
26;2025-12-29;7;1003
26;2025-12-29;8;1979
26;2025-12-29;9;1334
26;2025-12-29;10;1137
26;2025-12-29;11;1029
26;2025-12-29;12;1066
26;2025-12-29;13;1105
26;2025-12-29;14;1151
26;2025-12-29;15;1249
26;2025-12-29;16;1392
26;2025-12-29;17;1532
26;2025-12-29;18;1710
26;2025-12-29;19;1152
26;2025-12-29;20;720
26;2025-12-29;21;442
26;2025-12-29;22;203
26;2025-12-29;23;107
26;2025-12-30;0;27
26;2025-12-30;1;1
26;2025-12-30;2;0
26;2025-12-30;3;0
26;2025-12-30;4;2
26;2025-12-30;5;83
26;2025-12-30;6;450
26;2025-12-30;7;974
26;2025-12-30;8;1920
26;2025-12-30;9;1295
26;2025-12-30;10;1103
26;2025-12-30;11;998
26;2025-12-30;12;1034
26;2025-12-30;13;1072
26;2025-12-30;14;1117
26;2025-12-30;15;1212
26;2025-12-30;16;1351
26;2025-12-30;17;1486
26;2025-12-30;18;1660
26;2025-12-30;19;1118
26;2025-12-30;20;699
26;2025-12-30;21;429
26;2025-12-30;22;197
26;2025-12-30;23;104
26;2025-12-31;0;24
26;2025-12-31;1;2
26;2025-12-31;2;0
26;2025-12-31;3;0
26;2025-12-31;4;1
26;2025-12-31;5;24
26;2025-12-31;6;147
26;2025-12-31;7;204
26;2025-12-31;8;330
26;2025-12-31;9;377
26;2025-12-31;10;465
26;2025-12-31;11;569
26;2025-12-31;12;603
26;2025-12-31;13;603
26;2025-12-31;14;613
26;2025-12-31;15;564
26;2025-12-31;16;582
26;2025-12-31;17;516
26;2025-12-31;18;490
26;2025-12-31;19;421
26;2025-12-31;20;30
26;2025-12-31;21;20
26;2025-12-31;22;12
26;2025-12-31;23;8
28;2025-11-01;0;0
28;2025-11-01;1;0
28;2025-11-01;2;0
28;2025-11-01;3;0
28;2025-11-01;4;1
28;2025-11-01;5;68
28;2025-11-01;6;246
28;2025-11-01;7;744
28;2025-11-01;8;1133
28;2025-11-01;9;761
28;2025-11-01;10;596
28;2025-11-01;11;543
28;2025-11-01;12;679
28;2025-11-01;13;687
28;2025-11-01;14;666
28;2025-11-01;15;683
28;2025-11-01;16;924
28;2025-11-01;17;903
28;2025-11-01;18;764
28;2025-11-01;19;562
28;2025-11-01;20;430
28;2025-11-01;21;294
28;2025-11-01;22;132
28;2025-11-01;23;20
28;2025-11-02;0;1
28;2025-11-02;1;0
28;2025-11-02;2;0
28;2025-11-02;3;0
28;2025-11-02;4;0
28;2025-11-02;5;31
28;2025-11-02;6;84
28;2025-11-02;7;155
28;2025-11-02;8;256
28;2025-11-02;9;349
28;2025-11-02;10;405
28;2025-11-02;11;444
28;2025-11-02;12;479
28;2025-11-02;13;573
28;2025-11-02;14;538
28;2025-11-02;15;547
28;2025-11-02;16;505
28;2025-11-02;17;514
28;2025-11-02;18;429
28;2025-11-02;19;380
28;2025-11-02;20;310
28;2025-11-02;21;245
28;2025-11-02;22;115
28;2025-11-02;23;13
28;2025-11-03;0;1
28;2025-11-03;1;0
28;2025-11-03;2;0
28;2025-11-03;3;0
28;2025-11-03;4;1
28;2025-11-03;5;30
28;2025-11-03;6;81
28;2025-11-03;7;164
28;2025-11-03;8;275
28;2025-11-03;9;354
28;2025-11-03;10;399
28;2025-11-03;11;424
28;2025-11-03;12;475
28;2025-11-03;13;526
28;2025-11-03;14;502
28;2025-11-03;15;507
28;2025-11-03;16;486
28;2025-11-03;17;475
28;2025-11-03;18;407
28;2025-11-03;19;339
28;2025-11-03;20;268
28;2025-11-03;21;227
28;2025-11-03;22;102
28;2025-11-03;23;12
28;2025-11-04;0;1
28;2025-11-04;1;0
28;2025-11-04;2;0
28;2025-11-04;3;0
28;2025-11-04;4;1
28;2025-11-04;5;30
28;2025-11-04;6;81
28;2025-11-04;7;164
28;2025-11-04;8;275
28;2025-11-04;9;354
28;2025-11-04;10;399
28;2025-11-04;11;424
28;2025-11-04;12;475
28;2025-11-04;13;526
28;2025-11-04;14;502
28;2025-11-04;15;507
28;2025-11-04;16;486
28;2025-11-04;17;475
28;2025-11-04;18;407
28;2025-11-04;19;339
28;2025-11-04;20;268
28;2025-11-04;21;227
28;2025-11-04;22;102
28;2025-11-04;23;12
28;2025-11-05;0;3
28;2025-11-05;1;0
28;2025-11-05;2;0
28;2025-11-05;3;0
28;2025-11-05;4;2
28;2025-11-05;5;85
28;2025-11-05;6;284
28;2025-11-05;7;864
28;2025-11-05;8;1349
28;2025-11-05;9;916
28;2025-11-05;10;695
28;2025-11-05;11;617
28;2025-11-05;12;750
28;2025-11-05;13;774
28;2025-11-05;14;711
28;2025-11-05;15;750
28;2025-11-05;16;948
28;2025-11-05;17;1071
28;2025-11-05;18;1053
28;2025-11-05;19;782
28;2025-11-05;20;569
28;2025-11-05;21;348
28;2025-11-05;22;144
28;2025-11-05;23;21
28;2025-11-06;0;3
28;2025-11-06;1;0
28;2025-11-06;2;0
28;2025-11-06;3;0
28;2025-11-06;4;2
28;2025-11-06;5;85
28;2025-11-06;6;284
28;2025-11-06;7;864
28;2025-11-06;8;1349
28;2025-11-06;9;916
28;2025-11-06;10;695
28;2025-11-06;11;617
28;2025-11-06;12;750
28;2025-11-06;13;774
28;2025-11-06;14;711
28;2025-11-06;15;750
28;2025-11-06;16;948
28;2025-11-06;17;1071
28;2025-11-06;18;1053
28;2025-11-06;19;782
28;2025-11-06;20;569
28;2025-11-06;21;348
28;2025-11-06;22;144
28;2025-11-06;23;21
28;2025-11-07;0;2
28;2025-11-07;1;0
28;2025-11-07;2;0
28;2025-11-07;3;0
28;2025-11-07;4;1
28;2025-11-07;5;77
28;2025-11-07;6;279
28;2025-11-07;7;846
28;2025-11-07;8;1288
28;2025-11-07;9;865
28;2025-11-07;10;677
28;2025-11-07;11;617
28;2025-11-07;12;772
28;2025-11-07;13;781
28;2025-11-07;14;757
28;2025-11-07;15;776
28;2025-11-07;16;1051
28;2025-11-07;17;1026
28;2025-11-07;18;868
28;2025-11-07;19;639
28;2025-11-07;20;489
28;2025-11-07;21;334
28;2025-11-07;22;150
28;2025-11-07;23;22
28;2025-11-08;0;1
28;2025-11-08;1;0
28;2025-11-08;2;0
28;2025-11-08;3;0
28;2025-11-08;4;1
28;2025-11-08;5;38
28;2025-11-08;6;103
28;2025-11-08;7;228
28;2025-11-08;8;386
28;2025-11-08;9;474
28;2025-11-08;10;520
28;2025-11-08;11;536
28;2025-11-08;12;623
28;2025-11-08;13;639
28;2025-11-08;14;619
28;2025-11-08;15;622
28;2025-11-08;16;618
28;2025-11-08;17;581
28;2025-11-08;18;510
28;2025-11-08;19;400
28;2025-11-08;20;303
28;2025-11-08;21;279
28;2025-11-08;22;120
28;2025-11-08;23;15
28;2025-11-09;0;1
28;2025-11-09;1;0
28;2025-11-09;2;0
28;2025-11-09;3;0
28;2025-11-09;4;0
28;2025-11-09;5;31
28;2025-11-09;6;84
28;2025-11-09;7;155
28;2025-11-09;8;256
28;2025-11-09;9;349
28;2025-11-09;10;405
28;2025-11-09;11;444
28;2025-11-09;12;479
28;2025-11-09;13;573
28;2025-11-09;14;538
28;2025-11-09;15;547
28;2025-11-09;16;505
28;2025-11-09;17;514
28;2025-11-09;18;429
28;2025-11-09;19;380
28;2025-11-09;20;310
28;2025-11-09;21;245
28;2025-11-09;22;115
28;2025-11-09;23;13
28;2025-11-10;0;3
28;2025-11-10;1;0
28;2025-11-10;2;0
28;2025-11-10;3;0
28;2025-11-10;4;2
28;2025-11-10;5;83
28;2025-11-10;6;276
28;2025-11-10;7;841
28;2025-11-10;8;1313
28;2025-11-10;9;892
28;2025-11-10;10;677
28;2025-11-10;11;600
28;2025-11-10;12;730
28;2025-11-10;13;753
28;2025-11-10;14;692
28;2025-11-10;15;730
28;2025-11-10;16;922
28;2025-11-10;17;1043
28;2025-11-10;18;1024
28;2025-11-10;19;761
28;2025-11-10;20;553
28;2025-11-10;21;339
28;2025-11-10;22;140
28;2025-11-10;23;20
28;2025-11-11;0;3
28;2025-11-11;1;0
28;2025-11-11;2;0
28;2025-11-11;3;0
28;2025-11-11;4;2
28;2025-11-11;5;85
28;2025-11-11;6;284
28;2025-11-11;7;864
28;2025-11-11;8;1349
28;2025-11-11;9;916
28;2025-11-11;10;695
28;2025-11-11;11;617
28;2025-11-11;12;750
28;2025-11-11;13;774
28;2025-11-11;14;711
28;2025-11-11;15;750
28;2025-11-11;16;948
28;2025-11-11;17;1071
28;2025-11-11;18;1053
28;2025-11-11;19;782
28;2025-11-11;20;569
28;2025-11-11;21;348
28;2025-11-11;22;144
28;2025-11-11;23;21
28;2025-11-12;0;3
28;2025-11-12;1;0
28;2025-11-12;2;0
28;2025-11-12;3;0
28;2025-11-12;4;2
28;2025-11-12;5;85
28;2025-11-12;6;284
28;2025-11-12;7;864
28;2025-11-12;8;1349
28;2025-11-12;9;916
28;2025-11-12;10;695
28;2025-11-12;11;617
28;2025-11-12;12;750
28;2025-11-12;13;774
28;2025-11-12;14;711
28;2025-11-12;15;750
28;2025-11-12;16;948
28;2025-11-12;17;1071
28;2025-11-12;18;1053
28;2025-11-12;19;782
28;2025-11-12;20;569
28;2025-11-12;21;348
28;2025-11-12;22;144
28;2025-11-12;23;21
28;2025-11-13;0;3
28;2025-11-13;1;0
28;2025-11-13;2;0
28;2025-11-13;3;0
28;2025-11-13;4;2
28;2025-11-13;5;85
28;2025-11-13;6;284
28;2025-11-13;7;864
28;2025-11-13;8;1349
28;2025-11-13;9;916
28;2025-11-13;10;695
28;2025-11-13;11;617
28;2025-11-13;12;750
28;2025-11-13;13;774
28;2025-11-13;14;711
28;2025-11-13;15;750
28;2025-11-13;16;948
28;2025-11-13;17;1071
28;2025-11-13;18;1053
28;2025-11-13;19;782
28;2025-11-13;20;569
28;2025-11-13;21;348
28;2025-11-13;22;144
28;2025-11-13;23;21
28;2025-11-14;0;2
28;2025-11-14;1;0
28;2025-11-14;2;0
28;2025-11-14;3;0
28;2025-11-14;4;1
28;2025-11-14;5;77
28;2025-11-14;6;279
28;2025-11-14;7;846
28;2025-11-14;8;1288
28;2025-11-14;9;865
28;2025-11-14;10;677
28;2025-11-14;11;617
28;2025-11-14;12;772
28;2025-11-14;13;781
28;2025-11-14;14;757
28;2025-11-14;15;776
28;2025-11-14;16;1051
28;2025-11-14;17;1026
28;2025-11-14;18;868
28;2025-11-14;19;639
28;2025-11-14;20;489
28;2025-11-14;21;334
28;2025-11-14;22;150
28;2025-11-14;23;22
28;2025-11-15;0;1
28;2025-11-15;1;0
28;2025-11-15;2;0
28;2025-11-15;3;0
28;2025-11-15;4;1
28;2025-11-15;5;38
28;2025-11-15;6;103
28;2025-11-15;7;228
28;2025-11-15;8;386
28;2025-11-15;9;474
28;2025-11-15;10;520
28;2025-11-15;11;536
28;2025-11-15;12;623
28;2025-11-15;13;639
28;2025-11-15;14;619
28;2025-11-15;15;622
28;2025-11-15;16;618
28;2025-11-15;17;581
28;2025-11-15;18;510
28;2025-11-15;19;400
28;2025-11-15;20;303
28;2025-11-15;21;279
28;2025-11-15;22;120
28;2025-11-15;23;15
28;2025-11-16;0;1
28;2025-11-16;1;0
28;2025-11-16;2;0
28;2025-11-16;3;0
28;2025-11-16;4;0
28;2025-11-16;5;31
28;2025-11-16;6;84
28;2025-11-16;7;155
28;2025-11-16;8;256
28;2025-11-16;9;349
28;2025-11-16;10;405
28;2025-11-16;11;444
28;2025-11-16;12;479
28;2025-11-16;13;573
28;2025-11-16;14;538
28;2025-11-16;15;547
28;2025-11-16;16;505
28;2025-11-16;17;514
28;2025-11-16;18;429
28;2025-11-16;19;380
28;2025-11-16;20;310
28;2025-11-16;21;245
28;2025-11-16;22;115
28;2025-11-16;23;13
28;2025-11-17;0;3
28;2025-11-17;1;0
28;2025-11-17;2;0
28;2025-11-17;3;0
28;2025-11-17;4;2
28;2025-11-17;5;83
28;2025-11-17;6;276
28;2025-11-17;7;841
28;2025-11-17;8;1313
28;2025-11-17;9;892
28;2025-11-17;10;677
28;2025-11-17;11;600
28;2025-11-17;12;730
28;2025-11-17;13;753
28;2025-11-17;14;692
28;2025-11-17;15;730
28;2025-11-17;16;922
28;2025-11-17;17;1043
28;2025-11-17;18;1024
28;2025-11-17;19;761
28;2025-11-17;20;553
28;2025-11-17;21;339
28;2025-11-17;22;140
28;2025-11-17;23;20
28;2025-11-18;0;3
28;2025-11-18;1;0
28;2025-11-18;2;0
28;2025-11-18;3;0
28;2025-11-18;4;2
28;2025-11-18;5;85
28;2025-11-18;6;284
28;2025-11-18;7;864
28;2025-11-18;8;1349
28;2025-11-18;9;916
28;2025-11-18;10;695
28;2025-11-18;11;617
28;2025-11-18;12;750
28;2025-11-18;13;774
28;2025-11-18;14;711
28;2025-11-18;15;750
28;2025-11-18;16;948
28;2025-11-18;17;1071
28;2025-11-18;18;1053
28;2025-11-18;19;782
28;2025-11-18;20;569
28;2025-11-18;21;348
28;2025-11-18;22;144
28;2025-11-18;23;21
28;2025-11-19;0;3
28;2025-11-19;1;0
28;2025-11-19;2;0
28;2025-11-19;3;0
28;2025-11-19;4;2
28;2025-11-19;5;85
28;2025-11-19;6;284
28;2025-11-19;7;864
28;2025-11-19;8;1349
28;2025-11-19;9;916
28;2025-11-19;10;695
28;2025-11-19;11;617
28;2025-11-19;12;750
28;2025-11-19;13;774
28;2025-11-19;14;711
28;2025-11-19;15;750
28;2025-11-19;16;948
28;2025-11-19;17;1071
28;2025-11-19;18;1053
28;2025-11-19;19;782
28;2025-11-19;20;569
28;2025-11-19;21;348
28;2025-11-19;22;144
28;2025-11-19;23;21
28;2025-11-20;0;3
28;2025-11-20;1;0
28;2025-11-20;2;0
28;2025-11-20;3;0
28;2025-11-20;4;2
28;2025-11-20;5;85
28;2025-11-20;6;284
28;2025-11-20;7;864
28;2025-11-20;8;1349
28;2025-11-20;9;916
28;2025-11-20;10;695
28;2025-11-20;11;617
28;2025-11-20;12;750
28;2025-11-20;13;774
28;2025-11-20;14;711
28;2025-11-20;15;750
28;2025-11-20;16;948
28;2025-11-20;17;1071
28;2025-11-20;18;1053
28;2025-11-20;19;782
28;2025-11-20;20;569
28;2025-11-20;21;348
28;2025-11-20;22;144
28;2025-11-20;23;21
28;2025-11-21;0;2
28;2025-11-21;1;0
28;2025-11-21;2;0
28;2025-11-21;3;0
28;2025-11-21;4;1
28;2025-11-21;5;77
28;2025-11-21;6;279
28;2025-11-21;7;846
28;2025-11-21;8;1288
28;2025-11-21;9;865
28;2025-11-21;10;677
28;2025-11-21;11;617
28;2025-11-21;12;772
28;2025-11-21;13;781
28;2025-11-21;14;757
28;2025-11-21;15;776
28;2025-11-21;16;1051
28;2025-11-21;17;1026
28;2025-11-21;18;868
28;2025-11-21;19;639
28;2025-11-21;20;489
28;2025-11-21;21;334
28;2025-11-21;22;150
28;2025-11-21;23;22
28;2025-11-22;0;1
28;2025-11-22;1;0
28;2025-11-22;2;0
28;2025-11-22;3;0
28;2025-11-22;4;1
28;2025-11-22;5;38
28;2025-11-22;6;103
28;2025-11-22;7;228
28;2025-11-22;8;386
28;2025-11-22;9;474
28;2025-11-22;10;520
28;2025-11-22;11;536
28;2025-11-22;12;623
28;2025-11-22;13;639
28;2025-11-22;14;619
28;2025-11-22;15;622
28;2025-11-22;16;618
28;2025-11-22;17;581
28;2025-11-22;18;510
28;2025-11-22;19;400
28;2025-11-22;20;303
28;2025-11-22;21;279
28;2025-11-22;22;120
28;2025-11-22;23;15
28;2025-11-23;0;1
28;2025-11-23;1;0
28;2025-11-23;2;0
28;2025-11-23;3;0
28;2025-11-23;4;0
28;2025-11-23;5;31
28;2025-11-23;6;84
28;2025-11-23;7;155
28;2025-11-23;8;256
28;2025-11-23;9;349
28;2025-11-23;10;405
28;2025-11-23;11;444
28;2025-11-23;12;479
28;2025-11-23;13;573
28;2025-11-23;14;538
28;2025-11-23;15;547
28;2025-11-23;16;505
28;2025-11-23;17;514
28;2025-11-23;18;429
28;2025-11-23;19;380
28;2025-11-23;20;310
28;2025-11-23;21;245
28;2025-11-23;22;115
28;2025-11-23;23;13
28;2025-11-24;0;3
28;2025-11-24;1;0
28;2025-11-24;2;0
28;2025-11-24;3;0
28;2025-11-24;4;2
28;2025-11-24;5;83
28;2025-11-24;6;276
28;2025-11-24;7;841
28;2025-11-24;8;1313
28;2025-11-24;9;892
28;2025-11-24;10;677
28;2025-11-24;11;600
28;2025-11-24;12;730
28;2025-11-24;13;753
28;2025-11-24;14;692
28;2025-11-24;15;730
28;2025-11-24;16;922
28;2025-11-24;17;1043
28;2025-11-24;18;1024
28;2025-11-24;19;761
28;2025-11-24;20;553
28;2025-11-24;21;339
28;2025-11-24;22;140
28;2025-11-24;23;20
28;2025-11-25;0;3
28;2025-11-25;1;0
28;2025-11-25;2;0
28;2025-11-25;3;0
28;2025-11-25;4;2
28;2025-11-25;5;85
28;2025-11-25;6;284
28;2025-11-25;7;864
28;2025-11-25;8;1349
28;2025-11-25;9;916
28;2025-11-25;10;695
28;2025-11-25;11;617
28;2025-11-25;12;750
28;2025-11-25;13;774
28;2025-11-25;14;711
28;2025-11-25;15;750
28;2025-11-25;16;948
28;2025-11-25;17;1071
28;2025-11-25;18;1053
28;2025-11-25;19;782
28;2025-11-25;20;569
28;2025-11-25;21;348
28;2025-11-25;22;144
28;2025-11-25;23;21
28;2025-11-26;0;3
28;2025-11-26;1;0
28;2025-11-26;2;0
28;2025-11-26;3;0
28;2025-11-26;4;2
28;2025-11-26;5;85
28;2025-11-26;6;284
28;2025-11-26;7;864
28;2025-11-26;8;1349
28;2025-11-26;9;916
28;2025-11-26;10;695
28;2025-11-26;11;617
28;2025-11-26;12;750
28;2025-11-26;13;774
28;2025-11-26;14;711
28;2025-11-26;15;750
28;2025-11-26;16;948
28;2025-11-26;17;1071
28;2025-11-26;18;1053
28;2025-11-26;19;782
28;2025-11-26;20;569
28;2025-11-26;21;348
28;2025-11-26;22;144
28;2025-11-26;23;21
28;2025-11-27;0;3
28;2025-11-27;1;0
28;2025-11-27;2;0
28;2025-11-27;3;0
28;2025-11-27;4;2
28;2025-11-27;5;85
28;2025-11-27;6;284
28;2025-11-27;7;864
28;2025-11-27;8;1349
28;2025-11-27;9;916
28;2025-11-27;10;695
28;2025-11-27;11;617
28;2025-11-27;12;750
28;2025-11-27;13;774
28;2025-11-27;14;711
28;2025-11-27;15;750
28;2025-11-27;16;948
28;2025-11-27;17;1071
28;2025-11-27;18;1053
28;2025-11-27;19;782
28;2025-11-27;20;569
28;2025-11-27;21;348
28;2025-11-27;22;144
28;2025-11-27;23;21
28;2025-11-28;0;2
28;2025-11-28;1;0
28;2025-11-28;2;0
28;2025-11-28;3;0
28;2025-11-28;4;1
28;2025-11-28;5;77
28;2025-11-28;6;279
28;2025-11-28;7;846
28;2025-11-28;8;1288
28;2025-11-28;9;865
28;2025-11-28;10;677
28;2025-11-28;11;617
28;2025-11-28;12;772
28;2025-11-28;13;781
28;2025-11-28;14;757
28;2025-11-28;15;776
28;2025-11-28;16;1051
28;2025-11-28;17;1026
28;2025-11-28;18;868
28;2025-11-28;19;639
28;2025-11-28;20;489
28;2025-11-28;21;334
28;2025-11-28;22;150
28;2025-11-28;23;22
28;2025-11-29;0;1
28;2025-11-29;1;0
28;2025-11-29;2;0
28;2025-11-29;3;0
28;2025-11-29;4;1
28;2025-11-29;5;38
28;2025-11-29;6;103
28;2025-11-29;7;228
28;2025-11-29;8;386
28;2025-11-29;9;474
28;2025-11-29;10;520
28;2025-11-29;11;536
28;2025-11-29;12;623
28;2025-11-29;13;639
28;2025-11-29;14;619
28;2025-11-29;15;622
28;2025-11-29;16;618
28;2025-11-29;17;581
28;2025-11-29;18;510
28;2025-11-29;19;400
28;2025-11-29;20;303
28;2025-11-29;21;279
28;2025-11-29;22;120
28;2025-11-29;23;15
28;2025-11-30;0;1
28;2025-11-30;1;0
28;2025-11-30;2;0
28;2025-11-30;3;0
28;2025-11-30;4;0
28;2025-11-30;5;31
28;2025-11-30;6;84
28;2025-11-30;7;155
28;2025-11-30;8;256
28;2025-11-30;9;349
28;2025-11-30;10;405
28;2025-11-30;11;444
28;2025-11-30;12;479
28;2025-11-30;13;573
28;2025-11-30;14;538
28;2025-11-30;15;547
28;2025-11-30;16;505
28;2025-11-30;17;514
28;2025-11-30;18;429
28;2025-11-30;19;380
28;2025-11-30;20;310
28;2025-11-30;21;245
28;2025-11-30;22;115
28;2025-11-30;23;13
28;2025-12-01;0;3
28;2025-12-01;1;0
28;2025-12-01;2;0
28;2025-12-01;3;0
28;2025-12-01;4;2
28;2025-12-01;5;83
28;2025-12-01;6;279
28;2025-12-01;7;847
28;2025-12-01;8;1310
28;2025-12-01;9;899
28;2025-12-01;10;681
28;2025-12-01;11;601
28;2025-12-01;12;726
28;2025-12-01;13;754
28;2025-12-01;14;689
28;2025-12-01;15;729
28;2025-12-01;16;917
28;2025-12-01;17;1037
28;2025-12-01;18;1021
28;2025-12-01;19;759
28;2025-12-01;20;553
28;2025-12-01;21;338
28;2025-12-01;22;143
28;2025-12-01;23;22
28;2025-12-02;0;3
28;2025-12-02;1;0
28;2025-12-02;2;0
28;2025-12-02;3;0
28;2025-12-02;4;2
28;2025-12-02;5;85
28;2025-12-02;6;287
28;2025-12-02;7;871
28;2025-12-02;8;1346
28;2025-12-02;9;924
28;2025-12-02;10;700
28;2025-12-02;11;618
28;2025-12-02;12;746
28;2025-12-02;13;775
28;2025-12-02;14;708
28;2025-12-02;15;749
28;2025-12-02;16;942
28;2025-12-02;17;1065
28;2025-12-02;18;1050
28;2025-12-02;19;780
28;2025-12-02;20;568
28;2025-12-02;21;347
28;2025-12-02;22;147
28;2025-12-02;23;23
28;2025-12-03;0;3
28;2025-12-03;1;0
28;2025-12-03;2;0
28;2025-12-03;3;0
28;2025-12-03;4;2
28;2025-12-03;5;85
28;2025-12-03;6;287
28;2025-12-03;7;871
28;2025-12-03;8;1346
28;2025-12-03;9;924
28;2025-12-03;10;700
28;2025-12-03;11;618
28;2025-12-03;12;746
28;2025-12-03;13;775
28;2025-12-03;14;708
28;2025-12-03;15;749
28;2025-12-03;16;942
28;2025-12-03;17;1065
28;2025-12-03;18;1050
28;2025-12-03;19;780
28;2025-12-03;20;568
28;2025-12-03;21;347
28;2025-12-03;22;147
28;2025-12-03;23;23
28;2025-12-04;0;3
28;2025-12-04;1;0
28;2025-12-04;2;0
28;2025-12-04;3;0
28;2025-12-04;4;2
28;2025-12-04;5;85
28;2025-12-04;6;287
28;2025-12-04;7;871
28;2025-12-04;8;1346
28;2025-12-04;9;924
28;2025-12-04;10;700
28;2025-12-04;11;618
28;2025-12-04;12;746
28;2025-12-04;13;775
28;2025-12-04;14;708
28;2025-12-04;15;749
28;2025-12-04;16;942
28;2025-12-04;17;1065
28;2025-12-04;18;1050
28;2025-12-04;19;780
28;2025-12-04;20;568
28;2025-12-04;21;347
28;2025-12-04;22;147
28;2025-12-04;23;23
28;2025-12-05;0;2
28;2025-12-05;1;0
28;2025-12-05;2;0
28;2025-12-05;3;0
28;2025-12-05;4;1
28;2025-12-05;5;77
28;2025-12-05;6;278
28;2025-12-05;7;842
28;2025-12-05;8;1279
28;2025-12-05;9;868
28;2025-12-05;10;680
28;2025-12-05;11;614
28;2025-12-05;12;760
28;2025-12-05;13;786
28;2025-12-05;14;759
28;2025-12-05;15;778
28;2025-12-05;16;1060
28;2025-12-05;17;1029
28;2025-12-05;18;865
28;2025-12-05;19;635
28;2025-12-05;20;497
28;2025-12-05;21;331
28;2025-12-05;22;153
28;2025-12-05;23;23
28;2025-12-06;0;1
28;2025-12-06;1;0
28;2025-12-06;2;0
28;2025-12-06;3;0
28;2025-12-06;4;1
28;2025-12-06;5;37
28;2025-12-06;6;102
28;2025-12-06;7;227
28;2025-12-06;8;381
28;2025-12-06;9;475
28;2025-12-06;10;520
28;2025-12-06;11;537
28;2025-12-06;12;622
28;2025-12-06;13;641
28;2025-12-06;14;626
28;2025-12-06;15;620
28;2025-12-06;16;615
28;2025-12-06;17;580
28;2025-12-06;18;511
28;2025-12-06;19;403
28;2025-12-06;20;304
28;2025-12-06;21;281
28;2025-12-06;22;122
28;2025-12-06;23;15
28;2025-12-07;0;1
28;2025-12-07;1;0
28;2025-12-07;2;0
28;2025-12-07;3;0
28;2025-12-07;4;1
28;2025-12-07;5;31
28;2025-12-07;6;85
28;2025-12-07;7;152
28;2025-12-07;8;255
28;2025-12-07;9;346
28;2025-12-07;10;401
28;2025-12-07;11;440
28;2025-12-07;12;479
28;2025-12-07;13;571
28;2025-12-07;14;535
28;2025-12-07;15;546
28;2025-12-07;16;507
28;2025-12-07;17;515
28;2025-12-07;18;427
28;2025-12-07;19;377
28;2025-12-07;20;309
28;2025-12-07;21;244
28;2025-12-07;22;115
28;2025-12-07;23;13
28;2025-12-08;0;3
28;2025-12-08;1;0
28;2025-12-08;2;0
28;2025-12-08;3;0
28;2025-12-08;4;2
28;2025-12-08;5;83
28;2025-12-08;6;279
28;2025-12-08;7;847
28;2025-12-08;8;1310
28;2025-12-08;9;899
28;2025-12-08;10;681
28;2025-12-08;11;601
28;2025-12-08;12;726
28;2025-12-08;13;754
28;2025-12-08;14;689
28;2025-12-08;15;729
28;2025-12-08;16;917
28;2025-12-08;17;1037
28;2025-12-08;18;1021
28;2025-12-08;19;759
28;2025-12-08;20;553
28;2025-12-08;21;338
28;2025-12-08;22;143
28;2025-12-08;23;22
28;2025-12-09;0;3
28;2025-12-09;1;0
28;2025-12-09;2;0
28;2025-12-09;3;0
28;2025-12-09;4;2
28;2025-12-09;5;85
28;2025-12-09;6;287
28;2025-12-09;7;871
28;2025-12-09;8;1346
28;2025-12-09;9;924
28;2025-12-09;10;700
28;2025-12-09;11;618
28;2025-12-09;12;746
28;2025-12-09;13;775
28;2025-12-09;14;708
28;2025-12-09;15;749
28;2025-12-09;16;942
28;2025-12-09;17;1065
28;2025-12-09;18;1050
28;2025-12-09;19;780
28;2025-12-09;20;568
28;2025-12-09;21;347
28;2025-12-09;22;147
28;2025-12-09;23;23
28;2025-12-10;0;3
28;2025-12-10;1;0
28;2025-12-10;2;0
28;2025-12-10;3;0
28;2025-12-10;4;2
28;2025-12-10;5;85
28;2025-12-10;6;287
28;2025-12-10;7;871
28;2025-12-10;8;1346
28;2025-12-10;9;924
28;2025-12-10;10;700
28;2025-12-10;11;618
28;2025-12-10;12;746
28;2025-12-10;13;775
28;2025-12-10;14;708
28;2025-12-10;15;749
28;2025-12-10;16;942
28;2025-12-10;17;1065
28;2025-12-10;18;1050
28;2025-12-10;19;780
28;2025-12-10;20;568
28;2025-12-10;21;347
28;2025-12-10;22;147
28;2025-12-10;23;23
28;2025-12-11;0;3
28;2025-12-11;1;0
28;2025-12-11;2;0
28;2025-12-11;3;0
28;2025-12-11;4;2
28;2025-12-11;5;85
28;2025-12-11;6;287
28;2025-12-11;7;871
28;2025-12-11;8;1346
28;2025-12-11;9;924
28;2025-12-11;10;700
28;2025-12-11;11;618
28;2025-12-11;12;746
28;2025-12-11;13;775
28;2025-12-11;14;708
28;2025-12-11;15;749
28;2025-12-11;16;942
28;2025-12-11;17;1065
28;2025-12-11;18;1050
28;2025-12-11;19;780
28;2025-12-11;20;568
28;2025-12-11;21;347
28;2025-12-11;22;147
28;2025-12-11;23;23
28;2025-12-12;0;2
28;2025-12-12;1;0
28;2025-12-12;2;0
28;2025-12-12;3;0
28;2025-12-12;4;1
28;2025-12-12;5;77
28;2025-12-12;6;278
28;2025-12-12;7;842
28;2025-12-12;8;1279
28;2025-12-12;9;868
28;2025-12-12;10;680
28;2025-12-12;11;614
28;2025-12-12;12;760
28;2025-12-12;13;786
28;2025-12-12;14;759
28;2025-12-12;15;778
28;2025-12-12;16;1060
28;2025-12-12;17;1029
28;2025-12-12;18;865
28;2025-12-12;19;635
28;2025-12-12;20;497
28;2025-12-12;21;331
28;2025-12-12;22;153
28;2025-12-12;23;23
28;2025-12-13;0;1
28;2025-12-13;1;0
28;2025-12-13;2;0
28;2025-12-13;3;0
28;2025-12-13;4;1
28;2025-12-13;5;37
28;2025-12-13;6;102
28;2025-12-13;7;227
28;2025-12-13;8;381
28;2025-12-13;9;475
28;2025-12-13;10;520
28;2025-12-13;11;537
28;2025-12-13;12;622
28;2025-12-13;13;641
28;2025-12-13;14;626
28;2025-12-13;15;620
28;2025-12-13;16;615
28;2025-12-13;17;580
28;2025-12-13;18;511
28;2025-12-13;19;403
28;2025-12-13;20;304
28;2025-12-13;21;281
28;2025-12-13;22;122
28;2025-12-13;23;15
28;2025-12-14;0;1
28;2025-12-14;1;0
28;2025-12-14;2;0
28;2025-12-14;3;0
28;2025-12-14;4;1
28;2025-12-14;5;31
28;2025-12-14;6;85
28;2025-12-14;7;152
28;2025-12-14;8;255
28;2025-12-14;9;346
28;2025-12-14;10;401
28;2025-12-14;11;440
28;2025-12-14;12;479
28;2025-12-14;13;571
28;2025-12-14;14;535
28;2025-12-14;15;546
28;2025-12-14;16;507
28;2025-12-14;17;515
28;2025-12-14;18;427
28;2025-12-14;19;377
28;2025-12-14;20;309
28;2025-12-14;21;244
28;2025-12-14;22;115
28;2025-12-14;23;13
28;2025-12-15;0;3
28;2025-12-15;1;0
28;2025-12-15;2;0
28;2025-12-15;3;0
28;2025-12-15;4;2
28;2025-12-15;5;83
28;2025-12-15;6;279
28;2025-12-15;7;847
28;2025-12-15;8;1310
28;2025-12-15;9;899
28;2025-12-15;10;681
28;2025-12-15;11;601
28;2025-12-15;12;726
28;2025-12-15;13;754
28;2025-12-15;14;689
28;2025-12-15;15;729
28;2025-12-15;16;917
28;2025-12-15;17;1037
28;2025-12-15;18;1021
28;2025-12-15;19;759
28;2025-12-15;20;553
28;2025-12-15;21;338
28;2025-12-15;22;143
28;2025-12-15;23;22
28;2025-12-16;0;3
28;2025-12-16;1;0
28;2025-12-16;2;0
28;2025-12-16;3;0
28;2025-12-16;4;2
28;2025-12-16;5;85
28;2025-12-16;6;287
28;2025-12-16;7;871
28;2025-12-16;8;1346
28;2025-12-16;9;924
28;2025-12-16;10;700
28;2025-12-16;11;618
28;2025-12-16;12;746
28;2025-12-16;13;775
28;2025-12-16;14;708
28;2025-12-16;15;749
28;2025-12-16;16;942
28;2025-12-16;17;1065
28;2025-12-16;18;1050
28;2025-12-16;19;780
28;2025-12-16;20;568
28;2025-12-16;21;347
28;2025-12-16;22;147
28;2025-12-16;23;23
28;2025-12-17;0;3
28;2025-12-17;1;0
28;2025-12-17;2;0
28;2025-12-17;3;0
28;2025-12-17;4;2
28;2025-12-17;5;85
28;2025-12-17;6;287
28;2025-12-17;7;871
28;2025-12-17;8;1346
28;2025-12-17;9;924
28;2025-12-17;10;700
28;2025-12-17;11;618
28;2025-12-17;12;746
28;2025-12-17;13;775
28;2025-12-17;14;708
28;2025-12-17;15;749
28;2025-12-17;16;942
28;2025-12-17;17;1065
28;2025-12-17;18;1050
28;2025-12-17;19;780
28;2025-12-17;20;568
28;2025-12-17;21;347
28;2025-12-17;22;147
28;2025-12-17;23;23
28;2025-12-18;0;3
28;2025-12-18;1;0
28;2025-12-18;2;0
28;2025-12-18;3;0
28;2025-12-18;4;2
28;2025-12-18;5;85
28;2025-12-18;6;287
28;2025-12-18;7;871
28;2025-12-18;8;1346
28;2025-12-18;9;924
28;2025-12-18;10;700
28;2025-12-18;11;618
28;2025-12-18;12;746
28;2025-12-18;13;775
28;2025-12-18;14;708
28;2025-12-18;15;749
28;2025-12-18;16;942
28;2025-12-18;17;1065
28;2025-12-18;18;1050
28;2025-12-18;19;780
28;2025-12-18;20;568
28;2025-12-18;21;347
28;2025-12-18;22;147
28;2025-12-18;23;23
28;2025-12-19;0;2
28;2025-12-19;1;0
28;2025-12-19;2;0
28;2025-12-19;3;0
28;2025-12-19;4;1
28;2025-12-19;5;77
28;2025-12-19;6;278
28;2025-12-19;7;842
28;2025-12-19;8;1279
28;2025-12-19;9;868
28;2025-12-19;10;680
28;2025-12-19;11;614
28;2025-12-19;12;760
28;2025-12-19;13;786
28;2025-12-19;14;759
28;2025-12-19;15;778
28;2025-12-19;16;1060
28;2025-12-19;17;1029
28;2025-12-19;18;865
28;2025-12-19;19;635
28;2025-12-19;20;497
28;2025-12-19;21;331
28;2025-12-19;22;153
28;2025-12-19;23;23
28;2025-12-20;0;1
28;2025-12-20;1;0
28;2025-12-20;2;0
28;2025-12-20;3;0
28;2025-12-20;4;1
28;2025-12-20;5;37
28;2025-12-20;6;102
28;2025-12-20;7;227
28;2025-12-20;8;381
28;2025-12-20;9;475
28;2025-12-20;10;520
28;2025-12-20;11;537
28;2025-12-20;12;622
28;2025-12-20;13;641
28;2025-12-20;14;626
28;2025-12-20;15;620
28;2025-12-20;16;615
28;2025-12-20;17;580
28;2025-12-20;18;511
28;2025-12-20;19;403
28;2025-12-20;20;304
28;2025-12-20;21;281
28;2025-12-20;22;122
28;2025-12-20;23;15
28;2025-12-21;0;1
28;2025-12-21;1;0
28;2025-12-21;2;0
28;2025-12-21;3;0
28;2025-12-21;4;1
28;2025-12-21;5;31
28;2025-12-21;6;85
28;2025-12-21;7;152
28;2025-12-21;8;255
28;2025-12-21;9;346
28;2025-12-21;10;401
28;2025-12-21;11;440
28;2025-12-21;12;479
28;2025-12-21;13;571
28;2025-12-21;14;535
28;2025-12-21;15;546
28;2025-12-21;16;507
28;2025-12-21;17;515
28;2025-12-21;18;427
28;2025-12-21;19;377
28;2025-12-21;20;309
28;2025-12-21;21;244
28;2025-12-21;22;115
28;2025-12-21;23;13
28;2025-12-22;0;3
28;2025-12-22;1;0
28;2025-12-22;2;0
28;2025-12-22;3;0
28;2025-12-22;4;2
28;2025-12-22;5;83
28;2025-12-22;6;279
28;2025-12-22;7;847
28;2025-12-22;8;1310
28;2025-12-22;9;899
28;2025-12-22;10;681
28;2025-12-22;11;601
28;2025-12-22;12;726
28;2025-12-22;13;754
28;2025-12-22;14;689
28;2025-12-22;15;729
28;2025-12-22;16;917
28;2025-12-22;17;1037
28;2025-12-22;18;1021
28;2025-12-22;19;759
28;2025-12-22;20;553
28;2025-12-22;21;338
28;2025-12-22;22;143
28;2025-12-22;23;22
28;2025-12-23;0;3
28;2025-12-23;1;0
28;2025-12-23;2;0
28;2025-12-23;3;0
28;2025-12-23;4;2
28;2025-12-23;5;85
28;2025-12-23;6;287
28;2025-12-23;7;871
28;2025-12-23;8;1346
28;2025-12-23;9;924
28;2025-12-23;10;700
28;2025-12-23;11;618
28;2025-12-23;12;746
28;2025-12-23;13;775
28;2025-12-23;14;708
28;2025-12-23;15;749
28;2025-12-23;16;942
28;2025-12-23;17;1065
28;2025-12-23;18;1050
28;2025-12-23;19;780
28;2025-12-23;20;568
28;2025-12-23;21;347
28;2025-12-23;22;147
28;2025-12-23;23;23
28;2025-12-24;0;3
28;2025-12-24;1;0
28;2025-12-24;2;0
28;2025-12-24;3;0
28;2025-12-24;4;2
28;2025-12-24;5;85
28;2025-12-24;6;287
28;2025-12-24;7;871
28;2025-12-24;8;1346
28;2025-12-24;9;924
28;2025-12-24;10;700
28;2025-12-24;11;618
28;2025-12-24;12;746
28;2025-12-24;13;775
28;2025-12-24;14;708
28;2025-12-24;15;749
28;2025-12-24;16;942
28;2025-12-24;17;1065
28;2025-12-24;18;1050
28;2025-12-24;19;780
28;2025-12-24;20;568
28;2025-12-24;21;347
28;2025-12-24;22;147
28;2025-12-24;23;23
28;2025-12-25;0;3
28;2025-12-25;1;0
28;2025-12-25;2;0
28;2025-12-25;3;0
28;2025-12-25;4;2
28;2025-12-25;5;85
28;2025-12-25;6;287
28;2025-12-25;7;871
28;2025-12-25;8;1346
28;2025-12-25;9;924
28;2025-12-25;10;700
28;2025-12-25;11;618
28;2025-12-25;12;746
28;2025-12-25;13;775
28;2025-12-25;14;708
28;2025-12-25;15;749
28;2025-12-25;16;942
28;2025-12-25;17;1065
28;2025-12-25;18;1050
28;2025-12-25;19;780
28;2025-12-25;20;568
28;2025-12-25;21;347
28;2025-12-25;22;147
28;2025-12-25;23;23
28;2025-12-26;0;2
28;2025-12-26;1;0
28;2025-12-26;2;0
28;2025-12-26;3;0
28;2025-12-26;4;1
28;2025-12-26;5;77
28;2025-12-26;6;278
28;2025-12-26;7;842
28;2025-12-26;8;1279
28;2025-12-26;9;868
28;2025-12-26;10;680
28;2025-12-26;11;614
28;2025-12-26;12;760
28;2025-12-26;13;786
28;2025-12-26;14;759
28;2025-12-26;15;778
28;2025-12-26;16;1060
28;2025-12-26;17;1029
28;2025-12-26;18;865
28;2025-12-26;19;635
28;2025-12-26;20;497
28;2025-12-26;21;331
28;2025-12-26;22;153
28;2025-12-26;23;23
28;2025-12-27;0;1
28;2025-12-27;1;0
28;2025-12-27;2;0
28;2025-12-27;3;0
28;2025-12-27;4;1
28;2025-12-27;5;37
28;2025-12-27;6;102
28;2025-12-27;7;227
28;2025-12-27;8;381
28;2025-12-27;9;475
28;2025-12-27;10;520
28;2025-12-27;11;537
28;2025-12-27;12;622
28;2025-12-27;13;641
28;2025-12-27;14;626
28;2025-12-27;15;620
28;2025-12-27;16;615
28;2025-12-27;17;580
28;2025-12-27;18;511
28;2025-12-27;19;403
28;2025-12-27;20;304
28;2025-12-27;21;281
28;2025-12-27;22;122
28;2025-12-27;23;15
28;2025-12-28;0;1
28;2025-12-28;1;0
28;2025-12-28;2;0
28;2025-12-28;3;0
28;2025-12-28;4;1
28;2025-12-28;5;31
28;2025-12-28;6;85
28;2025-12-28;7;152
28;2025-12-28;8;255
28;2025-12-28;9;346
28;2025-12-28;10;401
28;2025-12-28;11;440
28;2025-12-28;12;479
28;2025-12-28;13;571
28;2025-12-28;14;535
28;2025-12-28;15;546
28;2025-12-28;16;507
28;2025-12-28;17;515
28;2025-12-28;18;427
28;2025-12-28;19;377
28;2025-12-28;20;309
28;2025-12-28;21;244
28;2025-12-28;22;115
28;2025-12-28;23;13
28;2025-12-29;0;2
28;2025-12-29;1;0
28;2025-12-29;2;0
28;2025-12-29;3;0
28;2025-12-29;4;2
28;2025-12-29;5;75
28;2025-12-29;6;251
28;2025-12-29;7;762
28;2025-12-29;8;1179
28;2025-12-29;9;809
28;2025-12-29;10;613
28;2025-12-29;11;541
28;2025-12-29;12;654
28;2025-12-29;13;679
28;2025-12-29;14;620
28;2025-12-29;15;656
28;2025-12-29;16;825
28;2025-12-29;17;933
28;2025-12-29;18;919
28;2025-12-29;19;683
28;2025-12-29;20;498
28;2025-12-29;21;304
28;2025-12-29;22;129
28;2025-12-29;23;20
28;2025-12-30;0;2
28;2025-12-30;1;0
28;2025-12-30;2;0
28;2025-12-30;3;0
28;2025-12-30;4;2
28;2025-12-30;5;72
28;2025-12-30;6;244
28;2025-12-30;7;740
28;2025-12-30;8;1144
28;2025-12-30;9;785
28;2025-12-30;10;595
28;2025-12-30;11;525
28;2025-12-30;12;634
28;2025-12-30;13;659
28;2025-12-30;14;602
28;2025-12-30;15;636
28;2025-12-30;16;801
28;2025-12-30;17;905
28;2025-12-30;18;892
28;2025-12-30;19;663
28;2025-12-30;20;483
28;2025-12-30;21;295
28;2025-12-30;22;125
28;2025-12-30;23;19
28;2025-12-31;0;1
28;2025-12-31;1;0
28;2025-12-31;2;0
28;2025-12-31;3;0
28;2025-12-31;4;1
28;2025-12-31;5;20
28;2025-12-31;6;55
28;2025-12-31;7;123
28;2025-12-31;8;206
28;2025-12-31;9;257
28;2025-12-31;10;281
28;2025-12-31;11;291
28;2025-12-31;12;336
28;2025-12-31;13;347
28;2025-12-31;14;338
28;2025-12-31;15;335
28;2025-12-31;16;332
28;2025-12-31;17;314
28;2025-12-31;18;276
28;2025-12-31;19;218
28;2025-12-31;20;16
28;2025-12-31;21;15
28;2025-12-31;22;6
28;2025-12-31;23;1
50;2025-11-01;0;55
50;2025-11-01;1;6
50;2025-11-01;2;0
50;2025-11-01;3;0
50;2025-11-01;4;3
50;2025-11-01;5;60
50;2025-11-01;6;497
50;2025-11-01;7;1575
50;2025-11-01;8;2474
50;2025-11-01;9;1904
50;2025-11-01;10;1441
50;2025-11-01;11;1496
50;2025-11-01;12;1409
50;2025-11-01;13;1433
50;2025-11-01;14;1366
50;2025-11-01;15;1680
50;2025-11-01;16;2031
50;2025-11-01;17;1953
50;2025-11-01;18;1586
50;2025-11-01;19;1103
50;2025-11-01;20;786
50;2025-11-01;21;539
50;2025-11-01;22;280
50;2025-11-01;23;162
50;2025-11-02;0;0
50;2025-11-02;1;0
50;2025-11-02;2;0
50;2025-11-02;3;0
50;2025-11-02;4;0
50;2025-11-02;5;0
50;2025-11-02;6;1
50;2025-11-02;7;1
50;2025-11-02;8;2
50;2025-11-02;9;1
50;2025-11-02;10;4
50;2025-11-02;11;13
50;2025-11-02;12;10
50;2025-11-02;13;13
50;2025-11-02;14;21
50;2025-11-02;15;17
50;2025-11-02;16;20
50;2025-11-02;17;18
50;2025-11-02;18;10
50;2025-11-02;19;11
50;2025-11-02;20;9
50;2025-11-02;21;6
50;2025-11-02;22;6
50;2025-11-02;23;2
50;2025-11-03;0;6
50;2025-11-03;1;1
50;2025-11-03;2;0
50;2025-11-03;3;0
50;2025-11-03;4;0
50;2025-11-03;5;1
50;2025-11-03;6;1
50;2025-11-03;7;2
50;2025-11-03;8;5
50;2025-11-03;9;8
50;2025-11-03;10;5
50;2025-11-03;11;11
50;2025-11-03;12;13
50;2025-11-03;13;12
50;2025-11-03;14;17
50;2025-11-03;15;18
50;2025-11-03;16;16
50;2025-11-03;17;14
50;2025-11-03;18;6
50;2025-11-03;19;7
50;2025-11-03;20;5
50;2025-11-03;21;4
50;2025-11-03;22;4
50;2025-11-03;23;1
50;2025-11-04;0;6
50;2025-11-04;1;1
50;2025-11-04;2;0
50;2025-11-04;3;0
50;2025-11-04;4;0
50;2025-11-04;5;1
50;2025-11-04;6;1
50;2025-11-04;7;2
50;2025-11-04;8;5
50;2025-11-04;9;8
50;2025-11-04;10;5
50;2025-11-04;11;11
50;2025-11-04;12;13
50;2025-11-04;13;12
50;2025-11-04;14;17
50;2025-11-04;15;18
50;2025-11-04;16;16
50;2025-11-04;17;14
50;2025-11-04;18;6
50;2025-11-04;19;7
50;2025-11-04;20;5
50;2025-11-04;21;4
50;2025-11-04;22;4
50;2025-11-04;23;1
50;2025-11-05;0;33
50;2025-11-05;1;4
50;2025-11-05;2;0
50;2025-11-05;3;0
50;2025-11-05;4;3
50;2025-11-05;5;74
50;2025-11-05;6;565
50;2025-11-05;7;1806
50;2025-11-05;8;2855
50;2025-11-05;9;2236
50;2025-11-05;10;1786
50;2025-11-05;11;1666
50;2025-11-05;12;1561
50;2025-11-05;13;1571
50;2025-11-05;14;1519
50;2025-11-05;15;1795
50;2025-11-05;16;1786
50;2025-11-05;17;2487
50;2025-11-05;18;2625
50;2025-11-05;19;1515
50;2025-11-05;20;980
50;2025-11-05;21;673
50;2025-11-05;22;289
50;2025-11-05;23;148
50;2025-11-06;0;33
50;2025-11-06;1;4
50;2025-11-06;2;0
50;2025-11-06;3;0
50;2025-11-06;4;3
50;2025-11-06;5;74
50;2025-11-06;6;565
50;2025-11-06;7;1806
50;2025-11-06;8;2855
50;2025-11-06;9;2236
50;2025-11-06;10;1786
50;2025-11-06;11;1666
50;2025-11-06;12;1561
50;2025-11-06;13;1571
50;2025-11-06;14;1519
50;2025-11-06;15;1795
50;2025-11-06;16;1786
50;2025-11-06;17;2487
50;2025-11-06;18;2625
50;2025-11-06;19;1515
50;2025-11-06;20;980
50;2025-11-06;21;673
50;2025-11-06;22;289
50;2025-11-06;23;148
50;2025-11-07;0;42
50;2025-11-07;1;3
50;2025-11-07;2;0
50;2025-11-07;3;0
50;2025-11-07;4;3
50;2025-11-07;5;68
50;2025-11-07;6;565
50;2025-11-07;7;1791
50;2025-11-07;8;2812
50;2025-11-07;9;2164
50;2025-11-07;10;1638
50;2025-11-07;11;1701
50;2025-11-07;12;1601
50;2025-11-07;13;1628
50;2025-11-07;14;1552
50;2025-11-07;15;1910
50;2025-11-07;16;2309
50;2025-11-07;17;2220
50;2025-11-07;18;1803
50;2025-11-07;19;1254
50;2025-11-07;20;894
50;2025-11-07;21;613
50;2025-11-07;22;318
50;2025-11-07;23;184
50;2025-11-08;0;20
50;2025-11-08;1;2
50;2025-11-08;2;0
50;2025-11-08;3;1
50;2025-11-08;4;0
50;2025-11-08;5;3
50;2025-11-08;6;4
50;2025-11-08;7;6
50;2025-11-08;8;13
50;2025-11-08;9;25
50;2025-11-08;10;10
50;2025-11-08;11;16
50;2025-11-08;12;29
50;2025-11-08;13;19
50;2025-11-08;14;24
50;2025-11-08;15;35
50;2025-11-08;16;22
50;2025-11-08;17;21
50;2025-11-08;18;5
50;2025-11-08;19;5
50;2025-11-08;20;3
50;2025-11-08;21;4
50;2025-11-08;22;4
50;2025-11-08;23;1
50;2025-11-09;0;0
50;2025-11-09;1;0
50;2025-11-09;2;0
50;2025-11-09;3;0
50;2025-11-09;4;0
50;2025-11-09;5;0
50;2025-11-09;6;1
50;2025-11-09;7;1
50;2025-11-09;8;2
50;2025-11-09;9;1
50;2025-11-09;10;4
50;2025-11-09;11;13
50;2025-11-09;12;10
50;2025-11-09;13;13
50;2025-11-09;14;21
50;2025-11-09;15;17
50;2025-11-09;16;20
50;2025-11-09;17;18
50;2025-11-09;18;10
50;2025-11-09;19;11
50;2025-11-09;20;9
50;2025-11-09;21;6
50;2025-11-09;22;6
50;2025-11-09;23;2
50;2025-11-10;0;32
50;2025-11-10;1;4
50;2025-11-10;2;0
50;2025-11-10;3;0
50;2025-11-10;4;3
50;2025-11-10;5;72
50;2025-11-10;6;549
50;2025-11-10;7;1758
50;2025-11-10;8;2778
50;2025-11-10;9;2176
50;2025-11-10;10;1738
50;2025-11-10;11;1621
50;2025-11-10;12;1519
50;2025-11-10;13;1529
50;2025-11-10;14;1478
50;2025-11-10;15;1747
50;2025-11-10;16;1738
50;2025-11-10;17;2420
50;2025-11-10;18;2555
50;2025-11-10;19;1474
50;2025-11-10;20;954
50;2025-11-10;21;655
50;2025-11-10;22;282
50;2025-11-10;23;145
50;2025-11-11;0;33
50;2025-11-11;1;4
50;2025-11-11;2;0
50;2025-11-11;3;0
50;2025-11-11;4;3
50;2025-11-11;5;74
50;2025-11-11;6;565
50;2025-11-11;7;1806
50;2025-11-11;8;2855
50;2025-11-11;9;2236
50;2025-11-11;10;1786
50;2025-11-11;11;1666
50;2025-11-11;12;1561
50;2025-11-11;13;1571
50;2025-11-11;14;1519
50;2025-11-11;15;1795
50;2025-11-11;16;1786
50;2025-11-11;17;2487
50;2025-11-11;18;2625
50;2025-11-11;19;1515
50;2025-11-11;20;980
50;2025-11-11;21;673
50;2025-11-11;22;289
50;2025-11-11;23;148
50;2025-11-12;0;33
50;2025-11-12;1;4
50;2025-11-12;2;0
50;2025-11-12;3;0
50;2025-11-12;4;3
50;2025-11-12;5;74
50;2025-11-12;6;565
50;2025-11-12;7;1806
50;2025-11-12;8;2855
50;2025-11-12;9;2236
50;2025-11-12;10;1786
50;2025-11-12;11;1666
50;2025-11-12;12;1561
50;2025-11-12;13;1571
50;2025-11-12;14;1519
50;2025-11-12;15;1795
50;2025-11-12;16;1786
50;2025-11-12;17;2487
50;2025-11-12;18;2625
50;2025-11-12;19;1515
50;2025-11-12;20;980
50;2025-11-12;21;673
50;2025-11-12;22;289
50;2025-11-12;23;148
50;2025-11-13;0;33
50;2025-11-13;1;4
50;2025-11-13;2;0
50;2025-11-13;3;0
50;2025-11-13;4;3
50;2025-11-13;5;74
50;2025-11-13;6;565
50;2025-11-13;7;1806
50;2025-11-13;8;2855
50;2025-11-13;9;2236
50;2025-11-13;10;1786
50;2025-11-13;11;1666
50;2025-11-13;12;1561
50;2025-11-13;13;1571
50;2025-11-13;14;1519
50;2025-11-13;15;1795
50;2025-11-13;16;1786
50;2025-11-13;17;2487
50;2025-11-13;18;2625
50;2025-11-13;19;1515
50;2025-11-13;20;980
50;2025-11-13;21;673
50;2025-11-13;22;289
50;2025-11-13;23;148
50;2025-11-14;0;42
50;2025-11-14;1;3
50;2025-11-14;2;0
50;2025-11-14;3;0
50;2025-11-14;4;3
50;2025-11-14;5;68
50;2025-11-14;6;565
50;2025-11-14;7;1791
50;2025-11-14;8;2812
50;2025-11-14;9;2164
50;2025-11-14;10;1638
50;2025-11-14;11;1701
50;2025-11-14;12;1601
50;2025-11-14;13;1628
50;2025-11-14;14;1552
50;2025-11-14;15;1910
50;2025-11-14;16;2309
50;2025-11-14;17;2220
50;2025-11-14;18;1803
50;2025-11-14;19;1254
50;2025-11-14;20;894
50;2025-11-14;21;613
50;2025-11-14;22;318
50;2025-11-14;23;184
50;2025-11-15;0;61
50;2025-11-15;1;4
50;2025-11-15;2;0
50;2025-11-15;3;0
50;2025-11-15;4;1
50;2025-11-15;5;28
50;2025-11-15;6;155
50;2025-11-15;7;363
50;2025-11-15;8;563
50;2025-11-15;9;606
50;2025-11-15;10;599
50;2025-11-15;11;786
50;2025-11-15;12;805
50;2025-11-15;13;848
50;2025-11-15;14;862
50;2025-11-15;15;822
50;2025-11-15;16;790
50;2025-11-15;17;751
50;2025-11-15;18;657
50;2025-11-15;19;562
50;2025-11-15;20;432
50;2025-11-15;21;355
50;2025-11-15;22;229
50;2025-11-15;23;132
50;2025-11-16;0;49
50;2025-11-16;1;6
50;2025-11-16;2;0
50;2025-11-16;3;0
50;2025-11-16;4;1
50;2025-11-16;5;23
50;2025-11-16;6;109
50;2025-11-16;7;205
50;2025-11-16;8;310
50;2025-11-16;9;402
50;2025-11-16;10;465
50;2025-11-16;11;587
50;2025-11-16;12;687
50;2025-11-16;13;744
50;2025-11-16;14;791
50;2025-11-16;15;688
50;2025-11-16;16;730
50;2025-11-16;17;668
50;2025-11-16;18;603
50;2025-11-16;19;507
50;2025-11-16;20;432
50;2025-11-16;21;332
50;2025-11-16;22;216
50;2025-11-16;23;101
50;2025-11-17;0;32
50;2025-11-17;1;4
50;2025-11-17;2;0
50;2025-11-17;3;0
50;2025-11-17;4;3
50;2025-11-17;5;72
50;2025-11-17;6;549
50;2025-11-17;7;1758
50;2025-11-17;8;2778
50;2025-11-17;9;2176
50;2025-11-17;10;1738
50;2025-11-17;11;1621
50;2025-11-17;12;1519
50;2025-11-17;13;1529
50;2025-11-17;14;1478
50;2025-11-17;15;1747
50;2025-11-17;16;1738
50;2025-11-17;17;2420
50;2025-11-17;18;2555
50;2025-11-17;19;1474
50;2025-11-17;20;954
50;2025-11-17;21;655
50;2025-11-17;22;282
50;2025-11-17;23;145
50;2025-11-18;0;33
50;2025-11-18;1;4
50;2025-11-18;2;0
50;2025-11-18;3;0
50;2025-11-18;4;3
50;2025-11-18;5;74
50;2025-11-18;6;565
50;2025-11-18;7;1806
50;2025-11-18;8;2855
50;2025-11-18;9;2236
50;2025-11-18;10;1786
50;2025-11-18;11;1666
50;2025-11-18;12;1561
50;2025-11-18;13;1571
50;2025-11-18;14;1519
50;2025-11-18;15;1795
50;2025-11-18;16;1786
50;2025-11-18;17;2487
50;2025-11-18;18;2625
50;2025-11-18;19;1515
50;2025-11-18;20;980
50;2025-11-18;21;673
50;2025-11-18;22;289
50;2025-11-18;23;148
50;2025-11-19;0;33
50;2025-11-19;1;4
50;2025-11-19;2;0
50;2025-11-19;3;0
50;2025-11-19;4;3
50;2025-11-19;5;74
50;2025-11-19;6;565
50;2025-11-19;7;1806
50;2025-11-19;8;2855
50;2025-11-19;9;2236
50;2025-11-19;10;1786
50;2025-11-19;11;1666
50;2025-11-19;12;1561
50;2025-11-19;13;1571
50;2025-11-19;14;1519
50;2025-11-19;15;1795
50;2025-11-19;16;1786
50;2025-11-19;17;2487
50;2025-11-19;18;2625
50;2025-11-19;19;1515
50;2025-11-19;20;980
50;2025-11-19;21;673
50;2025-11-19;22;289
50;2025-11-19;23;148
50;2025-11-20;0;33
50;2025-11-20;1;4
50;2025-11-20;2;0
50;2025-11-20;3;0
50;2025-11-20;4;3
50;2025-11-20;5;74
50;2025-11-20;6;565
50;2025-11-20;7;1806
50;2025-11-20;8;2855
50;2025-11-20;9;2236
50;2025-11-20;10;1786
50;2025-11-20;11;1666
50;2025-11-20;12;1561
50;2025-11-20;13;1571
50;2025-11-20;14;1519
50;2025-11-20;15;1795
50;2025-11-20;16;1786
50;2025-11-20;17;2487
50;2025-11-20;18;2625
50;2025-11-20;19;1515
50;2025-11-20;20;980
50;2025-11-20;21;673
50;2025-11-20;22;289
50;2025-11-20;23;148
50;2025-11-21;0;42
50;2025-11-21;1;3
50;2025-11-21;2;0
50;2025-11-21;3;0
50;2025-11-21;4;3
50;2025-11-21;5;68
50;2025-11-21;6;565
50;2025-11-21;7;1791
50;2025-11-21;8;2812
50;2025-11-21;9;2164
50;2025-11-21;10;1638
50;2025-11-21;11;1701
50;2025-11-21;12;1601
50;2025-11-21;13;1628
50;2025-11-21;14;1552
50;2025-11-21;15;1910
50;2025-11-21;16;2309
50;2025-11-21;17;2220
50;2025-11-21;18;1803
50;2025-11-21;19;1254
50;2025-11-21;20;894
50;2025-11-21;21;613
50;2025-11-21;22;318
50;2025-11-21;23;184
50;2025-11-22;0;61
50;2025-11-22;1;4
50;2025-11-22;2;0
50;2025-11-22;3;0
50;2025-11-22;4;1
50;2025-11-22;5;28
50;2025-11-22;6;155
50;2025-11-22;7;363
50;2025-11-22;8;563
50;2025-11-22;9;606
50;2025-11-22;10;599
50;2025-11-22;11;786
50;2025-11-22;12;805
50;2025-11-22;13;848
50;2025-11-22;14;862
50;2025-11-22;15;822
50;2025-11-22;16;790
50;2025-11-22;17;751
50;2025-11-22;18;657
50;2025-11-22;19;562
50;2025-11-22;20;432
50;2025-11-22;21;355
50;2025-11-22;22;229
50;2025-11-22;23;132
50;2025-11-23;0;49
50;2025-11-23;1;6
50;2025-11-23;2;0
50;2025-11-23;3;0
50;2025-11-23;4;1
50;2025-11-23;5;23
50;2025-11-23;6;109
50;2025-11-23;7;205
50;2025-11-23;8;310
50;2025-11-23;9;402
50;2025-11-23;10;465
50;2025-11-23;11;587
50;2025-11-23;12;687
50;2025-11-23;13;744
50;2025-11-23;14;791
50;2025-11-23;15;688
50;2025-11-23;16;730
50;2025-11-23;17;668
50;2025-11-23;18;603
50;2025-11-23;19;507
50;2025-11-23;20;432
50;2025-11-23;21;332
50;2025-11-23;22;216
50;2025-11-23;23;101
50;2025-11-24;0;32
50;2025-11-24;1;4
50;2025-11-24;2;0
50;2025-11-24;3;0
50;2025-11-24;4;3
50;2025-11-24;5;72
50;2025-11-24;6;549
50;2025-11-24;7;1758
50;2025-11-24;8;2778
50;2025-11-24;9;2176
50;2025-11-24;10;1738
50;2025-11-24;11;1621
50;2025-11-24;12;1519
50;2025-11-24;13;1529
50;2025-11-24;14;1478
50;2025-11-24;15;1747
50;2025-11-24;16;1738
50;2025-11-24;17;2420
50;2025-11-24;18;2555
50;2025-11-24;19;1474
50;2025-11-24;20;954
50;2025-11-24;21;655
50;2025-11-24;22;282
50;2025-11-24;23;145
50;2025-11-25;0;33
50;2025-11-25;1;4
50;2025-11-25;2;0
50;2025-11-25;3;0
50;2025-11-25;4;3
50;2025-11-25;5;74
50;2025-11-25;6;565
50;2025-11-25;7;1806
50;2025-11-25;8;2855
50;2025-11-25;9;2236
50;2025-11-25;10;1786
50;2025-11-25;11;1666
50;2025-11-25;12;1561
50;2025-11-25;13;1571
50;2025-11-25;14;1519
50;2025-11-25;15;1795
50;2025-11-25;16;1786
50;2025-11-25;17;2487
50;2025-11-25;18;2625
50;2025-11-25;19;1515
50;2025-11-25;20;980
50;2025-11-25;21;673
50;2025-11-25;22;289
50;2025-11-25;23;148
50;2025-11-26;0;33
50;2025-11-26;1;4
50;2025-11-26;2;0
50;2025-11-26;3;0
50;2025-11-26;4;3
50;2025-11-26;5;74
50;2025-11-26;6;565
50;2025-11-26;7;1806
50;2025-11-26;8;2855
50;2025-11-26;9;2236
50;2025-11-26;10;1786
50;2025-11-26;11;1666
50;2025-11-26;12;1561
50;2025-11-26;13;1571
50;2025-11-26;14;1519
50;2025-11-26;15;1795
50;2025-11-26;16;1786
50;2025-11-26;17;2487
50;2025-11-26;18;2625
50;2025-11-26;19;1515
50;2025-11-26;20;980
50;2025-11-26;21;673
50;2025-11-26;22;289
50;2025-11-26;23;148
50;2025-11-27;0;33
50;2025-11-27;1;4
50;2025-11-27;2;0
50;2025-11-27;3;0
50;2025-11-27;4;3
50;2025-11-27;5;74
50;2025-11-27;6;565
50;2025-11-27;7;1806
50;2025-11-27;8;2855
50;2025-11-27;9;2236
50;2025-11-27;10;1786
50;2025-11-27;11;1666
50;2025-11-27;12;1561
50;2025-11-27;13;1571
50;2025-11-27;14;1519
50;2025-11-27;15;1795
50;2025-11-27;16;1786
50;2025-11-27;17;2487
50;2025-11-27;18;2625
50;2025-11-27;19;1515
50;2025-11-27;20;980
50;2025-11-27;21;673
50;2025-11-27;22;289
50;2025-11-27;23;148
50;2025-11-28;0;42
50;2025-11-28;1;3
50;2025-11-28;2;0
50;2025-11-28;3;0
50;2025-11-28;4;3
50;2025-11-28;5;68
50;2025-11-28;6;565
50;2025-11-28;7;1791
50;2025-11-28;8;2812
50;2025-11-28;9;2164
50;2025-11-28;10;1638
50;2025-11-28;11;1701
50;2025-11-28;12;1601
50;2025-11-28;13;1628
50;2025-11-28;14;1552
50;2025-11-28;15;1910
50;2025-11-28;16;2309
50;2025-11-28;17;2220
50;2025-11-28;18;1803
50;2025-11-28;19;1254
50;2025-11-28;20;894
50;2025-11-28;21;613
50;2025-11-28;22;318
50;2025-11-28;23;184
50;2025-11-29;0;61
50;2025-11-29;1;4
50;2025-11-29;2;0
50;2025-11-29;3;0
50;2025-11-29;4;1
50;2025-11-29;5;28
50;2025-11-29;6;155
50;2025-11-29;7;363
50;2025-11-29;8;563
50;2025-11-29;9;606
50;2025-11-29;10;599
50;2025-11-29;11;786
50;2025-11-29;12;805
50;2025-11-29;13;848
50;2025-11-29;14;862
50;2025-11-29;15;822
50;2025-11-29;16;790
50;2025-11-29;17;751
50;2025-11-29;18;657
50;2025-11-29;19;562
50;2025-11-29;20;432
50;2025-11-29;21;355
50;2025-11-29;22;229
50;2025-11-29;23;132
50;2025-11-30;0;49
50;2025-11-30;1;6
50;2025-11-30;2;0
50;2025-11-30;3;0
50;2025-11-30;4;1
50;2025-11-30;5;23
50;2025-11-30;6;109
50;2025-11-30;7;205
50;2025-11-30;8;310
50;2025-11-30;9;402
50;2025-11-30;10;465
50;2025-11-30;11;587
50;2025-11-30;12;687
50;2025-11-30;13;744
50;2025-11-30;14;791
50;2025-11-30;15;688
50;2025-11-30;16;730
50;2025-11-30;17;668
50;2025-11-30;18;603
50;2025-11-30;19;507
50;2025-11-30;20;432
50;2025-11-30;21;332
50;2025-11-30;22;216
50;2025-11-30;23;101
50;2025-12-01;0;34
50;2025-12-01;1;4
50;2025-12-01;2;0
50;2025-12-01;3;0
50;2025-12-01;4;3
50;2025-12-01;5;72
50;2025-12-01;6;552
50;2025-12-01;7;1765
50;2025-12-01;8;2766
50;2025-12-01;9;2162
50;2025-12-01;10;1728
50;2025-12-01;11;1629
50;2025-12-01;12;1524
50;2025-12-01;13;1520
50;2025-12-01;14;1475
50;2025-12-01;15;1751
50;2025-12-01;16;1737
50;2025-12-01;17;2421
50;2025-12-01;18;2569
50;2025-12-01;19;1487
50;2025-12-01;20;947
50;2025-12-01;21;651
50;2025-12-01;22;287
50;2025-12-01;23;143
50;2025-12-02;0;35
50;2025-12-02;1;4
50;2025-12-02;2;0
50;2025-12-02;3;0
50;2025-12-02;4;3
50;2025-12-02;5;74
50;2025-12-02;6;567
50;2025-12-02;7;1814
50;2025-12-02;8;2843
50;2025-12-02;9;2222
50;2025-12-02;10;1775
50;2025-12-02;11;1674
50;2025-12-02;12;1566
50;2025-12-02;13;1562
50;2025-12-02;14;1515
50;2025-12-02;15;1799
50;2025-12-02;16;1785
50;2025-12-02;17;2488
50;2025-12-02;18;2640
50;2025-12-02;19;1528
50;2025-12-02;20;973
50;2025-12-02;21;669
50;2025-12-02;22;294
50;2025-12-02;23;147
50;2025-12-03;0;35
50;2025-12-03;1;4
50;2025-12-03;2;0
50;2025-12-03;3;0
50;2025-12-03;4;3
50;2025-12-03;5;74
50;2025-12-03;6;567
50;2025-12-03;7;1814
50;2025-12-03;8;2843
50;2025-12-03;9;2222
50;2025-12-03;10;1775
50;2025-12-03;11;1674
50;2025-12-03;12;1566
50;2025-12-03;13;1562
50;2025-12-03;14;1515
50;2025-12-03;15;1799
50;2025-12-03;16;1785
50;2025-12-03;17;2488
50;2025-12-03;18;2640
50;2025-12-03;19;1528
50;2025-12-03;20;973
50;2025-12-03;21;669
50;2025-12-03;22;294
50;2025-12-03;23;147
50;2025-12-04;0;35
50;2025-12-04;1;4
50;2025-12-04;2;0
50;2025-12-04;3;0
50;2025-12-04;4;3
50;2025-12-04;5;74
50;2025-12-04;6;567
50;2025-12-04;7;1814
50;2025-12-04;8;2843
50;2025-12-04;9;2222
50;2025-12-04;10;1775
50;2025-12-04;11;1674
50;2025-12-04;12;1566
50;2025-12-04;13;1562
50;2025-12-04;14;1515
50;2025-12-04;15;1799
50;2025-12-04;16;1785
50;2025-12-04;17;2488
50;2025-12-04;18;2640
50;2025-12-04;19;1528
50;2025-12-04;20;973
50;2025-12-04;21;669
50;2025-12-04;22;294
50;2025-12-04;23;147
50;2025-12-05;0;43
50;2025-12-05;1;3
50;2025-12-05;2;0
50;2025-12-05;3;0
50;2025-12-05;4;3
50;2025-12-05;5;67
50;2025-12-05;6;570
50;2025-12-05;7;1781
50;2025-12-05;8;2793
50;2025-12-05;9;2144
50;2025-12-05;10;1641
50;2025-12-05;11;1715
50;2025-12-05;12;1618
50;2025-12-05;13;1625
50;2025-12-05;14;1550
50;2025-12-05;15;1919
50;2025-12-05;16;2281
50;2025-12-05;17;2218
50;2025-12-05;18;1832
50;2025-12-05;19;1258
50;2025-12-05;20;887
50;2025-12-05;21;617
50;2025-12-05;22;323
50;2025-12-05;23;185
50;2025-12-06;0;61
50;2025-12-06;1;4
50;2025-12-06;2;0
50;2025-12-06;3;0
50;2025-12-06;4;1
50;2025-12-06;5;28
50;2025-12-06;6;155
50;2025-12-06;7;363
50;2025-12-06;8;563
50;2025-12-06;9;606
50;2025-12-06;10;599
50;2025-12-06;11;786
50;2025-12-06;12;805
50;2025-12-06;13;848
50;2025-12-06;14;862
50;2025-12-06;15;822
50;2025-12-06;16;790
50;2025-12-06;17;751
50;2025-12-06;18;657
50;2025-12-06;19;562
50;2025-12-06;20;432
50;2025-12-06;21;355
50;2025-12-06;22;229
50;2025-12-06;23;132
50;2025-12-07;0;49
50;2025-12-07;1;6
50;2025-12-07;2;0
50;2025-12-07;3;0
50;2025-12-07;4;1
50;2025-12-07;5;23
50;2025-12-07;6;109
50;2025-12-07;7;205
50;2025-12-07;8;310
50;2025-12-07;9;402
50;2025-12-07;10;465
50;2025-12-07;11;587
50;2025-12-07;12;687
50;2025-12-07;13;744
50;2025-12-07;14;791
50;2025-12-07;15;688
50;2025-12-07;16;730
50;2025-12-07;17;668
50;2025-12-07;18;603
50;2025-12-07;19;507
50;2025-12-07;20;432
50;2025-12-07;21;332
50;2025-12-07;22;216
50;2025-12-07;23;101
50;2025-12-08;0;34
50;2025-12-08;1;4
50;2025-12-08;2;0
50;2025-12-08;3;0
50;2025-12-08;4;3
50;2025-12-08;5;72
50;2025-12-08;6;552
50;2025-12-08;7;1765
50;2025-12-08;8;2766
50;2025-12-08;9;2162
50;2025-12-08;10;1728
50;2025-12-08;11;1629
50;2025-12-08;12;1524
50;2025-12-08;13;1520
50;2025-12-08;14;1475
50;2025-12-08;15;1751
50;2025-12-08;16;1737
50;2025-12-08;17;2421
50;2025-12-08;18;2569
50;2025-12-08;19;1487
50;2025-12-08;20;947
50;2025-12-08;21;651
50;2025-12-08;22;287
50;2025-12-08;23;143
50;2025-12-09;0;35
50;2025-12-09;1;4
50;2025-12-09;2;0
50;2025-12-09;3;0
50;2025-12-09;4;3
50;2025-12-09;5;74
50;2025-12-09;6;567
50;2025-12-09;7;1814
50;2025-12-09;8;2843
50;2025-12-09;9;2222
50;2025-12-09;10;1775
50;2025-12-09;11;1674
50;2025-12-09;12;1566
50;2025-12-09;13;1562
50;2025-12-09;14;1515
50;2025-12-09;15;1799
50;2025-12-09;16;1785
50;2025-12-09;17;2488
50;2025-12-09;18;2640
50;2025-12-09;19;1528
50;2025-12-09;20;973
50;2025-12-09;21;669
50;2025-12-09;22;294
50;2025-12-09;23;147
50;2025-12-10;0;35
50;2025-12-10;1;4
50;2025-12-10;2;0
50;2025-12-10;3;0
50;2025-12-10;4;3
50;2025-12-10;5;74
50;2025-12-10;6;567
50;2025-12-10;7;1814
50;2025-12-10;8;2843
50;2025-12-10;9;2222
50;2025-12-10;10;1775
50;2025-12-10;11;1674
50;2025-12-10;12;1566
50;2025-12-10;13;1562
50;2025-12-10;14;1515
50;2025-12-10;15;1799
50;2025-12-10;16;1785
50;2025-12-10;17;2488
50;2025-12-10;18;2640
50;2025-12-10;19;1528
50;2025-12-10;20;973
50;2025-12-10;21;669
50;2025-12-10;22;294
50;2025-12-10;23;147
50;2025-12-11;0;35
50;2025-12-11;1;4
50;2025-12-11;2;0
50;2025-12-11;3;0
50;2025-12-11;4;3
50;2025-12-11;5;74
50;2025-12-11;6;567
50;2025-12-11;7;1814
50;2025-12-11;8;2843
50;2025-12-11;9;2222
50;2025-12-11;10;1775
50;2025-12-11;11;1674
50;2025-12-11;12;1566
50;2025-12-11;13;1562
50;2025-12-11;14;1515
50;2025-12-11;15;1799
50;2025-12-11;16;1785
50;2025-12-11;17;2488
50;2025-12-11;18;2640
50;2025-12-11;19;1528
50;2025-12-11;20;973
50;2025-12-11;21;669
50;2025-12-11;22;294
50;2025-12-11;23;147
50;2025-12-12;0;43
50;2025-12-12;1;3
50;2025-12-12;2;0
50;2025-12-12;3;0
50;2025-12-12;4;3
50;2025-12-12;5;67
50;2025-12-12;6;570
50;2025-12-12;7;1781
50;2025-12-12;8;2793
50;2025-12-12;9;2144
50;2025-12-12;10;1641
50;2025-12-12;11;1715
50;2025-12-12;12;1618
50;2025-12-12;13;1625
50;2025-12-12;14;1550
50;2025-12-12;15;1919
50;2025-12-12;16;2281
50;2025-12-12;17;2218
50;2025-12-12;18;1832
50;2025-12-12;19;1258
50;2025-12-12;20;887
50;2025-12-12;21;617
50;2025-12-12;22;323
50;2025-12-12;23;185
50;2025-12-13;0;61
50;2025-12-13;1;4
50;2025-12-13;2;0
50;2025-12-13;3;0
50;2025-12-13;4;1
50;2025-12-13;5;28
50;2025-12-13;6;155
50;2025-12-13;7;363
50;2025-12-13;8;563
50;2025-12-13;9;606
50;2025-12-13;10;599
50;2025-12-13;11;786
50;2025-12-13;12;805
50;2025-12-13;13;848
50;2025-12-13;14;862
50;2025-12-13;15;822
50;2025-12-13;16;790
50;2025-12-13;17;751
50;2025-12-13;18;657
50;2025-12-13;19;562
50;2025-12-13;20;432
50;2025-12-13;21;355
50;2025-12-13;22;229
50;2025-12-13;23;132
50;2025-12-14;0;49
50;2025-12-14;1;6
50;2025-12-14;2;0
50;2025-12-14;3;0
50;2025-12-14;4;1
50;2025-12-14;5;23
50;2025-12-14;6;109
50;2025-12-14;7;205
50;2025-12-14;8;310
50;2025-12-14;9;402
50;2025-12-14;10;465
50;2025-12-14;11;587
50;2025-12-14;12;687
50;2025-12-14;13;744
50;2025-12-14;14;791
50;2025-12-14;15;688
50;2025-12-14;16;730
50;2025-12-14;17;668
50;2025-12-14;18;603
50;2025-12-14;19;507
50;2025-12-14;20;432
50;2025-12-14;21;332
50;2025-12-14;22;216
50;2025-12-14;23;101
50;2025-12-15;0;34
50;2025-12-15;1;4
50;2025-12-15;2;0
50;2025-12-15;3;0
50;2025-12-15;4;3
50;2025-12-15;5;72
50;2025-12-15;6;552
50;2025-12-15;7;1765
50;2025-12-15;8;2766
50;2025-12-15;9;2162
50;2025-12-15;10;1728
50;2025-12-15;11;1629
50;2025-12-15;12;1524
50;2025-12-15;13;1520
50;2025-12-15;14;1475
50;2025-12-15;15;1751
50;2025-12-15;16;1737
50;2025-12-15;17;2421
50;2025-12-15;18;2569
50;2025-12-15;19;1487
50;2025-12-15;20;947
50;2025-12-15;21;651
50;2025-12-15;22;287
50;2025-12-15;23;143
50;2025-12-16;0;35
50;2025-12-16;1;4
50;2025-12-16;2;0
50;2025-12-16;3;0
50;2025-12-16;4;3
50;2025-12-16;5;74
50;2025-12-16;6;567
50;2025-12-16;7;1814
50;2025-12-16;8;2843
50;2025-12-16;9;2222
50;2025-12-16;10;1775
50;2025-12-16;11;1674
50;2025-12-16;12;1566
50;2025-12-16;13;1562
50;2025-12-16;14;1515
50;2025-12-16;15;1799
50;2025-12-16;16;1785
50;2025-12-16;17;2488
50;2025-12-16;18;2640
50;2025-12-16;19;1528
50;2025-12-16;20;973
50;2025-12-16;21;669
50;2025-12-16;22;294
50;2025-12-16;23;147
50;2025-12-17;0;35
50;2025-12-17;1;4
50;2025-12-17;2;0
50;2025-12-17;3;0
50;2025-12-17;4;3
50;2025-12-17;5;74
50;2025-12-17;6;567
50;2025-12-17;7;1814
50;2025-12-17;8;2843
50;2025-12-17;9;2222
50;2025-12-17;10;1775
50;2025-12-17;11;1674
50;2025-12-17;12;1566
50;2025-12-17;13;1562
50;2025-12-17;14;1515
50;2025-12-17;15;1799
50;2025-12-17;16;1785
50;2025-12-17;17;2488
50;2025-12-17;18;2640
50;2025-12-17;19;1528
50;2025-12-17;20;973
50;2025-12-17;21;669
50;2025-12-17;22;294
50;2025-12-17;23;147
50;2025-12-18;0;35
50;2025-12-18;1;4
50;2025-12-18;2;0
50;2025-12-18;3;0
50;2025-12-18;4;3
50;2025-12-18;5;74
50;2025-12-18;6;567
50;2025-12-18;7;1814
50;2025-12-18;8;2843
50;2025-12-18;9;2222
50;2025-12-18;10;1775
50;2025-12-18;11;1674
50;2025-12-18;12;1566
50;2025-12-18;13;1562
50;2025-12-18;14;1515
50;2025-12-18;15;1799
50;2025-12-18;16;1785
50;2025-12-18;17;2488
50;2025-12-18;18;2640
50;2025-12-18;19;1528
50;2025-12-18;20;973
50;2025-12-18;21;669
50;2025-12-18;22;294
50;2025-12-18;23;147
50;2025-12-19;0;43
50;2025-12-19;1;3
50;2025-12-19;2;0
50;2025-12-19;3;0
50;2025-12-19;4;3
50;2025-12-19;5;67
50;2025-12-19;6;570
50;2025-12-19;7;1781
50;2025-12-19;8;2793
50;2025-12-19;9;2144
50;2025-12-19;10;1641
50;2025-12-19;11;1715
50;2025-12-19;12;1618
50;2025-12-19;13;1625
50;2025-12-19;14;1550
50;2025-12-19;15;1919
50;2025-12-19;16;2281
50;2025-12-19;17;2218
50;2025-12-19;18;1832
50;2025-12-19;19;1258
50;2025-12-19;20;887
50;2025-12-19;21;617
50;2025-12-19;22;323
50;2025-12-19;23;185
50;2025-12-20;0;61
50;2025-12-20;1;4
50;2025-12-20;2;0
50;2025-12-20;3;0
50;2025-12-20;4;1
50;2025-12-20;5;28
50;2025-12-20;6;155
50;2025-12-20;7;363
50;2025-12-20;8;563
50;2025-12-20;9;606
50;2025-12-20;10;599
50;2025-12-20;11;786
50;2025-12-20;12;805
50;2025-12-20;13;848
50;2025-12-20;14;862
50;2025-12-20;15;822
50;2025-12-20;16;790
50;2025-12-20;17;751
50;2025-12-20;18;657
50;2025-12-20;19;562
50;2025-12-20;20;432
50;2025-12-20;21;355
50;2025-12-20;22;229
50;2025-12-20;23;132
50;2025-12-21;0;49
50;2025-12-21;1;6
50;2025-12-21;2;0
50;2025-12-21;3;0
50;2025-12-21;4;1
50;2025-12-21;5;23
50;2025-12-21;6;109
50;2025-12-21;7;205
50;2025-12-21;8;310
50;2025-12-21;9;402
50;2025-12-21;10;465
50;2025-12-21;11;587
50;2025-12-21;12;687
50;2025-12-21;13;744
50;2025-12-21;14;791
50;2025-12-21;15;688
50;2025-12-21;16;730
50;2025-12-21;17;668
50;2025-12-21;18;603
50;2025-12-21;19;507
50;2025-12-21;20;432
50;2025-12-21;21;332
50;2025-12-21;22;216
50;2025-12-21;23;101
50;2025-12-22;0;34
50;2025-12-22;1;4
50;2025-12-22;2;0
50;2025-12-22;3;0
50;2025-12-22;4;3
50;2025-12-22;5;72
50;2025-12-22;6;552
50;2025-12-22;7;1765
50;2025-12-22;8;2766
50;2025-12-22;9;2162
50;2025-12-22;10;1728
50;2025-12-22;11;1629
50;2025-12-22;12;1524
50;2025-12-22;13;1520
50;2025-12-22;14;1475
50;2025-12-22;15;1751
50;2025-12-22;16;1737
50;2025-12-22;17;2421
50;2025-12-22;18;2569
50;2025-12-22;19;1487
50;2025-12-22;20;947
50;2025-12-22;21;651
50;2025-12-22;22;287
50;2025-12-22;23;143
50;2025-12-23;0;35
50;2025-12-23;1;4
50;2025-12-23;2;0
50;2025-12-23;3;0
50;2025-12-23;4;3
50;2025-12-23;5;74
50;2025-12-23;6;567
50;2025-12-23;7;1814
50;2025-12-23;8;2843
50;2025-12-23;9;2222
50;2025-12-23;10;1775
50;2025-12-23;11;1674
50;2025-12-23;12;1566
50;2025-12-23;13;1562
50;2025-12-23;14;1515
50;2025-12-23;15;1799
50;2025-12-23;16;1785
50;2025-12-23;17;2488
50;2025-12-23;18;2640
50;2025-12-23;19;1528
50;2025-12-23;20;973
50;2025-12-23;21;669
50;2025-12-23;22;294
50;2025-12-23;23;147
50;2025-12-24;0;35
50;2025-12-24;1;4
50;2025-12-24;2;0
50;2025-12-24;3;0
50;2025-12-24;4;3
50;2025-12-24;5;74
50;2025-12-24;6;567
50;2025-12-24;7;1814
50;2025-12-24;8;2843
50;2025-12-24;9;2222
50;2025-12-24;10;1775
50;2025-12-24;11;1674
50;2025-12-24;12;1566
50;2025-12-24;13;1562
50;2025-12-24;14;1515
50;2025-12-24;15;1799
50;2025-12-24;16;1785
50;2025-12-24;17;2488
50;2025-12-24;18;2640
50;2025-12-24;19;1528
50;2025-12-24;20;973
50;2025-12-24;21;669
50;2025-12-24;22;294
50;2025-12-24;23;147
50;2025-12-25;0;35
50;2025-12-25;1;4
50;2025-12-25;2;0
50;2025-12-25;3;0
50;2025-12-25;4;3
50;2025-12-25;5;74
50;2025-12-25;6;567
50;2025-12-25;7;1814
50;2025-12-25;8;2843
50;2025-12-25;9;2222
50;2025-12-25;10;1775
50;2025-12-25;11;1674
50;2025-12-25;12;1566
50;2025-12-25;13;1562
50;2025-12-25;14;1515
50;2025-12-25;15;1799
50;2025-12-25;16;1785
50;2025-12-25;17;2488
50;2025-12-25;18;2640
50;2025-12-25;19;1528
50;2025-12-25;20;973
50;2025-12-25;21;669
50;2025-12-25;22;294
50;2025-12-25;23;147
50;2025-12-26;0;43
50;2025-12-26;1;3
50;2025-12-26;2;0
50;2025-12-26;3;0
50;2025-12-26;4;3
50;2025-12-26;5;67
50;2025-12-26;6;570
50;2025-12-26;7;1781
50;2025-12-26;8;2793
50;2025-12-26;9;2144
50;2025-12-26;10;1641
50;2025-12-26;11;1715
50;2025-12-26;12;1618
50;2025-12-26;13;1625
50;2025-12-26;14;1550
50;2025-12-26;15;1919
50;2025-12-26;16;2281
50;2025-12-26;17;2218
50;2025-12-26;18;1832
50;2025-12-26;19;1258
50;2025-12-26;20;887
50;2025-12-26;21;617
50;2025-12-26;22;323
50;2025-12-26;23;185
50;2025-12-27;0;61
50;2025-12-27;1;4
50;2025-12-27;2;0
50;2025-12-27;3;0
50;2025-12-27;4;1
50;2025-12-27;5;28
50;2025-12-27;6;155
50;2025-12-27;7;363
50;2025-12-27;8;563
50;2025-12-27;9;606
50;2025-12-27;10;599
50;2025-12-27;11;786
50;2025-12-27;12;805
50;2025-12-27;13;848
50;2025-12-27;14;862
50;2025-12-27;15;822
50;2025-12-27;16;790
50;2025-12-27;17;751
50;2025-12-27;18;657
50;2025-12-27;19;562
50;2025-12-27;20;432
50;2025-12-27;21;355
50;2025-12-27;22;229
50;2025-12-27;23;132
50;2025-12-28;0;49
50;2025-12-28;1;6
50;2025-12-28;2;0
50;2025-12-28;3;0
50;2025-12-28;4;1
50;2025-12-28;5;23
50;2025-12-28;6;109
50;2025-12-28;7;205
50;2025-12-28;8;310
50;2025-12-28;9;402
50;2025-12-28;10;465
50;2025-12-28;11;587
50;2025-12-28;12;687
50;2025-12-28;13;744
50;2025-12-28;14;791
50;2025-12-28;15;688
50;2025-12-28;16;730
50;2025-12-28;17;668
50;2025-12-28;18;603
50;2025-12-28;19;507
50;2025-12-28;20;432
50;2025-12-28;21;332
50;2025-12-28;22;216
50;2025-12-28;23;101
50;2025-12-29;0;30
50;2025-12-29;1;3
50;2025-12-29;2;0
50;2025-12-29;3;0
50;2025-12-29;4;3
50;2025-12-29;5;64
50;2025-12-29;6;497
50;2025-12-29;7;1589
50;2025-12-29;8;2490
50;2025-12-29;9;1946
50;2025-12-29;10;1555
50;2025-12-29;11;1466
50;2025-12-29;12;1371
50;2025-12-29;13;1368
50;2025-12-29;14;1327
50;2025-12-29;15;1576
50;2025-12-29;16;1563
50;2025-12-29;17;2179
50;2025-12-29;18;2312
50;2025-12-29;19;1338
50;2025-12-29;20;852
50;2025-12-29;21;586
50;2025-12-29;22;258
50;2025-12-29;23;129
50;2025-12-30;0;30
50;2025-12-30;1;3
50;2025-12-30;2;0
50;2025-12-30;3;0
50;2025-12-30;4;2
50;2025-12-30;5;63
50;2025-12-30;6;482
50;2025-12-30;7;1542
50;2025-12-30;8;2416
50;2025-12-30;9;1889
50;2025-12-30;10;1509
50;2025-12-30;11;1423
50;2025-12-30;12;1331
50;2025-12-30;13;1328
50;2025-12-30;14;1288
50;2025-12-30;15;1529
50;2025-12-30;16;1517
50;2025-12-30;17;2114
50;2025-12-30;18;2244
50;2025-12-30;19;1299
50;2025-12-30;20;827
50;2025-12-30;21;569
50;2025-12-30;22;250
50;2025-12-30;23;125
50;2025-12-31;0;36
50;2025-12-31;1;2
50;2025-12-31;2;0
50;2025-12-31;3;0
50;2025-12-31;4;1
50;2025-12-31;5;16
50;2025-12-31;6;91
50;2025-12-31;7;213
50;2025-12-31;8;331
50;2025-12-31;9;356
50;2025-12-31;10;352
50;2025-12-31;11;462
50;2025-12-31;12;473
50;2025-12-31;13;498
50;2025-12-31;14;507
50;2025-12-31;15;483
50;2025-12-31;16;464
50;2025-12-31;17;441
50;2025-12-31;18;386
50;2025-12-31;19;330
50;2025-12-31;20;25
50;2025-12-31;21;20
50;2025-12-31;22;13
50;2025-12-31;23;8
