route;date;hour;prediction
1;2025-11-01;0;2
1;2025-11-01;1;0
1;2025-11-01;2;0
1;2025-11-01;3;0
1;2025-11-01;4;5
1;2025-11-01;5;125
1;2025-11-01;6;489
1;2025-11-01;7;1409
1;2025-11-01;8;1682
1;2025-11-01;9;1318
1;2025-11-01;10;1177
1;2025-11-01;11;1302
1;2025-11-01;12;1278
1;2025-11-01;13;1324
1;2025-11-01;14;1242
1;2025-11-01;15;1402
1;2025-11-01;16;1482
1;2025-11-01;17;1622
1;2025-11-01;18;1408
1;2025-11-01;19;1116
1;2025-11-01;20;748
1;2025-11-01;21;473
1;2025-11-01;22;207
1;2025-11-01;23;55
1;2025-11-02;0;0
1;2025-11-02;1;0
1;2025-11-02;2;0
1;2025-11-02;3;0
1;2025-11-02;4;0
1;2025-11-02;5;26
1;2025-11-02;6;130
1;2025-11-02;7;258
1;2025-11-02;8;359
1;2025-11-02;9;621
1;2025-11-02;10;728
1;2025-11-02;11;748
1;2025-11-02;12;887
1;2025-11-02;13;937
1;2025-11-02;14;836
1;2025-11-02;15;757
1;2025-11-02;16;688
1;2025-11-02;17;622
1;2025-11-02;18;534
1;2025-11-02;19;448
1;2025-11-02;20;360
1;2025-11-02;21;279
1;2025-11-02;22;113
1;2025-11-02;23;32
1;2025-11-03;0;3
1;2025-11-03;1;0
1;2025-11-03;2;0
1;2025-11-03;3;0
1;2025-11-03;4;0
1;2025-11-03;5;25
1;2025-11-03;6;127
1;2025-11-03;7;260
1;2025-11-03;8;358
1;2025-11-03;9;593
1;2025-11-03;10;697
1;2025-11-03;11;696
1;2025-11-03;12;844
1;2025-11-03;13;881
1;2025-11-03;14;809
1;2025-11-03;15;711
1;2025-11-03;16;639
1;2025-11-03;17;590
1;2025-11-03;18;505
1;2025-11-03;19;433
1;2025-11-03;20;339
1;2025-11-03;21;252
1;2025-11-03;22;106
1;2025-11-03;23;29
1;2025-11-04;0;3
1;2025-11-04;1;0
1;2025-11-04;2;0
1;2025-11-04;3;0
1;2025-11-04;4;0
1;2025-11-04;5;25
1;2025-11-04;6;127
1;2025-11-04;7;260
1;2025-11-04;8;358
1;2025-11-04;9;593
1;2025-11-04;10;697
1;2025-11-04;11;696
1;2025-11-04;12;844
1;2025-11-04;13;881
1;2025-11-04;14;809
1;2025-11-04;15;711
1;2025-11-04;16;639
1;2025-11-04;17;590
1;2025-11-04;18;505
1;2025-11-04;19;433
1;2025-11-04;20;339
1;2025-11-04;21;252
1;2025-11-04;22;106
1;2025-11-04;23;29
1;2025-11-05;0;4
1;2025-11-05;1;0
1;2025-11-05;2;0
1;2025-11-05;3;0
1;2025-11-05;4;9
1;2025-11-05;5;137
1;2025-11-05;6;578
1;2025-11-05;7;1588
1;2025-11-05;8;2019
1;2025-11-05;9;1558
1;2025-11-05;10;1390
1;2025-11-05;11;1428
1;2025-11-05;12;1485
1;2025-11-05;13;1510
1;2025-11-05;14;1458
1;2025-11-05;15;1623
1;2025-11-05;16;1612
1;2025-11-05;17;1871
1;2025-11-05;18;1930
1;2025-11-05;19;1440
1;2025-11-05;20;938
1;2025-11-05;21;516
1;2025-11-05;22;228
1;2025-11-05;23;51
1;2025-11-06;0;4
1;2025-11-06;1;0
1;2025-11-06;2;0
1;2025-11-06;3;0
1;2025-11-06;4;9
1;2025-11-06;5;137
1;2025-11-06;6;578
1;2025-11-06;7;1588
1;2025-11-06;8;2019
1;2025-11-06;9;1558
1;2025-11-06;10;1390
1;2025-11-06;11;1428
1;2025-11-06;12;1485
1;2025-11-06;13;1510
1;2025-11-06;14;1458
1;2025-11-06;15;1623
1;2025-11-06;16;1612
1;2025-11-06;17;1871
1;2025-11-06;18;1930
1;2025-11-06;19;1440
1;2025-11-06;20;938
1;2025-11-06;21;516
1;2025-11-06;22;228
1;2025-11-06;23;51
1;2025-11-07;0;6
1;2025-11-07;1;0
1;2025-11-07;2;0
1;2025-11-07;3;0
1;2025-11-07;4;6
1;2025-11-07;5;142
1;2025-11-07;6;556
1;2025-11-07;7;1602
1;2025-11-07;8;1911
1;2025-11-07;9;1498
1;2025-11-07;10;1338
1;2025-11-07;11;1480
1;2025-11-07;12;1453
1;2025-11-07;13;1505
1;2025-11-07;14;1412
1;2025-11-07;15;1593
1;2025-11-07;16;1684
1;2025-11-07;17;1844
1;2025-11-07;18;1601
1;2025-11-07;19;1268
1;2025-11-07;20;850
1;2025-11-07;21;538
1;2025-11-07;22;235
1;2025-11-07;23;63
1;2025-11-08;0;9
1;2025-11-08;1;0
1;2025-11-08;2;0
1;2025-11-08;3;0
1;2025-11-08;4;0
1;2025-11-08;5;35
1;2025-11-08;6;178
1;2025-11-08;7;374
1;2025-11-08;8;512
1;2025-11-08;9;812
1;2025-11-08;10;958
1;2025-11-08;11;930
1;2025-11-08;12;1153
1;2025-11-08;13;1190
1;2025-11-08;14;1123
1;2025-11-08;15;959
1;2025-11-08;16;853
1;2025-11-08;17;804
1;2025-11-08;18;685
1;2025-11-08;19;600
1;2025-11-08;20;459
1;2025-11-08;21;324
1;2025-11-08;22;144
1;2025-11-08;23;37
1;2025-11-09;0;0
1;2025-11-09;1;0
1;2025-11-09;2;0
1;2025-11-09;3;0
1;2025-11-09;4;0
1;2025-11-09;5;26
1;2025-11-09;6;130
1;2025-11-09;7;258
1;2025-11-09;8;359
1;2025-11-09;9;621
1;2025-11-09;10;728
1;2025-11-09;11;748
1;2025-11-09;12;887
1;2025-11-09;13;937
1;2025-11-09;14;836
1;2025-11-09;15;757
1;2025-11-09;16;688
1;2025-11-09;17;622
1;2025-11-09;18;534
1;2025-11-09;19;448
1;2025-11-09;20;360
1;2025-11-09;21;279
1;2025-11-09;22;113
1;2025-11-09;23;32
1;2025-11-10;0;4
1;2025-11-10;1;0
1;2025-11-10;2;0
1;2025-11-10;3;0
1;2025-11-10;4;8
1;2025-11-10;5;134
1;2025-11-10;6;562
1;2025-11-10;7;1545
1;2025-11-10;8;1965
1;2025-11-10;9;1516
1;2025-11-10;10;1353
1;2025-11-10;11;1390
1;2025-11-10;12;1445
1;2025-11-10;13;1470
1;2025-11-10;14;1419
1;2025-11-10;15;1580
1;2025-11-10;16;1569
1;2025-11-10;17;1821
1;2025-11-10;18;1878
1;2025-11-10;19;1401
1;2025-11-10;20;912
1;2025-11-10;21;502
1;2025-11-10;22;222
1;2025-11-10;23;50
1;2025-11-11;0;4
1;2025-11-11;1;0
1;2025-11-11;2;0
1;2025-11-11;3;0
1;2025-11-11;4;9
1;2025-11-11;5;137
1;2025-11-11;6;578
1;2025-11-11;7;1588
1;2025-11-11;8;2019
1;2025-11-11;9;1558
1;2025-11-11;10;1390
1;2025-11-11;11;1428
1;2025-11-11;12;1485
1;2025-11-11;13;1510
1;2025-11-11;14;1458
1;2025-11-11;15;1623
1;2025-11-11;16;1612
1;2025-11-11;17;1871
1;2025-11-11;18;1930
1;2025-11-11;19;1440
1;2025-11-11;20;938
1;2025-11-11;21;516
1;2025-11-11;22;228
1;2025-11-11;23;51
1;2025-11-12;0;4
1;2025-11-12;1;0
1;2025-11-12;2;0
1;2025-11-12;3;0
1;2025-11-12;4;9
1;2025-11-12;5;137
1;2025-11-12;6;578
1;2025-11-12;7;1588
1;2025-11-12;8;2019
1;2025-11-12;9;1558
1;2025-11-12;10;1390
1;2025-11-12;11;1428
1;2025-11-12;12;1485
1;2025-11-12;13;1510
1;2025-11-12;14;1458
1;2025-11-12;15;1623
1;2025-11-12;16;1612
1;2025-11-12;17;1871
1;2025-11-12;18;1930
1;2025-11-12;19;1440
1;2025-11-12;20;938
1;2025-11-12;21;516
1;2025-11-12;22;228
1;2025-11-12;23;51
1;2025-11-13;0;4
1;2025-11-13;1;0
1;2025-11-13;2;0
1;2025-11-13;3;0
1;2025-11-13;4;9
1;2025-11-13;5;137
1;2025-11-13;6;578
1;2025-11-13;7;1588
1;2025-11-13;8;2019
1;2025-11-13;9;1558
1;2025-11-13;10;1390
1;2025-11-13;11;1428
1;2025-11-13;12;1485
1;2025-11-13;13;1510
1;2025-11-13;14;1458
1;2025-11-13;15;1623
1;2025-11-13;16;1612
1;2025-11-13;17;1871
1;2025-11-13;18;1930
1;2025-11-13;19;1440
1;2025-11-13;20;938
1;2025-11-13;21;516
1;2025-11-13;22;228
1;2025-11-13;23;51
1;2025-11-14;0;6
1;2025-11-14;1;0
1;2025-11-14;2;0
1;2025-11-14;3;0
1;2025-11-14;4;6
1;2025-11-14;5;142
1;2025-11-14;6;556
1;2025-11-14;7;1602
1;2025-11-14;8;1911
1;2025-11-14;9;1498
1;2025-11-14;10;1338
1;2025-11-14;11;1480
1;2025-11-14;12;1453
1;2025-11-14;13;1505
1;2025-11-14;14;1412
1;2025-11-14;15;1593
1;2025-11-14;16;1684
1;2025-11-14;17;1844
1;2025-11-14;18;1601
1;2025-11-14;19;1268
1;2025-11-14;20;850
1;2025-11-14;21;538
1;2025-11-14;22;235
1;2025-11-14;23;63
1;2025-11-15;0;9
1;2025-11-15;1;0
1;2025-11-15;2;0
1;2025-11-15;3;0
1;2025-11-15;4;0
1;2025-11-15;5;35
1;2025-11-15;6;178
1;2025-11-15;7;374
1;2025-11-15;8;512
1;2025-11-15;9;812
1;2025-11-15;10;958
1;2025-11-15;11;930
1;2025-11-15;12;1153
1;2025-11-15;13;1190
1;2025-11-15;14;1123
1;2025-11-15;15;959
1;2025-11-15;16;853
1;2025-11-15;17;804
1;2025-11-15;18;685
1;2025-11-15;19;600
1;2025-11-15;20;459
1;2025-11-15;21;324
1;2025-11-15;22;144
1;2025-11-15;23;37
1;2025-11-16;0;0
1;2025-11-16;1;0
1;2025-11-16;2;0
1;2025-11-16;3;0
1;2025-11-16;4;0
1;2025-11-16;5;26
1;2025-11-16;6;130
1;2025-11-16;7;258
1;2025-11-16;8;359
1;2025-11-16;9;621
1;2025-11-16;10;728
1;2025-11-16;11;748
1;2025-11-16;12;887
1;2025-11-16;13;937
1;2025-11-16;14;836
1;2025-11-16;15;757
1;2025-11-16;16;688
1;2025-11-16;17;622
1;2025-11-16;18;534
1;2025-11-16;19;448
1;2025-11-16;20;360
1;2025-11-16;21;279
1;2025-11-16;22;113
1;2025-11-16;23;32
1;2025-11-17;0;4
1;2025-11-17;1;0
1;2025-11-17;2;0
1;2025-11-17;3;0
1;2025-11-17;4;8
1;2025-11-17;5;134
1;2025-11-17;6;562
1;2025-11-17;7;1545
1;2025-11-17;8;1965
1;2025-11-17;9;1516
1;2025-11-17;10;1353
1;2025-11-17;11;1390
1;2025-11-17;12;1445
1;2025-11-17;13;1470
1;2025-11-17;14;1419
1;2025-11-17;15;1580
1;2025-11-17;16;1569
1;2025-11-17;17;1821
1;2025-11-17;18;1878
1;2025-11-17;19;1401
1;2025-11-17;20;912
1;2025-11-17;21;502
1;2025-11-17;22;222
1;2025-11-17;23;50
1;2025-11-18;0;4
1;2025-11-18;1;0
1;2025-11-18;2;0
1;2025-11-18;3;0
1;2025-11-18;4;9
1;2025-11-18;5;137
1;2025-11-18;6;578
1;2025-11-18;7;1588
1;2025-11-18;8;2019
1;2025-11-18;9;1558
1;2025-11-18;10;1390
1;2025-11-18;11;1428
1;2025-11-18;12;1485
1;2025-11-18;13;1510
1;2025-11-18;14;1458
1;2025-11-18;15;1623
1;2025-11-18;16;1612
1;2025-11-18;17;1871
1;2025-11-18;18;1930
1;2025-11-18;19;1440
1;2025-11-18;20;938
1;2025-11-18;21;516
1;2025-11-18;22;228
1;2025-11-18;23;51
1;2025-11-19;0;4
1;2025-11-19;1;0
1;2025-11-19;2;0
1;2025-11-19;3;0
1;2025-11-19;4;9
1;2025-11-19;5;137
1;2025-11-19;6;578
1;2025-11-19;7;1588
1;2025-11-19;8;2019
1;2025-11-19;9;1558
1;2025-11-19;10;1390
1;2025-11-19;11;1428
1;2025-11-19;12;1485
1;2025-11-19;13;1510
1;2025-11-19;14;1458
1;2025-11-19;15;1623
1;2025-11-19;16;1612
1;2025-11-19;17;1871
1;2025-11-19;18;1930
1;2025-11-19;19;1440
1;2025-11-19;20;938
1;2025-11-19;21;516
1;2025-11-19;22;228
1;2025-11-19;23;51
1;2025-11-20;0;4
1;2025-11-20;1;0
1;2025-11-20;2;0
1;2025-11-20;3;0
1;2025-11-20;4;9
1;2025-11-20;5;137
1;2025-11-20;6;578
1;2025-11-20;7;1588
1;2025-11-20;8;2019
1;2025-11-20;9;1558
1;2025-11-20;10;1390
1;2025-11-20;11;1428
1;2025-11-20;12;1485
1;2025-11-20;13;1510
1;2025-11-20;14;1458
1;2025-11-20;15;1623
1;2025-11-20;16;1612
1;2025-11-20;17;1871
1;2025-11-20;18;1930
1;2025-11-20;19;1440
1;2025-11-20;20;938
1;2025-11-20;21;516
1;2025-11-20;22;228
1;2025-11-20;23;51
1;2025-11-21;0;6
1;2025-11-21;1;0
1;2025-11-21;2;0
1;2025-11-21;3;0
1;2025-11-21;4;6
1;2025-11-21;5;142
1;2025-11-21;6;556
1;2025-11-21;7;1602
1;2025-11-21;8;1911
1;2025-11-21;9;1498
1;2025-11-21;10;1338
1;2025-11-21;11;1480
1;2025-11-21;12;1453
1;2025-11-21;13;1505
1;2025-11-21;14;1412
1;2025-11-21;15;1593
1;2025-11-21;16;1684
1;2025-11-21;17;1844
1;2025-11-21;18;1601
1;2025-11-21;19;1268
1;2025-11-21;20;850
1;2025-11-21;21;538
1;2025-11-21;22;235
1;2025-11-21;23;63
1;2025-11-22;0;9
1;2025-11-22;1;0
1;2025-11-22;2;0
1;2025-11-22;3;0
1;2025-11-22;4;0
1;2025-11-22;5;35
1;2025-11-22;6;178
1;2025-11-22;7;374
1;2025-11-22;8;512
1;2025-11-22;9;812
1;2025-11-22;10;958
1;2025-11-22;11;930
1;2025-11-22;12;1153
1;2025-11-22;13;1190
1;2025-11-22;14;1123
1;2025-11-22;15;959
1;2025-11-22;16;853
1;2025-11-22;17;804
1;2025-11-22;18;685
1;2025-11-22;19;600
1;2025-11-22;20;459
1;2025-11-22;21;324
1;2025-11-22;22;144
1;2025-11-22;23;37
1;2025-11-23;0;0
1;2025-11-23;1;0
1;2025-11-23;2;0
1;2025-11-23;3;0
1;2025-11-23;4;0
1;2025-11-23;5;26
1;2025-11-23;6;130
1;2025-11-23;7;258
1;2025-11-23;8;359
1;2025-11-23;9;621
1;2025-11-23;10;728
1;2025-11-23;11;748
1;2025-11-23;12;887
1;2025-11-23;13;937
1;2025-11-23;14;836
1;2025-11-23;15;757
1;2025-11-23;16;688
1;2025-11-23;17;622
1;2025-11-23;18;534
1;2025-11-23;19;448
1;2025-11-23;20;360
1;2025-11-23;21;279
1;2025-11-23;22;113
1;2025-11-23;23;32
1;2025-11-24;0;4
1;2025-11-24;1;0
1;2025-11-24;2;0
1;2025-11-24;3;0
1;2025-11-24;4;8
1;2025-11-24;5;134
1;2025-11-24;6;562
1;2025-11-24;7;1545
1;2025-11-24;8;1965
1;2025-11-24;9;1516
1;2025-11-24;10;1353
1;2025-11-24;11;1390
1;2025-11-24;12;1445
1;2025-11-24;13;1470
1;2025-11-24;14;1419
1;2025-11-24;15;1580
1;2025-11-24;16;1569
1;2025-11-24;17;1821
1;2025-11-24;18;1878
1;2025-11-24;19;1401
1;2025-11-24;20;912
1;2025-11-24;21;502
1;2025-11-24;22;222
1;2025-11-24;23;50
1;2025-11-25;0;4
1;2025-11-25;1;0
1;2025-11-25;2;0
1;2025-11-25;3;0
1;2025-11-25;4;9
1;2025-11-25;5;137
1;2025-11-25;6;578
1;2025-11-25;7;1588
1;2025-11-25;8;2019
1;2025-11-25;9;1558
1;2025-11-25;10;1390
1;2025-11-25;11;1428
1;2025-11-25;12;1485
1;2025-11-25;13;1510
1;2025-11-25;14;1458
1;2025-11-25;15;1623
1;2025-11-25;16;1612
1;2025-11-25;17;1871
1;2025-11-25;18;1930
1;2025-11-25;19;1440
1;2025-11-25;20;938
1;2025-11-25;21;516
1;2025-11-25;22;228
1;2025-11-25;23;51
1;2025-11-26;0;4
1;2025-11-26;1;0
1;2025-11-26;2;0
1;2025-11-26;3;0
1;2025-11-26;4;9
1;2025-11-26;5;137
1;2025-11-26;6;578
1;2025-11-26;7;1588
1;2025-11-26;8;2019
1;2025-11-26;9;1558
1;2025-11-26;10;1390
1;2025-11-26;11;1428
1;2025-11-26;12;1485
1;2025-11-26;13;1510
1;2025-11-26;14;1458
1;2025-11-26;15;1623
1;2025-11-26;16;1612
1;2025-11-26;17;1871
1;2025-11-26;18;1930
1;2025-11-26;19;1440
1;2025-11-26;20;938
1;2025-11-26;21;516
1;2025-11-26;22;228
1;2025-11-26;23;51
1;2025-11-27;0;4
1;2025-11-27;1;0
1;2025-11-27;2;0
1;2025-11-27;3;0
1;2025-11-27;4;9
1;2025-11-27;5;137
1;2025-11-27;6;578
1;2025-11-27;7;1588
1;2025-11-27;8;2019
1;2025-11-27;9;1558
1;2025-11-27;10;1390
1;2025-11-27;11;1428
1;2025-11-27;12;1485
1;2025-11-27;13;1510
1;2025-11-27;14;1458
1;2025-11-27;15;1623
1;2025-11-27;16;1612
1;2025-11-27;17;1871
1;2025-11-27;18;1930
1;2025-11-27;19;1440
1;2025-11-27;20;938
1;2025-11-27;21;516
1;2025-11-27;22;228
1;2025-11-27;23;51
1;2025-11-28;0;6
1;2025-11-28;1;0
1;2025-11-28;2;0
1;2025-11-28;3;0
1;2025-11-28;4;6
1;2025-11-28;5;142
1;2025-11-28;6;556
1;2025-11-28;7;1602
1;2025-11-28;8;1911
1;2025-11-28;9;1498
1;2025-11-28;10;1338
1;2025-11-28;11;1480
1;2025-11-28;12;1453
1;2025-11-28;13;1505
1;2025-11-28;14;1412
1;2025-11-28;15;1593
1;2025-11-28;16;1684
1;2025-11-28;17;1844
1;2025-11-28;18;1601
1;2025-11-28;19;1268
1;2025-11-28;20;850
1;2025-11-28;21;538
1;2025-11-28;22;235
1;2025-11-28;23;63
1;2025-11-29;0;9
1;2025-11-29;1;0
1;2025-11-29;2;0
1;2025-11-29;3;0
1;2025-11-29;4;0
1;2025-11-29;5;35
1;2025-11-29;6;178
1;2025-11-29;7;374
1;2025-11-29;8;512
1;2025-11-29;9;812
1;2025-11-29;10;958
1;2025-11-29;11;930
1;2025-11-29;12;1153
1;2025-11-29;13;1190
1;2025-11-29;14;1123
1;2025-11-29;15;959
1;2025-11-29;16;853
1;2025-11-29;17;804
1;2025-11-29;18;685
1;2025-11-29;19;600
1;2025-11-29;20;459
1;2025-11-29;21;324
1;2025-11-29;22;144
1;2025-11-29;23;37
1;2025-11-30;0;0
1;2025-11-30;1;0
1;2025-11-30;2;0
1;2025-11-30;3;0
1;2025-11-30;4;0
1;2025-11-30;5;26
1;2025-11-30;6;130
1;2025-11-30;7;258
1;2025-11-30;8;359
1;2025-11-30;9;621
1;2025-11-30;10;728
1;2025-11-30;11;748
1;2025-11-30;12;887
1;2025-11-30;13;937
1;2025-11-30;14;836
1;2025-11-30;15;757
1;2025-11-30;16;688
1;2025-11-30;17;622
1;2025-11-30;18;534
1;2025-11-30;19;448
1;2025-11-30;20;360
1;2025-11-30;21;279
1;2025-11-30;22;113
1;2025-11-30;23;32
1;2025-12-01;0;4
1;2025-12-01;1;0
1;2025-12-01;2;0
1;2025-12-01;3;0
1;2025-12-01;4;8
1;2025-12-01;5;136
1;2025-12-01;6;572
1;2025-12-01;7;1549
1;2025-12-01;8;1953
1;2025-12-01;9;1515
1;2025-12-01;10;1348
1;2025-12-01;11;1395
1;2025-12-01;12;1448
1;2025-12-01;13;1466
1;2025-12-01;14;1417
1;2025-12-01;15;1584
1;2025-12-01;16;1567
1;2025-12-01;17;1815
1;2025-12-01;18;1870
1;2025-12-01;19;1400
1;2025-12-01;20;912
1;2025-12-01;21;506
1;2025-12-01;22;229
1;2025-12-01;23;52
1;2025-12-02;0;4
1;2025-12-02;1;0
1;2025-12-02;2;0
1;2025-12-02;3;0
1;2025-12-02;4;8
1;2025-12-02;5;139
1;2025-12-02;6;588
1;2025-12-02;7;1592
1;2025-12-02;8;2007
1;2025-12-02;9;1557
1;2025-12-02;10;1385
1;2025-12-02;11;1434
1;2025-12-02;12;1488
1;2025-12-02;13;1506
1;2025-12-02;14;1456
1;2025-12-02;15;1628
1;2025-12-02;16;1610
1;2025-12-02;17;1865
1;2025-12-02;18;1921
1;2025-12-02;19;1438
1;2025-12-02;20;937
1;2025-12-02;21;520
1;2025-12-02;22;235
1;2025-12-02;23;53
1;2025-12-03;0;4
1;2025-12-03;1;0
1;2025-12-03;2;0
1;2025-12-03;3;0
1;2025-12-03;4;8
1;2025-12-03;5;139
1;2025-12-03;6;588
1;2025-12-03;7;1592
1;2025-12-03;8;2007
1;2025-12-03;9;1557
1;2025-12-03;10;1385
1;2025-12-03;11;1434
1;2025-12-03;12;1488
1;2025-12-03;13;1506
1;2025-12-03;14;1456
1;2025-12-03;15;1628
1;2025-12-03;16;1610
1;2025-12-03;17;1865
1;2025-12-03;18;1921
1;2025-12-03;19;1438
1;2025-12-03;20;937
1;2025-12-03;21;520
1;2025-12-03;22;235
1;2025-12-03;23;53
1;2025-12-04;0;4
1;2025-12-04;1;0
1;2025-12-04;2;0
1;2025-12-04;3;0
1;2025-12-04;4;8
1;2025-12-04;5;139
1;2025-12-04;6;588
1;2025-12-04;7;1592
1;2025-12-04;8;2007
1;2025-12-04;9;1557
1;2025-12-04;10;1385
1;2025-12-04;11;1434
1;2025-12-04;12;1488
1;2025-12-04;13;1506
1;2025-12-04;14;1456
1;2025-12-04;15;1628
1;2025-12-04;16;1610
1;2025-12-04;17;1865
1;2025-12-04;18;1921
1;2025-12-04;19;1438
1;2025-12-04;20;937
1;2025-12-04;21;520
1;2025-12-04;22;235
1;2025-12-04;23;53
1;2025-12-05;0;6
1;2025-12-05;1;0
1;2025-12-05;2;0
1;2025-12-05;3;0
1;2025-12-05;4;6
1;2025-12-05;5;141
1;2025-12-05;6;565
1;2025-12-05;7;1600
1;2025-12-05;8;1903
1;2025-12-05;9;1493
1;2025-12-05;10;1335
1;2025-12-05;11;1487
1;2025-12-05;12;1455
1;2025-12-05;13;1508
1;2025-12-05;14;1415
1;2025-12-05;15;1596
1;2025-12-05;16;1680
1;2025-12-05;17;1823
1;2025-12-05;18;1606
1;2025-12-05;19;1259
1;2025-12-05;20;851
1;2025-12-05;21;543
1;2025-12-05;22;245
1;2025-12-05;23;67
1;2025-12-06;0;9
1;2025-12-06;1;0
1;2025-12-06;2;0
1;2025-12-06;3;0
1;2025-12-06;4;0
1;2025-12-06;5;35
1;2025-12-06;6;181
1;2025-12-06;7;374
1;2025-12-06;8;510
1;2025-12-06;9;814
1;2025-12-06;10;952
1;2025-12-06;11;922
1;2025-12-06;12;1151
1;2025-12-06;13;1184
1;2025-12-06;14;1122
1;2025-12-06;15;955
1;2025-12-06;16;857
1;2025-12-06;17;808
1;2025-12-06;18;685
1;2025-12-06;19;602
1;2025-12-06;20;459
1;2025-12-06;21;326
1;2025-12-06;22;148
1;2025-12-06;23;40
1;2025-12-07;0;0
1;2025-12-07;1;0
1;2025-12-07;2;0
1;2025-12-07;3;0
1;2025-12-07;4;0
1;2025-12-07;5;27
1;2025-12-07;6;133
1;2025-12-07;7;256
1;2025-12-07;8;359
1;2025-12-07;9;621
1;2025-12-07;10;736
1;2025-12-07;11;752
1;2025-12-07;12;896
1;2025-12-07;13;950
1;2025-12-07;14;841
1;2025-12-07;15;764
1;2025-12-07;16;692
1;2025-12-07;17;630
1;2025-12-07;18;539
1;2025-12-07;19;449
1;2025-12-07;20;365
1;2025-12-07;21;280
1;2025-12-07;22;115
1;2025-12-07;23;34
1;2025-12-08;0;4
1;2025-12-08;1;0
1;2025-12-08;2;0
1;2025-12-08;3;0
1;2025-12-08;4;8
1;2025-12-08;5;136
1;2025-12-08;6;572
1;2025-12-08;7;1549
1;2025-12-08;8;1953
1;2025-12-08;9;1515
1;2025-12-08;10;1348
1;2025-12-08;11;1395
1;2025-12-08;12;1448
1;2025-12-08;13;1466
1;2025-12-08;14;1417
1;2025-12-08;15;1584
1;2025-12-08;16;1567
1;2025-12-08;17;1815
1;2025-12-08;18;1870
1;2025-12-08;19;1400
1;2025-12-08;20;912
1;2025-12-08;21;506
1;2025-12-08;22;229
1;2025-12-08;23;52
1;2025-12-09;0;4
1;2025-12-09;1;0
1;2025-12-09;2;0
1;2025-12-09;3;0
1;2025-12-09;4;8
1;2025-12-09;5;139
1;2025-12-09;6;588
1;2025-12-09;7;1592
1;2025-12-09;8;2007
1;2025-12-09;9;1557
1;2025-12-09;10;1385
1;2025-12-09;11;1434
1;2025-12-09;12;1488
1;2025-12-09;13;1506
1;2025-12-09;14;1456
1;2025-12-09;15;1628
1;2025-12-09;16;1610
1;2025-12-09;17;1865
1;2025-12-09;18;1921
1;2025-12-09;19;1438
1;2025-12-09;20;937
1;2025-12-09;21;520
1;2025-12-09;22;235
1;2025-12-09;23;53
1;2025-12-10;0;4
1;2025-12-10;1;0
1;2025-12-10;2;0
1;2025-12-10;3;0
1;2025-12-10;4;8
1;2025-12-10;5;139
1;2025-12-10;6;588
1;2025-12-10;7;1592
1;2025-12-10;8;2007
1;2025-12-10;9;1557
1;2025-12-10;10;1385
1;2025-12-10;11;1434
1;2025-12-10;12;1488
1;2025-12-10;13;1506
1;2025-12-10;14;1456
1;2025-12-10;15;1628
1;2025-12-10;16;1610
1;2025-12-10;17;1865
1;2025-12-10;18;1921
1;2025-12-10;19;1438
1;2025-12-10;20;937
1;2025-12-10;21;520
1;2025-12-10;22;235
1;2025-12-10;23;53
1;2025-12-11;0;4
1;2025-12-11;1;0
1;2025-12-11;2;0
1;2025-12-11;3;0
1;2025-12-11;4;8
1;2025-12-11;5;139
1;2025-12-11;6;588
1;2025-12-11;7;1592
1;2025-12-11;8;2007
1;2025-12-11;9;1557
1;2025-12-11;10;1385
1;2025-12-11;11;1434
1;2025-12-11;12;1488
1;2025-12-11;13;1506
1;2025-12-11;14;1456
1;2025-12-11;15;1628
1;2025-12-11;16;1610
1;2025-12-11;17;1865
1;2025-12-11;18;1921
1;2025-12-11;19;1438
1;2025-12-11;20;937
1;2025-12-11;21;520
1;2025-12-11;22;235
1;2025-12-11;23;53
1;2025-12-12;0;6
1;2025-12-12;1;0
1;2025-12-12;2;0
1;2025-12-12;3;0
1;2025-12-12;4;6
1;2025-12-12;5;141
1;2025-12-12;6;565
1;2025-12-12;7;1600
1;2025-12-12;8;1903
1;2025-12-12;9;1493
1;2025-12-12;10;1335
1;2025-12-12;11;1487
1;2025-12-12;12;1455
1;2025-12-12;13;1508
1;2025-12-12;14;1415
1;2025-12-12;15;1596
1;2025-12-12;16;1680
1;2025-12-12;17;1823
1;2025-12-12;18;1606
1;2025-12-12;19;1259
1;2025-12-12;20;851
1;2025-12-12;21;543
1;2025-12-12;22;245
1;2025-12-12;23;67
1;2025-12-13;0;9
1;2025-12-13;1;0
1;2025-12-13;2;0
1;2025-12-13;3;0
1;2025-12-13;4;0
1;2025-12-13;5;35
1;2025-12-13;6;181
1;2025-12-13;7;374
1;2025-12-13;8;510
1;2025-12-13;9;814
1;2025-12-13;10;952
1;2025-12-13;11;922
1;2025-12-13;12;1151
1;2025-12-13;13;1184
1;2025-12-13;14;1122
1;2025-12-13;15;955
1;2025-12-13;16;857
1;2025-12-13;17;808
1;2025-12-13;18;685
1;2025-12-13;19;602
1;2025-12-13;20;459
1;2025-12-13;21;326
1;2025-12-13;22;148
1;2025-12-13;23;40
1;2025-12-14;0;0
1;2025-12-14;1;0
1;2025-12-14;2;0
1;2025-12-14;3;0
1;2025-12-14;4;0
1;2025-12-14;5;27
1;2025-12-14;6;133
1;2025-12-14;7;256
1;2025-12-14;8;359
1;2025-12-14;9;621
1;2025-12-14;10;736
1;2025-12-14;11;752
1;2025-12-14;12;896
1;2025-12-14;13;950
1;2025-12-14;14;841
1;2025-12-14;15;764
1;2025-12-14;16;692
1;2025-12-14;17;630
1;2025-12-14;18;539
1;2025-12-14;19;449
1;2025-12-14;20;365
1;2025-12-14;21;280
1;2025-12-14;22;115
1;2025-12-14;23;34
1;2025-12-15;0;4
1;2025-12-15;1;0
1;2025-12-15;2;0
1;2025-12-15;3;0
1;2025-12-15;4;8
1;2025-12-15;5;136
1;2025-12-15;6;572
1;2025-12-15;7;1549
1;2025-12-15;8;1953
1;2025-12-15;9;1515
1;2025-12-15;10;1348
1;2025-12-15;11;1395
1;2025-12-15;12;1448
1;2025-12-15;13;1466
1;2025-12-15;14;1417
1;2025-12-15;15;1584
1;2025-12-15;16;1567
1;2025-12-15;17;1815
1;2025-12-15;18;1870
1;2025-12-15;19;1400
1;2025-12-15;20;912
1;2025-12-15;21;506
1;2025-12-15;22;229
1;2025-12-15;23;52
1;2025-12-16;0;4
1;2025-12-16;1;0
1;2025-12-16;2;0
1;2025-12-16;3;0
1;2025-12-16;4;8
1;2025-12-16;5;139
1;2025-12-16;6;588
1;2025-12-16;7;1592
1;2025-12-16;8;2007
1;2025-12-16;9;1557
1;2025-12-16;10;1385
1;2025-12-16;11;1434
1;2025-12-16;12;1488
1;2025-12-16;13;1506
1;2025-12-16;14;1456
1;2025-12-16;15;1628
1;2025-12-16;16;1610
1;2025-12-16;17;1865
1;2025-12-16;18;1921
1;2025-12-16;19;1438
1;2025-12-16;20;937
1;2025-12-16;21;520
1;2025-12-16;22;235
1;2025-12-16;23;53
1;2025-12-17;0;4
1;2025-12-17;1;0
1;2025-12-17;2;0
1;2025-12-17;3;0
1;2025-12-17;4;8
1;2025-12-17;5;139
1;2025-12-17;6;588
1;2025-12-17;7;1592
1;2025-12-17;8;2007
1;2025-12-17;9;1557
1;2025-12-17;10;1385
1;2025-12-17;11;1434
1;2025-12-17;12;1488
1;2025-12-17;13;1506
1;2025-12-17;14;1456
1;2025-12-17;15;1628
1;2025-12-17;16;1610
1;2025-12-17;17;1865
1;2025-12-17;18;1921
1;2025-12-17;19;1438
1;2025-12-17;20;937
1;2025-12-17;21;520
1;2025-12-17;22;235
1;2025-12-17;23;53
1;2025-12-18;0;4
1;2025-12-18;1;0
1;2025-12-18;2;0
1;2025-12-18;3;0
1;2025-12-18;4;8
1;2025-12-18;5;139
1;2025-12-18;6;588
1;2025-12-18;7;1592
1;2025-12-18;8;2007
1;2025-12-18;9;1557
1;2025-12-18;10;1385
1;2025-12-18;11;1434
1;2025-12-18;12;1488
1;2025-12-18;13;1506
1;2025-12-18;14;1456
1;2025-12-18;15;1628
1;2025-12-18;16;1610
1;2025-12-18;17;1865
1;2025-12-18;18;1921
1;2025-12-18;19;1438
1;2025-12-18;20;937
1;2025-12-18;21;520
1;2025-12-18;22;235
1;2025-12-18;23;53
1;2025-12-19;0;6
1;2025-12-19;1;0
1;2025-12-19;2;0
1;2025-12-19;3;0
1;2025-12-19;4;6
1;2025-12-19;5;141
1;2025-12-19;6;565
1;2025-12-19;7;1600
1;2025-12-19;8;1903
1;2025-12-19;9;1493
1;2025-12-19;10;1335
1;2025-12-19;11;1487
1;2025-12-19;12;1455
1;2025-12-19;13;1508
1;2025-12-19;14;1415
1;2025-12-19;15;1596
1;2025-12-19;16;1680
1;2025-12-19;17;1823
1;2025-12-19;18;1606
1;2025-12-19;19;1259
1;2025-12-19;20;851
1;2025-12-19;21;543
1;2025-12-19;22;245
1;2025-12-19;23;67
1;2025-12-20;0;9
1;2025-12-20;1;0
1;2025-12-20;2;0
1;2025-12-20;3;0
1;2025-12-20;4;0
1;2025-12-20;5;35
1;2025-12-20;6;181
1;2025-12-20;7;374
1;2025-12-20;8;510
1;2025-12-20;9;814
1;2025-12-20;10;952
1;2025-12-20;11;922
1;2025-12-20;12;1151
1;2025-12-20;13;1184
1;2025-12-20;14;1122
1;2025-12-20;15;955
1;2025-12-20;16;857
1;2025-12-20;17;808
1;2025-12-20;18;685
1;2025-12-20;19;602
1;2025-12-20;20;459
1;2025-12-20;21;326
1;2025-12-20;22;148
1;2025-12-20;23;40
1;2025-12-21;0;0
1;2025-12-21;1;0
1;2025-12-21;2;0
1;2025-12-21;3;0
1;2025-12-21;4;0
1;2025-12-21;5;27
1;2025-12-21;6;133
1;2025-12-21;7;256
1;2025-12-21;8;359
1;2025-12-21;9;621
1;2025-12-21;10;736
1;2025-12-21;11;752
1;2025-12-21;12;896
1;2025-12-21;13;950
1;2025-12-21;14;841
1;2025-12-21;15;764
1;2025-12-21;16;692
1;2025-12-21;17;630
1;2025-12-21;18;539
1;2025-12-21;19;449
1;2025-12-21;20;365
1;2025-12-21;21;280
1;2025-12-21;22;115
1;2025-12-21;23;34
1;2025-12-22;0;4
1;2025-12-22;1;0
1;2025-12-22;2;0
1;2025-12-22;3;0
1;2025-12-22;4;8
1;2025-12-22;5;136
1;2025-12-22;6;572
1;2025-12-22;7;1549
1;2025-12-22;8;1953
1;2025-12-22;9;1515
1;2025-12-22;10;1348
1;2025-12-22;11;1395
1;2025-12-22;12;1448
1;2025-12-22;13;1466
1;2025-12-22;14;1417
1;2025-12-22;15;1584
1;2025-12-22;16;1567
1;2025-12-22;17;1815
1;2025-12-22;18;1870
1;2025-12-22;19;1400
1;2025-12-22;20;912
1;2025-12-22;21;506
1;2025-12-22;22;229
1;2025-12-22;23;52
1;2025-12-23;0;4
1;2025-12-23;1;0
1;2025-12-23;2;0
1;2025-12-23;3;0
1;2025-12-23;4;8
1;2025-12-23;5;139
1;2025-12-23;6;588
1;2025-12-23;7;1592
1;2025-12-23;8;2007
1;2025-12-23;9;1557
1;2025-12-23;10;1385
1;2025-12-23;11;1434
1;2025-12-23;12;1488
1;2025-12-23;13;1506
1;2025-12-23;14;1456
1;2025-12-23;15;1628
1;2025-12-23;16;1610
1;2025-12-23;17;1865
1;2025-12-23;18;1921
1;2025-12-23;19;1438
1;2025-12-23;20;937
1;2025-12-23;21;520
1;2025-12-23;22;235
1;2025-12-23;23;53
1;2025-12-24;0;4
1;2025-12-24;1;0
1;2025-12-24;2;0
1;2025-12-24;3;0
1;2025-12-24;4;8
1;2025-12-24;5;139
1;2025-12-24;6;588
1;2025-12-24;7;1592
1;2025-12-24;8;2007
1;2025-12-24;9;1557
1;2025-12-24;10;1385
1;2025-12-24;11;1434
1;2025-12-24;12;1488
1;2025-12-24;13;1506
1;2025-12-24;14;1456
1;2025-12-24;15;1628
1;2025-12-24;16;1610
1;2025-12-24;17;1865
1;2025-12-24;18;1921
1;2025-12-24;19;1438
1;2025-12-24;20;937
1;2025-12-24;21;520
1;2025-12-24;22;235
1;2025-12-24;23;53
1;2025-12-25;0;4
1;2025-12-25;1;0
1;2025-12-25;2;0
1;2025-12-25;3;0
1;2025-12-25;4;8
1;2025-12-25;5;139
1;2025-12-25;6;588
1;2025-12-25;7;1592
1;2025-12-25;8;2007
1;2025-12-25;9;1557
1;2025-12-25;10;1385
1;2025-12-25;11;1434
1;2025-12-25;12;1488
1;2025-12-25;13;1506
1;2025-12-25;14;1456
1;2025-12-25;15;1628
1;2025-12-25;16;1610
1;2025-12-25;17;1865
1;2025-12-25;18;1921
1;2025-12-25;19;1438
1;2025-12-25;20;937
1;2025-12-25;21;520
1;2025-12-25;22;235
1;2025-12-25;23;53
1;2025-12-26;0;6
1;2025-12-26;1;0
1;2025-12-26;2;0
1;2025-12-26;3;0
1;2025-12-26;4;6
1;2025-12-26;5;141
1;2025-12-26;6;565
1;2025-12-26;7;1600
1;2025-12-26;8;1903
1;2025-12-26;9;1493
1;2025-12-26;10;1335
1;2025-12-26;11;1487
1;2025-12-26;12;1455
1;2025-12-26;13;1508
1;2025-12-26;14;1415
1;2025-12-26;15;1596
1;2025-12-26;16;1680
1;2025-12-26;17;1823
1;2025-12-26;18;1606
1;2025-12-26;19;1259
1;2025-12-26;20;851
1;2025-12-26;21;543
1;2025-12-26;22;245
1;2025-12-26;23;67
1;2025-12-27;0;9
1;2025-12-27;1;0
1;2025-12-27;2;0
1;2025-12-27;3;0
1;2025-12-27;4;0
1;2025-12-27;5;35
1;2025-12-27;6;181
1;2025-12-27;7;374
1;2025-12-27;8;510
1;2025-12-27;9;814
1;2025-12-27;10;952
1;2025-12-27;11;922
1;2025-12-27;12;1151
1;2025-12-27;13;1184
1;2025-12-27;14;1122
1;2025-12-27;15;955
1;2025-12-27;16;857
1;2025-12-27;17;808
1;2025-12-27;18;685
1;2025-12-27;19;602
1;2025-12-27;20;459
1;2025-12-27;21;326
1;2025-12-27;22;148
1;2025-12-27;23;40
1;2025-12-28;0;0
1;2025-12-28;1;0
1;2025-12-28;2;0
1;2025-12-28;3;0
1;2025-12-28;4;0
1;2025-12-28;5;27
1;2025-12-28;6;133
1;2025-12-28;7;256
1;2025-12-28;8;359
1;2025-12-28;9;621
1;2025-12-28;10;736
1;2025-12-28;11;752
1;2025-12-28;12;896
1;2025-12-28;13;950
1;2025-12-28;14;841
1;2025-12-28;15;764
1;2025-12-28;16;692
1;2025-12-28;17;630
1;2025-12-28;18;539
1;2025-12-28;19;449
1;2025-12-28;20;365
1;2025-12-28;21;280
1;2025-12-28;22;115
1;2025-12-28;23;34
1;2025-12-29;0;4
1;2025-12-29;1;0
1;2025-12-29;2;0
1;2025-12-29;3;0
1;2025-12-29;4;7
1;2025-12-29;5;122
1;2025-12-29;6;515
1;2025-12-29;7;1394
1;2025-12-29;8;1758
1;2025-12-29;9;1364
1;2025-12-29;10;1213
1;2025-12-29;11;1256
1;2025-12-29;12;1303
1;2025-12-29;13;1319
1;2025-12-29;14;1275
1;2025-12-29;15;1426
1;2025-12-29;16;1410
1;2025-12-29;17;1633
1;2025-12-29;18;1683
1;2025-12-29;19;1260
1;2025-12-29;20;821
1;2025-12-29;21;456
1;2025-12-29;22;206
1;2025-12-29;23;47
1;2025-12-30;0;4
1;2025-12-30;1;0
1;2025-12-30;2;0
1;2025-12-30;3;0
1;2025-12-30;4;7
1;2025-12-30;5;118
1;2025-12-30;6;500
1;2025-12-30;7;1353
1;2025-12-30;8;1706
1;2025-12-30;9;1324
1;2025-12-30;10;1177
1;2025-12-30;11;1219
1;2025-12-30;12;1265
1;2025-12-30;13;1280
1;2025-12-30;14;1238
1;2025-12-30;15;1384
1;2025-12-30;16;1369
1;2025-12-30;17;1585
1;2025-12-30;18;1633
1;2025-12-30;19;1223
1;2025-12-30;20;797
1;2025-12-30;21;442
1;2025-12-30;22;200
1;2025-12-30;23;45
1;2025-12-31;0;5
1;2025-12-31;1;0
1;2025-12-31;2;0
1;2025-12-31;3;0
1;2025-12-31;4;0
1;2025-12-31;5;18
1;2025-12-31;6;92
1;2025-12-31;7;191
1;2025-12-31;8;260
1;2025-12-31;9;415
1;2025-12-31;10;485
1;2025-12-31;11;470
1;2025-12-31;12;587
1;2025-12-31;13;603
1;2025-12-31;14;572
1;2025-12-31;15;487
1;2025-12-31;16;437
1;2025-12-31;17;412
1;2025-12-31;18;349
1;2025-12-31;19;307
1;2025-12-31;20;23
1;2025-12-31;21;17
1;2025-12-31;22;7
1;2025-12-31;23;2
5;2025-11-01;0;0
5;2025-11-01;1;0
5;2025-11-01;2;0
5;2025-11-01;3;0
5;2025-11-01;4;0
5;2025-11-01;5;0
5;2025-11-01;6;0
5;2025-11-01;7;0
5;2025-11-01;8;0
5;2025-11-01;9;0
5;2025-11-01;10;0
5;2025-11-01;11;0
5;2025-11-01;12;0
5;2025-11-01;13;0
5;2025-11-01;14;0
5;2025-11-01;15;0
5;2025-11-01;16;0
5;2025-11-01;17;0
5;2025-11-01;18;0
5;2025-11-01;19;0
5;2025-11-01;20;0
5;2025-11-01;21;0
5;2025-11-01;22;0
5;2025-11-01;23;0
5;2025-11-02;0;0
5;2025-11-02;1;0
5;2025-11-02;2;0
5;2025-11-02;3;0
5;2025-11-02;4;0
5;2025-11-02;5;0
5;2025-11-02;6;0
5;2025-11-02;7;0
5;2025-11-02;8;0
5;2025-11-02;9;0
5;2025-11-02;10;0
5;2025-11-02;11;0
5;2025-11-02;12;0
5;2025-11-02;13;0
5;2025-11-02;14;0
5;2025-11-02;15;0
5;2025-11-02;16;0
5;2025-11-02;17;0
5;2025-11-02;18;0
5;2025-11-02;19;0
5;2025-11-02;20;0
5;2025-11-02;21;0
5;2025-11-02;22;0
5;2025-11-02;23;0
5;2025-11-03;0;0
5;2025-11-03;1;0
5;2025-11-03;2;0
5;2025-11-03;3;0
5;2025-11-03;4;0
5;2025-11-03;5;0
5;2025-11-03;6;0
5;2025-11-03;7;0
5;2025-11-03;8;0
5;2025-11-03;9;0
5;2025-11-03;10;0
5;2025-11-03;11;0
5;2025-11-03;12;0
5;2025-11-03;13;0
5;2025-11-03;14;0
5;2025-11-03;15;0
5;2025-11-03;16;0
5;2025-11-03;17;0
5;2025-11-03;18;0
5;2025-11-03;19;0
5;2025-11-03;20;0
5;2025-11-03;21;0
5;2025-11-03;22;0
5;2025-11-03;23;0
5;2025-11-04;0;0
5;2025-11-04;1;0
5;2025-11-04;2;0
5;2025-11-04;3;0
5;2025-11-04;4;0
5;2025-11-04;5;0
5;2025-11-04;6;0
5;2025-11-04;7;0
5;2025-11-04;8;0
5;2025-11-04;9;0
5;2025-11-04;10;0
5;2025-11-04;11;0
5;2025-11-04;12;0
5;2025-11-04;13;0
5;2025-11-04;14;0
5;2025-11-04;15;0
5;2025-11-04;16;0
5;2025-11-04;17;0
5;2025-11-04;18;0
5;2025-11-04;19;0
5;2025-11-04;20;0
5;2025-11-04;21;0
5;2025-11-04;22;0
5;2025-11-04;23;0
5;2025-11-05;0;0
5;2025-11-05;1;0
5;2025-11-05;2;0
5;2025-11-05;3;0
5;2025-11-05;4;0
5;2025-11-05;5;0
5;2025-11-05;6;0
5;2025-11-05;7;0
5;2025-11-05;8;0
5;2025-11-05;9;0
5;2025-11-05;10;0
5;2025-11-05;11;0
5;2025-11-05;12;0
5;2025-11-05;13;0
5;2025-11-05;14;0
5;2025-11-05;15;0
5;2025-11-05;16;0
5;2025-11-05;17;0
5;2025-11-05;18;0
5;2025-11-05;19;0
5;2025-11-05;20;0
5;2025-11-05;21;0
5;2025-11-05;22;0
5;2025-11-05;23;0
5;2025-11-06;0;0
5;2025-11-06;1;0
5;2025-11-06;2;0
5;2025-11-06;3;0
5;2025-11-06;4;0
5;2025-11-06;5;0
5;2025-11-06;6;0
5;2025-11-06;7;0
5;2025-11-06;8;0
5;2025-11-06;9;0
5;2025-11-06;10;0
5;2025-11-06;11;0
5;2025-11-06;12;0
5;2025-11-06;13;0
5;2025-11-06;14;0
5;2025-11-06;15;0
5;2025-11-06;16;0
5;2025-11-06;17;0
5;2025-11-06;18;0
5;2025-11-06;19;0
5;2025-11-06;20;0
5;2025-11-06;21;0
5;2025-11-06;22;0
5;2025-11-06;23;0
5;2025-11-07;0;0
5;2025-11-07;1;0
5;2025-11-07;2;0
5;2025-11-07;3;0
5;2025-11-07;4;0
5;2025-11-07;5;0
5;2025-11-07;6;0
5;2025-11-07;7;0
5;2025-11-07;8;0
5;2025-11-07;9;0
5;2025-11-07;10;0
5;2025-11-07;11;0
5;2025-11-07;12;0
5;2025-11-07;13;0
5;2025-11-07;14;0
5;2025-11-07;15;0
5;2025-11-07;16;0
5;2025-11-07;17;0
5;2025-11-07;18;0
5;2025-11-07;19;0
5;2025-11-07;20;0
5;2025-11-07;21;0
5;2025-11-07;22;0
5;2025-11-07;23;0
5;2025-11-08;0;0
5;2025-11-08;1;0
5;2025-11-08;2;0
5;2025-11-08;3;0
5;2025-11-08;4;0
5;2025-11-08;5;0
5;2025-11-08;6;0
5;2025-11-08;7;0
5;2025-11-08;8;0
5;2025-11-08;9;0
5;2025-11-08;10;0
5;2025-11-08;11;0
5;2025-11-08;12;0
5;2025-11-08;13;0
5;2025-11-08;14;0
5;2025-11-08;15;0
5;2025-11-08;16;0
5;2025-11-08;17;0
5;2025-11-08;18;0
5;2025-11-08;19;0
5;2025-11-08;20;0
5;2025-11-08;21;0
5;2025-11-08;22;0
5;2025-11-08;23;0
5;2025-11-09;0;0
5;2025-11-09;1;0
5;2025-11-09;2;0
5;2025-11-09;3;0
5;2025-11-09;4;0
5;2025-11-09;5;0
5;2025-11-09;6;0
5;2025-11-09;7;0
5;2025-11-09;8;0
5;2025-11-09;9;0
5;2025-11-09;10;0
5;2025-11-09;11;0
5;2025-11-09;12;0
5;2025-11-09;13;0
5;2025-11-09;14;0
5;2025-11-09;15;0
5;2025-11-09;16;0
5;2025-11-09;17;0
5;2025-11-09;18;0
5;2025-11-09;19;0
5;2025-11-09;20;0
5;2025-11-09;21;0
5;2025-11-09;22;0
5;2025-11-09;23;0
5;2025-11-10;0;0
5;2025-11-10;1;0
5;2025-11-10;2;0
5;2025-11-10;3;0
5;2025-11-10;4;0
5;2025-11-10;5;0
5;2025-11-10;6;0
5;2025-11-10;7;0
5;2025-11-10;8;0
5;2025-11-10;9;0
5;2025-11-10;10;0
5;2025-11-10;11;0
5;2025-11-10;12;0
5;2025-11-10;13;0
5;2025-11-10;14;0
5;2025-11-10;15;0
5;2025-11-10;16;0
5;2025-11-10;17;0
5;2025-11-10;18;0
5;2025-11-10;19;0
5;2025-11-10;20;0
5;2025-11-10;21;0
5;2025-11-10;22;0
5;2025-11-10;23;0
5;2025-11-11;0;0
5;2025-11-11;1;0
5;2025-11-11;2;0
5;2025-11-11;3;0
5;2025-11-11;4;0
5;2025-11-11;5;0
5;2025-11-11;6;0
5;2025-11-11;7;0
5;2025-11-11;8;0
5;2025-11-11;9;0
5;2025-11-11;10;0
5;2025-11-11;11;0
5;2025-11-11;12;0
5;2025-11-11;13;0
5;2025-11-11;14;0
5;2025-11-11;15;0
5;2025-11-11;16;0
5;2025-11-11;17;0
5;2025-11-11;18;0
5;2025-11-11;19;0
5;2025-11-11;20;0
5;2025-11-11;21;0
5;2025-11-11;22;0
5;2025-11-11;23;0
5;2025-11-12;0;0
5;2025-11-12;1;0
5;2025-11-12;2;0
5;2025-11-12;3;0
5;2025-11-12;4;0
5;2025-11-12;5;0
5;2025-11-12;6;0
5;2025-11-12;7;0
5;2025-11-12;8;0
5;2025-11-12;9;0
5;2025-11-12;10;0
5;2025-11-12;11;0
5;2025-11-12;12;0
5;2025-11-12;13;0
5;2025-11-12;14;0
5;2025-11-12;15;0
5;2025-11-12;16;0
5;2025-11-12;17;0
5;2025-11-12;18;0
5;2025-11-12;19;0
5;2025-11-12;20;0
5;2025-11-12;21;0
5;2025-11-12;22;0
5;2025-11-12;23;0
5;2025-11-13;0;0
5;2025-11-13;1;0
5;2025-11-13;2;0
5;2025-11-13;3;0
5;2025-11-13;4;0
5;2025-11-13;5;0
5;2025-11-13;6;0
5;2025-11-13;7;0
5;2025-11-13;8;0
5;2025-11-13;9;0
5;2025-11-13;10;0
5;2025-11-13;11;0
5;2025-11-13;12;0
5;2025-11-13;13;0
5;2025-11-13;14;0
5;2025-11-13;15;0
5;2025-11-13;16;0
5;2025-11-13;17;0
5;2025-11-13;18;0
5;2025-11-13;19;0
5;2025-11-13;20;0
5;2025-11-13;21;0
5;2025-11-13;22;0
5;2025-11-13;23;0
5;2025-11-14;0;0
5;2025-11-14;1;0
5;2025-11-14;2;0
5;2025-11-14;3;0
5;2025-11-14;4;0
5;2025-11-14;5;0
5;2025-11-14;6;0
5;2025-11-14;7;0
5;2025-11-14;8;0
5;2025-11-14;9;0
5;2025-11-14;10;0
5;2025-11-14;11;0
5;2025-11-14;12;0
5;2025-11-14;13;0
5;2025-11-14;14;0
5;2025-11-14;15;0
5;2025-11-14;16;0
5;2025-11-14;17;0
5;2025-11-14;18;0
5;2025-11-14;19;0
5;2025-11-14;20;0
5;2025-11-14;21;0
5;2025-11-14;22;0
5;2025-11-14;23;0
5;2025-11-15;0;0
5;2025-11-15;1;0
5;2025-11-15;2;0
5;2025-11-15;3;0
5;2025-11-15;4;0
5;2025-11-15;5;0
5;2025-11-15;6;0
5;2025-11-15;7;0
5;2025-11-15;8;0
5;2025-11-15;9;0
5;2025-11-15;10;0
5;2025-11-15;11;0
5;2025-11-15;12;0
5;2025-11-15;13;0
5;2025-11-15;14;0
5;2025-11-15;15;0
5;2025-11-15;16;0
5;2025-11-15;17;0
5;2025-11-15;18;0
5;2025-11-15;19;0
5;2025-11-15;20;0
5;2025-11-15;21;0
5;2025-11-15;22;0
5;2025-11-15;23;0
5;2025-11-16;0;0
5;2025-11-16;1;0
5;2025-11-16;2;0
5;2025-11-16;3;0
5;2025-11-16;4;0
5;2025-11-16;5;0
5;2025-11-16;6;0
5;2025-11-16;7;0
5;2025-11-16;8;0
5;2025-11-16;9;0
5;2025-11-16;10;0
5;2025-11-16;11;0
5;2025-11-16;12;0
5;2025-11-16;13;0
5;2025-11-16;14;0
5;2025-11-16;15;0
5;2025-11-16;16;0
5;2025-11-16;17;0
5;2025-11-16;18;0
5;2025-11-16;19;0
5;2025-11-16;20;0
5;2025-11-16;21;0
5;2025-11-16;22;0
5;2025-11-16;23;0
5;2025-11-17;0;0
5;2025-11-17;1;0
5;2025-11-17;2;0
5;2025-11-17;3;0
5;2025-11-17;4;0
5;2025-11-17;5;0
5;2025-11-17;6;0
5;2025-11-17;7;0
5;2025-11-17;8;0
5;2025-11-17;9;0
5;2025-11-17;10;0
5;2025-11-17;11;0
5;2025-11-17;12;0
5;2025-11-17;13;0
5;2025-11-17;14;0
5;2025-11-17;15;0
5;2025-11-17;16;0
5;2025-11-17;17;0
5;2025-11-17;18;0
5;2025-11-17;19;0
5;2025-11-17;20;0
5;2025-11-17;21;0
5;2025-11-17;22;0
5;2025-11-17;23;0
5;2025-11-18;0;0
5;2025-11-18;1;0
5;2025-11-18;2;0
5;2025-11-18;3;0
5;2025-11-18;4;0
5;2025-11-18;5;0
5;2025-11-18;6;0
5;2025-11-18;7;0
5;2025-11-18;8;0
5;2025-11-18;9;0
5;2025-11-18;10;0
5;2025-11-18;11;0
5;2025-11-18;12;0
5;2025-11-18;13;0
5;2025-11-18;14;0
5;2025-11-18;15;0
5;2025-11-18;16;0
5;2025-11-18;17;0
5;2025-11-18;18;0
5;2025-11-18;19;0
5;2025-11-18;20;0
5;2025-11-18;21;0
5;2025-11-18;22;0
5;2025-11-18;23;0
5;2025-11-19;0;0
5;2025-11-19;1;0
5;2025-11-19;2;0
5;2025-11-19;3;0
5;2025-11-19;4;0
5;2025-11-19;5;0
5;2025-11-19;6;0
5;2025-11-19;7;0
5;2025-11-19;8;0
5;2025-11-19;9;0
5;2025-11-19;10;0
5;2025-11-19;11;0
5;2025-11-19;12;0
5;2025-11-19;13;0
5;2025-11-19;14;0
5;2025-11-19;15;0
5;2025-11-19;16;0
5;2025-11-19;17;0
5;2025-11-19;18;0
5;2025-11-19;19;0
5;2025-11-19;20;0
5;2025-11-19;21;0
5;2025-11-19;22;0
5;2025-11-19;23;0
5;2025-11-20;0;0
5;2025-11-20;1;0
5;2025-11-20;2;0
5;2025-11-20;3;0
5;2025-11-20;4;0
5;2025-11-20;5;0
5;2025-11-20;6;0
5;2025-11-20;7;0
5;2025-11-20;8;0
5;2025-11-20;9;0
5;2025-11-20;10;0
5;2025-11-20;11;0
5;2025-11-20;12;0
5;2025-11-20;13;0
5;2025-11-20;14;0
5;2025-11-20;15;0
5;2025-11-20;16;0
5;2025-11-20;17;0
5;2025-11-20;18;0
5;2025-11-20;19;0
5;2025-11-20;20;0
5;2025-11-20;21;0
5;2025-11-20;22;0
5;2025-11-20;23;0
5;2025-11-21;0;0
5;2025-11-21;1;0
5;2025-11-21;2;0
5;2025-11-21;3;0
5;2025-11-21;4;0
5;2025-11-21;5;0
5;2025-11-21;6;0
5;2025-11-21;7;0
5;2025-11-21;8;0
5;2025-11-21;9;0
5;2025-11-21;10;0
5;2025-11-21;11;0
5;2025-11-21;12;0
5;2025-11-21;13;0
5;2025-11-21;14;0
5;2025-11-21;15;0
5;2025-11-21;16;0
5;2025-11-21;17;0
5;2025-11-21;18;0
5;2025-11-21;19;0
5;2025-11-21;20;0
5;2025-11-21;21;0
5;2025-11-21;22;0
5;2025-11-21;23;0
5;2025-11-22;0;0
5;2025-11-22;1;0
5;2025-11-22;2;0
5;2025-11-22;3;0
5;2025-11-22;4;0
5;2025-11-22;5;0
5;2025-11-22;6;0
5;2025-11-22;7;0
5;2025-11-22;8;0
5;2025-11-22;9;0
5;2025-11-22;10;0
5;2025-11-22;11;0
5;2025-11-22;12;0
5;2025-11-22;13;0
5;2025-11-22;14;0
5;2025-11-22;15;0
5;2025-11-22;16;0
5;2025-11-22;17;0
5;2025-11-22;18;0
5;2025-11-22;19;0
5;2025-11-22;20;0
5;2025-11-22;21;0
5;2025-11-22;22;0
5;2025-11-22;23;0
5;2025-11-23;0;0
5;2025-11-23;1;0
5;2025-11-23;2;0
5;2025-11-23;3;0
5;2025-11-23;4;0
5;2025-11-23;5;0
5;2025-11-23;6;0
5;2025-11-23;7;0
5;2025-11-23;8;0
5;2025-11-23;9;0
5;2025-11-23;10;0
5;2025-11-23;11;0
5;2025-11-23;12;0
5;2025-11-23;13;0
5;2025-11-23;14;0
5;2025-11-23;15;0
5;2025-11-23;16;0
5;2025-11-23;17;0
5;2025-11-23;18;0
5;2025-11-23;19;0
5;2025-11-23;20;0
5;2025-11-23;21;0
5;2025-11-23;22;0
5;2025-11-23;23;0
5;2025-11-24;0;0
5;2025-11-24;1;0
5;2025-11-24;2;0
5;2025-11-24;3;0
5;2025-11-24;4;0
5;2025-11-24;5;0
5;2025-11-24;6;0
5;2025-11-24;7;0
5;2025-11-24;8;0
5;2025-11-24;9;0
5;2025-11-24;10;0
5;2025-11-24;11;0
5;2025-11-24;12;0
5;2025-11-24;13;0
5;2025-11-24;14;0
5;2025-11-24;15;0
5;2025-11-24;16;0
5;2025-11-24;17;0
5;2025-11-24;18;0
5;2025-11-24;19;0
5;2025-11-24;20;0
5;2025-11-24;21;0
5;2025-11-24;22;0
5;2025-11-24;23;0
5;2025-11-25;0;0
5;2025-11-25;1;0
5;2025-11-25;2;0
5;2025-11-25;3;0
5;2025-11-25;4;0
5;2025-11-25;5;0
5;2025-11-25;6;0
5;2025-11-25;7;0
5;2025-11-25;8;0
5;2025-11-25;9;0
5;2025-11-25;10;0
5;2025-11-25;11;0
5;2025-11-25;12;0
5;2025-11-25;13;0
5;2025-11-25;14;0
5;2025-11-25;15;0
5;2025-11-25;16;0
5;2025-11-25;17;0
5;2025-11-25;18;0
5;2025-11-25;19;0
5;2025-11-25;20;0
5;2025-11-25;21;0
5;2025-11-25;22;0
5;2025-11-25;23;0
5;2025-11-26;0;0
5;2025-11-26;1;0
5;2025-11-26;2;0
5;2025-11-26;3;0
5;2025-11-26;4;0
5;2025-11-26;5;0
5;2025-11-26;6;0
5;2025-11-26;7;0
5;2025-11-26;8;0
5;2025-11-26;9;0
5;2025-11-26;10;0
5;2025-11-26;11;0
5;2025-11-26;12;0
5;2025-11-26;13;0
5;2025-11-26;14;0
5;2025-11-26;15;0
5;2025-11-26;16;0
5;2025-11-26;17;0
5;2025-11-26;18;0
5;2025-11-26;19;0
5;2025-11-26;20;0
5;2025-11-26;21;0
5;2025-11-26;22;0
5;2025-11-26;23;0
5;2025-11-27;0;0
5;2025-11-27;1;0
5;2025-11-27;2;0
5;2025-11-27;3;0
5;2025-11-27;4;0
5;2025-11-27;5;0
5;2025-11-27;6;0
5;2025-11-27;7;0
5;2025-11-27;8;0
5;2025-11-27;9;0
5;2025-11-27;10;0
5;2025-11-27;11;0
5;2025-11-27;12;0
5;2025-11-27;13;0
5;2025-11-27;14;0
5;2025-11-27;15;0
5;2025-11-27;16;0
5;2025-11-27;17;0
5;2025-11-27;18;0
5;2025-11-27;19;0
5;2025-11-27;20;0
5;2025-11-27;21;0
5;2025-11-27;22;0
5;2025-11-27;23;0
5;2025-11-28;0;0
5;2025-11-28;1;0
5;2025-11-28;2;0
5;2025-11-28;3;0
5;2025-11-28;4;0
5;2025-11-28;5;0
5;2025-11-28;6;0
5;2025-11-28;7;0
5;2025-11-28;8;0
5;2025-11-28;9;0
5;2025-11-28;10;0
5;2025-11-28;11;0
5;2025-11-28;12;0
5;2025-11-28;13;0
5;2025-11-28;14;0
5;2025-11-28;15;0
5;2025-11-28;16;0
5;2025-11-28;17;0
5;2025-11-28;18;0
5;2025-11-28;19;0
5;2025-11-28;20;0
5;2025-11-28;21;0
5;2025-11-28;22;0
5;2025-11-28;23;0
5;2025-11-29;0;0
5;2025-11-29;1;0
5;2025-11-29;2;0
5;2025-11-29;3;0
5;2025-11-29;4;0
5;2025-11-29;5;0
5;2025-11-29;6;0
5;2025-11-29;7;0
5;2025-11-29;8;0
5;2025-11-29;9;0
5;2025-11-29;10;0
5;2025-11-29;11;0
5;2025-11-29;12;0
5;2025-11-29;13;0
5;2025-11-29;14;0
5;2025-11-29;15;0
5;2025-11-29;16;0
5;2025-11-29;17;0
5;2025-11-29;18;0
5;2025-11-29;19;0
5;2025-11-29;20;0
5;2025-11-29;21;0
5;2025-11-29;22;0
5;2025-11-29;23;0
5;2025-11-30;0;0
5;2025-11-30;1;0
5;2025-11-30;2;0
5;2025-11-30;3;0
5;2025-11-30;4;0
5;2025-11-30;5;0
5;2025-11-30;6;0
5;2025-11-30;7;0
5;2025-11-30;8;0
5;2025-11-30;9;0
5;2025-11-30;10;0
5;2025-11-30;11;0
5;2025-11-30;12;0
5;2025-11-30;13;0
5;2025-11-30;14;0
5;2025-11-30;15;0
5;2025-11-30;16;0
5;2025-11-30;17;0
5;2025-11-30;18;0
5;2025-11-30;19;0
5;2025-11-30;20;0
5;2025-11-30;21;0
5;2025-11-30;22;0
5;2025-11-30;23;0
5;2025-12-01;0;0
5;2025-12-01;1;0
5;2025-12-01;2;0
5;2025-12-01;3;0
5;2025-12-01;4;0
5;2025-12-01;5;0
5;2025-12-01;6;0
5;2025-12-01;7;0
5;2025-12-01;8;0
5;2025-12-01;9;0
5;2025-12-01;10;0
5;2025-12-01;11;0
5;2025-12-01;12;0
5;2025-12-01;13;0
5;2025-12-01;14;0
5;2025-12-01;15;0
5;2025-12-01;16;0
5;2025-12-01;17;0
5;2025-12-01;18;0
5;2025-12-01;19;0
5;2025-12-01;20;0
5;2025-12-01;21;0
5;2025-12-01;22;0
5;2025-12-01;23;0
5;2025-12-02;0;0
5;2025-12-02;1;0
5;2025-12-02;2;0
5;2025-12-02;3;0
5;2025-12-02;4;0
5;2025-12-02;5;0
5;2025-12-02;6;0
5;2025-12-02;7;0
5;2025-12-02;8;0
5;2025-12-02;9;0
5;2025-12-02;10;0
5;2025-12-02;11;0
5;2025-12-02;12;0
5;2025-12-02;13;0
5;2025-12-02;14;0
5;2025-12-02;15;0
5;2025-12-02;16;0
5;2025-12-02;17;0
5;2025-12-02;18;0
5;2025-12-02;19;0
5;2025-12-02;20;0
5;2025-12-02;21;0
5;2025-12-02;22;0
5;2025-12-02;23;0
5;2025-12-03;0;0
5;2025-12-03;1;0
5;2025-12-03;2;0
5;2025-12-03;3;0
5;2025-12-03;4;0
5;2025-12-03;5;0
5;2025-12-03;6;0
5;2025-12-03;7;0
5;2025-12-03;8;0
5;2025-12-03;9;0
5;2025-12-03;10;0
5;2025-12-03;11;0
5;2025-12-03;12;0
5;2025-12-03;13;0
5;2025-12-03;14;0
5;2025-12-03;15;0
5;2025-12-03;16;0
5;2025-12-03;17;0
5;2025-12-03;18;0
5;2025-12-03;19;0
5;2025-12-03;20;0
5;2025-12-03;21;0
5;2025-12-03;22;0
5;2025-12-03;23;0
5;2025-12-04;0;0
5;2025-12-04;1;0
5;2025-12-04;2;0
5;2025-12-04;3;0
5;2025-12-04;4;0
5;2025-12-04;5;0
5;2025-12-04;6;0
5;2025-12-04;7;0
5;2025-12-04;8;0
5;2025-12-04;9;0
5;2025-12-04;10;0
5;2025-12-04;11;0
5;2025-12-04;12;0
5;2025-12-04;13;0
5;2025-12-04;14;0
5;2025-12-04;15;0
5;2025-12-04;16;0
5;2025-12-04;17;0
5;2025-12-04;18;0
5;2025-12-04;19;0
5;2025-12-04;20;0
5;2025-12-04;21;0
5;2025-12-04;22;0
5;2025-12-04;23;0
5;2025-12-05;0;0
5;2025-12-05;1;0
5;2025-12-05;2;0
5;2025-12-05;3;0
5;2025-12-05;4;0
5;2025-12-05;5;0
5;2025-12-05;6;0
5;2025-12-05;7;0
5;2025-12-05;8;0
5;2025-12-05;9;0
5;2025-12-05;10;0
5;2025-12-05;11;0
5;2025-12-05;12;0
5;2025-12-05;13;0
5;2025-12-05;14;0
5;2025-12-05;15;0
5;2025-12-05;16;0
5;2025-12-05;17;0
5;2025-12-05;18;0
5;2025-12-05;19;0
5;2025-12-05;20;0
5;2025-12-05;21;0
5;2025-12-05;22;0
5;2025-12-05;23;0
5;2025-12-06;0;0
5;2025-12-06;1;0
5;2025-12-06;2;0
5;2025-12-06;3;0
5;2025-12-06;4;0
5;2025-12-06;5;0
5;2025-12-06;6;0
5;2025-12-06;7;0
5;2025-12-06;8;0
5;2025-12-06;9;0
5;2025-12-06;10;0
5;2025-12-06;11;0
5;2025-12-06;12;0
5;2025-12-06;13;0
5;2025-12-06;14;0
5;2025-12-06;15;0
5;2025-12-06;16;0
5;2025-12-06;17;0
5;2025-12-06;18;0
5;2025-12-06;19;0
5;2025-12-06;20;0
5;2025-12-06;21;0
5;2025-12-06;22;0
5;2025-12-06;23;0
5;2025-12-07;0;0
5;2025-12-07;1;0
5;2025-12-07;2;0
5;2025-12-07;3;0
5;2025-12-07;4;0
5;2025-12-07;5;0
5;2025-12-07;6;0
5;2025-12-07;7;0
5;2025-12-07;8;0
5;2025-12-07;9;0
5;2025-12-07;10;0
5;2025-12-07;11;0
5;2025-12-07;12;0
5;2025-12-07;13;0
5;2025-12-07;14;0
5;2025-12-07;15;0
5;2025-12-07;16;0
5;2025-12-07;17;0
5;2025-12-07;18;0
5;2025-12-07;19;0
5;2025-12-07;20;0
5;2025-12-07;21;0
5;2025-12-07;22;0
5;2025-12-07;23;0
5;2025-12-08;0;0
5;2025-12-08;1;0
5;2025-12-08;2;0
5;2025-12-08;3;0
5;2025-12-08;4;0
5;2025-12-08;5;0
5;2025-12-08;6;0
5;2025-12-08;7;0
5;2025-12-08;8;0
5;2025-12-08;9;0
5;2025-12-08;10;0
5;2025-12-08;11;0
5;2025-12-08;12;0
5;2025-12-08;13;0
5;2025-12-08;14;0
5;2025-12-08;15;0
5;2025-12-08;16;0
5;2025-12-08;17;0
5;2025-12-08;18;0
5;2025-12-08;19;0
5;2025-12-08;20;0
5;2025-12-08;21;0
5;2025-12-08;22;0
5;2025-12-08;23;0
5;2025-12-09;0;0
5;2025-12-09;1;0
5;2025-12-09;2;0
5;2025-12-09;3;0
5;2025-12-09;4;0
5;2025-12-09;5;0
5;2025-12-09;6;0
5;2025-12-09;7;0
5;2025-12-09;8;0
5;2025-12-09;9;0
5;2025-12-09;10;0
5;2025-12-09;11;0
5;2025-12-09;12;0
5;2025-12-09;13;0
5;2025-12-09;14;0
5;2025-12-09;15;0
5;2025-12-09;16;0
5;2025-12-09;17;0
5;2025-12-09;18;0
5;2025-12-09;19;0
5;2025-12-09;20;0
5;2025-12-09;21;0
5;2025-12-09;22;0
5;2025-12-09;23;0
5;2025-12-10;0;0
5;2025-12-10;1;0
5;2025-12-10;2;0
5;2025-12-10;3;0
5;2025-12-10;4;0
5;2025-12-10;5;0
5;2025-12-10;6;0
5;2025-12-10;7;0
5;2025-12-10;8;0
5;2025-12-10;9;0
5;2025-12-10;10;0
5;2025-12-10;11;0
5;2025-12-10;12;0
5;2025-12-10;13;0
5;2025-12-10;14;0
5;2025-12-10;15;0
5;2025-12-10;16;0
5;2025-12-10;17;0
5;2025-12-10;18;0
5;2025-12-10;19;0
5;2025-12-10;20;0
5;2025-12-10;21;0
5;2025-12-10;22;0
5;2025-12-10;23;0
5;2025-12-11;0;0
5;2025-12-11;1;0
5;2025-12-11;2;0
5;2025-12-11;3;0
5;2025-12-11;4;0
5;2025-12-11;5;0
5;2025-12-11;6;0
5;2025-12-11;7;0
5;2025-12-11;8;0
5;2025-12-11;9;0
5;2025-12-11;10;0
5;2025-12-11;11;0
5;2025-12-11;12;0
5;2025-12-11;13;0
5;2025-12-11;14;0
5;2025-12-11;15;0
5;2025-12-11;16;0
5;2025-12-11;17;0
5;2025-12-11;18;0
5;2025-12-11;19;0
5;2025-12-11;20;0
5;2025-12-11;21;0
5;2025-12-11;22;0
5;2025-12-11;23;0
5;2025-12-12;0;0
5;2025-12-12;1;0
5;2025-12-12;2;0
5;2025-12-12;3;0
5;2025-12-12;4;0
5;2025-12-12;5;0
5;2025-12-12;6;0
5;2025-12-12;7;0
5;2025-12-12;8;0
5;2025-12-12;9;0
5;2025-12-12;10;0
5;2025-12-12;11;0
5;2025-12-12;12;0
5;2025-12-12;13;0
5;2025-12-12;14;0
5;2025-12-12;15;0
5;2025-12-12;16;0
5;2025-12-12;17;0
5;2025-12-12;18;0
5;2025-12-12;19;0
5;2025-12-12;20;0
5;2025-12-12;21;0
5;2025-12-12;22;0
5;2025-12-12;23;0
5;2025-12-13;0;0
5;2025-12-13;1;0
5;2025-12-13;2;0
5;2025-12-13;3;0
5;2025-12-13;4;0
5;2025-12-13;5;0
5;2025-12-13;6;0
5;2025-12-13;7;0
5;2025-12-13;8;0
5;2025-12-13;9;0
5;2025-12-13;10;0
5;2025-12-13;11;0
5;2025-12-13;12;0
5;2025-12-13;13;0
5;2025-12-13;14;0
5;2025-12-13;15;0
5;2025-12-13;16;0
5;2025-12-13;17;0
5;2025-12-13;18;0
5;2025-12-13;19;0
5;2025-12-13;20;0
5;2025-12-13;21;0
5;2025-12-13;22;0
5;2025-12-13;23;0
5;2025-12-14;0;0
5;2025-12-14;1;0
5;2025-12-14;2;0
5;2025-12-14;3;0
5;2025-12-14;4;0
5;2025-12-14;5;0
5;2025-12-14;6;0
5;2025-12-14;7;0
5;2025-12-14;8;0
5;2025-12-14;9;0
5;2025-12-14;10;0
5;2025-12-14;11;0
5;2025-12-14;12;0
5;2025-12-14;13;0
5;2025-12-14;14;0
5;2025-12-14;15;0
5;2025-12-14;16;0
5;2025-12-14;17;0
5;2025-12-14;18;0
5;2025-12-14;19;0
5;2025-12-14;20;0
5;2025-12-14;21;0
5;2025-12-14;22;0
5;2025-12-14;23;0
5;2025-12-15;0;0
5;2025-12-15;1;0
5;2025-12-15;2;0
5;2025-12-15;3;0
5;2025-12-15;4;0
5;2025-12-15;5;0
5;2025-12-15;6;0
5;2025-12-15;7;0
5;2025-12-15;8;0
5;2025-12-15;9;0
5;2025-12-15;10;0
5;2025-12-15;11;0
5;2025-12-15;12;0
5;2025-12-15;13;0
5;2025-12-15;14;0
5;2025-12-15;15;0
5;2025-12-15;16;0
5;2025-12-15;17;0
5;2025-12-15;18;0
5;2025-12-15;19;0
5;2025-12-15;20;0
5;2025-12-15;21;0
5;2025-12-15;22;0
5;2025-12-15;23;0
5;2025-12-16;0;8
5;2025-12-16;1;1
5;2025-12-16;2;0
5;2025-12-16;3;0
5;2025-12-16;4;0
5;2025-12-16;5;26
5;2025-12-16;6;98
5;2025-12-16;7;220
5;2025-12-16;8;334
5;2025-12-16;9;256
5;2025-12-16;10;215
5;2025-12-16;11;188
5;2025-12-16;12;198
5;2025-12-16;13;195
5;2025-12-16;14;209
5;2025-12-16;15;228
5;2025-12-16;16;244
5;2025-12-16;17;314
5;2025-12-16;18;347
5;2025-12-16;19;234
5;2025-12-16;20;140
5;2025-12-16;21;83
5;2025-12-16;22;39
5;2025-12-16;23;23
5;2025-12-17;0;13
5;2025-12-17;1;2
5;2025-12-17;2;0
5;2025-12-17;3;0
5;2025-12-17;4;0
5;2025-12-17;5;43
5;2025-12-17;6;164
5;2025-12-17;7;366
5;2025-12-17;8;556
5;2025-12-17;9;426
5;2025-12-17;10;358
5;2025-12-17;11;313
5;2025-12-17;12;330
5;2025-12-17;13;326
5;2025-12-17;14;349
5;2025-12-17;15;381
5;2025-12-17;16;407
5;2025-12-17;17;523
5;2025-12-17;18;578
5;2025-12-17;19;390
5;2025-12-17;20;233
5;2025-12-17;21;138
5;2025-12-17;22;66
5;2025-12-17;23;39
5;2025-12-18;0;13
5;2025-12-18;1;2
5;2025-12-18;2;0
5;2025-12-18;3;0
5;2025-12-18;4;0
5;2025-12-18;5;43
5;2025-12-18;6;164
5;2025-12-18;7;366
5;2025-12-18;8;556
5;2025-12-18;9;426
5;2025-12-18;10;358
5;2025-12-18;11;313
5;2025-12-18;12;330
5;2025-12-18;13;326
5;2025-12-18;14;349
5;2025-12-18;15;381
5;2025-12-18;16;407
5;2025-12-18;17;523
5;2025-12-18;18;578
5;2025-12-18;19;390
5;2025-12-18;20;233
5;2025-12-18;21;138
5;2025-12-18;22;66
5;2025-12-18;23;39
5;2025-12-19;0;14
5;2025-12-19;1;2
5;2025-12-19;2;0
5;2025-12-19;3;0
5;2025-12-19;4;0
5;2025-12-19;5;42
5;2025-12-19;6;154
5;2025-12-19;7;354
5;2025-12-19;8;517
5;2025-12-19;9;404
5;2025-12-19;10;360
5;2025-12-19;11;339
5;2025-12-19;12;347
5;2025-12-19;13;370
5;2025-12-19;14;385
5;2025-12-19;15;408
5;2025-12-19;16;482
5;2025-12-19;17;518
5;2025-12-19;18;470
5;2025-12-19;19;345
5;2025-12-19;20;226
5;2025-12-19;21;139
5;2025-12-19;22;75
5;2025-12-19;23;49
5;2025-12-20;0;20
5;2025-12-20;1;6
5;2025-12-20;2;0
5;2025-12-20;3;0
5;2025-12-20;4;0
5;2025-12-20;5;11
5;2025-12-20;6;69
5;2025-12-20;7;104
5;2025-12-20;8;171
5;2025-12-20;9;207
5;2025-12-20;10;216
5;2025-12-20;11;274
5;2025-12-20;12;310
5;2025-12-20;13;303
5;2025-12-20;14;324
5;2025-12-20;15;289
5;2025-12-20;16;283
5;2025-12-20;17;269
5;2025-12-20;18;253
5;2025-12-20;19;241
5;2025-12-20;20;190
5;2025-12-20;21;142
5;2025-12-20;22;76
5;2025-12-20;23;49
5;2025-12-21;0;21
5;2025-12-21;1;5
5;2025-12-21;2;0
5;2025-12-21;3;0
5;2025-12-21;4;0
5;2025-12-21;5;9
5;2025-12-21;6;49
5;2025-12-21;7;69
5;2025-12-21;8;114
5;2025-12-21;9;142
5;2025-12-21;10;169
5;2025-12-21;11;222
5;2025-12-21;12;246
5;2025-12-21;13;259
5;2025-12-21;14;271
5;2025-12-21;15;259
5;2025-12-21;16;243
5;2025-12-21;17;244
5;2025-12-21;18;204
5;2025-12-21;19;172
5;2025-12-21;20;150
5;2025-12-21;21;114
5;2025-12-21;22;64
5;2025-12-21;23;35
5;2025-12-22;0;13
5;2025-12-22;1;2
5;2025-12-22;2;0
5;2025-12-22;3;0
5;2025-12-22;4;0
5;2025-12-22;5;43
5;2025-12-22;6;164
5;2025-12-22;7;366
5;2025-12-22;8;556
5;2025-12-22;9;426
5;2025-12-22;10;358
5;2025-12-22;11;313
5;2025-12-22;12;330
5;2025-12-22;13;326
5;2025-12-22;14;349
5;2025-12-22;15;381
5;2025-12-22;16;407
5;2025-12-22;17;523
5;2025-12-22;18;578
5;2025-12-22;19;390
5;2025-12-22;20;233
5;2025-12-22;21;138
5;2025-12-22;22;66
5;2025-12-22;23;39
5;2025-12-23;0;13
5;2025-12-23;1;2
5;2025-12-23;2;0
5;2025-12-23;3;0
5;2025-12-23;4;0
5;2025-12-23;5;43
5;2025-12-23;6;164
5;2025-12-23;7;366
5;2025-12-23;8;556
5;2025-12-23;9;426
5;2025-12-23;10;358
5;2025-12-23;11;313
5;2025-12-23;12;330
5;2025-12-23;13;326
5;2025-12-23;14;349
5;2025-12-23;15;381
5;2025-12-23;16;407
5;2025-12-23;17;523
5;2025-12-23;18;578
5;2025-12-23;19;390
5;2025-12-23;20;233
5;2025-12-23;21;138
5;2025-12-23;22;66
5;2025-12-23;23;39
5;2025-12-24;0;13
5;2025-12-24;1;2
5;2025-12-24;2;0
5;2025-12-24;3;0
5;2025-12-24;4;0
5;2025-12-24;5;43
5;2025-12-24;6;164
5;2025-12-24;7;366
5;2025-12-24;8;556
5;2025-12-24;9;426
5;2025-12-24;10;358
5;2025-12-24;11;313
5;2025-12-24;12;330
5;2025-12-24;13;326
5;2025-12-24;14;349
5;2025-12-24;15;381
5;2025-12-24;16;407
5;2025-12-24;17;523
5;2025-12-24;18;578
5;2025-12-24;19;390
5;2025-12-24;20;233
5;2025-12-24;21;138
5;2025-12-24;22;66
5;2025-12-24;23;39
5;2025-12-25;0;13
5;2025-12-25;1;2
5;2025-12-25;2;0
5;2025-12-25;3;0
5;2025-12-25;4;0
5;2025-12-25;5;43
5;2025-12-25;6;164
5;2025-12-25;7;366
5;2025-12-25;8;556
5;2025-12-25;9;426
5;2025-12-25;10;358
5;2025-12-25;11;313
5;2025-12-25;12;330
5;2025-12-25;13;326
5;2025-12-25;14;349
5;2025-12-25;15;381
5;2025-12-25;16;407
5;2025-12-25;17;523
5;2025-12-25;18;578
5;2025-12-25;19;390
5;2025-12-25;20;233
5;2025-12-25;21;138
5;2025-12-25;22;66
5;2025-12-25;23;39
5;2025-12-26;0;14
5;2025-12-26;1;2
5;2025-12-26;2;0
5;2025-12-26;3;0
5;2025-12-26;4;0
5;2025-12-26;5;42
5;2025-12-26;6;154
5;2025-12-26;7;354
5;2025-12-26;8;517
5;2025-12-26;9;404
5;2025-12-26;10;360
5;2025-12-26;11;339
5;2025-12-26;12;347
5;2025-12-26;13;370
5;2025-12-26;14;385
5;2025-12-26;15;408
5;2025-12-26;16;482
5;2025-12-26;17;518
5;2025-12-26;18;470
5;2025-12-26;19;345
5;2025-12-26;20;226
5;2025-12-26;21;139
5;2025-12-26;22;75
5;2025-12-26;23;49
5;2025-12-27;0;20
5;2025-12-27;1;6
5;2025-12-27;2;0
5;2025-12-27;3;0
5;2025-12-27;4;0
5;2025-12-27;5;11
5;2025-12-27;6;69
5;2025-12-27;7;104
5;2025-12-27;8;171
5;2025-12-27;9;207
5;2025-12-27;10;216
5;2025-12-27;11;274
5;2025-12-27;12;310
5;2025-12-27;13;303
5;2025-12-27;14;324
5;2025-12-27;15;289
5;2025-12-27;16;283
5;2025-12-27;17;269
5;2025-12-27;18;253
5;2025-12-27;19;241
5;2025-12-27;20;190
5;2025-12-27;21;142
5;2025-12-27;22;76
5;2025-12-27;23;49
5;2025-12-28;0;21
5;2025-12-28;1;5
5;2025-12-28;2;0
5;2025-12-28;3;0
5;2025-12-28;4;0
5;2025-12-28;5;9
5;2025-12-28;6;49
5;2025-12-28;7;69
5;2025-12-28;8;114
5;2025-12-28;9;142
5;2025-12-28;10;169
5;2025-12-28;11;222
5;2025-12-28;12;246
5;2025-12-28;13;259
5;2025-12-28;14;271
5;2025-12-28;15;259
5;2025-12-28;16;243
5;2025-12-28;17;244
5;2025-12-28;18;204
5;2025-12-28;19;172
5;2025-12-28;20;150
5;2025-12-28;21;114
5;2025-12-28;22;64
5;2025-12-28;23;35
5;2025-12-29;0;12
5;2025-12-29;1;2
5;2025-12-29;2;0
5;2025-12-29;3;0
5;2025-12-29;4;0
5;2025-12-29;5;39
5;2025-12-29;6;147
5;2025-12-29;7;330
5;2025-12-29;8;500
5;2025-12-29;9;384
5;2025-12-29;10;322
5;2025-12-29;11;281
5;2025-12-29;12;297
5;2025-12-29;13;293
5;2025-12-29;14;314
5;2025-12-29;15;343
5;2025-12-29;16;367
5;2025-12-29;17;471
5;2025-12-29;18;520
5;2025-12-29;19;351
5;2025-12-29;20;210
5;2025-12-29;21;124
5;2025-12-29;22;59
5;2025-12-29;23;35
5;2025-12-30;0;11
5;2025-12-30;1;2
5;2025-12-30;2;0
5;2025-12-30;3;0
5;2025-12-30;4;0
5;2025-12-30;5;37
5;2025-12-30;6;139
5;2025-12-30;7;311
5;2025-12-30;8;473
5;2025-12-30;9;362
5;2025-12-30;10;304
5;2025-12-30;11;266
5;2025-12-30;12;281
5;2025-12-30;13;277
5;2025-12-30;14;296
5;2025-12-30;15;323
5;2025-12-30;16;346
5;2025-12-30;17;445
5;2025-12-30;18;491
5;2025-12-30;19;331
5;2025-12-30;20;198
5;2025-12-30;21;117
5;2025-12-30;22;56
5;2025-12-30;23;33
5;2025-12-31;0;10
5;2025-12-31;1;3
5;2025-12-31;2;0
5;2025-12-31;3;0
5;2025-12-31;4;0
5;2025-12-31;5;6
5;2025-12-31;6;35
5;2025-12-31;7;53
5;2025-12-31;8;87
5;2025-12-31;9;105
5;2025-12-31;10;110
5;2025-12-31;11;139
5;2025-12-31;12;158
5;2025-12-31;13;154
5;2025-12-31;14;165
5;2025-12-31;15;147
5;2025-12-31;16;144
5;2025-12-31;17;138
5;2025-12-31;18;129
5;2025-12-31;19;123
5;2025-12-31;20;10
5;2025-12-31;21;7
5;2025-12-31;22;4
5;2025-12-31;23;2
7;2025-11-01;0;109
7;2025-11-01;1;25
7;2025-11-01;2;0
7;2025-11-01;3;0
7;2025-11-01;4;1
7;2025-11-01;5;167
7;2025-11-01;6;606
7;2025-11-01;7;1409
7;2025-11-01;8;2068
7;2025-11-01;9;1603
7;2025-11-01;10;1462
7;2025-11-01;11;1371
7;2025-11-01;12;1410
7;2025-11-01;13;1489
7;2025-11-01;14;1549
7;2025-11-01;15;1647
7;2025-11-01;16;1927
7;2025-11-01;17;2079
7;2025-11-01;18;1871
7;2025-11-01;19;1359
7;2025-11-01;20;903
7;2025-11-01;21;554
7;2025-11-01;22;300
7;2025-11-01;23;200
7;2025-11-02;0;102
7;2025-11-02;1;24
7;2025-11-02;2;0
7;2025-11-02;3;0
7;2025-11-02;4;1
7;2025-11-02;5;29
7;2025-11-02;6;128
7;2025-11-02;7;171
7;2025-11-02;8;386
7;2025-11-02;9;511
7;2025-11-02;10;396
7;2025-11-02;11;589
7;2025-11-02;12;636
7;2025-11-02;13;632
7;2025-11-02;14;661
7;2025-11-02;15;716
7;2025-11-02;16;616
7;2025-11-02;17;627
7;2025-11-02;18;651
7;2025-11-02;19;482
7;2025-11-02;20;398
7;2025-11-02;21;292
7;2025-11-02;22;151
7;2025-11-02;23;121
7;2025-11-03;0;91
7;2025-11-03;1;21
7;2025-11-03;2;0
7;2025-11-03;3;0
7;2025-11-03;4;1
7;2025-11-03;5;32
7;2025-11-03;6;155
7;2025-11-03;7;187
7;2025-11-03;8;435
7;2025-11-03;9;446
7;2025-11-03;10;413
7;2025-11-03;11;519
7;2025-11-03;12;635
7;2025-11-03;13;613
7;2025-11-03;14;613
7;2025-11-03;15;633
7;2025-11-03;16;586
7;2025-11-03;17;586
7;2025-11-03;18;580
7;2025-11-03;19;443
7;2025-11-03;20;379
7;2025-11-03;21;271
7;2025-11-03;22;146
7;2025-11-03;23;118
7;2025-11-04;0;91
7;2025-11-04;1;21
7;2025-11-04;2;0
7;2025-11-04;3;0
7;2025-11-04;4;1
7;2025-11-04;5;32
7;2025-11-04;6;155
7;2025-11-04;7;187
7;2025-11-04;8;435
7;2025-11-04;9;446
7;2025-11-04;10;413
7;2025-11-04;11;519
7;2025-11-04;12;635
7;2025-11-04;13;613
7;2025-11-04;14;613
7;2025-11-04;15;633
7;2025-11-04;16;586
7;2025-11-04;17;586
7;2025-11-04;18;580
7;2025-11-04;19;443
7;2025-11-04;20;379
7;2025-11-04;21;271
7;2025-11-04;22;146
7;2025-11-04;23;118
7;2025-11-05;0;60
7;2025-11-05;1;12
7;2025-11-05;2;0
7;2025-11-05;3;0
7;2025-11-05;4;1
7;2025-11-05;5;202
7;2025-11-05;6;745
7;2025-11-05;7;1716
7;2025-11-05;8;2614
7;2025-11-05;9;1994
7;2025-11-05;10;1692
7;2025-11-05;11;1498
7;2025-11-05;12;1588
7;2025-11-05;13;1549
7;2025-11-05;14;1649
7;2025-11-05;15;1799
7;2025-11-05;16;1917
7;2025-11-05;17;2466
7;2025-11-05;18;2718
7;2025-11-05;19;1820
7;2025-11-05;20;1101
7;2025-11-05;21;650
7;2025-11-05;22;310
7;2025-11-05;23;187
7;2025-11-06;0;60
7;2025-11-06;1;12
7;2025-11-06;2;0
7;2025-11-06;3;0
7;2025-11-06;4;1
7;2025-11-06;5;202
7;2025-11-06;6;745
7;2025-11-06;7;1716
7;2025-11-06;8;2614
7;2025-11-06;9;1994
7;2025-11-06;10;1692
7;2025-11-06;11;1498
7;2025-11-06;12;1588
7;2025-11-06;13;1549
7;2025-11-06;14;1649
7;2025-11-06;15;1799
7;2025-11-06;16;1917
7;2025-11-06;17;2466
7;2025-11-06;18;2718
7;2025-11-06;19;1820
7;2025-11-06;20;1101
7;2025-11-06;21;650
7;2025-11-06;22;310
7;2025-11-06;23;187
7;2025-11-07;0;67
7;2025-11-07;1;12
7;2025-11-07;2;0
7;2025-11-07;3;0
7;2025-11-07;4;1
7;2025-11-07;5;190
7;2025-11-07;6;689
7;2025-11-07;7;1602
7;2025-11-07;8;2350
7;2025-11-07;9;1822
7;2025-11-07;10;1662
7;2025-11-07;11;1559
7;2025-11-07;12;1603
7;2025-11-07;13;1693
7;2025-11-07;14;1761
7;2025-11-07;15;1872
7;2025-11-07;16;2191
7;2025-11-07;17;2363
7;2025-11-07;18;2127
7;2025-11-07;19;1545
7;2025-11-07;20;1026
7;2025-11-07;21;630
7;2025-11-07;22;341
7;2025-11-07;23;227
7;2025-11-08;0;124
7;2025-11-08;1;27
7;2025-11-08;2;0
7;2025-11-08;3;0
7;2025-11-08;4;1
7;2025-11-08;5;50
7;2025-11-08;6;271
7;2025-11-08;7;302
7;2025-11-08;8;720
7;2025-11-08;9;580
7;2025-11-08;10;645
7;2025-11-08;11;684
7;2025-11-08;12;953
7;2025-11-08;13;895
7;2025-11-08;14;856
7;2025-11-08;15;839
7;2025-11-08;16;838
7;2025-11-08;17;826
7;2025-11-08;18;776
7;2025-11-08;19;614
7;2025-11-08;20;544
7;2025-11-08;21;381
7;2025-11-08;22;214
7;2025-11-08;23;174
7;2025-11-09;0;102
7;2025-11-09;1;24
7;2025-11-09;2;0
7;2025-11-09;3;0
7;2025-11-09;4;1
7;2025-11-09;5;29
7;2025-11-09;6;128
7;2025-11-09;7;171
7;2025-11-09;8;386
7;2025-11-09;9;511
7;2025-11-09;10;396
7;2025-11-09;11;589
7;2025-11-09;12;636
7;2025-11-09;13;632
7;2025-11-09;14;661
7;2025-11-09;15;716
7;2025-11-09;16;616
7;2025-11-09;17;627
7;2025-11-09;18;651
7;2025-11-09;19;482
7;2025-11-09;20;398
7;2025-11-09;21;292
7;2025-11-09;22;151
7;2025-11-09;23;121
7;2025-11-10;0;59
7;2025-11-10;1;12
7;2025-11-10;2;0
7;2025-11-10;3;0
7;2025-11-10;4;1
7;2025-11-10;5;196
7;2025-11-10;6;725
7;2025-11-10;7;1670
7;2025-11-10;8;2544
7;2025-11-10;9;1940
7;2025-11-10;10;1646
7;2025-11-10;11;1458
7;2025-11-10;12;1546
7;2025-11-10;13;1508
7;2025-11-10;14;1605
7;2025-11-10;15;1750
7;2025-11-10;16;1866
7;2025-11-10;17;2400
7;2025-11-10;18;2645
7;2025-11-10;19;1772
7;2025-11-10;20;1072
7;2025-11-10;21;633
7;2025-11-10;22;302
7;2025-11-10;23;182
7;2025-11-11;0;60
7;2025-11-11;1;12
7;2025-11-11;2;0
7;2025-11-11;3;0
7;2025-11-11;4;1
7;2025-11-11;5;202
7;2025-11-11;6;745
7;2025-11-11;7;1716
7;2025-11-11;8;2614
7;2025-11-11;9;1994
7;2025-11-11;10;1692
7;2025-11-11;11;1498
7;2025-11-11;12;1588
7;2025-11-11;13;1549
7;2025-11-11;14;1649
7;2025-11-11;15;1799
7;2025-11-11;16;1917
7;2025-11-11;17;2466
7;2025-11-11;18;2718
7;2025-11-11;19;1820
7;2025-11-11;20;1101
7;2025-11-11;21;650
7;2025-11-11;22;310
7;2025-11-11;23;187
7;2025-11-12;0;57
7;2025-11-12;1;11
7;2025-11-12;2;0
7;2025-11-12;3;0
7;2025-11-12;4;1
7;2025-11-12;5;190
7;2025-11-12;6;700
7;2025-11-12;7;1613
7;2025-11-12;8;2457
7;2025-11-12;9;1874
7;2025-11-12;10;1590
7;2025-11-12;11;1408
7;2025-11-12;12;1493
7;2025-11-12;13;1456
7;2025-11-12;14;1550
7;2025-11-12;15;1691
7;2025-11-12;16;1802
7;2025-11-12;17;2318
7;2025-11-12;18;2555
7;2025-11-12;19;1711
7;2025-11-12;20;1035
7;2025-11-12;21;611
7;2025-11-12;22;291
7;2025-11-12;23;176
7;2025-11-13;0;57
7;2025-11-13;1;11
7;2025-11-13;2;0
7;2025-11-13;3;0
7;2025-11-13;4;1
7;2025-11-13;5;190
7;2025-11-13;6;700
7;2025-11-13;7;1613
7;2025-11-13;8;2457
7;2025-11-13;9;1874
7;2025-11-13;10;1590
7;2025-11-13;11;1408
7;2025-11-13;12;1493
7;2025-11-13;13;1456
7;2025-11-13;14;1550
7;2025-11-13;15;1691
7;2025-11-13;16;1802
7;2025-11-13;17;2318
7;2025-11-13;18;2555
7;2025-11-13;19;1711
7;2025-11-13;20;1035
7;2025-11-13;21;611
7;2025-11-13;22;291
7;2025-11-13;23;176
7;2025-11-14;0;63
7;2025-11-14;1;11
7;2025-11-14;2;0
7;2025-11-14;3;0
7;2025-11-14;4;1
7;2025-11-14;5;178
7;2025-11-14;6;648
7;2025-11-14;7;1505
7;2025-11-14;8;2209
7;2025-11-14;9;1713
7;2025-11-14;10;1562
7;2025-11-14;11;1465
7;2025-11-14;12;1507
7;2025-11-14;13;1591
7;2025-11-14;14;1655
7;2025-11-14;15;1760
7;2025-11-14;16;2059
7;2025-11-14;17;2222
7;2025-11-14;18;2000
7;2025-11-14;19;1452
7;2025-11-14;20;965
7;2025-11-14;21;592
7;2025-11-14;22;321
7;2025-11-14;23;213
7;2025-11-15;0;95
7;2025-11-15;1;28
7;2025-11-15;2;0
7;2025-11-15;3;0
7;2025-11-15;4;1
7;2025-11-15;5;52
7;2025-11-15;6;329
7;2025-11-15;7;496
7;2025-11-15;8;811
7;2025-11-15;9;982
7;2025-11-15;10;1026
7;2025-11-15;11;1301
7;2025-11-15;12;1473
7;2025-11-15;13;1440
7;2025-11-15;14;1541
7;2025-11-15;15;1373
7;2025-11-15;16;1348
7;2025-11-15;17;1283
7;2025-11-15;18;1203
7;2025-11-15;19;1145
7;2025-11-15;20;904
7;2025-11-15;21;678
7;2025-11-15;22;360
7;2025-11-15;23;232
7;2025-11-16;0;98
7;2025-11-16;1;22
7;2025-11-16;2;0
7;2025-11-16;3;0
7;2025-11-16;4;0
7;2025-11-16;5;41
7;2025-11-16;6;224
7;2025-11-16;7;316
7;2025-11-16;8;523
7;2025-11-16;9;655
7;2025-11-16;10;776
7;2025-11-16;11;1024
7;2025-11-16;12;1130
7;2025-11-16;13;1193
7;2025-11-16;14;1249
7;2025-11-16;15;1192
7;2025-11-16;16;1117
7;2025-11-16;17;1122
7;2025-11-16;18;938
7;2025-11-16;19;789
7;2025-11-16;20;691
7;2025-11-16;21;525
7;2025-11-16;22;293
7;2025-11-16;23;161
7;2025-11-17;0;55
7;2025-11-17;1;11
7;2025-11-17;2;0
7;2025-11-17;3;0
7;2025-11-17;4;1
7;2025-11-17;5;185
7;2025-11-17;6;682
7;2025-11-17;7;1570
7;2025-11-17;8;2391
7;2025-11-17;9;1824
7;2025-11-17;10;1547
7;2025-11-17;11;1370
7;2025-11-17;12;1453
7;2025-11-17;13;1417
7;2025-11-17;14;1509
7;2025-11-17;15;1645
7;2025-11-17;16;1754
7;2025-11-17;17;2256
7;2025-11-17;18;2486
7;2025-11-17;19;1665
7;2025-11-17;20;1007
7;2025-11-17;21;595
7;2025-11-17;22;283
7;2025-11-17;23;171
7;2025-11-18;0;57
7;2025-11-18;1;11
7;2025-11-18;2;0
7;2025-11-18;3;0
7;2025-11-18;4;1
7;2025-11-18;5;190
7;2025-11-18;6;700
7;2025-11-18;7;1613
7;2025-11-18;8;2457
7;2025-11-18;9;1874
7;2025-11-18;10;1590
7;2025-11-18;11;1408
7;2025-11-18;12;1493
7;2025-11-18;13;1456
7;2025-11-18;14;1550
7;2025-11-18;15;1691
7;2025-11-18;16;1802
7;2025-11-18;17;2318
7;2025-11-18;18;2555
7;2025-11-18;19;1711
7;2025-11-18;20;1035
7;2025-11-18;21;611
7;2025-11-18;22;291
7;2025-11-18;23;176
7;2025-11-19;0;57
7;2025-11-19;1;11
7;2025-11-19;2;0
7;2025-11-19;3;0
7;2025-11-19;4;1
7;2025-11-19;5;190
7;2025-11-19;6;700
7;2025-11-19;7;1613
7;2025-11-19;8;2457
7;2025-11-19;9;1874
7;2025-11-19;10;1590
7;2025-11-19;11;1408
7;2025-11-19;12;1493
7;2025-11-19;13;1456
7;2025-11-19;14;1550
7;2025-11-19;15;1691
7;2025-11-19;16;1802
7;2025-11-19;17;2318
7;2025-11-19;18;2555
7;2025-11-19;19;1711
7;2025-11-19;20;1035
7;2025-11-19;21;611
7;2025-11-19;22;291
7;2025-11-19;23;176
7;2025-11-20;0;57
7;2025-11-20;1;11
7;2025-11-20;2;0
7;2025-11-20;3;0
7;2025-11-20;4;1
7;2025-11-20;5;190
7;2025-11-20;6;700
7;2025-11-20;7;1613
7;2025-11-20;8;2457
7;2025-11-20;9;1874
7;2025-11-20;10;1590
7;2025-11-20;11;1408
7;2025-11-20;12;1493
7;2025-11-20;13;1456
7;2025-11-20;14;1550
7;2025-11-20;15;1691
7;2025-11-20;16;1802
7;2025-11-20;17;2318
7;2025-11-20;18;2555
7;2025-11-20;19;1711
7;2025-11-20;20;1035
7;2025-11-20;21;611
7;2025-11-20;22;291
7;2025-11-20;23;176
7;2025-11-21;0;63
7;2025-11-21;1;11
7;2025-11-21;2;0
7;2025-11-21;3;0
7;2025-11-21;4;1
7;2025-11-21;5;178
7;2025-11-21;6;648
7;2025-11-21;7;1505
7;2025-11-21;8;2209
7;2025-11-21;9;1713
7;2025-11-21;10;1562
7;2025-11-21;11;1465
7;2025-11-21;12;1507
7;2025-11-21;13;1591
7;2025-11-21;14;1655
7;2025-11-21;15;1760
7;2025-11-21;16;2059
7;2025-11-21;17;2222
7;2025-11-21;18;2000
7;2025-11-21;19;1452
7;2025-11-21;20;965
7;2025-11-21;21;592
7;2025-11-21;22;321
7;2025-11-21;23;213
7;2025-11-22;0;95
7;2025-11-22;1;28
7;2025-11-22;2;0
7;2025-11-22;3;0
7;2025-11-22;4;1
7;2025-11-22;5;52
7;2025-11-22;6;329
7;2025-11-22;7;496
7;2025-11-22;8;811
7;2025-11-22;9;982
7;2025-11-22;10;1026
7;2025-11-22;11;1301
7;2025-11-22;12;1473
7;2025-11-22;13;1440
7;2025-11-22;14;1541
7;2025-11-22;15;1373
7;2025-11-22;16;1348
7;2025-11-22;17;1283
7;2025-11-22;18;1203
7;2025-11-22;19;1145
7;2025-11-22;20;904
7;2025-11-22;21;678
7;2025-11-22;22;360
7;2025-11-22;23;232
7;2025-11-23;0;98
7;2025-11-23;1;22
7;2025-11-23;2;0
7;2025-11-23;3;0
7;2025-11-23;4;0
7;2025-11-23;5;41
7;2025-11-23;6;224
7;2025-11-23;7;316
7;2025-11-23;8;523
7;2025-11-23;9;655
7;2025-11-23;10;776
7;2025-11-23;11;1024
7;2025-11-23;12;1130
7;2025-11-23;13;1193
7;2025-11-23;14;1249
7;2025-11-23;15;1192
7;2025-11-23;16;1117
7;2025-11-23;17;1122
7;2025-11-23;18;938
7;2025-11-23;19;789
7;2025-11-23;20;691
7;2025-11-23;21;525
7;2025-11-23;22;293
7;2025-11-23;23;161
7;2025-11-24;0;55
7;2025-11-24;1;11
7;2025-11-24;2;0
7;2025-11-24;3;0
7;2025-11-24;4;1
7;2025-11-24;5;185
7;2025-11-24;6;682
7;2025-11-24;7;1570
7;2025-11-24;8;2391
7;2025-11-24;9;1824
7;2025-11-24;10;1547
7;2025-11-24;11;1370
7;2025-11-24;12;1453
7;2025-11-24;13;1417
7;2025-11-24;14;1509
7;2025-11-24;15;1645
7;2025-11-24;16;1754
7;2025-11-24;17;2256
7;2025-11-24;18;2486
7;2025-11-24;19;1665
7;2025-11-24;20;1007
7;2025-11-24;21;595
7;2025-11-24;22;283
7;2025-11-24;23;171
7;2025-11-25;0;57
7;2025-11-25;1;11
7;2025-11-25;2;0
7;2025-11-25;3;0
7;2025-11-25;4;1
7;2025-11-25;5;190
7;2025-11-25;6;700
7;2025-11-25;7;1613
7;2025-11-25;8;2457
7;2025-11-25;9;1874
7;2025-11-25;10;1590
7;2025-11-25;11;1408
7;2025-11-25;12;1493
7;2025-11-25;13;1456
7;2025-11-25;14;1550
7;2025-11-25;15;1691
7;2025-11-25;16;1802
7;2025-11-25;17;2318
7;2025-11-25;18;2555
7;2025-11-25;19;1711
7;2025-11-25;20;1035
7;2025-11-25;21;611
7;2025-11-25;22;291
7;2025-11-25;23;176
7;2025-11-26;0;57
7;2025-11-26;1;11
7;2025-11-26;2;0
7;2025-11-26;3;0
7;2025-11-26;4;1
7;2025-11-26;5;190
7;2025-11-26;6;700
7;2025-11-26;7;1613
7;2025-11-26;8;2457
7;2025-11-26;9;1874
7;2025-11-26;10;1590
7;2025-11-26;11;1408
7;2025-11-26;12;1493
7;2025-11-26;13;1456
7;2025-11-26;14;1550
7;2025-11-26;15;1691
7;2025-11-26;16;1802
7;2025-11-26;17;2318
7;2025-11-26;18;2555
7;2025-11-26;19;1711
7;2025-11-26;20;1035
7;2025-11-26;21;611
7;2025-11-26;22;291
7;2025-11-26;23;176
7;2025-11-27;0;57
7;2025-11-27;1;11
7;2025-11-27;2;0
7;2025-11-27;3;0
7;2025-11-27;4;1
7;2025-11-27;5;190
7;2025-11-27;6;700
7;2025-11-27;7;1613
7;2025-11-27;8;2457
7;2025-11-27;9;1874
7;2025-11-27;10;1590
7;2025-11-27;11;1408
7;2025-11-27;12;1493
7;2025-11-27;13;1456
7;2025-11-27;14;1550
7;2025-11-27;15;1691
7;2025-11-27;16;1802
7;2025-11-27;17;2318
7;2025-11-27;18;2555
7;2025-11-27;19;1711
7;2025-11-27;20;1035
7;2025-11-27;21;611
7;2025-11-27;22;291
7;2025-11-27;23;176
7;2025-11-28;0;63
7;2025-11-28;1;11
7;2025-11-28;2;0
7;2025-11-28;3;0
7;2025-11-28;4;1
7;2025-11-28;5;178
7;2025-11-28;6;648
7;2025-11-28;7;1505
7;2025-11-28;8;2209
7;2025-11-28;9;1713
7;2025-11-28;10;1562
7;2025-11-28;11;1465
7;2025-11-28;12;1507
7;2025-11-28;13;1591
7;2025-11-28;14;1655
7;2025-11-28;15;1760
7;2025-11-28;16;2059
7;2025-11-28;17;2222
7;2025-11-28;18;2000
7;2025-11-28;19;1452
7;2025-11-28;20;965
7;2025-11-28;21;592
7;2025-11-28;22;321
7;2025-11-28;23;213
7;2025-11-29;0;95
7;2025-11-29;1;28
7;2025-11-29;2;0
7;2025-11-29;3;0
7;2025-11-29;4;1
7;2025-11-29;5;52
7;2025-11-29;6;329
7;2025-11-29;7;496
7;2025-11-29;8;811
7;2025-11-29;9;982
7;2025-11-29;10;1026
7;2025-11-29;11;1301
7;2025-11-29;12;1473
7;2025-11-29;13;1440
7;2025-11-29;14;1541
7;2025-11-29;15;1373
7;2025-11-29;16;1348
7;2025-11-29;17;1283
7;2025-11-29;18;1203
7;2025-11-29;19;1145
7;2025-11-29;20;904
7;2025-11-29;21;678
7;2025-11-29;22;360
7;2025-11-29;23;232
7;2025-11-30;0;98
7;2025-11-30;1;22
7;2025-11-30;2;0
7;2025-11-30;3;0
7;2025-11-30;4;0
7;2025-11-30;5;41
7;2025-11-30;6;224
7;2025-11-30;7;316
7;2025-11-30;8;523
7;2025-11-30;9;655
7;2025-11-30;10;776
7;2025-11-30;11;1024
7;2025-11-30;12;1130
7;2025-11-30;13;1193
7;2025-11-30;14;1249
7;2025-11-30;15;1192
7;2025-11-30;16;1117
7;2025-11-30;17;1122
7;2025-11-30;18;938
7;2025-11-30;19;789
7;2025-11-30;20;691
7;2025-11-30;21;525
7;2025-11-30;22;293
7;2025-11-30;23;161
7;2025-12-01;0;55
7;2025-12-01;1;11
7;2025-12-01;2;0
7;2025-12-01;3;0
7;2025-12-01;4;1
7;2025-12-01;5;186
7;2025-12-01;6;706
7;2025-12-01;7;1580
7;2025-12-01;8;2398
7;2025-12-01;9;1838
7;2025-12-01;10;1542
7;2025-12-01;11;1349
7;2025-12-01;12;1424
7;2025-12-01;13;1404
7;2025-12-01;14;1504
7;2025-12-01;15;1641
7;2025-12-01;16;1757
7;2025-12-01;17;2256
7;2025-12-01;18;2493
7;2025-12-01;19;1681
7;2025-12-01;20;1006
7;2025-12-01;21;594
7;2025-12-01;22;283
7;2025-12-01;23;168
7;2025-12-02;0;57
7;2025-12-02;1;11
7;2025-12-02;2;0
7;2025-12-02;3;0
7;2025-12-02;4;1
7;2025-12-02;5;192
7;2025-12-02;6;726
7;2025-12-02;7;1624
7;2025-12-02;8;2464
7;2025-12-02;9;1889
7;2025-12-02;10;1585
7;2025-12-02;11;1386
7;2025-12-02;12;1463
7;2025-12-02;13;1443
7;2025-12-02;14;1546
7;2025-12-02;15;1687
7;2025-12-02;16;1805
7;2025-12-02;17;2318
7;2025-12-02;18;2561
7;2025-12-02;19;1728
7;2025-12-02;20;1034
7;2025-12-02;21;610
7;2025-12-02;22;291
7;2025-12-02;23;173
7;2025-12-03;0;57
7;2025-12-03;1;11
7;2025-12-03;2;0
7;2025-12-03;3;0
7;2025-12-03;4;1
7;2025-12-03;5;192
7;2025-12-03;6;726
7;2025-12-03;7;1624
7;2025-12-03;8;2464
7;2025-12-03;9;1889
7;2025-12-03;10;1585
7;2025-12-03;11;1386
7;2025-12-03;12;1463
7;2025-12-03;13;1443
7;2025-12-03;14;1546
7;2025-12-03;15;1687
7;2025-12-03;16;1805
7;2025-12-03;17;2318
7;2025-12-03;18;2561
7;2025-12-03;19;1728
7;2025-12-03;20;1034
7;2025-12-03;21;610
7;2025-12-03;22;291
7;2025-12-03;23;173
7;2025-12-04;0;57
7;2025-12-04;1;11
7;2025-12-04;2;0
7;2025-12-04;3;0
7;2025-12-04;4;1
7;2025-12-04;5;192
7;2025-12-04;6;726
7;2025-12-04;7;1624
7;2025-12-04;8;2464
7;2025-12-04;9;1889
7;2025-12-04;10;1585
7;2025-12-04;11;1386
7;2025-12-04;12;1463
7;2025-12-04;13;1443
7;2025-12-04;14;1546
7;2025-12-04;15;1687
7;2025-12-04;16;1805
7;2025-12-04;17;2318
7;2025-12-04;18;2561
7;2025-12-04;19;1728
7;2025-12-04;20;1034
7;2025-12-04;21;610
7;2025-12-04;22;291
7;2025-12-04;23;173
7;2025-12-05;0;60
7;2025-12-05;1;11
7;2025-12-05;2;0
7;2025-12-05;3;0
7;2025-12-05;4;1
7;2025-12-05;5;180
7;2025-12-05;6;661
7;2025-12-05;7;1517
7;2025-12-05;8;2212
7;2025-12-05;9;1729
7;2025-12-05;10;1541
7;2025-12-05;11;1452
7;2025-12-05;12;1485
7;2025-12-05;13;1583
7;2025-12-05;14;1650
7;2025-12-05;15;1746
7;2025-12-05;16;2063
7;2025-12-05;17;2216
7;2025-12-05;18;2012
7;2025-12-05;19;1479
7;2025-12-05;20;967
7;2025-12-05;21;596
7;2025-12-05;22;322
7;2025-12-05;23;208
7;2025-12-06;0;95
7;2025-12-06;1;28
7;2025-12-06;2;0
7;2025-12-06;3;0
7;2025-12-06;4;1
7;2025-12-06;5;52
7;2025-12-06;6;329
7;2025-12-06;7;496
7;2025-12-06;8;811
7;2025-12-06;9;982
7;2025-12-06;10;1026
7;2025-12-06;11;1301
7;2025-12-06;12;1473
7;2025-12-06;13;1440
7;2025-12-06;14;1541
7;2025-12-06;15;1373
7;2025-12-06;16;1348
7;2025-12-06;17;1283
7;2025-12-06;18;1203
7;2025-12-06;19;1145
7;2025-12-06;20;904
7;2025-12-06;21;678
7;2025-12-06;22;360
7;2025-12-06;23;232
7;2025-12-07;0;98
7;2025-12-07;1;22
7;2025-12-07;2;0
7;2025-12-07;3;0
7;2025-12-07;4;0
7;2025-12-07;5;41
7;2025-12-07;6;224
7;2025-12-07;7;316
7;2025-12-07;8;523
7;2025-12-07;9;655
7;2025-12-07;10;776
7;2025-12-07;11;1024
7;2025-12-07;12;1130
7;2025-12-07;13;1193
7;2025-12-07;14;1249
7;2025-12-07;15;1192
7;2025-12-07;16;1117
7;2025-12-07;17;1122
7;2025-12-07;18;938
7;2025-12-07;19;789
7;2025-12-07;20;691
7;2025-12-07;21;525
7;2025-12-07;22;293
7;2025-12-07;23;161
7;2025-12-08;0;55
7;2025-12-08;1;11
7;2025-12-08;2;0
7;2025-12-08;3;0
7;2025-12-08;4;1
7;2025-12-08;5;186
7;2025-12-08;6;706
7;2025-12-08;7;1580
7;2025-12-08;8;2398
7;2025-12-08;9;1838
7;2025-12-08;10;1542
7;2025-12-08;11;1349
7;2025-12-08;12;1424
7;2025-12-08;13;1404
7;2025-12-08;14;1504
7;2025-12-08;15;1641
7;2025-12-08;16;1757
7;2025-12-08;17;2256
7;2025-12-08;18;2493
7;2025-12-08;19;1681
7;2025-12-08;20;1006
7;2025-12-08;21;594
7;2025-12-08;22;283
7;2025-12-08;23;168
7;2025-12-09;0;57
7;2025-12-09;1;11
7;2025-12-09;2;0
7;2025-12-09;3;0
7;2025-12-09;4;1
7;2025-12-09;5;192
7;2025-12-09;6;726
7;2025-12-09;7;1624
7;2025-12-09;8;2464
7;2025-12-09;9;1889
7;2025-12-09;10;1585
7;2025-12-09;11;1386
7;2025-12-09;12;1463
7;2025-12-09;13;1443
7;2025-12-09;14;1546
7;2025-12-09;15;1687
7;2025-12-09;16;1805
7;2025-12-09;17;2318
7;2025-12-09;18;2561
7;2025-12-09;19;1728
7;2025-12-09;20;1034
7;2025-12-09;21;610
7;2025-12-09;22;291
7;2025-12-09;23;173
7;2025-12-10;0;57
7;2025-12-10;1;11
7;2025-12-10;2;0
7;2025-12-10;3;0
7;2025-12-10;4;1
7;2025-12-10;5;192
7;2025-12-10;6;726
7;2025-12-10;7;1624
7;2025-12-10;8;2464
7;2025-12-10;9;1889
7;2025-12-10;10;1585
7;2025-12-10;11;1386
7;2025-12-10;12;1463
7;2025-12-10;13;1443
7;2025-12-10;14;1546
7;2025-12-10;15;1687
7;2025-12-10;16;1805
7;2025-12-10;17;2318
7;2025-12-10;18;2561
7;2025-12-10;19;1728
7;2025-12-10;20;1034
7;2025-12-10;21;610
7;2025-12-10;22;291
7;2025-12-10;23;173
7;2025-12-11;0;57
7;2025-12-11;1;11
7;2025-12-11;2;0
7;2025-12-11;3;0
7;2025-12-11;4;1
7;2025-12-11;5;192
7;2025-12-11;6;726
7;2025-12-11;7;1624
7;2025-12-11;8;2464
7;2025-12-11;9;1889
7;2025-12-11;10;1585
7;2025-12-11;11;1386
7;2025-12-11;12;1463
7;2025-12-11;13;1443
7;2025-12-11;14;1546
7;2025-12-11;15;1687
7;2025-12-11;16;1805
7;2025-12-11;17;2318
7;2025-12-11;18;2561
7;2025-12-11;19;1728
7;2025-12-11;20;1034
7;2025-12-11;21;610
7;2025-12-11;22;291
7;2025-12-11;23;173
7;2025-12-12;0;60
7;2025-12-12;1;11
7;2025-12-12;2;0
7;2025-12-12;3;0
7;2025-12-12;4;1
7;2025-12-12;5;180
7;2025-12-12;6;661
7;2025-12-12;7;1517
7;2025-12-12;8;2212
7;2025-12-12;9;1729
7;2025-12-12;10;1541
7;2025-12-12;11;1452
7;2025-12-12;12;1485
7;2025-12-12;13;1583
7;2025-12-12;14;1650
7;2025-12-12;15;1746
7;2025-12-12;16;2063
7;2025-12-12;17;2216
7;2025-12-12;18;2012
7;2025-12-12;19;1479
7;2025-12-12;20;967
7;2025-12-12;21;596
7;2025-12-12;22;322
7;2025-12-12;23;208
7;2025-12-13;0;95
7;2025-12-13;1;28
7;2025-12-13;2;0
7;2025-12-13;3;0
7;2025-12-13;4;1
7;2025-12-13;5;52
7;2025-12-13;6;329
7;2025-12-13;7;496
7;2025-12-13;8;811
7;2025-12-13;9;982
7;2025-12-13;10;1026
7;2025-12-13;11;1301
7;2025-12-13;12;1473
7;2025-12-13;13;1440
7;2025-12-13;14;1541
7;2025-12-13;15;1373
7;2025-12-13;16;1348
7;2025-12-13;17;1283
7;2025-12-13;18;1203
7;2025-12-13;19;1145
7;2025-12-13;20;904
7;2025-12-13;21;678
7;2025-12-13;22;360
7;2025-12-13;23;232
7;2025-12-14;0;98
7;2025-12-14;1;22
7;2025-12-14;2;0
7;2025-12-14;3;0
7;2025-12-14;4;0
7;2025-12-14;5;41
7;2025-12-14;6;224
7;2025-12-14;7;316
7;2025-12-14;8;523
7;2025-12-14;9;655
7;2025-12-14;10;776
7;2025-12-14;11;1024
7;2025-12-14;12;1130
7;2025-12-14;13;1193
7;2025-12-14;14;1249
7;2025-12-14;15;1192
7;2025-12-14;16;1117
7;2025-12-14;17;1122
7;2025-12-14;18;938
7;2025-12-14;19;789
7;2025-12-14;20;691
7;2025-12-14;21;525
7;2025-12-14;22;293
7;2025-12-14;23;161
7;2025-12-15;0;55
7;2025-12-15;1;11
7;2025-12-15;2;0
7;2025-12-15;3;0
7;2025-12-15;4;1
7;2025-12-15;5;186
7;2025-12-15;6;706
7;2025-12-15;7;1580
7;2025-12-15;8;2398
7;2025-12-15;9;1838
7;2025-12-15;10;1542
7;2025-12-15;11;1349
7;2025-12-15;12;1424
7;2025-12-15;13;1404
7;2025-12-15;14;1504
7;2025-12-15;15;1641
7;2025-12-15;16;1757
7;2025-12-15;17;2256
7;2025-12-15;18;2493
7;2025-12-15;19;1681
7;2025-12-15;20;1006
7;2025-12-15;21;594
7;2025-12-15;22;283
7;2025-12-15;23;168
7;2025-12-16;0;57
7;2025-12-16;1;11
7;2025-12-16;2;0
7;2025-12-16;3;0
7;2025-12-16;4;1
7;2025-12-16;5;192
7;2025-12-16;6;726
7;2025-12-16;7;1624
7;2025-12-16;8;2464
7;2025-12-16;9;1889
7;2025-12-16;10;1585
7;2025-12-16;11;1386
7;2025-12-16;12;1463
7;2025-12-16;13;1443
7;2025-12-16;14;1546
7;2025-12-16;15;1687
7;2025-12-16;16;1805
7;2025-12-16;17;2318
7;2025-12-16;18;2561
7;2025-12-16;19;1728
7;2025-12-16;20;1034
7;2025-12-16;21;610
7;2025-12-16;22;291
7;2025-12-16;23;173
7;2025-12-17;0;57
7;2025-12-17;1;11
7;2025-12-17;2;0
7;2025-12-17;3;0
7;2025-12-17;4;1
7;2025-12-17;5;192
7;2025-12-17;6;726
7;2025-12-17;7;1624
7;2025-12-17;8;2464
7;2025-12-17;9;1889
7;2025-12-17;10;1585
7;2025-12-17;11;1386
7;2025-12-17;12;1463
7;2025-12-17;13;1443
7;2025-12-17;14;1546
7;2025-12-17;15;1687
7;2025-12-17;16;1805
7;2025-12-17;17;2318
7;2025-12-17;18;2561
7;2025-12-17;19;1728
7;2025-12-17;20;1034
7;2025-12-17;21;610
7;2025-12-17;22;291
7;2025-12-17;23;173
7;2025-12-18;0;57
7;2025-12-18;1;11
7;2025-12-18;2;0
7;2025-12-18;3;0
7;2025-12-18;4;1
7;2025-12-18;5;192
7;2025-12-18;6;726
7;2025-12-18;7;1624
7;2025-12-18;8;2464
7;2025-12-18;9;1889
7;2025-12-18;10;1585
7;2025-12-18;11;1386
7;2025-12-18;12;1463
7;2025-12-18;13;1443
7;2025-12-18;14;1546
7;2025-12-18;15;1687
7;2025-12-18;16;1805
7;2025-12-18;17;2318
7;2025-12-18;18;2561
7;2025-12-18;19;1728
7;2025-12-18;20;1034
7;2025-12-18;21;610
7;2025-12-18;22;291
7;2025-12-18;23;173
7;2025-12-19;0;60
7;2025-12-19;1;11
7;2025-12-19;2;0
7;2025-12-19;3;0
7;2025-12-19;4;1
7;2025-12-19;5;180
7;2025-12-19;6;661
7;2025-12-19;7;1517
7;2025-12-19;8;2212
7;2025-12-19;9;1729
7;2025-12-19;10;1541
7;2025-12-19;11;1452
7;2025-12-19;12;1485
7;2025-12-19;13;1583
7;2025-12-19;14;1650
7;2025-12-19;15;1746
7;2025-12-19;16;2063
7;2025-12-19;17;2216
7;2025-12-19;18;2012
7;2025-12-19;19;1479
7;2025-12-19;20;967
7;2025-12-19;21;596
7;2025-12-19;22;322
7;2025-12-19;23;208
7;2025-12-20;0;95
7;2025-12-20;1;28
7;2025-12-20;2;0
7;2025-12-20;3;0
7;2025-12-20;4;1
7;2025-12-20;5;52
7;2025-12-20;6;329
7;2025-12-20;7;496
7;2025-12-20;8;811
7;2025-12-20;9;982
7;2025-12-20;10;1026
7;2025-12-20;11;1301
7;2025-12-20;12;1473
7;2025-12-20;13;1440
7;2025-12-20;14;1541
7;2025-12-20;15;1373
7;2025-12-20;16;1348
7;2025-12-20;17;1283
7;2025-12-20;18;1203
7;2025-12-20;19;1145
7;2025-12-20;20;904
7;2025-12-20;21;678
7;2025-12-20;22;360
7;2025-12-20;23;232
7;2025-12-21;0;98
7;2025-12-21;1;22
7;2025-12-21;2;0
7;2025-12-21;3;0
7;2025-12-21;4;0
7;2025-12-21;5;41
7;2025-12-21;6;224
7;2025-12-21;7;316
7;2025-12-21;8;523
7;2025-12-21;9;655
7;2025-12-21;10;776
7;2025-12-21;11;1024
7;2025-12-21;12;1130
7;2025-12-21;13;1193
7;2025-12-21;14;1249
7;2025-12-21;15;1192
7;2025-12-21;16;1117
7;2025-12-21;17;1122
7;2025-12-21;18;938
7;2025-12-21;19;789
7;2025-12-21;20;691
7;2025-12-21;21;525
7;2025-12-21;22;293
7;2025-12-21;23;161
7;2025-12-22;0;55
7;2025-12-22;1;11
7;2025-12-22;2;0
7;2025-12-22;3;0
7;2025-12-22;4;1
7;2025-12-22;5;186
7;2025-12-22;6;706
7;2025-12-22;7;1580
7;2025-12-22;8;2398
7;2025-12-22;9;1838
7;2025-12-22;10;1542
7;2025-12-22;11;1349
7;2025-12-22;12;1424
7;2025-12-22;13;1404
7;2025-12-22;14;1504
7;2025-12-22;15;1641
7;2025-12-22;16;1757
7;2025-12-22;17;2256
7;2025-12-22;18;2493
7;2025-12-22;19;1681
7;2025-12-22;20;1006
7;2025-12-22;21;594
7;2025-12-22;22;283
7;2025-12-22;23;168
7;2025-12-23;0;57
7;2025-12-23;1;11
7;2025-12-23;2;0
7;2025-12-23;3;0
7;2025-12-23;4;1
7;2025-12-23;5;192
7;2025-12-23;6;726
7;2025-12-23;7;1624
7;2025-12-23;8;2464
7;2025-12-23;9;1889
7;2025-12-23;10;1585
7;2025-12-23;11;1386
7;2025-12-23;12;1463
7;2025-12-23;13;1443
7;2025-12-23;14;1546
7;2025-12-23;15;1687
7;2025-12-23;16;1805
7;2025-12-23;17;2318
7;2025-12-23;18;2561
7;2025-12-23;19;1728
7;2025-12-23;20;1034
7;2025-12-23;21;610
7;2025-12-23;22;291
7;2025-12-23;23;173
7;2025-12-24;0;57
7;2025-12-24;1;11
7;2025-12-24;2;0
7;2025-12-24;3;0
7;2025-12-24;4;1
7;2025-12-24;5;192
7;2025-12-24;6;726
7;2025-12-24;7;1624
7;2025-12-24;8;2464
7;2025-12-24;9;1889
7;2025-12-24;10;1585
7;2025-12-24;11;1386
7;2025-12-24;12;1463
7;2025-12-24;13;1443
7;2025-12-24;14;1546
7;2025-12-24;15;1687
7;2025-12-24;16;1805
7;2025-12-24;17;2318
7;2025-12-24;18;2561
7;2025-12-24;19;1728
7;2025-12-24;20;1034
7;2025-12-24;21;610
7;2025-12-24;22;291
7;2025-12-24;23;173
7;2025-12-25;0;57
7;2025-12-25;1;11
7;2025-12-25;2;0
7;2025-12-25;3;0
7;2025-12-25;4;1
7;2025-12-25;5;192
7;2025-12-25;6;726
7;2025-12-25;7;1624
7;2025-12-25;8;2464
7;2025-12-25;9;1889
7;2025-12-25;10;1585
7;2025-12-25;11;1386
7;2025-12-25;12;1463
7;2025-12-25;13;1443
7;2025-12-25;14;1546
7;2025-12-25;15;1687
7;2025-12-25;16;1805
7;2025-12-25;17;2318
7;2025-12-25;18;2561
7;2025-12-25;19;1728
7;2025-12-25;20;1034
7;2025-12-25;21;610
7;2025-12-25;22;291
7;2025-12-25;23;173
7;2025-12-26;0;60
7;2025-12-26;1;11
7;2025-12-26;2;0
7;2025-12-26;3;0
7;2025-12-26;4;1
7;2025-12-26;5;180
7;2025-12-26;6;661
7;2025-12-26;7;1517
7;2025-12-26;8;2212
7;2025-12-26;9;1729
7;2025-12-26;10;1541
7;2025-12-26;11;1452
7;2025-12-26;12;1485
7;2025-12-26;13;1583
7;2025-12-26;14;1650
7;2025-12-26;15;1746
7;2025-12-26;16;2063
7;2025-12-26;17;2216
7;2025-12-26;18;2012
7;2025-12-26;19;1479
7;2025-12-26;20;967
7;2025-12-26;21;596
7;2025-12-26;22;322
7;2025-12-26;23;208
7;2025-12-27;0;95
7;2025-12-27;1;28
7;2025-12-27;2;0
7;2025-12-27;3;0
7;2025-12-27;4;1
7;2025-12-27;5;52
7;2025-12-27;6;329
7;2025-12-27;7;496
7;2025-12-27;8;811
7;2025-12-27;9;982
7;2025-12-27;10;1026
7;2025-12-27;11;1301
7;2025-12-27;12;1473
7;2025-12-27;13;1440
7;2025-12-27;14;1541
7;2025-12-27;15;1373
7;2025-12-27;16;1348
7;2025-12-27;17;1283
7;2025-12-27;18;1203
7;2025-12-27;19;1145
7;2025-12-27;20;904
7;2025-12-27;21;678
7;2025-12-27;22;360
7;2025-12-27;23;232
7;2025-12-28;0;98
7;2025-12-28;1;22
7;2025-12-28;2;0
7;2025-12-28;3;0
7;2025-12-28;4;0
7;2025-12-28;5;41
7;2025-12-28;6;224
7;2025-12-28;7;316
7;2025-12-28;8;523
7;2025-12-28;9;655
7;2025-12-28;10;776
7;2025-12-28;11;1024
7;2025-12-28;12;1130
7;2025-12-28;13;1193
7;2025-12-28;14;1249
7;2025-12-28;15;1192
7;2025-12-28;16;1117
7;2025-12-28;17;1122
7;2025-12-28;18;938
7;2025-12-28;19;789
7;2025-12-28;20;691
7;2025-12-28;21;525
7;2025-12-28;22;293
7;2025-12-28;23;161
7;2025-12-29;0;50
7;2025-12-29;1;10
7;2025-12-29;2;0
7;2025-12-29;3;0
7;2025-12-29;4;1
7;2025-12-29;5;168
7;2025-12-29;6;636
7;2025-12-29;7;1422
7;2025-12-29;8;2158
7;2025-12-29;9;1655
7;2025-12-29;10;1388
7;2025-12-29;11;1214
7;2025-12-29;12;1282
7;2025-12-29;13;1264
7;2025-12-29;14;1354
7;2025-12-29;15;1477
7;2025-12-29;16;1581
7;2025-12-29;17;2031
7;2025-12-29;18;2243
7;2025-12-29;19;1513
7;2025-12-29;20;905
7;2025-12-29;21;534
7;2025-12-29;22;255
7;2025-12-29;23;151
7;2025-12-30;0;48
7;2025-12-30;1;9
7;2025-12-30;2;0
7;2025-12-30;3;0
7;2025-12-30;4;1
7;2025-12-30;5;163
7;2025-12-30;6;617
7;2025-12-30;7;1380
7;2025-12-30;8;2095
7;2025-12-30;9;1606
7;2025-12-30;10;1347
7;2025-12-30;11;1178
7;2025-12-30;12;1244
7;2025-12-30;13;1226
7;2025-12-30;14;1314
7;2025-12-30;15;1434
7;2025-12-30;16;1534
7;2025-12-30;17;1971
7;2025-12-30;18;2177
7;2025-12-30;19;1469
7;2025-12-30;20;879
7;2025-12-30;21;518
7;2025-12-30;22;247
7;2025-12-30;23;147
7;2025-12-31;0;48
7;2025-12-31;1;14
7;2025-12-31;2;0
7;2025-12-31;3;0
7;2025-12-31;4;0
7;2025-12-31;5;27
7;2025-12-31;6;167
7;2025-12-31;7;253
7;2025-12-31;8;413
7;2025-12-31;9;500
7;2025-12-31;10;523
7;2025-12-31;11;663
7;2025-12-31;12;751
7;2025-12-31;13;734
7;2025-12-31;14;785
7;2025-12-31;15;700
7;2025-12-31;16;687
7;2025-12-31;17;654
7;2025-12-31;18;613
7;2025-12-31;19;584
7;2025-12-31;20;46
7;2025-12-31;21;35
7;2025-12-31;22;18
7;2025-12-31;23;12
11;2025-11-01;0;108
11;2025-11-01;1;0
11;2025-11-01;2;0
11;2025-11-01;3;0
11;2025-11-01;4;2
11;2025-11-01;5;261
11;2025-11-01;6;1182
11;2025-11-01;7;2129
11;2025-11-01;8;2832
11;2025-11-01;9;2112
11;2025-11-01;10;1688
11;2025-11-01;11;1634
11;2025-11-01;12;1703
11;2025-11-01;13;1762
11;2025-11-01;14;1874
11;2025-11-01;15;1973
11;2025-11-01;16;2199
11;2025-11-01;17;2653
11;2025-11-01;18;2275
11;2025-11-01;19;1763
11;2025-11-01;20;1240
11;2025-11-01;21;778
11;2025-11-01;22;389
11;2025-11-01;23;276
11;2025-11-02;0;113
11;2025-11-02;1;14
11;2025-11-02;2;0
11;2025-11-02;3;0
11;2025-11-02;4;2
11;2025-11-02;5;122
11;2025-11-02;6;492
11;2025-11-02;7;520
11;2025-11-02;8;696
11;2025-11-02;9;966
11;2025-11-02;10;1071
11;2025-11-02;11;1556
11;2025-11-02;12;1685
11;2025-11-02;13;1618
11;2025-11-02;14;1740
11;2025-11-02;15;1721
11;2025-11-02;16;1638
11;2025-11-02;17;1740
11;2025-11-02;18;1318
11;2025-11-02;19;1079
11;2025-11-02;20;852
11;2025-11-02;21;637
11;2025-11-02;22;360
11;2025-11-02;23;257
11;2025-11-03;0;99
11;2025-11-03;1;8
11;2025-11-03;2;0
11;2025-11-03;3;0
11;2025-11-03;4;2
11;2025-11-03;5;130
11;2025-11-03;6;541
11;2025-11-03;7;546
11;2025-11-03;8;735
11;2025-11-03;9;928
11;2025-11-03;10;1045
11;2025-11-03;11;1439
11;2025-11-03;12;1574
11;2025-11-03;13;1497
11;2025-11-03;14;1624
11;2025-11-03;15;1569
11;2025-11-03;16;1525
11;2025-11-03;17;1581
11;2025-11-03;18;1250
11;2025-11-03;19;1083
11;2025-11-03;20;823
11;2025-11-03;21;602
11;2025-11-03;22;344
11;2025-11-03;23;241
11;2025-11-04;0;99
11;2025-11-04;1;8
11;2025-11-04;2;0
11;2025-11-04;3;0
11;2025-11-04;4;2
11;2025-11-04;5;130
11;2025-11-04;6;541
11;2025-11-04;7;546
11;2025-11-04;8;735
11;2025-11-04;9;928
11;2025-11-04;10;1045
11;2025-11-04;11;1439
11;2025-11-04;12;1574
11;2025-11-04;13;1497
11;2025-11-04;14;1624
11;2025-11-04;15;1569
11;2025-11-04;16;1525
11;2025-11-04;17;1581
11;2025-11-04;18;1250
11;2025-11-04;19;1083
11;2025-11-04;20;823
11;2025-11-04;21;602
11;2025-11-04;22;344
11;2025-11-04;23;241
11;2025-11-05;0;68
11;2025-11-05;1;3
11;2025-11-05;2;0
11;2025-11-05;3;0
11;2025-11-05;4;3
11;2025-11-05;5;297
11;2025-11-05;6;1351
11;2025-11-05;7;2523
11;2025-11-05;8;3304
11;2025-11-05;9;2548
11;2025-11-05;10;1992
11;2025-11-05;11;1929
11;2025-11-05;12;1952
11;2025-11-05;13;2138
11;2025-11-05;14;2092
11;2025-11-05;15;2142
11;2025-11-05;16;2355
11;2025-11-05;17;2922
11;2025-11-05;18;3261
11;2025-11-05;19;2327
11;2025-11-05;20;1479
11;2025-11-05;21;889
11;2025-11-05;22;431
11;2025-11-05;23;229
11;2025-11-06;0;68
11;2025-11-06;1;3
11;2025-11-06;2;0
11;2025-11-06;3;0
11;2025-11-06;4;3
11;2025-11-06;5;297
11;2025-11-06;6;1351
11;2025-11-06;7;2523
11;2025-11-06;8;3304
11;2025-11-06;9;2548
11;2025-11-06;10;1992
11;2025-11-06;11;1929
11;2025-11-06;12;1952
11;2025-11-06;13;2138
11;2025-11-06;14;2092
11;2025-11-06;15;2142
11;2025-11-06;16;2355
11;2025-11-06;17;2922
11;2025-11-06;18;3261
11;2025-11-06;19;2327
11;2025-11-06;20;1479
11;2025-11-06;21;889
11;2025-11-06;22;431
11;2025-11-06;23;229
11;2025-11-07;0;81
11;2025-11-07;1;3
11;2025-11-07;2;0
11;2025-11-07;3;0
11;2025-11-07;4;3
11;2025-11-07;5;297
11;2025-11-07;6;1344
11;2025-11-07;7;2419
11;2025-11-07;8;3219
11;2025-11-07;9;2401
11;2025-11-07;10;1919
11;2025-11-07;11;1857
11;2025-11-07;12;1935
11;2025-11-07;13;2003
11;2025-11-07;14;2130
11;2025-11-07;15;2243
11;2025-11-07;16;2499
11;2025-11-07;17;3016
11;2025-11-07;18;2586
11;2025-11-07;19;2005
11;2025-11-07;20;1410
11;2025-11-07;21;885
11;2025-11-07;22;442
11;2025-11-07;23;314
11;2025-11-08;0;120
11;2025-11-08;1;3
11;2025-11-08;2;0
11;2025-11-08;3;0
11;2025-11-08;4;3
11;2025-11-08;5;192
11;2025-11-08;6;814
11;2025-11-08;7;795
11;2025-11-08;8;1071
11;2025-11-08;9;1246
11;2025-11-08;10;1424
11;2025-11-08;11;1857
11;2025-11-08;12;2052
11;2025-11-08;13;1932
11;2025-11-08;14;2115
11;2025-11-08;15;1995
11;2025-11-08;16;1981
11;2025-11-08;17;2002
11;2025-11-08;18;1656
11;2025-11-08;19;1513
11;2025-11-08;20;1110
11;2025-11-08;21;795
11;2025-11-08;22;460
11;2025-11-08;23;315
11;2025-11-09;0;113
11;2025-11-09;1;14
11;2025-11-09;2;0
11;2025-11-09;3;0
11;2025-11-09;4;2
11;2025-11-09;5;122
11;2025-11-09;6;492
11;2025-11-09;7;520
11;2025-11-09;8;696
11;2025-11-09;9;966
11;2025-11-09;10;1071
11;2025-11-09;11;1556
11;2025-11-09;12;1685
11;2025-11-09;13;1618
11;2025-11-09;14;1740
11;2025-11-09;15;1721
11;2025-11-09;16;1638
11;2025-11-09;17;1740
11;2025-11-09;18;1318
11;2025-11-09;19;1079
11;2025-11-09;20;852
11;2025-11-09;21;637
11;2025-11-09;22;360
11;2025-11-09;23;257
11;2025-11-10;0;66
11;2025-11-10;1;3
11;2025-11-10;2;0
11;2025-11-10;3;0
11;2025-11-10;4;3
11;2025-11-10;5;289
11;2025-11-10;6;1315
11;2025-11-10;7;2455
11;2025-11-10;8;3216
11;2025-11-10;9;2480
11;2025-11-10;10;1938
11;2025-11-10;11;1878
11;2025-11-10;12;1900
11;2025-11-10;13;2081
11;2025-11-10;14;2036
11;2025-11-10;15;2084
11;2025-11-10;16;2291
11;2025-11-10;17;2843
11;2025-11-10;18;3173
11;2025-11-10;19;2264
11;2025-11-10;20;1439
11;2025-11-10;21;865
11;2025-11-10;22;419
11;2025-11-10;23;223
11;2025-11-11;0;68
11;2025-11-11;1;3
11;2025-11-11;2;0
11;2025-11-11;3;0
11;2025-11-11;4;3
11;2025-11-11;5;297
11;2025-11-11;6;1351
11;2025-11-11;7;2523
11;2025-11-11;8;3304
11;2025-11-11;9;2548
11;2025-11-11;10;1992
11;2025-11-11;11;1929
11;2025-11-11;12;1952
11;2025-11-11;13;2138
11;2025-11-11;14;2092
11;2025-11-11;15;2142
11;2025-11-11;16;2355
11;2025-11-11;17;2922
11;2025-11-11;18;3261
11;2025-11-11;19;2327
11;2025-11-11;20;1479
11;2025-11-11;21;889
11;2025-11-11;22;431
11;2025-11-11;23;229
11;2025-11-12;0;68
11;2025-11-12;1;3
11;2025-11-12;2;0
11;2025-11-12;3;0
11;2025-11-12;4;3
11;2025-11-12;5;297
11;2025-11-12;6;1351
11;2025-11-12;7;2523
11;2025-11-12;8;3304
11;2025-11-12;9;2548
11;2025-11-12;10;1992
11;2025-11-12;11;1929
11;2025-11-12;12;1952
11;2025-11-12;13;2138
11;2025-11-12;14;2092
11;2025-11-12;15;2142
11;2025-11-12;16;2355
11;2025-11-12;17;2922
11;2025-11-12;18;3261
11;2025-11-12;19;2327
11;2025-11-12;20;1479
11;2025-11-12;21;889
11;2025-11-12;22;431
11;2025-11-12;23;229
11;2025-11-13;0;68
11;2025-11-13;1;3
11;2025-11-13;2;0
11;2025-11-13;3;0
11;2025-11-13;4;3
11;2025-11-13;5;297
11;2025-11-13;6;1351
11;2025-11-13;7;2523
11;2025-11-13;8;3304
11;2025-11-13;9;2548
11;2025-11-13;10;1992
11;2025-11-13;11;1929
11;2025-11-13;12;1952
11;2025-11-13;13;2138
11;2025-11-13;14;2092
11;2025-11-13;15;2142
11;2025-11-13;16;2355
11;2025-11-13;17;2922
11;2025-11-13;18;3261
11;2025-11-13;19;2327
11;2025-11-13;20;1479
11;2025-11-13;21;889
11;2025-11-13;22;431
11;2025-11-13;23;229
11;2025-11-14;0;81
11;2025-11-14;1;3
11;2025-11-14;2;0
11;2025-11-14;3;0
11;2025-11-14;4;3
11;2025-11-14;5;297
11;2025-11-14;6;1344
11;2025-11-14;7;2419
11;2025-11-14;8;3219
11;2025-11-14;9;2401
11;2025-11-14;10;1919
11;2025-11-14;11;1857
11;2025-11-14;12;1935
11;2025-11-14;13;2003
11;2025-11-14;14;2130
11;2025-11-14;15;2243
11;2025-11-14;16;2499
11;2025-11-14;17;3016
11;2025-11-14;18;2586
11;2025-11-14;19;2005
11;2025-11-14;20;1410
11;2025-11-14;21;885
11;2025-11-14;22;442
11;2025-11-14;23;314
11;2025-11-15;0;120
11;2025-11-15;1;3
11;2025-11-15;2;0
11;2025-11-15;3;0
11;2025-11-15;4;3
11;2025-11-15;5;192
11;2025-11-15;6;814
11;2025-11-15;7;795
11;2025-11-15;8;1071
11;2025-11-15;9;1246
11;2025-11-15;10;1424
11;2025-11-15;11;1857
11;2025-11-15;12;2052
11;2025-11-15;13;1932
11;2025-11-15;14;2115
11;2025-11-15;15;1995
11;2025-11-15;16;1981
11;2025-11-15;17;2002
11;2025-11-15;18;1656
11;2025-11-15;19;1513
11;2025-11-15;20;1110
11;2025-11-15;21;795
11;2025-11-15;22;460
11;2025-11-15;23;315
11;2025-11-16;0;113
11;2025-11-16;1;14
11;2025-11-16;2;0
11;2025-11-16;3;0
11;2025-11-16;4;2
11;2025-11-16;5;122
11;2025-11-16;6;492
11;2025-11-16;7;520
11;2025-11-16;8;696
11;2025-11-16;9;966
11;2025-11-16;10;1071
11;2025-11-16;11;1556
11;2025-11-16;12;1685
11;2025-11-16;13;1618
11;2025-11-16;14;1740
11;2025-11-16;15;1721
11;2025-11-16;16;1638
11;2025-11-16;17;1740
11;2025-11-16;18;1318
11;2025-11-16;19;1079
11;2025-11-16;20;852
11;2025-11-16;21;637
11;2025-11-16;22;360
11;2025-11-16;23;257
11;2025-11-17;0;66
11;2025-11-17;1;3
11;2025-11-17;2;0
11;2025-11-17;3;0
11;2025-11-17;4;3
11;2025-11-17;5;289
11;2025-11-17;6;1315
11;2025-11-17;7;2455
11;2025-11-17;8;3216
11;2025-11-17;9;2480
11;2025-11-17;10;1938
11;2025-11-17;11;1878
11;2025-11-17;12;1900
11;2025-11-17;13;2081
11;2025-11-17;14;2036
11;2025-11-17;15;2084
11;2025-11-17;16;2291
11;2025-11-17;17;2843
11;2025-11-17;18;3173
11;2025-11-17;19;2264
11;2025-11-17;20;1439
11;2025-11-17;21;865
11;2025-11-17;22;419
11;2025-11-17;23;223
11;2025-11-18;0;68
11;2025-11-18;1;3
11;2025-11-18;2;0
11;2025-11-18;3;0
11;2025-11-18;4;3
11;2025-11-18;5;297
11;2025-11-18;6;1351
11;2025-11-18;7;2523
11;2025-11-18;8;3304
11;2025-11-18;9;2548
11;2025-11-18;10;1992
11;2025-11-18;11;1929
11;2025-11-18;12;1952
11;2025-11-18;13;2138
11;2025-11-18;14;2092
11;2025-11-18;15;2142
11;2025-11-18;16;2355
11;2025-11-18;17;2922
11;2025-11-18;18;3261
11;2025-11-18;19;2327
11;2025-11-18;20;1479
11;2025-11-18;21;889
11;2025-11-18;22;431
11;2025-11-18;23;229
11;2025-11-19;0;68
11;2025-11-19;1;3
11;2025-11-19;2;0
11;2025-11-19;3;0
11;2025-11-19;4;3
11;2025-11-19;5;297
11;2025-11-19;6;1351
11;2025-11-19;7;2523
11;2025-11-19;8;3304
11;2025-11-19;9;2548
11;2025-11-19;10;1992
11;2025-11-19;11;1929
11;2025-11-19;12;1952
11;2025-11-19;13;2138
11;2025-11-19;14;2092
11;2025-11-19;15;2142
11;2025-11-19;16;2355
11;2025-11-19;17;2922
11;2025-11-19;18;3261
11;2025-11-19;19;2327
11;2025-11-19;20;1479
11;2025-11-19;21;889
11;2025-11-19;22;431
11;2025-11-19;23;229
11;2025-11-20;0;68
11;2025-11-20;1;3
11;2025-11-20;2;0
11;2025-11-20;3;0
11;2025-11-20;4;3
11;2025-11-20;5;297
11;2025-11-20;6;1351
11;2025-11-20;7;2523
11;2025-11-20;8;3304
11;2025-11-20;9;2548
11;2025-11-20;10;1992
11;2025-11-20;11;1929
11;2025-11-20;12;1952
11;2025-11-20;13;2138
11;2025-11-20;14;2092
11;2025-11-20;15;2142
11;2025-11-20;16;2355
11;2025-11-20;17;2922
11;2025-11-20;18;3261
11;2025-11-20;19;2327
11;2025-11-20;20;1479
11;2025-11-20;21;889
11;2025-11-20;22;431
11;2025-11-20;23;229
11;2025-11-21;0;81
11;2025-11-21;1;3
11;2025-11-21;2;0
11;2025-11-21;3;0
11;2025-11-21;4;3
11;2025-11-21;5;297
11;2025-11-21;6;1344
11;2025-11-21;7;2419
11;2025-11-21;8;3219
11;2025-11-21;9;2401
11;2025-11-21;10;1919
11;2025-11-21;11;1857
11;2025-11-21;12;1935
11;2025-11-21;13;2003
11;2025-11-21;14;2130
11;2025-11-21;15;2243
11;2025-11-21;16;2499
11;2025-11-21;17;3016
11;2025-11-21;18;2586
11;2025-11-21;19;2005
11;2025-11-21;20;1410
11;2025-11-21;21;885
11;2025-11-21;22;442
11;2025-11-21;23;314
11;2025-11-22;0;120
11;2025-11-22;1;3
11;2025-11-22;2;0
11;2025-11-22;3;0
11;2025-11-22;4;3
11;2025-11-22;5;192
11;2025-11-22;6;814
11;2025-11-22;7;795
11;2025-11-22;8;1071
11;2025-11-22;9;1246
11;2025-11-22;10;1424
11;2025-11-22;11;1857
11;2025-11-22;12;2052
11;2025-11-22;13;1932
11;2025-11-22;14;2115
11;2025-11-22;15;1995
11;2025-11-22;16;1981
11;2025-11-22;17;2002
11;2025-11-22;18;1656
11;2025-11-22;19;1513
11;2025-11-22;20;1110
11;2025-11-22;21;795
11;2025-11-22;22;460
11;2025-11-22;23;315
11;2025-11-23;0;113
11;2025-11-23;1;14
11;2025-11-23;2;0
11;2025-11-23;3;0
11;2025-11-23;4;2
11;2025-11-23;5;122
11;2025-11-23;6;492
11;2025-11-23;7;520
11;2025-11-23;8;696
11;2025-11-23;9;966
11;2025-11-23;10;1071
11;2025-11-23;11;1556
11;2025-11-23;12;1685
11;2025-11-23;13;1618
11;2025-11-23;14;1740
11;2025-11-23;15;1721
11;2025-11-23;16;1638
11;2025-11-23;17;1740
11;2025-11-23;18;1318
11;2025-11-23;19;1079
11;2025-11-23;20;852
11;2025-11-23;21;637
11;2025-11-23;22;360
11;2025-11-23;23;257
11;2025-11-24;0;66
11;2025-11-24;1;3
11;2025-11-24;2;0
11;2025-11-24;3;0
11;2025-11-24;4;3
11;2025-11-24;5;289
11;2025-11-24;6;1315
11;2025-11-24;7;2455
11;2025-11-24;8;3216
11;2025-11-24;9;2480
11;2025-11-24;10;1938
11;2025-11-24;11;1878
11;2025-11-24;12;1900
11;2025-11-24;13;2081
11;2025-11-24;14;2036
11;2025-11-24;15;2084
11;2025-11-24;16;2291
11;2025-11-24;17;2843
11;2025-11-24;18;3173
11;2025-11-24;19;2264
11;2025-11-24;20;1439
11;2025-11-24;21;865
11;2025-11-24;22;419
11;2025-11-24;23;223
11;2025-11-25;0;68
11;2025-11-25;1;3
11;2025-11-25;2;0
11;2025-11-25;3;0
11;2025-11-25;4;3
11;2025-11-25;5;297
11;2025-11-25;6;1351
11;2025-11-25;7;2523
11;2025-11-25;8;3304
11;2025-11-25;9;2548
11;2025-11-25;10;1992
11;2025-11-25;11;1929
11;2025-11-25;12;1952
11;2025-11-25;13;2138
11;2025-11-25;14;2092
11;2025-11-25;15;2142
11;2025-11-25;16;2355
11;2025-11-25;17;2922
11;2025-11-25;18;3261
11;2025-11-25;19;2327
11;2025-11-25;20;1479
11;2025-11-25;21;889
11;2025-11-25;22;431
11;2025-11-25;23;229
11;2025-11-26;0;68
11;2025-11-26;1;3
11;2025-11-26;2;0
11;2025-11-26;3;0
11;2025-11-26;4;3
11;2025-11-26;5;297
11;2025-11-26;6;1351
11;2025-11-26;7;2523
11;2025-11-26;8;3304
11;2025-11-26;9;2548
11;2025-11-26;10;1992
11;2025-11-26;11;1929
11;2025-11-26;12;1952
11;2025-11-26;13;2138
11;2025-11-26;14;2092
11;2025-11-26;15;2142
11;2025-11-26;16;2355
11;2025-11-26;17;2922
11;2025-11-26;18;3261
11;2025-11-26;19;2327
11;2025-11-26;20;1479
11;2025-11-26;21;889
11;2025-11-26;22;431
11;2025-11-26;23;229
11;2025-11-27;0;68
11;2025-11-27;1;3
11;2025-11-27;2;0
11;2025-11-27;3;0
11;2025-11-27;4;3
11;2025-11-27;5;297
11;2025-11-27;6;1351
11;2025-11-27;7;2523
11;2025-11-27;8;3304
11;2025-11-27;9;2548
11;2025-11-27;10;1992
11;2025-11-27;11;1929
11;2025-11-27;12;1952
11;2025-11-27;13;2138
11;2025-11-27;14;2092
11;2025-11-27;15;2142
11;2025-11-27;16;2355
11;2025-11-27;17;2922
11;2025-11-27;18;3261
11;2025-11-27;19;2327
11;2025-11-27;20;1479
11;2025-11-27;21;889
11;2025-11-27;22;431
11;2025-11-27;23;229
11;2025-11-28;0;81
11;2025-11-28;1;3
11;2025-11-28;2;0
11;2025-11-28;3;0
11;2025-11-28;4;3
11;2025-11-28;5;297
11;2025-11-28;6;1344
11;2025-11-28;7;2419
11;2025-11-28;8;3219
11;2025-11-28;9;2401
11;2025-11-28;10;1919
11;2025-11-28;11;1857
11;2025-11-28;12;1935
11;2025-11-28;13;2003
11;2025-11-28;14;2130
11;2025-11-28;15;2243
11;2025-11-28;16;2499
11;2025-11-28;17;3016
11;2025-11-28;18;2586
11;2025-11-28;19;2005
11;2025-11-28;20;1410
11;2025-11-28;21;885
11;2025-11-28;22;442
11;2025-11-28;23;314
11;2025-11-29;0;120
11;2025-11-29;1;3
11;2025-11-29;2;0
11;2025-11-29;3;0
11;2025-11-29;4;3
11;2025-11-29;5;192
11;2025-11-29;6;814
11;2025-11-29;7;795
11;2025-11-29;8;1071
11;2025-11-29;9;1246
11;2025-11-29;10;1424
11;2025-11-29;11;1857
11;2025-11-29;12;2052
11;2025-11-29;13;1932
11;2025-11-29;14;2115
11;2025-11-29;15;1995
11;2025-11-29;16;1981
11;2025-11-29;17;2002
11;2025-11-29;18;1656
11;2025-11-29;19;1513
11;2025-11-29;20;1110
11;2025-11-29;21;795
11;2025-11-29;22;460
11;2025-11-29;23;315
11;2025-11-30;0;113
11;2025-11-30;1;14
11;2025-11-30;2;0
11;2025-11-30;3;0
11;2025-11-30;4;2
11;2025-11-30;5;122
11;2025-11-30;6;492
11;2025-11-30;7;520
11;2025-11-30;8;696
11;2025-11-30;9;966
11;2025-11-30;10;1071
11;2025-11-30;11;1556
11;2025-11-30;12;1685
11;2025-11-30;13;1618
11;2025-11-30;14;1740
11;2025-11-30;15;1721
11;2025-11-30;16;1638
11;2025-11-30;17;1740
11;2025-11-30;18;1318
11;2025-11-30;19;1079
11;2025-11-30;20;852
11;2025-11-30;21;637
11;2025-11-30;22;360
11;2025-11-30;23;257
11;2025-12-01;0;67
11;2025-12-01;1;3
11;2025-12-01;2;0
11;2025-12-01;3;0
11;2025-12-01;4;4
11;2025-12-01;5;297
11;2025-12-01;6;1310
11;2025-12-01;7;2442
11;2025-12-01;8;3203
11;2025-12-01;9;2481
11;2025-12-01;10;1915
11;2025-12-01;11;1867
11;2025-12-01;12;1884
11;2025-12-01;13;2076
11;2025-12-01;14;2027
11;2025-12-01;15;2106
11;2025-12-01;16;2306
11;2025-12-01;17;2852
11;2025-12-01;18;3181
11;2025-12-01;19;2269
11;2025-12-01;20;1447
11;2025-12-01;21;876
11;2025-12-01;22;428
11;2025-12-01;23;219
11;2025-12-02;0;69
11;2025-12-02;1;3
11;2025-12-02;2;0
11;2025-12-02;3;0
11;2025-12-02;4;4
11;2025-12-02;5;305
11;2025-12-02;6;1346
11;2025-12-02;7;2510
11;2025-12-02;8;3291
11;2025-12-02;9;2550
11;2025-12-02;10;1967
11;2025-12-02;11;1919
11;2025-12-02;12;1936
11;2025-12-02;13;2133
11;2025-12-02;14;2083
11;2025-12-02;15;2164
11;2025-12-02;16;2370
11;2025-12-02;17;2931
11;2025-12-02;18;3269
11;2025-12-02;19;2331
11;2025-12-02;20;1487
11;2025-12-02;21;900
11;2025-12-02;22;440
11;2025-12-02;23;225
11;2025-12-03;0;69
11;2025-12-03;1;3
11;2025-12-03;2;0
11;2025-12-03;3;0
11;2025-12-03;4;4
11;2025-12-03;5;305
11;2025-12-03;6;1346
11;2025-12-03;7;2510
11;2025-12-03;8;3291
11;2025-12-03;9;2550
11;2025-12-03;10;1967
11;2025-12-03;11;1919
11;2025-12-03;12;1936
11;2025-12-03;13;2133
11;2025-12-03;14;2083
11;2025-12-03;15;2164
11;2025-12-03;16;2370
11;2025-12-03;17;2931
11;2025-12-03;18;3269
11;2025-12-03;19;2331
11;2025-12-03;20;1487
11;2025-12-03;21;900
11;2025-12-03;22;440
11;2025-12-03;23;225
11;2025-12-04;0;69
11;2025-12-04;1;3
11;2025-12-04;2;0
11;2025-12-04;3;0
11;2025-12-04;4;4
11;2025-12-04;5;305
11;2025-12-04;6;1346
11;2025-12-04;7;2510
11;2025-12-04;8;3291
11;2025-12-04;9;2550
11;2025-12-04;10;1967
11;2025-12-04;11;1919
11;2025-12-04;12;1936
11;2025-12-04;13;2133
11;2025-12-04;14;2083
11;2025-12-04;15;2164
11;2025-12-04;16;2370
11;2025-12-04;17;2931
11;2025-12-04;18;3269
11;2025-12-04;19;2331
11;2025-12-04;20;1487
11;2025-12-04;21;900
11;2025-12-04;22;440
11;2025-12-04;23;225
11;2025-12-05;0;82
11;2025-12-05;1;4
11;2025-12-05;2;0
11;2025-12-05;3;0
11;2025-12-05;4;3
11;2025-12-05;5;302
11;2025-12-05;6;1339
11;2025-12-05;7;2393
11;2025-12-05;8;3171
11;2025-12-05;9;2413
11;2025-12-05;10;1914
11;2025-12-05;11;1861
11;2025-12-05;12;1924
11;2025-12-05;13;2012
11;2025-12-05;14;2120
11;2025-12-05;15;2258
11;2025-12-05;16;2519
11;2025-12-05;17;3010
11;2025-12-05;18;2595
11;2025-12-05;19;2025
11;2025-12-05;20;1415
11;2025-12-05;21;889
11;2025-12-05;22;452
11;2025-12-05;23;306
11;2025-12-06;0;120
11;2025-12-06;1;3
11;2025-12-06;2;0
11;2025-12-06;3;0
11;2025-12-06;4;3
11;2025-12-06;5;193
11;2025-12-06;6;791
11;2025-12-06;7;785
11;2025-12-06;8;1055
11;2025-12-06;9;1236
11;2025-12-06;10;1400
11;2025-12-06;11;1847
11;2025-12-06;12;2028
11;2025-12-06;13;1915
11;2025-12-06;14;2081
11;2025-12-06;15;1970
11;2025-12-06;16;1979
11;2025-12-06;17;1981
11;2025-12-06;18;1652
11;2025-12-06;19;1491
11;2025-12-06;20;1113
11;2025-12-06;21;796
11;2025-12-06;22;459
11;2025-12-06;23;316
11;2025-12-07;0;111
11;2025-12-07;1;14
11;2025-12-07;2;0
11;2025-12-07;3;0
11;2025-12-07;4;2
11;2025-12-07;5;122
11;2025-12-07;6;481
11;2025-12-07;7;514
11;2025-12-07;8;682
11;2025-12-07;9;951
11;2025-12-07;10;1055
11;2025-12-07;11;1529
11;2025-12-07;12;1666
11;2025-12-07;13;1599
11;2025-12-07;14;1721
11;2025-12-07;15;1705
11;2025-12-07;16;1626
11;2025-12-07;17;1711
11;2025-12-07;18;1304
11;2025-12-07;19;1073
11;2025-12-07;20;851
11;2025-12-07;21;633
11;2025-12-07;22;356
11;2025-12-07;23;255
11;2025-12-08;0;67
11;2025-12-08;1;3
11;2025-12-08;2;0
11;2025-12-08;3;0
11;2025-12-08;4;4
11;2025-12-08;5;297
11;2025-12-08;6;1310
11;2025-12-08;7;2442
11;2025-12-08;8;3203
11;2025-12-08;9;2481
11;2025-12-08;10;1915
11;2025-12-08;11;1867
11;2025-12-08;12;1884
11;2025-12-08;13;2076
11;2025-12-08;14;2027
11;2025-12-08;15;2106
11;2025-12-08;16;2306
11;2025-12-08;17;2852
11;2025-12-08;18;3181
11;2025-12-08;19;2269
11;2025-12-08;20;1447
11;2025-12-08;21;876
11;2025-12-08;22;428
11;2025-12-08;23;219
11;2025-12-09;0;69
11;2025-12-09;1;3
11;2025-12-09;2;0
11;2025-12-09;3;0
11;2025-12-09;4;4
11;2025-12-09;5;305
11;2025-12-09;6;1346
11;2025-12-09;7;2510
11;2025-12-09;8;3291
11;2025-12-09;9;2550
11;2025-12-09;10;1967
11;2025-12-09;11;1919
11;2025-12-09;12;1936
11;2025-12-09;13;2133
11;2025-12-09;14;2083
11;2025-12-09;15;2164
11;2025-12-09;16;2370
11;2025-12-09;17;2931
11;2025-12-09;18;3269
11;2025-12-09;19;2331
11;2025-12-09;20;1487
11;2025-12-09;21;900
11;2025-12-09;22;440
11;2025-12-09;23;225
11;2025-12-10;0;69
11;2025-12-10;1;3
11;2025-12-10;2;0
11;2025-12-10;3;0
11;2025-12-10;4;4
11;2025-12-10;5;305
11;2025-12-10;6;1346
11;2025-12-10;7;2510
11;2025-12-10;8;3291
11;2025-12-10;9;2550
11;2025-12-10;10;1967
11;2025-12-10;11;1919
11;2025-12-10;12;1936
11;2025-12-10;13;2133
11;2025-12-10;14;2083
11;2025-12-10;15;2164
11;2025-12-10;16;2370
11;2025-12-10;17;2931
11;2025-12-10;18;3269
11;2025-12-10;19;2331
11;2025-12-10;20;1487
11;2025-12-10;21;900
11;2025-12-10;22;440
11;2025-12-10;23;225
11;2025-12-11;0;69
11;2025-12-11;1;3
11;2025-12-11;2;0
11;2025-12-11;3;0
11;2025-12-11;4;4
11;2025-12-11;5;305
11;2025-12-11;6;1346
11;2025-12-11;7;2510
11;2025-12-11;8;3291
11;2025-12-11;9;2550
11;2025-12-11;10;1967
11;2025-12-11;11;1919
11;2025-12-11;12;1936
11;2025-12-11;13;2133
11;2025-12-11;14;2083
11;2025-12-11;15;2164
11;2025-12-11;16;2370
11;2025-12-11;17;2931
11;2025-12-11;18;3269
11;2025-12-11;19;2331
11;2025-12-11;20;1487
11;2025-12-11;21;900
11;2025-12-11;22;440
11;2025-12-11;23;225
11;2025-12-12;0;82
11;2025-12-12;1;4
11;2025-12-12;2;0
11;2025-12-12;3;0
11;2025-12-12;4;3
11;2025-12-12;5;302
11;2025-12-12;6;1339
11;2025-12-12;7;2393
11;2025-12-12;8;3171
11;2025-12-12;9;2413
11;2025-12-12;10;1914
11;2025-12-12;11;1861
11;2025-12-12;12;1924
11;2025-12-12;13;2012
11;2025-12-12;14;2120
11;2025-12-12;15;2258
11;2025-12-12;16;2519
11;2025-12-12;17;3010
11;2025-12-12;18;2595
11;2025-12-12;19;2025
11;2025-12-12;20;1415
11;2025-12-12;21;889
11;2025-12-12;22;452
11;2025-12-12;23;306
11;2025-12-13;0;120
11;2025-12-13;1;3
11;2025-12-13;2;0
11;2025-12-13;3;0
11;2025-12-13;4;3
11;2025-12-13;5;193
11;2025-12-13;6;791
11;2025-12-13;7;785
11;2025-12-13;8;1055
11;2025-12-13;9;1236
11;2025-12-13;10;1400
11;2025-12-13;11;1847
11;2025-12-13;12;2028
11;2025-12-13;13;1915
11;2025-12-13;14;2081
11;2025-12-13;15;1970
11;2025-12-13;16;1979
11;2025-12-13;17;1981
11;2025-12-13;18;1652
11;2025-12-13;19;1491
11;2025-12-13;20;1113
11;2025-12-13;21;796
11;2025-12-13;22;459
11;2025-12-13;23;316
11;2025-12-14;0;111
11;2025-12-14;1;14
11;2025-12-14;2;0
11;2025-12-14;3;0
11;2025-12-14;4;2
11;2025-12-14;5;122
11;2025-12-14;6;481
11;2025-12-14;7;514
11;2025-12-14;8;682
11;2025-12-14;9;951
11;2025-12-14;10;1055
11;2025-12-14;11;1529
11;2025-12-14;12;1666
11;2025-12-14;13;1599
11;2025-12-14;14;1721
11;2025-12-14;15;1705
11;2025-12-14;16;1626
11;2025-12-14;17;1711
11;2025-12-14;18;1304
11;2025-12-14;19;1073
11;2025-12-14;20;851
11;2025-12-14;21;633
11;2025-12-14;22;356
11;2025-12-14;23;255
11;2025-12-15;0;67
11;2025-12-15;1;3
11;2025-12-15;2;0
11;2025-12-15;3;0
11;2025-12-15;4;4
11;2025-12-15;5;297
11;2025-12-15;6;1310
11;2025-12-15;7;2442
11;2025-12-15;8;3203
11;2025-12-15;9;2481
11;2025-12-15;10;1915
11;2025-12-15;11;1867
11;2025-12-15;12;1884
11;2025-12-15;13;2076
11;2025-12-15;14;2027
11;2025-12-15;15;2106
11;2025-12-15;16;2306
11;2025-12-15;17;2852
11;2025-12-15;18;3181
11;2025-12-15;19;2269
11;2025-12-15;20;1447
11;2025-12-15;21;876
11;2025-12-15;22;428
11;2025-12-15;23;219
11;2025-12-16;0;69
11;2025-12-16;1;3
11;2025-12-16;2;0
11;2025-12-16;3;0
11;2025-12-16;4;4
11;2025-12-16;5;305
11;2025-12-16;6;1346
11;2025-12-16;7;2510
11;2025-12-16;8;3291
11;2025-12-16;9;2550
11;2025-12-16;10;1967
11;2025-12-16;11;1919
11;2025-12-16;12;1936
11;2025-12-16;13;2133
11;2025-12-16;14;2083
11;2025-12-16;15;2164
11;2025-12-16;16;2370
11;2025-12-16;17;2931
11;2025-12-16;18;3269
11;2025-12-16;19;2331
11;2025-12-16;20;1487
11;2025-12-16;21;900
11;2025-12-16;22;440
11;2025-12-16;23;225
11;2025-12-17;0;69
11;2025-12-17;1;3
11;2025-12-17;2;0
11;2025-12-17;3;0
11;2025-12-17;4;4
11;2025-12-17;5;305
11;2025-12-17;6;1346
11;2025-12-17;7;2510
11;2025-12-17;8;3291
11;2025-12-17;9;2550
11;2025-12-17;10;1967
11;2025-12-17;11;1919
11;2025-12-17;12;1936
11;2025-12-17;13;2133
11;2025-12-17;14;2083
11;2025-12-17;15;2164
11;2025-12-17;16;2370
11;2025-12-17;17;2931
11;2025-12-17;18;3269
11;2025-12-17;19;2331
11;2025-12-17;20;1487
11;2025-12-17;21;900
11;2025-12-17;22;440
11;2025-12-17;23;225
11;2025-12-18;0;69
11;2025-12-18;1;3
11;2025-12-18;2;0
11;2025-12-18;3;0
11;2025-12-18;4;4
11;2025-12-18;5;305
11;2025-12-18;6;1346
11;2025-12-18;7;2510
11;2025-12-18;8;3291
11;2025-12-18;9;2550
11;2025-12-18;10;1967
11;2025-12-18;11;1919
11;2025-12-18;12;1936
11;2025-12-18;13;2133
11;2025-12-18;14;2083
11;2025-12-18;15;2164
11;2025-12-18;16;2370
11;2025-12-18;17;2931
11;2025-12-18;18;3269
11;2025-12-18;19;2331
11;2025-12-18;20;1487
11;2025-12-18;21;900
11;2025-12-18;22;440
11;2025-12-18;23;225
11;2025-12-19;0;82
11;2025-12-19;1;4
11;2025-12-19;2;0
11;2025-12-19;3;0
11;2025-12-19;4;3
11;2025-12-19;5;302
11;2025-12-19;6;1339
11;2025-12-19;7;2393
11;2025-12-19;8;3171
11;2025-12-19;9;2413
11;2025-12-19;10;1914
11;2025-12-19;11;1861
11;2025-12-19;12;1924
11;2025-12-19;13;2012
11;2025-12-19;14;2120
11;2025-12-19;15;2258
11;2025-12-19;16;2519
11;2025-12-19;17;3010
11;2025-12-19;18;2595
11;2025-12-19;19;2025
11;2025-12-19;20;1415
11;2025-12-19;21;889
11;2025-12-19;22;452
11;2025-12-19;23;306
11;2025-12-20;0;120
11;2025-12-20;1;3
11;2025-12-20;2;0
11;2025-12-20;3;0
11;2025-12-20;4;3
11;2025-12-20;5;193
11;2025-12-20;6;791
11;2025-12-20;7;785
11;2025-12-20;8;1055
11;2025-12-20;9;1236
11;2025-12-20;10;1400
11;2025-12-20;11;1847
11;2025-12-20;12;2028
11;2025-12-20;13;1915
11;2025-12-20;14;2081
11;2025-12-20;15;1970
11;2025-12-20;16;1979
11;2025-12-20;17;1981
11;2025-12-20;18;1652
11;2025-12-20;19;1491
11;2025-12-20;20;1113
11;2025-12-20;21;796
11;2025-12-20;22;459
11;2025-12-20;23;316
11;2025-12-21;0;111
11;2025-12-21;1;14
11;2025-12-21;2;0
11;2025-12-21;3;0
11;2025-12-21;4;2
11;2025-12-21;5;122
11;2025-12-21;6;481
11;2025-12-21;7;514
11;2025-12-21;8;682
11;2025-12-21;9;951
11;2025-12-21;10;1055
11;2025-12-21;11;1529
11;2025-12-21;12;1666
11;2025-12-21;13;1599
11;2025-12-21;14;1721
11;2025-12-21;15;1705
11;2025-12-21;16;1626
11;2025-12-21;17;1711
11;2025-12-21;18;1304
11;2025-12-21;19;1073
11;2025-12-21;20;851
11;2025-12-21;21;633
11;2025-12-21;22;356
11;2025-12-21;23;255
11;2025-12-22;0;67
11;2025-12-22;1;3
11;2025-12-22;2;0
11;2025-12-22;3;0
11;2025-12-22;4;4
11;2025-12-22;5;297
11;2025-12-22;6;1310
11;2025-12-22;7;2442
11;2025-12-22;8;3203
11;2025-12-22;9;2481
11;2025-12-22;10;1915
11;2025-12-22;11;1867
11;2025-12-22;12;1884
11;2025-12-22;13;2076
11;2025-12-22;14;2027
11;2025-12-22;15;2106
11;2025-12-22;16;2306
11;2025-12-22;17;2852
11;2025-12-22;18;3181
11;2025-12-22;19;2269
11;2025-12-22;20;1447
11;2025-12-22;21;876
11;2025-12-22;22;428
11;2025-12-22;23;219
11;2025-12-23;0;69
11;2025-12-23;1;3
11;2025-12-23;2;0
11;2025-12-23;3;0
11;2025-12-23;4;4
11;2025-12-23;5;305
11;2025-12-23;6;1346
11;2025-12-23;7;2510
11;2025-12-23;8;3291
11;2025-12-23;9;2550
11;2025-12-23;10;1967
11;2025-12-23;11;1919
11;2025-12-23;12;1936
11;2025-12-23;13;2133
11;2025-12-23;14;2083
11;2025-12-23;15;2164
11;2025-12-23;16;2370
11;2025-12-23;17;2931
11;2025-12-23;18;3269
11;2025-12-23;19;2331
11;2025-12-23;20;1487
11;2025-12-23;21;900
11;2025-12-23;22;440
11;2025-12-23;23;225
11;2025-12-24;0;69
11;2025-12-24;1;3
11;2025-12-24;2;0
11;2025-12-24;3;0
11;2025-12-24;4;4
11;2025-12-24;5;305
11;2025-12-24;6;1346
11;2025-12-24;7;2510
11;2025-12-24;8;3291
11;2025-12-24;9;2550
11;2025-12-24;10;1967
11;2025-12-24;11;1919
11;2025-12-24;12;1936
11;2025-12-24;13;2133
11;2025-12-24;14;2083
11;2025-12-24;15;2164
11;2025-12-24;16;2370
11;2025-12-24;17;2931
11;2025-12-24;18;3269
11;2025-12-24;19;2331
11;2025-12-24;20;1487
11;2025-12-24;21;900
11;2025-12-24;22;440
11;2025-12-24;23;225
11;2025-12-25;0;69
11;2025-12-25;1;3
11;2025-12-25;2;0
11;2025-12-25;3;0
11;2025-12-25;4;4
11;2025-12-25;5;305
11;2025-12-25;6;1346
11;2025-12-25;7;2510
11;2025-12-25;8;3291
11;2025-12-25;9;2550
11;2025-12-25;10;1967
11;2025-12-25;11;1919
11;2025-12-25;12;1936
11;2025-12-25;13;2133
11;2025-12-25;14;2083
11;2025-12-25;15;2164
11;2025-12-25;16;2370
11;2025-12-25;17;2931
11;2025-12-25;18;3269
11;2025-12-25;19;2331
11;2025-12-25;20;1487
11;2025-12-25;21;900
11;2025-12-25;22;440
11;2025-12-25;23;225
11;2025-12-26;0;82
11;2025-12-26;1;4
11;2025-12-26;2;0
11;2025-12-26;3;0
11;2025-12-26;4;3
11;2025-12-26;5;302
11;2025-12-26;6;1339
11;2025-12-26;7;2393
11;2025-12-26;8;3171
11;2025-12-26;9;2413
11;2025-12-26;10;1914
11;2025-12-26;11;1861
11;2025-12-26;12;1924
11;2025-12-26;13;2012
11;2025-12-26;14;2120
11;2025-12-26;15;2258
11;2025-12-26;16;2519
11;2025-12-26;17;3010
11;2025-12-26;18;2595
11;2025-12-26;19;2025
11;2025-12-26;20;1415
11;2025-12-26;21;889
11;2025-12-26;22;452
11;2025-12-26;23;306
11;2025-12-27;0;120
11;2025-12-27;1;3
11;2025-12-27;2;0
11;2025-12-27;3;0
11;2025-12-27;4;3
11;2025-12-27;5;193
11;2025-12-27;6;791
11;2025-12-27;7;785
11;2025-12-27;8;1055
11;2025-12-27;9;1236
11;2025-12-27;10;1400
11;2025-12-27;11;1847
11;2025-12-27;12;2028
11;2025-12-27;13;1915
11;2025-12-27;14;2081
11;2025-12-27;15;1970
11;2025-12-27;16;1979
11;2025-12-27;17;1981
11;2025-12-27;18;1652
11;2025-12-27;19;1491
11;2025-12-27;20;1113
11;2025-12-27;21;796
11;2025-12-27;22;459
11;2025-12-27;23;316
11;2025-12-28;0;111
11;2025-12-28;1;14
11;2025-12-28;2;0
11;2025-12-28;3;0
11;2025-12-28;4;2
11;2025-12-28;5;122
11;2025-12-28;6;481
11;2025-12-28;7;514
11;2025-12-28;8;682
11;2025-12-28;9;951
11;2025-12-28;10;1055
11;2025-12-28;11;1529
11;2025-12-28;12;1666
11;2025-12-28;13;1599
11;2025-12-28;14;1721
11;2025-12-28;15;1705
11;2025-12-28;16;1626
11;2025-12-28;17;1711
11;2025-12-28;18;1304
11;2025-12-28;19;1073
11;2025-12-28;20;851
11;2025-12-28;21;633
11;2025-12-28;22;356
11;2025-12-28;23;255
11;2025-12-29;0;60
11;2025-12-29;1;2
11;2025-12-29;2;0
11;2025-12-29;3;0
11;2025-12-29;4;3
11;2025-12-29;5;267
11;2025-12-29;6;1179
11;2025-12-29;7;2198
11;2025-12-29;8;2882
11;2025-12-29;9;2233
11;2025-12-29;10;1723
11;2025-12-29;11;1681
11;2025-12-29;12;1696
11;2025-12-29;13;1868
11;2025-12-29;14;1824
11;2025-12-29;15;1895
11;2025-12-29;16;2076
11;2025-12-29;17;2567
11;2025-12-29;18;2863
11;2025-12-29;19;2042
11;2025-12-29;20;1303
11;2025-12-29;21;788
11;2025-12-29;22;385
11;2025-12-29;23;197
11;2025-12-30;0;59
11;2025-12-30;1;2
11;2025-12-30;2;0
11;2025-12-30;3;0
11;2025-12-30;4;3
11;2025-12-30;5;259
11;2025-12-30;6;1144
11;2025-12-30;7;2133
11;2025-12-30;8;2797
11;2025-12-30;9;2167
11;2025-12-30;10;1672
11;2025-12-30;11;1631
11;2025-12-30;12;1646
11;2025-12-30;13;1813
11;2025-12-30;14;1771
11;2025-12-30;15;1839
11;2025-12-30;16;2014
11;2025-12-30;17;2491
11;2025-12-30;18;2779
11;2025-12-30;19;1982
11;2025-12-30;20;1264
11;2025-12-30;21;765
11;2025-12-30;22;374
11;2025-12-30;23;192
11;2025-12-31;0;61
11;2025-12-31;1;2
11;2025-12-31;2;0
11;2025-12-31;3;0
11;2025-12-31;4;2
11;2025-12-31;5;99
11;2025-12-31;6;403
11;2025-12-31;7;400
11;2025-12-31;8;537
11;2025-12-31;9;630
11;2025-12-31;10;713
11;2025-12-31;11;941
11;2025-12-31;12;1034
11;2025-12-31;13;976
11;2025-12-31;14;1060
11;2025-12-31;15;1004
11;2025-12-31;16;1009
11;2025-12-31;17;1010
11;2025-12-31;18;842
11;2025-12-31;19;760
11;2025-12-31;20;57
11;2025-12-31;21;41
11;2025-12-31;22;23
11;2025-12-31;23;16
12;2025-11-01;0;30
12;2025-11-01;1;3
12;2025-11-01;2;0
12;2025-11-01;3;0
12;2025-11-01;4;4
12;2025-11-01;5;268
12;2025-11-01;6;1167
12;2025-11-01;7;2332
12;2025-11-01;8;2986
12;2025-11-01;9;2096
12;2025-11-01;10;1702
12;2025-11-01;11;1718
12;2025-11-01;12;1759
12;2025-11-01;13;1844
12;2025-11-01;14;1826
12;2025-11-01;15;2074
12;2025-11-01;16;2657
12;2025-11-01;17;2613
12;2025-11-01;18;2295
12;2025-11-01;19;1890
12;2025-11-01;20;1238
12;2025-11-01;21;857
12;2025-11-01;22;439
12;2025-11-01;23;270
12;2025-11-02;0;89
12;2025-11-02;1;6
12;2025-11-02;2;0
12;2025-11-02;3;0
12;2025-11-02;4;3
12;2025-11-02;5;138
12;2025-11-02;6;504
12;2025-11-02;7;641
12;2025-11-02;8;717
12;2025-11-02;9;938
12;2025-11-02;10;1163
12;2025-11-02;11;1297
12;2025-11-02;12;1378
12;2025-11-02;13;1620
12;2025-11-02;14;1510
12;2025-11-02;15;1456
12;2025-11-02;16;1497
12;2025-11-02;17;1518
12;2025-11-02;18;1295
12;2025-11-02;19;998
12;2025-11-02;20;738
12;2025-11-02;21;576
12;2025-11-02;22;384
12;2025-11-02;23;201
12;2025-11-03;0;73
12;2025-11-03;1;5
12;2025-11-03;2;0
12;2025-11-03;3;0
12;2025-11-03;4;2
12;2025-11-03;5;150
12;2025-11-03;6;547
12;2025-11-03;7;657
12;2025-11-03;8;737
12;2025-11-03;9;925
12;2025-11-03;10;1126
12;2025-11-03;11;1233
12;2025-11-03;12;1279
12;2025-11-03;13;1508
12;2025-11-03;14;1373
12;2025-11-03;15;1323
12;2025-11-03;16;1376
12;2025-11-03;17;1357
12;2025-11-03;18;1226
12;2025-11-03;19;1017
12;2025-11-03;20;721
12;2025-11-03;21;547
12;2025-11-03;22;344
12;2025-11-03;23;210
12;2025-11-04;0;73
12;2025-11-04;1;5
12;2025-11-04;2;0
12;2025-11-04;3;0
12;2025-11-04;4;2
12;2025-11-04;5;150
12;2025-11-04;6;547
12;2025-11-04;7;657
12;2025-11-04;8;737
12;2025-11-04;9;925
12;2025-11-04;10;1126
12;2025-11-04;11;1233
12;2025-11-04;12;1279
12;2025-11-04;13;1508
12;2025-11-04;14;1373
12;2025-11-04;15;1323
12;2025-11-04;16;1376
12;2025-11-04;17;1357
12;2025-11-04;18;1226
12;2025-11-04;19;1017
12;2025-11-04;20;721
12;2025-11-04;21;547
12;2025-11-04;22;344
12;2025-11-04;23;210
12;2025-11-05;0;53
12;2025-11-05;1;2
12;2025-11-05;2;0
12;2025-11-05;3;0
12;2025-11-05;4;6
12;2025-11-05;5;317
12;2025-11-05;6;1369
12;2025-11-05;7;2720
12;2025-11-05;8;3636
12;2025-11-05;9;2493
12;2025-11-05;10;2076
12;2025-11-05;11;1988
12;2025-11-05;12;2072
12;2025-11-05;13;2047
12;2025-11-05;14;2037
12;2025-11-05;15;2265
12;2025-11-05;16;2770
12;2025-11-05;17;3052
12;2025-11-05;18;3211
12;2025-11-05;19;2453
12;2025-11-05;20;1533
12;2025-11-05;21;927
12;2025-11-05;22;471
12;2025-11-05;23;248
12;2025-11-06;0;53
12;2025-11-06;1;2
12;2025-11-06;2;0
12;2025-11-06;3;0
12;2025-11-06;4;6
12;2025-11-06;5;317
12;2025-11-06;6;1369
12;2025-11-06;7;2720
12;2025-11-06;8;3636
12;2025-11-06;9;2493
12;2025-11-06;10;2076
12;2025-11-06;11;1988
12;2025-11-06;12;2072
12;2025-11-06;13;2047
12;2025-11-06;14;2037
12;2025-11-06;15;2265
12;2025-11-06;16;2770
12;2025-11-06;17;3052
12;2025-11-06;18;3211
12;2025-11-06;19;2453
12;2025-11-06;20;1533
12;2025-11-06;21;927
12;2025-11-06;22;471
12;2025-11-06;23;248
12;2025-11-07;0;58
12;2025-11-07;1;2
12;2025-11-07;2;0
12;2025-11-07;3;0
12;2025-11-07;4;4
12;2025-11-07;5;305
12;2025-11-07;6;1326
12;2025-11-07;7;2651
12;2025-11-07;8;3394
12;2025-11-07;9;2383
12;2025-11-07;10;1935
12;2025-11-07;11;1953
12;2025-11-07;12;1999
12;2025-11-07;13;2096
12;2025-11-07;14;2075
12;2025-11-07;15;2357
12;2025-11-07;16;3020
12;2025-11-07;17;2970
12;2025-11-07;18;2608
12;2025-11-07;19;2148
12;2025-11-07;20;1407
12;2025-11-07;21;974
12;2025-11-07;22;499
12;2025-11-07;23;306
12;2025-11-08;0;79
12;2025-11-08;1;5
12;2025-11-08;2;0
12;2025-11-08;3;0
12;2025-11-08;4;2
12;2025-11-08;5;219
12;2025-11-08;6;794
12;2025-11-08;7;909
12;2025-11-08;8;1023
12;2025-11-08;9;1239
12;2025-11-08;10;1480
12;2025-11-08;11;1593
12;2025-11-08;12;1612
12;2025-11-08;13;1907
12;2025-11-08;14;1693
12;2025-11-08;15;1629
12;2025-11-08;16;1717
12;2025-11-08;17;1641
12;2025-11-08;18;1578
12;2025-11-08;19;1403
12;2025-11-08;20;956
12;2025-11-08;21;705
12;2025-11-08;22;417
12;2025-11-08;23;294
12;2025-11-09;0;89
12;2025-11-09;1;6
12;2025-11-09;2;0
12;2025-11-09;3;0
12;2025-11-09;4;3
12;2025-11-09;5;138
12;2025-11-09;6;504
12;2025-11-09;7;641
12;2025-11-09;8;717
12;2025-11-09;9;938
12;2025-11-09;10;1163
12;2025-11-09;11;1297
12;2025-11-09;12;1378
12;2025-11-09;13;1620
12;2025-11-09;14;1510
12;2025-11-09;15;1456
12;2025-11-09;16;1497
12;2025-11-09;17;1518
12;2025-11-09;18;1295
12;2025-11-09;19;998
12;2025-11-09;20;738
12;2025-11-09;21;576
12;2025-11-09;22;384
12;2025-11-09;23;201
12;2025-11-10;0;52
12;2025-11-10;1;2
12;2025-11-10;2;0
12;2025-11-10;3;0
12;2025-11-10;4;6
12;2025-11-10;5;309
12;2025-11-10;6;1332
12;2025-11-10;7;2647
12;2025-11-10;8;3538
12;2025-11-10;9;2426
12;2025-11-10;10;2020
12;2025-11-10;11;1935
12;2025-11-10;12;2017
12;2025-11-10;13;1992
12;2025-11-10;14;1983
12;2025-11-10;15;2204
12;2025-11-10;16;2696
12;2025-11-10;17;2970
12;2025-11-10;18;3125
12;2025-11-10;19;2387
12;2025-11-10;20;1492
12;2025-11-10;21;902
12;2025-11-10;22;459
12;2025-11-10;23;241
12;2025-11-11;0;53
12;2025-11-11;1;2
12;2025-11-11;2;0
12;2025-11-11;3;0
12;2025-11-11;4;6
12;2025-11-11;5;317
12;2025-11-11;6;1369
12;2025-11-11;7;2720
12;2025-11-11;8;3636
12;2025-11-11;9;2493
12;2025-11-11;10;2076
12;2025-11-11;11;1988
12;2025-11-11;12;2072
12;2025-11-11;13;2047
12;2025-11-11;14;2037
12;2025-11-11;15;2265
12;2025-11-11;16;2770
12;2025-11-11;17;3052
12;2025-11-11;18;3211
12;2025-11-11;19;2453
12;2025-11-11;20;1533
12;2025-11-11;21;927
12;2025-11-11;22;471
12;2025-11-11;23;248
12;2025-11-12;0;53
12;2025-11-12;1;2
12;2025-11-12;2;0
12;2025-11-12;3;0
12;2025-11-12;4;6
12;2025-11-12;5;317
12;2025-11-12;6;1369
12;2025-11-12;7;2720
12;2025-11-12;8;3636
12;2025-11-12;9;2493
12;2025-11-12;10;2076
12;2025-11-12;11;1988
12;2025-11-12;12;2072
12;2025-11-12;13;2047
12;2025-11-12;14;2037
12;2025-11-12;15;2265
12;2025-11-12;16;2770
12;2025-11-12;17;3052
12;2025-11-12;18;3211
12;2025-11-12;19;2453
12;2025-11-12;20;1533
12;2025-11-12;21;927
12;2025-11-12;22;471
12;2025-11-12;23;248
12;2025-11-13;0;53
12;2025-11-13;1;2
12;2025-11-13;2;0
12;2025-11-13;3;0
12;2025-11-13;4;6
12;2025-11-13;5;317
12;2025-11-13;6;1369
12;2025-11-13;7;2720
12;2025-11-13;8;3636
12;2025-11-13;9;2493
12;2025-11-13;10;2076
12;2025-11-13;11;1988
12;2025-11-13;12;2072
12;2025-11-13;13;2047
12;2025-11-13;14;2037
12;2025-11-13;15;2265
12;2025-11-13;16;2770
12;2025-11-13;17;3052
12;2025-11-13;18;3211
12;2025-11-13;19;2453
12;2025-11-13;20;1533
12;2025-11-13;21;927
12;2025-11-13;22;471
12;2025-11-13;23;248
12;2025-11-14;0;58
12;2025-11-14;1;2
12;2025-11-14;2;0
12;2025-11-14;3;0
12;2025-11-14;4;4
12;2025-11-14;5;305
12;2025-11-14;6;1326
12;2025-11-14;7;2651
12;2025-11-14;8;3394
12;2025-11-14;9;2383
12;2025-11-14;10;1935
12;2025-11-14;11;1953
12;2025-11-14;12;1999
12;2025-11-14;13;2096
12;2025-11-14;14;2075
12;2025-11-14;15;2357
12;2025-11-14;16;3020
12;2025-11-14;17;2970
12;2025-11-14;18;2608
12;2025-11-14;19;2148
12;2025-11-14;20;1407
12;2025-11-14;21;974
12;2025-11-14;22;499
12;2025-11-14;23;306
12;2025-11-15;0;79
12;2025-11-15;1;5
12;2025-11-15;2;0
12;2025-11-15;3;0
12;2025-11-15;4;2
12;2025-11-15;5;219
12;2025-11-15;6;794
12;2025-11-15;7;909
12;2025-11-15;8;1023
12;2025-11-15;9;1239
12;2025-11-15;10;1480
12;2025-11-15;11;1593
12;2025-11-15;12;1612
12;2025-11-15;13;1907
12;2025-11-15;14;1693
12;2025-11-15;15;1629
12;2025-11-15;16;1717
12;2025-11-15;17;1641
12;2025-11-15;18;1578
12;2025-11-15;19;1403
12;2025-11-15;20;956
12;2025-11-15;21;705
12;2025-11-15;22;417
12;2025-11-15;23;294
12;2025-11-16;0;89
12;2025-11-16;1;6
12;2025-11-16;2;0
12;2025-11-16;3;0
12;2025-11-16;4;3
12;2025-11-16;5;138
12;2025-11-16;6;504
12;2025-11-16;7;641
12;2025-11-16;8;717
12;2025-11-16;9;938
12;2025-11-16;10;1163
12;2025-11-16;11;1297
12;2025-11-16;12;1378
12;2025-11-16;13;1620
12;2025-11-16;14;1510
12;2025-11-16;15;1456
12;2025-11-16;16;1497
12;2025-11-16;17;1518
12;2025-11-16;18;1295
12;2025-11-16;19;998
12;2025-11-16;20;738
12;2025-11-16;21;576
12;2025-11-16;22;384
12;2025-11-16;23;201
12;2025-11-17;0;52
12;2025-11-17;1;2
12;2025-11-17;2;0
12;2025-11-17;3;0
12;2025-11-17;4;6
12;2025-11-17;5;309
12;2025-11-17;6;1332
12;2025-11-17;7;2647
12;2025-11-17;8;3538
12;2025-11-17;9;2426
12;2025-11-17;10;2020
12;2025-11-17;11;1935
12;2025-11-17;12;2017
12;2025-11-17;13;1992
12;2025-11-17;14;1983
12;2025-11-17;15;2204
12;2025-11-17;16;2696
12;2025-11-17;17;2970
12;2025-11-17;18;3125
12;2025-11-17;19;2387
12;2025-11-17;20;1492
12;2025-11-17;21;902
12;2025-11-17;22;459
12;2025-11-17;23;241
12;2025-11-18;0;53
12;2025-11-18;1;2
12;2025-11-18;2;0
12;2025-11-18;3;0
12;2025-11-18;4;6
12;2025-11-18;5;317
12;2025-11-18;6;1369
12;2025-11-18;7;2720
12;2025-11-18;8;3636
12;2025-11-18;9;2493
12;2025-11-18;10;2076
12;2025-11-18;11;1988
12;2025-11-18;12;2072
12;2025-11-18;13;2047
12;2025-11-18;14;2037
12;2025-11-18;15;2265
12;2025-11-18;16;2770
12;2025-11-18;17;3052
12;2025-11-18;18;3211
12;2025-11-18;19;2453
12;2025-11-18;20;1533
12;2025-11-18;21;927
12;2025-11-18;22;471
12;2025-11-18;23;248
12;2025-11-19;0;53
12;2025-11-19;1;2
12;2025-11-19;2;0
12;2025-11-19;3;0
12;2025-11-19;4;6
12;2025-11-19;5;317
12;2025-11-19;6;1369
12;2025-11-19;7;2720
12;2025-11-19;8;3636
12;2025-11-19;9;2493
12;2025-11-19;10;2076
12;2025-11-19;11;1988
12;2025-11-19;12;2072
12;2025-11-19;13;2047
12;2025-11-19;14;2037
12;2025-11-19;15;2265
12;2025-11-19;16;2770
12;2025-11-19;17;3052
12;2025-11-19;18;3211
12;2025-11-19;19;2453
12;2025-11-19;20;1533
12;2025-11-19;21;927
12;2025-11-19;22;471
12;2025-11-19;23;248
12;2025-11-20;0;53
12;2025-11-20;1;2
12;2025-11-20;2;0
12;2025-11-20;3;0
12;2025-11-20;4;6
12;2025-11-20;5;317
12;2025-11-20;6;1369
12;2025-11-20;7;2720
12;2025-11-20;8;3636
12;2025-11-20;9;2493
12;2025-11-20;10;2076
12;2025-11-20;11;1988
12;2025-11-20;12;2072
12;2025-11-20;13;2047
12;2025-11-20;14;2037
12;2025-11-20;15;2265
12;2025-11-20;16;2770
12;2025-11-20;17;3052
12;2025-11-20;18;3211
12;2025-11-20;19;2453
12;2025-11-20;20;1533
12;2025-11-20;21;927
12;2025-11-20;22;471
12;2025-11-20;23;248
12;2025-11-21;0;58
12;2025-11-21;1;2
12;2025-11-21;2;0
12;2025-11-21;3;0
12;2025-11-21;4;4
12;2025-11-21;5;305
12;2025-11-21;6;1326
12;2025-11-21;7;2651
12;2025-11-21;8;3394
12;2025-11-21;9;2383
12;2025-11-21;10;1935
12;2025-11-21;11;1953
12;2025-11-21;12;1999
12;2025-11-21;13;2096
12;2025-11-21;14;2075
12;2025-11-21;15;2357
12;2025-11-21;16;3020
12;2025-11-21;17;2970
12;2025-11-21;18;2608
12;2025-11-21;19;2148
12;2025-11-21;20;1407
12;2025-11-21;21;974
12;2025-11-21;22;499
12;2025-11-21;23;306
12;2025-11-22;0;79
12;2025-11-22;1;5
12;2025-11-22;2;0
12;2025-11-22;3;0
12;2025-11-22;4;2
12;2025-11-22;5;219
12;2025-11-22;6;794
12;2025-11-22;7;909
12;2025-11-22;8;1023
12;2025-11-22;9;1239
12;2025-11-22;10;1480
12;2025-11-22;11;1593
12;2025-11-22;12;1612
12;2025-11-22;13;1907
12;2025-11-22;14;1693
12;2025-11-22;15;1629
12;2025-11-22;16;1717
12;2025-11-22;17;1641
12;2025-11-22;18;1578
12;2025-11-22;19;1403
12;2025-11-22;20;956
12;2025-11-22;21;705
12;2025-11-22;22;417
12;2025-11-22;23;294
12;2025-11-23;0;89
12;2025-11-23;1;6
12;2025-11-23;2;0
12;2025-11-23;3;0
12;2025-11-23;4;3
12;2025-11-23;5;138
12;2025-11-23;6;504
12;2025-11-23;7;641
12;2025-11-23;8;717
12;2025-11-23;9;938
12;2025-11-23;10;1163
12;2025-11-23;11;1297
12;2025-11-23;12;1378
12;2025-11-23;13;1620
12;2025-11-23;14;1510
12;2025-11-23;15;1456
12;2025-11-23;16;1497
12;2025-11-23;17;1518
12;2025-11-23;18;1295
12;2025-11-23;19;998
12;2025-11-23;20;738
12;2025-11-23;21;576
12;2025-11-23;22;384
12;2025-11-23;23;201
12;2025-11-24;0;52
12;2025-11-24;1;2
12;2025-11-24;2;0
12;2025-11-24;3;0
12;2025-11-24;4;6
12;2025-11-24;5;309
12;2025-11-24;6;1332
12;2025-11-24;7;2647
12;2025-11-24;8;3538
12;2025-11-24;9;2426
12;2025-11-24;10;2020
12;2025-11-24;11;1935
12;2025-11-24;12;2017
12;2025-11-24;13;1992
12;2025-11-24;14;1983
12;2025-11-24;15;2204
12;2025-11-24;16;2696
12;2025-11-24;17;2970
12;2025-11-24;18;3125
12;2025-11-24;19;2387
12;2025-11-24;20;1492
12;2025-11-24;21;902
12;2025-11-24;22;459
12;2025-11-24;23;241
12;2025-11-25;0;53
12;2025-11-25;1;2
12;2025-11-25;2;0
12;2025-11-25;3;0
12;2025-11-25;4;6
12;2025-11-25;5;317
12;2025-11-25;6;1369
12;2025-11-25;7;2720
12;2025-11-25;8;3636
12;2025-11-25;9;2493
12;2025-11-25;10;2076
12;2025-11-25;11;1988
12;2025-11-25;12;2072
12;2025-11-25;13;2047
12;2025-11-25;14;2037
12;2025-11-25;15;2265
12;2025-11-25;16;2770
12;2025-11-25;17;3052
12;2025-11-25;18;3211
12;2025-11-25;19;2453
12;2025-11-25;20;1533
12;2025-11-25;21;927
12;2025-11-25;22;471
12;2025-11-25;23;248
12;2025-11-26;0;53
12;2025-11-26;1;2
12;2025-11-26;2;0
12;2025-11-26;3;0
12;2025-11-26;4;6
12;2025-11-26;5;317
12;2025-11-26;6;1369
12;2025-11-26;7;2720
12;2025-11-26;8;3636
12;2025-11-26;9;2493
12;2025-11-26;10;2076
12;2025-11-26;11;1988
12;2025-11-26;12;2072
12;2025-11-26;13;2047
12;2025-11-26;14;2037
12;2025-11-26;15;2265
12;2025-11-26;16;2770
12;2025-11-26;17;3052
12;2025-11-26;18;3211
12;2025-11-26;19;2453
12;2025-11-26;20;1533
12;2025-11-26;21;927
12;2025-11-26;22;471
12;2025-11-26;23;248
12;2025-11-27;0;53
12;2025-11-27;1;2
12;2025-11-27;2;0
12;2025-11-27;3;0
12;2025-11-27;4;6
12;2025-11-27;5;317
12;2025-11-27;6;1369
12;2025-11-27;7;2720
12;2025-11-27;8;3636
12;2025-11-27;9;2493
12;2025-11-27;10;2076
12;2025-11-27;11;1988
12;2025-11-27;12;2072
12;2025-11-27;13;2047
12;2025-11-27;14;2037
12;2025-11-27;15;2265
12;2025-11-27;16;2770
12;2025-11-27;17;3052
12;2025-11-27;18;3211
12;2025-11-27;19;2453
12;2025-11-27;20;1533
12;2025-11-27;21;927
12;2025-11-27;22;471
12;2025-11-27;23;248
12;2025-11-28;0;58
12;2025-11-28;1;2
12;2025-11-28;2;0
12;2025-11-28;3;0
12;2025-11-28;4;4
12;2025-11-28;5;305
12;2025-11-28;6;1326
12;2025-11-28;7;2651
12;2025-11-28;8;3394
12;2025-11-28;9;2383
12;2025-11-28;10;1935
12;2025-11-28;11;1953
12;2025-11-28;12;1999
12;2025-11-28;13;2096
12;2025-11-28;14;2075
12;2025-11-28;15;2357
12;2025-11-28;16;3020
12;2025-11-28;17;2970
12;2025-11-28;18;2608
12;2025-11-28;19;2148
12;2025-11-28;20;1407
12;2025-11-28;21;974
12;2025-11-28;22;499
12;2025-11-28;23;306
12;2025-11-29;0;79
12;2025-11-29;1;5
12;2025-11-29;2;0
12;2025-11-29;3;0
12;2025-11-29;4;2
12;2025-11-29;5;219
12;2025-11-29;6;794
12;2025-11-29;7;909
12;2025-11-29;8;1023
12;2025-11-29;9;1239
12;2025-11-29;10;1480
12;2025-11-29;11;1593
12;2025-11-29;12;1612
12;2025-11-29;13;1907
12;2025-11-29;14;1693
12;2025-11-29;15;1629
12;2025-11-29;16;1717
12;2025-11-29;17;1641
12;2025-11-29;18;1578
12;2025-11-29;19;1403
12;2025-11-29;20;956
12;2025-11-29;21;705
12;2025-11-29;22;417
12;2025-11-29;23;294
12;2025-11-30;0;89
12;2025-11-30;1;6
12;2025-11-30;2;0
12;2025-11-30;3;0
12;2025-11-30;4;3
12;2025-11-30;5;138
12;2025-11-30;6;504
12;2025-11-30;7;641
12;2025-11-30;8;717
12;2025-11-30;9;938
12;2025-11-30;10;1163
12;2025-11-30;11;1297
12;2025-11-30;12;1378
12;2025-11-30;13;1620
12;2025-11-30;14;1510
12;2025-11-30;15;1456
12;2025-11-30;16;1497
12;2025-11-30;17;1518
12;2025-11-30;18;1295
12;2025-11-30;19;998
12;2025-11-30;20;738
12;2025-11-30;21;576
12;2025-11-30;22;384
12;2025-11-30;23;201
12;2025-12-01;0;52
12;2025-12-01;1;2
12;2025-12-01;2;0
12;2025-12-01;3;0
12;2025-12-01;4;6
12;2025-12-01;5;309
12;2025-12-01;6;1318
12;2025-12-01;7;2646
12;2025-12-01;8;3533
12;2025-12-01;9;2408
12;2025-12-01;10;2017
12;2025-12-01;11;1941
12;2025-12-01;12;2018
12;2025-12-01;13;1985
12;2025-12-01;14;1994
12;2025-12-01;15;2215
12;2025-12-01;16;2710
12;2025-12-01;17;2979
12;2025-12-01;18;3130
12;2025-12-01;19;2401
12;2025-12-01;20;1485
12;2025-12-01;21;893
12;2025-12-01;22;455
12;2025-12-01;23;240
12;2025-12-02;0;53
12;2025-12-02;1;2
12;2025-12-02;2;0
12;2025-12-02;3;0
12;2025-12-02;4;6
12;2025-12-02;5;318
12;2025-12-02;6;1354
12;2025-12-02;7;2719
12;2025-12-02;8;3631
12;2025-12-02;9;2474
12;2025-12-02;10;2072
12;2025-12-02;11;1995
12;2025-12-02;12;2074
12;2025-12-02;13;2040
12;2025-12-02;14;2049
12;2025-12-02;15;2276
12;2025-12-02;16;2784
12;2025-12-02;17;3061
12;2025-12-02;18;3216
12;2025-12-02;19;2467
12;2025-12-02;20;1526
12;2025-12-02;21;918
12;2025-12-02;22;468
12;2025-12-02;23;246
12;2025-12-03;0;53
12;2025-12-03;1;2
12;2025-12-03;2;0
12;2025-12-03;3;0
12;2025-12-03;4;6
12;2025-12-03;5;318
12;2025-12-03;6;1354
12;2025-12-03;7;2719
12;2025-12-03;8;3631
12;2025-12-03;9;2474
12;2025-12-03;10;2072
12;2025-12-03;11;1995
12;2025-12-03;12;2074
12;2025-12-03;13;2040
12;2025-12-03;14;2049
12;2025-12-03;15;2276
12;2025-12-03;16;2784
12;2025-12-03;17;3061
12;2025-12-03;18;3216
12;2025-12-03;19;2467
12;2025-12-03;20;1526
12;2025-12-03;21;918
12;2025-12-03;22;468
12;2025-12-03;23;246
12;2025-12-04;0;53
12;2025-12-04;1;2
12;2025-12-04;2;0
12;2025-12-04;3;0
12;2025-12-04;4;6
12;2025-12-04;5;318
12;2025-12-04;6;1354
12;2025-12-04;7;2719
12;2025-12-04;8;3631
12;2025-12-04;9;2474
12;2025-12-04;10;2072
12;2025-12-04;11;1995
12;2025-12-04;12;2074
12;2025-12-04;13;2040
12;2025-12-04;14;2049
12;2025-12-04;15;2276
12;2025-12-04;16;2784
12;2025-12-04;17;3061
12;2025-12-04;18;3216
12;2025-12-04;19;2467
12;2025-12-04;20;1526
12;2025-12-04;21;918
12;2025-12-04;22;468
12;2025-12-04;23;246
12;2025-12-05;0;58
12;2025-12-05;1;2
12;2025-12-05;2;0
12;2025-12-05;3;0
12;2025-12-05;4;4
12;2025-12-05;5;300
12;2025-12-05;6;1306
12;2025-12-05;7;2632
12;2025-12-05;8;3395
12;2025-12-05;9;2351
12;2025-12-05;10;1940
12;2025-12-05;11;1963
12;2025-12-05;12;2010
12;2025-12-05;13;2075
12;2025-12-05;14;2092
12;2025-12-05;15;2382
12;2025-12-05;16;3037
12;2025-12-05;17;2978
12;2025-12-05;18;2615
12;2025-12-05;19;2153
12;2025-12-05;20;1411
12;2025-12-05;21;967
12;2025-12-05;22;498
12;2025-12-05;23;301
12;2025-12-06;0;80
12;2025-12-06;1;5
12;2025-12-06;2;0
12;2025-12-06;3;0
12;2025-12-06;4;2
12;2025-12-06;5;216
12;2025-12-06;6;787
12;2025-12-06;7;903
12;2025-12-06;8;1009
12;2025-12-06;9;1225
12;2025-12-06;10;1465
12;2025-12-06;11;1596
12;2025-12-06;12;1611
12;2025-12-06;13;1921
12;2025-12-06;14;1699
12;2025-12-06;15;1629
12;2025-12-06;16;1709
12;2025-12-06;17;1633
12;2025-12-06;18;1560
12;2025-12-06;19;1403
12;2025-12-06;20;950
12;2025-12-06;21;686
12;2025-12-06;22;418
12;2025-12-06;23;292
12;2025-12-07;0;89
12;2025-12-07;1;6
12;2025-12-07;2;0
12;2025-12-07;3;0
12;2025-12-07;4;2
12;2025-12-07;5;138
12;2025-12-07;6;495
12;2025-12-07;7;621
12;2025-12-07;8;708
12;2025-12-07;9;934
12;2025-12-07;10;1154
12;2025-12-07;11;1293
12;2025-12-07;12;1373
12;2025-12-07;13;1616
12;2025-12-07;14;1504
12;2025-12-07;15;1434
12;2025-12-07;16;1482
12;2025-12-07;17;1497
12;2025-12-07;18;1272
12;2025-12-07;19;988
12;2025-12-07;20;722
12;2025-12-07;21;566
12;2025-12-07;22;378
12;2025-12-07;23;200
12;2025-12-08;0;52
12;2025-12-08;1;2
12;2025-12-08;2;0
12;2025-12-08;3;0
12;2025-12-08;4;6
12;2025-12-08;5;309
12;2025-12-08;6;1318
12;2025-12-08;7;2646
12;2025-12-08;8;3533
12;2025-12-08;9;2408
12;2025-12-08;10;2017
12;2025-12-08;11;1941
12;2025-12-08;12;2018
12;2025-12-08;13;1985
12;2025-12-08;14;1994
12;2025-12-08;15;2215
12;2025-12-08;16;2710
12;2025-12-08;17;2979
12;2025-12-08;18;3130
12;2025-12-08;19;2401
12;2025-12-08;20;1485
12;2025-12-08;21;893
12;2025-12-08;22;455
12;2025-12-08;23;240
12;2025-12-09;0;53
12;2025-12-09;1;2
12;2025-12-09;2;0
12;2025-12-09;3;0
12;2025-12-09;4;6
12;2025-12-09;5;318
12;2025-12-09;6;1354
12;2025-12-09;7;2719
12;2025-12-09;8;3631
12;2025-12-09;9;2474
12;2025-12-09;10;2072
12;2025-12-09;11;1995
12;2025-12-09;12;2074
12;2025-12-09;13;2040
12;2025-12-09;14;2049
12;2025-12-09;15;2276
12;2025-12-09;16;2784
12;2025-12-09;17;3061
12;2025-12-09;18;3216
12;2025-12-09;19;2467
12;2025-12-09;20;1526
12;2025-12-09;21;918
12;2025-12-09;22;468
12;2025-12-09;23;246
12;2025-12-10;0;53
12;2025-12-10;1;2
12;2025-12-10;2;0
12;2025-12-10;3;0
12;2025-12-10;4;6
12;2025-12-10;5;318
12;2025-12-10;6;1354
12;2025-12-10;7;2719
12;2025-12-10;8;3631
12;2025-12-10;9;2474
12;2025-12-10;10;2072
12;2025-12-10;11;1995
12;2025-12-10;12;2074
12;2025-12-10;13;2040
12;2025-12-10;14;2049
12;2025-12-10;15;2276
12;2025-12-10;16;2784
12;2025-12-10;17;3061
12;2025-12-10;18;3216
12;2025-12-10;19;2467
12;2025-12-10;20;1526
12;2025-12-10;21;918
12;2025-12-10;22;468
12;2025-12-10;23;246
12;2025-12-11;0;53
12;2025-12-11;1;2
12;2025-12-11;2;0
12;2025-12-11;3;0
12;2025-12-11;4;6
12;2025-12-11;5;318
12;2025-12-11;6;1354
12;2025-12-11;7;2719
12;2025-12-11;8;3631
12;2025-12-11;9;2474
12;2025-12-11;10;2072
12;2025-12-11;11;1995
12;2025-12-11;12;2074
12;2025-12-11;13;2040
12;2025-12-11;14;2049
12;2025-12-11;15;2276
12;2025-12-11;16;2784
12;2025-12-11;17;3061
12;2025-12-11;18;3216
12;2025-12-11;19;2467
12;2025-12-11;20;1526
12;2025-12-11;21;918
12;2025-12-11;22;468
12;2025-12-11;23;246
12;2025-12-12;0;58
12;2025-12-12;1;2
12;2025-12-12;2;0
12;2025-12-12;3;0
12;2025-12-12;4;4
12;2025-12-12;5;300
12;2025-12-12;6;1306
12;2025-12-12;7;2632
12;2025-12-12;8;3395
12;2025-12-12;9;2351
12;2025-12-12;10;1940
12;2025-12-12;11;1963
12;2025-12-12;12;2010
12;2025-12-12;13;2075
12;2025-12-12;14;2092
12;2025-12-12;15;2382
12;2025-12-12;16;3037
12;2025-12-12;17;2978
12;2025-12-12;18;2615
12;2025-12-12;19;2153
12;2025-12-12;20;1411
12;2025-12-12;21;967
12;2025-12-12;22;498
12;2025-12-12;23;301
12;2025-12-13;0;80
12;2025-12-13;1;5
12;2025-12-13;2;0
12;2025-12-13;3;0
12;2025-12-13;4;2
12;2025-12-13;5;216
12;2025-12-13;6;787
12;2025-12-13;7;903
12;2025-12-13;8;1009
12;2025-12-13;9;1225
12;2025-12-13;10;1465
12;2025-12-13;11;1596
12;2025-12-13;12;1611
12;2025-12-13;13;1921
12;2025-12-13;14;1699
12;2025-12-13;15;1629
12;2025-12-13;16;1709
12;2025-12-13;17;1633
12;2025-12-13;18;1560
12;2025-12-13;19;1403
12;2025-12-13;20;950
12;2025-12-13;21;686
12;2025-12-13;22;418
12;2025-12-13;23;292
12;2025-12-14;0;89
12;2025-12-14;1;6
12;2025-12-14;2;0
12;2025-12-14;3;0
12;2025-12-14;4;2
12;2025-12-14;5;138
12;2025-12-14;6;495
12;2025-12-14;7;621
12;2025-12-14;8;708
12;2025-12-14;9;934
12;2025-12-14;10;1154
12;2025-12-14;11;1293
12;2025-12-14;12;1373
12;2025-12-14;13;1616
12;2025-12-14;14;1504
12;2025-12-14;15;1434
12;2025-12-14;16;1482
12;2025-12-14;17;1497
12;2025-12-14;18;1272
12;2025-12-14;19;988
12;2025-12-14;20;722
12;2025-12-14;21;566
12;2025-12-14;22;378
12;2025-12-14;23;200
12;2025-12-15;0;52
12;2025-12-15;1;2
12;2025-12-15;2;0
12;2025-12-15;3;0
12;2025-12-15;4;6
12;2025-12-15;5;309
12;2025-12-15;6;1318
12;2025-12-15;7;2646
12;2025-12-15;8;3533
12;2025-12-15;9;2408
12;2025-12-15;10;2017
12;2025-12-15;11;1941
12;2025-12-15;12;2018
12;2025-12-15;13;1985
12;2025-12-15;14;1994
12;2025-12-15;15;2215
12;2025-12-15;16;2710
12;2025-12-15;17;2979
12;2025-12-15;18;3130
12;2025-12-15;19;2401
12;2025-12-15;20;1485
12;2025-12-15;21;893
12;2025-12-15;22;455
12;2025-12-15;23;240
12;2025-12-16;0;53
12;2025-12-16;1;2
12;2025-12-16;2;0
12;2025-12-16;3;0
12;2025-12-16;4;6
12;2025-12-16;5;318
12;2025-12-16;6;1354
12;2025-12-16;7;2719
12;2025-12-16;8;3631
12;2025-12-16;9;2474
12;2025-12-16;10;2072
12;2025-12-16;11;1995
12;2025-12-16;12;2074
12;2025-12-16;13;2040
12;2025-12-16;14;2049
12;2025-12-16;15;2276
12;2025-12-16;16;2784
12;2025-12-16;17;3061
12;2025-12-16;18;3216
12;2025-12-16;19;2467
12;2025-12-16;20;1526
12;2025-12-16;21;918
12;2025-12-16;22;468
12;2025-12-16;23;246
12;2025-12-17;0;53
12;2025-12-17;1;2
12;2025-12-17;2;0
12;2025-12-17;3;0
12;2025-12-17;4;6
12;2025-12-17;5;318
12;2025-12-17;6;1354
12;2025-12-17;7;2719
12;2025-12-17;8;3631
12;2025-12-17;9;2474
12;2025-12-17;10;2072
12;2025-12-17;11;1995
12;2025-12-17;12;2074
12;2025-12-17;13;2040
12;2025-12-17;14;2049
12;2025-12-17;15;2276
12;2025-12-17;16;2784
12;2025-12-17;17;3061
12;2025-12-17;18;3216
12;2025-12-17;19;2467
12;2025-12-17;20;1526
12;2025-12-17;21;918
12;2025-12-17;22;468
12;2025-12-17;23;246
12;2025-12-18;0;53
12;2025-12-18;1;2
12;2025-12-18;2;0
12;2025-12-18;3;0
12;2025-12-18;4;6
12;2025-12-18;5;318
12;2025-12-18;6;1354
12;2025-12-18;7;2719
12;2025-12-18;8;3631
12;2025-12-18;9;2474
12;2025-12-18;10;2072
12;2025-12-18;11;1995
12;2025-12-18;12;2074
12;2025-12-18;13;2040
12;2025-12-18;14;2049
12;2025-12-18;15;2276
12;2025-12-18;16;2784
12;2025-12-18;17;3061
12;2025-12-18;18;3216
12;2025-12-18;19;2467
12;2025-12-18;20;1526
12;2025-12-18;21;918
12;2025-12-18;22;468
12;2025-12-18;23;246
12;2025-12-19;0;58
12;2025-12-19;1;2
12;2025-12-19;2;0
12;2025-12-19;3;0
12;2025-12-19;4;4
12;2025-12-19;5;300
12;2025-12-19;6;1306
12;2025-12-19;7;2632
12;2025-12-19;8;3395
12;2025-12-19;9;2351
12;2025-12-19;10;1940
12;2025-12-19;11;1963
12;2025-12-19;12;2010
12;2025-12-19;13;2075
12;2025-12-19;14;2092
12;2025-12-19;15;2382
12;2025-12-19;16;3037
12;2025-12-19;17;2978
12;2025-12-19;18;2615
12;2025-12-19;19;2153
12;2025-12-19;20;1411
12;2025-12-19;21;967
12;2025-12-19;22;498
12;2025-12-19;23;301
12;2025-12-20;0;80
12;2025-12-20;1;5
12;2025-12-20;2;0
12;2025-12-20;3;0
12;2025-12-20;4;2
12;2025-12-20;5;216
12;2025-12-20;6;787
12;2025-12-20;7;903
12;2025-12-20;8;1009
12;2025-12-20;9;1225
12;2025-12-20;10;1465
12;2025-12-20;11;1596
12;2025-12-20;12;1611
12;2025-12-20;13;1921
12;2025-12-20;14;1699
12;2025-12-20;15;1629
12;2025-12-20;16;1709
12;2025-12-20;17;1633
12;2025-12-20;18;1560
12;2025-12-20;19;1403
12;2025-12-20;20;950
12;2025-12-20;21;686
12;2025-12-20;22;418
12;2025-12-20;23;292
12;2025-12-21;0;89
12;2025-12-21;1;6
12;2025-12-21;2;0
12;2025-12-21;3;0
12;2025-12-21;4;2
12;2025-12-21;5;138
12;2025-12-21;6;495
12;2025-12-21;7;621
12;2025-12-21;8;708
12;2025-12-21;9;934
12;2025-12-21;10;1154
12;2025-12-21;11;1293
12;2025-12-21;12;1373
12;2025-12-21;13;1616
12;2025-12-21;14;1504
12;2025-12-21;15;1434
12;2025-12-21;16;1482
12;2025-12-21;17;1497
12;2025-12-21;18;1272
12;2025-12-21;19;988
12;2025-12-21;20;722
12;2025-12-21;21;566
12;2025-12-21;22;378
12;2025-12-21;23;200
12;2025-12-22;0;52
12;2025-12-22;1;2
12;2025-12-22;2;0
12;2025-12-22;3;0
12;2025-12-22;4;6
12;2025-12-22;5;309
12;2025-12-22;6;1318
12;2025-12-22;7;2646
12;2025-12-22;8;3533
12;2025-12-22;9;2408
12;2025-12-22;10;2017
12;2025-12-22;11;1941
12;2025-12-22;12;2018
12;2025-12-22;13;1985
12;2025-12-22;14;1994
12;2025-12-22;15;2215
12;2025-12-22;16;2710
12;2025-12-22;17;2979
12;2025-12-22;18;3130
12;2025-12-22;19;2401
12;2025-12-22;20;1485
12;2025-12-22;21;893
12;2025-12-22;22;455
12;2025-12-22;23;240
12;2025-12-23;0;53
12;2025-12-23;1;2
12;2025-12-23;2;0
12;2025-12-23;3;0
12;2025-12-23;4;6
12;2025-12-23;5;318
12;2025-12-23;6;1354
12;2025-12-23;7;2719
12;2025-12-23;8;3631
12;2025-12-23;9;2474
12;2025-12-23;10;2072
12;2025-12-23;11;1995
12;2025-12-23;12;2074
12;2025-12-23;13;2040
12;2025-12-23;14;2049
12;2025-12-23;15;2276
12;2025-12-23;16;2784
12;2025-12-23;17;3061
12;2025-12-23;18;3216
12;2025-12-23;19;2467
12;2025-12-23;20;1526
12;2025-12-23;21;918
12;2025-12-23;22;468
12;2025-12-23;23;246
12;2025-12-24;0;53
12;2025-12-24;1;2
12;2025-12-24;2;0
12;2025-12-24;3;0
12;2025-12-24;4;6
12;2025-12-24;5;318
12;2025-12-24;6;1354
12;2025-12-24;7;2719
12;2025-12-24;8;3631
12;2025-12-24;9;2474
12;2025-12-24;10;2072
12;2025-12-24;11;1995
12;2025-12-24;12;2074
12;2025-12-24;13;2040
12;2025-12-24;14;2049
12;2025-12-24;15;2276
12;2025-12-24;16;2784
12;2025-12-24;17;3061
12;2025-12-24;18;3216
12;2025-12-24;19;2467
12;2025-12-24;20;1526
12;2025-12-24;21;918
12;2025-12-24;22;468
12;2025-12-24;23;246
12;2025-12-25;0;53
12;2025-12-25;1;2
12;2025-12-25;2;0
12;2025-12-25;3;0
12;2025-12-25;4;6
12;2025-12-25;5;318
12;2025-12-25;6;1354
12;2025-12-25;7;2719
12;2025-12-25;8;3631
12;2025-12-25;9;2474
12;2025-12-25;10;2072
12;2025-12-25;11;1995
12;2025-12-25;12;2074
12;2025-12-25;13;2040
12;2025-12-25;14;2049
12;2025-12-25;15;2276
12;2025-12-25;16;2784
12;2025-12-25;17;3061
12;2025-12-25;18;3216
12;2025-12-25;19;2467
12;2025-12-25;20;1526
12;2025-12-25;21;918
12;2025-12-25;22;468
12;2025-12-25;23;246
12;2025-12-26;0;58
12;2025-12-26;1;2
12;2025-12-26;2;0
12;2025-12-26;3;0
12;2025-12-26;4;4
12;2025-12-26;5;300
12;2025-12-26;6;1306
12;2025-12-26;7;2632
12;2025-12-26;8;3395
12;2025-12-26;9;2351
12;2025-12-26;10;1940
12;2025-12-26;11;1963
12;2025-12-26;12;2010
12;2025-12-26;13;2075
12;2025-12-26;14;2092
12;2025-12-26;15;2382
12;2025-12-26;16;3037
12;2025-12-26;17;2978
12;2025-12-26;18;2615
12;2025-12-26;19;2153
12;2025-12-26;20;1411
12;2025-12-26;21;967
12;2025-12-26;22;498
12;2025-12-26;23;301
12;2025-12-27;0;80
12;2025-12-27;1;5
12;2025-12-27;2;0
12;2025-12-27;3;0
12;2025-12-27;4;2
12;2025-12-27;5;216
12;2025-12-27;6;787
12;2025-12-27;7;903
12;2025-12-27;8;1009
12;2025-12-27;9;1225
12;2025-12-27;10;1465
12;2025-12-27;11;1596
12;2025-12-27;12;1611
12;2025-12-27;13;1921
12;2025-12-27;14;1699
12;2025-12-27;15;1629
12;2025-12-27;16;1709
12;2025-12-27;17;1633
12;2025-12-27;18;1560
12;2025-12-27;19;1403
12;2025-12-27;20;950
12;2025-12-27;21;686
12;2025-12-27;22;418
12;2025-12-27;23;292
12;2025-12-28;0;89
12;2025-12-28;1;6
12;2025-12-28;2;0
12;2025-12-28;3;0
12;2025-12-28;4;2
12;2025-12-28;5;138
12;2025-12-28;6;495
12;2025-12-28;7;621
12;2025-12-28;8;708
12;2025-12-28;9;934
12;2025-12-28;10;1154
12;2025-12-28;11;1293
12;2025-12-28;12;1373
12;2025-12-28;13;1616
12;2025-12-28;14;1504
12;2025-12-28;15;1434
12;2025-12-28;16;1482
12;2025-12-28;17;1497
12;2025-12-28;18;1272
12;2025-12-28;19;988
12;2025-12-28;20;722
12;2025-12-28;21;566
12;2025-12-28;22;378
12;2025-12-28;23;200
12;2025-12-29;0;47
12;2025-12-29;1;2
12;2025-12-29;2;0
12;2025-12-29;3;0
12;2025-12-29;4;5
12;2025-12-29;5;278
12;2025-12-29;6;1186
12;2025-12-29;7;2382
12;2025-12-29;8;3180
12;2025-12-29;9;2167
12;2025-12-29;10;1815
12;2025-12-29;11;1747
12;2025-12-29;12;1816
12;2025-12-29;13;1786
12;2025-12-29;14;1794
12;2025-12-29;15;1993
12;2025-12-29;16;2439
12;2025-12-29;17;2681
12;2025-12-29;18;2817
12;2025-12-29;19;2161
12;2025-12-29;20;1336
12;2025-12-29;21;804
12;2025-12-29;22;410
12;2025-12-29;23;216
12;2025-12-30;0;45
12;2025-12-30;1;2
12;2025-12-30;2;0
12;2025-12-30;3;0
12;2025-12-30;4;5
12;2025-12-30;5;270
12;2025-12-30;6;1151
12;2025-12-30;7;2312
12;2025-12-30;8;3086
12;2025-12-30;9;2103
12;2025-12-30;10;1762
12;2025-12-30;11;1695
12;2025-12-30;12;1763
12;2025-12-30;13;1734
12;2025-12-30;14;1742
12;2025-12-30;15;1934
12;2025-12-30;16;2367
12;2025-12-30;17;2602
12;2025-12-30;18;2734
12;2025-12-30;19;2097
12;2025-12-30;20;1297
12;2025-12-30;21;780
12;2025-12-30;22;398
12;2025-12-30;23;209
12;2025-12-31;0;41
12;2025-12-31;1;3
12;2025-12-31;2;0
12;2025-12-31;3;0
12;2025-12-31;4;1
12;2025-12-31;5;110
12;2025-12-31;6;401
12;2025-12-31;7;460
12;2025-12-31;8;514
12;2025-12-31;9;624
12;2025-12-31;10;747
12;2025-12-31;11;814
12;2025-12-31;12;821
12;2025-12-31;13;979
12;2025-12-31;14;866
12;2025-12-31;15;830
12;2025-12-31;16;871
12;2025-12-31;17;832
12;2025-12-31;18;795
12;2025-12-31;19;715
12;2025-12-31;20;48
12;2025-12-31;21;35
12;2025-12-31;22;21
12;2025-12-31;23;15
17;2025-11-01;0;151
17;2025-11-01;1;30
17;2025-11-01;2;0
17;2025-11-01;3;0
17;2025-11-01;4;22
17;2025-11-01;5;268
17;2025-11-01;6;1311
17;2025-11-01;7;3454
17;2025-11-01;8;4509
17;2025-11-01;9;3226
17;2025-11-01;10;2561
17;2025-11-01;11;2574
17;2025-11-01;12;2614
17;2025-11-01;13;2672
17;2025-11-01;14;2748
17;2025-11-01;15;3041
17;2025-11-01;16;3649
17;2025-11-01;17;4036
17;2025-11-01;18;3764
17;2025-11-01;19;2748
17;2025-11-01;20;2009
17;2025-11-01;21;1354
17;2025-11-01;22;719
17;2025-11-01;23;396
17;2025-11-02;0;181
17;2025-11-02;1;25
17;2025-11-02;2;0
17;2025-11-02;3;0
17;2025-11-02;4;4
17;2025-11-02;5;106
17;2025-11-02;6;438
17;2025-11-02;7;803
17;2025-11-02;8;1243
17;2025-11-02;9;1700
17;2025-11-02;10;2001
17;2025-11-02;11;2548
17;2025-11-02;12;2948
17;2025-11-02;13;3224
17;2025-11-02;14;3300
17;2025-11-02;15;3275
17;2025-11-02;16;3182
17;2025-11-02;17;3026
17;2025-11-02;18;2626
17;2025-11-02;19;2115
17;2025-11-02;20;1592
17;2025-11-02;21;1142
17;2025-11-02;22;717
17;2025-11-02;23;318
17;2025-11-03;0;165
17;2025-11-03;1;22
17;2025-11-03;2;0
17;2025-11-03;3;0
17;2025-11-03;4;4
17;2025-11-03;5;104
17;2025-11-03;6;435
17;2025-11-03;7;867
17;2025-11-03;8;1293
17;2025-11-03;9;1710
17;2025-11-03;10;1953
17;2025-11-03;11;2425
17;2025-11-03;12;2764
17;2025-11-03;13;2981
17;2025-11-03;14;3040
17;2025-11-03;15;3022
17;2025-11-03;16;2987
17;2025-11-03;17;2814
17;2025-11-03;18;2472
17;2025-11-03;19;1991
17;2025-11-03;20;1517
17;2025-11-03;21;1096
17;2025-11-03;22;691
17;2025-11-03;23;333
17;2025-11-04;0;165
17;2025-11-04;1;22
17;2025-11-04;2;0
17;2025-11-04;3;0
17;2025-11-04;4;4
17;2025-11-04;5;104
17;2025-11-04;6;435
17;2025-11-04;7;867
17;2025-11-04;8;1293
17;2025-11-04;9;1710
17;2025-11-04;10;1953
17;2025-11-04;11;2425
17;2025-11-04;12;2764
17;2025-11-04;13;2981
17;2025-11-04;14;3040
17;2025-11-04;15;3022
17;2025-11-04;16;2987
17;2025-11-04;17;2814
17;2025-11-04;18;2472
17;2025-11-04;19;1991
17;2025-11-04;20;1517
17;2025-11-04;21;1096
17;2025-11-04;22;691
17;2025-11-04;23;333
17;2025-11-05;0;118
17;2025-11-05;1;12
17;2025-11-05;2;0
17;2025-11-05;3;0
17;2025-11-05;4;27
17;2025-11-05;5;325
17;2025-11-05;6;1583
17;2025-11-05;7;4201
17;2025-11-05;8;5522
17;2025-11-05;9;3907
17;2025-11-05;10;3050
17;2025-11-05;11;3022
17;2025-11-05;12;3064
17;2025-11-05;13;3125
17;2025-11-05;14;3215
17;2025-11-05;15;3341
17;2025-11-05;16;3768
17;2025-11-05;17;4611
17;2025-11-05;18;4964
17;2025-11-05;19;3428
17;2025-11-05;20;2382
17;2025-11-05;21;1468
17;2025-11-05;22;753
17;2025-11-05;23;364
17;2025-11-06;0;118
17;2025-11-06;1;12
17;2025-11-06;2;0
17;2025-11-06;3;0
17;2025-11-06;4;27
17;2025-11-06;5;325
17;2025-11-06;6;1583
17;2025-11-06;7;4201
17;2025-11-06;8;5522
17;2025-11-06;9;3907
17;2025-11-06;10;3050
17;2025-11-06;11;3022
17;2025-11-06;12;3064
17;2025-11-06;13;3125
17;2025-11-06;14;3215
17;2025-11-06;15;3341
17;2025-11-06;16;3768
17;2025-11-06;17;4611
17;2025-11-06;18;4964
17;2025-11-06;19;3428
17;2025-11-06;20;2382
17;2025-11-06;21;1468
17;2025-11-06;22;753
17;2025-11-06;23;364
17;2025-11-07;0;139
17;2025-11-07;1;16
17;2025-11-07;2;0
17;2025-11-07;3;0
17;2025-11-07;4;25
17;2025-11-07;5;305
17;2025-11-07;6;1490
17;2025-11-07;7;3926
17;2025-11-07;8;5126
17;2025-11-07;9;3667
17;2025-11-07;10;2910
17;2025-11-07;11;2925
17;2025-11-07;12;2971
17;2025-11-07;13;3037
17;2025-11-07;14;3123
17;2025-11-07;15;3457
17;2025-11-07;16;4148
17;2025-11-07;17;4588
17;2025-11-07;18;4278
17;2025-11-07;19;3123
17;2025-11-07;20;2283
17;2025-11-07;21;1539
17;2025-11-07;22;818
17;2025-11-07;23;450
17;2025-11-08;0;204
17;2025-11-08;1;27
17;2025-11-08;2;0
17;2025-11-08;3;0
17;2025-11-08;4;5
17;2025-11-08;5;138
17;2025-11-08;6;582
17;2025-11-08;7;1246
17;2025-11-08;8;1802
17;2025-11-08;9;2314
17;2025-11-08;10;2572
17;2025-11-08;11;3115
17;2025-11-08;12;3496
17;2025-11-08;13;3717
17;2025-11-08;14;3774
17;2025-11-08;15;3760
17;2025-11-08;16;3785
17;2025-11-08;17;3529
17;2025-11-08;18;3141
17;2025-11-08;19;2529
17;2025-11-08;20;1951
17;2025-11-08;21;1421
17;2025-11-08;22;899
17;2025-11-08;23;466
17;2025-11-09;0;181
17;2025-11-09;1;25
17;2025-11-09;2;0
17;2025-11-09;3;0
17;2025-11-09;4;4
17;2025-11-09;5;106
17;2025-11-09;6;438
17;2025-11-09;7;803
17;2025-11-09;8;1243
17;2025-11-09;9;1700
17;2025-11-09;10;2001
17;2025-11-09;11;2548
17;2025-11-09;12;2948
17;2025-11-09;13;3224
17;2025-11-09;14;3300
17;2025-11-09;15;3275
17;2025-11-09;16;3182
17;2025-11-09;17;3026
17;2025-11-09;18;2626
17;2025-11-09;19;2115
17;2025-11-09;20;1592
17;2025-11-09;21;1142
17;2025-11-09;22;717
17;2025-11-09;23;318
17;2025-11-10;0;115
17;2025-11-10;1;11
17;2025-11-10;2;0
17;2025-11-10;3;0
17;2025-11-10;4;27
17;2025-11-10;5;316
17;2025-11-10;6;1541
17;2025-11-10;7;4089
17;2025-11-10;8;5374
17;2025-11-10;9;3802
17;2025-11-10;10;2968
17;2025-11-10;11;2940
17;2025-11-10;12;2981
17;2025-11-10;13;3041
17;2025-11-10;14;3129
17;2025-11-10;15;3251
17;2025-11-10;16;3667
17;2025-11-10;17;4488
17;2025-11-10;18;4831
17;2025-11-10;19;3336
17;2025-11-10;20;2318
17;2025-11-10;21;1428
17;2025-11-10;22;733
17;2025-11-10;23;354
17;2025-11-11;0;118
17;2025-11-11;1;12
17;2025-11-11;2;0
17;2025-11-11;3;0
17;2025-11-11;4;27
17;2025-11-11;5;325
17;2025-11-11;6;1583
17;2025-11-11;7;4201
17;2025-11-11;8;5522
17;2025-11-11;9;3907
17;2025-11-11;10;3050
17;2025-11-11;11;3022
17;2025-11-11;12;3064
17;2025-11-11;13;3125
17;2025-11-11;14;3215
17;2025-11-11;15;3341
17;2025-11-11;16;3768
17;2025-11-11;17;4611
17;2025-11-11;18;4964
17;2025-11-11;19;3428
17;2025-11-11;20;2382
17;2025-11-11;21;1468
17;2025-11-11;22;753
17;2025-11-11;23;364
17;2025-11-12;0;118
17;2025-11-12;1;12
17;2025-11-12;2;0
17;2025-11-12;3;0
17;2025-11-12;4;27
17;2025-11-12;5;325
17;2025-11-12;6;1583
17;2025-11-12;7;4201
17;2025-11-12;8;5522
17;2025-11-12;9;3907
17;2025-11-12;10;3050
17;2025-11-12;11;3022
17;2025-11-12;12;3064
17;2025-11-12;13;3125
17;2025-11-12;14;3215
17;2025-11-12;15;3341
17;2025-11-12;16;3768
17;2025-11-12;17;4611
17;2025-11-12;18;4964
17;2025-11-12;19;3428
17;2025-11-12;20;2382
17;2025-11-12;21;1468
17;2025-11-12;22;753
17;2025-11-12;23;364
17;2025-11-13;0;118
17;2025-11-13;1;12
17;2025-11-13;2;0
17;2025-11-13;3;0
17;2025-11-13;4;27
17;2025-11-13;5;325
17;2025-11-13;6;1583
17;2025-11-13;7;4201
17;2025-11-13;8;5522
17;2025-11-13;9;3907
17;2025-11-13;10;3050
17;2025-11-13;11;3022
17;2025-11-13;12;3064
17;2025-11-13;13;3125
17;2025-11-13;14;3215
17;2025-11-13;15;3341
17;2025-11-13;16;3768
17;2025-11-13;17;4611
17;2025-11-13;18;4964
17;2025-11-13;19;3428
17;2025-11-13;20;2382
17;2025-11-13;21;1468
17;2025-11-13;22;753
17;2025-11-13;23;364
17;2025-11-14;0;139
17;2025-11-14;1;16
17;2025-11-14;2;0
17;2025-11-14;3;0
17;2025-11-14;4;25
17;2025-11-14;5;305
17;2025-11-14;6;1490
17;2025-11-14;7;3926
17;2025-11-14;8;5126
17;2025-11-14;9;3667
17;2025-11-14;10;2910
17;2025-11-14;11;2925
17;2025-11-14;12;2971
17;2025-11-14;13;3037
17;2025-11-14;14;3123
17;2025-11-14;15;3457
17;2025-11-14;16;4148
17;2025-11-14;17;4588
17;2025-11-14;18;4278
17;2025-11-14;19;3123
17;2025-11-14;20;2283
17;2025-11-14;21;1539
17;2025-11-14;22;818
17;2025-11-14;23;450
17;2025-11-15;0;204
17;2025-11-15;1;27
17;2025-11-15;2;0
17;2025-11-15;3;0
17;2025-11-15;4;5
17;2025-11-15;5;138
17;2025-11-15;6;582
17;2025-11-15;7;1246
17;2025-11-15;8;1802
17;2025-11-15;9;2314
17;2025-11-15;10;2572
17;2025-11-15;11;3115
17;2025-11-15;12;3496
17;2025-11-15;13;3717
17;2025-11-15;14;3774
17;2025-11-15;15;3760
17;2025-11-15;16;3785
17;2025-11-15;17;3529
17;2025-11-15;18;3141
17;2025-11-15;19;2529
17;2025-11-15;20;1951
17;2025-11-15;21;1421
17;2025-11-15;22;899
17;2025-11-15;23;466
17;2025-11-16;0;181
17;2025-11-16;1;25
17;2025-11-16;2;0
17;2025-11-16;3;0
17;2025-11-16;4;4
17;2025-11-16;5;106
17;2025-11-16;6;438
17;2025-11-16;7;803
17;2025-11-16;8;1243
17;2025-11-16;9;1700
17;2025-11-16;10;2001
17;2025-11-16;11;2548
17;2025-11-16;12;2948
17;2025-11-16;13;3224
17;2025-11-16;14;3300
17;2025-11-16;15;3275
17;2025-11-16;16;3182
17;2025-11-16;17;3026
17;2025-11-16;18;2626
17;2025-11-16;19;2115
17;2025-11-16;20;1592
17;2025-11-16;21;1142
17;2025-11-16;22;717
17;2025-11-16;23;318
17;2025-11-17;0;115
17;2025-11-17;1;11
17;2025-11-17;2;0
17;2025-11-17;3;0
17;2025-11-17;4;27
17;2025-11-17;5;316
17;2025-11-17;6;1541
17;2025-11-17;7;4089
17;2025-11-17;8;5374
17;2025-11-17;9;3802
17;2025-11-17;10;2968
17;2025-11-17;11;2940
17;2025-11-17;12;2981
17;2025-11-17;13;3041
17;2025-11-17;14;3129
17;2025-11-17;15;3251
17;2025-11-17;16;3667
17;2025-11-17;17;4488
17;2025-11-17;18;4831
17;2025-11-17;19;3336
17;2025-11-17;20;2318
17;2025-11-17;21;1428
17;2025-11-17;22;733
17;2025-11-17;23;354
17;2025-11-18;0;118
17;2025-11-18;1;12
17;2025-11-18;2;0
17;2025-11-18;3;0
17;2025-11-18;4;27
17;2025-11-18;5;325
17;2025-11-18;6;1583
17;2025-11-18;7;4201
17;2025-11-18;8;5522
17;2025-11-18;9;3907
17;2025-11-18;10;3050
17;2025-11-18;11;3022
17;2025-11-18;12;3064
17;2025-11-18;13;3125
17;2025-11-18;14;3215
17;2025-11-18;15;3341
17;2025-11-18;16;3768
17;2025-11-18;17;4611
17;2025-11-18;18;4964
17;2025-11-18;19;3428
17;2025-11-18;20;2382
17;2025-11-18;21;1468
17;2025-11-18;22;753
17;2025-11-18;23;364
17;2025-11-19;0;118
17;2025-11-19;1;12
17;2025-11-19;2;0
17;2025-11-19;3;0
17;2025-11-19;4;27
17;2025-11-19;5;325
17;2025-11-19;6;1583
17;2025-11-19;7;4201
17;2025-11-19;8;5522
17;2025-11-19;9;3907
17;2025-11-19;10;3050
17;2025-11-19;11;3022
17;2025-11-19;12;3064
17;2025-11-19;13;3125
17;2025-11-19;14;3215
17;2025-11-19;15;3341
17;2025-11-19;16;3768
17;2025-11-19;17;4611
17;2025-11-19;18;4964
17;2025-11-19;19;3428
17;2025-11-19;20;2382
17;2025-11-19;21;1468
17;2025-11-19;22;753
17;2025-11-19;23;364
17;2025-11-20;0;118
17;2025-11-20;1;12
17;2025-11-20;2;0
17;2025-11-20;3;0
17;2025-11-20;4;27
17;2025-11-20;5;325
17;2025-11-20;6;1583
17;2025-11-20;7;4201
17;2025-11-20;8;5522
17;2025-11-20;9;3907
17;2025-11-20;10;3050
17;2025-11-20;11;3022
17;2025-11-20;12;3064
17;2025-11-20;13;3125
17;2025-11-20;14;3215
17;2025-11-20;15;3341
17;2025-11-20;16;3768
17;2025-11-20;17;4611
17;2025-11-20;18;4964
17;2025-11-20;19;3428
17;2025-11-20;20;2382
17;2025-11-20;21;1468
17;2025-11-20;22;753
17;2025-11-20;23;364
17;2025-11-21;0;139
17;2025-11-21;1;16
17;2025-11-21;2;0
17;2025-11-21;3;0
17;2025-11-21;4;25
17;2025-11-21;5;305
17;2025-11-21;6;1490
17;2025-11-21;7;3926
17;2025-11-21;8;5126
17;2025-11-21;9;3667
17;2025-11-21;10;2910
17;2025-11-21;11;2925
17;2025-11-21;12;2971
17;2025-11-21;13;3037
17;2025-11-21;14;3123
17;2025-11-21;15;3457
17;2025-11-21;16;4148
17;2025-11-21;17;4588
17;2025-11-21;18;4278
17;2025-11-21;19;3123
17;2025-11-21;20;2283
17;2025-11-21;21;1539
17;2025-11-21;22;818
17;2025-11-21;23;450
17;2025-11-22;0;204
17;2025-11-22;1;27
17;2025-11-22;2;0
17;2025-11-22;3;0
17;2025-11-22;4;5
17;2025-11-22;5;138
17;2025-11-22;6;582
17;2025-11-22;7;1246
17;2025-11-22;8;1802
17;2025-11-22;9;2314
17;2025-11-22;10;2572
17;2025-11-22;11;3115
17;2025-11-22;12;3496
17;2025-11-22;13;3717
17;2025-11-22;14;3774
17;2025-11-22;15;3760
17;2025-11-22;16;3785
17;2025-11-22;17;3529
17;2025-11-22;18;3141
17;2025-11-22;19;2529
17;2025-11-22;20;1951
17;2025-11-22;21;1421
17;2025-11-22;22;899
17;2025-11-22;23;466
17;2025-11-23;0;181
17;2025-11-23;1;25
17;2025-11-23;2;0
17;2025-11-23;3;0
17;2025-11-23;4;4
17;2025-11-23;5;106
17;2025-11-23;6;438
17;2025-11-23;7;803
17;2025-11-23;8;1243
17;2025-11-23;9;1700
17;2025-11-23;10;2001
17;2025-11-23;11;2548
17;2025-11-23;12;2948
17;2025-11-23;13;3224
17;2025-11-23;14;3300
17;2025-11-23;15;3275
17;2025-11-23;16;3182
17;2025-11-23;17;3026
17;2025-11-23;18;2626
17;2025-11-23;19;2115
17;2025-11-23;20;1592
17;2025-11-23;21;1142
17;2025-11-23;22;717
17;2025-11-23;23;318
17;2025-11-24;0;115
17;2025-11-24;1;11
17;2025-11-24;2;0
17;2025-11-24;3;0
17;2025-11-24;4;27
17;2025-11-24;5;316
17;2025-11-24;6;1541
17;2025-11-24;7;4089
17;2025-11-24;8;5374
17;2025-11-24;9;3802
17;2025-11-24;10;2968
17;2025-11-24;11;2940
17;2025-11-24;12;2981
17;2025-11-24;13;3041
17;2025-11-24;14;3129
17;2025-11-24;15;3251
17;2025-11-24;16;3667
17;2025-11-24;17;4488
17;2025-11-24;18;4831
17;2025-11-24;19;3336
17;2025-11-24;20;2318
17;2025-11-24;21;1428
17;2025-11-24;22;733
17;2025-11-24;23;354
17;2025-11-25;0;118
17;2025-11-25;1;12
17;2025-11-25;2;0
17;2025-11-25;3;0
17;2025-11-25;4;27
17;2025-11-25;5;325
17;2025-11-25;6;1583
17;2025-11-25;7;4201
17;2025-11-25;8;5522
17;2025-11-25;9;3907
17;2025-11-25;10;3050
17;2025-11-25;11;3022
17;2025-11-25;12;3064
17;2025-11-25;13;3125
17;2025-11-25;14;3215
17;2025-11-25;15;3341
17;2025-11-25;16;3768
17;2025-11-25;17;4611
17;2025-11-25;18;4964
17;2025-11-25;19;3428
17;2025-11-25;20;2382
17;2025-11-25;21;1468
17;2025-11-25;22;753
17;2025-11-25;23;364
17;2025-11-26;0;118
17;2025-11-26;1;12
17;2025-11-26;2;0
17;2025-11-26;3;0
17;2025-11-26;4;27
17;2025-11-26;5;325
17;2025-11-26;6;1583
17;2025-11-26;7;4201
17;2025-11-26;8;5522
17;2025-11-26;9;3907
17;2025-11-26;10;3050
17;2025-11-26;11;3022
17;2025-11-26;12;3064
17;2025-11-26;13;3125
17;2025-11-26;14;3215
17;2025-11-26;15;3341
17;2025-11-26;16;3768
17;2025-11-26;17;4611
17;2025-11-26;18;4964
17;2025-11-26;19;3428
17;2025-11-26;20;2382
17;2025-11-26;21;1468
17;2025-11-26;22;753
17;2025-11-26;23;364
17;2025-11-27;0;118
17;2025-11-27;1;12
17;2025-11-27;2;0
17;2025-11-27;3;0
17;2025-11-27;4;27
17;2025-11-27;5;325
17;2025-11-27;6;1583
17;2025-11-27;7;4201
17;2025-11-27;8;5522
17;2025-11-27;9;3907
17;2025-11-27;10;3050
17;2025-11-27;11;3022
17;2025-11-27;12;3064
17;2025-11-27;13;3125
17;2025-11-27;14;3215
17;2025-11-27;15;3341
17;2025-11-27;16;3768
17;2025-11-27;17;4611
17;2025-11-27;18;4964
17;2025-11-27;19;3428
17;2025-11-27;20;2382
17;2025-11-27;21;1468
17;2025-11-27;22;753
17;2025-11-27;23;364
17;2025-11-28;0;139
17;2025-11-28;1;16
17;2025-11-28;2;0
17;2025-11-28;3;0
17;2025-11-28;4;25
17;2025-11-28;5;305
17;2025-11-28;6;1490
17;2025-11-28;7;3926
17;2025-11-28;8;5126
17;2025-11-28;9;3667
17;2025-11-28;10;2910
17;2025-11-28;11;2925
17;2025-11-28;12;2971
17;2025-11-28;13;3037
17;2025-11-28;14;3123
17;2025-11-28;15;3457
17;2025-11-28;16;4148
17;2025-11-28;17;4588
17;2025-11-28;18;4278
17;2025-11-28;19;3123
17;2025-11-28;20;2283
17;2025-11-28;21;1539
17;2025-11-28;22;818
17;2025-11-28;23;450
17;2025-11-29;0;204
17;2025-11-29;1;27
17;2025-11-29;2;0
17;2025-11-29;3;0
17;2025-11-29;4;5
17;2025-11-29;5;138
17;2025-11-29;6;582
17;2025-11-29;7;1246
17;2025-11-29;8;1802
17;2025-11-29;9;2314
17;2025-11-29;10;2572
17;2025-11-29;11;3115
17;2025-11-29;12;3496
17;2025-11-29;13;3717
17;2025-11-29;14;3774
17;2025-11-29;15;3760
17;2025-11-29;16;3785
17;2025-11-29;17;3529
17;2025-11-29;18;3141
17;2025-11-29;19;2529
17;2025-11-29;20;1951
17;2025-11-29;21;1421
17;2025-11-29;22;899
17;2025-11-29;23;466
17;2025-11-30;0;181
17;2025-11-30;1;25
17;2025-11-30;2;0
17;2025-11-30;3;0
17;2025-11-30;4;4
17;2025-11-30;5;106
17;2025-11-30;6;438
17;2025-11-30;7;803
17;2025-11-30;8;1243
17;2025-11-30;9;1700
17;2025-11-30;10;2001
17;2025-11-30;11;2548
17;2025-11-30;12;2948
17;2025-11-30;13;3224
17;2025-11-30;14;3300
17;2025-11-30;15;3275
17;2025-11-30;16;3182
17;2025-11-30;17;3026
17;2025-11-30;18;2626
17;2025-11-30;19;2115
17;2025-11-30;20;1592
17;2025-11-30;21;1142
17;2025-11-30;22;717
17;2025-11-30;23;318
17;2025-12-01;0;114
17;2025-12-01;1;11
17;2025-12-01;2;0
17;2025-12-01;3;0
17;2025-12-01;4;27
17;2025-12-01;5;318
17;2025-12-01;6;1542
17;2025-12-01;7;4069
17;2025-12-01;8;5371
17;2025-12-01;9;3792
17;2025-12-01;10;2957
17;2025-12-01;11;2930
17;2025-12-01;12;2974
17;2025-12-01;13;3034
17;2025-12-01;14;3118
17;2025-12-01;15;3253
17;2025-12-01;16;3665
17;2025-12-01;17;4489
17;2025-12-01;18;4855
17;2025-12-01;19;3366
17;2025-12-01;20;2328
17;2025-12-01;21;1430
17;2025-12-01;22;743
17;2025-12-01;23;353
17;2025-12-02;0;117
17;2025-12-02;1;11
17;2025-12-02;2;0
17;2025-12-02;3;0
17;2025-12-02;4;28
17;2025-12-02;5;326
17;2025-12-02;6;1585
17;2025-12-02;7;4181
17;2025-12-02;8;5519
17;2025-12-02;9;3896
17;2025-12-02;10;3039
17;2025-12-02;11;3011
17;2025-12-02;12;3056
17;2025-12-02;13;3118
17;2025-12-02;14;3204
17;2025-12-02;15;3342
17;2025-12-02;16;3766
17;2025-12-02;17;4613
17;2025-12-02;18;4988
17;2025-12-02;19;3459
17;2025-12-02;20;2392
17;2025-12-02;21;1469
17;2025-12-02;22;764
17;2025-12-02;23;363
17;2025-12-03;0;117
17;2025-12-03;1;11
17;2025-12-03;2;0
17;2025-12-03;3;0
17;2025-12-03;4;28
17;2025-12-03;5;326
17;2025-12-03;6;1585
17;2025-12-03;7;4181
17;2025-12-03;8;5519
17;2025-12-03;9;3896
17;2025-12-03;10;3039
17;2025-12-03;11;3011
17;2025-12-03;12;3056
17;2025-12-03;13;3118
17;2025-12-03;14;3204
17;2025-12-03;15;3342
17;2025-12-03;16;3766
17;2025-12-03;17;4613
17;2025-12-03;18;4988
17;2025-12-03;19;3459
17;2025-12-03;20;2392
17;2025-12-03;21;1469
17;2025-12-03;22;764
17;2025-12-03;23;363
17;2025-12-04;0;117
17;2025-12-04;1;11
17;2025-12-04;2;0
17;2025-12-04;3;0
17;2025-12-04;4;28
17;2025-12-04;5;326
17;2025-12-04;6;1585
17;2025-12-04;7;4181
17;2025-12-04;8;5519
17;2025-12-04;9;3896
17;2025-12-04;10;3039
17;2025-12-04;11;3011
17;2025-12-04;12;3056
17;2025-12-04;13;3118
17;2025-12-04;14;3204
17;2025-12-04;15;3342
17;2025-12-04;16;3766
17;2025-12-04;17;4613
17;2025-12-04;18;4988
17;2025-12-04;19;3459
17;2025-12-04;20;2392
17;2025-12-04;21;1469
17;2025-12-04;22;764
17;2025-12-04;23;363
17;2025-12-05;0;139
17;2025-12-05;1;16
17;2025-12-05;2;0
17;2025-12-05;3;0
17;2025-12-05;4;26
17;2025-12-05;5;305
17;2025-12-05;6;1489
17;2025-12-05;7;3902
17;2025-12-05;8;5125
17;2025-12-05;9;3659
17;2025-12-05;10;2906
17;2025-12-05;11;2913
17;2025-12-05;12;2975
17;2025-12-05;13;3037
17;2025-12-05;14;3127
17;2025-12-05;15;3473
17;2025-12-05;16;4161
17;2025-12-05;17;4577
17;2025-12-05;18;4291
17;2025-12-05;19;3125
17;2025-12-05;20;2281
17;2025-12-05;21;1538
17;2025-12-05;22;832
17;2025-12-05;23;447
17;2025-12-06;0;203
17;2025-12-06;1;27
17;2025-12-06;2;0
17;2025-12-06;3;0
17;2025-12-06;4;5
17;2025-12-06;5;137
17;2025-12-06;6;577
17;2025-12-06;7;1230
17;2025-12-06;8;1787
17;2025-12-06;9;2299
17;2025-12-06;10;2552
17;2025-12-06;11;3101
17;2025-12-06;12;3490
17;2025-12-06;13;3700
17;2025-12-06;14;3766
17;2025-12-06;15;3749
17;2025-12-06;16;3776
17;2025-12-06;17;3530
17;2025-12-06;18;3145
17;2025-12-06;19;2542
17;2025-12-06;20;1953
17;2025-12-06;21;1426
17;2025-12-06;22;910
17;2025-12-06;23;466
17;2025-12-07;0;179
17;2025-12-07;1;25
17;2025-12-07;2;0
17;2025-12-07;3;0
17;2025-12-07;4;4
17;2025-12-07;5;106
17;2025-12-07;6;436
17;2025-12-07;7;789
17;2025-12-07;8;1237
17;2025-12-07;9;1690
17;2025-12-07;10;1988
17;2025-12-07;11;2527
17;2025-12-07;12;2935
17;2025-12-07;13;3215
17;2025-12-07;14;3278
17;2025-12-07;15;3262
17;2025-12-07;16;3169
17;2025-12-07;17;3015
17;2025-12-07;18;2620
17;2025-12-07;19;2113
17;2025-12-07;20;1596
17;2025-12-07;21;1138
17;2025-12-07;22;718
17;2025-12-07;23;316
17;2025-12-08;0;114
17;2025-12-08;1;11
17;2025-12-08;2;0
17;2025-12-08;3;0
17;2025-12-08;4;27
17;2025-12-08;5;318
17;2025-12-08;6;1542
17;2025-12-08;7;4069
17;2025-12-08;8;5371
17;2025-12-08;9;3792
17;2025-12-08;10;2957
17;2025-12-08;11;2930
17;2025-12-08;12;2974
17;2025-12-08;13;3034
17;2025-12-08;14;3118
17;2025-12-08;15;3253
17;2025-12-08;16;3665
17;2025-12-08;17;4489
17;2025-12-08;18;4855
17;2025-12-08;19;3366
17;2025-12-08;20;2328
17;2025-12-08;21;1430
17;2025-12-08;22;743
17;2025-12-08;23;353
17;2025-12-09;0;117
17;2025-12-09;1;11
17;2025-12-09;2;0
17;2025-12-09;3;0
17;2025-12-09;4;28
17;2025-12-09;5;326
17;2025-12-09;6;1585
17;2025-12-09;7;4181
17;2025-12-09;8;5519
17;2025-12-09;9;3896
17;2025-12-09;10;3039
17;2025-12-09;11;3011
17;2025-12-09;12;3056
17;2025-12-09;13;3118
17;2025-12-09;14;3204
17;2025-12-09;15;3342
17;2025-12-09;16;3766
17;2025-12-09;17;4613
17;2025-12-09;18;4988
17;2025-12-09;19;3459
17;2025-12-09;20;2392
17;2025-12-09;21;1469
17;2025-12-09;22;764
17;2025-12-09;23;363
17;2025-12-10;0;117
17;2025-12-10;1;11
17;2025-12-10;2;0
17;2025-12-10;3;0
17;2025-12-10;4;28
17;2025-12-10;5;326
17;2025-12-10;6;1585
17;2025-12-10;7;4181
17;2025-12-10;8;5519
17;2025-12-10;9;3896
17;2025-12-10;10;3039
17;2025-12-10;11;3011
17;2025-12-10;12;3056
17;2025-12-10;13;3118
17;2025-12-10;14;3204
17;2025-12-10;15;3342
17;2025-12-10;16;3766
17;2025-12-10;17;4613
17;2025-12-10;18;4988
17;2025-12-10;19;3459
17;2025-12-10;20;2392
17;2025-12-10;21;1469
17;2025-12-10;22;764
17;2025-12-10;23;363
17;2025-12-11;0;117
17;2025-12-11;1;11
17;2025-12-11;2;0
17;2025-12-11;3;0
17;2025-12-11;4;28
17;2025-12-11;5;326
17;2025-12-11;6;1585
17;2025-12-11;7;4181
17;2025-12-11;8;5519
17;2025-12-11;9;3896
17;2025-12-11;10;3039
17;2025-12-11;11;3011
17;2025-12-11;12;3056
17;2025-12-11;13;3118
17;2025-12-11;14;3204
17;2025-12-11;15;3342
17;2025-12-11;16;3766
17;2025-12-11;17;4613
17;2025-12-11;18;4988
17;2025-12-11;19;3459
17;2025-12-11;20;2392
17;2025-12-11;21;1469
17;2025-12-11;22;764
17;2025-12-11;23;363
17;2025-12-12;0;139
17;2025-12-12;1;16
17;2025-12-12;2;0
17;2025-12-12;3;0
17;2025-12-12;4;26
17;2025-12-12;5;305
17;2025-12-12;6;1489
17;2025-12-12;7;3902
17;2025-12-12;8;5125
17;2025-12-12;9;3659
17;2025-12-12;10;2906
17;2025-12-12;11;2913
17;2025-12-12;12;2975
17;2025-12-12;13;3037
17;2025-12-12;14;3127
17;2025-12-12;15;3473
17;2025-12-12;16;4161
17;2025-12-12;17;4577
17;2025-12-12;18;4291
17;2025-12-12;19;3125
17;2025-12-12;20;2281
17;2025-12-12;21;1538
17;2025-12-12;22;832
17;2025-12-12;23;447
17;2025-12-13;0;203
17;2025-12-13;1;27
17;2025-12-13;2;0
17;2025-12-13;3;0
17;2025-12-13;4;5
17;2025-12-13;5;137
17;2025-12-13;6;577
17;2025-12-13;7;1230
17;2025-12-13;8;1787
17;2025-12-13;9;2299
17;2025-12-13;10;2552
17;2025-12-13;11;3101
17;2025-12-13;12;3490
17;2025-12-13;13;3700
17;2025-12-13;14;3766
17;2025-12-13;15;3749
17;2025-12-13;16;3776
17;2025-12-13;17;3530
17;2025-12-13;18;3145
17;2025-12-13;19;2542
17;2025-12-13;20;1953
17;2025-12-13;21;1426
17;2025-12-13;22;910
17;2025-12-13;23;466
17;2025-12-14;0;179
17;2025-12-14;1;25
17;2025-12-14;2;0
17;2025-12-14;3;0
17;2025-12-14;4;4
17;2025-12-14;5;106
17;2025-12-14;6;436
17;2025-12-14;7;789
17;2025-12-14;8;1237
17;2025-12-14;9;1690
17;2025-12-14;10;1988
17;2025-12-14;11;2527
17;2025-12-14;12;2935
17;2025-12-14;13;3215
17;2025-12-14;14;3278
17;2025-12-14;15;3262
17;2025-12-14;16;3169
17;2025-12-14;17;3015
17;2025-12-14;18;2620
17;2025-12-14;19;2113
17;2025-12-14;20;1596
17;2025-12-14;21;1138
17;2025-12-14;22;718
17;2025-12-14;23;316
17;2025-12-15;0;114
17;2025-12-15;1;11
17;2025-12-15;2;0
17;2025-12-15;3;0
17;2025-12-15;4;27
17;2025-12-15;5;318
17;2025-12-15;6;1542
17;2025-12-15;7;4069
17;2025-12-15;8;5371
17;2025-12-15;9;3792
17;2025-12-15;10;2957
17;2025-12-15;11;2930
17;2025-12-15;12;2974
17;2025-12-15;13;3034
17;2025-12-15;14;3118
17;2025-12-15;15;3253
17;2025-12-15;16;3665
17;2025-12-15;17;4489
17;2025-12-15;18;4855
17;2025-12-15;19;3366
17;2025-12-15;20;2328
17;2025-12-15;21;1430
17;2025-12-15;22;743
17;2025-12-15;23;353
17;2025-12-16;0;117
17;2025-12-16;1;11
17;2025-12-16;2;0
17;2025-12-16;3;0
17;2025-12-16;4;28
17;2025-12-16;5;326
17;2025-12-16;6;1585
17;2025-12-16;7;4181
17;2025-12-16;8;5519
17;2025-12-16;9;3896
17;2025-12-16;10;3039
17;2025-12-16;11;3011
17;2025-12-16;12;3056
17;2025-12-16;13;3118
17;2025-12-16;14;3204
17;2025-12-16;15;3342
17;2025-12-16;16;3766
17;2025-12-16;17;4613
17;2025-12-16;18;4988
17;2025-12-16;19;3459
17;2025-12-16;20;2392
17;2025-12-16;21;1469
17;2025-12-16;22;764
17;2025-12-16;23;363
17;2025-12-17;0;117
17;2025-12-17;1;11
17;2025-12-17;2;0
17;2025-12-17;3;0
17;2025-12-17;4;28
17;2025-12-17;5;326
17;2025-12-17;6;1585
17;2025-12-17;7;4181
17;2025-12-17;8;5519
17;2025-12-17;9;3896
17;2025-12-17;10;3039
17;2025-12-17;11;3011
17;2025-12-17;12;3056
17;2025-12-17;13;3118
17;2025-12-17;14;3204
17;2025-12-17;15;3342
17;2025-12-17;16;3766
17;2025-12-17;17;4613
17;2025-12-17;18;4988
17;2025-12-17;19;3459
17;2025-12-17;20;2392
17;2025-12-17;21;1469
17;2025-12-17;22;764
17;2025-12-17;23;363
17;2025-12-18;0;117
17;2025-12-18;1;11
17;2025-12-18;2;0
17;2025-12-18;3;0
17;2025-12-18;4;28
17;2025-12-18;5;326
17;2025-12-18;6;1585
17;2025-12-18;7;4181
17;2025-12-18;8;5519
17;2025-12-18;9;3896
17;2025-12-18;10;3039
17;2025-12-18;11;3011
17;2025-12-18;12;3056
17;2025-12-18;13;3118
17;2025-12-18;14;3204
17;2025-12-18;15;3342
17;2025-12-18;16;3766
17;2025-12-18;17;4613
17;2025-12-18;18;4988
17;2025-12-18;19;3459
17;2025-12-18;20;2392
17;2025-12-18;21;1469
17;2025-12-18;22;764
17;2025-12-18;23;363
17;2025-12-19;0;139
17;2025-12-19;1;16
17;2025-12-19;2;0
17;2025-12-19;3;0
17;2025-12-19;4;26
17;2025-12-19;5;305
17;2025-12-19;6;1489
17;2025-12-19;7;3902
17;2025-12-19;8;5125
17;2025-12-19;9;3659
17;2025-12-19;10;2906
17;2025-12-19;11;2913
17;2025-12-19;12;2975
17;2025-12-19;13;3037
17;2025-12-19;14;3127
17;2025-12-19;15;3473
17;2025-12-19;16;4161
17;2025-12-19;17;4577
17;2025-12-19;18;4291
17;2025-12-19;19;3125
17;2025-12-19;20;2281
17;2025-12-19;21;1538
17;2025-12-19;22;832
17;2025-12-19;23;447
17;2025-12-20;0;203
17;2025-12-20;1;27
17;2025-12-20;2;0
17;2025-12-20;3;0
17;2025-12-20;4;5
17;2025-12-20;5;137
17;2025-12-20;6;577
17;2025-12-20;7;1230
17;2025-12-20;8;1787
17;2025-12-20;9;2299
17;2025-12-20;10;2552
17;2025-12-20;11;3101
17;2025-12-20;12;3490
17;2025-12-20;13;3700
17;2025-12-20;14;3766
17;2025-12-20;15;3749
17;2025-12-20;16;3776
17;2025-12-20;17;3530
17;2025-12-20;18;3145
17;2025-12-20;19;2542
17;2025-12-20;20;1953
17;2025-12-20;21;1426
17;2025-12-20;22;910
17;2025-12-20;23;466
17;2025-12-21;0;179
17;2025-12-21;1;25
17;2025-12-21;2;0
17;2025-12-21;3;0
17;2025-12-21;4;4
17;2025-12-21;5;106
17;2025-12-21;6;436
17;2025-12-21;7;789
17;2025-12-21;8;1237
17;2025-12-21;9;1690
17;2025-12-21;10;1988
17;2025-12-21;11;2527
17;2025-12-21;12;2935
17;2025-12-21;13;3215
17;2025-12-21;14;3278
17;2025-12-21;15;3262
17;2025-12-21;16;3169
17;2025-12-21;17;3015
17;2025-12-21;18;2620
17;2025-12-21;19;2113
17;2025-12-21;20;1596
17;2025-12-21;21;1138
17;2025-12-21;22;718
17;2025-12-21;23;316
17;2025-12-22;0;114
17;2025-12-22;1;11
17;2025-12-22;2;0
17;2025-12-22;3;0
17;2025-12-22;4;27
17;2025-12-22;5;318
17;2025-12-22;6;1542
17;2025-12-22;7;4069
17;2025-12-22;8;5371
17;2025-12-22;9;3792
17;2025-12-22;10;2957
17;2025-12-22;11;2930
17;2025-12-22;12;2974
17;2025-12-22;13;3034
17;2025-12-22;14;3118
17;2025-12-22;15;3253
17;2025-12-22;16;3665
17;2025-12-22;17;4489
17;2025-12-22;18;4855
17;2025-12-22;19;3366
17;2025-12-22;20;2328
17;2025-12-22;21;1430
17;2025-12-22;22;743
17;2025-12-22;23;353
17;2025-12-23;0;117
17;2025-12-23;1;11
17;2025-12-23;2;0
17;2025-12-23;3;0
17;2025-12-23;4;28
17;2025-12-23;5;326
17;2025-12-23;6;1585
17;2025-12-23;7;4181
17;2025-12-23;8;5519
17;2025-12-23;9;3896
17;2025-12-23;10;3039
17;2025-12-23;11;3011
17;2025-12-23;12;3056
17;2025-12-23;13;3118
17;2025-12-23;14;3204
17;2025-12-23;15;3342
17;2025-12-23;16;3766
17;2025-12-23;17;4613
17;2025-12-23;18;4988
17;2025-12-23;19;3459
17;2025-12-23;20;2392
17;2025-12-23;21;1469
17;2025-12-23;22;764
17;2025-12-23;23;363
17;2025-12-24;0;117
17;2025-12-24;1;11
17;2025-12-24;2;0
17;2025-12-24;3;0
17;2025-12-24;4;28
17;2025-12-24;5;326
17;2025-12-24;6;1585
17;2025-12-24;7;4181
17;2025-12-24;8;5519
17;2025-12-24;9;3896
17;2025-12-24;10;3039
17;2025-12-24;11;3011
17;2025-12-24;12;3056
17;2025-12-24;13;3118
17;2025-12-24;14;3204
17;2025-12-24;15;3342
17;2025-12-24;16;3766
17;2025-12-24;17;4613
17;2025-12-24;18;4988
17;2025-12-24;19;3459
17;2025-12-24;20;2392
17;2025-12-24;21;1469
17;2025-12-24;22;764
17;2025-12-24;23;363
17;2025-12-25;0;117
17;2025-12-25;1;11
17;2025-12-25;2;0
17;2025-12-25;3;0
17;2025-12-25;4;28
17;2025-12-25;5;326
17;2025-12-25;6;1585
17;2025-12-25;7;4181
17;2025-12-25;8;5519
17;2025-12-25;9;3896
17;2025-12-25;10;3039
17;2025-12-25;11;3011
17;2025-12-25;12;3056
17;2025-12-25;13;3118
17;2025-12-25;14;3204
17;2025-12-25;15;3342
17;2025-12-25;16;3766
17;2025-12-25;17;4613
17;2025-12-25;18;4988
17;2025-12-25;19;3459
17;2025-12-25;20;2392
17;2025-12-25;21;1469
17;2025-12-25;22;764
17;2025-12-25;23;363
17;2025-12-26;0;139
17;2025-12-26;1;16
17;2025-12-26;2;0
17;2025-12-26;3;0
17;2025-12-26;4;26
17;2025-12-26;5;305
17;2025-12-26;6;1489
17;2025-12-26;7;3902
17;2025-12-26;8;5125
17;2025-12-26;9;3659
17;2025-12-26;10;2906
17;2025-12-26;11;2913
17;2025-12-26;12;2975
17;2025-12-26;13;3037
17;2025-12-26;14;3127
17;2025-12-26;15;3473
17;2025-12-26;16;4161
17;2025-12-26;17;4577
17;2025-12-26;18;4291
17;2025-12-26;19;3125
17;2025-12-26;20;2281
17;2025-12-26;21;1538
17;2025-12-26;22;832
17;2025-12-26;23;447
17;2025-12-27;0;203
17;2025-12-27;1;27
17;2025-12-27;2;0
17;2025-12-27;3;0
17;2025-12-27;4;5
17;2025-12-27;5;137
17;2025-12-27;6;577
17;2025-12-27;7;1230
17;2025-12-27;8;1787
17;2025-12-27;9;2299
17;2025-12-27;10;2552
17;2025-12-27;11;3101
17;2025-12-27;12;3490
17;2025-12-27;13;3700
17;2025-12-27;14;3766
17;2025-12-27;15;3749
17;2025-12-27;16;3776
17;2025-12-27;17;3530
17;2025-12-27;18;3145
17;2025-12-27;19;2542
17;2025-12-27;20;1953
17;2025-12-27;21;1426
17;2025-12-27;22;910
17;2025-12-27;23;466
17;2025-12-28;0;179
17;2025-12-28;1;25
17;2025-12-28;2;0
17;2025-12-28;3;0
17;2025-12-28;4;4
17;2025-12-28;5;106
17;2025-12-28;6;436
17;2025-12-28;7;789
17;2025-12-28;8;1237
17;2025-12-28;9;1690
17;2025-12-28;10;1988
17;2025-12-28;11;2527
17;2025-12-28;12;2935
17;2025-12-28;13;3215
17;2025-12-28;14;3278
17;2025-12-28;15;3262
17;2025-12-28;16;3169
17;2025-12-28;17;3015
17;2025-12-28;18;2620
17;2025-12-28;19;2113
17;2025-12-28;20;1596
17;2025-12-28;21;1138
17;2025-12-28;22;718
17;2025-12-28;23;316
17;2025-12-29;0;102
17;2025-12-29;1;10
17;2025-12-29;2;0
17;2025-12-29;3;0
17;2025-12-29;4;24
17;2025-12-29;5;286
17;2025-12-29;6;1388
17;2025-12-29;7;3662
17;2025-12-29;8;4834
17;2025-12-29;9;3412
17;2025-12-29;10;2661
17;2025-12-29;11;2637
17;2025-12-29;12;2677
17;2025-12-29;13;2731
17;2025-12-29;14;2806
17;2025-12-29;15;2928
17;2025-12-29;16;3299
17;2025-12-29;17;4040
17;2025-12-29;18;4369
17;2025-12-29;19;3030
17;2025-12-29;20;2095
17;2025-12-29;21;1287
17;2025-12-29;22;669
17;2025-12-29;23;318
17;2025-12-30;0;99
17;2025-12-30;1;10
17;2025-12-30;2;0
17;2025-12-30;3;0
17;2025-12-30;4;24
17;2025-12-30;5;277
17;2025-12-30;6;1347
17;2025-12-30;7;3554
17;2025-12-30;8;4692
17;2025-12-30;9;3312
17;2025-12-30;10;2583
17;2025-12-30;11;2559
17;2025-12-30;12;2598
17;2025-12-30;13;2650
17;2025-12-30;14;2723
17;2025-12-30;15;2841
17;2025-12-30;16;3201
17;2025-12-30;17;3921
17;2025-12-30;18;4240
17;2025-12-30;19;2940
17;2025-12-30;20;2034
17;2025-12-30;21;1249
17;2025-12-30;22;649
17;2025-12-30;23;308
17;2025-12-31;0;103
17;2025-12-31;1;14
17;2025-12-31;2;0
17;2025-12-31;3;0
17;2025-12-31;4;3
17;2025-12-31;5;70
17;2025-12-31;6;294
17;2025-12-31;7;627
17;2025-12-31;8;911
17;2025-12-31;9;1172
17;2025-12-31;10;1301
17;2025-12-31;11;1581
17;2025-12-31;12;1779
17;2025-12-31;13;1886
17;2025-12-31;14;1919
17;2025-12-31;15;1911
17;2025-12-31;16;1924
17;2025-12-31;17;1799
17;2025-12-31;18;1603
17;2025-12-31;19;1296
17;2025-12-31;20;100
17;2025-12-31;21;73
17;2025-12-31;22;46
17;2025-12-31;23;24
25;2025-11-01;0;0
25;2025-11-01;1;0
25;2025-11-01;2;0
25;2025-11-01;3;0
25;2025-11-01;4;0
25;2025-11-01;5;7
25;2025-11-01;6;185
25;2025-11-01;7;483
25;2025-11-01;8;766
25;2025-11-01;9;383
25;2025-11-01;10;335
25;2025-11-01;11;365
25;2025-11-01;12;366
25;2025-11-01;13;454
25;2025-11-01;14;417
25;2025-11-01;15;533
25;2025-11-01;16;705
25;2025-11-01;17;703
25;2025-11-01;18;595
25;2025-11-01;19;471
25;2025-11-01;20;285
25;2025-11-01;21;187
25;2025-11-01;22;118
25;2025-11-01;23;12
25;2025-11-02;0;17
25;2025-11-02;1;0
25;2025-11-02;2;0
25;2025-11-02;3;0
25;2025-11-02;4;0
25;2025-11-02;5;6
25;2025-11-02;6;80
25;2025-11-02;7;101
25;2025-11-02;8;197
25;2025-11-02;9;223
25;2025-11-02;10;226
25;2025-11-02;11;315
25;2025-11-02;12;370
25;2025-11-02;13;473
25;2025-11-02;14;529
25;2025-11-02;15;606
25;2025-11-02;16;530
25;2025-11-02;17;503
25;2025-11-02;18;416
25;2025-11-02;19;317
25;2025-11-02;20;224
25;2025-11-02;21;178
25;2025-11-02;22;104
25;2025-11-02;23;39
25;2025-11-03;0;10
25;2025-11-03;1;0
25;2025-11-03;2;0
25;2025-11-03;3;0
25;2025-11-03;4;0
25;2025-11-03;5;7
25;2025-11-03;6;75
25;2025-11-03;7;102
25;2025-11-03;8;214
25;2025-11-03;9;214
25;2025-11-03;10;222
25;2025-11-03;11;299
25;2025-11-03;12;340
25;2025-11-03;13;461
25;2025-11-03;14;489
25;2025-11-03;15;566
25;2025-11-03;16;510
25;2025-11-03;17;452
25;2025-11-03;18;387
25;2025-11-03;19;316
25;2025-11-03;20;207
25;2025-11-03;21;166
25;2025-11-03;22;101
25;2025-11-03;23;40
25;2025-11-04;0;10
25;2025-11-04;1;0
25;2025-11-04;2;0
25;2025-11-04;3;0
25;2025-11-04;4;0
25;2025-11-04;5;7
25;2025-11-04;6;75
25;2025-11-04;7;102
25;2025-11-04;8;214
25;2025-11-04;9;214
25;2025-11-04;10;222
25;2025-11-04;11;299
25;2025-11-04;12;340
25;2025-11-04;13;461
25;2025-11-04;14;489
25;2025-11-04;15;566
25;2025-11-04;16;510
25;2025-11-04;17;452
25;2025-11-04;18;387
25;2025-11-04;19;316
25;2025-11-04;20;207
25;2025-11-04;21;166
25;2025-11-04;22;101
25;2025-11-04;23;40
25;2025-11-05;0;4
25;2025-11-05;1;0
25;2025-11-05;2;0
25;2025-11-05;3;0
25;2025-11-05;4;0
25;2025-11-05;5;11
25;2025-11-05;6;224
25;2025-11-05;7;577
25;2025-11-05;8;964
25;2025-11-05;9;500
25;2025-11-05;10;383
25;2025-11-05;11;433
25;2025-11-05;12;425
25;2025-11-05;13;531
25;2025-11-05;14;464
25;2025-11-05;15;550
25;2025-11-05;16;721
25;2025-11-05;17;808
25;2025-11-05;18;843
25;2025-11-05;19;570
25;2025-11-05;20;324
25;2025-11-05;21;215
25;2025-11-05;22;117
25;2025-11-05;23;9
25;2025-11-06;0;4
25;2025-11-06;1;0
25;2025-11-06;2;0
25;2025-11-06;3;0
25;2025-11-06;4;0
25;2025-11-06;5;11
25;2025-11-06;6;224
25;2025-11-06;7;577
25;2025-11-06;8;964
25;2025-11-06;9;500
25;2025-11-06;10;383
25;2025-11-06;11;433
25;2025-11-06;12;425
25;2025-11-06;13;531
25;2025-11-06;14;464
25;2025-11-06;15;550
25;2025-11-06;16;721
25;2025-11-06;17;808
25;2025-11-06;18;843
25;2025-11-06;19;570
25;2025-11-06;20;324
25;2025-11-06;21;215
25;2025-11-06;22;117
25;2025-11-06;23;9
25;2025-11-07;0;1
25;2025-11-07;1;0
25;2025-11-07;2;0
25;2025-11-07;3;0
25;2025-11-07;4;0
25;2025-11-07;5;8
25;2025-11-07;6;210
25;2025-11-07;7;549
25;2025-11-07;8;871
25;2025-11-07;9;435
25;2025-11-07;10;381
25;2025-11-07;11;414
25;2025-11-07;12;416
25;2025-11-07;13;516
25;2025-11-07;14;474
25;2025-11-07;15;606
25;2025-11-07;16;801
25;2025-11-07;17;799
25;2025-11-07;18;677
25;2025-11-07;19;535
25;2025-11-07;20;324
25;2025-11-07;21;213
25;2025-11-07;22;134
25;2025-11-07;23;13
25;2025-11-08;0;4
25;2025-11-08;1;0
25;2025-11-08;2;0
25;2025-11-08;3;0
25;2025-11-08;4;0
25;2025-11-08;5;10
25;2025-11-08;6;95
25;2025-11-08;7;138
25;2025-11-08;8;307
25;2025-11-08;9;276
25;2025-11-08;10;291
25;2025-11-08;11;381
25;2025-11-08;12;418
25;2025-11-08;13;600
25;2025-11-08;14;606
25;2025-11-08;15;709
25;2025-11-08;16;657
25;2025-11-08;17;542
25;2025-11-08;18;482
25;2025-11-08;19;420
25;2025-11-08;20;258
25;2025-11-08;21;209
25;2025-11-08;22;132
25;2025-11-08;23;54
25;2025-11-09;0;17
25;2025-11-09;1;0
25;2025-11-09;2;0
25;2025-11-09;3;0
25;2025-11-09;4;0
25;2025-11-09;5;6
25;2025-11-09;6;80
25;2025-11-09;7;101
25;2025-11-09;8;197
25;2025-11-09;9;223
25;2025-11-09;10;226
25;2025-11-09;11;315
25;2025-11-09;12;370
25;2025-11-09;13;473
25;2025-11-09;14;529
25;2025-11-09;15;606
25;2025-11-09;16;530
25;2025-11-09;17;503
25;2025-11-09;18;416
25;2025-11-09;19;317
25;2025-11-09;20;224
25;2025-11-09;21;178
25;2025-11-09;22;104
25;2025-11-09;23;39
25;2025-11-10;0;3
25;2025-11-10;1;0
25;2025-11-10;2;0
25;2025-11-10;3;0
25;2025-11-10;4;0
25;2025-11-10;5;11
25;2025-11-10;6;218
25;2025-11-10;7;562
25;2025-11-10;8;938
25;2025-11-10;9;486
25;2025-11-10;10;372
25;2025-11-10;11;422
25;2025-11-10;12;414
25;2025-11-10;13;517
25;2025-11-10;14;451
25;2025-11-10;15;536
25;2025-11-10;16;702
25;2025-11-10;17;786
25;2025-11-10;18;820
25;2025-11-10;19;554
25;2025-11-10;20;315
25;2025-11-10;21;209
25;2025-11-10;22;114
25;2025-11-10;23;9
25;2025-11-11;0;4
25;2025-11-11;1;0
25;2025-11-11;2;0
25;2025-11-11;3;0
25;2025-11-11;4;0
25;2025-11-11;5;11
25;2025-11-11;6;224
25;2025-11-11;7;577
25;2025-11-11;8;964
25;2025-11-11;9;500
25;2025-11-11;10;383
25;2025-11-11;11;433
25;2025-11-11;12;425
25;2025-11-11;13;531
25;2025-11-11;14;464
25;2025-11-11;15;550
25;2025-11-11;16;721
25;2025-11-11;17;808
25;2025-11-11;18;843
25;2025-11-11;19;570
25;2025-11-11;20;324
25;2025-11-11;21;215
25;2025-11-11;22;117
25;2025-11-11;23;9
25;2025-11-12;0;4
25;2025-11-12;1;0
25;2025-11-12;2;0
25;2025-11-12;3;0
25;2025-11-12;4;0
25;2025-11-12;5;11
25;2025-11-12;6;224
25;2025-11-12;7;577
25;2025-11-12;8;964
25;2025-11-12;9;500
25;2025-11-12;10;383
25;2025-11-12;11;433
25;2025-11-12;12;425
25;2025-11-12;13;531
25;2025-11-12;14;464
25;2025-11-12;15;550
25;2025-11-12;16;721
25;2025-11-12;17;808
25;2025-11-12;18;843
25;2025-11-12;19;570
25;2025-11-12;20;324
25;2025-11-12;21;215
25;2025-11-12;22;117
25;2025-11-12;23;9
25;2025-11-13;0;4
25;2025-11-13;1;0
25;2025-11-13;2;0
25;2025-11-13;3;0
25;2025-11-13;4;0
25;2025-11-13;5;11
25;2025-11-13;6;224
25;2025-11-13;7;577
25;2025-11-13;8;964
25;2025-11-13;9;500
25;2025-11-13;10;383
25;2025-11-13;11;433
25;2025-11-13;12;425
25;2025-11-13;13;531
25;2025-11-13;14;464
25;2025-11-13;15;550
25;2025-11-13;16;721
25;2025-11-13;17;808
25;2025-11-13;18;843
25;2025-11-13;19;570
25;2025-11-13;20;324
25;2025-11-13;21;215
25;2025-11-13;22;117
25;2025-11-13;23;9
25;2025-11-14;0;1
25;2025-11-14;1;0
25;2025-11-14;2;0
25;2025-11-14;3;0
25;2025-11-14;4;0
25;2025-11-14;5;8
25;2025-11-14;6;210
25;2025-11-14;7;549
25;2025-11-14;8;871
25;2025-11-14;9;435
25;2025-11-14;10;381
25;2025-11-14;11;414
25;2025-11-14;12;416
25;2025-11-14;13;516
25;2025-11-14;14;474
25;2025-11-14;15;606
25;2025-11-14;16;801
25;2025-11-14;17;799
25;2025-11-14;18;677
25;2025-11-14;19;535
25;2025-11-14;20;324
25;2025-11-14;21;213
25;2025-11-14;22;134
25;2025-11-14;23;13
25;2025-11-15;0;4
25;2025-11-15;1;0
25;2025-11-15;2;0
25;2025-11-15;3;0
25;2025-11-15;4;0
25;2025-11-15;5;10
25;2025-11-15;6;95
25;2025-11-15;7;138
25;2025-11-15;8;307
25;2025-11-15;9;276
25;2025-11-15;10;291
25;2025-11-15;11;381
25;2025-11-15;12;418
25;2025-11-15;13;600
25;2025-11-15;14;606
25;2025-11-15;15;709
25;2025-11-15;16;657
25;2025-11-15;17;542
25;2025-11-15;18;482
25;2025-11-15;19;420
25;2025-11-15;20;258
25;2025-11-15;21;209
25;2025-11-15;22;132
25;2025-11-15;23;54
25;2025-11-16;0;17
25;2025-11-16;1;0
25;2025-11-16;2;0
25;2025-11-16;3;0
25;2025-11-16;4;0
25;2025-11-16;5;6
25;2025-11-16;6;80
25;2025-11-16;7;101
25;2025-11-16;8;197
25;2025-11-16;9;223
25;2025-11-16;10;226
25;2025-11-16;11;315
25;2025-11-16;12;370
25;2025-11-16;13;473
25;2025-11-16;14;529
25;2025-11-16;15;606
25;2025-11-16;16;530
25;2025-11-16;17;503
25;2025-11-16;18;416
25;2025-11-16;19;317
25;2025-11-16;20;224
25;2025-11-16;21;178
25;2025-11-16;22;104
25;2025-11-16;23;39
25;2025-11-17;0;3
25;2025-11-17;1;0
25;2025-11-17;2;0
25;2025-11-17;3;0
25;2025-11-17;4;0
25;2025-11-17;5;11
25;2025-11-17;6;218
25;2025-11-17;7;562
25;2025-11-17;8;938
25;2025-11-17;9;486
25;2025-11-17;10;372
25;2025-11-17;11;422
25;2025-11-17;12;414
25;2025-11-17;13;517
25;2025-11-17;14;451
25;2025-11-17;15;536
25;2025-11-17;16;702
25;2025-11-17;17;786
25;2025-11-17;18;820
25;2025-11-17;19;554
25;2025-11-17;20;315
25;2025-11-17;21;209
25;2025-11-17;22;114
25;2025-11-17;23;9
25;2025-11-18;0;4
25;2025-11-18;1;0
25;2025-11-18;2;0
25;2025-11-18;3;0
25;2025-11-18;4;0
25;2025-11-18;5;11
25;2025-11-18;6;224
25;2025-11-18;7;577
25;2025-11-18;8;964
25;2025-11-18;9;500
25;2025-11-18;10;383
25;2025-11-18;11;433
25;2025-11-18;12;425
25;2025-11-18;13;531
25;2025-11-18;14;464
25;2025-11-18;15;550
25;2025-11-18;16;721
25;2025-11-18;17;808
25;2025-11-18;18;843
25;2025-11-18;19;570
25;2025-11-18;20;324
25;2025-11-18;21;215
25;2025-11-18;22;117
25;2025-11-18;23;9
25;2025-11-19;0;4
25;2025-11-19;1;0
25;2025-11-19;2;0
25;2025-11-19;3;0
25;2025-11-19;4;0
25;2025-11-19;5;11
25;2025-11-19;6;224
25;2025-11-19;7;577
25;2025-11-19;8;964
25;2025-11-19;9;500
25;2025-11-19;10;383
25;2025-11-19;11;433
25;2025-11-19;12;425
25;2025-11-19;13;531
25;2025-11-19;14;464
25;2025-11-19;15;550
25;2025-11-19;16;721
25;2025-11-19;17;808
25;2025-11-19;18;843
25;2025-11-19;19;570
25;2025-11-19;20;324
25;2025-11-19;21;215
25;2025-11-19;22;117
25;2025-11-19;23;9
25;2025-11-20;0;4
25;2025-11-20;1;0
25;2025-11-20;2;0
25;2025-11-20;3;0
25;2025-11-20;4;0
25;2025-11-20;5;11
25;2025-11-20;6;224
25;2025-11-20;7;577
25;2025-11-20;8;964
25;2025-11-20;9;500
25;2025-11-20;10;383
25;2025-11-20;11;433
25;2025-11-20;12;425
25;2025-11-20;13;531
25;2025-11-20;14;464
25;2025-11-20;15;550
25;2025-11-20;16;721
25;2025-11-20;17;808
25;2025-11-20;18;843
25;2025-11-20;19;570
25;2025-11-20;20;324
25;2025-11-20;21;215
25;2025-11-20;22;117
25;2025-11-20;23;9
25;2025-11-21;0;1
25;2025-11-21;1;0
25;2025-11-21;2;0
25;2025-11-21;3;0
25;2025-11-21;4;0
25;2025-11-21;5;8
25;2025-11-21;6;210
25;2025-11-21;7;549
25;2025-11-21;8;871
25;2025-11-21;9;435
25;2025-11-21;10;381
25;2025-11-21;11;414
25;2025-11-21;12;416
25;2025-11-21;13;516
25;2025-11-21;14;474
25;2025-11-21;15;606
25;2025-11-21;16;801
25;2025-11-21;17;799
25;2025-11-21;18;677
25;2025-11-21;19;535
25;2025-11-21;20;324
25;2025-11-21;21;213
25;2025-11-21;22;134
25;2025-11-21;23;13
25;2025-11-22;0;4
25;2025-11-22;1;0
25;2025-11-22;2;0
25;2025-11-22;3;0
25;2025-11-22;4;0
25;2025-11-22;5;10
25;2025-11-22;6;95
25;2025-11-22;7;138
25;2025-11-22;8;307
25;2025-11-22;9;276
25;2025-11-22;10;291
25;2025-11-22;11;381
25;2025-11-22;12;418
25;2025-11-22;13;600
25;2025-11-22;14;606
25;2025-11-22;15;709
25;2025-11-22;16;657
25;2025-11-22;17;542
25;2025-11-22;18;482
25;2025-11-22;19;420
25;2025-11-22;20;258
25;2025-11-22;21;209
25;2025-11-22;22;132
25;2025-11-22;23;54
25;2025-11-23;0;17
25;2025-11-23;1;0
25;2025-11-23;2;0
25;2025-11-23;3;0
25;2025-11-23;4;0
25;2025-11-23;5;6
25;2025-11-23;6;80
25;2025-11-23;7;101
25;2025-11-23;8;197
25;2025-11-23;9;223
25;2025-11-23;10;226
25;2025-11-23;11;315
25;2025-11-23;12;370
25;2025-11-23;13;473
25;2025-11-23;14;529
25;2025-11-23;15;606
25;2025-11-23;16;530
25;2025-11-23;17;503
25;2025-11-23;18;416
25;2025-11-23;19;317
25;2025-11-23;20;224
25;2025-11-23;21;178
25;2025-11-23;22;104
25;2025-11-23;23;39
25;2025-11-24;0;3
25;2025-11-24;1;0
25;2025-11-24;2;0
25;2025-11-24;3;0
25;2025-11-24;4;0
25;2025-11-24;5;11
25;2025-11-24;6;218
25;2025-11-24;7;562
25;2025-11-24;8;938
25;2025-11-24;9;486
25;2025-11-24;10;372
25;2025-11-24;11;422
25;2025-11-24;12;414
25;2025-11-24;13;517
25;2025-11-24;14;451
25;2025-11-24;15;536
25;2025-11-24;16;702
25;2025-11-24;17;786
25;2025-11-24;18;820
25;2025-11-24;19;554
25;2025-11-24;20;315
25;2025-11-24;21;209
25;2025-11-24;22;114
25;2025-11-24;23;9
25;2025-11-25;0;4
25;2025-11-25;1;0
25;2025-11-25;2;0
25;2025-11-25;3;0
25;2025-11-25;4;0
25;2025-11-25;5;11
25;2025-11-25;6;224
25;2025-11-25;7;577
25;2025-11-25;8;964
25;2025-11-25;9;500
25;2025-11-25;10;383
25;2025-11-25;11;433
25;2025-11-25;12;425
25;2025-11-25;13;531
25;2025-11-25;14;464
25;2025-11-25;15;550
25;2025-11-25;16;721
25;2025-11-25;17;808
25;2025-11-25;18;843
25;2025-11-25;19;570
25;2025-11-25;20;324
25;2025-11-25;21;215
25;2025-11-25;22;117
25;2025-11-25;23;9
25;2025-11-26;0;4
25;2025-11-26;1;0
25;2025-11-26;2;0
25;2025-11-26;3;0
25;2025-11-26;4;0
25;2025-11-26;5;11
25;2025-11-26;6;224
25;2025-11-26;7;577
25;2025-11-26;8;964
25;2025-11-26;9;500
25;2025-11-26;10;383
25;2025-11-26;11;433
25;2025-11-26;12;425
25;2025-11-26;13;531
25;2025-11-26;14;464
25;2025-11-26;15;550
25;2025-11-26;16;721
25;2025-11-26;17;808
25;2025-11-26;18;843
25;2025-11-26;19;570
25;2025-11-26;20;324
25;2025-11-26;21;215
25;2025-11-26;22;117
25;2025-11-26;23;9
25;2025-11-27;0;4
25;2025-11-27;1;0
25;2025-11-27;2;0
25;2025-11-27;3;0
25;2025-11-27;4;0
25;2025-11-27;5;11
25;2025-11-27;6;224
25;2025-11-27;7;577
25;2025-11-27;8;964
25;2025-11-27;9;500
25;2025-11-27;10;383
25;2025-11-27;11;433
25;2025-11-27;12;425
25;2025-11-27;13;531
25;2025-11-27;14;464
25;2025-11-27;15;550
25;2025-11-27;16;721
25;2025-11-27;17;808
25;2025-11-27;18;843
25;2025-11-27;19;570
25;2025-11-27;20;324
25;2025-11-27;21;215
25;2025-11-27;22;117
25;2025-11-27;23;9
25;2025-11-28;0;1
25;2025-11-28;1;0
25;2025-11-28;2;0
25;2025-11-28;3;0
25;2025-11-28;4;0
25;2025-11-28;5;8
25;2025-11-28;6;210
25;2025-11-28;7;549
25;2025-11-28;8;871
25;2025-11-28;9;435
25;2025-11-28;10;381
25;2025-11-28;11;414
25;2025-11-28;12;416
25;2025-11-28;13;516
25;2025-11-28;14;474
25;2025-11-28;15;606
25;2025-11-28;16;801
25;2025-11-28;17;799
25;2025-11-28;18;677
25;2025-11-28;19;535
25;2025-11-28;20;324
25;2025-11-28;21;213
25;2025-11-28;22;134
25;2025-11-28;23;13
25;2025-11-29;0;4
25;2025-11-29;1;0
25;2025-11-29;2;0
25;2025-11-29;3;0
25;2025-11-29;4;0
25;2025-11-29;5;10
25;2025-11-29;6;95
25;2025-11-29;7;138
25;2025-11-29;8;307
25;2025-11-29;9;276
25;2025-11-29;10;291
25;2025-11-29;11;381
25;2025-11-29;12;418
25;2025-11-29;13;600
25;2025-11-29;14;606
25;2025-11-29;15;709
25;2025-11-29;16;657
25;2025-11-29;17;542
25;2025-11-29;18;482
25;2025-11-29;19;420
25;2025-11-29;20;258
25;2025-11-29;21;209
25;2025-11-29;22;132
25;2025-11-29;23;54
25;2025-11-30;0;17
25;2025-11-30;1;0
25;2025-11-30;2;0
25;2025-11-30;3;0
25;2025-11-30;4;0
25;2025-11-30;5;6
25;2025-11-30;6;80
25;2025-11-30;7;101
25;2025-11-30;8;197
25;2025-11-30;9;223
25;2025-11-30;10;226
25;2025-11-30;11;315
25;2025-11-30;12;370
25;2025-11-30;13;473
25;2025-11-30;14;529
25;2025-11-30;15;606
25;2025-11-30;16;530
25;2025-11-30;17;503
25;2025-11-30;18;416
25;2025-11-30;19;317
25;2025-11-30;20;224
25;2025-11-30;21;178
25;2025-11-30;22;104
25;2025-11-30;23;39
25;2025-12-01;0;3
25;2025-12-01;1;0
25;2025-12-01;2;0
25;2025-12-01;3;0
25;2025-12-01;4;0
25;2025-12-01;5;9
25;2025-12-01;6;209
25;2025-12-01;7;569
25;2025-12-01;8;945
25;2025-12-01;9;489
25;2025-12-01;10;372
25;2025-12-01;11;419
25;2025-12-01;12;411
25;2025-12-01;13;512
25;2025-12-01;14;450
25;2025-12-01;15;532
25;2025-12-01;16;707
25;2025-12-01;17;788
25;2025-12-01;18;829
25;2025-12-01;19;544
25;2025-12-01;20;316
25;2025-12-01;21;206
25;2025-12-01;22;119
25;2025-12-01;23;9
25;2025-12-02;0;4
25;2025-12-02;1;0
25;2025-12-02;2;0
25;2025-12-02;3;0
25;2025-12-02;4;0
25;2025-12-02;5;10
25;2025-12-02;6;214
25;2025-12-02;7;585
25;2025-12-02;8;971
25;2025-12-02;9;503
25;2025-12-02;10;382
25;2025-12-02;11;430
25;2025-12-02;12;423
25;2025-12-02;13;526
25;2025-12-02;14;463
25;2025-12-02;15;546
25;2025-12-02;16;727
25;2025-12-02;17;810
25;2025-12-02;18;852
25;2025-12-02;19;559
25;2025-12-02;20;324
25;2025-12-02;21;212
25;2025-12-02;22;123
25;2025-12-02;23;9
25;2025-12-03;0;4
25;2025-12-03;1;0
25;2025-12-03;2;0
25;2025-12-03;3;0
25;2025-12-03;4;0
25;2025-12-03;5;10
25;2025-12-03;6;214
25;2025-12-03;7;585
25;2025-12-03;8;971
25;2025-12-03;9;503
25;2025-12-03;10;382
25;2025-12-03;11;430
25;2025-12-03;12;423
25;2025-12-03;13;526
25;2025-12-03;14;463
25;2025-12-03;15;546
25;2025-12-03;16;727
25;2025-12-03;17;810
25;2025-12-03;18;852
25;2025-12-03;19;559
25;2025-12-03;20;324
25;2025-12-03;21;212
25;2025-12-03;22;123
25;2025-12-03;23;9
25;2025-12-04;0;4
25;2025-12-04;1;0
25;2025-12-04;2;0
25;2025-12-04;3;0
25;2025-12-04;4;0
25;2025-12-04;5;10
25;2025-12-04;6;214
25;2025-12-04;7;585
25;2025-12-04;8;971
25;2025-12-04;9;503
25;2025-12-04;10;382
25;2025-12-04;11;430
25;2025-12-04;12;423
25;2025-12-04;13;526
25;2025-12-04;14;463
25;2025-12-04;15;546
25;2025-12-04;16;727
25;2025-12-04;17;810
25;2025-12-04;18;852
25;2025-12-04;19;559
25;2025-12-04;20;324
25;2025-12-04;21;212
25;2025-12-04;22;123
25;2025-12-04;23;9
25;2025-12-05;0;1
25;2025-12-05;1;0
25;2025-12-05;2;0
25;2025-12-05;3;0
25;2025-12-05;4;0
25;2025-12-05;5;7
25;2025-12-05;6;199
25;2025-12-05;7;551
25;2025-12-05;8;879
25;2025-12-05;9;438
25;2025-12-05;10;380
25;2025-12-05;11;412
25;2025-12-05;12;418
25;2025-12-05;13;512
25;2025-12-05;14;479
25;2025-12-05;15;604
25;2025-12-05;16;803
25;2025-12-05;17;808
25;2025-12-05;18;678
25;2025-12-05;19;519
25;2025-12-05;20;324
25;2025-12-05;21;213
25;2025-12-05;22;140
25;2025-12-05;23;13
25;2025-12-06;0;4
25;2025-12-06;1;0
25;2025-12-06;2;0
25;2025-12-06;3;0
25;2025-12-06;4;0
25;2025-12-06;5;8
25;2025-12-06;6;86
25;2025-12-06;7;138
25;2025-12-06;8;305
25;2025-12-06;9;274
25;2025-12-06;10;290
25;2025-12-06;11;379
25;2025-12-06;12;418
25;2025-12-06;13;584
25;2025-12-06;14;591
25;2025-12-06;15;690
25;2025-12-06;16;639
25;2025-12-06;17;529
25;2025-12-06;18;471
25;2025-12-06;19;413
25;2025-12-06;20;257
25;2025-12-06;21;210
25;2025-12-06;22;135
25;2025-12-06;23;55
25;2025-12-07;0;17
25;2025-12-07;1;0
25;2025-12-07;2;0
25;2025-12-07;3;0
25;2025-12-07;4;0
25;2025-12-07;5;5
25;2025-12-07;6;74
25;2025-12-07;7;100
25;2025-12-07;8;197
25;2025-12-07;9;223
25;2025-12-07;10;227
25;2025-12-07;11;314
25;2025-12-07;12;367
25;2025-12-07;13;468
25;2025-12-07;14;517
25;2025-12-07;15;592
25;2025-12-07;16;521
25;2025-12-07;17;489
25;2025-12-07;18;411
25;2025-12-07;19;321
25;2025-12-07;20;222
25;2025-12-07;21;183
25;2025-12-07;22;106
25;2025-12-07;23;40
25;2025-12-08;0;3
25;2025-12-08;1;0
25;2025-12-08;2;0
25;2025-12-08;3;0
25;2025-12-08;4;0
25;2025-12-08;5;9
25;2025-12-08;6;209
25;2025-12-08;7;569
25;2025-12-08;8;945
25;2025-12-08;9;489
25;2025-12-08;10;372
25;2025-12-08;11;419
25;2025-12-08;12;411
25;2025-12-08;13;512
25;2025-12-08;14;450
25;2025-12-08;15;532
25;2025-12-08;16;707
25;2025-12-08;17;788
25;2025-12-08;18;829
25;2025-12-08;19;544
25;2025-12-08;20;316
25;2025-12-08;21;206
25;2025-12-08;22;119
25;2025-12-08;23;9
25;2025-12-09;0;4
25;2025-12-09;1;0
25;2025-12-09;2;0
25;2025-12-09;3;0
25;2025-12-09;4;0
25;2025-12-09;5;10
25;2025-12-09;6;214
25;2025-12-09;7;585
25;2025-12-09;8;971
25;2025-12-09;9;503
25;2025-12-09;10;382
25;2025-12-09;11;430
25;2025-12-09;12;423
25;2025-12-09;13;526
25;2025-12-09;14;463
25;2025-12-09;15;546
25;2025-12-09;16;727
25;2025-12-09;17;810
25;2025-12-09;18;852
25;2025-12-09;19;559
25;2025-12-09;20;324
25;2025-12-09;21;212
25;2025-12-09;22;123
25;2025-12-09;23;9
25;2025-12-10;0;4
25;2025-12-10;1;0
25;2025-12-10;2;0
25;2025-12-10;3;0
25;2025-12-10;4;0
25;2025-12-10;5;10
25;2025-12-10;6;214
25;2025-12-10;7;585
25;2025-12-10;8;971
25;2025-12-10;9;503
25;2025-12-10;10;382
25;2025-12-10;11;430
25;2025-12-10;12;423
25;2025-12-10;13;526
25;2025-12-10;14;463
25;2025-12-10;15;546
25;2025-12-10;16;727
25;2025-12-10;17;810
25;2025-12-10;18;852
25;2025-12-10;19;559
25;2025-12-10;20;324
25;2025-12-10;21;212
25;2025-12-10;22;123
25;2025-12-10;23;9
25;2025-12-11;0;4
25;2025-12-11;1;0
25;2025-12-11;2;0
25;2025-12-11;3;0
25;2025-12-11;4;0
25;2025-12-11;5;10
25;2025-12-11;6;214
25;2025-12-11;7;585
25;2025-12-11;8;971
25;2025-12-11;9;503
25;2025-12-11;10;382
25;2025-12-11;11;430
25;2025-12-11;12;423
25;2025-12-11;13;526
25;2025-12-11;14;463
25;2025-12-11;15;546
25;2025-12-11;16;727
25;2025-12-11;17;810
25;2025-12-11;18;852
25;2025-12-11;19;559
25;2025-12-11;20;324
25;2025-12-11;21;212
25;2025-12-11;22;123
25;2025-12-11;23;9
25;2025-12-12;0;1
25;2025-12-12;1;0
25;2025-12-12;2;0
25;2025-12-12;3;0
25;2025-12-12;4;0
25;2025-12-12;5;7
25;2025-12-12;6;199
25;2025-12-12;7;551
25;2025-12-12;8;879
25;2025-12-12;9;438
25;2025-12-12;10;380
25;2025-12-12;11;412
25;2025-12-12;12;418
25;2025-12-12;13;512
25;2025-12-12;14;479
25;2025-12-12;15;604
25;2025-12-12;16;803
25;2025-12-12;17;808
25;2025-12-12;18;678
25;2025-12-12;19;519
25;2025-12-12;20;324
25;2025-12-12;21;213
25;2025-12-12;22;140
25;2025-12-12;23;13
25;2025-12-13;0;4
25;2025-12-13;1;0
25;2025-12-13;2;0
25;2025-12-13;3;0
25;2025-12-13;4;0
25;2025-12-13;5;8
25;2025-12-13;6;86
25;2025-12-13;7;138
25;2025-12-13;8;305
25;2025-12-13;9;274
25;2025-12-13;10;290
25;2025-12-13;11;379
25;2025-12-13;12;418
25;2025-12-13;13;584
25;2025-12-13;14;591
25;2025-12-13;15;690
25;2025-12-13;16;639
25;2025-12-13;17;529
25;2025-12-13;18;471
25;2025-12-13;19;413
25;2025-12-13;20;257
25;2025-12-13;21;210
25;2025-12-13;22;135
25;2025-12-13;23;55
25;2025-12-14;0;17
25;2025-12-14;1;0
25;2025-12-14;2;0
25;2025-12-14;3;0
25;2025-12-14;4;0
25;2025-12-14;5;5
25;2025-12-14;6;74
25;2025-12-14;7;100
25;2025-12-14;8;197
25;2025-12-14;9;223
25;2025-12-14;10;227
25;2025-12-14;11;314
25;2025-12-14;12;367
25;2025-12-14;13;468
25;2025-12-14;14;517
25;2025-12-14;15;592
25;2025-12-14;16;521
25;2025-12-14;17;489
25;2025-12-14;18;411
25;2025-12-14;19;321
25;2025-12-14;20;222
25;2025-12-14;21;183
25;2025-12-14;22;106
25;2025-12-14;23;40
25;2025-12-15;0;3
25;2025-12-15;1;0
25;2025-12-15;2;0
25;2025-12-15;3;0
25;2025-12-15;4;0
25;2025-12-15;5;9
25;2025-12-15;6;209
25;2025-12-15;7;569
25;2025-12-15;8;945
25;2025-12-15;9;489
25;2025-12-15;10;372
25;2025-12-15;11;419
25;2025-12-15;12;411
25;2025-12-15;13;512
25;2025-12-15;14;450
25;2025-12-15;15;532
25;2025-12-15;16;707
25;2025-12-15;17;788
25;2025-12-15;18;829
25;2025-12-15;19;544
25;2025-12-15;20;316
25;2025-12-15;21;206
25;2025-12-15;22;119
25;2025-12-15;23;9
25;2025-12-16;0;4
25;2025-12-16;1;0
25;2025-12-16;2;0
25;2025-12-16;3;0
25;2025-12-16;4;0
25;2025-12-16;5;10
25;2025-12-16;6;214
25;2025-12-16;7;585
25;2025-12-16;8;971
25;2025-12-16;9;503
25;2025-12-16;10;382
25;2025-12-16;11;430
25;2025-12-16;12;423
25;2025-12-16;13;526
25;2025-12-16;14;463
25;2025-12-16;15;546
25;2025-12-16;16;727
25;2025-12-16;17;810
25;2025-12-16;18;852
25;2025-12-16;19;559
25;2025-12-16;20;324
25;2025-12-16;21;212
25;2025-12-16;22;123
25;2025-12-16;23;9
25;2025-12-17;0;4
25;2025-12-17;1;0
25;2025-12-17;2;0
25;2025-12-17;3;0
25;2025-12-17;4;0
25;2025-12-17;5;10
25;2025-12-17;6;214
25;2025-12-17;7;585
25;2025-12-17;8;971
25;2025-12-17;9;503
25;2025-12-17;10;382
25;2025-12-17;11;430
25;2025-12-17;12;423
25;2025-12-17;13;526
25;2025-12-17;14;463
25;2025-12-17;15;546
25;2025-12-17;16;727
25;2025-12-17;17;810
25;2025-12-17;18;852
25;2025-12-17;19;559
25;2025-12-17;20;324
25;2025-12-17;21;212
25;2025-12-17;22;123
25;2025-12-17;23;9
25;2025-12-18;0;4
25;2025-12-18;1;0
25;2025-12-18;2;0
25;2025-12-18;3;0
25;2025-12-18;4;0
25;2025-12-18;5;10
25;2025-12-18;6;214
25;2025-12-18;7;585
25;2025-12-18;8;971
25;2025-12-18;9;503
25;2025-12-18;10;382
25;2025-12-18;11;430
25;2025-12-18;12;423
25;2025-12-18;13;526
25;2025-12-18;14;463
25;2025-12-18;15;546
25;2025-12-18;16;727
25;2025-12-18;17;810
25;2025-12-18;18;852
25;2025-12-18;19;559
25;2025-12-18;20;324
25;2025-12-18;21;212
25;2025-12-18;22;123
25;2025-12-18;23;9
25;2025-12-19;0;1
25;2025-12-19;1;0
25;2025-12-19;2;0
25;2025-12-19;3;0
25;2025-12-19;4;0
25;2025-12-19;5;7
25;2025-12-19;6;199
25;2025-12-19;7;551
25;2025-12-19;8;879
25;2025-12-19;9;438
25;2025-12-19;10;380
25;2025-12-19;11;412
25;2025-12-19;12;418
25;2025-12-19;13;512
25;2025-12-19;14;479
25;2025-12-19;15;604
25;2025-12-19;16;803
25;2025-12-19;17;808
25;2025-12-19;18;678
25;2025-12-19;19;519
25;2025-12-19;20;324
25;2025-12-19;21;213
25;2025-12-19;22;140
25;2025-12-19;23;13
25;2025-12-20;0;4
25;2025-12-20;1;0
25;2025-12-20;2;0
25;2025-12-20;3;0
25;2025-12-20;4;0
25;2025-12-20;5;8
25;2025-12-20;6;86
25;2025-12-20;7;138
25;2025-12-20;8;305
25;2025-12-20;9;274
25;2025-12-20;10;290
25;2025-12-20;11;379
25;2025-12-20;12;418
25;2025-12-20;13;584
25;2025-12-20;14;591
25;2025-12-20;15;690
25;2025-12-20;16;639
25;2025-12-20;17;529
25;2025-12-20;18;471
25;2025-12-20;19;413
25;2025-12-20;20;257
25;2025-12-20;21;210
25;2025-12-20;22;135
25;2025-12-20;23;55
25;2025-12-21;0;17
25;2025-12-21;1;0
25;2025-12-21;2;0
25;2025-12-21;3;0
25;2025-12-21;4;0
25;2025-12-21;5;5
25;2025-12-21;6;74
25;2025-12-21;7;100
25;2025-12-21;8;197
25;2025-12-21;9;223
25;2025-12-21;10;227
25;2025-12-21;11;314
25;2025-12-21;12;367
25;2025-12-21;13;468
25;2025-12-21;14;517
25;2025-12-21;15;592
25;2025-12-21;16;521
25;2025-12-21;17;489
25;2025-12-21;18;411
25;2025-12-21;19;321
25;2025-12-21;20;222
25;2025-12-21;21;183
25;2025-12-21;22;106
25;2025-12-21;23;40
25;2025-12-22;0;3
25;2025-12-22;1;0
25;2025-12-22;2;0
25;2025-12-22;3;0
25;2025-12-22;4;0
25;2025-12-22;5;9
25;2025-12-22;6;209
25;2025-12-22;7;569
25;2025-12-22;8;945
25;2025-12-22;9;489
25;2025-12-22;10;372
25;2025-12-22;11;419
25;2025-12-22;12;411
25;2025-12-22;13;512
25;2025-12-22;14;450
25;2025-12-22;15;532
25;2025-12-22;16;707
25;2025-12-22;17;788
25;2025-12-22;18;829
25;2025-12-22;19;544
25;2025-12-22;20;316
25;2025-12-22;21;206
25;2025-12-22;22;119
25;2025-12-22;23;9
25;2025-12-23;0;4
25;2025-12-23;1;0
25;2025-12-23;2;0
25;2025-12-23;3;0
25;2025-12-23;4;0
25;2025-12-23;5;10
25;2025-12-23;6;214
25;2025-12-23;7;585
25;2025-12-23;8;971
25;2025-12-23;9;503
25;2025-12-23;10;382
25;2025-12-23;11;430
25;2025-12-23;12;423
25;2025-12-23;13;526
25;2025-12-23;14;463
25;2025-12-23;15;546
25;2025-12-23;16;727
25;2025-12-23;17;810
25;2025-12-23;18;852
25;2025-12-23;19;559
25;2025-12-23;20;324
25;2025-12-23;21;212
25;2025-12-23;22;123
25;2025-12-23;23;9
25;2025-12-24;0;4
25;2025-12-24;1;0
25;2025-12-24;2;0
25;2025-12-24;3;0
25;2025-12-24;4;0
25;2025-12-24;5;10
25;2025-12-24;6;214
25;2025-12-24;7;585
25;2025-12-24;8;971
25;2025-12-24;9;503
25;2025-12-24;10;382
25;2025-12-24;11;430
25;2025-12-24;12;423
25;2025-12-24;13;526
25;2025-12-24;14;463
25;2025-12-24;15;546
25;2025-12-24;16;727
25;2025-12-24;17;810
25;2025-12-24;18;852
25;2025-12-24;19;559
25;2025-12-24;20;324
25;2025-12-24;21;212
25;2025-12-24;22;123
25;2025-12-24;23;9
25;2025-12-25;0;4
25;2025-12-25;1;0
25;2025-12-25;2;0
25;2025-12-25;3;0
25;2025-12-25;4;0
25;2025-12-25;5;10
25;2025-12-25;6;214
25;2025-12-25;7;585
25;2025-12-25;8;971
25;2025-12-25;9;503
25;2025-12-25;10;382
25;2025-12-25;11;430
25;2025-12-25;12;423
25;2025-12-25;13;526
25;2025-12-25;14;463
25;2025-12-25;15;546
25;2025-12-25;16;727
25;2025-12-25;17;810
25;2025-12-25;18;852
25;2025-12-25;19;559
25;2025-12-25;20;324
25;2025-12-25;21;212
25;2025-12-25;22;123
25;2025-12-25;23;9
25;2025-12-26;0;1
25;2025-12-26;1;0
25;2025-12-26;2;0
25;2025-12-26;3;0
25;2025-12-26;4;0
25;2025-12-26;5;7
25;2025-12-26;6;199
25;2025-12-26;7;551
25;2025-12-26;8;879
25;2025-12-26;9;438
25;2025-12-26;10;380
25;2025-12-26;11;412
25;2025-12-26;12;418
25;2025-12-26;13;512
25;2025-12-26;14;479
25;2025-12-26;15;604
25;2025-12-26;16;803
25;2025-12-26;17;808
25;2025-12-26;18;678
25;2025-12-26;19;519
25;2025-12-26;20;324
25;2025-12-26;21;213
25;2025-12-26;22;140
25;2025-12-26;23;13
25;2025-12-27;0;4
25;2025-12-27;1;0
25;2025-12-27;2;0
25;2025-12-27;3;0
25;2025-12-27;4;0
25;2025-12-27;5;8
25;2025-12-27;6;86
25;2025-12-27;7;138
25;2025-12-27;8;305
25;2025-12-27;9;274
25;2025-12-27;10;290
25;2025-12-27;11;379
25;2025-12-27;12;418
25;2025-12-27;13;584
25;2025-12-27;14;591
25;2025-12-27;15;690
25;2025-12-27;16;639
25;2025-12-27;17;529
25;2025-12-27;18;471
25;2025-12-27;19;413
25;2025-12-27;20;257
25;2025-12-27;21;210
25;2025-12-27;22;135
25;2025-12-27;23;55
25;2025-12-28;0;17
25;2025-12-28;1;0
25;2025-12-28;2;0
25;2025-12-28;3;0
25;2025-12-28;4;0
25;2025-12-28;5;5
25;2025-12-28;6;74
25;2025-12-28;7;100
25;2025-12-28;8;197
25;2025-12-28;9;223
25;2025-12-28;10;227
25;2025-12-28;11;314
25;2025-12-28;12;367
25;2025-12-28;13;468
25;2025-12-28;14;517
25;2025-12-28;15;592
25;2025-12-28;16;521
25;2025-12-28;17;489
25;2025-12-28;18;411
25;2025-12-28;19;321
25;2025-12-28;20;222
25;2025-12-28;21;183
25;2025-12-28;22;106
25;2025-12-28;23;40
25;2025-12-29;0;3
25;2025-12-29;1;0
25;2025-12-29;2;0
25;2025-12-29;3;0
25;2025-12-29;4;0
25;2025-12-29;5;8
25;2025-12-29;6;188
25;2025-12-29;7;512
25;2025-12-29;8;851
25;2025-12-29;9;440
25;2025-12-29;10;335
25;2025-12-29;11;377
25;2025-12-29;12;370
25;2025-12-29;13;461
25;2025-12-29;14;405
25;2025-12-29;15;478
25;2025-12-29;16;636
25;2025-12-29;17;709
25;2025-12-29;18;746
25;2025-12-29;19;490
25;2025-12-29;20;284
25;2025-12-29;21;186
25;2025-12-29;22;107
25;2025-12-29;23;8
25;2025-12-30;0;3
25;2025-12-30;1;0
25;2025-12-30;2;0
25;2025-12-30;3;0
25;2025-12-30;4;0
25;2025-12-30;5;8
25;2025-12-30;6;182
25;2025-12-30;7;497
25;2025-12-30;8;826
25;2025-12-30;9;427
25;2025-12-30;10;325
25;2025-12-30;11;366
25;2025-12-30;12;359
25;2025-12-30;13;447
25;2025-12-30;14;393
25;2025-12-30;15;464
25;2025-12-30;16;618
25;2025-12-30;17;688
25;2025-12-30;18;724
25;2025-12-30;19;475
25;2025-12-30;20;276
25;2025-12-30;21;180
25;2025-12-30;22;104
25;2025-12-30;23;8
25;2025-12-31;0;2
25;2025-12-31;1;0
25;2025-12-31;2;0
25;2025-12-31;3;0
25;2025-12-31;4;0
25;2025-12-31;5;4
25;2025-12-31;6;44
25;2025-12-31;7;70
25;2025-12-31;8;155
25;2025-12-31;9;139
25;2025-12-31;10;148
25;2025-12-31;11;193
25;2025-12-31;12;213
25;2025-12-31;13;298
25;2025-12-31;14;301
25;2025-12-31;15;352
25;2025-12-31;16;326
25;2025-12-31;17;270
25;2025-12-31;18;240
25;2025-12-31;19;210
25;2025-12-31;20;13
25;2025-12-31;21;11
25;2025-12-31;22;7
25;2025-12-31;23;3
26;2025-11-01;0;40
26;2025-11-01;1;3
26;2025-11-01;2;0
26;2025-11-01;3;0
26;2025-11-01;4;1
26;2025-11-01;5;80
26;2025-11-01;6;472
26;2025-11-01;7;960
26;2025-11-01;8;1953
26;2025-11-01;9;1316
26;2025-11-01;10;1128
26;2025-11-01;11;1025
26;2025-11-01;12;1043
26;2025-11-01;13;1082
26;2025-11-01;14;1162
26;2025-11-01;15;1285
26;2025-11-01;16;1529
26;2025-11-01;17;1621
26;2025-11-01;18;1284
26;2025-11-01;19;993
26;2025-11-01;20;650
26;2025-11-01;21;417
26;2025-11-01;22;192
26;2025-11-01;23;137
26;2025-11-02;0;53
26;2025-11-02;1;5
26;2025-11-02;2;0
26;2025-11-02;3;0
26;2025-11-02;4;2
26;2025-11-02;5;32
26;2025-11-02;6;170
26;2025-11-02;7;263
26;2025-11-02;8;413
26;2025-11-02;9;580
26;2025-11-02;10;641
26;2025-11-02;11;899
26;2025-11-02;12;903
26;2025-11-02;13;977
26;2025-11-02;14;940
26;2025-11-02;15;869
26;2025-11-02;16;839
26;2025-11-02;17;859
26;2025-11-02;18;778
26;2025-11-02;19;586
26;2025-11-02;20;433
26;2025-11-02;21;308
26;2025-11-02;22;199
26;2025-11-02;23;117
26;2025-11-03;0;43
26;2025-11-03;1;3
26;2025-11-03;2;0
26;2025-11-03;3;0
26;2025-11-03;4;2
26;2025-11-03;5;33
26;2025-11-03;6;183
26;2025-11-03;7;273
26;2025-11-03;8;437
26;2025-11-03;9;548
26;2025-11-03;10;632
26;2025-11-03;11;827
26;2025-11-03;12;854
26;2025-11-03;13;887
26;2025-11-03;14;879
26;2025-11-03;15;809
26;2025-11-03;16;809
26;2025-11-03;17;786
26;2025-11-03;18;727
26;2025-11-03;19;586
26;2025-11-03;20;420
26;2025-11-03;21;290
26;2025-11-03;22;178
26;2025-11-03;23;116
26;2025-11-04;0;43
26;2025-11-04;1;3
26;2025-11-04;2;0
26;2025-11-04;3;0
26;2025-11-04;4;2
26;2025-11-04;5;33
26;2025-11-04;6;183
26;2025-11-04;7;273
26;2025-11-04;8;437
26;2025-11-04;9;548
26;2025-11-04;10;632
26;2025-11-04;11;827
26;2025-11-04;12;854
26;2025-11-04;13;887
26;2025-11-04;14;879
26;2025-11-04;15;809
26;2025-11-04;16;809
26;2025-11-04;17;786
26;2025-11-04;18;727
26;2025-11-04;19;586
26;2025-11-04;20;420
26;2025-11-04;21;290
26;2025-11-04;22;178
26;2025-11-04;23;116
26;2025-11-05;0;32
26;2025-11-05;1;2
26;2025-11-05;2;0
26;2025-11-05;3;0
26;2025-11-05;4;2
26;2025-11-05;5;98
26;2025-11-05;6;521
26;2025-11-05;7;1162
26;2025-11-05;8;2307
26;2025-11-05;9;1544
26;2025-11-05;10;1280
26;2025-11-05;11;1156
26;2025-11-05;12;1201
26;2025-11-05;13;1240
26;2025-11-05;14;1310
26;2025-11-05;15;1411
26;2025-11-05;16;1561
26;2025-11-05;17;1794
26;2025-11-05;18;1997
26;2025-11-05;19;1339
26;2025-11-05;20;801
26;2025-11-05;21;498
26;2025-11-05;22;225
26;2025-11-05;23;121
26;2025-11-06;0;32
26;2025-11-06;1;2
26;2025-11-06;2;0
26;2025-11-06;3;0
26;2025-11-06;4;2
26;2025-11-06;5;98
26;2025-11-06;6;521
26;2025-11-06;7;1162
26;2025-11-06;8;2307
26;2025-11-06;9;1544
26;2025-11-06;10;1280
26;2025-11-06;11;1156
26;2025-11-06;12;1201
26;2025-11-06;13;1240
26;2025-11-06;14;1310
26;2025-11-06;15;1411
26;2025-11-06;16;1561
26;2025-11-06;17;1794
26;2025-11-06;18;1997
26;2025-11-06;19;1339
26;2025-11-06;20;801
26;2025-11-06;21;498
26;2025-11-06;22;225
26;2025-11-06;23;121
26;2025-11-07;0;32
26;2025-11-07;1;2
26;2025-11-07;2;0
26;2025-11-07;3;0
26;2025-11-07;4;1
26;2025-11-07;5;91
26;2025-11-07;6;537
26;2025-11-07;7;1091
26;2025-11-07;8;2220
26;2025-11-07;9;1496
26;2025-11-07;10;1282
26;2025-11-07;11;1165
26;2025-11-07;12;1185
26;2025-11-07;13;1230
26;2025-11-07;14;1321
26;2025-11-07;15;1461
26;2025-11-07;16;1738
26;2025-11-07;17;1843
26;2025-11-07;18;1460
26;2025-11-07;19;1129
26;2025-11-07;20;739
26;2025-11-07;21;474
26;2025-11-07;22;218
26;2025-11-07;23;155
26;2025-11-08;0;49
26;2025-11-08;1;3
26;2025-11-08;2;0
26;2025-11-08;3;0
26;2025-11-08;4;2
26;2025-11-08;5;49
26;2025-11-08;6;282
26;2025-11-08;7;406
26;2025-11-08;8;659
26;2025-11-08;9;747
26;2025-11-08;10;898
26;2025-11-08;11;1095
26;2025-11-08;12;1165
26;2025-11-08;13;1160
26;2025-11-08;14;1186
26;2025-11-08;15;1086
26;2025-11-08;16;1124
26;2025-11-08;17;1036
26;2025-11-08;18;979
26;2025-11-08;19;843
26;2025-11-08;20;588
26;2025-11-08;21;393
26;2025-11-08;22;229
26;2025-11-08;23;164
26;2025-11-09;0;53
26;2025-11-09;1;5
26;2025-11-09;2;0
26;2025-11-09;3;0
26;2025-11-09;4;2
26;2025-11-09;5;32
26;2025-11-09;6;170
26;2025-11-09;7;263
26;2025-11-09;8;413
26;2025-11-09;9;580
26;2025-11-09;10;641
26;2025-11-09;11;899
26;2025-11-09;12;903
26;2025-11-09;13;977
26;2025-11-09;14;940
26;2025-11-09;15;869
26;2025-11-09;16;839
26;2025-11-09;17;859
26;2025-11-09;18;778
26;2025-11-09;19;586
26;2025-11-09;20;433
26;2025-11-09;21;308
26;2025-11-09;22;199
26;2025-11-09;23;117
26;2025-11-10;0;31
26;2025-11-10;1;2
26;2025-11-10;2;0
26;2025-11-10;3;0
26;2025-11-10;4;2
26;2025-11-10;5;95
26;2025-11-10;6;507
26;2025-11-10;7;1131
26;2025-11-10;8;2245
26;2025-11-10;9;1503
26;2025-11-10;10;1245
26;2025-11-10;11;1125
26;2025-11-10;12;1169
26;2025-11-10;13;1206
26;2025-11-10;14;1275
26;2025-11-10;15;1373
26;2025-11-10;16;1519
26;2025-11-10;17;1746
26;2025-11-10;18;1944
26;2025-11-10;19;1303
26;2025-11-10;20;780
26;2025-11-10;21;485
26;2025-11-10;22;219
26;2025-11-10;23;118
26;2025-11-11;0;32
26;2025-11-11;1;2
26;2025-11-11;2;0
26;2025-11-11;3;0
26;2025-11-11;4;2
26;2025-11-11;5;98
26;2025-11-11;6;521
26;2025-11-11;7;1162
26;2025-11-11;8;2307
26;2025-11-11;9;1544
26;2025-11-11;10;1280
26;2025-11-11;11;1156
26;2025-11-11;12;1201
26;2025-11-11;13;1240
26;2025-11-11;14;1310
26;2025-11-11;15;1411
26;2025-11-11;16;1561
26;2025-11-11;17;1794
26;2025-11-11;18;1997
26;2025-11-11;19;1339
26;2025-11-11;20;801
26;2025-11-11;21;498
26;2025-11-11;22;225
26;2025-11-11;23;121
26;2025-11-12;0;32
26;2025-11-12;1;2
26;2025-11-12;2;0
26;2025-11-12;3;0
26;2025-11-12;4;2
26;2025-11-12;5;98
26;2025-11-12;6;521
26;2025-11-12;7;1162
26;2025-11-12;8;2307
26;2025-11-12;9;1544
26;2025-11-12;10;1280
26;2025-11-12;11;1156
26;2025-11-12;12;1201
26;2025-11-12;13;1240
26;2025-11-12;14;1310
26;2025-11-12;15;1411
26;2025-11-12;16;1561
26;2025-11-12;17;1794
26;2025-11-12;18;1997
26;2025-11-12;19;1339
26;2025-11-12;20;801
26;2025-11-12;21;498
26;2025-11-12;22;225
26;2025-11-12;23;121
26;2025-11-13;0;32
26;2025-11-13;1;2
26;2025-11-13;2;0
26;2025-11-13;3;0
26;2025-11-13;4;2
26;2025-11-13;5;98
26;2025-11-13;6;521
26;2025-11-13;7;1162
26;2025-11-13;8;2307
26;2025-11-13;9;1544
26;2025-11-13;10;1280
26;2025-11-13;11;1156
26;2025-11-13;12;1201
26;2025-11-13;13;1240
26;2025-11-13;14;1310
26;2025-11-13;15;1411
26;2025-11-13;16;1561
26;2025-11-13;17;1794
26;2025-11-13;18;1997
26;2025-11-13;19;1339
26;2025-11-13;20;801
26;2025-11-13;21;498
26;2025-11-13;22;225
26;2025-11-13;23;121
26;2025-11-14;0;32
26;2025-11-14;1;2
26;2025-11-14;2;0
26;2025-11-14;3;0
26;2025-11-14;4;1
26;2025-11-14;5;91
26;2025-11-14;6;537
26;2025-11-14;7;1091
26;2025-11-14;8;2220
26;2025-11-14;9;1496
26;2025-11-14;10;1282
26;2025-11-14;11;1165
26;2025-11-14;12;1185
26;2025-11-14;13;1230
26;2025-11-14;14;1321
26;2025-11-14;15;1461
26;2025-11-14;16;1738
26;2025-11-14;17;1843
26;2025-11-14;18;1460
26;2025-11-14;19;1129
26;2025-11-14;20;739
26;2025-11-14;21;474
26;2025-11-14;22;218
26;2025-11-14;23;155
26;2025-11-15;0;49
26;2025-11-15;1;3
26;2025-11-15;2;0
26;2025-11-15;3;0
26;2025-11-15;4;2
26;2025-11-15;5;49
26;2025-11-15;6;282
26;2025-11-15;7;406
26;2025-11-15;8;659
26;2025-11-15;9;747
26;2025-11-15;10;898
26;2025-11-15;11;1095
26;2025-11-15;12;1165
26;2025-11-15;13;1160
26;2025-11-15;14;1186
26;2025-11-15;15;1086
26;2025-11-15;16;1124
26;2025-11-15;17;1036
26;2025-11-15;18;979
26;2025-11-15;19;843
26;2025-11-15;20;588
26;2025-11-15;21;393
26;2025-11-15;22;229
26;2025-11-15;23;164
26;2025-11-16;0;53
26;2025-11-16;1;5
26;2025-11-16;2;0
26;2025-11-16;3;0
26;2025-11-16;4;2
26;2025-11-16;5;32
26;2025-11-16;6;170
26;2025-11-16;7;263
26;2025-11-16;8;413
26;2025-11-16;9;580
26;2025-11-16;10;641
26;2025-11-16;11;899
26;2025-11-16;12;903
26;2025-11-16;13;977
26;2025-11-16;14;940
26;2025-11-16;15;869
26;2025-11-16;16;839
26;2025-11-16;17;859
26;2025-11-16;18;778
26;2025-11-16;19;586
26;2025-11-16;20;433
26;2025-11-16;21;308
26;2025-11-16;22;199
26;2025-11-16;23;117
26;2025-11-17;0;31
26;2025-11-17;1;2
26;2025-11-17;2;0
26;2025-11-17;3;0
26;2025-11-17;4;2
26;2025-11-17;5;95
26;2025-11-17;6;507
26;2025-11-17;7;1131
26;2025-11-17;8;2245
26;2025-11-17;9;1503
26;2025-11-17;10;1245
26;2025-11-17;11;1125
26;2025-11-17;12;1169
26;2025-11-17;13;1206
26;2025-11-17;14;1275
26;2025-11-17;15;1373
26;2025-11-17;16;1519
26;2025-11-17;17;1746
26;2025-11-17;18;1944
26;2025-11-17;19;1303
26;2025-11-17;20;780
26;2025-11-17;21;485
26;2025-11-17;22;219
26;2025-11-17;23;118
26;2025-11-18;0;32
26;2025-11-18;1;2
26;2025-11-18;2;0
26;2025-11-18;3;0
26;2025-11-18;4;2
26;2025-11-18;5;98
26;2025-11-18;6;521
26;2025-11-18;7;1162
26;2025-11-18;8;2307
26;2025-11-18;9;1544
26;2025-11-18;10;1280
26;2025-11-18;11;1156
26;2025-11-18;12;1201
26;2025-11-18;13;1240
26;2025-11-18;14;1310
26;2025-11-18;15;1411
26;2025-11-18;16;1561
26;2025-11-18;17;1794
26;2025-11-18;18;1997
26;2025-11-18;19;1339
26;2025-11-18;20;801
26;2025-11-18;21;498
26;2025-11-18;22;225
26;2025-11-18;23;121
26;2025-11-19;0;32
26;2025-11-19;1;2
26;2025-11-19;2;0
26;2025-11-19;3;0
26;2025-11-19;4;2
26;2025-11-19;5;98
26;2025-11-19;6;521
26;2025-11-19;7;1162
26;2025-11-19;8;2307
26;2025-11-19;9;1544
26;2025-11-19;10;1280
26;2025-11-19;11;1156
26;2025-11-19;12;1201
26;2025-11-19;13;1240
26;2025-11-19;14;1310
26;2025-11-19;15;1411
26;2025-11-19;16;1561
26;2025-11-19;17;1794
26;2025-11-19;18;1997
26;2025-11-19;19;1339
26;2025-11-19;20;801
26;2025-11-19;21;498
26;2025-11-19;22;225
26;2025-11-19;23;121
26;2025-11-20;0;32
26;2025-11-20;1;2
26;2025-11-20;2;0
26;2025-11-20;3;0
26;2025-11-20;4;2
26;2025-11-20;5;98
26;2025-11-20;6;521
26;2025-11-20;7;1162
26;2025-11-20;8;2307
26;2025-11-20;9;1544
26;2025-11-20;10;1280
26;2025-11-20;11;1156
26;2025-11-20;12;1201
26;2025-11-20;13;1240
26;2025-11-20;14;1310
26;2025-11-20;15;1411
26;2025-11-20;16;1561
26;2025-11-20;17;1794
26;2025-11-20;18;1997
26;2025-11-20;19;1339
26;2025-11-20;20;801
26;2025-11-20;21;498
26;2025-11-20;22;225
26;2025-11-20;23;121
26;2025-11-21;0;32
26;2025-11-21;1;2
26;2025-11-21;2;0
26;2025-11-21;3;0
26;2025-11-21;4;1
26;2025-11-21;5;91
26;2025-11-21;6;537
26;2025-11-21;7;1091
26;2025-11-21;8;2220
26;2025-11-21;9;1496
26;2025-11-21;10;1282
26;2025-11-21;11;1165
26;2025-11-21;12;1185
26;2025-11-21;13;1230
26;2025-11-21;14;1321
26;2025-11-21;15;1461
26;2025-11-21;16;1738
26;2025-11-21;17;1843
26;2025-11-21;18;1460
26;2025-11-21;19;1129
26;2025-11-21;20;739
26;2025-11-21;21;474
26;2025-11-21;22;218
26;2025-11-21;23;155
26;2025-11-22;0;49
26;2025-11-22;1;3
26;2025-11-22;2;0
26;2025-11-22;3;0
26;2025-11-22;4;2
26;2025-11-22;5;49
26;2025-11-22;6;282
26;2025-11-22;7;406
26;2025-11-22;8;659
26;2025-11-22;9;747
26;2025-11-22;10;898
26;2025-11-22;11;1095
26;2025-11-22;12;1165
26;2025-11-22;13;1160
26;2025-11-22;14;1186
26;2025-11-22;15;1086
26;2025-11-22;16;1124
26;2025-11-22;17;1036
26;2025-11-22;18;979
26;2025-11-22;19;843
26;2025-11-22;20;588
26;2025-11-22;21;393
26;2025-11-22;22;229
26;2025-11-22;23;164
26;2025-11-23;0;53
26;2025-11-23;1;5
26;2025-11-23;2;0
26;2025-11-23;3;0
26;2025-11-23;4;2
26;2025-11-23;5;32
26;2025-11-23;6;170
26;2025-11-23;7;263
26;2025-11-23;8;413
26;2025-11-23;9;580
26;2025-11-23;10;641
26;2025-11-23;11;899
26;2025-11-23;12;903
26;2025-11-23;13;977
26;2025-11-23;14;940
26;2025-11-23;15;869
26;2025-11-23;16;839
26;2025-11-23;17;859
26;2025-11-23;18;778
26;2025-11-23;19;586
26;2025-11-23;20;433
26;2025-11-23;21;308
26;2025-11-23;22;199
26;2025-11-23;23;117
26;2025-11-24;0;31
26;2025-11-24;1;2
26;2025-11-24;2;0
26;2025-11-24;3;0
26;2025-11-24;4;2
26;2025-11-24;5;95
26;2025-11-24;6;507
26;2025-11-24;7;1131
26;2025-11-24;8;2245
26;2025-11-24;9;1503
26;2025-11-24;10;1245
26;2025-11-24;11;1125
26;2025-11-24;12;1169
26;2025-11-24;13;1206
26;2025-11-24;14;1275
26;2025-11-24;15;1373
26;2025-11-24;16;1519
26;2025-11-24;17;1746
26;2025-11-24;18;1944
26;2025-11-24;19;1303
26;2025-11-24;20;780
26;2025-11-24;21;485
26;2025-11-24;22;219
26;2025-11-24;23;118
26;2025-11-25;0;32
26;2025-11-25;1;2
26;2025-11-25;2;0
26;2025-11-25;3;0
26;2025-11-25;4;2
26;2025-11-25;5;98
26;2025-11-25;6;521
26;2025-11-25;7;1162
26;2025-11-25;8;2307
26;2025-11-25;9;1544
26;2025-11-25;10;1280
26;2025-11-25;11;1156
26;2025-11-25;12;1201
26;2025-11-25;13;1240
26;2025-11-25;14;1310
26;2025-11-25;15;1411
26;2025-11-25;16;1561
26;2025-11-25;17;1794
26;2025-11-25;18;1997
26;2025-11-25;19;1339
26;2025-11-25;20;801
26;2025-11-25;21;498
26;2025-11-25;22;225
26;2025-11-25;23;121
26;2025-11-26;0;32
26;2025-11-26;1;2
26;2025-11-26;2;0
26;2025-11-26;3;0
26;2025-11-26;4;2
26;2025-11-26;5;98
26;2025-11-26;6;521
26;2025-11-26;7;1162
26;2025-11-26;8;2307
26;2025-11-26;9;1544
26;2025-11-26;10;1280
26;2025-11-26;11;1156
26;2025-11-26;12;1201
26;2025-11-26;13;1240
26;2025-11-26;14;1310
26;2025-11-26;15;1411
26;2025-11-26;16;1561
26;2025-11-26;17;1794
26;2025-11-26;18;1997
26;2025-11-26;19;1339
26;2025-11-26;20;801
26;2025-11-26;21;498
26;2025-11-26;22;225
26;2025-11-26;23;121
26;2025-11-27;0;32
26;2025-11-27;1;2
26;2025-11-27;2;0
26;2025-11-27;3;0
26;2025-11-27;4;2
26;2025-11-27;5;98
26;2025-11-27;6;521
26;2025-11-27;7;1162
26;2025-11-27;8;2307
26;2025-11-27;9;1544
26;2025-11-27;10;1280
26;2025-11-27;11;1156
26;2025-11-27;12;1201
26;2025-11-27;13;1240
26;2025-11-27;14;1310
26;2025-11-27;15;1411
26;2025-11-27;16;1561
26;2025-11-27;17;1794
26;2025-11-27;18;1997
26;2025-11-27;19;1339
26;2025-11-27;20;801
26;2025-11-27;21;498
26;2025-11-27;22;225
26;2025-11-27;23;121
26;2025-11-28;0;32
26;2025-11-28;1;2
26;2025-11-28;2;0
26;2025-11-28;3;0
26;2025-11-28;4;1
26;2025-11-28;5;91
26;2025-11-28;6;537
26;2025-11-28;7;1091
26;2025-11-28;8;2220
26;2025-11-28;9;1496
26;2025-11-28;10;1282
26;2025-11-28;11;1165
26;2025-11-28;12;1185
26;2025-11-28;13;1230
26;2025-11-28;14;1321
26;2025-11-28;15;1461
26;2025-11-28;16;1738
26;2025-11-28;17;1843
26;2025-11-28;18;1460
26;2025-11-28;19;1129
26;2025-11-28;20;739
26;2025-11-28;21;474
26;2025-11-28;22;218
26;2025-11-28;23;155
26;2025-11-29;0;49
26;2025-11-29;1;3
26;2025-11-29;2;0
26;2025-11-29;3;0
26;2025-11-29;4;2
26;2025-11-29;5;49
26;2025-11-29;6;282
26;2025-11-29;7;406
26;2025-11-29;8;659
26;2025-11-29;9;747
26;2025-11-29;10;898
26;2025-11-29;11;1095
26;2025-11-29;12;1165
26;2025-11-29;13;1160
26;2025-11-29;14;1186
26;2025-11-29;15;1086
26;2025-11-29;16;1124
26;2025-11-29;17;1036
26;2025-11-29;18;979
26;2025-11-29;19;843
26;2025-11-29;20;588
26;2025-11-29;21;393
26;2025-11-29;22;229
26;2025-11-29;23;164
26;2025-11-30;0;53
26;2025-11-30;1;5
26;2025-11-30;2;0
26;2025-11-30;3;0
26;2025-11-30;4;2
26;2025-11-30;5;32
26;2025-11-30;6;170
26;2025-11-30;7;263
26;2025-11-30;8;413
26;2025-11-30;9;580
26;2025-11-30;10;641
26;2025-11-30;11;899
26;2025-11-30;12;903
26;2025-11-30;13;977
26;2025-11-30;14;940
26;2025-11-30;15;869
26;2025-11-30;16;839
26;2025-11-30;17;859
26;2025-11-30;18;778
26;2025-11-30;19;586
26;2025-11-30;20;433
26;2025-11-30;21;308
26;2025-11-30;22;199
26;2025-11-30;23;117
26;2025-12-01;0;31
26;2025-12-01;1;2
26;2025-12-01;2;0
26;2025-12-01;3;0
26;2025-12-01;4;2
26;2025-12-01;5;95
26;2025-12-01;6;515
26;2025-12-01;7;1132
26;2025-12-01;8;2232
26;2025-12-01;9;1505
26;2025-12-01;10;1244
26;2025-12-01;11;1126
26;2025-12-01;12;1167
26;2025-12-01;13;1209
26;2025-12-01;14;1260
26;2025-12-01;15;1367
26;2025-12-01;16;1524
26;2025-12-01;17;1745
26;2025-12-01;18;1949
26;2025-12-01;19;1313
26;2025-12-01;20;784
26;2025-12-01;21;481
26;2025-12-01;22;221
26;2025-12-01;23;117
26;2025-12-02;0;32
26;2025-12-02;1;2
26;2025-12-02;2;0
26;2025-12-02;3;0
26;2025-12-02;4;2
26;2025-12-02;5;97
26;2025-12-02;6;529
26;2025-12-02;7;1163
26;2025-12-02;8;2293
26;2025-12-02;9;1547
26;2025-12-02;10;1279
26;2025-12-02;11;1157
26;2025-12-02;12;1199
26;2025-12-02;13;1243
26;2025-12-02;14;1295
26;2025-12-02;15;1405
26;2025-12-02;16;1566
26;2025-12-02;17;1794
26;2025-12-02;18;2003
26;2025-12-02;19;1349
26;2025-12-02;20;806
26;2025-12-02;21;495
26;2025-12-02;22;227
26;2025-12-02;23;120
26;2025-12-03;0;32
26;2025-12-03;1;2
26;2025-12-03;2;0
26;2025-12-03;3;0
26;2025-12-03;4;2
26;2025-12-03;5;97
26;2025-12-03;6;529
26;2025-12-03;7;1163
26;2025-12-03;8;2293
26;2025-12-03;9;1547
26;2025-12-03;10;1279
26;2025-12-03;11;1157
26;2025-12-03;12;1199
26;2025-12-03;13;1243
26;2025-12-03;14;1295
26;2025-12-03;15;1405
26;2025-12-03;16;1566
26;2025-12-03;17;1794
26;2025-12-03;18;2003
26;2025-12-03;19;1349
26;2025-12-03;20;806
26;2025-12-03;21;495
26;2025-12-03;22;227
26;2025-12-03;23;120
26;2025-12-04;0;32
26;2025-12-04;1;2
26;2025-12-04;2;0
26;2025-12-04;3;0
26;2025-12-04;4;2
26;2025-12-04;5;97
26;2025-12-04;6;529
26;2025-12-04;7;1163
26;2025-12-04;8;2293
26;2025-12-04;9;1547
26;2025-12-04;10;1279
26;2025-12-04;11;1157
26;2025-12-04;12;1199
26;2025-12-04;13;1243
26;2025-12-04;14;1295
26;2025-12-04;15;1405
26;2025-12-04;16;1566
26;2025-12-04;17;1794
26;2025-12-04;18;2003
26;2025-12-04;19;1349
26;2025-12-04;20;806
26;2025-12-04;21;495
26;2025-12-04;22;227
26;2025-12-04;23;120
26;2025-12-05;0;32
26;2025-12-05;1;2
26;2025-12-05;2;0
26;2025-12-05;3;0
26;2025-12-05;4;1
26;2025-12-05;5;92
26;2025-12-05;6;542
26;2025-12-05;7;1093
26;2025-12-05;8;2196
26;2025-12-05;9;1502
26;2025-12-05;10;1275
26;2025-12-05;11;1163
26;2025-12-05;12;1189
26;2025-12-05;13;1235
26;2025-12-05;14;1297
26;2025-12-05;15;1468
26;2025-12-05;16;1737
26;2025-12-05;17;1836
26;2025-12-05;18;1477
26;2025-12-05;19;1139
26;2025-12-05;20;750
26;2025-12-05;21;471
26;2025-12-05;22;221
26;2025-12-05;23;154
26;2025-12-06;0;48
26;2025-12-06;1;3
26;2025-12-06;2;0
26;2025-12-06;3;0
26;2025-12-06;4;2
26;2025-12-06;5;48
26;2025-12-06;6;288
26;2025-12-06;7;408
26;2025-12-06;8;658
26;2025-12-06;9;752
26;2025-12-06;10;899
26;2025-12-06;11;1099
26;2025-12-06;12;1166
26;2025-12-06;13;1166
26;2025-12-06;14;1186
26;2025-12-06;15;1090
26;2025-12-06;16;1125
26;2025-12-06;17;1038
26;2025-12-06;18;986
26;2025-12-06;19;848
26;2025-12-06;20;590
26;2025-12-06;21;396
26;2025-12-06;22;232
26;2025-12-06;23;164
26;2025-12-07;0;53
26;2025-12-07;1;5
26;2025-12-07;2;0
26;2025-12-07;3;0
26;2025-12-07;4;2
26;2025-12-07;5;34
26;2025-12-07;6;170
26;2025-12-07;7;260
26;2025-12-07;8;415
26;2025-12-07;9;585
26;2025-12-07;10;643
26;2025-12-07;11;904
26;2025-12-07;12;911
26;2025-12-07;13;986
26;2025-12-07;14;946
26;2025-12-07;15;876
26;2025-12-07;16;849
26;2025-12-07;17;867
26;2025-12-07;18;787
26;2025-12-07;19;596
26;2025-12-07;20;436
26;2025-12-07;21;311
26;2025-12-07;22;205
26;2025-12-07;23;118
26;2025-12-08;0;31
26;2025-12-08;1;2
26;2025-12-08;2;0
26;2025-12-08;3;0
26;2025-12-08;4;2
26;2025-12-08;5;95
26;2025-12-08;6;515
26;2025-12-08;7;1132
26;2025-12-08;8;2232
26;2025-12-08;9;1505
26;2025-12-08;10;1244
26;2025-12-08;11;1126
26;2025-12-08;12;1167
26;2025-12-08;13;1209
26;2025-12-08;14;1260
26;2025-12-08;15;1367
26;2025-12-08;16;1524
26;2025-12-08;17;1745
26;2025-12-08;18;1949
26;2025-12-08;19;1313
26;2025-12-08;20;784
26;2025-12-08;21;481
26;2025-12-08;22;221
26;2025-12-08;23;117
26;2025-12-09;0;32
26;2025-12-09;1;2
26;2025-12-09;2;0
26;2025-12-09;3;0
26;2025-12-09;4;2
26;2025-12-09;5;97
26;2025-12-09;6;529
26;2025-12-09;7;1163
26;2025-12-09;8;2293
26;2025-12-09;9;1547
26;2025-12-09;10;1279
26;2025-12-09;11;1157
26;2025-12-09;12;1199
26;2025-12-09;13;1243
26;2025-12-09;14;1295
26;2025-12-09;15;1405
26;2025-12-09;16;1566
26;2025-12-09;17;1794
26;2025-12-09;18;2003
26;2025-12-09;19;1349
26;2025-12-09;20;806
26;2025-12-09;21;495
26;2025-12-09;22;227
26;2025-12-09;23;120
26;2025-12-10;0;32
26;2025-12-10;1;2
26;2025-12-10;2;0
26;2025-12-10;3;0
26;2025-12-10;4;2
26;2025-12-10;5;97
26;2025-12-10;6;529
26;2025-12-10;7;1163
26;2025-12-10;8;2293
26;2025-12-10;9;1547
26;2025-12-10;10;1279
26;2025-12-10;11;1157
26;2025-12-10;12;1199
26;2025-12-10;13;1243
26;2025-12-10;14;1295
26;2025-12-10;15;1405
26;2025-12-10;16;1566
26;2025-12-10;17;1794
26;2025-12-10;18;2003
26;2025-12-10;19;1349
26;2025-12-10;20;806
26;2025-12-10;21;495
26;2025-12-10;22;227
26;2025-12-10;23;120
26;2025-12-11;0;32
26;2025-12-11;1;2
26;2025-12-11;2;0
26;2025-12-11;3;0
26;2025-12-11;4;2
26;2025-12-11;5;97
26;2025-12-11;6;529
26;2025-12-11;7;1163
26;2025-12-11;8;2293
26;2025-12-11;9;1547
26;2025-12-11;10;1279
26;2025-12-11;11;1157
26;2025-12-11;12;1199
26;2025-12-11;13;1243
26;2025-12-11;14;1295
26;2025-12-11;15;1405
26;2025-12-11;16;1566
26;2025-12-11;17;1794
26;2025-12-11;18;2003
26;2025-12-11;19;1349
26;2025-12-11;20;806
26;2025-12-11;21;495
26;2025-12-11;22;227
26;2025-12-11;23;120
26;2025-12-12;0;32
26;2025-12-12;1;2
26;2025-12-12;2;0
26;2025-12-12;3;0
26;2025-12-12;4;1
26;2025-12-12;5;92
26;2025-12-12;6;542
26;2025-12-12;7;1093
26;2025-12-12;8;2196
26;2025-12-12;9;1502
26;2025-12-12;10;1275
26;2025-12-12;11;1163
26;2025-12-12;12;1189
26;2025-12-12;13;1235
26;2025-12-12;14;1297
26;2025-12-12;15;1468
26;2025-12-12;16;1737
26;2025-12-12;17;1836
26;2025-12-12;18;1477
26;2025-12-12;19;1139
26;2025-12-12;20;750
26;2025-12-12;21;471
26;2025-12-12;22;221
26;2025-12-12;23;154
26;2025-12-13;0;48
26;2025-12-13;1;3
26;2025-12-13;2;0
26;2025-12-13;3;0
26;2025-12-13;4;2
26;2025-12-13;5;48
26;2025-12-13;6;288
26;2025-12-13;7;408
26;2025-12-13;8;658
26;2025-12-13;9;752
26;2025-12-13;10;899
26;2025-12-13;11;1099
26;2025-12-13;12;1166
26;2025-12-13;13;1166
26;2025-12-13;14;1186
26;2025-12-13;15;1090
26;2025-12-13;16;1125
26;2025-12-13;17;1038
26;2025-12-13;18;986
26;2025-12-13;19;848
26;2025-12-13;20;590
26;2025-12-13;21;396
26;2025-12-13;22;232
26;2025-12-13;23;164
26;2025-12-14;0;53
26;2025-12-14;1;5
26;2025-12-14;2;0
26;2025-12-14;3;0
26;2025-12-14;4;2
26;2025-12-14;5;34
26;2025-12-14;6;170
26;2025-12-14;7;260
26;2025-12-14;8;415
26;2025-12-14;9;585
26;2025-12-14;10;643
26;2025-12-14;11;904
26;2025-12-14;12;911
26;2025-12-14;13;986
26;2025-12-14;14;946
26;2025-12-14;15;876
26;2025-12-14;16;849
26;2025-12-14;17;867
26;2025-12-14;18;787
26;2025-12-14;19;596
26;2025-12-14;20;436
26;2025-12-14;21;311
26;2025-12-14;22;205
26;2025-12-14;23;118
26;2025-12-15;0;31
26;2025-12-15;1;2
26;2025-12-15;2;0
26;2025-12-15;3;0
26;2025-12-15;4;2
26;2025-12-15;5;95
26;2025-12-15;6;515
26;2025-12-15;7;1132
26;2025-12-15;8;2232
26;2025-12-15;9;1505
26;2025-12-15;10;1244
26;2025-12-15;11;1126
26;2025-12-15;12;1167
26;2025-12-15;13;1209
26;2025-12-15;14;1260
26;2025-12-15;15;1367
26;2025-12-15;16;1524
26;2025-12-15;17;1745
26;2025-12-15;18;1949
26;2025-12-15;19;1313
26;2025-12-15;20;784
26;2025-12-15;21;481
26;2025-12-15;22;221
26;2025-12-15;23;117
26;2025-12-16;0;32
26;2025-12-16;1;2
26;2025-12-16;2;0
26;2025-12-16;3;0
26;2025-12-16;4;2
26;2025-12-16;5;97
26;2025-12-16;6;529
26;2025-12-16;7;1163
26;2025-12-16;8;2293
26;2025-12-16;9;1547
26;2025-12-16;10;1279
26;2025-12-16;11;1157
26;2025-12-16;12;1199
26;2025-12-16;13;1243
26;2025-12-16;14;1295
26;2025-12-16;15;1405
26;2025-12-16;16;1566
26;2025-12-16;17;1794
26;2025-12-16;18;2003
26;2025-12-16;19;1349
26;2025-12-16;20;806
26;2025-12-16;21;495
26;2025-12-16;22;227
26;2025-12-16;23;120
26;2025-12-17;0;32
26;2025-12-17;1;2
26;2025-12-17;2;0
26;2025-12-17;3;0
26;2025-12-17;4;2
26;2025-12-17;5;97
26;2025-12-17;6;529
26;2025-12-17;7;1163
26;2025-12-17;8;2293
26;2025-12-17;9;1547
26;2025-12-17;10;1279
26;2025-12-17;11;1157
26;2025-12-17;12;1199
26;2025-12-17;13;1243
26;2025-12-17;14;1295
26;2025-12-17;15;1405
26;2025-12-17;16;1566
26;2025-12-17;17;1794
26;2025-12-17;18;2003
26;2025-12-17;19;1349
26;2025-12-17;20;806
26;2025-12-17;21;495
26;2025-12-17;22;227
26;2025-12-17;23;120
26;2025-12-18;0;32
26;2025-12-18;1;2
26;2025-12-18;2;0
26;2025-12-18;3;0
26;2025-12-18;4;2
26;2025-12-18;5;97
26;2025-12-18;6;529
26;2025-12-18;7;1163
26;2025-12-18;8;2293
26;2025-12-18;9;1547
26;2025-12-18;10;1279
26;2025-12-18;11;1157
26;2025-12-18;12;1199
26;2025-12-18;13;1243
26;2025-12-18;14;1295
26;2025-12-18;15;1405
26;2025-12-18;16;1566
26;2025-12-18;17;1794
26;2025-12-18;18;2003
26;2025-12-18;19;1349
26;2025-12-18;20;806
26;2025-12-18;21;495
26;2025-12-18;22;227
26;2025-12-18;23;120
26;2025-12-19;0;32
26;2025-12-19;1;2
26;2025-12-19;2;0
26;2025-12-19;3;0
26;2025-12-19;4;1
26;2025-12-19;5;92
26;2025-12-19;6;542
26;2025-12-19;7;1093
26;2025-12-19;8;2196
26;2025-12-19;9;1502
26;2025-12-19;10;1275
26;2025-12-19;11;1163
26;2025-12-19;12;1189
26;2025-12-19;13;1235
26;2025-12-19;14;1297
26;2025-12-19;15;1468
26;2025-12-19;16;1737
26;2025-12-19;17;1836
26;2025-12-19;18;1477
26;2025-12-19;19;1139
26;2025-12-19;20;750
26;2025-12-19;21;471
26;2025-12-19;22;221
26;2025-12-19;23;154
26;2025-12-20;0;48
26;2025-12-20;1;3
26;2025-12-20;2;0
26;2025-12-20;3;0
26;2025-12-20;4;2
26;2025-12-20;5;48
26;2025-12-20;6;288
26;2025-12-20;7;408
26;2025-12-20;8;658
26;2025-12-20;9;752
26;2025-12-20;10;899
26;2025-12-20;11;1099
26;2025-12-20;12;1166
26;2025-12-20;13;1166
26;2025-12-20;14;1186
26;2025-12-20;15;1090
26;2025-12-20;16;1125
26;2025-12-20;17;1038
26;2025-12-20;18;986
26;2025-12-20;19;848
26;2025-12-20;20;590
26;2025-12-20;21;396
26;2025-12-20;22;232
26;2025-12-20;23;164
26;2025-12-21;0;53
26;2025-12-21;1;5
26;2025-12-21;2;0
26;2025-12-21;3;0
26;2025-12-21;4;2
26;2025-12-21;5;34
26;2025-12-21;6;170
26;2025-12-21;7;260
26;2025-12-21;8;415
26;2025-12-21;9;585
26;2025-12-21;10;643
26;2025-12-21;11;904
26;2025-12-21;12;911
26;2025-12-21;13;986
26;2025-12-21;14;946
26;2025-12-21;15;876
26;2025-12-21;16;849
26;2025-12-21;17;867
26;2025-12-21;18;787
26;2025-12-21;19;596
26;2025-12-21;20;436
26;2025-12-21;21;311
26;2025-12-21;22;205
26;2025-12-21;23;118
26;2025-12-22;0;31
26;2025-12-22;1;2
26;2025-12-22;2;0
26;2025-12-22;3;0
26;2025-12-22;4;2
26;2025-12-22;5;95
26;2025-12-22;6;515
26;2025-12-22;7;1132
26;2025-12-22;8;2232
26;2025-12-22;9;1505
26;2025-12-22;10;1244
26;2025-12-22;11;1126
26;2025-12-22;12;1167
26;2025-12-22;13;1209
26;2025-12-22;14;1260
26;2025-12-22;15;1367
26;2025-12-22;16;1524
26;2025-12-22;17;1745
26;2025-12-22;18;1949
26;2025-12-22;19;1313
26;2025-12-22;20;784
26;2025-12-22;21;481
26;2025-12-22;22;221
26;2025-12-22;23;117
26;2025-12-23;0;32
26;2025-12-23;1;2
26;2025-12-23;2;0
26;2025-12-23;3;0
26;2025-12-23;4;2
26;2025-12-23;5;97
26;2025-12-23;6;529
26;2025-12-23;7;1163
26;2025-12-23;8;2293
26;2025-12-23;9;1547
26;2025-12-23;10;1279
26;2025-12-23;11;1157
26;2025-12-23;12;1199
26;2025-12-23;13;1243
26;2025-12-23;14;1295
26;2025-12-23;15;1405
26;2025-12-23;16;1566
26;2025-12-23;17;1794
26;2025-12-23;18;2003
26;2025-12-23;19;1349
26;2025-12-23;20;806
26;2025-12-23;21;495
26;2025-12-23;22;227
26;2025-12-23;23;120
26;2025-12-24;0;32
26;2025-12-24;1;2
26;2025-12-24;2;0
26;2025-12-24;3;0
26;2025-12-24;4;2
26;2025-12-24;5;97
26;2025-12-24;6;529
26;2025-12-24;7;1163
26;2025-12-24;8;2293
26;2025-12-24;9;1547
26;2025-12-24;10;1279
26;2025-12-24;11;1157
26;2025-12-24;12;1199
26;2025-12-24;13;1243
26;2025-12-24;14;1295
26;2025-12-24;15;1405
26;2025-12-24;16;1566
26;2025-12-24;17;1794
26;2025-12-24;18;2003
26;2025-12-24;19;1349
26;2025-12-24;20;806
26;2025-12-24;21;495
26;2025-12-24;22;227
26;2025-12-24;23;120
26;2025-12-25;0;32
26;2025-12-25;1;2
26;2025-12-25;2;0
26;2025-12-25;3;0
26;2025-12-25;4;2
26;2025-12-25;5;97
26;2025-12-25;6;529
26;2025-12-25;7;1163
26;2025-12-25;8;2293
26;2025-12-25;9;1547
26;2025-12-25;10;1279
26;2025-12-25;11;1157
26;2025-12-25;12;1199
26;2025-12-25;13;1243
26;2025-12-25;14;1295
26;2025-12-25;15;1405
26;2025-12-25;16;1566
26;2025-12-25;17;1794
26;2025-12-25;18;2003
26;2025-12-25;19;1349
26;2025-12-25;20;806
26;2025-12-25;21;495
26;2025-12-25;22;227
26;2025-12-25;23;120
26;2025-12-26;0;32
26;2025-12-26;1;2
26;2025-12-26;2;0
26;2025-12-26;3;0
26;2025-12-26;4;1
26;2025-12-26;5;92
26;2025-12-26;6;542
26;2025-12-26;7;1093
26;2025-12-26;8;2196
26;2025-12-26;9;1502
26;2025-12-26;10;1275
26;2025-12-26;11;1163
26;2025-12-26;12;1189
26;2025-12-26;13;1235
26;2025-12-26;14;1297
26;2025-12-26;15;1468
26;2025-12-26;16;1737
26;2025-12-26;17;1836
26;2025-12-26;18;1477
26;2025-12-26;19;1139
26;2025-12-26;20;750
26;2025-12-26;21;471
26;2025-12-26;22;221
26;2025-12-26;23;154
26;2025-12-27;0;48
26;2025-12-27;1;3
26;2025-12-27;2;0
26;2025-12-27;3;0
26;2025-12-27;4;2
26;2025-12-27;5;48
26;2025-12-27;6;288
26;2025-12-27;7;408
26;2025-12-27;8;658
26;2025-12-27;9;752
26;2025-12-27;10;899
26;2025-12-27;11;1099
26;2025-12-27;12;1166
26;2025-12-27;13;1166
26;2025-12-27;14;1186
26;2025-12-27;15;1090
26;2025-12-27;16;1125
26;2025-12-27;17;1038
26;2025-12-27;18;986
26;2025-12-27;19;848
26;2025-12-27;20;590
26;2025-12-27;21;396
26;2025-12-27;22;232
26;2025-12-27;23;164
26;2025-12-28;0;53
26;2025-12-28;1;5
26;2025-12-28;2;0
26;2025-12-28;3;0
26;2025-12-28;4;2
26;2025-12-28;5;34
26;2025-12-28;6;170
26;2025-12-28;7;260
26;2025-12-28;8;415
26;2025-12-28;9;585
26;2025-12-28;10;643
26;2025-12-28;11;904
26;2025-12-28;12;911
26;2025-12-28;13;986
26;2025-12-28;14;946
26;2025-12-28;15;876
26;2025-12-28;16;849
26;2025-12-28;17;867
26;2025-12-28;18;787
26;2025-12-28;19;596
26;2025-12-28;20;436
26;2025-12-28;21;311
26;2025-12-28;22;205
26;2025-12-28;23;118
26;2025-12-29;0;28
26;2025-12-29;1;1
26;2025-12-29;2;0
26;2025-12-29;3;0
26;2025-12-29;4;2
26;2025-12-29;5;85
26;2025-12-29;6;463
26;2025-12-29;7;1019
26;2025-12-29;8;2009
26;2025-12-29;9;1355
26;2025-12-29;10;1120
26;2025-12-29;11;1013
26;2025-12-29;12;1050
26;2025-12-29;13;1089
26;2025-12-29;14;1134
26;2025-12-29;15;1230
26;2025-12-29;16;1371
26;2025-12-29;17;1571
26;2025-12-29;18;1754
26;2025-12-29;19;1182
26;2025-12-29;20;706
26;2025-12-29;21;433
26;2025-12-29;22;199
26;2025-12-29;23;105
26;2025-12-30;0;27
26;2025-12-30;1;1
26;2025-12-30;2;0
26;2025-12-30;3;0
26;2025-12-30;4;2
26;2025-12-30;5;83
26;2025-12-30;6;450
26;2025-12-30;7;989
26;2025-12-30;8;1949
26;2025-12-30;9;1315
26;2025-12-30;10;1087
26;2025-12-30;11;983
26;2025-12-30;12;1019
26;2025-12-30;13;1056
26;2025-12-30;14;1101
26;2025-12-30;15;1194
26;2025-12-30;16;1331
26;2025-12-30;17;1524
26;2025-12-30;18;1702
26;2025-12-30;19;1147
26;2025-12-30;20;685
26;2025-12-30;21;420
26;2025-12-30;22;193
26;2025-12-30;23;102
26;2025-12-31;0;24
26;2025-12-31;1;2
26;2025-12-31;2;0
26;2025-12-31;3;0
26;2025-12-31;4;1
26;2025-12-31;5;24
26;2025-12-31;6;147
26;2025-12-31;7;207
26;2025-12-31;8;335
26;2025-12-31;9;383
26;2025-12-31;10;458
26;2025-12-31;11;560
26;2025-12-31;12;594
26;2025-12-31;13;594
26;2025-12-31;14;604
26;2025-12-31;15;555
26;2025-12-31;16;574
26;2025-12-31;17;529
26;2025-12-31;18;502
26;2025-12-31;19;432
26;2025-12-31;20;30
26;2025-12-31;21;20
26;2025-12-31;22;12
26;2025-12-31;23;8
28;2025-11-01;0;0
28;2025-11-01;1;0
28;2025-11-01;2;0
28;2025-11-01;3;0
28;2025-11-01;4;1
28;2025-11-01;5;68
28;2025-11-01;6;246
28;2025-11-01;7;756
28;2025-11-01;8;1150
28;2025-11-01;9;773
28;2025-11-01;10;587
28;2025-11-01;11;535
28;2025-11-01;12;669
28;2025-11-01;13;677
28;2025-11-01;14;656
28;2025-11-01;15;672
28;2025-11-01;16;911
28;2025-11-01;17;926
28;2025-11-01;18;783
28;2025-11-01;19;576
28;2025-11-01;20;421
28;2025-11-01;21;288
28;2025-11-01;22;129
28;2025-11-01;23;19
28;2025-11-02;0;1
28;2025-11-02;1;0
28;2025-11-02;2;0
28;2025-11-02;3;0
28;2025-11-02;4;0
28;2025-11-02;5;31
28;2025-11-02;6;84
28;2025-11-02;7;157
28;2025-11-02;8;260
28;2025-11-02;9;355
28;2025-11-02;10;399
28;2025-11-02;11;438
28;2025-11-02;12;472
28;2025-11-02;13;565
28;2025-11-02;14;530
28;2025-11-02;15;539
28;2025-11-02;16;497
28;2025-11-02;17;527
28;2025-11-02;18;440
28;2025-11-02;19;390
28;2025-11-02;20;304
28;2025-11-02;21;240
28;2025-11-02;22;113
28;2025-11-02;23;13
28;2025-11-03;0;1
28;2025-11-03;1;0
28;2025-11-03;2;0
28;2025-11-03;3;0
28;2025-11-03;4;1
28;2025-11-03;5;30
28;2025-11-03;6;81
28;2025-11-03;7;167
28;2025-11-03;8;279
28;2025-11-03;9;360
28;2025-11-03;10;393
28;2025-11-03;11;418
28;2025-11-03;12;468
28;2025-11-03;13;519
28;2025-11-03;14;494
28;2025-11-03;15;500
28;2025-11-03;16;478
28;2025-11-03;17;488
28;2025-11-03;18;417
28;2025-11-03;19;348
28;2025-11-03;20;262
28;2025-11-03;21;223
28;2025-11-03;22;100
28;2025-11-03;23;12
28;2025-11-04;0;1
28;2025-11-04;1;0
28;2025-11-04;2;0
28;2025-11-04;3;0
28;2025-11-04;4;1
28;2025-11-04;5;30
28;2025-11-04;6;81
28;2025-11-04;7;167
28;2025-11-04;8;279
28;2025-11-04;9;360
28;2025-11-04;10;393
28;2025-11-04;11;418
28;2025-11-04;12;468
28;2025-11-04;13;519
28;2025-11-04;14;494
28;2025-11-04;15;500
28;2025-11-04;16;478
28;2025-11-04;17;488
28;2025-11-04;18;417
28;2025-11-04;19;348
28;2025-11-04;20;262
28;2025-11-04;21;223
28;2025-11-04;22;100
28;2025-11-04;23;12
28;2025-11-05;0;3
28;2025-11-05;1;0
28;2025-11-05;2;0
28;2025-11-05;3;0
28;2025-11-05;4;2
28;2025-11-05;5;85
28;2025-11-05;6;284
28;2025-11-05;7;878
28;2025-11-05;8;1369
28;2025-11-05;9;930
28;2025-11-05;10;685
28;2025-11-05;11;608
28;2025-11-05;12;739
28;2025-11-05;13;762
28;2025-11-05;14;701
28;2025-11-05;15;739
28;2025-11-05;16;934
28;2025-11-05;17;1099
28;2025-11-05;18;1080
28;2025-11-05;19;802
28;2025-11-05;20;558
28;2025-11-05;21;341
28;2025-11-05;22;141
28;2025-11-05;23;21
28;2025-11-06;0;3
28;2025-11-06;1;0
28;2025-11-06;2;0
28;2025-11-06;3;0
28;2025-11-06;4;2
28;2025-11-06;5;85
28;2025-11-06;6;284
28;2025-11-06;7;878
28;2025-11-06;8;1369
28;2025-11-06;9;930
28;2025-11-06;10;685
28;2025-11-06;11;608
28;2025-11-06;12;739
28;2025-11-06;13;762
28;2025-11-06;14;701
28;2025-11-06;15;739
28;2025-11-06;16;934
28;2025-11-06;17;1099
28;2025-11-06;18;1080
28;2025-11-06;19;802
28;2025-11-06;20;558
28;2025-11-06;21;341
28;2025-11-06;22;141
28;2025-11-06;23;21
28;2025-11-07;0;2
28;2025-11-07;1;0
28;2025-11-07;2;0
28;2025-11-07;3;0
28;2025-11-07;4;1
28;2025-11-07;5;77
28;2025-11-07;6;279
28;2025-11-07;7;859
28;2025-11-07;8;1307
28;2025-11-07;9;878
28;2025-11-07;10;667
28;2025-11-07;11;608
28;2025-11-07;12;760
28;2025-11-07;13;770
28;2025-11-07;14;746
28;2025-11-07;15;764
28;2025-11-07;16;1035
28;2025-11-07;17;1052
28;2025-11-07;18;891
28;2025-11-07;19;655
28;2025-11-07;20;479
28;2025-11-07;21;327
28;2025-11-07;22;147
28;2025-11-07;23;22
28;2025-11-08;0;1
28;2025-11-08;1;0
28;2025-11-08;2;0
28;2025-11-08;3;0
28;2025-11-08;4;1
28;2025-11-08;5;40
28;2025-11-08;6;109
28;2025-11-08;7;246
28;2025-11-08;8;416
28;2025-11-08;9;511
28;2025-11-08;10;544
28;2025-11-08;11;560
28;2025-11-08;12;651
28;2025-11-08;13;668
28;2025-11-08;14;647
28;2025-11-08;15;651
28;2025-11-08;16;647
28;2025-11-08;17;633
28;2025-11-08;18;555
28;2025-11-08;19;435
28;2025-11-08;20;315
28;2025-11-08;21;290
28;2025-11-08;22;125
28;2025-11-08;23;16
28;2025-11-09;0;1
28;2025-11-09;1;0
28;2025-11-09;2;0
28;2025-11-09;3;0
28;2025-11-09;4;0
28;2025-11-09;5;31
28;2025-11-09;6;84
28;2025-11-09;7;157
28;2025-11-09;8;260
28;2025-11-09;9;355
28;2025-11-09;10;399
28;2025-11-09;11;438
28;2025-11-09;12;472
28;2025-11-09;13;565
28;2025-11-09;14;530
28;2025-11-09;15;539
28;2025-11-09;16;497
28;2025-11-09;17;527
28;2025-11-09;18;440
28;2025-11-09;19;390
28;2025-11-09;20;304
28;2025-11-09;21;240
28;2025-11-09;22;113
28;2025-11-09;23;13
28;2025-11-10;0;3
28;2025-11-10;1;0
28;2025-11-10;2;0
28;2025-11-10;3;0
28;2025-11-10;4;2
28;2025-11-10;5;83
28;2025-11-10;6;276
28;2025-11-10;7;854
28;2025-11-10;8;1333
28;2025-11-10;9;905
28;2025-11-10;10;667
28;2025-11-10;11;592
28;2025-11-10;12;719
28;2025-11-10;13;742
28;2025-11-10;14;682
28;2025-11-10;15;719
28;2025-11-10;16;908
28;2025-11-10;17;1069
28;2025-11-10;18;1051
28;2025-11-10;19;780
28;2025-11-10;20;543
28;2025-11-10;21;332
28;2025-11-10;22;137
28;2025-11-10;23;20
28;2025-11-11;0;3
28;2025-11-11;1;0
28;2025-11-11;2;0
28;2025-11-11;3;0
28;2025-11-11;4;2
28;2025-11-11;5;85
28;2025-11-11;6;284
28;2025-11-11;7;878
28;2025-11-11;8;1369
28;2025-11-11;9;930
28;2025-11-11;10;685
28;2025-11-11;11;608
28;2025-11-11;12;739
28;2025-11-11;13;762
28;2025-11-11;14;701
28;2025-11-11;15;739
28;2025-11-11;16;934
28;2025-11-11;17;1099
28;2025-11-11;18;1080
28;2025-11-11;19;802
28;2025-11-11;20;558
28;2025-11-11;21;341
28;2025-11-11;22;141
28;2025-11-11;23;21
28;2025-11-12;0;3
28;2025-11-12;1;0
28;2025-11-12;2;0
28;2025-11-12;3;0
28;2025-11-12;4;2
28;2025-11-12;5;85
28;2025-11-12;6;284
28;2025-11-12;7;878
28;2025-11-12;8;1369
28;2025-11-12;9;930
28;2025-11-12;10;685
28;2025-11-12;11;608
28;2025-11-12;12;739
28;2025-11-12;13;762
28;2025-11-12;14;701
28;2025-11-12;15;739
28;2025-11-12;16;934
28;2025-11-12;17;1099
28;2025-11-12;18;1080
28;2025-11-12;19;802
28;2025-11-12;20;558
28;2025-11-12;21;341
28;2025-11-12;22;141
28;2025-11-12;23;21
28;2025-11-13;0;3
28;2025-11-13;1;0
28;2025-11-13;2;0
28;2025-11-13;3;0
28;2025-11-13;4;2
28;2025-11-13;5;85
28;2025-11-13;6;284
28;2025-11-13;7;878
28;2025-11-13;8;1369
28;2025-11-13;9;930
28;2025-11-13;10;685
28;2025-11-13;11;608
28;2025-11-13;12;739
28;2025-11-13;13;762
28;2025-11-13;14;701
28;2025-11-13;15;739
28;2025-11-13;16;934
28;2025-11-13;17;1099
28;2025-11-13;18;1080
28;2025-11-13;19;802
28;2025-11-13;20;558
28;2025-11-13;21;341
28;2025-11-13;22;141
28;2025-11-13;23;21
28;2025-11-14;0;2
28;2025-11-14;1;0
28;2025-11-14;2;0
28;2025-11-14;3;0
28;2025-11-14;4;1
28;2025-11-14;5;77
28;2025-11-14;6;279
28;2025-11-14;7;859
28;2025-11-14;8;1307
28;2025-11-14;9;878
28;2025-11-14;10;667
28;2025-11-14;11;608
28;2025-11-14;12;760
28;2025-11-14;13;770
28;2025-11-14;14;746
28;2025-11-14;15;764
28;2025-11-14;16;1035
28;2025-11-14;17;1052
28;2025-11-14;18;891
28;2025-11-14;19;655
28;2025-11-14;20;479
28;2025-11-14;21;327
28;2025-11-14;22;147
28;2025-11-14;23;22
28;2025-11-15;0;1
28;2025-11-15;1;0
28;2025-11-15;2;0
28;2025-11-15;3;0
28;2025-11-15;4;1
28;2025-11-15;5;40
28;2025-11-15;6;109
28;2025-11-15;7;246
28;2025-11-15;8;416
28;2025-11-15;9;511
28;2025-11-15;10;544
28;2025-11-15;11;560
28;2025-11-15;12;651
28;2025-11-15;13;668
28;2025-11-15;14;647
28;2025-11-15;15;651
28;2025-11-15;16;647
28;2025-11-15;17;633
28;2025-11-15;18;555
28;2025-11-15;19;435
28;2025-11-15;20;315
28;2025-11-15;21;290
28;2025-11-15;22;125
28;2025-11-15;23;16
28;2025-11-16;0;1
28;2025-11-16;1;0
28;2025-11-16;2;0
28;2025-11-16;3;0
28;2025-11-16;4;0
28;2025-11-16;5;31
28;2025-11-16;6;84
28;2025-11-16;7;157
28;2025-11-16;8;260
28;2025-11-16;9;355
28;2025-11-16;10;399
28;2025-11-16;11;438
28;2025-11-16;12;472
28;2025-11-16;13;565
28;2025-11-16;14;530
28;2025-11-16;15;539
28;2025-11-16;16;497
28;2025-11-16;17;527
28;2025-11-16;18;440
28;2025-11-16;19;390
28;2025-11-16;20;304
28;2025-11-16;21;240
28;2025-11-16;22;113
28;2025-11-16;23;13
28;2025-11-17;0;3
28;2025-11-17;1;0
28;2025-11-17;2;0
28;2025-11-17;3;0
28;2025-11-17;4;2
28;2025-11-17;5;83
28;2025-11-17;6;276
28;2025-11-17;7;854
28;2025-11-17;8;1333
28;2025-11-17;9;905
28;2025-11-17;10;667
28;2025-11-17;11;592
28;2025-11-17;12;719
28;2025-11-17;13;742
28;2025-11-17;14;682
28;2025-11-17;15;719
28;2025-11-17;16;908
28;2025-11-17;17;1069
28;2025-11-17;18;1051
28;2025-11-17;19;780
28;2025-11-17;20;543
28;2025-11-17;21;332
28;2025-11-17;22;137
28;2025-11-17;23;20
28;2025-11-18;0;3
28;2025-11-18;1;0
28;2025-11-18;2;0
28;2025-11-18;3;0
28;2025-11-18;4;2
28;2025-11-18;5;85
28;2025-11-18;6;284
28;2025-11-18;7;878
28;2025-11-18;8;1369
28;2025-11-18;9;930
28;2025-11-18;10;685
28;2025-11-18;11;608
28;2025-11-18;12;739
28;2025-11-18;13;762
28;2025-11-18;14;701
28;2025-11-18;15;739
28;2025-11-18;16;934
28;2025-11-18;17;1099
28;2025-11-18;18;1080
28;2025-11-18;19;802
28;2025-11-18;20;558
28;2025-11-18;21;341
28;2025-11-18;22;141
28;2025-11-18;23;21
28;2025-11-19;0;3
28;2025-11-19;1;0
28;2025-11-19;2;0
28;2025-11-19;3;0
28;2025-11-19;4;2
28;2025-11-19;5;85
28;2025-11-19;6;284
28;2025-11-19;7;878
28;2025-11-19;8;1369
28;2025-11-19;9;930
28;2025-11-19;10;685
28;2025-11-19;11;608
28;2025-11-19;12;739
28;2025-11-19;13;762
28;2025-11-19;14;701
28;2025-11-19;15;739
28;2025-11-19;16;934
28;2025-11-19;17;1099
28;2025-11-19;18;1080
28;2025-11-19;19;802
28;2025-11-19;20;558
28;2025-11-19;21;341
28;2025-11-19;22;141
28;2025-11-19;23;21
28;2025-11-20;0;3
28;2025-11-20;1;0
28;2025-11-20;2;0
28;2025-11-20;3;0
28;2025-11-20;4;2
28;2025-11-20;5;85
28;2025-11-20;6;284
28;2025-11-20;7;878
28;2025-11-20;8;1369
28;2025-11-20;9;930
28;2025-11-20;10;685
28;2025-11-20;11;608
28;2025-11-20;12;739
28;2025-11-20;13;762
28;2025-11-20;14;701
28;2025-11-20;15;739
28;2025-11-20;16;934
28;2025-11-20;17;1099
28;2025-11-20;18;1080
28;2025-11-20;19;802
28;2025-11-20;20;558
28;2025-11-20;21;341
28;2025-11-20;22;141
28;2025-11-20;23;21
28;2025-11-21;0;2
28;2025-11-21;1;0
28;2025-11-21;2;0
28;2025-11-21;3;0
28;2025-11-21;4;1
28;2025-11-21;5;77
28;2025-11-21;6;279
28;2025-11-21;7;859
28;2025-11-21;8;1307
28;2025-11-21;9;878
28;2025-11-21;10;667
28;2025-11-21;11;608
28;2025-11-21;12;760
28;2025-11-21;13;770
28;2025-11-21;14;746
28;2025-11-21;15;764
28;2025-11-21;16;1035
28;2025-11-21;17;1052
28;2025-11-21;18;891
28;2025-11-21;19;655
28;2025-11-21;20;479
28;2025-11-21;21;327
28;2025-11-21;22;147
28;2025-11-21;23;22
28;2025-11-22;0;1
28;2025-11-22;1;0
28;2025-11-22;2;0
28;2025-11-22;3;0
28;2025-11-22;4;1
28;2025-11-22;5;40
28;2025-11-22;6;109
28;2025-11-22;7;246
28;2025-11-22;8;416
28;2025-11-22;9;511
28;2025-11-22;10;544
28;2025-11-22;11;560
28;2025-11-22;12;651
28;2025-11-22;13;668
28;2025-11-22;14;647
28;2025-11-22;15;651
28;2025-11-22;16;647
28;2025-11-22;17;633
28;2025-11-22;18;555
28;2025-11-22;19;435
28;2025-11-22;20;315
28;2025-11-22;21;290
28;2025-11-22;22;125
28;2025-11-22;23;16
28;2025-11-23;0;1
28;2025-11-23;1;0
28;2025-11-23;2;0
28;2025-11-23;3;0
28;2025-11-23;4;0
28;2025-11-23;5;31
28;2025-11-23;6;84
28;2025-11-23;7;157
28;2025-11-23;8;260
28;2025-11-23;9;355
28;2025-11-23;10;399
28;2025-11-23;11;438
28;2025-11-23;12;472
28;2025-11-23;13;565
28;2025-11-23;14;530
28;2025-11-23;15;539
28;2025-11-23;16;497
28;2025-11-23;17;527
28;2025-11-23;18;440
28;2025-11-23;19;390
28;2025-11-23;20;304
28;2025-11-23;21;240
28;2025-11-23;22;113
28;2025-11-23;23;13
28;2025-11-24;0;3
28;2025-11-24;1;0
28;2025-11-24;2;0
28;2025-11-24;3;0
28;2025-11-24;4;2
28;2025-11-24;5;83
28;2025-11-24;6;276
28;2025-11-24;7;854
28;2025-11-24;8;1333
28;2025-11-24;9;905
28;2025-11-24;10;667
28;2025-11-24;11;592
28;2025-11-24;12;719
28;2025-11-24;13;742
28;2025-11-24;14;682
28;2025-11-24;15;719
28;2025-11-24;16;908
28;2025-11-24;17;1069
28;2025-11-24;18;1051
28;2025-11-24;19;780
28;2025-11-24;20;543
28;2025-11-24;21;332
28;2025-11-24;22;137
28;2025-11-24;23;20
28;2025-11-25;0;3
28;2025-11-25;1;0
28;2025-11-25;2;0
28;2025-11-25;3;0
28;2025-11-25;4;2
28;2025-11-25;5;85
28;2025-11-25;6;284
28;2025-11-25;7;878
28;2025-11-25;8;1369
28;2025-11-25;9;930
28;2025-11-25;10;685
28;2025-11-25;11;608
28;2025-11-25;12;739
28;2025-11-25;13;762
28;2025-11-25;14;701
28;2025-11-25;15;739
28;2025-11-25;16;934
28;2025-11-25;17;1099
28;2025-11-25;18;1080
28;2025-11-25;19;802
28;2025-11-25;20;558
28;2025-11-25;21;341
28;2025-11-25;22;141
28;2025-11-25;23;21
28;2025-11-26;0;3
28;2025-11-26;1;0
28;2025-11-26;2;0
28;2025-11-26;3;0
28;2025-11-26;4;2
28;2025-11-26;5;85
28;2025-11-26;6;284
28;2025-11-26;7;878
28;2025-11-26;8;1369
28;2025-11-26;9;930
28;2025-11-26;10;685
28;2025-11-26;11;608
28;2025-11-26;12;739
28;2025-11-26;13;762
28;2025-11-26;14;701
28;2025-11-26;15;739
28;2025-11-26;16;934
28;2025-11-26;17;1099
28;2025-11-26;18;1080
28;2025-11-26;19;802
28;2025-11-26;20;558
28;2025-11-26;21;341
28;2025-11-26;22;141
28;2025-11-26;23;21
28;2025-11-27;0;3
28;2025-11-27;1;0
28;2025-11-27;2;0
28;2025-11-27;3;0
28;2025-11-27;4;2
28;2025-11-27;5;85
28;2025-11-27;6;284
28;2025-11-27;7;878
28;2025-11-27;8;1369
28;2025-11-27;9;930
28;2025-11-27;10;685
28;2025-11-27;11;608
28;2025-11-27;12;739
28;2025-11-27;13;762
28;2025-11-27;14;701
28;2025-11-27;15;739
28;2025-11-27;16;934
28;2025-11-27;17;1099
28;2025-11-27;18;1080
28;2025-11-27;19;802
28;2025-11-27;20;558
28;2025-11-27;21;341
28;2025-11-27;22;141
28;2025-11-27;23;21
28;2025-11-28;0;2
28;2025-11-28;1;0
28;2025-11-28;2;0
28;2025-11-28;3;0
28;2025-11-28;4;1
28;2025-11-28;5;77
28;2025-11-28;6;279
28;2025-11-28;7;859
28;2025-11-28;8;1307
28;2025-11-28;9;878
28;2025-11-28;10;667
28;2025-11-28;11;608
28;2025-11-28;12;760
28;2025-11-28;13;770
28;2025-11-28;14;746
28;2025-11-28;15;764
28;2025-11-28;16;1035
28;2025-11-28;17;1052
28;2025-11-28;18;891
28;2025-11-28;19;655
28;2025-11-28;20;479
28;2025-11-28;21;327
28;2025-11-28;22;147
28;2025-11-28;23;22
28;2025-11-29;0;1
28;2025-11-29;1;0
28;2025-11-29;2;0
28;2025-11-29;3;0
28;2025-11-29;4;1
28;2025-11-29;5;40
28;2025-11-29;6;109
28;2025-11-29;7;246
28;2025-11-29;8;416
28;2025-11-29;9;511
28;2025-11-29;10;544
28;2025-11-29;11;560
28;2025-11-29;12;651
28;2025-11-29;13;668
28;2025-11-29;14;647
28;2025-11-29;15;651
28;2025-11-29;16;647
28;2025-11-29;17;633
28;2025-11-29;18;555
28;2025-11-29;19;435
28;2025-11-29;20;315
28;2025-11-29;21;290
28;2025-11-29;22;125
28;2025-11-29;23;16
28;2025-11-30;0;1
28;2025-11-30;1;0
28;2025-11-30;2;0
28;2025-11-30;3;0
28;2025-11-30;4;0
28;2025-11-30;5;31
28;2025-11-30;6;84
28;2025-11-30;7;157
28;2025-11-30;8;260
28;2025-11-30;9;355
28;2025-11-30;10;399
28;2025-11-30;11;438
28;2025-11-30;12;472
28;2025-11-30;13;565
28;2025-11-30;14;530
28;2025-11-30;15;539
28;2025-11-30;16;497
28;2025-11-30;17;527
28;2025-11-30;18;440
28;2025-11-30;19;390
28;2025-11-30;20;304
28;2025-11-30;21;240
28;2025-11-30;22;113
28;2025-11-30;23;13
28;2025-12-01;0;3
28;2025-12-01;1;0
28;2025-12-01;2;0
28;2025-12-01;3;0
28;2025-12-01;4;2
28;2025-12-01;5;83
28;2025-12-01;6;279
28;2025-12-01;7;860
28;2025-12-01;8;1330
28;2025-12-01;9;913
28;2025-12-01;10;671
28;2025-12-01;11;592
28;2025-12-01;12;716
28;2025-12-01;13;743
28;2025-12-01;14;679
28;2025-12-01;15;718
28;2025-12-01;16;904
28;2025-12-01;17;1063
28;2025-12-01;18;1048
28;2025-12-01;19;778
28;2025-12-01;20;542
28;2025-12-01;21;331
28;2025-12-01;22;140
28;2025-12-01;23;22
28;2025-12-02;0;3
28;2025-12-02;1;0
28;2025-12-02;2;0
28;2025-12-02;3;0
28;2025-12-02;4;2
28;2025-12-02;5;85
28;2025-12-02;6;287
28;2025-12-02;7;884
28;2025-12-02;8;1366
28;2025-12-02;9;938
28;2025-12-02;10;690
28;2025-12-02;11;609
28;2025-12-02;12;735
28;2025-12-02;13;763
28;2025-12-02;14;698
28;2025-12-02;15;738
28;2025-12-02;16;929
28;2025-12-02;17;1093
28;2025-12-02;18;1077
28;2025-12-02;19;800
28;2025-12-02;20;557
28;2025-12-02;21;340
28;2025-12-02;22;144
28;2025-12-02;23;22
28;2025-12-03;0;3
28;2025-12-03;1;0
28;2025-12-03;2;0
28;2025-12-03;3;0
28;2025-12-03;4;2
28;2025-12-03;5;85
28;2025-12-03;6;287
28;2025-12-03;7;884
28;2025-12-03;8;1366
28;2025-12-03;9;938
28;2025-12-03;10;690
28;2025-12-03;11;609
28;2025-12-03;12;735
28;2025-12-03;13;763
28;2025-12-03;14;698
28;2025-12-03;15;738
28;2025-12-03;16;929
28;2025-12-03;17;1093
28;2025-12-03;18;1077
28;2025-12-03;19;800
28;2025-12-03;20;557
28;2025-12-03;21;340
28;2025-12-03;22;144
28;2025-12-03;23;22
28;2025-12-04;0;3
28;2025-12-04;1;0
28;2025-12-04;2;0
28;2025-12-04;3;0
28;2025-12-04;4;2
28;2025-12-04;5;85
28;2025-12-04;6;287
28;2025-12-04;7;884
28;2025-12-04;8;1366
28;2025-12-04;9;938
28;2025-12-04;10;690
28;2025-12-04;11;609
28;2025-12-04;12;735
28;2025-12-04;13;763
28;2025-12-04;14;698
28;2025-12-04;15;738
28;2025-12-04;16;929
28;2025-12-04;17;1093
28;2025-12-04;18;1077
28;2025-12-04;19;800
28;2025-12-04;20;557
28;2025-12-04;21;340
28;2025-12-04;22;144
28;2025-12-04;23;22
28;2025-12-05;0;2
28;2025-12-05;1;0
28;2025-12-05;2;0
28;2025-12-05;3;0
28;2025-12-05;4;1
28;2025-12-05;5;77
28;2025-12-05;6;278
28;2025-12-05;7;855
28;2025-12-05;8;1298
28;2025-12-05;9;881
28;2025-12-05;10;670
28;2025-12-05;11;605
28;2025-12-05;12;749
28;2025-12-05;13;775
28;2025-12-05;14;748
28;2025-12-05;15;767
28;2025-12-05;16;1044
28;2025-12-05;17;1056
28;2025-12-05;18;887
28;2025-12-05;19;651
28;2025-12-05;20;487
28;2025-12-05;21;324
28;2025-12-05;22;150
28;2025-12-05;23;22
28;2025-12-06;0;1
28;2025-12-06;1;0
28;2025-12-06;2;0
28;2025-12-06;3;0
28;2025-12-06;4;1
28;2025-12-06;5;40
28;2025-12-06;6;108
28;2025-12-06;7;244
28;2025-12-06;8;410
28;2025-12-06;9;513
28;2025-12-06;10;544
28;2025-12-06;11;562
28;2025-12-06;12;651
28;2025-12-06;13;670
28;2025-12-06;14;654
28;2025-12-06;15;648
28;2025-12-06;16;643
28;2025-12-06;17;631
28;2025-12-06;18;555
28;2025-12-06;19;439
28;2025-12-06;20;316
28;2025-12-06;21;292
28;2025-12-06;22;127
28;2025-12-06;23;16
28;2025-12-07;0;1
28;2025-12-07;1;0
28;2025-12-07;2;0
28;2025-12-07;3;0
28;2025-12-07;4;1
28;2025-12-07;5;31
28;2025-12-07;6;85
28;2025-12-07;7;154
28;2025-12-07;8;259
28;2025-12-07;9;351
28;2025-12-07;10;395
28;2025-12-07;11;433
28;2025-12-07;12;472
28;2025-12-07;13;562
28;2025-12-07;14;527
28;2025-12-07;15;538
28;2025-12-07;16;500
28;2025-12-07;17;528
28;2025-12-07;18;438
28;2025-12-07;19;386
28;2025-12-07;20;303
28;2025-12-07;21;239
28;2025-12-07;22;113
28;2025-12-07;23;12
28;2025-12-08;0;3
28;2025-12-08;1;0
28;2025-12-08;2;0
28;2025-12-08;3;0
28;2025-12-08;4;2
28;2025-12-08;5;83
28;2025-12-08;6;279
28;2025-12-08;7;860
28;2025-12-08;8;1330
28;2025-12-08;9;913
28;2025-12-08;10;671
28;2025-12-08;11;592
28;2025-12-08;12;716
28;2025-12-08;13;743
28;2025-12-08;14;679
28;2025-12-08;15;718
28;2025-12-08;16;904
28;2025-12-08;17;1063
28;2025-12-08;18;1048
28;2025-12-08;19;778
28;2025-12-08;20;542
28;2025-12-08;21;331
28;2025-12-08;22;140
28;2025-12-08;23;22
28;2025-12-09;0;3
28;2025-12-09;1;0
28;2025-12-09;2;0
28;2025-12-09;3;0
28;2025-12-09;4;2
28;2025-12-09;5;85
28;2025-12-09;6;287
28;2025-12-09;7;884
28;2025-12-09;8;1366
28;2025-12-09;9;938
28;2025-12-09;10;690
28;2025-12-09;11;609
28;2025-12-09;12;735
28;2025-12-09;13;763
28;2025-12-09;14;698
28;2025-12-09;15;738
28;2025-12-09;16;929
28;2025-12-09;17;1093
28;2025-12-09;18;1077
28;2025-12-09;19;800
28;2025-12-09;20;557
28;2025-12-09;21;340
28;2025-12-09;22;144
28;2025-12-09;23;22
28;2025-12-10;0;3
28;2025-12-10;1;0
28;2025-12-10;2;0
28;2025-12-10;3;0
28;2025-12-10;4;2
28;2025-12-10;5;85
28;2025-12-10;6;287
28;2025-12-10;7;884
28;2025-12-10;8;1366
28;2025-12-10;9;938
28;2025-12-10;10;690
28;2025-12-10;11;609
28;2025-12-10;12;735
28;2025-12-10;13;763
28;2025-12-10;14;698
28;2025-12-10;15;738
28;2025-12-10;16;929
28;2025-12-10;17;1093
28;2025-12-10;18;1077
28;2025-12-10;19;800
28;2025-12-10;20;557
28;2025-12-10;21;340
28;2025-12-10;22;144
28;2025-12-10;23;22
28;2025-12-11;0;3
28;2025-12-11;1;0
28;2025-12-11;2;0
28;2025-12-11;3;0
28;2025-12-11;4;2
28;2025-12-11;5;85
28;2025-12-11;6;287
28;2025-12-11;7;884
28;2025-12-11;8;1366
28;2025-12-11;9;938
28;2025-12-11;10;690
28;2025-12-11;11;609
28;2025-12-11;12;735
28;2025-12-11;13;763
28;2025-12-11;14;698
28;2025-12-11;15;738
28;2025-12-11;16;929
28;2025-12-11;17;1093
28;2025-12-11;18;1077
28;2025-12-11;19;800
28;2025-12-11;20;557
28;2025-12-11;21;340
28;2025-12-11;22;144
28;2025-12-11;23;22
28;2025-12-12;0;2
28;2025-12-12;1;0
28;2025-12-12;2;0
28;2025-12-12;3;0
28;2025-12-12;4;1
28;2025-12-12;5;77
28;2025-12-12;6;278
28;2025-12-12;7;855
28;2025-12-12;8;1298
28;2025-12-12;9;881
28;2025-12-12;10;670
28;2025-12-12;11;605
28;2025-12-12;12;749
28;2025-12-12;13;775
28;2025-12-12;14;748
28;2025-12-12;15;767
28;2025-12-12;16;1044
28;2025-12-12;17;1056
28;2025-12-12;18;887
28;2025-12-12;19;651
28;2025-12-12;20;487
28;2025-12-12;21;324
28;2025-12-12;22;150
28;2025-12-12;23;22
28;2025-12-13;0;1
28;2025-12-13;1;0
28;2025-12-13;2;0
28;2025-12-13;3;0
28;2025-12-13;4;1
28;2025-12-13;5;40
28;2025-12-13;6;108
28;2025-12-13;7;244
28;2025-12-13;8;410
28;2025-12-13;9;513
28;2025-12-13;10;544
28;2025-12-13;11;562
28;2025-12-13;12;651
28;2025-12-13;13;670
28;2025-12-13;14;654
28;2025-12-13;15;648
28;2025-12-13;16;643
28;2025-12-13;17;631
28;2025-12-13;18;555
28;2025-12-13;19;439
28;2025-12-13;20;316
28;2025-12-13;21;292
28;2025-12-13;22;127
28;2025-12-13;23;16
28;2025-12-14;0;1
28;2025-12-14;1;0
28;2025-12-14;2;0
28;2025-12-14;3;0
28;2025-12-14;4;1
28;2025-12-14;5;31
28;2025-12-14;6;85
28;2025-12-14;7;154
28;2025-12-14;8;259
28;2025-12-14;9;351
28;2025-12-14;10;395
28;2025-12-14;11;433
28;2025-12-14;12;472
28;2025-12-14;13;562
28;2025-12-14;14;527
28;2025-12-14;15;538
28;2025-12-14;16;500
28;2025-12-14;17;528
28;2025-12-14;18;438
28;2025-12-14;19;386
28;2025-12-14;20;303
28;2025-12-14;21;239
28;2025-12-14;22;113
28;2025-12-14;23;12
28;2025-12-15;0;3
28;2025-12-15;1;0
28;2025-12-15;2;0
28;2025-12-15;3;0
28;2025-12-15;4;2
28;2025-12-15;5;83
28;2025-12-15;6;279
28;2025-12-15;7;860
28;2025-12-15;8;1330
28;2025-12-15;9;913
28;2025-12-15;10;671
28;2025-12-15;11;592
28;2025-12-15;12;716
28;2025-12-15;13;743
28;2025-12-15;14;679
28;2025-12-15;15;718
28;2025-12-15;16;904
28;2025-12-15;17;1063
28;2025-12-15;18;1048
28;2025-12-15;19;778
28;2025-12-15;20;542
28;2025-12-15;21;331
28;2025-12-15;22;140
28;2025-12-15;23;22
28;2025-12-16;0;3
28;2025-12-16;1;0
28;2025-12-16;2;0
28;2025-12-16;3;0
28;2025-12-16;4;2
28;2025-12-16;5;85
28;2025-12-16;6;287
28;2025-12-16;7;884
28;2025-12-16;8;1366
28;2025-12-16;9;938
28;2025-12-16;10;690
28;2025-12-16;11;609
28;2025-12-16;12;735
28;2025-12-16;13;763
28;2025-12-16;14;698
28;2025-12-16;15;738
28;2025-12-16;16;929
28;2025-12-16;17;1093
28;2025-12-16;18;1077
28;2025-12-16;19;800
28;2025-12-16;20;557
28;2025-12-16;21;340
28;2025-12-16;22;144
28;2025-12-16;23;22
28;2025-12-17;0;3
28;2025-12-17;1;0
28;2025-12-17;2;0
28;2025-12-17;3;0
28;2025-12-17;4;2
28;2025-12-17;5;85
28;2025-12-17;6;287
28;2025-12-17;7;884
28;2025-12-17;8;1366
28;2025-12-17;9;938
28;2025-12-17;10;690
28;2025-12-17;11;609
28;2025-12-17;12;735
28;2025-12-17;13;763
28;2025-12-17;14;698
28;2025-12-17;15;738
28;2025-12-17;16;929
28;2025-12-17;17;1093
28;2025-12-17;18;1077
28;2025-12-17;19;800
28;2025-12-17;20;557
28;2025-12-17;21;340
28;2025-12-17;22;144
28;2025-12-17;23;22
28;2025-12-18;0;3
28;2025-12-18;1;0
28;2025-12-18;2;0
28;2025-12-18;3;0
28;2025-12-18;4;2
28;2025-12-18;5;85
28;2025-12-18;6;287
28;2025-12-18;7;884
28;2025-12-18;8;1366
28;2025-12-18;9;938
28;2025-12-18;10;690
28;2025-12-18;11;609
28;2025-12-18;12;735
28;2025-12-18;13;763
28;2025-12-18;14;698
28;2025-12-18;15;738
28;2025-12-18;16;929
28;2025-12-18;17;1093
28;2025-12-18;18;1077
28;2025-12-18;19;800
28;2025-12-18;20;557
28;2025-12-18;21;340
28;2025-12-18;22;144
28;2025-12-18;23;22
28;2025-12-19;0;2
28;2025-12-19;1;0
28;2025-12-19;2;0
28;2025-12-19;3;0
28;2025-12-19;4;1
28;2025-12-19;5;77
28;2025-12-19;6;278
28;2025-12-19;7;855
28;2025-12-19;8;1298
28;2025-12-19;9;881
28;2025-12-19;10;670
28;2025-12-19;11;605
28;2025-12-19;12;749
28;2025-12-19;13;775
28;2025-12-19;14;748
28;2025-12-19;15;767
28;2025-12-19;16;1044
28;2025-12-19;17;1056
28;2025-12-19;18;887
28;2025-12-19;19;651
28;2025-12-19;20;487
28;2025-12-19;21;324
28;2025-12-19;22;150
28;2025-12-19;23;22
28;2025-12-20;0;1
28;2025-12-20;1;0
28;2025-12-20;2;0
28;2025-12-20;3;0
28;2025-12-20;4;1
28;2025-12-20;5;40
28;2025-12-20;6;108
28;2025-12-20;7;244
28;2025-12-20;8;410
28;2025-12-20;9;513
28;2025-12-20;10;544
28;2025-12-20;11;562
28;2025-12-20;12;651
28;2025-12-20;13;670
28;2025-12-20;14;654
28;2025-12-20;15;648
28;2025-12-20;16;643
28;2025-12-20;17;631
28;2025-12-20;18;555
28;2025-12-20;19;439
28;2025-12-20;20;316
28;2025-12-20;21;292
28;2025-12-20;22;127
28;2025-12-20;23;16
28;2025-12-21;0;1
28;2025-12-21;1;0
28;2025-12-21;2;0
28;2025-12-21;3;0
28;2025-12-21;4;1
28;2025-12-21;5;31
28;2025-12-21;6;85
28;2025-12-21;7;154
28;2025-12-21;8;259
28;2025-12-21;9;351
28;2025-12-21;10;395
28;2025-12-21;11;433
28;2025-12-21;12;472
28;2025-12-21;13;562
28;2025-12-21;14;527
28;2025-12-21;15;538
28;2025-12-21;16;500
28;2025-12-21;17;528
28;2025-12-21;18;438
28;2025-12-21;19;386
28;2025-12-21;20;303
28;2025-12-21;21;239
28;2025-12-21;22;113
28;2025-12-21;23;12
28;2025-12-22;0;3
28;2025-12-22;1;0
28;2025-12-22;2;0
28;2025-12-22;3;0
28;2025-12-22;4;2
28;2025-12-22;5;83
28;2025-12-22;6;279
28;2025-12-22;7;860
28;2025-12-22;8;1330
28;2025-12-22;9;913
28;2025-12-22;10;671
28;2025-12-22;11;592
28;2025-12-22;12;716
28;2025-12-22;13;743
28;2025-12-22;14;679
28;2025-12-22;15;718
28;2025-12-22;16;904
28;2025-12-22;17;1063
28;2025-12-22;18;1048
28;2025-12-22;19;778
28;2025-12-22;20;542
28;2025-12-22;21;331
28;2025-12-22;22;140
28;2025-12-22;23;22
28;2025-12-23;0;3
28;2025-12-23;1;0
28;2025-12-23;2;0
28;2025-12-23;3;0
28;2025-12-23;4;2
28;2025-12-23;5;85
28;2025-12-23;6;287
28;2025-12-23;7;884
28;2025-12-23;8;1366
28;2025-12-23;9;938
28;2025-12-23;10;690
28;2025-12-23;11;609
28;2025-12-23;12;735
28;2025-12-23;13;763
28;2025-12-23;14;698
28;2025-12-23;15;738
28;2025-12-23;16;929
28;2025-12-23;17;1093
28;2025-12-23;18;1077
28;2025-12-23;19;800
28;2025-12-23;20;557
28;2025-12-23;21;340
28;2025-12-23;22;144
28;2025-12-23;23;22
28;2025-12-24;0;3
28;2025-12-24;1;0
28;2025-12-24;2;0
28;2025-12-24;3;0
28;2025-12-24;4;2
28;2025-12-24;5;85
28;2025-12-24;6;287
28;2025-12-24;7;884
28;2025-12-24;8;1366
28;2025-12-24;9;938
28;2025-12-24;10;690
28;2025-12-24;11;609
28;2025-12-24;12;735
28;2025-12-24;13;763
28;2025-12-24;14;698
28;2025-12-24;15;738
28;2025-12-24;16;929
28;2025-12-24;17;1093
28;2025-12-24;18;1077
28;2025-12-24;19;800
28;2025-12-24;20;557
28;2025-12-24;21;340
28;2025-12-24;22;144
28;2025-12-24;23;22
28;2025-12-25;0;3
28;2025-12-25;1;0
28;2025-12-25;2;0
28;2025-12-25;3;0
28;2025-12-25;4;2
28;2025-12-25;5;85
28;2025-12-25;6;287
28;2025-12-25;7;884
28;2025-12-25;8;1366
28;2025-12-25;9;938
28;2025-12-25;10;690
28;2025-12-25;11;609
28;2025-12-25;12;735
28;2025-12-25;13;763
28;2025-12-25;14;698
28;2025-12-25;15;738
28;2025-12-25;16;929
28;2025-12-25;17;1093
28;2025-12-25;18;1077
28;2025-12-25;19;800
28;2025-12-25;20;557
28;2025-12-25;21;340
28;2025-12-25;22;144
28;2025-12-25;23;22
28;2025-12-26;0;2
28;2025-12-26;1;0
28;2025-12-26;2;0
28;2025-12-26;3;0
28;2025-12-26;4;1
28;2025-12-26;5;77
28;2025-12-26;6;278
28;2025-12-26;7;855
28;2025-12-26;8;1298
28;2025-12-26;9;881
28;2025-12-26;10;670
28;2025-12-26;11;605
28;2025-12-26;12;749
28;2025-12-26;13;775
28;2025-12-26;14;748
28;2025-12-26;15;767
28;2025-12-26;16;1044
28;2025-12-26;17;1056
28;2025-12-26;18;887
28;2025-12-26;19;651
28;2025-12-26;20;487
28;2025-12-26;21;324
28;2025-12-26;22;150
28;2025-12-26;23;22
28;2025-12-27;0;1
28;2025-12-27;1;0
28;2025-12-27;2;0
28;2025-12-27;3;0
28;2025-12-27;4;1
28;2025-12-27;5;40
28;2025-12-27;6;108
28;2025-12-27;7;244
28;2025-12-27;8;410
28;2025-12-27;9;513
28;2025-12-27;10;544
28;2025-12-27;11;562
28;2025-12-27;12;651
28;2025-12-27;13;670
28;2025-12-27;14;654
28;2025-12-27;15;648
28;2025-12-27;16;643
28;2025-12-27;17;631
28;2025-12-27;18;555
28;2025-12-27;19;439
28;2025-12-27;20;316
28;2025-12-27;21;292
28;2025-12-27;22;127
28;2025-12-27;23;16
28;2025-12-28;0;1
28;2025-12-28;1;0
28;2025-12-28;2;0
28;2025-12-28;3;0
28;2025-12-28;4;1
28;2025-12-28;5;31
28;2025-12-28;6;85
28;2025-12-28;7;154
28;2025-12-28;8;259
28;2025-12-28;9;351
28;2025-12-28;10;395
28;2025-12-28;11;433
28;2025-12-28;12;472
28;2025-12-28;13;562
28;2025-12-28;14;527
28;2025-12-28;15;538
28;2025-12-28;16;500
28;2025-12-28;17;528
28;2025-12-28;18;438
28;2025-12-28;19;386
28;2025-12-28;20;303
28;2025-12-28;21;239
28;2025-12-28;22;113
28;2025-12-28;23;12
28;2025-12-29;0;2
28;2025-12-29;1;0
28;2025-12-29;2;0
28;2025-12-29;3;0
28;2025-12-29;4;2
28;2025-12-29;5;75
28;2025-12-29;6;251
28;2025-12-29;7;774
28;2025-12-29;8;1197
28;2025-12-29;9;822
28;2025-12-29;10;604
28;2025-12-29;11;533
28;2025-12-29;12;644
28;2025-12-29;13;669
28;2025-12-29;14;611
28;2025-12-29;15;646
28;2025-12-29;16;813
28;2025-12-29;17;957
28;2025-12-29;18;943
28;2025-12-29;19;701
28;2025-12-29;20;488
28;2025-12-29;21;298
28;2025-12-29;22;126
28;2025-12-29;23;19
28;2025-12-30;0;2
28;2025-12-30;1;0
28;2025-12-30;2;0
28;2025-12-30;3;0
28;2025-12-30;4;2
28;2025-12-30;5;72
28;2025-12-30;6;244
28;2025-12-30;7;751
28;2025-12-30;8;1161
28;2025-12-30;9;797
28;2025-12-30;10;586
28;2025-12-30;11;517
28;2025-12-30;12;625
28;2025-12-30;13;649
28;2025-12-30;14;593
28;2025-12-30;15;627
28;2025-12-30;16;789
28;2025-12-30;17;929
28;2025-12-30;18;915
28;2025-12-30;19;680
28;2025-12-30;20;474
28;2025-12-30;21;289
28;2025-12-30;22;123
28;2025-12-30;23;19
28;2025-12-31;0;1
28;2025-12-31;1;0
28;2025-12-31;2;0
28;2025-12-31;3;0
28;2025-12-31;4;1
28;2025-12-31;5;20
28;2025-12-31;6;55
28;2025-12-31;7;124
28;2025-12-31;8;209
28;2025-12-31;9;261
28;2025-12-31;10;277
28;2025-12-31;11;286
28;2025-12-31;12;332
28;2025-12-31;13;341
28;2025-12-31;14;333
28;2025-12-31;15;330
28;2025-12-31;16;327
28;2025-12-31;17;322
28;2025-12-31;18;283
28;2025-12-31;19;223
28;2025-12-31;20;16
28;2025-12-31;21;15
28;2025-12-31;22;6
28;2025-12-31;23;1
50;2025-11-01;0;55
50;2025-11-01;1;6
50;2025-11-01;2;0
50;2025-11-01;3;0
50;2025-11-01;4;3
50;2025-11-01;5;60
50;2025-11-01;6;497
50;2025-11-01;7;1599
50;2025-11-01;8;2512
50;2025-11-01;9;1933
50;2025-11-01;10;1420
50;2025-11-01;11;1474
50;2025-11-01;12;1388
50;2025-11-01;13;1411
50;2025-11-01;14;1346
50;2025-11-01;15;1656
50;2025-11-01;16;2001
50;2025-11-01;17;2003
50;2025-11-01;18;1627
50;2025-11-01;19;1131
50;2025-11-01;20;771
50;2025-11-01;21;528
50;2025-11-01;22;275
50;2025-11-01;23;159
50;2025-11-02;0;0
50;2025-11-02;1;0
50;2025-11-02;2;0
50;2025-11-02;3;0
50;2025-11-02;4;0
50;2025-11-02;5;0
50;2025-11-02;6;1
50;2025-11-02;7;1
50;2025-11-02;8;2
50;2025-11-02;9;1
50;2025-11-02;10;4
50;2025-11-02;11;13
50;2025-11-02;12;10
50;2025-11-02;13;12
50;2025-11-02;14;21
50;2025-11-02;15;17
50;2025-11-02;16;20
50;2025-11-02;17;18
50;2025-11-02;18;11
50;2025-11-02;19;12
50;2025-11-02;20;8
50;2025-11-02;21;5
50;2025-11-02;22;6
50;2025-11-02;23;2
50;2025-11-03;0;6
50;2025-11-03;1;1
50;2025-11-03;2;0
50;2025-11-03;3;0
50;2025-11-03;4;0
50;2025-11-03;5;1
50;2025-11-03;6;1
50;2025-11-03;7;2
50;2025-11-03;8;5
50;2025-11-03;9;8
50;2025-11-03;10;5
50;2025-11-03;11;11
50;2025-11-03;12;13
50;2025-11-03;13;11
50;2025-11-03;14;17
50;2025-11-03;15;18
50;2025-11-03;16;16
50;2025-11-03;17;15
50;2025-11-03;18;7
50;2025-11-03;19;7
50;2025-11-03;20;5
50;2025-11-03;21;4
50;2025-11-03;22;4
50;2025-11-03;23;1
50;2025-11-04;0;6
50;2025-11-04;1;1
50;2025-11-04;2;0
50;2025-11-04;3;0
50;2025-11-04;4;0
50;2025-11-04;5;1
50;2025-11-04;6;1
50;2025-11-04;7;2
50;2025-11-04;8;5
50;2025-11-04;9;8
50;2025-11-04;10;5
50;2025-11-04;11;11
50;2025-11-04;12;13
50;2025-11-04;13;11
50;2025-11-04;14;17
50;2025-11-04;15;18
50;2025-11-04;16;16
50;2025-11-04;17;15
50;2025-11-04;18;7
50;2025-11-04;19;7
50;2025-11-04;20;5
50;2025-11-04;21;4
50;2025-11-04;22;4
50;2025-11-04;23;1
50;2025-11-05;0;33
50;2025-11-05;1;4
50;2025-11-05;2;0
50;2025-11-05;3;0
50;2025-11-05;4;3
50;2025-11-05;5;74
50;2025-11-05;6;565
50;2025-11-05;7;1834
50;2025-11-05;8;2898
50;2025-11-05;9;2270
50;2025-11-05;10;1760
50;2025-11-05;11;1641
50;2025-11-05;12;1538
50;2025-11-05;13;1548
50;2025-11-05;14;1496
50;2025-11-05;15;1769
50;2025-11-05;16;1760
50;2025-11-05;17;2550
50;2025-11-05;18;2693
50;2025-11-05;19;1554
50;2025-11-05;20;961
50;2025-11-05;21;660
50;2025-11-05;22;284
50;2025-11-05;23;146
50;2025-11-06;0;33
50;2025-11-06;1;4
50;2025-11-06;2;0
50;2025-11-06;3;0
50;2025-11-06;4;3
50;2025-11-06;5;74
50;2025-11-06;6;565
50;2025-11-06;7;1834
50;2025-11-06;8;2898
50;2025-11-06;9;2270
50;2025-11-06;10;1760
50;2025-11-06;11;1641
50;2025-11-06;12;1538
50;2025-11-06;13;1548
50;2025-11-06;14;1496
50;2025-11-06;15;1769
50;2025-11-06;16;1760
50;2025-11-06;17;2550
50;2025-11-06;18;2693
50;2025-11-06;19;1554
50;2025-11-06;20;961
50;2025-11-06;21;660
50;2025-11-06;22;284
50;2025-11-06;23;146
50;2025-11-07;0;42
50;2025-11-07;1;3
50;2025-11-07;2;0
50;2025-11-07;3;0
50;2025-11-07;4;3
50;2025-11-07;5;68
50;2025-11-07;6;565
50;2025-11-07;7;1818
50;2025-11-07;8;2855
50;2025-11-07;9;2197
50;2025-11-07;10;1614
50;2025-11-07;11;1676
50;2025-11-07;12;1577
50;2025-11-07;13;1604
50;2025-11-07;14;1529
50;2025-11-07;15;1882
50;2025-11-07;16;2275
50;2025-11-07;17;2277
50;2025-11-07;18;1849
50;2025-11-07;19;1286
50;2025-11-07;20;876
50;2025-11-07;21;601
50;2025-11-07;22;312
50;2025-11-07;23;180
50;2025-11-08;0;21
50;2025-11-08;1;2
50;2025-11-08;2;0
50;2025-11-08;3;1
50;2025-11-08;4;0
50;2025-11-08;5;3
50;2025-11-08;6;4
50;2025-11-08;7;7
50;2025-11-08;8;14
50;2025-11-08;9;27
50;2025-11-08;10;10
50;2025-11-08;11;17
50;2025-11-08;12;30
50;2025-11-08;13;20
50;2025-11-08;14;25
50;2025-11-08;15;36
50;2025-11-08;16;23
50;2025-11-08;17;23
50;2025-11-08;18;5
50;2025-11-08;19;5
50;2025-11-08;20;3
50;2025-11-08;21;4
50;2025-11-08;22;4
50;2025-11-08;23;1
50;2025-11-09;0;0
50;2025-11-09;1;0
50;2025-11-09;2;0
50;2025-11-09;3;0
50;2025-11-09;4;0
50;2025-11-09;5;0
50;2025-11-09;6;1
50;2025-11-09;7;1
50;2025-11-09;8;2
50;2025-11-09;9;1
50;2025-11-09;10;4
50;2025-11-09;11;13
50;2025-11-09;12;10
50;2025-11-09;13;12
50;2025-11-09;14;21
50;2025-11-09;15;17
50;2025-11-09;16;20
50;2025-11-09;17;18
50;2025-11-09;18;11
50;2025-11-09;19;12
50;2025-11-09;20;8
50;2025-11-09;21;5
50;2025-11-09;22;6
50;2025-11-09;23;2
50;2025-11-10;0;32
50;2025-11-10;1;4
50;2025-11-10;2;0
50;2025-11-10;3;0
50;2025-11-10;4;3
50;2025-11-10;5;72
50;2025-11-10;6;549
50;2025-11-10;7;1784
50;2025-11-10;8;2821
50;2025-11-10;9;2209
50;2025-11-10;10;1713
50;2025-11-10;11;1597
50;2025-11-10;12;1496
50;2025-11-10;13;1506
50;2025-11-10;14;1456
50;2025-11-10;15;1721
50;2025-11-10;16;1712
50;2025-11-10;17;2482
50;2025-11-10;18;2620
50;2025-11-10;19;1512
50;2025-11-10;20;935
50;2025-11-10;21;642
50;2025-11-10;22;276
50;2025-11-10;23;142
50;2025-11-11;0;33
50;2025-11-11;1;4
50;2025-11-11;2;0
50;2025-11-11;3;0
50;2025-11-11;4;3
50;2025-11-11;5;74
50;2025-11-11;6;565
50;2025-11-11;7;1834
50;2025-11-11;8;2898
50;2025-11-11;9;2270
50;2025-11-11;10;1760
50;2025-11-11;11;1641
50;2025-11-11;12;1538
50;2025-11-11;13;1548
50;2025-11-11;14;1496
50;2025-11-11;15;1769
50;2025-11-11;16;1760
50;2025-11-11;17;2550
50;2025-11-11;18;2693
50;2025-11-11;19;1554
50;2025-11-11;20;961
50;2025-11-11;21;660
50;2025-11-11;22;284
50;2025-11-11;23;146
50;2025-11-12;0;33
50;2025-11-12;1;4
50;2025-11-12;2;0
50;2025-11-12;3;0
50;2025-11-12;4;3
50;2025-11-12;5;74
50;2025-11-12;6;565
50;2025-11-12;7;1834
50;2025-11-12;8;2898
50;2025-11-12;9;2270
50;2025-11-12;10;1760
50;2025-11-12;11;1641
50;2025-11-12;12;1538
50;2025-11-12;13;1548
50;2025-11-12;14;1496
50;2025-11-12;15;1769
50;2025-11-12;16;1760
50;2025-11-12;17;2550
50;2025-11-12;18;2693
50;2025-11-12;19;1554
50;2025-11-12;20;961
50;2025-11-12;21;660
50;2025-11-12;22;284
50;2025-11-12;23;146
50;2025-11-13;0;33
50;2025-11-13;1;4
50;2025-11-13;2;0
50;2025-11-13;3;0
50;2025-11-13;4;3
50;2025-11-13;5;74
50;2025-11-13;6;565
50;2025-11-13;7;1834
50;2025-11-13;8;2898
50;2025-11-13;9;2270
50;2025-11-13;10;1760
50;2025-11-13;11;1641
50;2025-11-13;12;1538
50;2025-11-13;13;1548
50;2025-11-13;14;1496
50;2025-11-13;15;1769
50;2025-11-13;16;1760
50;2025-11-13;17;2550
50;2025-11-13;18;2693
50;2025-11-13;19;1554
50;2025-11-13;20;961
50;2025-11-13;21;660
50;2025-11-13;22;284
50;2025-11-13;23;146
50;2025-11-14;0;42
50;2025-11-14;1;3
50;2025-11-14;2;0
50;2025-11-14;3;0
50;2025-11-14;4;3
50;2025-11-14;5;68
50;2025-11-14;6;565
50;2025-11-14;7;1818
50;2025-11-14;8;2855
50;2025-11-14;9;2197
50;2025-11-14;10;1614
50;2025-11-14;11;1676
50;2025-11-14;12;1577
50;2025-11-14;13;1604
50;2025-11-14;14;1529
50;2025-11-14;15;1882
50;2025-11-14;16;2275
50;2025-11-14;17;2277
50;2025-11-14;18;1849
50;2025-11-14;19;1286
50;2025-11-14;20;876
50;2025-11-14;21;601
50;2025-11-14;22;312
50;2025-11-14;23;180
50;2025-11-15;0;71
50;2025-11-15;1;4
50;2025-11-15;2;0
50;2025-11-15;3;0
50;2025-11-15;4;1
50;2025-11-15;5;31
50;2025-11-15;6;179
50;2025-11-15;7;425
50;2025-11-15;8;659
50;2025-11-15;9;710
50;2025-11-15;10;681
50;2025-11-15;11;892
50;2025-11-15;12;914
50;2025-11-15;13;964
50;2025-11-15;14;980
50;2025-11-15;15;935
50;2025-11-15;16;898
50;2025-11-15;17;888
50;2025-11-15;18;777
50;2025-11-15;19;665
50;2025-11-15;20;489
50;2025-11-15;21;401
50;2025-11-15;22;259
50;2025-11-15;23;151
50;2025-11-16;0;53
50;2025-11-16;1;7
50;2025-11-16;2;0
50;2025-11-16;3;0
50;2025-11-16;4;1
50;2025-11-16;5;25
50;2025-11-16;6;119
50;2025-11-16;7;226
50;2025-11-16;8;342
50;2025-11-16;9;444
50;2025-11-16;10;497
50;2025-11-16;11;628
50;2025-11-16;12;736
50;2025-11-16;13;797
50;2025-11-16;14;847
50;2025-11-16;15;737
50;2025-11-16;16;782
50;2025-11-16;17;745
50;2025-11-16;18;672
50;2025-11-16;19;565
50;2025-11-16;20;460
50;2025-11-16;21;354
50;2025-11-16;22;231
50;2025-11-16;23;108
50;2025-11-17;0;32
50;2025-11-17;1;4
50;2025-11-17;2;0
50;2025-11-17;3;0
50;2025-11-17;4;3
50;2025-11-17;5;72
50;2025-11-17;6;549
50;2025-11-17;7;1784
50;2025-11-17;8;2821
50;2025-11-17;9;2209
50;2025-11-17;10;1713
50;2025-11-17;11;1597
50;2025-11-17;12;1496
50;2025-11-17;13;1506
50;2025-11-17;14;1456
50;2025-11-17;15;1721
50;2025-11-17;16;1712
50;2025-11-17;17;2482
50;2025-11-17;18;2620
50;2025-11-17;19;1512
50;2025-11-17;20;935
50;2025-11-17;21;642
50;2025-11-17;22;276
50;2025-11-17;23;142
50;2025-11-18;0;33
50;2025-11-18;1;4
50;2025-11-18;2;0
50;2025-11-18;3;0
50;2025-11-18;4;3
50;2025-11-18;5;74
50;2025-11-18;6;565
50;2025-11-18;7;1834
50;2025-11-18;8;2898
50;2025-11-18;9;2270
50;2025-11-18;10;1760
50;2025-11-18;11;1641
50;2025-11-18;12;1538
50;2025-11-18;13;1548
50;2025-11-18;14;1496
50;2025-11-18;15;1769
50;2025-11-18;16;1760
50;2025-11-18;17;2550
50;2025-11-18;18;2693
50;2025-11-18;19;1554
50;2025-11-18;20;961
50;2025-11-18;21;660
50;2025-11-18;22;284
50;2025-11-18;23;146
50;2025-11-19;0;33
50;2025-11-19;1;4
50;2025-11-19;2;0
50;2025-11-19;3;0
50;2025-11-19;4;3
50;2025-11-19;5;74
50;2025-11-19;6;565
50;2025-11-19;7;1834
50;2025-11-19;8;2898
50;2025-11-19;9;2270
50;2025-11-19;10;1760
50;2025-11-19;11;1641
50;2025-11-19;12;1538
50;2025-11-19;13;1548
50;2025-11-19;14;1496
50;2025-11-19;15;1769
50;2025-11-19;16;1760
50;2025-11-19;17;2550
50;2025-11-19;18;2693
50;2025-11-19;19;1554
50;2025-11-19;20;961
50;2025-11-19;21;660
50;2025-11-19;22;284
50;2025-11-19;23;146
50;2025-11-20;0;33
50;2025-11-20;1;4
50;2025-11-20;2;0
50;2025-11-20;3;0
50;2025-11-20;4;3
50;2025-11-20;5;74
50;2025-11-20;6;565
50;2025-11-20;7;1834
50;2025-11-20;8;2898
50;2025-11-20;9;2270
50;2025-11-20;10;1760
50;2025-11-20;11;1641
50;2025-11-20;12;1538
50;2025-11-20;13;1548
50;2025-11-20;14;1496
50;2025-11-20;15;1769
50;2025-11-20;16;1760
50;2025-11-20;17;2550
50;2025-11-20;18;2693
50;2025-11-20;19;1554
50;2025-11-20;20;961
50;2025-11-20;21;660
50;2025-11-20;22;284
50;2025-11-20;23;146
50;2025-11-21;0;42
50;2025-11-21;1;3
50;2025-11-21;2;0
50;2025-11-21;3;0
50;2025-11-21;4;3
50;2025-11-21;5;68
50;2025-11-21;6;565
50;2025-11-21;7;1818
50;2025-11-21;8;2855
50;2025-11-21;9;2197
50;2025-11-21;10;1614
50;2025-11-21;11;1676
50;2025-11-21;12;1577
50;2025-11-21;13;1604
50;2025-11-21;14;1529
50;2025-11-21;15;1882
50;2025-11-21;16;2275
50;2025-11-21;17;2277
50;2025-11-21;18;1849
50;2025-11-21;19;1286
50;2025-11-21;20;876
50;2025-11-21;21;601
50;2025-11-21;22;312
50;2025-11-21;23;180
50;2025-11-22;0;71
50;2025-11-22;1;4
50;2025-11-22;2;0
50;2025-11-22;3;0
50;2025-11-22;4;1
50;2025-11-22;5;31
50;2025-11-22;6;179
50;2025-11-22;7;425
50;2025-11-22;8;659
50;2025-11-22;9;710
50;2025-11-22;10;681
50;2025-11-22;11;892
50;2025-11-22;12;914
50;2025-11-22;13;964
50;2025-11-22;14;980
50;2025-11-22;15;935
50;2025-11-22;16;898
50;2025-11-22;17;888
50;2025-11-22;18;777
50;2025-11-22;19;665
50;2025-11-22;20;489
50;2025-11-22;21;401
50;2025-11-22;22;259
50;2025-11-22;23;151
50;2025-11-23;0;53
50;2025-11-23;1;7
50;2025-11-23;2;0
50;2025-11-23;3;0
50;2025-11-23;4;1
50;2025-11-23;5;25
50;2025-11-23;6;119
50;2025-11-23;7;226
50;2025-11-23;8;342
50;2025-11-23;9;444
50;2025-11-23;10;497
50;2025-11-23;11;628
50;2025-11-23;12;736
50;2025-11-23;13;797
50;2025-11-23;14;847
50;2025-11-23;15;737
50;2025-11-23;16;782
50;2025-11-23;17;745
50;2025-11-23;18;672
50;2025-11-23;19;565
50;2025-11-23;20;460
50;2025-11-23;21;354
50;2025-11-23;22;231
50;2025-11-23;23;108
50;2025-11-24;0;32
50;2025-11-24;1;4
50;2025-11-24;2;0
50;2025-11-24;3;0
50;2025-11-24;4;3
50;2025-11-24;5;72
50;2025-11-24;6;549
50;2025-11-24;7;1784
50;2025-11-24;8;2821
50;2025-11-24;9;2209
50;2025-11-24;10;1713
50;2025-11-24;11;1597
50;2025-11-24;12;1496
50;2025-11-24;13;1506
50;2025-11-24;14;1456
50;2025-11-24;15;1721
50;2025-11-24;16;1712
50;2025-11-24;17;2482
50;2025-11-24;18;2620
50;2025-11-24;19;1512
50;2025-11-24;20;935
50;2025-11-24;21;642
50;2025-11-24;22;276
50;2025-11-24;23;142
50;2025-11-25;0;33
50;2025-11-25;1;4
50;2025-11-25;2;0
50;2025-11-25;3;0
50;2025-11-25;4;3
50;2025-11-25;5;74
50;2025-11-25;6;565
50;2025-11-25;7;1834
50;2025-11-25;8;2898
50;2025-11-25;9;2270
50;2025-11-25;10;1760
50;2025-11-25;11;1641
50;2025-11-25;12;1538
50;2025-11-25;13;1548
50;2025-11-25;14;1496
50;2025-11-25;15;1769
50;2025-11-25;16;1760
50;2025-11-25;17;2550
50;2025-11-25;18;2693
50;2025-11-25;19;1554
50;2025-11-25;20;961
50;2025-11-25;21;660
50;2025-11-25;22;284
50;2025-11-25;23;146
50;2025-11-26;0;33
50;2025-11-26;1;4
50;2025-11-26;2;0
50;2025-11-26;3;0
50;2025-11-26;4;3
50;2025-11-26;5;74
50;2025-11-26;6;565
50;2025-11-26;7;1834
50;2025-11-26;8;2898
50;2025-11-26;9;2270
50;2025-11-26;10;1760
50;2025-11-26;11;1641
50;2025-11-26;12;1538
50;2025-11-26;13;1548
50;2025-11-26;14;1496
50;2025-11-26;15;1769
50;2025-11-26;16;1760
50;2025-11-26;17;2550
50;2025-11-26;18;2693
50;2025-11-26;19;1554
50;2025-11-26;20;961
50;2025-11-26;21;660
50;2025-11-26;22;284
50;2025-11-26;23;146
50;2025-11-27;0;33
50;2025-11-27;1;4
50;2025-11-27;2;0
50;2025-11-27;3;0
50;2025-11-27;4;3
50;2025-11-27;5;74
50;2025-11-27;6;565
50;2025-11-27;7;1834
50;2025-11-27;8;2898
50;2025-11-27;9;2270
50;2025-11-27;10;1760
50;2025-11-27;11;1641
50;2025-11-27;12;1538
50;2025-11-27;13;1548
50;2025-11-27;14;1496
50;2025-11-27;15;1769
50;2025-11-27;16;1760
50;2025-11-27;17;2550
50;2025-11-27;18;2693
50;2025-11-27;19;1554
50;2025-11-27;20;961
50;2025-11-27;21;660
50;2025-11-27;22;284
50;2025-11-27;23;146
50;2025-11-28;0;42
50;2025-11-28;1;3
50;2025-11-28;2;0
50;2025-11-28;3;0
50;2025-11-28;4;3
50;2025-11-28;5;68
50;2025-11-28;6;565
50;2025-11-28;7;1818
50;2025-11-28;8;2855
50;2025-11-28;9;2197
50;2025-11-28;10;1614
50;2025-11-28;11;1676
50;2025-11-28;12;1577
50;2025-11-28;13;1604
50;2025-11-28;14;1529
50;2025-11-28;15;1882
50;2025-11-28;16;2275
50;2025-11-28;17;2277
50;2025-11-28;18;1849
50;2025-11-28;19;1286
50;2025-11-28;20;876
50;2025-11-28;21;601
50;2025-11-28;22;312
50;2025-11-28;23;180
50;2025-11-29;0;71
50;2025-11-29;1;4
50;2025-11-29;2;0
50;2025-11-29;3;0
50;2025-11-29;4;1
50;2025-11-29;5;31
50;2025-11-29;6;179
50;2025-11-29;7;425
50;2025-11-29;8;659
50;2025-11-29;9;710
50;2025-11-29;10;681
50;2025-11-29;11;892
50;2025-11-29;12;914
50;2025-11-29;13;964
50;2025-11-29;14;980
50;2025-11-29;15;935
50;2025-11-29;16;898
50;2025-11-29;17;888
50;2025-11-29;18;777
50;2025-11-29;19;665
50;2025-11-29;20;489
50;2025-11-29;21;401
50;2025-11-29;22;259
50;2025-11-29;23;151
50;2025-11-30;0;53
50;2025-11-30;1;7
50;2025-11-30;2;0
50;2025-11-30;3;0
50;2025-11-30;4;1
50;2025-11-30;5;25
50;2025-11-30;6;119
50;2025-11-30;7;226
50;2025-11-30;8;342
50;2025-11-30;9;444
50;2025-11-30;10;497
50;2025-11-30;11;628
50;2025-11-30;12;736
50;2025-11-30;13;797
50;2025-11-30;14;847
50;2025-11-30;15;737
50;2025-11-30;16;782
50;2025-11-30;17;745
50;2025-11-30;18;672
50;2025-11-30;19;565
50;2025-11-30;20;460
50;2025-11-30;21;354
50;2025-11-30;22;231
50;2025-11-30;23;108
50;2025-12-01;0;34
50;2025-12-01;1;4
50;2025-12-01;2;0
50;2025-12-01;3;0
50;2025-12-01;4;3
50;2025-12-01;5;72
50;2025-12-01;6;552
50;2025-12-01;7;1792
50;2025-12-01;8;2808
50;2025-12-01;9;2195
50;2025-12-01;10;1702
50;2025-12-01;11;1605
50;2025-12-01;12;1501
50;2025-12-01;13;1498
50;2025-12-01;14;1453
50;2025-12-01;15;1725
50;2025-12-01;16;1711
50;2025-12-01;17;2483
50;2025-12-01;18;2635
50;2025-12-01;19;1525
50;2025-12-01;20;928
50;2025-12-01;21;639
50;2025-12-01;22;281
50;2025-12-01;23;141
50;2025-12-02;0;35
50;2025-12-02;1;4
50;2025-12-02;2;0
50;2025-12-02;3;0
50;2025-12-02;4;3
50;2025-12-02;5;74
50;2025-12-02;6;567
50;2025-12-02;7;1841
50;2025-12-02;8;2886
50;2025-12-02;9;2256
50;2025-12-02;10;1749
50;2025-12-02;11;1649
50;2025-12-02;12;1543
50;2025-12-02;13;1539
50;2025-12-02;14;1493
50;2025-12-02;15;1773
50;2025-12-02;16;1758
50;2025-12-02;17;2551
50;2025-12-02;18;2708
50;2025-12-02;19;1567
50;2025-12-02;20;954
50;2025-12-02;21;656
50;2025-12-02;22;289
50;2025-12-02;23;144
50;2025-12-03;0;35
50;2025-12-03;1;4
50;2025-12-03;2;0
50;2025-12-03;3;0
50;2025-12-03;4;3
50;2025-12-03;5;74
50;2025-12-03;6;567
50;2025-12-03;7;1841
50;2025-12-03;8;2886
50;2025-12-03;9;2256
50;2025-12-03;10;1749
50;2025-12-03;11;1649
50;2025-12-03;12;1543
50;2025-12-03;13;1539
50;2025-12-03;14;1493
50;2025-12-03;15;1773
50;2025-12-03;16;1758
50;2025-12-03;17;2551
50;2025-12-03;18;2708
50;2025-12-03;19;1567
50;2025-12-03;20;954
50;2025-12-03;21;656
50;2025-12-03;22;289
50;2025-12-03;23;144
50;2025-12-04;0;35
50;2025-12-04;1;4
50;2025-12-04;2;0
50;2025-12-04;3;0
50;2025-12-04;4;3
50;2025-12-04;5;74
50;2025-12-04;6;567
50;2025-12-04;7;1841
50;2025-12-04;8;2886
50;2025-12-04;9;2256
50;2025-12-04;10;1749
50;2025-12-04;11;1649
50;2025-12-04;12;1543
50;2025-12-04;13;1539
50;2025-12-04;14;1493
50;2025-12-04;15;1773
50;2025-12-04;16;1758
50;2025-12-04;17;2551
50;2025-12-04;18;2708
50;2025-12-04;19;1567
50;2025-12-04;20;954
50;2025-12-04;21;656
50;2025-12-04;22;289
50;2025-12-04;23;144
50;2025-12-05;0;43
50;2025-12-05;1;3
50;2025-12-05;2;0
50;2025-12-05;3;0
50;2025-12-05;4;3
50;2025-12-05;5;67
50;2025-12-05;6;570
50;2025-12-05;7;1808
50;2025-12-05;8;2836
50;2025-12-05;9;2177
50;2025-12-05;10;1617
50;2025-12-05;11;1689
50;2025-12-05;12;1594
50;2025-12-05;13;1601
50;2025-12-05;14;1527
50;2025-12-05;15;1890
50;2025-12-05;16;2247
50;2025-12-05;17;2275
50;2025-12-05;18;1879
50;2025-12-05;19;1290
50;2025-12-05;20;869
50;2025-12-05;21;605
50;2025-12-05;22;317
50;2025-12-05;23;182
50;2025-12-06;0;71
50;2025-12-06;1;4
50;2025-12-06;2;0
50;2025-12-06;3;0
50;2025-12-06;4;1
50;2025-12-06;5;31
50;2025-12-06;6;179
50;2025-12-06;7;425
50;2025-12-06;8;659
50;2025-12-06;9;710
50;2025-12-06;10;681
50;2025-12-06;11;892
50;2025-12-06;12;914
50;2025-12-06;13;964
50;2025-12-06;14;980
50;2025-12-06;15;935
50;2025-12-06;16;898
50;2025-12-06;17;888
50;2025-12-06;18;777
50;2025-12-06;19;665
50;2025-12-06;20;489
50;2025-12-06;21;401
50;2025-12-06;22;259
50;2025-12-06;23;151
50;2025-12-07;0;53
50;2025-12-07;1;7
50;2025-12-07;2;0
50;2025-12-07;3;0
50;2025-12-07;4;1
50;2025-12-07;5;25
50;2025-12-07;6;119
50;2025-12-07;7;226
50;2025-12-07;8;342
50;2025-12-07;9;444
50;2025-12-07;10;497
50;2025-12-07;11;628
50;2025-12-07;12;736
50;2025-12-07;13;797
50;2025-12-07;14;847
50;2025-12-07;15;737
50;2025-12-07;16;782
50;2025-12-07;17;745
50;2025-12-07;18;672
50;2025-12-07;19;565
50;2025-12-07;20;460
50;2025-12-07;21;354
50;2025-12-07;22;231
50;2025-12-07;23;108
50;2025-12-08;0;34
50;2025-12-08;1;4
50;2025-12-08;2;0
50;2025-12-08;3;0
50;2025-12-08;4;3
50;2025-12-08;5;72
50;2025-12-08;6;552
50;2025-12-08;7;1792
50;2025-12-08;8;2808
50;2025-12-08;9;2195
50;2025-12-08;10;1702
50;2025-12-08;11;1605
50;2025-12-08;12;1501
50;2025-12-08;13;1498
50;2025-12-08;14;1453
50;2025-12-08;15;1725
50;2025-12-08;16;1711
50;2025-12-08;17;2483
50;2025-12-08;18;2635
50;2025-12-08;19;1525
50;2025-12-08;20;928
50;2025-12-08;21;639
50;2025-12-08;22;281
50;2025-12-08;23;141
50;2025-12-09;0;35
50;2025-12-09;1;4
50;2025-12-09;2;0
50;2025-12-09;3;0
50;2025-12-09;4;3
50;2025-12-09;5;74
50;2025-12-09;6;567
50;2025-12-09;7;1841
50;2025-12-09;8;2886
50;2025-12-09;9;2256
50;2025-12-09;10;1749
50;2025-12-09;11;1649
50;2025-12-09;12;1543
50;2025-12-09;13;1539
50;2025-12-09;14;1493
50;2025-12-09;15;1773
50;2025-12-09;16;1758
50;2025-12-09;17;2551
50;2025-12-09;18;2708
50;2025-12-09;19;1567
50;2025-12-09;20;954
50;2025-12-09;21;656
50;2025-12-09;22;289
50;2025-12-09;23;144
50;2025-12-10;0;35
50;2025-12-10;1;4
50;2025-12-10;2;0
50;2025-12-10;3;0
50;2025-12-10;4;3
50;2025-12-10;5;74
50;2025-12-10;6;567
50;2025-12-10;7;1841
50;2025-12-10;8;2886
50;2025-12-10;9;2256
50;2025-12-10;10;1749
50;2025-12-10;11;1649
50;2025-12-10;12;1543
50;2025-12-10;13;1539
50;2025-12-10;14;1493
50;2025-12-10;15;1773
50;2025-12-10;16;1758
50;2025-12-10;17;2551
50;2025-12-10;18;2708
50;2025-12-10;19;1567
50;2025-12-10;20;954
50;2025-12-10;21;656
50;2025-12-10;22;289
50;2025-12-10;23;144
50;2025-12-11;0;35
50;2025-12-11;1;4
50;2025-12-11;2;0
50;2025-12-11;3;0
50;2025-12-11;4;3
50;2025-12-11;5;74
50;2025-12-11;6;567
50;2025-12-11;7;1841
50;2025-12-11;8;2886
50;2025-12-11;9;2256
50;2025-12-11;10;1749
50;2025-12-11;11;1649
50;2025-12-11;12;1543
50;2025-12-11;13;1539
50;2025-12-11;14;1493
50;2025-12-11;15;1773
50;2025-12-11;16;1758
50;2025-12-11;17;2551
50;2025-12-11;18;2708
50;2025-12-11;19;1567
50;2025-12-11;20;954
50;2025-12-11;21;656
50;2025-12-11;22;289
50;2025-12-11;23;144
50;2025-12-12;0;43
50;2025-12-12;1;3
50;2025-12-12;2;0
50;2025-12-12;3;0
50;2025-12-12;4;3
50;2025-12-12;5;67
50;2025-12-12;6;570
50;2025-12-12;7;1808
50;2025-12-12;8;2836
50;2025-12-12;9;2177
50;2025-12-12;10;1617
50;2025-12-12;11;1689
50;2025-12-12;12;1594
50;2025-12-12;13;1601
50;2025-12-12;14;1527
50;2025-12-12;15;1890
50;2025-12-12;16;2247
50;2025-12-12;17;2275
50;2025-12-12;18;1879
50;2025-12-12;19;1290
50;2025-12-12;20;869
50;2025-12-12;21;605
50;2025-12-12;22;317
50;2025-12-12;23;182
50;2025-12-13;0;71
50;2025-12-13;1;4
50;2025-12-13;2;0
50;2025-12-13;3;0
50;2025-12-13;4;1
50;2025-12-13;5;31
50;2025-12-13;6;179
50;2025-12-13;7;425
50;2025-12-13;8;659
50;2025-12-13;9;710
50;2025-12-13;10;681
50;2025-12-13;11;892
50;2025-12-13;12;914
50;2025-12-13;13;964
50;2025-12-13;14;980
50;2025-12-13;15;935
50;2025-12-13;16;898
50;2025-12-13;17;888
50;2025-12-13;18;777
50;2025-12-13;19;665
50;2025-12-13;20;489
50;2025-12-13;21;401
50;2025-12-13;22;259
50;2025-12-13;23;151
50;2025-12-14;0;53
50;2025-12-14;1;7
50;2025-12-14;2;0
50;2025-12-14;3;0
50;2025-12-14;4;1
50;2025-12-14;5;25
50;2025-12-14;6;119
50;2025-12-14;7;226
50;2025-12-14;8;342
50;2025-12-14;9;444
50;2025-12-14;10;497
50;2025-12-14;11;628
50;2025-12-14;12;736
50;2025-12-14;13;797
50;2025-12-14;14;847
50;2025-12-14;15;737
50;2025-12-14;16;782
50;2025-12-14;17;745
50;2025-12-14;18;672
50;2025-12-14;19;565
50;2025-12-14;20;460
50;2025-12-14;21;354
50;2025-12-14;22;231
50;2025-12-14;23;108
50;2025-12-15;0;34
50;2025-12-15;1;4
50;2025-12-15;2;0
50;2025-12-15;3;0
50;2025-12-15;4;3
50;2025-12-15;5;72
50;2025-12-15;6;552
50;2025-12-15;7;1792
50;2025-12-15;8;2808
50;2025-12-15;9;2195
50;2025-12-15;10;1702
50;2025-12-15;11;1605
50;2025-12-15;12;1501
50;2025-12-15;13;1498
50;2025-12-15;14;1453
50;2025-12-15;15;1725
50;2025-12-15;16;1711
50;2025-12-15;17;2483
50;2025-12-15;18;2635
50;2025-12-15;19;1525
50;2025-12-15;20;928
50;2025-12-15;21;639
50;2025-12-15;22;281
50;2025-12-15;23;141
50;2025-12-16;0;35
50;2025-12-16;1;4
50;2025-12-16;2;0
50;2025-12-16;3;0
50;2025-12-16;4;3
50;2025-12-16;5;74
50;2025-12-16;6;567
50;2025-12-16;7;1841
50;2025-12-16;8;2886
50;2025-12-16;9;2256
50;2025-12-16;10;1749
50;2025-12-16;11;1649
50;2025-12-16;12;1543
50;2025-12-16;13;1539
50;2025-12-16;14;1493
50;2025-12-16;15;1773
50;2025-12-16;16;1758
50;2025-12-16;17;2551
50;2025-12-16;18;2708
50;2025-12-16;19;1567
50;2025-12-16;20;954
50;2025-12-16;21;656
50;2025-12-16;22;289
50;2025-12-16;23;144
50;2025-12-17;0;35
50;2025-12-17;1;4
50;2025-12-17;2;0
50;2025-12-17;3;0
50;2025-12-17;4;3
50;2025-12-17;5;74
50;2025-12-17;6;567
50;2025-12-17;7;1841
50;2025-12-17;8;2886
50;2025-12-17;9;2256
50;2025-12-17;10;1749
50;2025-12-17;11;1649
50;2025-12-17;12;1543
50;2025-12-17;13;1539
50;2025-12-17;14;1493
50;2025-12-17;15;1773
50;2025-12-17;16;1758
50;2025-12-17;17;2551
50;2025-12-17;18;2708
50;2025-12-17;19;1567
50;2025-12-17;20;954
50;2025-12-17;21;656
50;2025-12-17;22;289
50;2025-12-17;23;144
50;2025-12-18;0;35
50;2025-12-18;1;4
50;2025-12-18;2;0
50;2025-12-18;3;0
50;2025-12-18;4;3
50;2025-12-18;5;74
50;2025-12-18;6;567
50;2025-12-18;7;1841
50;2025-12-18;8;2886
50;2025-12-18;9;2256
50;2025-12-18;10;1749
50;2025-12-18;11;1649
50;2025-12-18;12;1543
50;2025-12-18;13;1539
50;2025-12-18;14;1493
50;2025-12-18;15;1773
50;2025-12-18;16;1758
50;2025-12-18;17;2551
50;2025-12-18;18;2708
50;2025-12-18;19;1567
50;2025-12-18;20;954
50;2025-12-18;21;656
50;2025-12-18;22;289
50;2025-12-18;23;144
50;2025-12-19;0;43
50;2025-12-19;1;3
50;2025-12-19;2;0
50;2025-12-19;3;0
50;2025-12-19;4;3
50;2025-12-19;5;67
50;2025-12-19;6;570
50;2025-12-19;7;1808
50;2025-12-19;8;2836
50;2025-12-19;9;2177
50;2025-12-19;10;1617
50;2025-12-19;11;1689
50;2025-12-19;12;1594
50;2025-12-19;13;1601
50;2025-12-19;14;1527
50;2025-12-19;15;1890
50;2025-12-19;16;2247
50;2025-12-19;17;2275
50;2025-12-19;18;1879
50;2025-12-19;19;1290
50;2025-12-19;20;869
50;2025-12-19;21;605
50;2025-12-19;22;317
50;2025-12-19;23;182
50;2025-12-20;0;71
50;2025-12-20;1;4
50;2025-12-20;2;0
50;2025-12-20;3;0
50;2025-12-20;4;1
50;2025-12-20;5;31
50;2025-12-20;6;179
50;2025-12-20;7;425
50;2025-12-20;8;659
50;2025-12-20;9;710
50;2025-12-20;10;681
50;2025-12-20;11;892
50;2025-12-20;12;914
50;2025-12-20;13;964
50;2025-12-20;14;980
50;2025-12-20;15;935
50;2025-12-20;16;898
50;2025-12-20;17;888
50;2025-12-20;18;777
50;2025-12-20;19;665
50;2025-12-20;20;489
50;2025-12-20;21;401
50;2025-12-20;22;259
50;2025-12-20;23;151
50;2025-12-21;0;53
50;2025-12-21;1;7
50;2025-12-21;2;0
50;2025-12-21;3;0
50;2025-12-21;4;1
50;2025-12-21;5;25
50;2025-12-21;6;119
50;2025-12-21;7;226
50;2025-12-21;8;342
50;2025-12-21;9;444
50;2025-12-21;10;497
50;2025-12-21;11;628
50;2025-12-21;12;736
50;2025-12-21;13;797
50;2025-12-21;14;847
50;2025-12-21;15;737
50;2025-12-21;16;782
50;2025-12-21;17;745
50;2025-12-21;18;672
50;2025-12-21;19;565
50;2025-12-21;20;460
50;2025-12-21;21;354
50;2025-12-21;22;231
50;2025-12-21;23;108
50;2025-12-22;0;34
50;2025-12-22;1;4
50;2025-12-22;2;0
50;2025-12-22;3;0
50;2025-12-22;4;3
50;2025-12-22;5;72
50;2025-12-22;6;552
50;2025-12-22;7;1792
50;2025-12-22;8;2808
50;2025-12-22;9;2195
50;2025-12-22;10;1702
50;2025-12-22;11;1605
50;2025-12-22;12;1501
50;2025-12-22;13;1498
50;2025-12-22;14;1453
50;2025-12-22;15;1725
50;2025-12-22;16;1711
50;2025-12-22;17;2483
50;2025-12-22;18;2635
50;2025-12-22;19;1525
50;2025-12-22;20;928
50;2025-12-22;21;639
50;2025-12-22;22;281
50;2025-12-22;23;141
50;2025-12-23;0;35
50;2025-12-23;1;4
50;2025-12-23;2;0
50;2025-12-23;3;0
50;2025-12-23;4;3
50;2025-12-23;5;74
50;2025-12-23;6;567
50;2025-12-23;7;1841
50;2025-12-23;8;2886
50;2025-12-23;9;2256
50;2025-12-23;10;1749
50;2025-12-23;11;1649
50;2025-12-23;12;1543
50;2025-12-23;13;1539
50;2025-12-23;14;1493
50;2025-12-23;15;1773
50;2025-12-23;16;1758
50;2025-12-23;17;2551
50;2025-12-23;18;2708
50;2025-12-23;19;1567
50;2025-12-23;20;954
50;2025-12-23;21;656
50;2025-12-23;22;289
50;2025-12-23;23;144
50;2025-12-24;0;35
50;2025-12-24;1;4
50;2025-12-24;2;0
50;2025-12-24;3;0
50;2025-12-24;4;3
50;2025-12-24;5;74
50;2025-12-24;6;567
50;2025-12-24;7;1841
50;2025-12-24;8;2886
50;2025-12-24;9;2256
50;2025-12-24;10;1749
50;2025-12-24;11;1649
50;2025-12-24;12;1543
50;2025-12-24;13;1539
50;2025-12-24;14;1493
50;2025-12-24;15;1773
50;2025-12-24;16;1758
50;2025-12-24;17;2551
50;2025-12-24;18;2708
50;2025-12-24;19;1567
50;2025-12-24;20;954
50;2025-12-24;21;656
50;2025-12-24;22;289
50;2025-12-24;23;144
50;2025-12-25;0;35
50;2025-12-25;1;4
50;2025-12-25;2;0
50;2025-12-25;3;0
50;2025-12-25;4;3
50;2025-12-25;5;74
50;2025-12-25;6;567
50;2025-12-25;7;1841
50;2025-12-25;8;2886
50;2025-12-25;9;2256
50;2025-12-25;10;1749
50;2025-12-25;11;1649
50;2025-12-25;12;1543
50;2025-12-25;13;1539
50;2025-12-25;14;1493
50;2025-12-25;15;1773
50;2025-12-25;16;1758
50;2025-12-25;17;2551
50;2025-12-25;18;2708
50;2025-12-25;19;1567
50;2025-12-25;20;954
50;2025-12-25;21;656
50;2025-12-25;22;289
50;2025-12-25;23;144
50;2025-12-26;0;43
50;2025-12-26;1;3
50;2025-12-26;2;0
50;2025-12-26;3;0
50;2025-12-26;4;3
50;2025-12-26;5;67
50;2025-12-26;6;570
50;2025-12-26;7;1808
50;2025-12-26;8;2836
50;2025-12-26;9;2177
50;2025-12-26;10;1617
50;2025-12-26;11;1689
50;2025-12-26;12;1594
50;2025-12-26;13;1601
50;2025-12-26;14;1527
50;2025-12-26;15;1890
50;2025-12-26;16;2247
50;2025-12-26;17;2275
50;2025-12-26;18;1879
50;2025-12-26;19;1290
50;2025-12-26;20;869
50;2025-12-26;21;605
50;2025-12-26;22;317
50;2025-12-26;23;182
50;2025-12-27;0;71
50;2025-12-27;1;4
50;2025-12-27;2;0
50;2025-12-27;3;0
50;2025-12-27;4;1
50;2025-12-27;5;31
50;2025-12-27;6;179
50;2025-12-27;7;425
50;2025-12-27;8;659
50;2025-12-27;9;710
50;2025-12-27;10;681
50;2025-12-27;11;892
50;2025-12-27;12;914
50;2025-12-27;13;964
50;2025-12-27;14;980
50;2025-12-27;15;935
50;2025-12-27;16;898
50;2025-12-27;17;888
50;2025-12-27;18;777
50;2025-12-27;19;665
50;2025-12-27;20;489
50;2025-12-27;21;401
50;2025-12-27;22;259
50;2025-12-27;23;151
50;2025-12-28;0;53
50;2025-12-28;1;7
50;2025-12-28;2;0
50;2025-12-28;3;0
50;2025-12-28;4;1
50;2025-12-28;5;25
50;2025-12-28;6;119
50;2025-12-28;7;226
50;2025-12-28;8;342
50;2025-12-28;9;444
50;2025-12-28;10;497
50;2025-12-28;11;628
50;2025-12-28;12;736
50;2025-12-28;13;797
50;2025-12-28;14;847
50;2025-12-28;15;737
50;2025-12-28;16;782
50;2025-12-28;17;745
50;2025-12-28;18;672
50;2025-12-28;19;565
50;2025-12-28;20;460
50;2025-12-28;21;354
50;2025-12-28;22;231
50;2025-12-28;23;108
50;2025-12-29;0;30
50;2025-12-29;1;3
50;2025-12-29;2;0
50;2025-12-29;3;0
50;2025-12-29;4;3
50;2025-12-29;5;64
50;2025-12-29;6;497
50;2025-12-29;7;1613
50;2025-12-29;8;2528
50;2025-12-29;9;1976
50;2025-12-29;10;1532
50;2025-12-29;11;1445
50;2025-12-29;12;1351
50;2025-12-29;13;1348
50;2025-12-29;14;1308
50;2025-12-29;15;1553
50;2025-12-29;16;1540
50;2025-12-29;17;2235
50;2025-12-29;18;2371
50;2025-12-29;19;1372
50;2025-12-29;20;835
50;2025-12-29;21;575
50;2025-12-29;22;253
50;2025-12-29;23;126
50;2025-12-30;0;30
50;2025-12-30;1;3
50;2025-12-30;2;0
50;2025-12-30;3;0
50;2025-12-30;4;2
50;2025-12-30;5;63
50;2025-12-30;6;482
50;2025-12-30;7;1565
50;2025-12-30;8;2453
50;2025-12-30;9;1917
50;2025-12-30;10;1487
50;2025-12-30;11;1402
50;2025-12-30;12;1311
50;2025-12-30;13;1308
50;2025-12-30;14;1269
50;2025-12-30;15;1507
50;2025-12-30;16;1495
50;2025-12-30;17;2169
50;2025-12-30;18;2301
50;2025-12-30;19;1332
50;2025-12-30;20;811
50;2025-12-30;21;558
50;2025-12-30;22;245
50;2025-12-30;23;123
50;2025-12-31;0;36
50;2025-12-31;1;2
50;2025-12-31;2;0
50;2025-12-31;3;0
50;2025-12-31;4;1
50;2025-12-31;5;16
50;2025-12-31;6;91
50;2025-12-31;7;217
50;2025-12-31;8;336
50;2025-12-31;9;362
50;2025-12-31;10;347
50;2025-12-31;11;455
50;2025-12-31;12;466
50;2025-12-31;13;491
50;2025-12-31;14;499
50;2025-12-31;15;476
50;2025-12-31;16;458
50;2025-12-31;17;453
50;2025-12-31;18;396
50;2025-12-31;19;339
50;2025-12-31;20;25
50;2025-12-31;21;20
50;2025-12-31;22;13
50;2025-12-31;23;8
