route;date;hour;prediction
1;2025-11-01;0;2
1;2025-11-01;1;0
1;2025-11-01;2;0
1;2025-11-01;3;0
1;2025-11-01;4;5
1;2025-11-01;5;125
1;2025-11-01;6;489
1;2025-11-01;7;1388
1;2025-11-01;8;1656
1;2025-11-01;9;1298
1;2025-11-01;10;1177
1;2025-11-01;11;1302
1;2025-11-01;12;1278
1;2025-11-01;13;1324
1;2025-11-01;14;1242
1;2025-11-01;15;1402
1;2025-11-01;16;1482
1;2025-11-01;17;1581
1;2025-11-01;18;1373
1;2025-11-01;19;1088
1;2025-11-01;20;770
1;2025-11-01;21;487
1;2025-11-01;22;213
1;2025-11-01;23;57
1;2025-11-02;0;0
1;2025-11-02;1;0
1;2025-11-02;2;0
1;2025-11-02;3;0
1;2025-11-02;4;0
1;2025-11-02;5;26
1;2025-11-02;6;130
1;2025-11-02;7;254
1;2025-11-02;8;354
1;2025-11-02;9;612
1;2025-11-02;10;728
1;2025-11-02;11;748
1;2025-11-02;12;887
1;2025-11-02;13;937
1;2025-11-02;14;836
1;2025-11-02;15;757
1;2025-11-02;16;688
1;2025-11-02;17;607
1;2025-11-02;18;520
1;2025-11-02;19;437
1;2025-11-02;20;371
1;2025-11-02;21;287
1;2025-11-02;22;116
1;2025-11-02;23;33
1;2025-11-03;0;3
1;2025-11-03;1;0
1;2025-11-03;2;0
1;2025-11-03;3;0
1;2025-11-03;4;0
1;2025-11-03;5;25
1;2025-11-03;6;127
1;2025-11-03;7;256
1;2025-11-03;8;353
1;2025-11-03;9;584
1;2025-11-03;10;697
1;2025-11-03;11;696
1;2025-11-03;12;844
1;2025-11-03;13;881
1;2025-11-03;14;809
1;2025-11-03;15;711
1;2025-11-03;16;639
1;2025-11-03;17;575
1;2025-11-03;18;492
1;2025-11-03;19;422
1;2025-11-03;20;349
1;2025-11-03;21;260
1;2025-11-03;22;109
1;2025-11-03;23;30
1;2025-11-04;0;3
1;2025-11-04;1;0
1;2025-11-04;2;0
1;2025-11-04;3;0
1;2025-11-04;4;0
1;2025-11-04;5;25
1;2025-11-04;6;127
1;2025-11-04;7;256
1;2025-11-04;8;353
1;2025-11-04;9;584
1;2025-11-04;10;697
1;2025-11-04;11;696
1;2025-11-04;12;844
1;2025-11-04;13;881
1;2025-11-04;14;809
1;2025-11-04;15;711
1;2025-11-04;16;639
1;2025-11-04;17;575
1;2025-11-04;18;492
1;2025-11-04;19;422
1;2025-11-04;20;349
1;2025-11-04;21;260
1;2025-11-04;22;109
1;2025-11-04;23;30
1;2025-11-05;0;4
1;2025-11-05;1;0
1;2025-11-05;2;0
1;2025-11-05;3;0
1;2025-11-05;4;9
1;2025-11-05;5;137
1;2025-11-05;6;578
1;2025-11-05;7;1564
1;2025-11-05;8;1989
1;2025-11-05;9;1534
1;2025-11-05;10;1390
1;2025-11-05;11;1428
1;2025-11-05;12;1485
1;2025-11-05;13;1510
1;2025-11-05;14;1458
1;2025-11-05;15;1623
1;2025-11-05;16;1612
1;2025-11-05;17;1825
1;2025-11-05;18;1882
1;2025-11-05;19;1404
1;2025-11-05;20;966
1;2025-11-05;21;531
1;2025-11-05;22;235
1;2025-11-05;23;53
1;2025-11-06;0;4
1;2025-11-06;1;0
1;2025-11-06;2;0
1;2025-11-06;3;0
1;2025-11-06;4;9
1;2025-11-06;5;137
1;2025-11-06;6;578
1;2025-11-06;7;1564
1;2025-11-06;8;1989
1;2025-11-06;9;1534
1;2025-11-06;10;1390
1;2025-11-06;11;1428
1;2025-11-06;12;1485
1;2025-11-06;13;1510
1;2025-11-06;14;1458
1;2025-11-06;15;1623
1;2025-11-06;16;1612
1;2025-11-06;17;1825
1;2025-11-06;18;1882
1;2025-11-06;19;1404
1;2025-11-06;20;966
1;2025-11-06;21;531
1;2025-11-06;22;235
1;2025-11-06;23;53
1;2025-11-07;0;6
1;2025-11-07;1;0
1;2025-11-07;2;0
1;2025-11-07;3;0
1;2025-11-07;4;6
1;2025-11-07;5;142
1;2025-11-07;6;556
1;2025-11-07;7;1578
1;2025-11-07;8;1883
1;2025-11-07;9;1476
1;2025-11-07;10;1338
1;2025-11-07;11;1480
1;2025-11-07;12;1453
1;2025-11-07;13;1505
1;2025-11-07;14;1412
1;2025-11-07;15;1593
1;2025-11-07;16;1684
1;2025-11-07;17;1797
1;2025-11-07;18;1561
1;2025-11-07;19;1236
1;2025-11-07;20;876
1;2025-11-07;21;554
1;2025-11-07;22;242
1;2025-11-07;23;65
1;2025-11-08;0;8
1;2025-11-08;1;0
1;2025-11-08;2;0
1;2025-11-08;3;0
1;2025-11-08;4;0
1;2025-11-08;5;33
1;2025-11-08;6;167
1;2025-11-08;7;348
1;2025-11-08;8;475
1;2025-11-08;9;754
1;2025-11-08;10;902
1;2025-11-08;11;876
1;2025-11-08;12;1087
1;2025-11-08;13;1121
1;2025-11-08;14;1059
1;2025-11-08;15;904
1;2025-11-08;16;804
1;2025-11-08;17;739
1;2025-11-08;18;630
1;2025-11-08;19;552
1;2025-11-08;20;445
1;2025-11-08;21;315
1;2025-11-08;22;139
1;2025-11-08;23;36
1;2025-11-09;0;0
1;2025-11-09;1;0
1;2025-11-09;2;0
1;2025-11-09;3;0
1;2025-11-09;4;0
1;2025-11-09;5;26
1;2025-11-09;6;130
1;2025-11-09;7;254
1;2025-11-09;8;354
1;2025-11-09;9;612
1;2025-11-09;10;728
1;2025-11-09;11;748
1;2025-11-09;12;887
1;2025-11-09;13;937
1;2025-11-09;14;836
1;2025-11-09;15;757
1;2025-11-09;16;688
1;2025-11-09;17;607
1;2025-11-09;18;520
1;2025-11-09;19;437
1;2025-11-09;20;371
1;2025-11-09;21;287
1;2025-11-09;22;116
1;2025-11-09;23;33
1;2025-11-10;0;4
1;2025-11-10;1;0
1;2025-11-10;2;0
1;2025-11-10;3;0
1;2025-11-10;4;8
1;2025-11-10;5;134
1;2025-11-10;6;562
1;2025-11-10;7;1522
1;2025-11-10;8;1936
1;2025-11-10;9;1493
1;2025-11-10;10;1353
1;2025-11-10;11;1390
1;2025-11-10;12;1445
1;2025-11-10;13;1470
1;2025-11-10;14;1419
1;2025-11-10;15;1580
1;2025-11-10;16;1569
1;2025-11-10;17;1776
1;2025-11-10;18;1831
1;2025-11-10;19;1366
1;2025-11-10;20;939
1;2025-11-10;21;517
1;2025-11-10;22;229
1;2025-11-10;23;52
1;2025-11-11;0;4
1;2025-11-11;1;0
1;2025-11-11;2;0
1;2025-11-11;3;0
1;2025-11-11;4;9
1;2025-11-11;5;137
1;2025-11-11;6;578
1;2025-11-11;7;1564
1;2025-11-11;8;1989
1;2025-11-11;9;1534
1;2025-11-11;10;1390
1;2025-11-11;11;1428
1;2025-11-11;12;1485
1;2025-11-11;13;1510
1;2025-11-11;14;1458
1;2025-11-11;15;1623
1;2025-11-11;16;1612
1;2025-11-11;17;1825
1;2025-11-11;18;1882
1;2025-11-11;19;1404
1;2025-11-11;20;966
1;2025-11-11;21;531
1;2025-11-11;22;235
1;2025-11-11;23;53
1;2025-11-12;0;4
1;2025-11-12;1;0
1;2025-11-12;2;0
1;2025-11-12;3;0
1;2025-11-12;4;9
1;2025-11-12;5;137
1;2025-11-12;6;578
1;2025-11-12;7;1564
1;2025-11-12;8;1989
1;2025-11-12;9;1534
1;2025-11-12;10;1390
1;2025-11-12;11;1428
1;2025-11-12;12;1485
1;2025-11-12;13;1510
1;2025-11-12;14;1458
1;2025-11-12;15;1623
1;2025-11-12;16;1612
1;2025-11-12;17;1825
1;2025-11-12;18;1882
1;2025-11-12;19;1404
1;2025-11-12;20;966
1;2025-11-12;21;531
1;2025-11-12;22;235
1;2025-11-12;23;53
1;2025-11-13;0;4
1;2025-11-13;1;0
1;2025-11-13;2;0
1;2025-11-13;3;0
1;2025-11-13;4;9
1;2025-11-13;5;137
1;2025-11-13;6;578
1;2025-11-13;7;1564
1;2025-11-13;8;1989
1;2025-11-13;9;1534
1;2025-11-13;10;1390
1;2025-11-13;11;1428
1;2025-11-13;12;1485
1;2025-11-13;13;1510
1;2025-11-13;14;1458
1;2025-11-13;15;1623
1;2025-11-13;16;1612
1;2025-11-13;17;1825
1;2025-11-13;18;1882
1;2025-11-13;19;1404
1;2025-11-13;20;966
1;2025-11-13;21;531
1;2025-11-13;22;235
1;2025-11-13;23;53
1;2025-11-14;0;6
1;2025-11-14;1;0
1;2025-11-14;2;0
1;2025-11-14;3;0
1;2025-11-14;4;6
1;2025-11-14;5;142
1;2025-11-14;6;556
1;2025-11-14;7;1578
1;2025-11-14;8;1883
1;2025-11-14;9;1476
1;2025-11-14;10;1338
1;2025-11-14;11;1480
1;2025-11-14;12;1453
1;2025-11-14;13;1505
1;2025-11-14;14;1412
1;2025-11-14;15;1593
1;2025-11-14;16;1684
1;2025-11-14;17;1797
1;2025-11-14;18;1561
1;2025-11-14;19;1236
1;2025-11-14;20;876
1;2025-11-14;21;554
1;2025-11-14;22;242
1;2025-11-14;23;65
1;2025-11-15;0;8
1;2025-11-15;1;0
1;2025-11-15;2;0
1;2025-11-15;3;0
1;2025-11-15;4;0
1;2025-11-15;5;33
1;2025-11-15;6;167
1;2025-11-15;7;348
1;2025-11-15;8;475
1;2025-11-15;9;754
1;2025-11-15;10;902
1;2025-11-15;11;876
1;2025-11-15;12;1087
1;2025-11-15;13;1121
1;2025-11-15;14;1059
1;2025-11-15;15;904
1;2025-11-15;16;804
1;2025-11-15;17;739
1;2025-11-15;18;630
1;2025-11-15;19;552
1;2025-11-15;20;445
1;2025-11-15;21;315
1;2025-11-15;22;139
1;2025-11-15;23;36
1;2025-11-16;0;0
1;2025-11-16;1;0
1;2025-11-16;2;0
1;2025-11-16;3;0
1;2025-11-16;4;0
1;2025-11-16;5;26
1;2025-11-16;6;130
1;2025-11-16;7;254
1;2025-11-16;8;354
1;2025-11-16;9;612
1;2025-11-16;10;728
1;2025-11-16;11;748
1;2025-11-16;12;887
1;2025-11-16;13;937
1;2025-11-16;14;836
1;2025-11-16;15;757
1;2025-11-16;16;688
1;2025-11-16;17;607
1;2025-11-16;18;520
1;2025-11-16;19;437
1;2025-11-16;20;371
1;2025-11-16;21;287
1;2025-11-16;22;116
1;2025-11-16;23;33
1;2025-11-17;0;4
1;2025-11-17;1;0
1;2025-11-17;2;0
1;2025-11-17;3;0
1;2025-11-17;4;8
1;2025-11-17;5;134
1;2025-11-17;6;562
1;2025-11-17;7;1522
1;2025-11-17;8;1936
1;2025-11-17;9;1493
1;2025-11-17;10;1353
1;2025-11-17;11;1390
1;2025-11-17;12;1445
1;2025-11-17;13;1470
1;2025-11-17;14;1419
1;2025-11-17;15;1580
1;2025-11-17;16;1569
1;2025-11-17;17;1776
1;2025-11-17;18;1831
1;2025-11-17;19;1366
1;2025-11-17;20;939
1;2025-11-17;21;517
1;2025-11-17;22;229
1;2025-11-17;23;52
1;2025-11-18;0;4
1;2025-11-18;1;0
1;2025-11-18;2;0
1;2025-11-18;3;0
1;2025-11-18;4;9
1;2025-11-18;5;137
1;2025-11-18;6;578
1;2025-11-18;7;1564
1;2025-11-18;8;1989
1;2025-11-18;9;1534
1;2025-11-18;10;1390
1;2025-11-18;11;1428
1;2025-11-18;12;1485
1;2025-11-18;13;1510
1;2025-11-18;14;1458
1;2025-11-18;15;1623
1;2025-11-18;16;1612
1;2025-11-18;17;1825
1;2025-11-18;18;1882
1;2025-11-18;19;1404
1;2025-11-18;20;966
1;2025-11-18;21;531
1;2025-11-18;22;235
1;2025-11-18;23;53
1;2025-11-19;0;4
1;2025-11-19;1;0
1;2025-11-19;2;0
1;2025-11-19;3;0
1;2025-11-19;4;9
1;2025-11-19;5;137
1;2025-11-19;6;578
1;2025-11-19;7;1564
1;2025-11-19;8;1989
1;2025-11-19;9;1534
1;2025-11-19;10;1390
1;2025-11-19;11;1428
1;2025-11-19;12;1485
1;2025-11-19;13;1510
1;2025-11-19;14;1458
1;2025-11-19;15;1623
1;2025-11-19;16;1612
1;2025-11-19;17;1825
1;2025-11-19;18;1882
1;2025-11-19;19;1404
1;2025-11-19;20;966
1;2025-11-19;21;531
1;2025-11-19;22;235
1;2025-11-19;23;53
1;2025-11-20;0;4
1;2025-11-20;1;0
1;2025-11-20;2;0
1;2025-11-20;3;0
1;2025-11-20;4;9
1;2025-11-20;5;137
1;2025-11-20;6;578
1;2025-11-20;7;1564
1;2025-11-20;8;1989
1;2025-11-20;9;1534
1;2025-11-20;10;1390
1;2025-11-20;11;1428
1;2025-11-20;12;1485
1;2025-11-20;13;1510
1;2025-11-20;14;1458
1;2025-11-20;15;1623
1;2025-11-20;16;1612
1;2025-11-20;17;1825
1;2025-11-20;18;1882
1;2025-11-20;19;1404
1;2025-11-20;20;966
1;2025-11-20;21;531
1;2025-11-20;22;235
1;2025-11-20;23;53
1;2025-11-21;0;6
1;2025-11-21;1;0
1;2025-11-21;2;0
1;2025-11-21;3;0
1;2025-11-21;4;6
1;2025-11-21;5;142
1;2025-11-21;6;556
1;2025-11-21;7;1578
1;2025-11-21;8;1883
1;2025-11-21;9;1476
1;2025-11-21;10;1338
1;2025-11-21;11;1480
1;2025-11-21;12;1453
1;2025-11-21;13;1505
1;2025-11-21;14;1412
1;2025-11-21;15;1593
1;2025-11-21;16;1684
1;2025-11-21;17;1797
1;2025-11-21;18;1561
1;2025-11-21;19;1236
1;2025-11-21;20;876
1;2025-11-21;21;554
1;2025-11-21;22;242
1;2025-11-21;23;65
1;2025-11-22;0;8
1;2025-11-22;1;0
1;2025-11-22;2;0
1;2025-11-22;3;0
1;2025-11-22;4;0
1;2025-11-22;5;33
1;2025-11-22;6;167
1;2025-11-22;7;348
1;2025-11-22;8;475
1;2025-11-22;9;754
1;2025-11-22;10;902
1;2025-11-22;11;876
1;2025-11-22;12;1087
1;2025-11-22;13;1121
1;2025-11-22;14;1059
1;2025-11-22;15;904
1;2025-11-22;16;804
1;2025-11-22;17;739
1;2025-11-22;18;630
1;2025-11-22;19;552
1;2025-11-22;20;445
1;2025-11-22;21;315
1;2025-11-22;22;139
1;2025-11-22;23;36
1;2025-11-23;0;0
1;2025-11-23;1;0
1;2025-11-23;2;0
1;2025-11-23;3;0
1;2025-11-23;4;0
1;2025-11-23;5;26
1;2025-11-23;6;130
1;2025-11-23;7;254
1;2025-11-23;8;354
1;2025-11-23;9;612
1;2025-11-23;10;728
1;2025-11-23;11;748
1;2025-11-23;12;887
1;2025-11-23;13;937
1;2025-11-23;14;836
1;2025-11-23;15;757
1;2025-11-23;16;688
1;2025-11-23;17;607
1;2025-11-23;18;520
1;2025-11-23;19;437
1;2025-11-23;20;371
1;2025-11-23;21;287
1;2025-11-23;22;116
1;2025-11-23;23;33
1;2025-11-24;0;4
1;2025-11-24;1;0
1;2025-11-24;2;0
1;2025-11-24;3;0
1;2025-11-24;4;8
1;2025-11-24;5;134
1;2025-11-24;6;562
1;2025-11-24;7;1522
1;2025-11-24;8;1936
1;2025-11-24;9;1493
1;2025-11-24;10;1353
1;2025-11-24;11;1390
1;2025-11-24;12;1445
1;2025-11-24;13;1470
1;2025-11-24;14;1419
1;2025-11-24;15;1580
1;2025-11-24;16;1569
1;2025-11-24;17;1776
1;2025-11-24;18;1831
1;2025-11-24;19;1366
1;2025-11-24;20;939
1;2025-11-24;21;517
1;2025-11-24;22;229
1;2025-11-24;23;52
1;2025-11-25;0;4
1;2025-11-25;1;0
1;2025-11-25;2;0
1;2025-11-25;3;0
1;2025-11-25;4;9
1;2025-11-25;5;137
1;2025-11-25;6;578
1;2025-11-25;7;1564
1;2025-11-25;8;1989
1;2025-11-25;9;1534
1;2025-11-25;10;1390
1;2025-11-25;11;1428
1;2025-11-25;12;1485
1;2025-11-25;13;1510
1;2025-11-25;14;1458
1;2025-11-25;15;1623
1;2025-11-25;16;1612
1;2025-11-25;17;1825
1;2025-11-25;18;1882
1;2025-11-25;19;1404
1;2025-11-25;20;966
1;2025-11-25;21;531
1;2025-11-25;22;235
1;2025-11-25;23;53
1;2025-11-26;0;4
1;2025-11-26;1;0
1;2025-11-26;2;0
1;2025-11-26;3;0
1;2025-11-26;4;9
1;2025-11-26;5;137
1;2025-11-26;6;578
1;2025-11-26;7;1564
1;2025-11-26;8;1989
1;2025-11-26;9;1534
1;2025-11-26;10;1390
1;2025-11-26;11;1428
1;2025-11-26;12;1485
1;2025-11-26;13;1510
1;2025-11-26;14;1458
1;2025-11-26;15;1623
1;2025-11-26;16;1612
1;2025-11-26;17;1825
1;2025-11-26;18;1882
1;2025-11-26;19;1404
1;2025-11-26;20;966
1;2025-11-26;21;531
1;2025-11-26;22;235
1;2025-11-26;23;53
1;2025-11-27;0;4
1;2025-11-27;1;0
1;2025-11-27;2;0
1;2025-11-27;3;0
1;2025-11-27;4;9
1;2025-11-27;5;137
1;2025-11-27;6;578
1;2025-11-27;7;1564
1;2025-11-27;8;1989
1;2025-11-27;9;1534
1;2025-11-27;10;1390
1;2025-11-27;11;1428
1;2025-11-27;12;1485
1;2025-11-27;13;1510
1;2025-11-27;14;1458
1;2025-11-27;15;1623
1;2025-11-27;16;1612
1;2025-11-27;17;1825
1;2025-11-27;18;1882
1;2025-11-27;19;1404
1;2025-11-27;20;966
1;2025-11-27;21;531
1;2025-11-27;22;235
1;2025-11-27;23;53
1;2025-11-28;0;6
1;2025-11-28;1;0
1;2025-11-28;2;0
1;2025-11-28;3;0
1;2025-11-28;4;6
1;2025-11-28;5;142
1;2025-11-28;6;556
1;2025-11-28;7;1578
1;2025-11-28;8;1883
1;2025-11-28;9;1476
1;2025-11-28;10;1338
1;2025-11-28;11;1480
1;2025-11-28;12;1453
1;2025-11-28;13;1505
1;2025-11-28;14;1412
1;2025-11-28;15;1593
1;2025-11-28;16;1684
1;2025-11-28;17;1797
1;2025-11-28;18;1561
1;2025-11-28;19;1236
1;2025-11-28;20;876
1;2025-11-28;21;554
1;2025-11-28;22;242
1;2025-11-28;23;65
1;2025-11-29;0;8
1;2025-11-29;1;0
1;2025-11-29;2;0
1;2025-11-29;3;0
1;2025-11-29;4;0
1;2025-11-29;5;33
1;2025-11-29;6;167
1;2025-11-29;7;348
1;2025-11-29;8;475
1;2025-11-29;9;754
1;2025-11-29;10;902
1;2025-11-29;11;876
1;2025-11-29;12;1087
1;2025-11-29;13;1121
1;2025-11-29;14;1059
1;2025-11-29;15;904
1;2025-11-29;16;804
1;2025-11-29;17;739
1;2025-11-29;18;630
1;2025-11-29;19;552
1;2025-11-29;20;445
1;2025-11-29;21;315
1;2025-11-29;22;139
1;2025-11-29;23;36
1;2025-11-30;0;0
1;2025-11-30;1;0
1;2025-11-30;2;0
1;2025-11-30;3;0
1;2025-11-30;4;0
1;2025-11-30;5;26
1;2025-11-30;6;130
1;2025-11-30;7;254
1;2025-11-30;8;354
1;2025-11-30;9;612
1;2025-11-30;10;728
1;2025-11-30;11;748
1;2025-11-30;12;887
1;2025-11-30;13;937
1;2025-11-30;14;836
1;2025-11-30;15;757
1;2025-11-30;16;688
1;2025-11-30;17;607
1;2025-11-30;18;520
1;2025-11-30;19;437
1;2025-11-30;20;371
1;2025-11-30;21;287
1;2025-11-30;22;116
1;2025-11-30;23;33
1;2025-12-01;0;4
1;2025-12-01;1;0
1;2025-12-01;2;0
1;2025-12-01;3;0
1;2025-12-01;4;8
1;2025-12-01;5;136
1;2025-12-01;6;572
1;2025-12-01;7;1526
1;2025-12-01;8;1924
1;2025-12-01;9;1493
1;2025-12-01;10;1348
1;2025-12-01;11;1395
1;2025-12-01;12;1448
1;2025-12-01;13;1466
1;2025-12-01;14;1417
1;2025-12-01;15;1584
1;2025-12-01;16;1567
1;2025-12-01;17;1769
1;2025-12-01;18;1823
1;2025-12-01;19;1365
1;2025-12-01;20;939
1;2025-12-01;21;521
1;2025-12-01;22;236
1;2025-12-01;23;54
1;2025-12-02;0;4
1;2025-12-02;1;0
1;2025-12-02;2;0
1;2025-12-02;3;0
1;2025-12-02;4;8
1;2025-12-02;5;139
1;2025-12-02;6;588
1;2025-12-02;7;1568
1;2025-12-02;8;1977
1;2025-12-02;9;1534
1;2025-12-02;10;1385
1;2025-12-02;11;1434
1;2025-12-02;12;1488
1;2025-12-02;13;1506
1;2025-12-02;14;1456
1;2025-12-02;15;1628
1;2025-12-02;16;1610
1;2025-12-02;17;1818
1;2025-12-02;18;1873
1;2025-12-02;19;1403
1;2025-12-02;20;965
1;2025-12-02;21;536
1;2025-12-02;22;242
1;2025-12-02;23;55
1;2025-12-03;0;4
1;2025-12-03;1;0
1;2025-12-03;2;0
1;2025-12-03;3;0
1;2025-12-03;4;8
1;2025-12-03;5;139
1;2025-12-03;6;588
1;2025-12-03;7;1568
1;2025-12-03;8;1977
1;2025-12-03;9;1534
1;2025-12-03;10;1385
1;2025-12-03;11;1434
1;2025-12-03;12;1488
1;2025-12-03;13;1506
1;2025-12-03;14;1456
1;2025-12-03;15;1628
1;2025-12-03;16;1610
1;2025-12-03;17;1818
1;2025-12-03;18;1873
1;2025-12-03;19;1403
1;2025-12-03;20;965
1;2025-12-03;21;536
1;2025-12-03;22;242
1;2025-12-03;23;55
1;2025-12-04;0;4
1;2025-12-04;1;0
1;2025-12-04;2;0
1;2025-12-04;3;0
1;2025-12-04;4;8
1;2025-12-04;5;139
1;2025-12-04;6;588
1;2025-12-04;7;1568
1;2025-12-04;8;1977
1;2025-12-04;9;1534
1;2025-12-04;10;1385
1;2025-12-04;11;1434
1;2025-12-04;12;1488
1;2025-12-04;13;1506
1;2025-12-04;14;1456
1;2025-12-04;15;1628
1;2025-12-04;16;1610
1;2025-12-04;17;1818
1;2025-12-04;18;1873
1;2025-12-04;19;1403
1;2025-12-04;20;965
1;2025-12-04;21;536
1;2025-12-04;22;242
1;2025-12-04;23;55
1;2025-12-05;0;6
1;2025-12-05;1;0
1;2025-12-05;2;0
1;2025-12-05;3;0
1;2025-12-05;4;6
1;2025-12-05;5;141
1;2025-12-05;6;565
1;2025-12-05;7;1576
1;2025-12-05;8;1874
1;2025-12-05;9;1471
1;2025-12-05;10;1335
1;2025-12-05;11;1487
1;2025-12-05;12;1455
1;2025-12-05;13;1508
1;2025-12-05;14;1415
1;2025-12-05;15;1596
1;2025-12-05;16;1680
1;2025-12-05;17;1778
1;2025-12-05;18;1566
1;2025-12-05;19;1227
1;2025-12-05;20;877
1;2025-12-05;21;559
1;2025-12-05;22;252
1;2025-12-05;23;69
1;2025-12-06;0;9
1;2025-12-06;1;0
1;2025-12-06;2;0
1;2025-12-06;3;0
1;2025-12-06;4;0
1;2025-12-06;5;34
1;2025-12-06;6;170
1;2025-12-06;7;347
1;2025-12-06;8;473
1;2025-12-06;9;755
1;2025-12-06;10;897
1;2025-12-06;11;869
1;2025-12-06;12;1085
1;2025-12-06;13;1116
1;2025-12-06;14;1057
1;2025-12-06;15;900
1;2025-12-06;16;807
1;2025-12-06;17;742
1;2025-12-06;18;629
1;2025-12-06;19;553
1;2025-12-06;20;446
1;2025-12-06;21;316
1;2025-12-06;22;143
1;2025-12-06;23;38
1;2025-12-07;0;0
1;2025-12-07;1;0
1;2025-12-07;2;0
1;2025-12-07;3;0
1;2025-12-07;4;0
1;2025-12-07;5;27
1;2025-12-07;6;133
1;2025-12-07;7;252
1;2025-12-07;8;354
1;2025-12-07;9;612
1;2025-12-07;10;736
1;2025-12-07;11;752
1;2025-12-07;12;896
1;2025-12-07;13;950
1;2025-12-07;14;841
1;2025-12-07;15;764
1;2025-12-07;16;692
1;2025-12-07;17;614
1;2025-12-07;18;526
1;2025-12-07;19;438
1;2025-12-07;20;376
1;2025-12-07;21;288
1;2025-12-07;22;118
1;2025-12-07;23;35
1;2025-12-08;0;4
1;2025-12-08;1;0
1;2025-12-08;2;0
1;2025-12-08;3;0
1;2025-12-08;4;8
1;2025-12-08;5;136
1;2025-12-08;6;572
1;2025-12-08;7;1526
1;2025-12-08;8;1924
1;2025-12-08;9;1493
1;2025-12-08;10;1348
1;2025-12-08;11;1395
1;2025-12-08;12;1448
1;2025-12-08;13;1466
1;2025-12-08;14;1417
1;2025-12-08;15;1584
1;2025-12-08;16;1567
1;2025-12-08;17;1769
1;2025-12-08;18;1823
1;2025-12-08;19;1365
1;2025-12-08;20;939
1;2025-12-08;21;521
1;2025-12-08;22;236
1;2025-12-08;23;54
1;2025-12-09;0;4
1;2025-12-09;1;0
1;2025-12-09;2;0
1;2025-12-09;3;0
1;2025-12-09;4;8
1;2025-12-09;5;139
1;2025-12-09;6;588
1;2025-12-09;7;1568
1;2025-12-09;8;1977
1;2025-12-09;9;1534
1;2025-12-09;10;1385
1;2025-12-09;11;1434
1;2025-12-09;12;1488
1;2025-12-09;13;1506
1;2025-12-09;14;1456
1;2025-12-09;15;1628
1;2025-12-09;16;1610
1;2025-12-09;17;1818
1;2025-12-09;18;1873
1;2025-12-09;19;1403
1;2025-12-09;20;965
1;2025-12-09;21;536
1;2025-12-09;22;242
1;2025-12-09;23;55
1;2025-12-10;0;4
1;2025-12-10;1;0
1;2025-12-10;2;0
1;2025-12-10;3;0
1;2025-12-10;4;8
1;2025-12-10;5;139
1;2025-12-10;6;588
1;2025-12-10;7;1568
1;2025-12-10;8;1977
1;2025-12-10;9;1534
1;2025-12-10;10;1385
1;2025-12-10;11;1434
1;2025-12-10;12;1488
1;2025-12-10;13;1506
1;2025-12-10;14;1456
1;2025-12-10;15;1628
1;2025-12-10;16;1610
1;2025-12-10;17;1818
1;2025-12-10;18;1873
1;2025-12-10;19;1403
1;2025-12-10;20;965
1;2025-12-10;21;536
1;2025-12-10;22;242
1;2025-12-10;23;55
1;2025-12-11;0;4
1;2025-12-11;1;0
1;2025-12-11;2;0
1;2025-12-11;3;0
1;2025-12-11;4;8
1;2025-12-11;5;139
1;2025-12-11;6;588
1;2025-12-11;7;1568
1;2025-12-11;8;1977
1;2025-12-11;9;1534
1;2025-12-11;10;1385
1;2025-12-11;11;1434
1;2025-12-11;12;1488
1;2025-12-11;13;1506
1;2025-12-11;14;1456
1;2025-12-11;15;1628
1;2025-12-11;16;1610
1;2025-12-11;17;1818
1;2025-12-11;18;1873
1;2025-12-11;19;1403
1;2025-12-11;20;965
1;2025-12-11;21;536
1;2025-12-11;22;242
1;2025-12-11;23;55
1;2025-12-12;0;6
1;2025-12-12;1;0
1;2025-12-12;2;0
1;2025-12-12;3;0
1;2025-12-12;4;6
1;2025-12-12;5;141
1;2025-12-12;6;565
1;2025-12-12;7;1576
1;2025-12-12;8;1874
1;2025-12-12;9;1471
1;2025-12-12;10;1335
1;2025-12-12;11;1487
1;2025-12-12;12;1455
1;2025-12-12;13;1508
1;2025-12-12;14;1415
1;2025-12-12;15;1596
1;2025-12-12;16;1680
1;2025-12-12;17;1778
1;2025-12-12;18;1566
1;2025-12-12;19;1227
1;2025-12-12;20;877
1;2025-12-12;21;559
1;2025-12-12;22;252
1;2025-12-12;23;69
1;2025-12-13;0;9
1;2025-12-13;1;0
1;2025-12-13;2;0
1;2025-12-13;3;0
1;2025-12-13;4;0
1;2025-12-13;5;34
1;2025-12-13;6;170
1;2025-12-13;7;347
1;2025-12-13;8;473
1;2025-12-13;9;755
1;2025-12-13;10;897
1;2025-12-13;11;869
1;2025-12-13;12;1085
1;2025-12-13;13;1116
1;2025-12-13;14;1057
1;2025-12-13;15;900
1;2025-12-13;16;807
1;2025-12-13;17;742
1;2025-12-13;18;629
1;2025-12-13;19;553
1;2025-12-13;20;446
1;2025-12-13;21;316
1;2025-12-13;22;143
1;2025-12-13;23;38
1;2025-12-14;0;0
1;2025-12-14;1;0
1;2025-12-14;2;0
1;2025-12-14;3;0
1;2025-12-14;4;0
1;2025-12-14;5;27
1;2025-12-14;6;133
1;2025-12-14;7;252
1;2025-12-14;8;354
1;2025-12-14;9;612
1;2025-12-14;10;736
1;2025-12-14;11;752
1;2025-12-14;12;896
1;2025-12-14;13;950
1;2025-12-14;14;841
1;2025-12-14;15;764
1;2025-12-14;16;692
1;2025-12-14;17;614
1;2025-12-14;18;526
1;2025-12-14;19;438
1;2025-12-14;20;376
1;2025-12-14;21;288
1;2025-12-14;22;118
1;2025-12-14;23;35
1;2025-12-15;0;4
1;2025-12-15;1;0
1;2025-12-15;2;0
1;2025-12-15;3;0
1;2025-12-15;4;8
1;2025-12-15;5;136
1;2025-12-15;6;572
1;2025-12-15;7;1526
1;2025-12-15;8;1924
1;2025-12-15;9;1493
1;2025-12-15;10;1348
1;2025-12-15;11;1395
1;2025-12-15;12;1448
1;2025-12-15;13;1466
1;2025-12-15;14;1417
1;2025-12-15;15;1584
1;2025-12-15;16;1567
1;2025-12-15;17;1769
1;2025-12-15;18;1823
1;2025-12-15;19;1365
1;2025-12-15;20;939
1;2025-12-15;21;521
1;2025-12-15;22;236
1;2025-12-15;23;54
1;2025-12-16;0;4
1;2025-12-16;1;0
1;2025-12-16;2;0
1;2025-12-16;3;0
1;2025-12-16;4;8
1;2025-12-16;5;139
1;2025-12-16;6;588
1;2025-12-16;7;1568
1;2025-12-16;8;1977
1;2025-12-16;9;1534
1;2025-12-16;10;1385
1;2025-12-16;11;1434
1;2025-12-16;12;1488
1;2025-12-16;13;1506
1;2025-12-16;14;1456
1;2025-12-16;15;1628
1;2025-12-16;16;1610
1;2025-12-16;17;1818
1;2025-12-16;18;1873
1;2025-12-16;19;1403
1;2025-12-16;20;965
1;2025-12-16;21;536
1;2025-12-16;22;242
1;2025-12-16;23;55
1;2025-12-17;0;4
1;2025-12-17;1;0
1;2025-12-17;2;0
1;2025-12-17;3;0
1;2025-12-17;4;8
1;2025-12-17;5;139
1;2025-12-17;6;588
1;2025-12-17;7;1568
1;2025-12-17;8;1977
1;2025-12-17;9;1534
1;2025-12-17;10;1385
1;2025-12-17;11;1434
1;2025-12-17;12;1488
1;2025-12-17;13;1506
1;2025-12-17;14;1456
1;2025-12-17;15;1628
1;2025-12-17;16;1610
1;2025-12-17;17;1818
1;2025-12-17;18;1873
1;2025-12-17;19;1403
1;2025-12-17;20;965
1;2025-12-17;21;536
1;2025-12-17;22;242
1;2025-12-17;23;55
1;2025-12-18;0;4
1;2025-12-18;1;0
1;2025-12-18;2;0
1;2025-12-18;3;0
1;2025-12-18;4;8
1;2025-12-18;5;139
1;2025-12-18;6;588
1;2025-12-18;7;1568
1;2025-12-18;8;1977
1;2025-12-18;9;1534
1;2025-12-18;10;1385
1;2025-12-18;11;1434
1;2025-12-18;12;1488
1;2025-12-18;13;1506
1;2025-12-18;14;1456
1;2025-12-18;15;1628
1;2025-12-18;16;1610
1;2025-12-18;17;1818
1;2025-12-18;18;1873
1;2025-12-18;19;1403
1;2025-12-18;20;965
1;2025-12-18;21;536
1;2025-12-18;22;242
1;2025-12-18;23;55
1;2025-12-19;0;6
1;2025-12-19;1;0
1;2025-12-19;2;0
1;2025-12-19;3;0
1;2025-12-19;4;6
1;2025-12-19;5;141
1;2025-12-19;6;565
1;2025-12-19;7;1576
1;2025-12-19;8;1874
1;2025-12-19;9;1471
1;2025-12-19;10;1335
1;2025-12-19;11;1487
1;2025-12-19;12;1455
1;2025-12-19;13;1508
1;2025-12-19;14;1415
1;2025-12-19;15;1596
1;2025-12-19;16;1680
1;2025-12-19;17;1778
1;2025-12-19;18;1566
1;2025-12-19;19;1227
1;2025-12-19;20;877
1;2025-12-19;21;559
1;2025-12-19;22;252
1;2025-12-19;23;69
1;2025-12-20;0;9
1;2025-12-20;1;0
1;2025-12-20;2;0
1;2025-12-20;3;0
1;2025-12-20;4;0
1;2025-12-20;5;34
1;2025-12-20;6;170
1;2025-12-20;7;347
1;2025-12-20;8;473
1;2025-12-20;9;755
1;2025-12-20;10;897
1;2025-12-20;11;869
1;2025-12-20;12;1085
1;2025-12-20;13;1116
1;2025-12-20;14;1057
1;2025-12-20;15;900
1;2025-12-20;16;807
1;2025-12-20;17;742
1;2025-12-20;18;629
1;2025-12-20;19;553
1;2025-12-20;20;446
1;2025-12-20;21;316
1;2025-12-20;22;143
1;2025-12-20;23;38
1;2025-12-21;0;0
1;2025-12-21;1;0
1;2025-12-21;2;0
1;2025-12-21;3;0
1;2025-12-21;4;0
1;2025-12-21;5;27
1;2025-12-21;6;133
1;2025-12-21;7;252
1;2025-12-21;8;354
1;2025-12-21;9;612
1;2025-12-21;10;736
1;2025-12-21;11;752
1;2025-12-21;12;896
1;2025-12-21;13;950
1;2025-12-21;14;841
1;2025-12-21;15;764
1;2025-12-21;16;692
1;2025-12-21;17;614
1;2025-12-21;18;526
1;2025-12-21;19;438
1;2025-12-21;20;376
1;2025-12-21;21;288
1;2025-12-21;22;118
1;2025-12-21;23;35
1;2025-12-22;0;4
1;2025-12-22;1;0
1;2025-12-22;2;0
1;2025-12-22;3;0
1;2025-12-22;4;8
1;2025-12-22;5;136
1;2025-12-22;6;572
1;2025-12-22;7;1526
1;2025-12-22;8;1924
1;2025-12-22;9;1493
1;2025-12-22;10;1348
1;2025-12-22;11;1395
1;2025-12-22;12;1448
1;2025-12-22;13;1466
1;2025-12-22;14;1417
1;2025-12-22;15;1584
1;2025-12-22;16;1567
1;2025-12-22;17;1769
1;2025-12-22;18;1823
1;2025-12-22;19;1365
1;2025-12-22;20;939
1;2025-12-22;21;521
1;2025-12-22;22;236
1;2025-12-22;23;54
1;2025-12-23;0;4
1;2025-12-23;1;0
1;2025-12-23;2;0
1;2025-12-23;3;0
1;2025-12-23;4;8
1;2025-12-23;5;139
1;2025-12-23;6;588
1;2025-12-23;7;1568
1;2025-12-23;8;1977
1;2025-12-23;9;1534
1;2025-12-23;10;1385
1;2025-12-23;11;1434
1;2025-12-23;12;1488
1;2025-12-23;13;1506
1;2025-12-23;14;1456
1;2025-12-23;15;1628
1;2025-12-23;16;1610
1;2025-12-23;17;1818
1;2025-12-23;18;1873
1;2025-12-23;19;1403
1;2025-12-23;20;965
1;2025-12-23;21;536
1;2025-12-23;22;242
1;2025-12-23;23;55
1;2025-12-24;0;4
1;2025-12-24;1;0
1;2025-12-24;2;0
1;2025-12-24;3;0
1;2025-12-24;4;8
1;2025-12-24;5;139
1;2025-12-24;6;588
1;2025-12-24;7;1568
1;2025-12-24;8;1977
1;2025-12-24;9;1534
1;2025-12-24;10;1385
1;2025-12-24;11;1434
1;2025-12-24;12;1488
1;2025-12-24;13;1506
1;2025-12-24;14;1456
1;2025-12-24;15;1628
1;2025-12-24;16;1610
1;2025-12-24;17;1818
1;2025-12-24;18;1873
1;2025-12-24;19;1403
1;2025-12-24;20;965
1;2025-12-24;21;536
1;2025-12-24;22;242
1;2025-12-24;23;55
1;2025-12-25;0;4
1;2025-12-25;1;0
1;2025-12-25;2;0
1;2025-12-25;3;0
1;2025-12-25;4;8
1;2025-12-25;5;139
1;2025-12-25;6;588
1;2025-12-25;7;1568
1;2025-12-25;8;1977
1;2025-12-25;9;1534
1;2025-12-25;10;1385
1;2025-12-25;11;1434
1;2025-12-25;12;1488
1;2025-12-25;13;1506
1;2025-12-25;14;1456
1;2025-12-25;15;1628
1;2025-12-25;16;1610
1;2025-12-25;17;1818
1;2025-12-25;18;1873
1;2025-12-25;19;1403
1;2025-12-25;20;965
1;2025-12-25;21;536
1;2025-12-25;22;242
1;2025-12-25;23;55
1;2025-12-26;0;6
1;2025-12-26;1;0
1;2025-12-26;2;0
1;2025-12-26;3;0
1;2025-12-26;4;6
1;2025-12-26;5;141
1;2025-12-26;6;565
1;2025-12-26;7;1576
1;2025-12-26;8;1874
1;2025-12-26;9;1471
1;2025-12-26;10;1335
1;2025-12-26;11;1487
1;2025-12-26;12;1455
1;2025-12-26;13;1508
1;2025-12-26;14;1415
1;2025-12-26;15;1596
1;2025-12-26;16;1680
1;2025-12-26;17;1778
1;2025-12-26;18;1566
1;2025-12-26;19;1227
1;2025-12-26;20;877
1;2025-12-26;21;559
1;2025-12-26;22;252
1;2025-12-26;23;69
1;2025-12-27;0;9
1;2025-12-27;1;0
1;2025-12-27;2;0
1;2025-12-27;3;0
1;2025-12-27;4;0
1;2025-12-27;5;34
1;2025-12-27;6;170
1;2025-12-27;7;347
1;2025-12-27;8;473
1;2025-12-27;9;755
1;2025-12-27;10;897
1;2025-12-27;11;869
1;2025-12-27;12;1085
1;2025-12-27;13;1116
1;2025-12-27;14;1057
1;2025-12-27;15;900
1;2025-12-27;16;807
1;2025-12-27;17;742
1;2025-12-27;18;629
1;2025-12-27;19;553
1;2025-12-27;20;446
1;2025-12-27;21;316
1;2025-12-27;22;143
1;2025-12-27;23;38
1;2025-12-28;0;0
1;2025-12-28;1;0
1;2025-12-28;2;0
1;2025-12-28;3;0
1;2025-12-28;4;0
1;2025-12-28;5;27
1;2025-12-28;6;133
1;2025-12-28;7;252
1;2025-12-28;8;354
1;2025-12-28;9;612
1;2025-12-28;10;736
1;2025-12-28;11;752
1;2025-12-28;12;896
1;2025-12-28;13;950
1;2025-12-28;14;841
1;2025-12-28;15;764
1;2025-12-28;16;692
1;2025-12-28;17;614
1;2025-12-28;18;526
1;2025-12-28;19;438
1;2025-12-28;20;376
1;2025-12-28;21;288
1;2025-12-28;22;118
1;2025-12-28;23;35
1;2025-12-29;0;4
1;2025-12-29;1;0
1;2025-12-29;2;0
1;2025-12-29;3;0
1;2025-12-29;4;7
1;2025-12-29;5;122
1;2025-12-29;6;515
1;2025-12-29;7;1373
1;2025-12-29;8;1732
1;2025-12-29;9;1343
1;2025-12-29;10;1213
1;2025-12-29;11;1256
1;2025-12-29;12;1303
1;2025-12-29;13;1319
1;2025-12-29;14;1275
1;2025-12-29;15;1426
1;2025-12-29;16;1410
1;2025-12-29;17;1593
1;2025-12-29;18;1641
1;2025-12-29;19;1228
1;2025-12-29;20;846
1;2025-12-29;21;470
1;2025-12-29;22;212
1;2025-12-29;23;48
1;2025-12-30;0;4
1;2025-12-30;1;0
1;2025-12-30;2;0
1;2025-12-30;3;0
1;2025-12-30;4;7
1;2025-12-30;5;118
1;2025-12-30;6;500
1;2025-12-30;7;1333
1;2025-12-30;8;1680
1;2025-12-30;9;1304
1;2025-12-30;10;1177
1;2025-12-30;11;1219
1;2025-12-30;12;1265
1;2025-12-30;13;1280
1;2025-12-30;14;1238
1;2025-12-30;15;1384
1;2025-12-30;16;1369
1;2025-12-30;17;1546
1;2025-12-30;18;1592
1;2025-12-30;19;1192
1;2025-12-30;20;821
1;2025-12-30;21;455
1;2025-12-30;22;206
1;2025-12-30;23;46
1;2025-12-31;0;5
1;2025-12-31;1;0
1;2025-12-31;2;0
1;2025-12-31;3;0
1;2025-12-31;4;0
1;2025-12-31;5;18
1;2025-12-31;6;92
1;2025-12-31;7;188
1;2025-12-31;8;256
1;2025-12-31;9;409
1;2025-12-31;10;485
1;2025-12-31;11;470
1;2025-12-31;12;587
1;2025-12-31;13;603
1;2025-12-31;14;572
1;2025-12-31;15;487
1;2025-12-31;16;437
1;2025-12-31;17;401
1;2025-12-31;18;340
1;2025-12-31;19;299
1;2025-12-31;20;23
1;2025-12-31;21;17
1;2025-12-31;22;7
1;2025-12-31;23;2
5;2025-11-01;0;0
5;2025-11-01;1;0
5;2025-11-01;2;0
5;2025-11-01;3;0
5;2025-11-01;4;0
5;2025-11-01;5;0
5;2025-11-01;6;0
5;2025-11-01;7;0
5;2025-11-01;8;0
5;2025-11-01;9;0
5;2025-11-01;10;0
5;2025-11-01;11;0
5;2025-11-01;12;0
5;2025-11-01;13;0
5;2025-11-01;14;0
5;2025-11-01;15;0
5;2025-11-01;16;0
5;2025-11-01;17;0
5;2025-11-01;18;0
5;2025-11-01;19;0
5;2025-11-01;20;0
5;2025-11-01;21;0
5;2025-11-01;22;0
5;2025-11-01;23;0
5;2025-11-02;0;0
5;2025-11-02;1;0
5;2025-11-02;2;0
5;2025-11-02;3;0
5;2025-11-02;4;0
5;2025-11-02;5;0
5;2025-11-02;6;0
5;2025-11-02;7;0
5;2025-11-02;8;0
5;2025-11-02;9;0
5;2025-11-02;10;0
5;2025-11-02;11;0
5;2025-11-02;12;0
5;2025-11-02;13;0
5;2025-11-02;14;0
5;2025-11-02;15;0
5;2025-11-02;16;0
5;2025-11-02;17;0
5;2025-11-02;18;0
5;2025-11-02;19;0
5;2025-11-02;20;0
5;2025-11-02;21;0
5;2025-11-02;22;0
5;2025-11-02;23;0
5;2025-11-03;0;0
5;2025-11-03;1;0
5;2025-11-03;2;0
5;2025-11-03;3;0
5;2025-11-03;4;0
5;2025-11-03;5;0
5;2025-11-03;6;0
5;2025-11-03;7;0
5;2025-11-03;8;0
5;2025-11-03;9;0
5;2025-11-03;10;0
5;2025-11-03;11;0
5;2025-11-03;12;0
5;2025-11-03;13;0
5;2025-11-03;14;0
5;2025-11-03;15;0
5;2025-11-03;16;0
5;2025-11-03;17;0
5;2025-11-03;18;0
5;2025-11-03;19;0
5;2025-11-03;20;0
5;2025-11-03;21;0
5;2025-11-03;22;0
5;2025-11-03;23;0
5;2025-11-04;0;0
5;2025-11-04;1;0
5;2025-11-04;2;0
5;2025-11-04;3;0
5;2025-11-04;4;0
5;2025-11-04;5;0
5;2025-11-04;6;0
5;2025-11-04;7;0
5;2025-11-04;8;0
5;2025-11-04;9;0
5;2025-11-04;10;0
5;2025-11-04;11;0
5;2025-11-04;12;0
5;2025-11-04;13;0
5;2025-11-04;14;0
5;2025-11-04;15;0
5;2025-11-04;16;0
5;2025-11-04;17;0
5;2025-11-04;18;0
5;2025-11-04;19;0
5;2025-11-04;20;0
5;2025-11-04;21;0
5;2025-11-04;22;0
5;2025-11-04;23;0
5;2025-11-05;0;0
5;2025-11-05;1;0
5;2025-11-05;2;0
5;2025-11-05;3;0
5;2025-11-05;4;0
5;2025-11-05;5;0
5;2025-11-05;6;0
5;2025-11-05;7;0
5;2025-11-05;8;0
5;2025-11-05;9;0
5;2025-11-05;10;0
5;2025-11-05;11;0
5;2025-11-05;12;0
5;2025-11-05;13;0
5;2025-11-05;14;0
5;2025-11-05;15;0
5;2025-11-05;16;0
5;2025-11-05;17;0
5;2025-11-05;18;0
5;2025-11-05;19;0
5;2025-11-05;20;0
5;2025-11-05;21;0
5;2025-11-05;22;0
5;2025-11-05;23;0
5;2025-11-06;0;0
5;2025-11-06;1;0
5;2025-11-06;2;0
5;2025-11-06;3;0
5;2025-11-06;4;0
5;2025-11-06;5;0
5;2025-11-06;6;0
5;2025-11-06;7;0
5;2025-11-06;8;0
5;2025-11-06;9;0
5;2025-11-06;10;0
5;2025-11-06;11;0
5;2025-11-06;12;0
5;2025-11-06;13;0
5;2025-11-06;14;0
5;2025-11-06;15;0
5;2025-11-06;16;0
5;2025-11-06;17;0
5;2025-11-06;18;0
5;2025-11-06;19;0
5;2025-11-06;20;0
5;2025-11-06;21;0
5;2025-11-06;22;0
5;2025-11-06;23;0
5;2025-11-07;0;0
5;2025-11-07;1;0
5;2025-11-07;2;0
5;2025-11-07;3;0
5;2025-11-07;4;0
5;2025-11-07;5;0
5;2025-11-07;6;0
5;2025-11-07;7;0
5;2025-11-07;8;0
5;2025-11-07;9;0
5;2025-11-07;10;0
5;2025-11-07;11;0
5;2025-11-07;12;0
5;2025-11-07;13;0
5;2025-11-07;14;0
5;2025-11-07;15;0
5;2025-11-07;16;0
5;2025-11-07;17;0
5;2025-11-07;18;0
5;2025-11-07;19;0
5;2025-11-07;20;0
5;2025-11-07;21;0
5;2025-11-07;22;0
5;2025-11-07;23;0
5;2025-11-08;0;0
5;2025-11-08;1;0
5;2025-11-08;2;0
5;2025-11-08;3;0
5;2025-11-08;4;0
5;2025-11-08;5;0
5;2025-11-08;6;0
5;2025-11-08;7;0
5;2025-11-08;8;0
5;2025-11-08;9;0
5;2025-11-08;10;0
5;2025-11-08;11;0
5;2025-11-08;12;0
5;2025-11-08;13;0
5;2025-11-08;14;0
5;2025-11-08;15;0
5;2025-11-08;16;0
5;2025-11-08;17;0
5;2025-11-08;18;0
5;2025-11-08;19;0
5;2025-11-08;20;0
5;2025-11-08;21;0
5;2025-11-08;22;0
5;2025-11-08;23;0
5;2025-11-09;0;0
5;2025-11-09;1;0
5;2025-11-09;2;0
5;2025-11-09;3;0
5;2025-11-09;4;0
5;2025-11-09;5;0
5;2025-11-09;6;0
5;2025-11-09;7;0
5;2025-11-09;8;0
5;2025-11-09;9;0
5;2025-11-09;10;0
5;2025-11-09;11;0
5;2025-11-09;12;0
5;2025-11-09;13;0
5;2025-11-09;14;0
5;2025-11-09;15;0
5;2025-11-09;16;0
5;2025-11-09;17;0
5;2025-11-09;18;0
5;2025-11-09;19;0
5;2025-11-09;20;0
5;2025-11-09;21;0
5;2025-11-09;22;0
5;2025-11-09;23;0
5;2025-11-10;0;0
5;2025-11-10;1;0
5;2025-11-10;2;0
5;2025-11-10;3;0
5;2025-11-10;4;0
5;2025-11-10;5;0
5;2025-11-10;6;0
5;2025-11-10;7;0
5;2025-11-10;8;0
5;2025-11-10;9;0
5;2025-11-10;10;0
5;2025-11-10;11;0
5;2025-11-10;12;0
5;2025-11-10;13;0
5;2025-11-10;14;0
5;2025-11-10;15;0
5;2025-11-10;16;0
5;2025-11-10;17;0
5;2025-11-10;18;0
5;2025-11-10;19;0
5;2025-11-10;20;0
5;2025-11-10;21;0
5;2025-11-10;22;0
5;2025-11-10;23;0
5;2025-11-11;0;0
5;2025-11-11;1;0
5;2025-11-11;2;0
5;2025-11-11;3;0
5;2025-11-11;4;0
5;2025-11-11;5;0
5;2025-11-11;6;0
5;2025-11-11;7;0
5;2025-11-11;8;0
5;2025-11-11;9;0
5;2025-11-11;10;0
5;2025-11-11;11;0
5;2025-11-11;12;0
5;2025-11-11;13;0
5;2025-11-11;14;0
5;2025-11-11;15;0
5;2025-11-11;16;0
5;2025-11-11;17;0
5;2025-11-11;18;0
5;2025-11-11;19;0
5;2025-11-11;20;0
5;2025-11-11;21;0
5;2025-11-11;22;0
5;2025-11-11;23;0
5;2025-11-12;0;0
5;2025-11-12;1;0
5;2025-11-12;2;0
5;2025-11-12;3;0
5;2025-11-12;4;0
5;2025-11-12;5;0
5;2025-11-12;6;0
5;2025-11-12;7;0
5;2025-11-12;8;0
5;2025-11-12;9;0
5;2025-11-12;10;0
5;2025-11-12;11;0
5;2025-11-12;12;0
5;2025-11-12;13;0
5;2025-11-12;14;0
5;2025-11-12;15;0
5;2025-11-12;16;0
5;2025-11-12;17;0
5;2025-11-12;18;0
5;2025-11-12;19;0
5;2025-11-12;20;0
5;2025-11-12;21;0
5;2025-11-12;22;0
5;2025-11-12;23;0
5;2025-11-13;0;0
5;2025-11-13;1;0
5;2025-11-13;2;0
5;2025-11-13;3;0
5;2025-11-13;4;0
5;2025-11-13;5;0
5;2025-11-13;6;0
5;2025-11-13;7;0
5;2025-11-13;8;0
5;2025-11-13;9;0
5;2025-11-13;10;0
5;2025-11-13;11;0
5;2025-11-13;12;0
5;2025-11-13;13;0
5;2025-11-13;14;0
5;2025-11-13;15;0
5;2025-11-13;16;0
5;2025-11-13;17;0
5;2025-11-13;18;0
5;2025-11-13;19;0
5;2025-11-13;20;0
5;2025-11-13;21;0
5;2025-11-13;22;0
5;2025-11-13;23;0
5;2025-11-14;0;0
5;2025-11-14;1;0
5;2025-11-14;2;0
5;2025-11-14;3;0
5;2025-11-14;4;0
5;2025-11-14;5;0
5;2025-11-14;6;0
5;2025-11-14;7;0
5;2025-11-14;8;0
5;2025-11-14;9;0
5;2025-11-14;10;0
5;2025-11-14;11;0
5;2025-11-14;12;0
5;2025-11-14;13;0
5;2025-11-14;14;0
5;2025-11-14;15;0
5;2025-11-14;16;0
5;2025-11-14;17;0
5;2025-11-14;18;0
5;2025-11-14;19;0
5;2025-11-14;20;0
5;2025-11-14;21;0
5;2025-11-14;22;0
5;2025-11-14;23;0
5;2025-11-15;0;0
5;2025-11-15;1;0
5;2025-11-15;2;0
5;2025-11-15;3;0
5;2025-11-15;4;0
5;2025-11-15;5;0
5;2025-11-15;6;0
5;2025-11-15;7;0
5;2025-11-15;8;0
5;2025-11-15;9;0
5;2025-11-15;10;0
5;2025-11-15;11;0
5;2025-11-15;12;0
5;2025-11-15;13;0
5;2025-11-15;14;0
5;2025-11-15;15;0
5;2025-11-15;16;0
5;2025-11-15;17;0
5;2025-11-15;18;0
5;2025-11-15;19;0
5;2025-11-15;20;0
5;2025-11-15;21;0
5;2025-11-15;22;0
5;2025-11-15;23;0
5;2025-11-16;0;0
5;2025-11-16;1;0
5;2025-11-16;2;0
5;2025-11-16;3;0
5;2025-11-16;4;0
5;2025-11-16;5;0
5;2025-11-16;6;0
5;2025-11-16;7;0
5;2025-11-16;8;0
5;2025-11-16;9;0
5;2025-11-16;10;0
5;2025-11-16;11;0
5;2025-11-16;12;0
5;2025-11-16;13;0
5;2025-11-16;14;0
5;2025-11-16;15;0
5;2025-11-16;16;0
5;2025-11-16;17;0
5;2025-11-16;18;0
5;2025-11-16;19;0
5;2025-11-16;20;0
5;2025-11-16;21;0
5;2025-11-16;22;0
5;2025-11-16;23;0
5;2025-11-17;0;0
5;2025-11-17;1;0
5;2025-11-17;2;0
5;2025-11-17;3;0
5;2025-11-17;4;0
5;2025-11-17;5;0
5;2025-11-17;6;0
5;2025-11-17;7;0
5;2025-11-17;8;0
5;2025-11-17;9;0
5;2025-11-17;10;0
5;2025-11-17;11;0
5;2025-11-17;12;0
5;2025-11-17;13;0
5;2025-11-17;14;0
5;2025-11-17;15;0
5;2025-11-17;16;0
5;2025-11-17;17;0
5;2025-11-17;18;0
5;2025-11-17;19;0
5;2025-11-17;20;0
5;2025-11-17;21;0
5;2025-11-17;22;0
5;2025-11-17;23;0
5;2025-11-18;0;0
5;2025-11-18;1;0
5;2025-11-18;2;0
5;2025-11-18;3;0
5;2025-11-18;4;0
5;2025-11-18;5;0
5;2025-11-18;6;0
5;2025-11-18;7;0
5;2025-11-18;8;0
5;2025-11-18;9;0
5;2025-11-18;10;0
5;2025-11-18;11;0
5;2025-11-18;12;0
5;2025-11-18;13;0
5;2025-11-18;14;0
5;2025-11-18;15;0
5;2025-11-18;16;0
5;2025-11-18;17;0
5;2025-11-18;18;0
5;2025-11-18;19;0
5;2025-11-18;20;0
5;2025-11-18;21;0
5;2025-11-18;22;0
5;2025-11-18;23;0
5;2025-11-19;0;0
5;2025-11-19;1;0
5;2025-11-19;2;0
5;2025-11-19;3;0
5;2025-11-19;4;0
5;2025-11-19;5;0
5;2025-11-19;6;0
5;2025-11-19;7;0
5;2025-11-19;8;0
5;2025-11-19;9;0
5;2025-11-19;10;0
5;2025-11-19;11;0
5;2025-11-19;12;0
5;2025-11-19;13;0
5;2025-11-19;14;0
5;2025-11-19;15;0
5;2025-11-19;16;0
5;2025-11-19;17;0
5;2025-11-19;18;0
5;2025-11-19;19;0
5;2025-11-19;20;0
5;2025-11-19;21;0
5;2025-11-19;22;0
5;2025-11-19;23;0
5;2025-11-20;0;0
5;2025-11-20;1;0
5;2025-11-20;2;0
5;2025-11-20;3;0
5;2025-11-20;4;0
5;2025-11-20;5;0
5;2025-11-20;6;0
5;2025-11-20;7;0
5;2025-11-20;8;0
5;2025-11-20;9;0
5;2025-11-20;10;0
5;2025-11-20;11;0
5;2025-11-20;12;0
5;2025-11-20;13;0
5;2025-11-20;14;0
5;2025-11-20;15;0
5;2025-11-20;16;0
5;2025-11-20;17;0
5;2025-11-20;18;0
5;2025-11-20;19;0
5;2025-11-20;20;0
5;2025-11-20;21;0
5;2025-11-20;22;0
5;2025-11-20;23;0
5;2025-11-21;0;0
5;2025-11-21;1;0
5;2025-11-21;2;0
5;2025-11-21;3;0
5;2025-11-21;4;0
5;2025-11-21;5;0
5;2025-11-21;6;0
5;2025-11-21;7;0
5;2025-11-21;8;0
5;2025-11-21;9;0
5;2025-11-21;10;0
5;2025-11-21;11;0
5;2025-11-21;12;0
5;2025-11-21;13;0
5;2025-11-21;14;0
5;2025-11-21;15;0
5;2025-11-21;16;0
5;2025-11-21;17;0
5;2025-11-21;18;0
5;2025-11-21;19;0
5;2025-11-21;20;0
5;2025-11-21;21;0
5;2025-11-21;22;0
5;2025-11-21;23;0
5;2025-11-22;0;0
5;2025-11-22;1;0
5;2025-11-22;2;0
5;2025-11-22;3;0
5;2025-11-22;4;0
5;2025-11-22;5;0
5;2025-11-22;6;0
5;2025-11-22;7;0
5;2025-11-22;8;0
5;2025-11-22;9;0
5;2025-11-22;10;0
5;2025-11-22;11;0
5;2025-11-22;12;0
5;2025-11-22;13;0
5;2025-11-22;14;0
5;2025-11-22;15;0
5;2025-11-22;16;0
5;2025-11-22;17;0
5;2025-11-22;18;0
5;2025-11-22;19;0
5;2025-11-22;20;0
5;2025-11-22;21;0
5;2025-11-22;22;0
5;2025-11-22;23;0
5;2025-11-23;0;0
5;2025-11-23;1;0
5;2025-11-23;2;0
5;2025-11-23;3;0
5;2025-11-23;4;0
5;2025-11-23;5;0
5;2025-11-23;6;0
5;2025-11-23;7;0
5;2025-11-23;8;0
5;2025-11-23;9;0
5;2025-11-23;10;0
5;2025-11-23;11;0
5;2025-11-23;12;0
5;2025-11-23;13;0
5;2025-11-23;14;0
5;2025-11-23;15;0
5;2025-11-23;16;0
5;2025-11-23;17;0
5;2025-11-23;18;0
5;2025-11-23;19;0
5;2025-11-23;20;0
5;2025-11-23;21;0
5;2025-11-23;22;0
5;2025-11-23;23;0
5;2025-11-24;0;0
5;2025-11-24;1;0
5;2025-11-24;2;0
5;2025-11-24;3;0
5;2025-11-24;4;0
5;2025-11-24;5;0
5;2025-11-24;6;0
5;2025-11-24;7;0
5;2025-11-24;8;0
5;2025-11-24;9;0
5;2025-11-24;10;0
5;2025-11-24;11;0
5;2025-11-24;12;0
5;2025-11-24;13;0
5;2025-11-24;14;0
5;2025-11-24;15;0
5;2025-11-24;16;0
5;2025-11-24;17;0
5;2025-11-24;18;0
5;2025-11-24;19;0
5;2025-11-24;20;0
5;2025-11-24;21;0
5;2025-11-24;22;0
5;2025-11-24;23;0
5;2025-11-25;0;0
5;2025-11-25;1;0
5;2025-11-25;2;0
5;2025-11-25;3;0
5;2025-11-25;4;0
5;2025-11-25;5;0
5;2025-11-25;6;0
5;2025-11-25;7;0
5;2025-11-25;8;0
5;2025-11-25;9;0
5;2025-11-25;10;0
5;2025-11-25;11;0
5;2025-11-25;12;0
5;2025-11-25;13;0
5;2025-11-25;14;0
5;2025-11-25;15;0
5;2025-11-25;16;0
5;2025-11-25;17;0
5;2025-11-25;18;0
5;2025-11-25;19;0
5;2025-11-25;20;0
5;2025-11-25;21;0
5;2025-11-25;22;0
5;2025-11-25;23;0
5;2025-11-26;0;0
5;2025-11-26;1;0
5;2025-11-26;2;0
5;2025-11-26;3;0
5;2025-11-26;4;0
5;2025-11-26;5;0
5;2025-11-26;6;0
5;2025-11-26;7;0
5;2025-11-26;8;0
5;2025-11-26;9;0
5;2025-11-26;10;0
5;2025-11-26;11;0
5;2025-11-26;12;0
5;2025-11-26;13;0
5;2025-11-26;14;0
5;2025-11-26;15;0
5;2025-11-26;16;0
5;2025-11-26;17;0
5;2025-11-26;18;0
5;2025-11-26;19;0
5;2025-11-26;20;0
5;2025-11-26;21;0
5;2025-11-26;22;0
5;2025-11-26;23;0
5;2025-11-27;0;0
5;2025-11-27;1;0
5;2025-11-27;2;0
5;2025-11-27;3;0
5;2025-11-27;4;0
5;2025-11-27;5;0
5;2025-11-27;6;0
5;2025-11-27;7;0
5;2025-11-27;8;0
5;2025-11-27;9;0
5;2025-11-27;10;0
5;2025-11-27;11;0
5;2025-11-27;12;0
5;2025-11-27;13;0
5;2025-11-27;14;0
5;2025-11-27;15;0
5;2025-11-27;16;0
5;2025-11-27;17;0
5;2025-11-27;18;0
5;2025-11-27;19;0
5;2025-11-27;20;0
5;2025-11-27;21;0
5;2025-11-27;22;0
5;2025-11-27;23;0
5;2025-11-28;0;0
5;2025-11-28;1;0
5;2025-11-28;2;0
5;2025-11-28;3;0
5;2025-11-28;4;0
5;2025-11-28;5;0
5;2025-11-28;6;0
5;2025-11-28;7;0
5;2025-11-28;8;0
5;2025-11-28;9;0
5;2025-11-28;10;0
5;2025-11-28;11;0
5;2025-11-28;12;0
5;2025-11-28;13;0
5;2025-11-28;14;0
5;2025-11-28;15;0
5;2025-11-28;16;0
5;2025-11-28;17;0
5;2025-11-28;18;0
5;2025-11-28;19;0
5;2025-11-28;20;0
5;2025-11-28;21;0
5;2025-11-28;22;0
5;2025-11-28;23;0
5;2025-11-29;0;0
5;2025-11-29;1;0
5;2025-11-29;2;0
5;2025-11-29;3;0
5;2025-11-29;4;0
5;2025-11-29;5;0
5;2025-11-29;6;0
5;2025-11-29;7;0
5;2025-11-29;8;0
5;2025-11-29;9;0
5;2025-11-29;10;0
5;2025-11-29;11;0
5;2025-11-29;12;0
5;2025-11-29;13;0
5;2025-11-29;14;0
5;2025-11-29;15;0
5;2025-11-29;16;0
5;2025-11-29;17;0
5;2025-11-29;18;0
5;2025-11-29;19;0
5;2025-11-29;20;0
5;2025-11-29;21;0
5;2025-11-29;22;0
5;2025-11-29;23;0
5;2025-11-30;0;0
5;2025-11-30;1;0
5;2025-11-30;2;0
5;2025-11-30;3;0
5;2025-11-30;4;0
5;2025-11-30;5;0
5;2025-11-30;6;0
5;2025-11-30;7;0
5;2025-11-30;8;0
5;2025-11-30;9;0
5;2025-11-30;10;0
5;2025-11-30;11;0
5;2025-11-30;12;0
5;2025-11-30;13;0
5;2025-11-30;14;0
5;2025-11-30;15;0
5;2025-11-30;16;0
5;2025-11-30;17;0
5;2025-11-30;18;0
5;2025-11-30;19;0
5;2025-11-30;20;0
5;2025-11-30;21;0
5;2025-11-30;22;0
5;2025-11-30;23;0
5;2025-12-01;0;0
5;2025-12-01;1;0
5;2025-12-01;2;0
5;2025-12-01;3;0
5;2025-12-01;4;0
5;2025-12-01;5;0
5;2025-12-01;6;0
5;2025-12-01;7;0
5;2025-12-01;8;0
5;2025-12-01;9;0
5;2025-12-01;10;0
5;2025-12-01;11;0
5;2025-12-01;12;0
5;2025-12-01;13;0
5;2025-12-01;14;0
5;2025-12-01;15;0
5;2025-12-01;16;0
5;2025-12-01;17;0
5;2025-12-01;18;0
5;2025-12-01;19;0
5;2025-12-01;20;0
5;2025-12-01;21;0
5;2025-12-01;22;0
5;2025-12-01;23;0
5;2025-12-02;0;0
5;2025-12-02;1;0
5;2025-12-02;2;0
5;2025-12-02;3;0
5;2025-12-02;4;0
5;2025-12-02;5;0
5;2025-12-02;6;0
5;2025-12-02;7;0
5;2025-12-02;8;0
5;2025-12-02;9;0
5;2025-12-02;10;0
5;2025-12-02;11;0
5;2025-12-02;12;0
5;2025-12-02;13;0
5;2025-12-02;14;0
5;2025-12-02;15;0
5;2025-12-02;16;0
5;2025-12-02;17;0
5;2025-12-02;18;0
5;2025-12-02;19;0
5;2025-12-02;20;0
5;2025-12-02;21;0
5;2025-12-02;22;0
5;2025-12-02;23;0
5;2025-12-03;0;0
5;2025-12-03;1;0
5;2025-12-03;2;0
5;2025-12-03;3;0
5;2025-12-03;4;0
5;2025-12-03;5;0
5;2025-12-03;6;0
5;2025-12-03;7;0
5;2025-12-03;8;0
5;2025-12-03;9;0
5;2025-12-03;10;0
5;2025-12-03;11;0
5;2025-12-03;12;0
5;2025-12-03;13;0
5;2025-12-03;14;0
5;2025-12-03;15;0
5;2025-12-03;16;0
5;2025-12-03;17;0
5;2025-12-03;18;0
5;2025-12-03;19;0
5;2025-12-03;20;0
5;2025-12-03;21;0
5;2025-12-03;22;0
5;2025-12-03;23;0
5;2025-12-04;0;0
5;2025-12-04;1;0
5;2025-12-04;2;0
5;2025-12-04;3;0
5;2025-12-04;4;0
5;2025-12-04;5;0
5;2025-12-04;6;0
5;2025-12-04;7;0
5;2025-12-04;8;0
5;2025-12-04;9;0
5;2025-12-04;10;0
5;2025-12-04;11;0
5;2025-12-04;12;0
5;2025-12-04;13;0
5;2025-12-04;14;0
5;2025-12-04;15;0
5;2025-12-04;16;0
5;2025-12-04;17;0
5;2025-12-04;18;0
5;2025-12-04;19;0
5;2025-12-04;20;0
5;2025-12-04;21;0
5;2025-12-04;22;0
5;2025-12-04;23;0
5;2025-12-05;0;0
5;2025-12-05;1;0
5;2025-12-05;2;0
5;2025-12-05;3;0
5;2025-12-05;4;0
5;2025-12-05;5;0
5;2025-12-05;6;0
5;2025-12-05;7;0
5;2025-12-05;8;0
5;2025-12-05;9;0
5;2025-12-05;10;0
5;2025-12-05;11;0
5;2025-12-05;12;0
5;2025-12-05;13;0
5;2025-12-05;14;0
5;2025-12-05;15;0
5;2025-12-05;16;0
5;2025-12-05;17;0
5;2025-12-05;18;0
5;2025-12-05;19;0
5;2025-12-05;20;0
5;2025-12-05;21;0
5;2025-12-05;22;0
5;2025-12-05;23;0
5;2025-12-06;0;0
5;2025-12-06;1;0
5;2025-12-06;2;0
5;2025-12-06;3;0
5;2025-12-06;4;0
5;2025-12-06;5;0
5;2025-12-06;6;0
5;2025-12-06;7;0
5;2025-12-06;8;0
5;2025-12-06;9;0
5;2025-12-06;10;0
5;2025-12-06;11;0
5;2025-12-06;12;0
5;2025-12-06;13;0
5;2025-12-06;14;0
5;2025-12-06;15;0
5;2025-12-06;16;0
5;2025-12-06;17;0
5;2025-12-06;18;0
5;2025-12-06;19;0
5;2025-12-06;20;0
5;2025-12-06;21;0
5;2025-12-06;22;0
5;2025-12-06;23;0
5;2025-12-07;0;0
5;2025-12-07;1;0
5;2025-12-07;2;0
5;2025-12-07;3;0
5;2025-12-07;4;0
5;2025-12-07;5;0
5;2025-12-07;6;0
5;2025-12-07;7;0
5;2025-12-07;8;0
5;2025-12-07;9;0
5;2025-12-07;10;0
5;2025-12-07;11;0
5;2025-12-07;12;0
5;2025-12-07;13;0
5;2025-12-07;14;0
5;2025-12-07;15;0
5;2025-12-07;16;0
5;2025-12-07;17;0
5;2025-12-07;18;0
5;2025-12-07;19;0
5;2025-12-07;20;0
5;2025-12-07;21;0
5;2025-12-07;22;0
5;2025-12-07;23;0
5;2025-12-08;0;0
5;2025-12-08;1;0
5;2025-12-08;2;0
5;2025-12-08;3;0
5;2025-12-08;4;0
5;2025-12-08;5;0
5;2025-12-08;6;0
5;2025-12-08;7;0
5;2025-12-08;8;0
5;2025-12-08;9;0
5;2025-12-08;10;0
5;2025-12-08;11;0
5;2025-12-08;12;0
5;2025-12-08;13;0
5;2025-12-08;14;0
5;2025-12-08;15;0
5;2025-12-08;16;0
5;2025-12-08;17;0
5;2025-12-08;18;0
5;2025-12-08;19;0
5;2025-12-08;20;0
5;2025-12-08;21;0
5;2025-12-08;22;0
5;2025-12-08;23;0
5;2025-12-09;0;0
5;2025-12-09;1;0
5;2025-12-09;2;0
5;2025-12-09;3;0
5;2025-12-09;4;0
5;2025-12-09;5;0
5;2025-12-09;6;0
5;2025-12-09;7;0
5;2025-12-09;8;0
5;2025-12-09;9;0
5;2025-12-09;10;0
5;2025-12-09;11;0
5;2025-12-09;12;0
5;2025-12-09;13;0
5;2025-12-09;14;0
5;2025-12-09;15;0
5;2025-12-09;16;0
5;2025-12-09;17;0
5;2025-12-09;18;0
5;2025-12-09;19;0
5;2025-12-09;20;0
5;2025-12-09;21;0
5;2025-12-09;22;0
5;2025-12-09;23;0
5;2025-12-10;0;0
5;2025-12-10;1;0
5;2025-12-10;2;0
5;2025-12-10;3;0
5;2025-12-10;4;0
5;2025-12-10;5;0
5;2025-12-10;6;0
5;2025-12-10;7;0
5;2025-12-10;8;0
5;2025-12-10;9;0
5;2025-12-10;10;0
5;2025-12-10;11;0
5;2025-12-10;12;0
5;2025-12-10;13;0
5;2025-12-10;14;0
5;2025-12-10;15;0
5;2025-12-10;16;0
5;2025-12-10;17;0
5;2025-12-10;18;0
5;2025-12-10;19;0
5;2025-12-10;20;0
5;2025-12-10;21;0
5;2025-12-10;22;0
5;2025-12-10;23;0
5;2025-12-11;0;0
5;2025-12-11;1;0
5;2025-12-11;2;0
5;2025-12-11;3;0
5;2025-12-11;4;0
5;2025-12-11;5;0
5;2025-12-11;6;0
5;2025-12-11;7;0
5;2025-12-11;8;0
5;2025-12-11;9;0
5;2025-12-11;10;0
5;2025-12-11;11;0
5;2025-12-11;12;0
5;2025-12-11;13;0
5;2025-12-11;14;0
5;2025-12-11;15;0
5;2025-12-11;16;0
5;2025-12-11;17;0
5;2025-12-11;18;0
5;2025-12-11;19;0
5;2025-12-11;20;0
5;2025-12-11;21;0
5;2025-12-11;22;0
5;2025-12-11;23;0
5;2025-12-12;0;0
5;2025-12-12;1;0
5;2025-12-12;2;0
5;2025-12-12;3;0
5;2025-12-12;4;0
5;2025-12-12;5;0
5;2025-12-12;6;0
5;2025-12-12;7;0
5;2025-12-12;8;0
5;2025-12-12;9;0
5;2025-12-12;10;0
5;2025-12-12;11;0
5;2025-12-12;12;0
5;2025-12-12;13;0
5;2025-12-12;14;0
5;2025-12-12;15;0
5;2025-12-12;16;0
5;2025-12-12;17;0
5;2025-12-12;18;0
5;2025-12-12;19;0
5;2025-12-12;20;0
5;2025-12-12;21;0
5;2025-12-12;22;0
5;2025-12-12;23;0
5;2025-12-13;0;0
5;2025-12-13;1;0
5;2025-12-13;2;0
5;2025-12-13;3;0
5;2025-12-13;4;0
5;2025-12-13;5;0
5;2025-12-13;6;0
5;2025-12-13;7;0
5;2025-12-13;8;0
5;2025-12-13;9;0
5;2025-12-13;10;0
5;2025-12-13;11;0
5;2025-12-13;12;0
5;2025-12-13;13;0
5;2025-12-13;14;0
5;2025-12-13;15;0
5;2025-12-13;16;0
5;2025-12-13;17;0
5;2025-12-13;18;0
5;2025-12-13;19;0
5;2025-12-13;20;0
5;2025-12-13;21;0
5;2025-12-13;22;0
5;2025-12-13;23;0
5;2025-12-14;0;0
5;2025-12-14;1;0
5;2025-12-14;2;0
5;2025-12-14;3;0
5;2025-12-14;4;0
5;2025-12-14;5;0
5;2025-12-14;6;0
5;2025-12-14;7;0
5;2025-12-14;8;0
5;2025-12-14;9;0
5;2025-12-14;10;0
5;2025-12-14;11;0
5;2025-12-14;12;0
5;2025-12-14;13;0
5;2025-12-14;14;0
5;2025-12-14;15;0
5;2025-12-14;16;0
5;2025-12-14;17;0
5;2025-12-14;18;0
5;2025-12-14;19;0
5;2025-12-14;20;0
5;2025-12-14;21;0
5;2025-12-14;22;0
5;2025-12-14;23;0
5;2025-12-15;0;0
5;2025-12-15;1;0
5;2025-12-15;2;0
5;2025-12-15;3;0
5;2025-12-15;4;0
5;2025-12-15;5;0
5;2025-12-15;6;0
5;2025-12-15;7;0
5;2025-12-15;8;0
5;2025-12-15;9;0
5;2025-12-15;10;0
5;2025-12-15;11;0
5;2025-12-15;12;0
5;2025-12-15;13;0
5;2025-12-15;14;0
5;2025-12-15;15;0
5;2025-12-15;16;0
5;2025-12-15;17;0
5;2025-12-15;18;0
5;2025-12-15;19;0
5;2025-12-15;20;0
5;2025-12-15;21;0
5;2025-12-15;22;0
5;2025-12-15;23;0
5;2025-12-16;0;8
5;2025-12-16;1;1
5;2025-12-16;2;0
5;2025-12-16;3;0
5;2025-12-16;4;0
5;2025-12-16;5;26
5;2025-12-16;6;98
5;2025-12-16;7;217
5;2025-12-16;8;329
5;2025-12-16;9;252
5;2025-12-16;10;215
5;2025-12-16;11;188
5;2025-12-16;12;198
5;2025-12-16;13;195
5;2025-12-16;14;209
5;2025-12-16;15;228
5;2025-12-16;16;244
5;2025-12-16;17;306
5;2025-12-16;18;338
5;2025-12-16;19;228
5;2025-12-16;20;144
5;2025-12-16;21;85
5;2025-12-16;22;40
5;2025-12-16;23;24
5;2025-12-17;0;13
5;2025-12-17;1;2
5;2025-12-17;2;0
5;2025-12-17;3;0
5;2025-12-17;4;0
5;2025-12-17;5;43
5;2025-12-17;6;164
5;2025-12-17;7;361
5;2025-12-17;8;548
5;2025-12-17;9;420
5;2025-12-17;10;358
5;2025-12-17;11;313
5;2025-12-17;12;330
5;2025-12-17;13;326
5;2025-12-17;14;349
5;2025-12-17;15;381
5;2025-12-17;16;407
5;2025-12-17;17;510
5;2025-12-17;18;563
5;2025-12-17;19;380
5;2025-12-17;20;240
5;2025-12-17;21;142
5;2025-12-17;22;68
5;2025-12-17;23;40
5;2025-12-18;0;13
5;2025-12-18;1;2
5;2025-12-18;2;0
5;2025-12-18;3;0
5;2025-12-18;4;0
5;2025-12-18;5;43
5;2025-12-18;6;164
5;2025-12-18;7;361
5;2025-12-18;8;548
5;2025-12-18;9;420
5;2025-12-18;10;358
5;2025-12-18;11;313
5;2025-12-18;12;330
5;2025-12-18;13;326
5;2025-12-18;14;349
5;2025-12-18;15;381
5;2025-12-18;16;407
5;2025-12-18;17;510
5;2025-12-18;18;563
5;2025-12-18;19;380
5;2025-12-18;20;240
5;2025-12-18;21;142
5;2025-12-18;22;68
5;2025-12-18;23;40
5;2025-12-19;0;14
5;2025-12-19;1;2
5;2025-12-19;2;0
5;2025-12-19;3;0
5;2025-12-19;4;0
5;2025-12-19;5;42
5;2025-12-19;6;154
5;2025-12-19;7;349
5;2025-12-19;8;509
5;2025-12-19;9;398
5;2025-12-19;10;360
5;2025-12-19;11;339
5;2025-12-19;12;347
5;2025-12-19;13;370
5;2025-12-19;14;385
5;2025-12-19;15;408
5;2025-12-19;16;482
5;2025-12-19;17;505
5;2025-12-19;18;458
5;2025-12-19;19;337
5;2025-12-19;20;233
5;2025-12-19;21;143
5;2025-12-19;22;77
5;2025-12-19;23;50
5;2025-12-20;0;19
5;2025-12-20;1;5
5;2025-12-20;2;0
5;2025-12-20;3;0
5;2025-12-20;4;0
5;2025-12-20;5;10
5;2025-12-20;6;65
5;2025-12-20;7;97
5;2025-12-20;8;158
5;2025-12-20;9;192
5;2025-12-20;10;203
5;2025-12-20;11;258
5;2025-12-20;12;292
5;2025-12-20;13;285
5;2025-12-20;14;305
5;2025-12-20;15;272
5;2025-12-20;16;267
5;2025-12-20;17;248
5;2025-12-20;18;232
5;2025-12-20;19;221
5;2025-12-20;20;184
5;2025-12-20;21;138
5;2025-12-20;22;73
5;2025-12-20;23;47
5;2025-12-21;0;21
5;2025-12-21;1;5
5;2025-12-21;2;0
5;2025-12-21;3;0
5;2025-12-21;4;0
5;2025-12-21;5;9
5;2025-12-21;6;49
5;2025-12-21;7;68
5;2025-12-21;8;112
5;2025-12-21;9;140
5;2025-12-21;10;169
5;2025-12-21;11;222
5;2025-12-21;12;246
5;2025-12-21;13;259
5;2025-12-21;14;271
5;2025-12-21;15;259
5;2025-12-21;16;243
5;2025-12-21;17;238
5;2025-12-21;18;199
5;2025-12-21;19;167
5;2025-12-21;20;154
5;2025-12-21;21;117
5;2025-12-21;22;66
5;2025-12-21;23;36
5;2025-12-22;0;13
5;2025-12-22;1;2
5;2025-12-22;2;0
5;2025-12-22;3;0
5;2025-12-22;4;0
5;2025-12-22;5;43
5;2025-12-22;6;164
5;2025-12-22;7;361
5;2025-12-22;8;548
5;2025-12-22;9;420
5;2025-12-22;10;358
5;2025-12-22;11;313
5;2025-12-22;12;330
5;2025-12-22;13;326
5;2025-12-22;14;349
5;2025-12-22;15;381
5;2025-12-22;16;407
5;2025-12-22;17;510
5;2025-12-22;18;563
5;2025-12-22;19;380
5;2025-12-22;20;240
5;2025-12-22;21;142
5;2025-12-22;22;68
5;2025-12-22;23;40
5;2025-12-23;0;13
5;2025-12-23;1;2
5;2025-12-23;2;0
5;2025-12-23;3;0
5;2025-12-23;4;0
5;2025-12-23;5;43
5;2025-12-23;6;164
5;2025-12-23;7;361
5;2025-12-23;8;548
5;2025-12-23;9;420
5;2025-12-23;10;358
5;2025-12-23;11;313
5;2025-12-23;12;330
5;2025-12-23;13;326
5;2025-12-23;14;349
5;2025-12-23;15;381
5;2025-12-23;16;407
5;2025-12-23;17;510
5;2025-12-23;18;563
5;2025-12-23;19;380
5;2025-12-23;20;240
5;2025-12-23;21;142
5;2025-12-23;22;68
5;2025-12-23;23;40
5;2025-12-24;0;13
5;2025-12-24;1;2
5;2025-12-24;2;0
5;2025-12-24;3;0
5;2025-12-24;4;0
5;2025-12-24;5;43
5;2025-12-24;6;164
5;2025-12-24;7;361
5;2025-12-24;8;548
5;2025-12-24;9;420
5;2025-12-24;10;358
5;2025-12-24;11;313
5;2025-12-24;12;330
5;2025-12-24;13;326
5;2025-12-24;14;349
5;2025-12-24;15;381
5;2025-12-24;16;407
5;2025-12-24;17;510
5;2025-12-24;18;563
5;2025-12-24;19;380
5;2025-12-24;20;240
5;2025-12-24;21;142
5;2025-12-24;22;68
5;2025-12-24;23;40
5;2025-12-25;0;13
5;2025-12-25;1;2
5;2025-12-25;2;0
5;2025-12-25;3;0
5;2025-12-25;4;0
5;2025-12-25;5;43
5;2025-12-25;6;164
5;2025-12-25;7;361
5;2025-12-25;8;548
5;2025-12-25;9;420
5;2025-12-25;10;358
5;2025-12-25;11;313
5;2025-12-25;12;330
5;2025-12-25;13;326
5;2025-12-25;14;349
5;2025-12-25;15;381
5;2025-12-25;16;407
5;2025-12-25;17;510
5;2025-12-25;18;563
5;2025-12-25;19;380
5;2025-12-25;20;240
5;2025-12-25;21;142
5;2025-12-25;22;68
5;2025-12-25;23;40
5;2025-12-26;0;14
5;2025-12-26;1;2
5;2025-12-26;2;0
5;2025-12-26;3;0
5;2025-12-26;4;0
5;2025-12-26;5;42
5;2025-12-26;6;154
5;2025-12-26;7;349
5;2025-12-26;8;509
5;2025-12-26;9;398
5;2025-12-26;10;360
5;2025-12-26;11;339
5;2025-12-26;12;347
5;2025-12-26;13;370
5;2025-12-26;14;385
5;2025-12-26;15;408
5;2025-12-26;16;482
5;2025-12-26;17;505
5;2025-12-26;18;458
5;2025-12-26;19;337
5;2025-12-26;20;233
5;2025-12-26;21;143
5;2025-12-26;22;77
5;2025-12-26;23;50
5;2025-12-27;0;19
5;2025-12-27;1;5
5;2025-12-27;2;0
5;2025-12-27;3;0
5;2025-12-27;4;0
5;2025-12-27;5;10
5;2025-12-27;6;65
5;2025-12-27;7;97
5;2025-12-27;8;158
5;2025-12-27;9;192
5;2025-12-27;10;203
5;2025-12-27;11;258
5;2025-12-27;12;292
5;2025-12-27;13;285
5;2025-12-27;14;305
5;2025-12-27;15;272
5;2025-12-27;16;267
5;2025-12-27;17;248
5;2025-12-27;18;232
5;2025-12-27;19;221
5;2025-12-27;20;184
5;2025-12-27;21;138
5;2025-12-27;22;73
5;2025-12-27;23;47
5;2025-12-28;0;21
5;2025-12-28;1;5
5;2025-12-28;2;0
5;2025-12-28;3;0
5;2025-12-28;4;0
5;2025-12-28;5;9
5;2025-12-28;6;49
5;2025-12-28;7;68
5;2025-12-28;8;112
5;2025-12-28;9;140
5;2025-12-28;10;169
5;2025-12-28;11;222
5;2025-12-28;12;246
5;2025-12-28;13;259
5;2025-12-28;14;271
5;2025-12-28;15;259
5;2025-12-28;16;243
5;2025-12-28;17;238
5;2025-12-28;18;199
5;2025-12-28;19;167
5;2025-12-28;20;154
5;2025-12-28;21;117
5;2025-12-28;22;66
5;2025-12-28;23;36
5;2025-12-29;0;12
5;2025-12-29;1;2
5;2025-12-29;2;0
5;2025-12-29;3;0
5;2025-12-29;4;0
5;2025-12-29;5;39
5;2025-12-29;6;147
5;2025-12-29;7;325
5;2025-12-29;8;493
5;2025-12-29;9;378
5;2025-12-29;10;322
5;2025-12-29;11;281
5;2025-12-29;12;297
5;2025-12-29;13;293
5;2025-12-29;14;314
5;2025-12-29;15;343
5;2025-12-29;16;367
5;2025-12-29;17;459
5;2025-12-29;18;507
5;2025-12-29;19;342
5;2025-12-29;20;216
5;2025-12-29;21;128
5;2025-12-29;22;61
5;2025-12-29;23;36
5;2025-12-30;0;11
5;2025-12-30;1;2
5;2025-12-30;2;0
5;2025-12-30;3;0
5;2025-12-30;4;0
5;2025-12-30;5;37
5;2025-12-30;6;139
5;2025-12-30;7;307
5;2025-12-30;8;466
5;2025-12-30;9;357
5;2025-12-30;10;304
5;2025-12-30;11;266
5;2025-12-30;12;281
5;2025-12-30;13;277
5;2025-12-30;14;296
5;2025-12-30;15;323
5;2025-12-30;16;346
5;2025-12-30;17;434
5;2025-12-30;18;479
5;2025-12-30;19;323
5;2025-12-30;20;204
5;2025-12-30;21;121
5;2025-12-30;22;58
5;2025-12-30;23;34
5;2025-12-31;0;10
5;2025-12-31;1;3
5;2025-12-31;2;0
5;2025-12-31;3;0
5;2025-12-31;4;0
5;2025-12-31;5;6
5;2025-12-31;6;35
5;2025-12-31;7;52
5;2025-12-31;8;86
5;2025-12-31;9;104
5;2025-12-31;10;110
5;2025-12-31;11;139
5;2025-12-31;12;158
5;2025-12-31;13;154
5;2025-12-31;14;165
5;2025-12-31;15;147
5;2025-12-31;16;144
5;2025-12-31;17;134
5;2025-12-31;18;126
5;2025-12-31;19;120
5;2025-12-31;20;10
5;2025-12-31;21;7
5;2025-12-31;22;4
5;2025-12-31;23;2
7;2025-11-01;0;109
7;2025-11-01;1;25
7;2025-11-01;2;0
7;2025-11-01;3;0
7;2025-11-01;4;1
7;2025-11-01;5;167
7;2025-11-01;6;606
7;2025-11-01;7;1388
7;2025-11-01;8;2037
7;2025-11-01;9;1579
7;2025-11-01;10;1462
7;2025-11-01;11;1371
7;2025-11-01;12;1410
7;2025-11-01;13;1489
7;2025-11-01;14;1549
7;2025-11-01;15;1647
7;2025-11-01;16;1927
7;2025-11-01;17;2027
7;2025-11-01;18;1825
7;2025-11-01;19;1325
7;2025-11-01;20;930
7;2025-11-01;21;571
7;2025-11-01;22;309
7;2025-11-01;23;206
7;2025-11-02;0;102
7;2025-11-02;1;24
7;2025-11-02;2;0
7;2025-11-02;3;0
7;2025-11-02;4;1
7;2025-11-02;5;29
7;2025-11-02;6;128
7;2025-11-02;7;169
7;2025-11-02;8;381
7;2025-11-02;9;504
7;2025-11-02;10;396
7;2025-11-02;11;589
7;2025-11-02;12;636
7;2025-11-02;13;632
7;2025-11-02;14;661
7;2025-11-02;15;716
7;2025-11-02;16;616
7;2025-11-02;17;611
7;2025-11-02;18;634
7;2025-11-02;19;470
7;2025-11-02;20;410
7;2025-11-02;21;301
7;2025-11-02;22;156
7;2025-11-02;23;125
7;2025-11-03;0;91
7;2025-11-03;1;21
7;2025-11-03;2;0
7;2025-11-03;3;0
7;2025-11-03;4;1
7;2025-11-03;5;32
7;2025-11-03;6;155
7;2025-11-03;7;184
7;2025-11-03;8;429
7;2025-11-03;9;439
7;2025-11-03;10;413
7;2025-11-03;11;519
7;2025-11-03;12;635
7;2025-11-03;13;613
7;2025-11-03;14;613
7;2025-11-03;15;633
7;2025-11-03;16;586
7;2025-11-03;17;572
7;2025-11-03;18;565
7;2025-11-03;19;432
7;2025-11-03;20;390
7;2025-11-03;21;279
7;2025-11-03;22;150
7;2025-11-03;23;122
7;2025-11-04;0;91
7;2025-11-04;1;21
7;2025-11-04;2;0
7;2025-11-04;3;0
7;2025-11-04;4;1
7;2025-11-04;5;32
7;2025-11-04;6;155
7;2025-11-04;7;184
7;2025-11-04;8;429
7;2025-11-04;9;439
7;2025-11-04;10;413
7;2025-11-04;11;519
7;2025-11-04;12;635
7;2025-11-04;13;613
7;2025-11-04;14;613
7;2025-11-04;15;633
7;2025-11-04;16;586
7;2025-11-04;17;572
7;2025-11-04;18;565
7;2025-11-04;19;432
7;2025-11-04;20;390
7;2025-11-04;21;279
7;2025-11-04;22;150
7;2025-11-04;23;122
7;2025-11-05;0;60
7;2025-11-05;1;12
7;2025-11-05;2;0
7;2025-11-05;3;0
7;2025-11-05;4;1
7;2025-11-05;5;202
7;2025-11-05;6;745
7;2025-11-05;7;1690
7;2025-11-05;8;2575
7;2025-11-05;9;1964
7;2025-11-05;10;1692
7;2025-11-05;11;1498
7;2025-11-05;12;1588
7;2025-11-05;13;1549
7;2025-11-05;14;1649
7;2025-11-05;15;1799
7;2025-11-05;16;1917
7;2025-11-05;17;2405
7;2025-11-05;18;2650
7;2025-11-05;19;1775
7;2025-11-05;20;1134
7;2025-11-05;21;670
7;2025-11-05;22;319
7;2025-11-05;23;193
7;2025-11-06;0;60
7;2025-11-06;1;12
7;2025-11-06;2;0
7;2025-11-06;3;0
7;2025-11-06;4;1
7;2025-11-06;5;202
7;2025-11-06;6;745
7;2025-11-06;7;1690
7;2025-11-06;8;2575
7;2025-11-06;9;1964
7;2025-11-06;10;1692
7;2025-11-06;11;1498
7;2025-11-06;12;1588
7;2025-11-06;13;1549
7;2025-11-06;14;1649
7;2025-11-06;15;1799
7;2025-11-06;16;1917
7;2025-11-06;17;2405
7;2025-11-06;18;2650
7;2025-11-06;19;1775
7;2025-11-06;20;1134
7;2025-11-06;21;670
7;2025-11-06;22;319
7;2025-11-06;23;193
7;2025-11-07;0;67
7;2025-11-07;1;12
7;2025-11-07;2;0
7;2025-11-07;3;0
7;2025-11-07;4;1
7;2025-11-07;5;190
7;2025-11-07;6;689
7;2025-11-07;7;1578
7;2025-11-07;8;2315
7;2025-11-07;9;1795
7;2025-11-07;10;1662
7;2025-11-07;11;1559
7;2025-11-07;12;1603
7;2025-11-07;13;1693
7;2025-11-07;14;1761
7;2025-11-07;15;1872
7;2025-11-07;16;2191
7;2025-11-07;17;2304
7;2025-11-07;18;2074
7;2025-11-07;19;1506
7;2025-11-07;20;1057
7;2025-11-07;21;649
7;2025-11-07;22;351
7;2025-11-07;23;234
7;2025-11-08;0;116
7;2025-11-08;1;26
7;2025-11-08;2;0
7;2025-11-08;3;0
7;2025-11-08;4;1
7;2025-11-08;5;47
7;2025-11-08;6;256
7;2025-11-08;7;280
7;2025-11-08;8;668
7;2025-11-08;9;539
7;2025-11-08;10;608
7;2025-11-08;11;645
7;2025-11-08;12;897
7;2025-11-08;13;844
7;2025-11-08;14;806
7;2025-11-08;15;791
7;2025-11-08;16;790
7;2025-11-08;17;759
7;2025-11-08;18;713
7;2025-11-08;19;564
7;2025-11-08;20;528
7;2025-11-08;21;369
7;2025-11-08;22;208
7;2025-11-08;23;169
7;2025-11-09;0;102
7;2025-11-09;1;24
7;2025-11-09;2;0
7;2025-11-09;3;0
7;2025-11-09;4;1
7;2025-11-09;5;29
7;2025-11-09;6;128
7;2025-11-09;7;169
7;2025-11-09;8;381
7;2025-11-09;9;504
7;2025-11-09;10;396
7;2025-11-09;11;589
7;2025-11-09;12;636
7;2025-11-09;13;632
7;2025-11-09;14;661
7;2025-11-09;15;716
7;2025-11-09;16;616
7;2025-11-09;17;611
7;2025-11-09;18;634
7;2025-11-09;19;470
7;2025-11-09;20;410
7;2025-11-09;21;301
7;2025-11-09;22;156
7;2025-11-09;23;125
7;2025-11-10;0;59
7;2025-11-10;1;12
7;2025-11-10;2;0
7;2025-11-10;3;0
7;2025-11-10;4;1
7;2025-11-10;5;196
7;2025-11-10;6;725
7;2025-11-10;7;1645
7;2025-11-10;8;2506
7;2025-11-10;9;1911
7;2025-11-10;10;1646
7;2025-11-10;11;1458
7;2025-11-10;12;1546
7;2025-11-10;13;1508
7;2025-11-10;14;1605
7;2025-11-10;15;1750
7;2025-11-10;16;1866
7;2025-11-10;17;2340
7;2025-11-10;18;2579
7;2025-11-10;19;1727
7;2025-11-10;20;1104
7;2025-11-10;21;652
7;2025-11-10;22;311
7;2025-11-10;23;187
7;2025-11-11;0;60
7;2025-11-11;1;12
7;2025-11-11;2;0
7;2025-11-11;3;0
7;2025-11-11;4;1
7;2025-11-11;5;202
7;2025-11-11;6;745
7;2025-11-11;7;1690
7;2025-11-11;8;2575
7;2025-11-11;9;1964
7;2025-11-11;10;1692
7;2025-11-11;11;1498
7;2025-11-11;12;1588
7;2025-11-11;13;1549
7;2025-11-11;14;1649
7;2025-11-11;15;1799
7;2025-11-11;16;1917
7;2025-11-11;17;2405
7;2025-11-11;18;2650
7;2025-11-11;19;1775
7;2025-11-11;20;1134
7;2025-11-11;21;670
7;2025-11-11;22;319
7;2025-11-11;23;193
7;2025-11-12;0;57
7;2025-11-12;1;11
7;2025-11-12;2;0
7;2025-11-12;3;0
7;2025-11-12;4;1
7;2025-11-12;5;190
7;2025-11-12;6;700
7;2025-11-12;7;1589
7;2025-11-12;8;2420
7;2025-11-12;9;1846
7;2025-11-12;10;1590
7;2025-11-12;11;1408
7;2025-11-12;12;1493
7;2025-11-12;13;1456
7;2025-11-12;14;1550
7;2025-11-12;15;1691
7;2025-11-12;16;1802
7;2025-11-12;17;2260
7;2025-11-12;18;2491
7;2025-11-12;19;1668
7;2025-11-12;20;1066
7;2025-11-12;21;629
7;2025-11-12;22;300
7;2025-11-12;23;181
7;2025-11-13;0;57
7;2025-11-13;1;11
7;2025-11-13;2;0
7;2025-11-13;3;0
7;2025-11-13;4;1
7;2025-11-13;5;190
7;2025-11-13;6;700
7;2025-11-13;7;1589
7;2025-11-13;8;2420
7;2025-11-13;9;1846
7;2025-11-13;10;1590
7;2025-11-13;11;1408
7;2025-11-13;12;1493
7;2025-11-13;13;1456
7;2025-11-13;14;1550
7;2025-11-13;15;1691
7;2025-11-13;16;1802
7;2025-11-13;17;2260
7;2025-11-13;18;2491
7;2025-11-13;19;1668
7;2025-11-13;20;1066
7;2025-11-13;21;629
7;2025-11-13;22;300
7;2025-11-13;23;181
7;2025-11-14;0;63
7;2025-11-14;1;11
7;2025-11-14;2;0
7;2025-11-14;3;0
7;2025-11-14;4;1
7;2025-11-14;5;178
7;2025-11-14;6;648
7;2025-11-14;7;1483
7;2025-11-14;8;2176
7;2025-11-14;9;1687
7;2025-11-14;10;1562
7;2025-11-14;11;1465
7;2025-11-14;12;1507
7;2025-11-14;13;1591
7;2025-11-14;14;1655
7;2025-11-14;15;1760
7;2025-11-14;16;2059
7;2025-11-14;17;2166
7;2025-11-14;18;1950
7;2025-11-14;19;1416
7;2025-11-14;20;994
7;2025-11-14;21;610
7;2025-11-14;22;331
7;2025-11-14;23;219
7;2025-11-15;0;89
7;2025-11-15;1;26
7;2025-11-15;2;0
7;2025-11-15;3;0
7;2025-11-15;4;1
7;2025-11-15;5;49
7;2025-11-15;6;310
7;2025-11-15;7;461
7;2025-11-15;8;753
7;2025-11-15;9;911
7;2025-11-15;10;968
7;2025-11-15;11;1226
7;2025-11-15;12;1388
7;2025-11-15;13;1357
7;2025-11-15;14;1452
7;2025-11-15;15;1294
7;2025-11-15;16;1270
7;2025-11-15;17;1179
7;2025-11-15;18;1105
7;2025-11-15;19;1052
7;2025-11-15;20;878
7;2025-11-15;21;658
7;2025-11-15;22;349
7;2025-11-15;23;226
7;2025-11-16;0;98
7;2025-11-16;1;22
7;2025-11-16;2;0
7;2025-11-16;3;0
7;2025-11-16;4;0
7;2025-11-16;5;41
7;2025-11-16;6;224
7;2025-11-16;7;312
7;2025-11-16;8;515
7;2025-11-16;9;645
7;2025-11-16;10;776
7;2025-11-16;11;1024
7;2025-11-16;12;1130
7;2025-11-16;13;1193
7;2025-11-16;14;1249
7;2025-11-16;15;1192
7;2025-11-16;16;1117
7;2025-11-16;17;1094
7;2025-11-16;18;915
7;2025-11-16;19;770
7;2025-11-16;20;712
7;2025-11-16;21;541
7;2025-11-16;22;302
7;2025-11-16;23;166
7;2025-11-17;0;55
7;2025-11-17;1;11
7;2025-11-17;2;0
7;2025-11-17;3;0
7;2025-11-17;4;1
7;2025-11-17;5;185
7;2025-11-17;6;682
7;2025-11-17;7;1546
7;2025-11-17;8;2355
7;2025-11-17;9;1797
7;2025-11-17;10;1547
7;2025-11-17;11;1370
7;2025-11-17;12;1453
7;2025-11-17;13;1417
7;2025-11-17;14;1509
7;2025-11-17;15;1645
7;2025-11-17;16;1754
7;2025-11-17;17;2200
7;2025-11-17;18;2424
7;2025-11-17;19;1624
7;2025-11-17;20;1037
7;2025-11-17;21;613
7;2025-11-17;22;291
7;2025-11-17;23;176
7;2025-11-18;0;57
7;2025-11-18;1;11
7;2025-11-18;2;0
7;2025-11-18;3;0
7;2025-11-18;4;1
7;2025-11-18;5;190
7;2025-11-18;6;700
7;2025-11-18;7;1589
7;2025-11-18;8;2420
7;2025-11-18;9;1846
7;2025-11-18;10;1590
7;2025-11-18;11;1408
7;2025-11-18;12;1493
7;2025-11-18;13;1456
7;2025-11-18;14;1550
7;2025-11-18;15;1691
7;2025-11-18;16;1802
7;2025-11-18;17;2260
7;2025-11-18;18;2491
7;2025-11-18;19;1668
7;2025-11-18;20;1066
7;2025-11-18;21;629
7;2025-11-18;22;300
7;2025-11-18;23;181
7;2025-11-19;0;57
7;2025-11-19;1;11
7;2025-11-19;2;0
7;2025-11-19;3;0
7;2025-11-19;4;1
7;2025-11-19;5;190
7;2025-11-19;6;700
7;2025-11-19;7;1589
7;2025-11-19;8;2420
7;2025-11-19;9;1846
7;2025-11-19;10;1590
7;2025-11-19;11;1408
7;2025-11-19;12;1493
7;2025-11-19;13;1456
7;2025-11-19;14;1550
7;2025-11-19;15;1691
7;2025-11-19;16;1802
7;2025-11-19;17;2260
7;2025-11-19;18;2491
7;2025-11-19;19;1668
7;2025-11-19;20;1066
7;2025-11-19;21;629
7;2025-11-19;22;300
7;2025-11-19;23;181
7;2025-11-20;0;57
7;2025-11-20;1;11
7;2025-11-20;2;0
7;2025-11-20;3;0
7;2025-11-20;4;1
7;2025-11-20;5;190
7;2025-11-20;6;700
7;2025-11-20;7;1589
7;2025-11-20;8;2420
7;2025-11-20;9;1846
7;2025-11-20;10;1590
7;2025-11-20;11;1408
7;2025-11-20;12;1493
7;2025-11-20;13;1456
7;2025-11-20;14;1550
7;2025-11-20;15;1691
7;2025-11-20;16;1802
7;2025-11-20;17;2260
7;2025-11-20;18;2491
7;2025-11-20;19;1668
7;2025-11-20;20;1066
7;2025-11-20;21;629
7;2025-11-20;22;300
7;2025-11-20;23;181
7;2025-11-21;0;63
7;2025-11-21;1;11
7;2025-11-21;2;0
7;2025-11-21;3;0
7;2025-11-21;4;1
7;2025-11-21;5;178
7;2025-11-21;6;648
7;2025-11-21;7;1483
7;2025-11-21;8;2176
7;2025-11-21;9;1687
7;2025-11-21;10;1562
7;2025-11-21;11;1465
7;2025-11-21;12;1507
7;2025-11-21;13;1591
7;2025-11-21;14;1655
7;2025-11-21;15;1760
7;2025-11-21;16;2059
7;2025-11-21;17;2166
7;2025-11-21;18;1950
7;2025-11-21;19;1416
7;2025-11-21;20;994
7;2025-11-21;21;610
7;2025-11-21;22;331
7;2025-11-21;23;219
7;2025-11-22;0;89
7;2025-11-22;1;26
7;2025-11-22;2;0
7;2025-11-22;3;0
7;2025-11-22;4;1
7;2025-11-22;5;49
7;2025-11-22;6;310
7;2025-11-22;7;461
7;2025-11-22;8;753
7;2025-11-22;9;911
7;2025-11-22;10;968
7;2025-11-22;11;1226
7;2025-11-22;12;1388
7;2025-11-22;13;1357
7;2025-11-22;14;1452
7;2025-11-22;15;1294
7;2025-11-22;16;1270
7;2025-11-22;17;1179
7;2025-11-22;18;1105
7;2025-11-22;19;1052
7;2025-11-22;20;878
7;2025-11-22;21;658
7;2025-11-22;22;349
7;2025-11-22;23;226
7;2025-11-23;0;98
7;2025-11-23;1;22
7;2025-11-23;2;0
7;2025-11-23;3;0
7;2025-11-23;4;0
7;2025-11-23;5;41
7;2025-11-23;6;224
7;2025-11-23;7;312
7;2025-11-23;8;515
7;2025-11-23;9;645
7;2025-11-23;10;776
7;2025-11-23;11;1024
7;2025-11-23;12;1130
7;2025-11-23;13;1193
7;2025-11-23;14;1249
7;2025-11-23;15;1192
7;2025-11-23;16;1117
7;2025-11-23;17;1094
7;2025-11-23;18;915
7;2025-11-23;19;770
7;2025-11-23;20;712
7;2025-11-23;21;541
7;2025-11-23;22;302
7;2025-11-23;23;166
7;2025-11-24;0;55
7;2025-11-24;1;11
7;2025-11-24;2;0
7;2025-11-24;3;0
7;2025-11-24;4;1
7;2025-11-24;5;185
7;2025-11-24;6;682
7;2025-11-24;7;1546
7;2025-11-24;8;2355
7;2025-11-24;9;1797
7;2025-11-24;10;1547
7;2025-11-24;11;1370
7;2025-11-24;12;1453
7;2025-11-24;13;1417
7;2025-11-24;14;1509
7;2025-11-24;15;1645
7;2025-11-24;16;1754
7;2025-11-24;17;2200
7;2025-11-24;18;2424
7;2025-11-24;19;1624
7;2025-11-24;20;1037
7;2025-11-24;21;613
7;2025-11-24;22;291
7;2025-11-24;23;176
7;2025-11-25;0;57
7;2025-11-25;1;11
7;2025-11-25;2;0
7;2025-11-25;3;0
7;2025-11-25;4;1
7;2025-11-25;5;190
7;2025-11-25;6;700
7;2025-11-25;7;1589
7;2025-11-25;8;2420
7;2025-11-25;9;1846
7;2025-11-25;10;1590
7;2025-11-25;11;1408
7;2025-11-25;12;1493
7;2025-11-25;13;1456
7;2025-11-25;14;1550
7;2025-11-25;15;1691
7;2025-11-25;16;1802
7;2025-11-25;17;2260
7;2025-11-25;18;2491
7;2025-11-25;19;1668
7;2025-11-25;20;1066
7;2025-11-25;21;629
7;2025-11-25;22;300
7;2025-11-25;23;181
7;2025-11-26;0;57
7;2025-11-26;1;11
7;2025-11-26;2;0
7;2025-11-26;3;0
7;2025-11-26;4;1
7;2025-11-26;5;190
7;2025-11-26;6;700
7;2025-11-26;7;1589
7;2025-11-26;8;2420
7;2025-11-26;9;1846
7;2025-11-26;10;1590
7;2025-11-26;11;1408
7;2025-11-26;12;1493
7;2025-11-26;13;1456
7;2025-11-26;14;1550
7;2025-11-26;15;1691
7;2025-11-26;16;1802
7;2025-11-26;17;2260
7;2025-11-26;18;2491
7;2025-11-26;19;1668
7;2025-11-26;20;1066
7;2025-11-26;21;629
7;2025-11-26;22;300
7;2025-11-26;23;181
7;2025-11-27;0;57
7;2025-11-27;1;11
7;2025-11-27;2;0
7;2025-11-27;3;0
7;2025-11-27;4;1
7;2025-11-27;5;190
7;2025-11-27;6;700
7;2025-11-27;7;1589
7;2025-11-27;8;2420
7;2025-11-27;9;1846
7;2025-11-27;10;1590
7;2025-11-27;11;1408
7;2025-11-27;12;1493
7;2025-11-27;13;1456
7;2025-11-27;14;1550
7;2025-11-27;15;1691
7;2025-11-27;16;1802
7;2025-11-27;17;2260
7;2025-11-27;18;2491
7;2025-11-27;19;1668
7;2025-11-27;20;1066
7;2025-11-27;21;629
7;2025-11-27;22;300
7;2025-11-27;23;181
7;2025-11-28;0;63
7;2025-11-28;1;11
7;2025-11-28;2;0
7;2025-11-28;3;0
7;2025-11-28;4;1
7;2025-11-28;5;178
7;2025-11-28;6;648
7;2025-11-28;7;1483
7;2025-11-28;8;2176
7;2025-11-28;9;1687
7;2025-11-28;10;1562
7;2025-11-28;11;1465
7;2025-11-28;12;1507
7;2025-11-28;13;1591
7;2025-11-28;14;1655
7;2025-11-28;15;1760
7;2025-11-28;16;2059
7;2025-11-28;17;2166
7;2025-11-28;18;1950
7;2025-11-28;19;1416
7;2025-11-28;20;994
7;2025-11-28;21;610
7;2025-11-28;22;331
7;2025-11-28;23;219
7;2025-11-29;0;89
7;2025-11-29;1;26
7;2025-11-29;2;0
7;2025-11-29;3;0
7;2025-11-29;4;1
7;2025-11-29;5;49
7;2025-11-29;6;310
7;2025-11-29;7;461
7;2025-11-29;8;753
7;2025-11-29;9;911
7;2025-11-29;10;968
7;2025-11-29;11;1226
7;2025-11-29;12;1388
7;2025-11-29;13;1357
7;2025-11-29;14;1452
7;2025-11-29;15;1294
7;2025-11-29;16;1270
7;2025-11-29;17;1179
7;2025-11-29;18;1105
7;2025-11-29;19;1052
7;2025-11-29;20;878
7;2025-11-29;21;658
7;2025-11-29;22;349
7;2025-11-29;23;226
7;2025-11-30;0;98
7;2025-11-30;1;22
7;2025-11-30;2;0
7;2025-11-30;3;0
7;2025-11-30;4;0
7;2025-11-30;5;41
7;2025-11-30;6;224
7;2025-11-30;7;312
7;2025-11-30;8;515
7;2025-11-30;9;645
7;2025-11-30;10;776
7;2025-11-30;11;1024
7;2025-11-30;12;1130
7;2025-11-30;13;1193
7;2025-11-30;14;1249
7;2025-11-30;15;1192
7;2025-11-30;16;1117
7;2025-11-30;17;1094
7;2025-11-30;18;915
7;2025-11-30;19;770
7;2025-11-30;20;712
7;2025-11-30;21;541
7;2025-11-30;22;302
7;2025-11-30;23;166
7;2025-12-01;0;55
7;2025-12-01;1;11
7;2025-12-01;2;0
7;2025-12-01;3;0
7;2025-12-01;4;1
7;2025-12-01;5;186
7;2025-12-01;6;706
7;2025-12-01;7;1556
7;2025-12-01;8;2362
7;2025-12-01;9;1811
7;2025-12-01;10;1542
7;2025-12-01;11;1349
7;2025-12-01;12;1424
7;2025-12-01;13;1404
7;2025-12-01;14;1504
7;2025-12-01;15;1641
7;2025-12-01;16;1757
7;2025-12-01;17;2200
7;2025-12-01;18;2430
7;2025-12-01;19;1639
7;2025-12-01;20;1036
7;2025-12-01;21;612
7;2025-12-01;22;291
7;2025-12-01;23;173
7;2025-12-02;0;57
7;2025-12-02;1;11
7;2025-12-02;2;0
7;2025-12-02;3;0
7;2025-12-02;4;1
7;2025-12-02;5;192
7;2025-12-02;6;726
7;2025-12-02;7;1599
7;2025-12-02;8;2427
7;2025-12-02;9;1861
7;2025-12-02;10;1585
7;2025-12-02;11;1386
7;2025-12-02;12;1463
7;2025-12-02;13;1443
7;2025-12-02;14;1546
7;2025-12-02;15;1687
7;2025-12-02;16;1805
7;2025-12-02;17;2260
7;2025-12-02;18;2497
7;2025-12-02;19;1684
7;2025-12-02;20;1065
7;2025-12-02;21;628
7;2025-12-02;22;300
7;2025-12-02;23;178
7;2025-12-03;0;57
7;2025-12-03;1;11
7;2025-12-03;2;0
7;2025-12-03;3;0
7;2025-12-03;4;1
7;2025-12-03;5;192
7;2025-12-03;6;726
7;2025-12-03;7;1599
7;2025-12-03;8;2427
7;2025-12-03;9;1861
7;2025-12-03;10;1585
7;2025-12-03;11;1386
7;2025-12-03;12;1463
7;2025-12-03;13;1443
7;2025-12-03;14;1546
7;2025-12-03;15;1687
7;2025-12-03;16;1805
7;2025-12-03;17;2260
7;2025-12-03;18;2497
7;2025-12-03;19;1684
7;2025-12-03;20;1065
7;2025-12-03;21;628
7;2025-12-03;22;300
7;2025-12-03;23;178
7;2025-12-04;0;57
7;2025-12-04;1;11
7;2025-12-04;2;0
7;2025-12-04;3;0
7;2025-12-04;4;1
7;2025-12-04;5;192
7;2025-12-04;6;726
7;2025-12-04;7;1599
7;2025-12-04;8;2427
7;2025-12-04;9;1861
7;2025-12-04;10;1585
7;2025-12-04;11;1386
7;2025-12-04;12;1463
7;2025-12-04;13;1443
7;2025-12-04;14;1546
7;2025-12-04;15;1687
7;2025-12-04;16;1805
7;2025-12-04;17;2260
7;2025-12-04;18;2497
7;2025-12-04;19;1684
7;2025-12-04;20;1065
7;2025-12-04;21;628
7;2025-12-04;22;300
7;2025-12-04;23;178
7;2025-12-05;0;60
7;2025-12-05;1;11
7;2025-12-05;2;0
7;2025-12-05;3;0
7;2025-12-05;4;1
7;2025-12-05;5;180
7;2025-12-05;6;661
7;2025-12-05;7;1494
7;2025-12-05;8;2179
7;2025-12-05;9;1703
7;2025-12-05;10;1541
7;2025-12-05;11;1452
7;2025-12-05;12;1485
7;2025-12-05;13;1583
7;2025-12-05;14;1650
7;2025-12-05;15;1746
7;2025-12-05;16;2063
7;2025-12-05;17;2161
7;2025-12-05;18;1962
7;2025-12-05;19;1442
7;2025-12-05;20;996
7;2025-12-05;21;614
7;2025-12-05;22;332
7;2025-12-05;23;214
7;2025-12-06;0;89
7;2025-12-06;1;26
7;2025-12-06;2;0
7;2025-12-06;3;0
7;2025-12-06;4;1
7;2025-12-06;5;49
7;2025-12-06;6;310
7;2025-12-06;7;461
7;2025-12-06;8;753
7;2025-12-06;9;911
7;2025-12-06;10;968
7;2025-12-06;11;1226
7;2025-12-06;12;1388
7;2025-12-06;13;1357
7;2025-12-06;14;1452
7;2025-12-06;15;1294
7;2025-12-06;16;1270
7;2025-12-06;17;1179
7;2025-12-06;18;1105
7;2025-12-06;19;1052
7;2025-12-06;20;878
7;2025-12-06;21;658
7;2025-12-06;22;349
7;2025-12-06;23;226
7;2025-12-07;0;98
7;2025-12-07;1;22
7;2025-12-07;2;0
7;2025-12-07;3;0
7;2025-12-07;4;0
7;2025-12-07;5;41
7;2025-12-07;6;224
7;2025-12-07;7;312
7;2025-12-07;8;515
7;2025-12-07;9;645
7;2025-12-07;10;776
7;2025-12-07;11;1024
7;2025-12-07;12;1130
7;2025-12-07;13;1193
7;2025-12-07;14;1249
7;2025-12-07;15;1192
7;2025-12-07;16;1117
7;2025-12-07;17;1094
7;2025-12-07;18;915
7;2025-12-07;19;770
7;2025-12-07;20;712
7;2025-12-07;21;541
7;2025-12-07;22;302
7;2025-12-07;23;166
7;2025-12-08;0;55
7;2025-12-08;1;11
7;2025-12-08;2;0
7;2025-12-08;3;0
7;2025-12-08;4;1
7;2025-12-08;5;186
7;2025-12-08;6;706
7;2025-12-08;7;1556
7;2025-12-08;8;2362
7;2025-12-08;9;1811
7;2025-12-08;10;1542
7;2025-12-08;11;1349
7;2025-12-08;12;1424
7;2025-12-08;13;1404
7;2025-12-08;14;1504
7;2025-12-08;15;1641
7;2025-12-08;16;1757
7;2025-12-08;17;2200
7;2025-12-08;18;2430
7;2025-12-08;19;1639
7;2025-12-08;20;1036
7;2025-12-08;21;612
7;2025-12-08;22;291
7;2025-12-08;23;173
7;2025-12-09;0;57
7;2025-12-09;1;11
7;2025-12-09;2;0
7;2025-12-09;3;0
7;2025-12-09;4;1
7;2025-12-09;5;192
7;2025-12-09;6;726
7;2025-12-09;7;1599
7;2025-12-09;8;2427
7;2025-12-09;9;1861
7;2025-12-09;10;1585
7;2025-12-09;11;1386
7;2025-12-09;12;1463
7;2025-12-09;13;1443
7;2025-12-09;14;1546
7;2025-12-09;15;1687
7;2025-12-09;16;1805
7;2025-12-09;17;2260
7;2025-12-09;18;2497
7;2025-12-09;19;1684
7;2025-12-09;20;1065
7;2025-12-09;21;628
7;2025-12-09;22;300
7;2025-12-09;23;178
7;2025-12-10;0;57
7;2025-12-10;1;11
7;2025-12-10;2;0
7;2025-12-10;3;0
7;2025-12-10;4;1
7;2025-12-10;5;192
7;2025-12-10;6;726
7;2025-12-10;7;1599
7;2025-12-10;8;2427
7;2025-12-10;9;1861
7;2025-12-10;10;1585
7;2025-12-10;11;1386
7;2025-12-10;12;1463
7;2025-12-10;13;1443
7;2025-12-10;14;1546
7;2025-12-10;15;1687
7;2025-12-10;16;1805
7;2025-12-10;17;2260
7;2025-12-10;18;2497
7;2025-12-10;19;1684
7;2025-12-10;20;1065
7;2025-12-10;21;628
7;2025-12-10;22;300
7;2025-12-10;23;178
7;2025-12-11;0;57
7;2025-12-11;1;11
7;2025-12-11;2;0
7;2025-12-11;3;0
7;2025-12-11;4;1
7;2025-12-11;5;192
7;2025-12-11;6;726
7;2025-12-11;7;1599
7;2025-12-11;8;2427
7;2025-12-11;9;1861
7;2025-12-11;10;1585
7;2025-12-11;11;1386
7;2025-12-11;12;1463
7;2025-12-11;13;1443
7;2025-12-11;14;1546
7;2025-12-11;15;1687
7;2025-12-11;16;1805
7;2025-12-11;17;2260
7;2025-12-11;18;2497
7;2025-12-11;19;1684
7;2025-12-11;20;1065
7;2025-12-11;21;628
7;2025-12-11;22;300
7;2025-12-11;23;178
7;2025-12-12;0;60
7;2025-12-12;1;11
7;2025-12-12;2;0
7;2025-12-12;3;0
7;2025-12-12;4;1
7;2025-12-12;5;180
7;2025-12-12;6;661
7;2025-12-12;7;1494
7;2025-12-12;8;2179
7;2025-12-12;9;1703
7;2025-12-12;10;1541
7;2025-12-12;11;1452
7;2025-12-12;12;1485
7;2025-12-12;13;1583
7;2025-12-12;14;1650
7;2025-12-12;15;1746
7;2025-12-12;16;2063
7;2025-12-12;17;2161
7;2025-12-12;18;1962
7;2025-12-12;19;1442
7;2025-12-12;20;996
7;2025-12-12;21;614
7;2025-12-12;22;332
7;2025-12-12;23;214
7;2025-12-13;0;89
7;2025-12-13;1;26
7;2025-12-13;2;0
7;2025-12-13;3;0
7;2025-12-13;4;1
7;2025-12-13;5;49
7;2025-12-13;6;310
7;2025-12-13;7;461
7;2025-12-13;8;753
7;2025-12-13;9;911
7;2025-12-13;10;968
7;2025-12-13;11;1226
7;2025-12-13;12;1388
7;2025-12-13;13;1357
7;2025-12-13;14;1452
7;2025-12-13;15;1294
7;2025-12-13;16;1270
7;2025-12-13;17;1179
7;2025-12-13;18;1105
7;2025-12-13;19;1052
7;2025-12-13;20;878
7;2025-12-13;21;658
7;2025-12-13;22;349
7;2025-12-13;23;226
7;2025-12-14;0;98
7;2025-12-14;1;22
7;2025-12-14;2;0
7;2025-12-14;3;0
7;2025-12-14;4;0
7;2025-12-14;5;41
7;2025-12-14;6;224
7;2025-12-14;7;312
7;2025-12-14;8;515
7;2025-12-14;9;645
7;2025-12-14;10;776
7;2025-12-14;11;1024
7;2025-12-14;12;1130
7;2025-12-14;13;1193
7;2025-12-14;14;1249
7;2025-12-14;15;1192
7;2025-12-14;16;1117
7;2025-12-14;17;1094
7;2025-12-14;18;915
7;2025-12-14;19;770
7;2025-12-14;20;712
7;2025-12-14;21;541
7;2025-12-14;22;302
7;2025-12-14;23;166
7;2025-12-15;0;55
7;2025-12-15;1;11
7;2025-12-15;2;0
7;2025-12-15;3;0
7;2025-12-15;4;1
7;2025-12-15;5;186
7;2025-12-15;6;706
7;2025-12-15;7;1556
7;2025-12-15;8;2362
7;2025-12-15;9;1811
7;2025-12-15;10;1542
7;2025-12-15;11;1349
7;2025-12-15;12;1424
7;2025-12-15;13;1404
7;2025-12-15;14;1504
7;2025-12-15;15;1641
7;2025-12-15;16;1757
7;2025-12-15;17;2200
7;2025-12-15;18;2430
7;2025-12-15;19;1639
7;2025-12-15;20;1036
7;2025-12-15;21;612
7;2025-12-15;22;291
7;2025-12-15;23;173
7;2025-12-16;0;57
7;2025-12-16;1;11
7;2025-12-16;2;0
7;2025-12-16;3;0
7;2025-12-16;4;1
7;2025-12-16;5;192
7;2025-12-16;6;726
7;2025-12-16;7;1599
7;2025-12-16;8;2427
7;2025-12-16;9;1861
7;2025-12-16;10;1585
7;2025-12-16;11;1386
7;2025-12-16;12;1463
7;2025-12-16;13;1443
7;2025-12-16;14;1546
7;2025-12-16;15;1687
7;2025-12-16;16;1805
7;2025-12-16;17;2260
7;2025-12-16;18;2497
7;2025-12-16;19;1684
7;2025-12-16;20;1065
7;2025-12-16;21;628
7;2025-12-16;22;300
7;2025-12-16;23;178
7;2025-12-17;0;57
7;2025-12-17;1;11
7;2025-12-17;2;0
7;2025-12-17;3;0
7;2025-12-17;4;1
7;2025-12-17;5;192
7;2025-12-17;6;726
7;2025-12-17;7;1599
7;2025-12-17;8;2427
7;2025-12-17;9;1861
7;2025-12-17;10;1585
7;2025-12-17;11;1386
7;2025-12-17;12;1463
7;2025-12-17;13;1443
7;2025-12-17;14;1546
7;2025-12-17;15;1687
7;2025-12-17;16;1805
7;2025-12-17;17;2260
7;2025-12-17;18;2497
7;2025-12-17;19;1684
7;2025-12-17;20;1065
7;2025-12-17;21;628
7;2025-12-17;22;300
7;2025-12-17;23;178
7;2025-12-18;0;57
7;2025-12-18;1;11
7;2025-12-18;2;0
7;2025-12-18;3;0
7;2025-12-18;4;1
7;2025-12-18;5;192
7;2025-12-18;6;726
7;2025-12-18;7;1599
7;2025-12-18;8;2427
7;2025-12-18;9;1861
7;2025-12-18;10;1585
7;2025-12-18;11;1386
7;2025-12-18;12;1463
7;2025-12-18;13;1443
7;2025-12-18;14;1546
7;2025-12-18;15;1687
7;2025-12-18;16;1805
7;2025-12-18;17;2260
7;2025-12-18;18;2497
7;2025-12-18;19;1684
7;2025-12-18;20;1065
7;2025-12-18;21;628
7;2025-12-18;22;300
7;2025-12-18;23;178
7;2025-12-19;0;60
7;2025-12-19;1;11
7;2025-12-19;2;0
7;2025-12-19;3;0
7;2025-12-19;4;1
7;2025-12-19;5;180
7;2025-12-19;6;661
7;2025-12-19;7;1494
7;2025-12-19;8;2179
7;2025-12-19;9;1703
7;2025-12-19;10;1541
7;2025-12-19;11;1452
7;2025-12-19;12;1485
7;2025-12-19;13;1583
7;2025-12-19;14;1650
7;2025-12-19;15;1746
7;2025-12-19;16;2063
7;2025-12-19;17;2161
7;2025-12-19;18;1962
7;2025-12-19;19;1442
7;2025-12-19;20;996
7;2025-12-19;21;614
7;2025-12-19;22;332
7;2025-12-19;23;214
7;2025-12-20;0;89
7;2025-12-20;1;26
7;2025-12-20;2;0
7;2025-12-20;3;0
7;2025-12-20;4;1
7;2025-12-20;5;49
7;2025-12-20;6;310
7;2025-12-20;7;461
7;2025-12-20;8;753
7;2025-12-20;9;911
7;2025-12-20;10;968
7;2025-12-20;11;1226
7;2025-12-20;12;1388
7;2025-12-20;13;1357
7;2025-12-20;14;1452
7;2025-12-20;15;1294
7;2025-12-20;16;1270
7;2025-12-20;17;1179
7;2025-12-20;18;1105
7;2025-12-20;19;1052
7;2025-12-20;20;878
7;2025-12-20;21;658
7;2025-12-20;22;349
7;2025-12-20;23;226
7;2025-12-21;0;98
7;2025-12-21;1;22
7;2025-12-21;2;0
7;2025-12-21;3;0
7;2025-12-21;4;0
7;2025-12-21;5;41
7;2025-12-21;6;224
7;2025-12-21;7;312
7;2025-12-21;8;515
7;2025-12-21;9;645
7;2025-12-21;10;776
7;2025-12-21;11;1024
7;2025-12-21;12;1130
7;2025-12-21;13;1193
7;2025-12-21;14;1249
7;2025-12-21;15;1192
7;2025-12-21;16;1117
7;2025-12-21;17;1094
7;2025-12-21;18;915
7;2025-12-21;19;770
7;2025-12-21;20;712
7;2025-12-21;21;541
7;2025-12-21;22;302
7;2025-12-21;23;166
7;2025-12-22;0;55
7;2025-12-22;1;11
7;2025-12-22;2;0
7;2025-12-22;3;0
7;2025-12-22;4;1
7;2025-12-22;5;186
7;2025-12-22;6;706
7;2025-12-22;7;1556
7;2025-12-22;8;2362
7;2025-12-22;9;1811
7;2025-12-22;10;1542
7;2025-12-22;11;1349
7;2025-12-22;12;1424
7;2025-12-22;13;1404
7;2025-12-22;14;1504
7;2025-12-22;15;1641
7;2025-12-22;16;1757
7;2025-12-22;17;2200
7;2025-12-22;18;2430
7;2025-12-22;19;1639
7;2025-12-22;20;1036
7;2025-12-22;21;612
7;2025-12-22;22;291
7;2025-12-22;23;173
7;2025-12-23;0;57
7;2025-12-23;1;11
7;2025-12-23;2;0
7;2025-12-23;3;0
7;2025-12-23;4;1
7;2025-12-23;5;192
7;2025-12-23;6;726
7;2025-12-23;7;1599
7;2025-12-23;8;2427
7;2025-12-23;9;1861
7;2025-12-23;10;1585
7;2025-12-23;11;1386
7;2025-12-23;12;1463
7;2025-12-23;13;1443
7;2025-12-23;14;1546
7;2025-12-23;15;1687
7;2025-12-23;16;1805
7;2025-12-23;17;2260
7;2025-12-23;18;2497
7;2025-12-23;19;1684
7;2025-12-23;20;1065
7;2025-12-23;21;628
7;2025-12-23;22;300
7;2025-12-23;23;178
7;2025-12-24;0;57
7;2025-12-24;1;11
7;2025-12-24;2;0
7;2025-12-24;3;0
7;2025-12-24;4;1
7;2025-12-24;5;192
7;2025-12-24;6;726
7;2025-12-24;7;1599
7;2025-12-24;8;2427
7;2025-12-24;9;1861
7;2025-12-24;10;1585
7;2025-12-24;11;1386
7;2025-12-24;12;1463
7;2025-12-24;13;1443
7;2025-12-24;14;1546
7;2025-12-24;15;1687
7;2025-12-24;16;1805
7;2025-12-24;17;2260
7;2025-12-24;18;2497
7;2025-12-24;19;1684
7;2025-12-24;20;1065
7;2025-12-24;21;628
7;2025-12-24;22;300
7;2025-12-24;23;178
7;2025-12-25;0;57
7;2025-12-25;1;11
7;2025-12-25;2;0
7;2025-12-25;3;0
7;2025-12-25;4;1
7;2025-12-25;5;192
7;2025-12-25;6;726
7;2025-12-25;7;1599
7;2025-12-25;8;2427
7;2025-12-25;9;1861
7;2025-12-25;10;1585
7;2025-12-25;11;1386
7;2025-12-25;12;1463
7;2025-12-25;13;1443
7;2025-12-25;14;1546
7;2025-12-25;15;1687
7;2025-12-25;16;1805
7;2025-12-25;17;2260
7;2025-12-25;18;2497
7;2025-12-25;19;1684
7;2025-12-25;20;1065
7;2025-12-25;21;628
7;2025-12-25;22;300
7;2025-12-25;23;178
7;2025-12-26;0;60
7;2025-12-26;1;11
7;2025-12-26;2;0
7;2025-12-26;3;0
7;2025-12-26;4;1
7;2025-12-26;5;180
7;2025-12-26;6;661
7;2025-12-26;7;1494
7;2025-12-26;8;2179
7;2025-12-26;9;1703
7;2025-12-26;10;1541
7;2025-12-26;11;1452
7;2025-12-26;12;1485
7;2025-12-26;13;1583
7;2025-12-26;14;1650
7;2025-12-26;15;1746
7;2025-12-26;16;2063
7;2025-12-26;17;2161
7;2025-12-26;18;1962
7;2025-12-26;19;1442
7;2025-12-26;20;996
7;2025-12-26;21;614
7;2025-12-26;22;332
7;2025-12-26;23;214
7;2025-12-27;0;89
7;2025-12-27;1;26
7;2025-12-27;2;0
7;2025-12-27;3;0
7;2025-12-27;4;1
7;2025-12-27;5;49
7;2025-12-27;6;310
7;2025-12-27;7;461
7;2025-12-27;8;753
7;2025-12-27;9;911
7;2025-12-27;10;968
7;2025-12-27;11;1226
7;2025-12-27;12;1388
7;2025-12-27;13;1357
7;2025-12-27;14;1452
7;2025-12-27;15;1294
7;2025-12-27;16;1270
7;2025-12-27;17;1179
7;2025-12-27;18;1105
7;2025-12-27;19;1052
7;2025-12-27;20;878
7;2025-12-27;21;658
7;2025-12-27;22;349
7;2025-12-27;23;226
7;2025-12-28;0;98
7;2025-12-28;1;22
7;2025-12-28;2;0
7;2025-12-28;3;0
7;2025-12-28;4;0
7;2025-12-28;5;41
7;2025-12-28;6;224
7;2025-12-28;7;312
7;2025-12-28;8;515
7;2025-12-28;9;645
7;2025-12-28;10;776
7;2025-12-28;11;1024
7;2025-12-28;12;1130
7;2025-12-28;13;1193
7;2025-12-28;14;1249
7;2025-12-28;15;1192
7;2025-12-28;16;1117
7;2025-12-28;17;1094
7;2025-12-28;18;915
7;2025-12-28;19;770
7;2025-12-28;20;712
7;2025-12-28;21;541
7;2025-12-28;22;302
7;2025-12-28;23;166
7;2025-12-29;0;50
7;2025-12-29;1;10
7;2025-12-29;2;0
7;2025-12-29;3;0
7;2025-12-29;4;1
7;2025-12-29;5;168
7;2025-12-29;6;636
7;2025-12-29;7;1401
7;2025-12-29;8;2126
7;2025-12-29;9;1630
7;2025-12-29;10;1388
7;2025-12-29;11;1214
7;2025-12-29;12;1282
7;2025-12-29;13;1264
7;2025-12-29;14;1354
7;2025-12-29;15;1477
7;2025-12-29;16;1581
7;2025-12-29;17;1980
7;2025-12-29;18;2187
7;2025-12-29;19;1475
7;2025-12-29;20;932
7;2025-12-29;21;550
7;2025-12-29;22;263
7;2025-12-29;23;156
7;2025-12-30;0;48
7;2025-12-30;1;9
7;2025-12-30;2;0
7;2025-12-30;3;0
7;2025-12-30;4;1
7;2025-12-30;5;163
7;2025-12-30;6;617
7;2025-12-30;7;1359
7;2025-12-30;8;2063
7;2025-12-30;9;1582
7;2025-12-30;10;1347
7;2025-12-30;11;1178
7;2025-12-30;12;1244
7;2025-12-30;13;1226
7;2025-12-30;14;1314
7;2025-12-30;15;1434
7;2025-12-30;16;1534
7;2025-12-30;17;1921
7;2025-12-30;18;2123
7;2025-12-30;19;1432
7;2025-12-30;20;905
7;2025-12-30;21;534
7;2025-12-30;22;254
7;2025-12-30;23;151
7;2025-12-31;0;48
7;2025-12-31;1;14
7;2025-12-31;2;0
7;2025-12-31;3;0
7;2025-12-31;4;0
7;2025-12-31;5;27
7;2025-12-31;6;167
7;2025-12-31;7;249
7;2025-12-31;8;407
7;2025-12-31;9;493
7;2025-12-31;10;523
7;2025-12-31;11;663
7;2025-12-31;12;751
7;2025-12-31;13;734
7;2025-12-31;14;785
7;2025-12-31;15;700
7;2025-12-31;16;687
7;2025-12-31;17;638
7;2025-12-31;18;598
7;2025-12-31;19;569
7;2025-12-31;20;46
7;2025-12-31;21;35
7;2025-12-31;22;18
7;2025-12-31;23;12
11;2025-11-01;0;108
11;2025-11-01;1;0
11;2025-11-01;2;0
11;2025-11-01;3;0
11;2025-11-01;4;2
11;2025-11-01;5;261
11;2025-11-01;6;1182
11;2025-11-01;7;2097
11;2025-11-01;8;2789
11;2025-11-01;9;2080
11;2025-11-01;10;1688
11;2025-11-01;11;1634
11;2025-11-01;12;1703
11;2025-11-01;13;1762
11;2025-11-01;14;1874
11;2025-11-01;15;1973
11;2025-11-01;16;2199
11;2025-11-01;17;2587
11;2025-11-01;18;2218
11;2025-11-01;19;1719
11;2025-11-01;20;1277
11;2025-11-01;21;801
11;2025-11-01;22;401
11;2025-11-01;23;284
11;2025-11-02;0;113
11;2025-11-02;1;14
11;2025-11-02;2;0
11;2025-11-02;3;0
11;2025-11-02;4;2
11;2025-11-02;5;122
11;2025-11-02;6;492
11;2025-11-02;7;512
11;2025-11-02;8;686
11;2025-11-02;9;951
11;2025-11-02;10;1071
11;2025-11-02;11;1556
11;2025-11-02;12;1685
11;2025-11-02;13;1618
11;2025-11-02;14;1740
11;2025-11-02;15;1721
11;2025-11-02;16;1638
11;2025-11-02;17;1696
11;2025-11-02;18;1285
11;2025-11-02;19;1052
11;2025-11-02;20;878
11;2025-11-02;21;656
11;2025-11-02;22;371
11;2025-11-02;23;265
11;2025-11-03;0;99
11;2025-11-03;1;8
11;2025-11-03;2;0
11;2025-11-03;3;0
11;2025-11-03;4;2
11;2025-11-03;5;130
11;2025-11-03;6;541
11;2025-11-03;7;538
11;2025-11-03;8;724
11;2025-11-03;9;914
11;2025-11-03;10;1045
11;2025-11-03;11;1439
11;2025-11-03;12;1574
11;2025-11-03;13;1497
11;2025-11-03;14;1624
11;2025-11-03;15;1569
11;2025-11-03;16;1525
11;2025-11-03;17;1542
11;2025-11-03;18;1219
11;2025-11-03;19;1056
11;2025-11-03;20;848
11;2025-11-03;21;620
11;2025-11-03;22;354
11;2025-11-03;23;248
11;2025-11-04;0;99
11;2025-11-04;1;8
11;2025-11-04;2;0
11;2025-11-04;3;0
11;2025-11-04;4;2
11;2025-11-04;5;130
11;2025-11-04;6;541
11;2025-11-04;7;538
11;2025-11-04;8;724
11;2025-11-04;9;914
11;2025-11-04;10;1045
11;2025-11-04;11;1439
11;2025-11-04;12;1574
11;2025-11-04;13;1497
11;2025-11-04;14;1624
11;2025-11-04;15;1569
11;2025-11-04;16;1525
11;2025-11-04;17;1542
11;2025-11-04;18;1219
11;2025-11-04;19;1056
11;2025-11-04;20;848
11;2025-11-04;21;620
11;2025-11-04;22;354
11;2025-11-04;23;248
11;2025-11-05;0;68
11;2025-11-05;1;3
11;2025-11-05;2;0
11;2025-11-05;3;0
11;2025-11-05;4;3
11;2025-11-05;5;297
11;2025-11-05;6;1351
11;2025-11-05;7;2485
11;2025-11-05;8;3255
11;2025-11-05;9;2510
11;2025-11-05;10;1992
11;2025-11-05;11;1929
11;2025-11-05;12;1952
11;2025-11-05;13;2138
11;2025-11-05;14;2092
11;2025-11-05;15;2142
11;2025-11-05;16;2355
11;2025-11-05;17;2849
11;2025-11-05;18;3179
11;2025-11-05;19;2269
11;2025-11-05;20;1523
11;2025-11-05;21;916
11;2025-11-05;22;444
11;2025-11-05;23;236
11;2025-11-06;0;68
11;2025-11-06;1;3
11;2025-11-06;2;0
11;2025-11-06;3;0
11;2025-11-06;4;3
11;2025-11-06;5;297
11;2025-11-06;6;1351
11;2025-11-06;7;2485
11;2025-11-06;8;3255
11;2025-11-06;9;2510
11;2025-11-06;10;1992
11;2025-11-06;11;1929
11;2025-11-06;12;1952
11;2025-11-06;13;2138
11;2025-11-06;14;2092
11;2025-11-06;15;2142
11;2025-11-06;16;2355
11;2025-11-06;17;2849
11;2025-11-06;18;3179
11;2025-11-06;19;2269
11;2025-11-06;20;1523
11;2025-11-06;21;916
11;2025-11-06;22;444
11;2025-11-06;23;236
11;2025-11-07;0;81
11;2025-11-07;1;3
11;2025-11-07;2;0
11;2025-11-07;3;0
11;2025-11-07;4;3
11;2025-11-07;5;297
11;2025-11-07;6;1344
11;2025-11-07;7;2383
11;2025-11-07;8;3171
11;2025-11-07;9;2365
11;2025-11-07;10;1919
11;2025-11-07;11;1857
11;2025-11-07;12;1935
11;2025-11-07;13;2003
11;2025-11-07;14;2130
11;2025-11-07;15;2243
11;2025-11-07;16;2499
11;2025-11-07;17;2940
11;2025-11-07;18;2521
11;2025-11-07;19;1954
11;2025-11-07;20;1452
11;2025-11-07;21;912
11;2025-11-07;22;455
11;2025-11-07;23;323
11;2025-11-08;0;113
11;2025-11-08;1;3
11;2025-11-08;2;0
11;2025-11-08;3;0
11;2025-11-08;4;3
11;2025-11-08;5;182
11;2025-11-08;6;767
11;2025-11-08;7;738
11;2025-11-08;8;995
11;2025-11-08;9;1156
11;2025-11-08;10;1341
11;2025-11-08;11;1750
11;2025-11-08;12;1934
11;2025-11-08;13;1821
11;2025-11-08;14;1993
11;2025-11-08;15;1879
11;2025-11-08;16;1867
11;2025-11-08;17;1839
11;2025-11-08;18;1521
11;2025-11-08;19;1390
11;2025-11-08;20;1076
11;2025-11-08;21;771
11;2025-11-08;22;446
11;2025-11-08;23;306
11;2025-11-09;0;113
11;2025-11-09;1;14
11;2025-11-09;2;0
11;2025-11-09;3;0
11;2025-11-09;4;2
11;2025-11-09;5;122
11;2025-11-09;6;492
11;2025-11-09;7;512
11;2025-11-09;8;686
11;2025-11-09;9;951
11;2025-11-09;10;1071
11;2025-11-09;11;1556
11;2025-11-09;12;1685
11;2025-11-09;13;1618
11;2025-11-09;14;1740
11;2025-11-09;15;1721
11;2025-11-09;16;1638
11;2025-11-09;17;1696
11;2025-11-09;18;1285
11;2025-11-09;19;1052
11;2025-11-09;20;878
11;2025-11-09;21;656
11;2025-11-09;22;371
11;2025-11-09;23;265
11;2025-11-10;0;66
11;2025-11-10;1;3
11;2025-11-10;2;0
11;2025-11-10;3;0
11;2025-11-10;4;3
11;2025-11-10;5;289
11;2025-11-10;6;1315
11;2025-11-10;7;2418
11;2025-11-10;8;3167
11;2025-11-10;9;2443
11;2025-11-10;10;1938
11;2025-11-10;11;1878
11;2025-11-10;12;1900
11;2025-11-10;13;2081
11;2025-11-10;14;2036
11;2025-11-10;15;2084
11;2025-11-10;16;2291
11;2025-11-10;17;2772
11;2025-11-10;18;3094
11;2025-11-10;19;2208
11;2025-11-10;20;1482
11;2025-11-10;21;891
11;2025-11-10;22;432
11;2025-11-10;23;230
11;2025-11-11;0;68
11;2025-11-11;1;3
11;2025-11-11;2;0
11;2025-11-11;3;0
11;2025-11-11;4;3
11;2025-11-11;5;297
11;2025-11-11;6;1351
11;2025-11-11;7;2485
11;2025-11-11;8;3255
11;2025-11-11;9;2510
11;2025-11-11;10;1992
11;2025-11-11;11;1929
11;2025-11-11;12;1952
11;2025-11-11;13;2138
11;2025-11-11;14;2092
11;2025-11-11;15;2142
11;2025-11-11;16;2355
11;2025-11-11;17;2849
11;2025-11-11;18;3179
11;2025-11-11;19;2269
11;2025-11-11;20;1523
11;2025-11-11;21;916
11;2025-11-11;22;444
11;2025-11-11;23;236
11;2025-11-12;0;68
11;2025-11-12;1;3
11;2025-11-12;2;0
11;2025-11-12;3;0
11;2025-11-12;4;3
11;2025-11-12;5;297
11;2025-11-12;6;1351
11;2025-11-12;7;2485
11;2025-11-12;8;3255
11;2025-11-12;9;2510
11;2025-11-12;10;1992
11;2025-11-12;11;1929
11;2025-11-12;12;1952
11;2025-11-12;13;2138
11;2025-11-12;14;2092
11;2025-11-12;15;2142
11;2025-11-12;16;2355
11;2025-11-12;17;2849
11;2025-11-12;18;3179
11;2025-11-12;19;2269
11;2025-11-12;20;1523
11;2025-11-12;21;916
11;2025-11-12;22;444
11;2025-11-12;23;236
11;2025-11-13;0;68
11;2025-11-13;1;3
11;2025-11-13;2;0
11;2025-11-13;3;0
11;2025-11-13;4;3
11;2025-11-13;5;297
11;2025-11-13;6;1351
11;2025-11-13;7;2485
11;2025-11-13;8;3255
11;2025-11-13;9;2510
11;2025-11-13;10;1992
11;2025-11-13;11;1929
11;2025-11-13;12;1952
11;2025-11-13;13;2138
11;2025-11-13;14;2092
11;2025-11-13;15;2142
11;2025-11-13;16;2355
11;2025-11-13;17;2849
11;2025-11-13;18;3179
11;2025-11-13;19;2269
11;2025-11-13;20;1523
11;2025-11-13;21;916
11;2025-11-13;22;444
11;2025-11-13;23;236
11;2025-11-14;0;81
11;2025-11-14;1;3
11;2025-11-14;2;0
11;2025-11-14;3;0
11;2025-11-14;4;3
11;2025-11-14;5;297
11;2025-11-14;6;1344
11;2025-11-14;7;2383
11;2025-11-14;8;3171
11;2025-11-14;9;2365
11;2025-11-14;10;1919
11;2025-11-14;11;1857
11;2025-11-14;12;1935
11;2025-11-14;13;2003
11;2025-11-14;14;2130
11;2025-11-14;15;2243
11;2025-11-14;16;2499
11;2025-11-14;17;2940
11;2025-11-14;18;2521
11;2025-11-14;19;1954
11;2025-11-14;20;1452
11;2025-11-14;21;912
11;2025-11-14;22;455
11;2025-11-14;23;323
11;2025-11-15;0;113
11;2025-11-15;1;3
11;2025-11-15;2;0
11;2025-11-15;3;0
11;2025-11-15;4;3
11;2025-11-15;5;182
11;2025-11-15;6;767
11;2025-11-15;7;738
11;2025-11-15;8;995
11;2025-11-15;9;1156
11;2025-11-15;10;1341
11;2025-11-15;11;1750
11;2025-11-15;12;1934
11;2025-11-15;13;1821
11;2025-11-15;14;1993
11;2025-11-15;15;1879
11;2025-11-15;16;1867
11;2025-11-15;17;1839
11;2025-11-15;18;1521
11;2025-11-15;19;1390
11;2025-11-15;20;1076
11;2025-11-15;21;771
11;2025-11-15;22;446
11;2025-11-15;23;306
11;2025-11-16;0;113
11;2025-11-16;1;14
11;2025-11-16;2;0
11;2025-11-16;3;0
11;2025-11-16;4;2
11;2025-11-16;5;122
11;2025-11-16;6;492
11;2025-11-16;7;512
11;2025-11-16;8;686
11;2025-11-16;9;951
11;2025-11-16;10;1071
11;2025-11-16;11;1556
11;2025-11-16;12;1685
11;2025-11-16;13;1618
11;2025-11-16;14;1740
11;2025-11-16;15;1721
11;2025-11-16;16;1638
11;2025-11-16;17;1696
11;2025-11-16;18;1285
11;2025-11-16;19;1052
11;2025-11-16;20;878
11;2025-11-16;21;656
11;2025-11-16;22;371
11;2025-11-16;23;265
11;2025-11-17;0;66
11;2025-11-17;1;3
11;2025-11-17;2;0
11;2025-11-17;3;0
11;2025-11-17;4;3
11;2025-11-17;5;289
11;2025-11-17;6;1315
11;2025-11-17;7;2418
11;2025-11-17;8;3167
11;2025-11-17;9;2443
11;2025-11-17;10;1938
11;2025-11-17;11;1878
11;2025-11-17;12;1900
11;2025-11-17;13;2081
11;2025-11-17;14;2036
11;2025-11-17;15;2084
11;2025-11-17;16;2291
11;2025-11-17;17;2772
11;2025-11-17;18;3094
11;2025-11-17;19;2208
11;2025-11-17;20;1482
11;2025-11-17;21;891
11;2025-11-17;22;432
11;2025-11-17;23;230
11;2025-11-18;0;68
11;2025-11-18;1;3
11;2025-11-18;2;0
11;2025-11-18;3;0
11;2025-11-18;4;3
11;2025-11-18;5;297
11;2025-11-18;6;1351
11;2025-11-18;7;2485
11;2025-11-18;8;3255
11;2025-11-18;9;2510
11;2025-11-18;10;1992
11;2025-11-18;11;1929
11;2025-11-18;12;1952
11;2025-11-18;13;2138
11;2025-11-18;14;2092
11;2025-11-18;15;2142
11;2025-11-18;16;2355
11;2025-11-18;17;2849
11;2025-11-18;18;3179
11;2025-11-18;19;2269
11;2025-11-18;20;1523
11;2025-11-18;21;916
11;2025-11-18;22;444
11;2025-11-18;23;236
11;2025-11-19;0;68
11;2025-11-19;1;3
11;2025-11-19;2;0
11;2025-11-19;3;0
11;2025-11-19;4;3
11;2025-11-19;5;297
11;2025-11-19;6;1351
11;2025-11-19;7;2485
11;2025-11-19;8;3255
11;2025-11-19;9;2510
11;2025-11-19;10;1992
11;2025-11-19;11;1929
11;2025-11-19;12;1952
11;2025-11-19;13;2138
11;2025-11-19;14;2092
11;2025-11-19;15;2142
11;2025-11-19;16;2355
11;2025-11-19;17;2849
11;2025-11-19;18;3179
11;2025-11-19;19;2269
11;2025-11-19;20;1523
11;2025-11-19;21;916
11;2025-11-19;22;444
11;2025-11-19;23;236
11;2025-11-20;0;68
11;2025-11-20;1;3
11;2025-11-20;2;0
11;2025-11-20;3;0
11;2025-11-20;4;3
11;2025-11-20;5;297
11;2025-11-20;6;1351
11;2025-11-20;7;2485
11;2025-11-20;8;3255
11;2025-11-20;9;2510
11;2025-11-20;10;1992
11;2025-11-20;11;1929
11;2025-11-20;12;1952
11;2025-11-20;13;2138
11;2025-11-20;14;2092
11;2025-11-20;15;2142
11;2025-11-20;16;2355
11;2025-11-20;17;2849
11;2025-11-20;18;3179
11;2025-11-20;19;2269
11;2025-11-20;20;1523
11;2025-11-20;21;916
11;2025-11-20;22;444
11;2025-11-20;23;236
11;2025-11-21;0;81
11;2025-11-21;1;3
11;2025-11-21;2;0
11;2025-11-21;3;0
11;2025-11-21;4;3
11;2025-11-21;5;297
11;2025-11-21;6;1344
11;2025-11-21;7;2383
11;2025-11-21;8;3171
11;2025-11-21;9;2365
11;2025-11-21;10;1919
11;2025-11-21;11;1857
11;2025-11-21;12;1935
11;2025-11-21;13;2003
11;2025-11-21;14;2130
11;2025-11-21;15;2243
11;2025-11-21;16;2499
11;2025-11-21;17;2940
11;2025-11-21;18;2521
11;2025-11-21;19;1954
11;2025-11-21;20;1452
11;2025-11-21;21;912
11;2025-11-21;22;455
11;2025-11-21;23;323
11;2025-11-22;0;113
11;2025-11-22;1;3
11;2025-11-22;2;0
11;2025-11-22;3;0
11;2025-11-22;4;3
11;2025-11-22;5;182
11;2025-11-22;6;767
11;2025-11-22;7;738
11;2025-11-22;8;995
11;2025-11-22;9;1156
11;2025-11-22;10;1341
11;2025-11-22;11;1750
11;2025-11-22;12;1934
11;2025-11-22;13;1821
11;2025-11-22;14;1993
11;2025-11-22;15;1879
11;2025-11-22;16;1867
11;2025-11-22;17;1839
11;2025-11-22;18;1521
11;2025-11-22;19;1390
11;2025-11-22;20;1076
11;2025-11-22;21;771
11;2025-11-22;22;446
11;2025-11-22;23;306
11;2025-11-23;0;113
11;2025-11-23;1;14
11;2025-11-23;2;0
11;2025-11-23;3;0
11;2025-11-23;4;2
11;2025-11-23;5;122
11;2025-11-23;6;492
11;2025-11-23;7;512
11;2025-11-23;8;686
11;2025-11-23;9;951
11;2025-11-23;10;1071
11;2025-11-23;11;1556
11;2025-11-23;12;1685
11;2025-11-23;13;1618
11;2025-11-23;14;1740
11;2025-11-23;15;1721
11;2025-11-23;16;1638
11;2025-11-23;17;1696
11;2025-11-23;18;1285
11;2025-11-23;19;1052
11;2025-11-23;20;878
11;2025-11-23;21;656
11;2025-11-23;22;371
11;2025-11-23;23;265
11;2025-11-24;0;66
11;2025-11-24;1;3
11;2025-11-24;2;0
11;2025-11-24;3;0
11;2025-11-24;4;3
11;2025-11-24;5;289
11;2025-11-24;6;1315
11;2025-11-24;7;2418
11;2025-11-24;8;3167
11;2025-11-24;9;2443
11;2025-11-24;10;1938
11;2025-11-24;11;1878
11;2025-11-24;12;1900
11;2025-11-24;13;2081
11;2025-11-24;14;2036
11;2025-11-24;15;2084
11;2025-11-24;16;2291
11;2025-11-24;17;2772
11;2025-11-24;18;3094
11;2025-11-24;19;2208
11;2025-11-24;20;1482
11;2025-11-24;21;891
11;2025-11-24;22;432
11;2025-11-24;23;230
11;2025-11-25;0;68
11;2025-11-25;1;3
11;2025-11-25;2;0
11;2025-11-25;3;0
11;2025-11-25;4;3
11;2025-11-25;5;297
11;2025-11-25;6;1351
11;2025-11-25;7;2485
11;2025-11-25;8;3255
11;2025-11-25;9;2510
11;2025-11-25;10;1992
11;2025-11-25;11;1929
11;2025-11-25;12;1952
11;2025-11-25;13;2138
11;2025-11-25;14;2092
11;2025-11-25;15;2142
11;2025-11-25;16;2355
11;2025-11-25;17;2849
11;2025-11-25;18;3179
11;2025-11-25;19;2269
11;2025-11-25;20;1523
11;2025-11-25;21;916
11;2025-11-25;22;444
11;2025-11-25;23;236
11;2025-11-26;0;68
11;2025-11-26;1;3
11;2025-11-26;2;0
11;2025-11-26;3;0
11;2025-11-26;4;3
11;2025-11-26;5;297
11;2025-11-26;6;1351
11;2025-11-26;7;2485
11;2025-11-26;8;3255
11;2025-11-26;9;2510
11;2025-11-26;10;1992
11;2025-11-26;11;1929
11;2025-11-26;12;1952
11;2025-11-26;13;2138
11;2025-11-26;14;2092
11;2025-11-26;15;2142
11;2025-11-26;16;2355
11;2025-11-26;17;2849
11;2025-11-26;18;3179
11;2025-11-26;19;2269
11;2025-11-26;20;1523
11;2025-11-26;21;916
11;2025-11-26;22;444
11;2025-11-26;23;236
11;2025-11-27;0;68
11;2025-11-27;1;3
11;2025-11-27;2;0
11;2025-11-27;3;0
11;2025-11-27;4;3
11;2025-11-27;5;297
11;2025-11-27;6;1351
11;2025-11-27;7;2485
11;2025-11-27;8;3255
11;2025-11-27;9;2510
11;2025-11-27;10;1992
11;2025-11-27;11;1929
11;2025-11-27;12;1952
11;2025-11-27;13;2138
11;2025-11-27;14;2092
11;2025-11-27;15;2142
11;2025-11-27;16;2355
11;2025-11-27;17;2849
11;2025-11-27;18;3179
11;2025-11-27;19;2269
11;2025-11-27;20;1523
11;2025-11-27;21;916
11;2025-11-27;22;444
11;2025-11-27;23;236
11;2025-11-28;0;81
11;2025-11-28;1;3
11;2025-11-28;2;0
11;2025-11-28;3;0
11;2025-11-28;4;3
11;2025-11-28;5;297
11;2025-11-28;6;1344
11;2025-11-28;7;2383
11;2025-11-28;8;3171
11;2025-11-28;9;2365
11;2025-11-28;10;1919
11;2025-11-28;11;1857
11;2025-11-28;12;1935
11;2025-11-28;13;2003
11;2025-11-28;14;2130
11;2025-11-28;15;2243
11;2025-11-28;16;2499
11;2025-11-28;17;2940
11;2025-11-28;18;2521
11;2025-11-28;19;1954
11;2025-11-28;20;1452
11;2025-11-28;21;912
11;2025-11-28;22;455
11;2025-11-28;23;323
11;2025-11-29;0;113
11;2025-11-29;1;3
11;2025-11-29;2;0
11;2025-11-29;3;0
11;2025-11-29;4;3
11;2025-11-29;5;182
11;2025-11-29;6;767
11;2025-11-29;7;738
11;2025-11-29;8;995
11;2025-11-29;9;1156
11;2025-11-29;10;1341
11;2025-11-29;11;1750
11;2025-11-29;12;1934
11;2025-11-29;13;1821
11;2025-11-29;14;1993
11;2025-11-29;15;1879
11;2025-11-29;16;1867
11;2025-11-29;17;1839
11;2025-11-29;18;1521
11;2025-11-29;19;1390
11;2025-11-29;20;1076
11;2025-11-29;21;771
11;2025-11-29;22;446
11;2025-11-29;23;306
11;2025-11-30;0;113
11;2025-11-30;1;14
11;2025-11-30;2;0
11;2025-11-30;3;0
11;2025-11-30;4;2
11;2025-11-30;5;122
11;2025-11-30;6;492
11;2025-11-30;7;512
11;2025-11-30;8;686
11;2025-11-30;9;951
11;2025-11-30;10;1071
11;2025-11-30;11;1556
11;2025-11-30;12;1685
11;2025-11-30;13;1618
11;2025-11-30;14;1740
11;2025-11-30;15;1721
11;2025-11-30;16;1638
11;2025-11-30;17;1696
11;2025-11-30;18;1285
11;2025-11-30;19;1052
11;2025-11-30;20;878
11;2025-11-30;21;656
11;2025-11-30;22;371
11;2025-11-30;23;265
11;2025-12-01;0;67
11;2025-12-01;1;3
11;2025-12-01;2;0
11;2025-12-01;3;0
11;2025-12-01;4;4
11;2025-12-01;5;297
11;2025-12-01;6;1310
11;2025-12-01;7;2406
11;2025-12-01;8;3154
11;2025-12-01;9;2444
11;2025-12-01;10;1915
11;2025-12-01;11;1867
11;2025-12-01;12;1884
11;2025-12-01;13;2076
11;2025-12-01;14;2027
11;2025-12-01;15;2106
11;2025-12-01;16;2306
11;2025-12-01;17;2781
11;2025-12-01;18;3102
11;2025-12-01;19;2212
11;2025-12-01;20;1490
11;2025-12-01;21;902
11;2025-12-01;22;441
11;2025-12-01;23;226
11;2025-12-02;0;69
11;2025-12-02;1;3
11;2025-12-02;2;0
11;2025-12-02;3;0
11;2025-12-02;4;4
11;2025-12-02;5;305
11;2025-12-02;6;1346
11;2025-12-02;7;2472
11;2025-12-02;8;3241
11;2025-12-02;9;2511
11;2025-12-02;10;1967
11;2025-12-02;11;1919
11;2025-12-02;12;1936
11;2025-12-02;13;2133
11;2025-12-02;14;2083
11;2025-12-02;15;2164
11;2025-12-02;16;2370
11;2025-12-02;17;2858
11;2025-12-02;18;3187
11;2025-12-02;19;2273
11;2025-12-02;20;1532
11;2025-12-02;21;927
11;2025-12-02;22;453
11;2025-12-02;23;232
11;2025-12-03;0;69
11;2025-12-03;1;3
11;2025-12-03;2;0
11;2025-12-03;3;0
11;2025-12-03;4;4
11;2025-12-03;5;305
11;2025-12-03;6;1346
11;2025-12-03;7;2472
11;2025-12-03;8;3241
11;2025-12-03;9;2511
11;2025-12-03;10;1967
11;2025-12-03;11;1919
11;2025-12-03;12;1936
11;2025-12-03;13;2133
11;2025-12-03;14;2083
11;2025-12-03;15;2164
11;2025-12-03;16;2370
11;2025-12-03;17;2858
11;2025-12-03;18;3187
11;2025-12-03;19;2273
11;2025-12-03;20;1532
11;2025-12-03;21;927
11;2025-12-03;22;453
11;2025-12-03;23;232
11;2025-12-04;0;69
11;2025-12-04;1;3
11;2025-12-04;2;0
11;2025-12-04;3;0
11;2025-12-04;4;4
11;2025-12-04;5;305
11;2025-12-04;6;1346
11;2025-12-04;7;2472
11;2025-12-04;8;3241
11;2025-12-04;9;2511
11;2025-12-04;10;1967
11;2025-12-04;11;1919
11;2025-12-04;12;1936
11;2025-12-04;13;2133
11;2025-12-04;14;2083
11;2025-12-04;15;2164
11;2025-12-04;16;2370
11;2025-12-04;17;2858
11;2025-12-04;18;3187
11;2025-12-04;19;2273
11;2025-12-04;20;1532
11;2025-12-04;21;927
11;2025-12-04;22;453
11;2025-12-04;23;232
11;2025-12-05;0;82
11;2025-12-05;1;4
11;2025-12-05;2;0
11;2025-12-05;3;0
11;2025-12-05;4;3
11;2025-12-05;5;302
11;2025-12-05;6;1339
11;2025-12-05;7;2357
11;2025-12-05;8;3123
11;2025-12-05;9;2377
11;2025-12-05;10;1914
11;2025-12-05;11;1861
11;2025-12-05;12;1924
11;2025-12-05;13;2012
11;2025-12-05;14;2120
11;2025-12-05;15;2258
11;2025-12-05;16;2519
11;2025-12-05;17;2935
11;2025-12-05;18;2530
11;2025-12-05;19;1974
11;2025-12-05;20;1457
11;2025-12-05;21;916
11;2025-12-05;22;466
11;2025-12-05;23;315
11;2025-12-06;0;113
11;2025-12-06;1;3
11;2025-12-06;2;0
11;2025-12-06;3;0
11;2025-12-06;4;3
11;2025-12-06;5;183
11;2025-12-06;6;746
11;2025-12-06;7;729
11;2025-12-06;8;979
11;2025-12-06;9;1147
11;2025-12-06;10;1319
11;2025-12-06;11;1740
11;2025-12-06;12;1911
11;2025-12-06;13;1804
11;2025-12-06;14;1960
11;2025-12-06;15;1856
11;2025-12-06;16;1865
11;2025-12-06;17;1820
11;2025-12-06;18;1517
11;2025-12-06;19;1370
11;2025-12-06;20;1080
11;2025-12-06;21;772
11;2025-12-06;22;446
11;2025-12-06;23;307
11;2025-12-07;0;111
11;2025-12-07;1;14
11;2025-12-07;2;0
11;2025-12-07;3;0
11;2025-12-07;4;2
11;2025-12-07;5;122
11;2025-12-07;6;481
11;2025-12-07;7;507
11;2025-12-07;8;672
11;2025-12-07;9;936
11;2025-12-07;10;1055
11;2025-12-07;11;1529
11;2025-12-07;12;1666
11;2025-12-07;13;1599
11;2025-12-07;14;1721
11;2025-12-07;15;1705
11;2025-12-07;16;1626
11;2025-12-07;17;1668
11;2025-12-07;18;1271
11;2025-12-07;19;1046
11;2025-12-07;20;877
11;2025-12-07;21;652
11;2025-12-07;22;367
11;2025-12-07;23;263
11;2025-12-08;0;67
11;2025-12-08;1;3
11;2025-12-08;2;0
11;2025-12-08;3;0
11;2025-12-08;4;4
11;2025-12-08;5;297
11;2025-12-08;6;1310
11;2025-12-08;7;2406
11;2025-12-08;8;3154
11;2025-12-08;9;2444
11;2025-12-08;10;1915
11;2025-12-08;11;1867
11;2025-12-08;12;1884
11;2025-12-08;13;2076
11;2025-12-08;14;2027
11;2025-12-08;15;2106
11;2025-12-08;16;2306
11;2025-12-08;17;2781
11;2025-12-08;18;3102
11;2025-12-08;19;2212
11;2025-12-08;20;1490
11;2025-12-08;21;902
11;2025-12-08;22;441
11;2025-12-08;23;226
11;2025-12-09;0;69
11;2025-12-09;1;3
11;2025-12-09;2;0
11;2025-12-09;3;0
11;2025-12-09;4;4
11;2025-12-09;5;305
11;2025-12-09;6;1346
11;2025-12-09;7;2472
11;2025-12-09;8;3241
11;2025-12-09;9;2511
11;2025-12-09;10;1967
11;2025-12-09;11;1919
11;2025-12-09;12;1936
11;2025-12-09;13;2133
11;2025-12-09;14;2083
11;2025-12-09;15;2164
11;2025-12-09;16;2370
11;2025-12-09;17;2858
11;2025-12-09;18;3187
11;2025-12-09;19;2273
11;2025-12-09;20;1532
11;2025-12-09;21;927
11;2025-12-09;22;453
11;2025-12-09;23;232
11;2025-12-10;0;69
11;2025-12-10;1;3
11;2025-12-10;2;0
11;2025-12-10;3;0
11;2025-12-10;4;4
11;2025-12-10;5;305
11;2025-12-10;6;1346
11;2025-12-10;7;2472
11;2025-12-10;8;3241
11;2025-12-10;9;2511
11;2025-12-10;10;1967
11;2025-12-10;11;1919
11;2025-12-10;12;1936
11;2025-12-10;13;2133
11;2025-12-10;14;2083
11;2025-12-10;15;2164
11;2025-12-10;16;2370
11;2025-12-10;17;2858
11;2025-12-10;18;3187
11;2025-12-10;19;2273
11;2025-12-10;20;1532
11;2025-12-10;21;927
11;2025-12-10;22;453
11;2025-12-10;23;232
11;2025-12-11;0;69
11;2025-12-11;1;3
11;2025-12-11;2;0
11;2025-12-11;3;0
11;2025-12-11;4;4
11;2025-12-11;5;305
11;2025-12-11;6;1346
11;2025-12-11;7;2472
11;2025-12-11;8;3241
11;2025-12-11;9;2511
11;2025-12-11;10;1967
11;2025-12-11;11;1919
11;2025-12-11;12;1936
11;2025-12-11;13;2133
11;2025-12-11;14;2083
11;2025-12-11;15;2164
11;2025-12-11;16;2370
11;2025-12-11;17;2858
11;2025-12-11;18;3187
11;2025-12-11;19;2273
11;2025-12-11;20;1532
11;2025-12-11;21;927
11;2025-12-11;22;453
11;2025-12-11;23;232
11;2025-12-12;0;82
11;2025-12-12;1;4
11;2025-12-12;2;0
11;2025-12-12;3;0
11;2025-12-12;4;3
11;2025-12-12;5;302
11;2025-12-12;6;1339
11;2025-12-12;7;2357
11;2025-12-12;8;3123
11;2025-12-12;9;2377
11;2025-12-12;10;1914
11;2025-12-12;11;1861
11;2025-12-12;12;1924
11;2025-12-12;13;2012
11;2025-12-12;14;2120
11;2025-12-12;15;2258
11;2025-12-12;16;2519
11;2025-12-12;17;2935
11;2025-12-12;18;2530
11;2025-12-12;19;1974
11;2025-12-12;20;1457
11;2025-12-12;21;916
11;2025-12-12;22;466
11;2025-12-12;23;315
11;2025-12-13;0;113
11;2025-12-13;1;3
11;2025-12-13;2;0
11;2025-12-13;3;0
11;2025-12-13;4;3
11;2025-12-13;5;183
11;2025-12-13;6;746
11;2025-12-13;7;729
11;2025-12-13;8;979
11;2025-12-13;9;1147
11;2025-12-13;10;1319
11;2025-12-13;11;1740
11;2025-12-13;12;1911
11;2025-12-13;13;1804
11;2025-12-13;14;1960
11;2025-12-13;15;1856
11;2025-12-13;16;1865
11;2025-12-13;17;1820
11;2025-12-13;18;1517
11;2025-12-13;19;1370
11;2025-12-13;20;1080
11;2025-12-13;21;772
11;2025-12-13;22;446
11;2025-12-13;23;307
11;2025-12-14;0;111
11;2025-12-14;1;14
11;2025-12-14;2;0
11;2025-12-14;3;0
11;2025-12-14;4;2
11;2025-12-14;5;122
11;2025-12-14;6;481
11;2025-12-14;7;507
11;2025-12-14;8;672
11;2025-12-14;9;936
11;2025-12-14;10;1055
11;2025-12-14;11;1529
11;2025-12-14;12;1666
11;2025-12-14;13;1599
11;2025-12-14;14;1721
11;2025-12-14;15;1705
11;2025-12-14;16;1626
11;2025-12-14;17;1668
11;2025-12-14;18;1271
11;2025-12-14;19;1046
11;2025-12-14;20;877
11;2025-12-14;21;652
11;2025-12-14;22;367
11;2025-12-14;23;263
11;2025-12-15;0;67
11;2025-12-15;1;3
11;2025-12-15;2;0
11;2025-12-15;3;0
11;2025-12-15;4;4
11;2025-12-15;5;297
11;2025-12-15;6;1310
11;2025-12-15;7;2406
11;2025-12-15;8;3154
11;2025-12-15;9;2444
11;2025-12-15;10;1915
11;2025-12-15;11;1867
11;2025-12-15;12;1884
11;2025-12-15;13;2076
11;2025-12-15;14;2027
11;2025-12-15;15;2106
11;2025-12-15;16;2306
11;2025-12-15;17;2781
11;2025-12-15;18;3102
11;2025-12-15;19;2212
11;2025-12-15;20;1490
11;2025-12-15;21;902
11;2025-12-15;22;441
11;2025-12-15;23;226
11;2025-12-16;0;69
11;2025-12-16;1;3
11;2025-12-16;2;0
11;2025-12-16;3;0
11;2025-12-16;4;4
11;2025-12-16;5;305
11;2025-12-16;6;1346
11;2025-12-16;7;2472
11;2025-12-16;8;3241
11;2025-12-16;9;2511
11;2025-12-16;10;1967
11;2025-12-16;11;1919
11;2025-12-16;12;1936
11;2025-12-16;13;2133
11;2025-12-16;14;2083
11;2025-12-16;15;2164
11;2025-12-16;16;2370
11;2025-12-16;17;2858
11;2025-12-16;18;3187
11;2025-12-16;19;2273
11;2025-12-16;20;1532
11;2025-12-16;21;927
11;2025-12-16;22;453
11;2025-12-16;23;232
11;2025-12-17;0;69
11;2025-12-17;1;3
11;2025-12-17;2;0
11;2025-12-17;3;0
11;2025-12-17;4;4
11;2025-12-17;5;305
11;2025-12-17;6;1346
11;2025-12-17;7;2472
11;2025-12-17;8;3241
11;2025-12-17;9;2511
11;2025-12-17;10;1967
11;2025-12-17;11;1919
11;2025-12-17;12;1936
11;2025-12-17;13;2133
11;2025-12-17;14;2083
11;2025-12-17;15;2164
11;2025-12-17;16;2370
11;2025-12-17;17;2858
11;2025-12-17;18;3187
11;2025-12-17;19;2273
11;2025-12-17;20;1532
11;2025-12-17;21;927
11;2025-12-17;22;453
11;2025-12-17;23;232
11;2025-12-18;0;69
11;2025-12-18;1;3
11;2025-12-18;2;0
11;2025-12-18;3;0
11;2025-12-18;4;4
11;2025-12-18;5;305
11;2025-12-18;6;1346
11;2025-12-18;7;2472
11;2025-12-18;8;3241
11;2025-12-18;9;2511
11;2025-12-18;10;1967
11;2025-12-18;11;1919
11;2025-12-18;12;1936
11;2025-12-18;13;2133
11;2025-12-18;14;2083
11;2025-12-18;15;2164
11;2025-12-18;16;2370
11;2025-12-18;17;2858
11;2025-12-18;18;3187
11;2025-12-18;19;2273
11;2025-12-18;20;1532
11;2025-12-18;21;927
11;2025-12-18;22;453
11;2025-12-18;23;232
11;2025-12-19;0;82
11;2025-12-19;1;4
11;2025-12-19;2;0
11;2025-12-19;3;0
11;2025-12-19;4;3
11;2025-12-19;5;302
11;2025-12-19;6;1339
11;2025-12-19;7;2357
11;2025-12-19;8;3123
11;2025-12-19;9;2377
11;2025-12-19;10;1914
11;2025-12-19;11;1861
11;2025-12-19;12;1924
11;2025-12-19;13;2012
11;2025-12-19;14;2120
11;2025-12-19;15;2258
11;2025-12-19;16;2519
11;2025-12-19;17;2935
11;2025-12-19;18;2530
11;2025-12-19;19;1974
11;2025-12-19;20;1457
11;2025-12-19;21;916
11;2025-12-19;22;466
11;2025-12-19;23;315
11;2025-12-20;0;113
11;2025-12-20;1;3
11;2025-12-20;2;0
11;2025-12-20;3;0
11;2025-12-20;4;3
11;2025-12-20;5;183
11;2025-12-20;6;746
11;2025-12-20;7;729
11;2025-12-20;8;979
11;2025-12-20;9;1147
11;2025-12-20;10;1319
11;2025-12-20;11;1740
11;2025-12-20;12;1911
11;2025-12-20;13;1804
11;2025-12-20;14;1960
11;2025-12-20;15;1856
11;2025-12-20;16;1865
11;2025-12-20;17;1820
11;2025-12-20;18;1517
11;2025-12-20;19;1370
11;2025-12-20;20;1080
11;2025-12-20;21;772
11;2025-12-20;22;446
11;2025-12-20;23;307
11;2025-12-21;0;111
11;2025-12-21;1;14
11;2025-12-21;2;0
11;2025-12-21;3;0
11;2025-12-21;4;2
11;2025-12-21;5;122
11;2025-12-21;6;481
11;2025-12-21;7;507
11;2025-12-21;8;672
11;2025-12-21;9;936
11;2025-12-21;10;1055
11;2025-12-21;11;1529
11;2025-12-21;12;1666
11;2025-12-21;13;1599
11;2025-12-21;14;1721
11;2025-12-21;15;1705
11;2025-12-21;16;1626
11;2025-12-21;17;1668
11;2025-12-21;18;1271
11;2025-12-21;19;1046
11;2025-12-21;20;877
11;2025-12-21;21;652
11;2025-12-21;22;367
11;2025-12-21;23;263
11;2025-12-22;0;67
11;2025-12-22;1;3
11;2025-12-22;2;0
11;2025-12-22;3;0
11;2025-12-22;4;4
11;2025-12-22;5;297
11;2025-12-22;6;1310
11;2025-12-22;7;2406
11;2025-12-22;8;3154
11;2025-12-22;9;2444
11;2025-12-22;10;1915
11;2025-12-22;11;1867
11;2025-12-22;12;1884
11;2025-12-22;13;2076
11;2025-12-22;14;2027
11;2025-12-22;15;2106
11;2025-12-22;16;2306
11;2025-12-22;17;2781
11;2025-12-22;18;3102
11;2025-12-22;19;2212
11;2025-12-22;20;1490
11;2025-12-22;21;902
11;2025-12-22;22;441
11;2025-12-22;23;226
11;2025-12-23;0;69
11;2025-12-23;1;3
11;2025-12-23;2;0
11;2025-12-23;3;0
11;2025-12-23;4;4
11;2025-12-23;5;305
11;2025-12-23;6;1346
11;2025-12-23;7;2472
11;2025-12-23;8;3241
11;2025-12-23;9;2511
11;2025-12-23;10;1967
11;2025-12-23;11;1919
11;2025-12-23;12;1936
11;2025-12-23;13;2133
11;2025-12-23;14;2083
11;2025-12-23;15;2164
11;2025-12-23;16;2370
11;2025-12-23;17;2858
11;2025-12-23;18;3187
11;2025-12-23;19;2273
11;2025-12-23;20;1532
11;2025-12-23;21;927
11;2025-12-23;22;453
11;2025-12-23;23;232
11;2025-12-24;0;69
11;2025-12-24;1;3
11;2025-12-24;2;0
11;2025-12-24;3;0
11;2025-12-24;4;4
11;2025-12-24;5;305
11;2025-12-24;6;1346
11;2025-12-24;7;2472
11;2025-12-24;8;3241
11;2025-12-24;9;2511
11;2025-12-24;10;1967
11;2025-12-24;11;1919
11;2025-12-24;12;1936
11;2025-12-24;13;2133
11;2025-12-24;14;2083
11;2025-12-24;15;2164
11;2025-12-24;16;2370
11;2025-12-24;17;2858
11;2025-12-24;18;3187
11;2025-12-24;19;2273
11;2025-12-24;20;1532
11;2025-12-24;21;927
11;2025-12-24;22;453
11;2025-12-24;23;232
11;2025-12-25;0;69
11;2025-12-25;1;3
11;2025-12-25;2;0
11;2025-12-25;3;0
11;2025-12-25;4;4
11;2025-12-25;5;305
11;2025-12-25;6;1346
11;2025-12-25;7;2472
11;2025-12-25;8;3241
11;2025-12-25;9;2511
11;2025-12-25;10;1967
11;2025-12-25;11;1919
11;2025-12-25;12;1936
11;2025-12-25;13;2133
11;2025-12-25;14;2083
11;2025-12-25;15;2164
11;2025-12-25;16;2370
11;2025-12-25;17;2858
11;2025-12-25;18;3187
11;2025-12-25;19;2273
11;2025-12-25;20;1532
11;2025-12-25;21;927
11;2025-12-25;22;453
11;2025-12-25;23;232
11;2025-12-26;0;82
11;2025-12-26;1;4
11;2025-12-26;2;0
11;2025-12-26;3;0
11;2025-12-26;4;3
11;2025-12-26;5;302
11;2025-12-26;6;1339
11;2025-12-26;7;2357
11;2025-12-26;8;3123
11;2025-12-26;9;2377
11;2025-12-26;10;1914
11;2025-12-26;11;1861
11;2025-12-26;12;1924
11;2025-12-26;13;2012
11;2025-12-26;14;2120
11;2025-12-26;15;2258
11;2025-12-26;16;2519
11;2025-12-26;17;2935
11;2025-12-26;18;2530
11;2025-12-26;19;1974
11;2025-12-26;20;1457
11;2025-12-26;21;916
11;2025-12-26;22;466
11;2025-12-26;23;315
11;2025-12-27;0;113
11;2025-12-27;1;3
11;2025-12-27;2;0
11;2025-12-27;3;0
11;2025-12-27;4;3
11;2025-12-27;5;183
11;2025-12-27;6;746
11;2025-12-27;7;729
11;2025-12-27;8;979
11;2025-12-27;9;1147
11;2025-12-27;10;1319
11;2025-12-27;11;1740
11;2025-12-27;12;1911
11;2025-12-27;13;1804
11;2025-12-27;14;1960
11;2025-12-27;15;1856
11;2025-12-27;16;1865
11;2025-12-27;17;1820
11;2025-12-27;18;1517
11;2025-12-27;19;1370
11;2025-12-27;20;1080
11;2025-12-27;21;772
11;2025-12-27;22;446
11;2025-12-27;23;307
11;2025-12-28;0;111
11;2025-12-28;1;14
11;2025-12-28;2;0
11;2025-12-28;3;0
11;2025-12-28;4;2
11;2025-12-28;5;122
11;2025-12-28;6;481
11;2025-12-28;7;507
11;2025-12-28;8;672
11;2025-12-28;9;936
11;2025-12-28;10;1055
11;2025-12-28;11;1529
11;2025-12-28;12;1666
11;2025-12-28;13;1599
11;2025-12-28;14;1721
11;2025-12-28;15;1705
11;2025-12-28;16;1626
11;2025-12-28;17;1668
11;2025-12-28;18;1271
11;2025-12-28;19;1046
11;2025-12-28;20;877
11;2025-12-28;21;652
11;2025-12-28;22;367
11;2025-12-28;23;263
11;2025-12-29;0;60
11;2025-12-29;1;2
11;2025-12-29;2;0
11;2025-12-29;3;0
11;2025-12-29;4;3
11;2025-12-29;5;267
11;2025-12-29;6;1179
11;2025-12-29;7;2165
11;2025-12-29;8;2839
11;2025-12-29;9;2200
11;2025-12-29;10;1723
11;2025-12-29;11;1681
11;2025-12-29;12;1696
11;2025-12-29;13;1868
11;2025-12-29;14;1824
11;2025-12-29;15;1895
11;2025-12-29;16;2076
11;2025-12-29;17;2503
11;2025-12-29;18;2792
11;2025-12-29;19;1991
11;2025-12-29;20;1342
11;2025-12-29;21;812
11;2025-12-29;22;397
11;2025-12-29;23;203
11;2025-12-30;0;59
11;2025-12-30;1;2
11;2025-12-30;2;0
11;2025-12-30;3;0
11;2025-12-30;4;3
11;2025-12-30;5;259
11;2025-12-30;6;1144
11;2025-12-30;7;2101
11;2025-12-30;8;2755
11;2025-12-30;9;2135
11;2025-12-30;10;1672
11;2025-12-30;11;1631
11;2025-12-30;12;1646
11;2025-12-30;13;1813
11;2025-12-30;14;1771
11;2025-12-30;15;1839
11;2025-12-30;16;2014
11;2025-12-30;17;2429
11;2025-12-30;18;2709
11;2025-12-30;19;1932
11;2025-12-30;20;1302
11;2025-12-30;21;788
11;2025-12-30;22;385
11;2025-12-30;23;198
11;2025-12-31;0;61
11;2025-12-31;1;2
11;2025-12-31;2;0
11;2025-12-31;3;0
11;2025-12-31;4;2
11;2025-12-31;5;99
11;2025-12-31;6;403
11;2025-12-31;7;394
11;2025-12-31;8;529
11;2025-12-31;9;620
11;2025-12-31;10;713
11;2025-12-31;11;941
11;2025-12-31;12;1034
11;2025-12-31;13;976
11;2025-12-31;14;1060
11;2025-12-31;15;1004
11;2025-12-31;16;1009
11;2025-12-31;17;984
11;2025-12-31;18;821
11;2025-12-31;19;741
11;2025-12-31;20;57
11;2025-12-31;21;41
11;2025-12-31;22;23
11;2025-12-31;23;16
12;2025-11-01;0;30
12;2025-11-01;1;3
12;2025-11-01;2;0
12;2025-11-01;3;0
12;2025-11-01;4;4
12;2025-11-01;5;268
12;2025-11-01;6;1167
12;2025-11-01;7;2297
12;2025-11-01;8;2941
12;2025-11-01;9;2065
12;2025-11-01;10;1702
12;2025-11-01;11;1718
12;2025-11-01;12;1759
12;2025-11-01;13;1844
12;2025-11-01;14;1826
12;2025-11-01;15;2074
12;2025-11-01;16;2657
12;2025-11-01;17;2548
12;2025-11-01;18;2237
12;2025-11-01;19;1842
12;2025-11-01;20;1275
12;2025-11-01;21;883
12;2025-11-01;22;452
12;2025-11-01;23;278
12;2025-11-02;0;89
12;2025-11-02;1;6
12;2025-11-02;2;0
12;2025-11-02;3;0
12;2025-11-02;4;3
12;2025-11-02;5;138
12;2025-11-02;6;504
12;2025-11-02;7;631
12;2025-11-02;8;707
12;2025-11-02;9;924
12;2025-11-02;10;1163
12;2025-11-02;11;1297
12;2025-11-02;12;1378
12;2025-11-02;13;1620
12;2025-11-02;14;1510
12;2025-11-02;15;1456
12;2025-11-02;16;1497
12;2025-11-02;17;1480
12;2025-11-02;18;1263
12;2025-11-02;19;973
12;2025-11-02;20;760
12;2025-11-02;21;593
12;2025-11-02;22;396
12;2025-11-02;23;207
12;2025-11-03;0;73
12;2025-11-03;1;5
12;2025-11-03;2;0
12;2025-11-03;3;0
12;2025-11-03;4;2
12;2025-11-03;5;150
12;2025-11-03;6;547
12;2025-11-03;7;647
12;2025-11-03;8;726
12;2025-11-03;9;911
12;2025-11-03;10;1126
12;2025-11-03;11;1233
12;2025-11-03;12;1279
12;2025-11-03;13;1508
12;2025-11-03;14;1373
12;2025-11-03;15;1323
12;2025-11-03;16;1376
12;2025-11-03;17;1323
12;2025-11-03;18;1196
12;2025-11-03;19;992
12;2025-11-03;20;743
12;2025-11-03;21;563
12;2025-11-03;22;354
12;2025-11-03;23;216
12;2025-11-04;0;73
12;2025-11-04;1;5
12;2025-11-04;2;0
12;2025-11-04;3;0
12;2025-11-04;4;2
12;2025-11-04;5;150
12;2025-11-04;6;547
12;2025-11-04;7;647
12;2025-11-04;8;726
12;2025-11-04;9;911
12;2025-11-04;10;1126
12;2025-11-04;11;1233
12;2025-11-04;12;1279
12;2025-11-04;13;1508
12;2025-11-04;14;1373
12;2025-11-04;15;1323
12;2025-11-04;16;1376
12;2025-11-04;17;1323
12;2025-11-04;18;1196
12;2025-11-04;19;992
12;2025-11-04;20;743
12;2025-11-04;21;563
12;2025-11-04;22;354
12;2025-11-04;23;216
12;2025-11-05;0;53
12;2025-11-05;1;2
12;2025-11-05;2;0
12;2025-11-05;3;0
12;2025-11-05;4;6
12;2025-11-05;5;317
12;2025-11-05;6;1369
12;2025-11-05;7;2679
12;2025-11-05;8;3581
12;2025-11-05;9;2455
12;2025-11-05;10;2076
12;2025-11-05;11;1988
12;2025-11-05;12;2072
12;2025-11-05;13;2047
12;2025-11-05;14;2037
12;2025-11-05;15;2265
12;2025-11-05;16;2770
12;2025-11-05;17;2976
12;2025-11-05;18;3131
12;2025-11-05;19;2392
12;2025-11-05;20;1579
12;2025-11-05;21;955
12;2025-11-05;22;485
12;2025-11-05;23;255
12;2025-11-06;0;53
12;2025-11-06;1;2
12;2025-11-06;2;0
12;2025-11-06;3;0
12;2025-11-06;4;6
12;2025-11-06;5;317
12;2025-11-06;6;1369
12;2025-11-06;7;2679
12;2025-11-06;8;3581
12;2025-11-06;9;2455
12;2025-11-06;10;2076
12;2025-11-06;11;1988
12;2025-11-06;12;2072
12;2025-11-06;13;2047
12;2025-11-06;14;2037
12;2025-11-06;15;2265
12;2025-11-06;16;2770
12;2025-11-06;17;2976
12;2025-11-06;18;3131
12;2025-11-06;19;2392
12;2025-11-06;20;1579
12;2025-11-06;21;955
12;2025-11-06;22;485
12;2025-11-06;23;255
12;2025-11-07;0;58
12;2025-11-07;1;2
12;2025-11-07;2;0
12;2025-11-07;3;0
12;2025-11-07;4;4
12;2025-11-07;5;305
12;2025-11-07;6;1326
12;2025-11-07;7;2611
12;2025-11-07;8;3343
12;2025-11-07;9;2347
12;2025-11-07;10;1935
12;2025-11-07;11;1953
12;2025-11-07;12;1999
12;2025-11-07;13;2096
12;2025-11-07;14;2075
12;2025-11-07;15;2357
12;2025-11-07;16;3020
12;2025-11-07;17;2896
12;2025-11-07;18;2543
12;2025-11-07;19;2094
12;2025-11-07;20;1449
12;2025-11-07;21;1003
12;2025-11-07;22;514
12;2025-11-07;23;315
12;2025-11-08;0;74
12;2025-11-08;1;4
12;2025-11-08;2;0
12;2025-11-08;3;0
12;2025-11-08;4;2
12;2025-11-08;5;207
12;2025-11-08;6;748
12;2025-11-08;7;844
12;2025-11-08;8;950
12;2025-11-08;9;1149
12;2025-11-08;10;1395
12;2025-11-08;11;1502
12;2025-11-08;12;1519
12;2025-11-08;13;1797
12;2025-11-08;14;1596
12;2025-11-08;15;1535
12;2025-11-08;16;1618
12;2025-11-08;17;1508
12;2025-11-08;18;1450
12;2025-11-08;19;1289
12;2025-11-08;20;928
12;2025-11-08;21;685
12;2025-11-08;22;405
12;2025-11-08;23;285
12;2025-11-09;0;89
12;2025-11-09;1;6
12;2025-11-09;2;0
12;2025-11-09;3;0
12;2025-11-09;4;3
12;2025-11-09;5;138
12;2025-11-09;6;504
12;2025-11-09;7;631
12;2025-11-09;8;707
12;2025-11-09;9;924
12;2025-11-09;10;1163
12;2025-11-09;11;1297
12;2025-11-09;12;1378
12;2025-11-09;13;1620
12;2025-11-09;14;1510
12;2025-11-09;15;1456
12;2025-11-09;16;1497
12;2025-11-09;17;1480
12;2025-11-09;18;1263
12;2025-11-09;19;973
12;2025-11-09;20;760
12;2025-11-09;21;593
12;2025-11-09;22;396
12;2025-11-09;23;207
12;2025-11-10;0;52
12;2025-11-10;1;2
12;2025-11-10;2;0
12;2025-11-10;3;0
12;2025-11-10;4;6
12;2025-11-10;5;309
12;2025-11-10;6;1332
12;2025-11-10;7;2608
12;2025-11-10;8;3485
12;2025-11-10;9;2389
12;2025-11-10;10;2020
12;2025-11-10;11;1935
12;2025-11-10;12;2017
12;2025-11-10;13;1992
12;2025-11-10;14;1983
12;2025-11-10;15;2204
12;2025-11-10;16;2696
12;2025-11-10;17;2896
12;2025-11-10;18;3047
12;2025-11-10;19;2328
12;2025-11-10;20;1537
12;2025-11-10;21;929
12;2025-11-10;22;473
12;2025-11-10;23;248
12;2025-11-11;0;53
12;2025-11-11;1;2
12;2025-11-11;2;0
12;2025-11-11;3;0
12;2025-11-11;4;6
12;2025-11-11;5;317
12;2025-11-11;6;1369
12;2025-11-11;7;2679
12;2025-11-11;8;3581
12;2025-11-11;9;2455
12;2025-11-11;10;2076
12;2025-11-11;11;1988
12;2025-11-11;12;2072
12;2025-11-11;13;2047
12;2025-11-11;14;2037
12;2025-11-11;15;2265
12;2025-11-11;16;2770
12;2025-11-11;17;2976
12;2025-11-11;18;3131
12;2025-11-11;19;2392
12;2025-11-11;20;1579
12;2025-11-11;21;955
12;2025-11-11;22;485
12;2025-11-11;23;255
12;2025-11-12;0;53
12;2025-11-12;1;2
12;2025-11-12;2;0
12;2025-11-12;3;0
12;2025-11-12;4;6
12;2025-11-12;5;317
12;2025-11-12;6;1369
12;2025-11-12;7;2679
12;2025-11-12;8;3581
12;2025-11-12;9;2455
12;2025-11-12;10;2076
12;2025-11-12;11;1988
12;2025-11-12;12;2072
12;2025-11-12;13;2047
12;2025-11-12;14;2037
12;2025-11-12;15;2265
12;2025-11-12;16;2770
12;2025-11-12;17;2976
12;2025-11-12;18;3131
12;2025-11-12;19;2392
12;2025-11-12;20;1579
12;2025-11-12;21;955
12;2025-11-12;22;485
12;2025-11-12;23;255
12;2025-11-13;0;53
12;2025-11-13;1;2
12;2025-11-13;2;0
12;2025-11-13;3;0
12;2025-11-13;4;6
12;2025-11-13;5;317
12;2025-11-13;6;1369
12;2025-11-13;7;2679
12;2025-11-13;8;3581
12;2025-11-13;9;2455
12;2025-11-13;10;2076
12;2025-11-13;11;1988
12;2025-11-13;12;2072
12;2025-11-13;13;2047
12;2025-11-13;14;2037
12;2025-11-13;15;2265
12;2025-11-13;16;2770
12;2025-11-13;17;2976
12;2025-11-13;18;3131
12;2025-11-13;19;2392
12;2025-11-13;20;1579
12;2025-11-13;21;955
12;2025-11-13;22;485
12;2025-11-13;23;255
12;2025-11-14;0;58
12;2025-11-14;1;2
12;2025-11-14;2;0
12;2025-11-14;3;0
12;2025-11-14;4;4
12;2025-11-14;5;305
12;2025-11-14;6;1326
12;2025-11-14;7;2611
12;2025-11-14;8;3343
12;2025-11-14;9;2347
12;2025-11-14;10;1935
12;2025-11-14;11;1953
12;2025-11-14;12;1999
12;2025-11-14;13;2096
12;2025-11-14;14;2075
12;2025-11-14;15;2357
12;2025-11-14;16;3020
12;2025-11-14;17;2896
12;2025-11-14;18;2543
12;2025-11-14;19;2094
12;2025-11-14;20;1449
12;2025-11-14;21;1003
12;2025-11-14;22;514
12;2025-11-14;23;315
12;2025-11-15;0;74
12;2025-11-15;1;4
12;2025-11-15;2;0
12;2025-11-15;3;0
12;2025-11-15;4;2
12;2025-11-15;5;207
12;2025-11-15;6;748
12;2025-11-15;7;844
12;2025-11-15;8;950
12;2025-11-15;9;1149
12;2025-11-15;10;1395
12;2025-11-15;11;1502
12;2025-11-15;12;1519
12;2025-11-15;13;1797
12;2025-11-15;14;1596
12;2025-11-15;15;1535
12;2025-11-15;16;1618
12;2025-11-15;17;1508
12;2025-11-15;18;1450
12;2025-11-15;19;1289
12;2025-11-15;20;928
12;2025-11-15;21;685
12;2025-11-15;22;405
12;2025-11-15;23;285
12;2025-11-16;0;89
12;2025-11-16;1;6
12;2025-11-16;2;0
12;2025-11-16;3;0
12;2025-11-16;4;3
12;2025-11-16;5;138
12;2025-11-16;6;504
12;2025-11-16;7;631
12;2025-11-16;8;707
12;2025-11-16;9;924
12;2025-11-16;10;1163
12;2025-11-16;11;1297
12;2025-11-16;12;1378
12;2025-11-16;13;1620
12;2025-11-16;14;1510
12;2025-11-16;15;1456
12;2025-11-16;16;1497
12;2025-11-16;17;1480
12;2025-11-16;18;1263
12;2025-11-16;19;973
12;2025-11-16;20;760
12;2025-11-16;21;593
12;2025-11-16;22;396
12;2025-11-16;23;207
12;2025-11-17;0;52
12;2025-11-17;1;2
12;2025-11-17;2;0
12;2025-11-17;3;0
12;2025-11-17;4;6
12;2025-11-17;5;309
12;2025-11-17;6;1332
12;2025-11-17;7;2608
12;2025-11-17;8;3485
12;2025-11-17;9;2389
12;2025-11-17;10;2020
12;2025-11-17;11;1935
12;2025-11-17;12;2017
12;2025-11-17;13;1992
12;2025-11-17;14;1983
12;2025-11-17;15;2204
12;2025-11-17;16;2696
12;2025-11-17;17;2896
12;2025-11-17;18;3047
12;2025-11-17;19;2328
12;2025-11-17;20;1537
12;2025-11-17;21;929
12;2025-11-17;22;473
12;2025-11-17;23;248
12;2025-11-18;0;53
12;2025-11-18;1;2
12;2025-11-18;2;0
12;2025-11-18;3;0
12;2025-11-18;4;6
12;2025-11-18;5;317
12;2025-11-18;6;1369
12;2025-11-18;7;2679
12;2025-11-18;8;3581
12;2025-11-18;9;2455
12;2025-11-18;10;2076
12;2025-11-18;11;1988
12;2025-11-18;12;2072
12;2025-11-18;13;2047
12;2025-11-18;14;2037
12;2025-11-18;15;2265
12;2025-11-18;16;2770
12;2025-11-18;17;2976
12;2025-11-18;18;3131
12;2025-11-18;19;2392
12;2025-11-18;20;1579
12;2025-11-18;21;955
12;2025-11-18;22;485
12;2025-11-18;23;255
12;2025-11-19;0;53
12;2025-11-19;1;2
12;2025-11-19;2;0
12;2025-11-19;3;0
12;2025-11-19;4;6
12;2025-11-19;5;317
12;2025-11-19;6;1369
12;2025-11-19;7;2679
12;2025-11-19;8;3581
12;2025-11-19;9;2455
12;2025-11-19;10;2076
12;2025-11-19;11;1988
12;2025-11-19;12;2072
12;2025-11-19;13;2047
12;2025-11-19;14;2037
12;2025-11-19;15;2265
12;2025-11-19;16;2770
12;2025-11-19;17;2976
12;2025-11-19;18;3131
12;2025-11-19;19;2392
12;2025-11-19;20;1579
12;2025-11-19;21;955
12;2025-11-19;22;485
12;2025-11-19;23;255
12;2025-11-20;0;53
12;2025-11-20;1;2
12;2025-11-20;2;0
12;2025-11-20;3;0
12;2025-11-20;4;6
12;2025-11-20;5;317
12;2025-11-20;6;1369
12;2025-11-20;7;2679
12;2025-11-20;8;3581
12;2025-11-20;9;2455
12;2025-11-20;10;2076
12;2025-11-20;11;1988
12;2025-11-20;12;2072
12;2025-11-20;13;2047
12;2025-11-20;14;2037
12;2025-11-20;15;2265
12;2025-11-20;16;2770
12;2025-11-20;17;2976
12;2025-11-20;18;3131
12;2025-11-20;19;2392
12;2025-11-20;20;1579
12;2025-11-20;21;955
12;2025-11-20;22;485
12;2025-11-20;23;255
12;2025-11-21;0;58
12;2025-11-21;1;2
12;2025-11-21;2;0
12;2025-11-21;3;0
12;2025-11-21;4;4
12;2025-11-21;5;305
12;2025-11-21;6;1326
12;2025-11-21;7;2611
12;2025-11-21;8;3343
12;2025-11-21;9;2347
12;2025-11-21;10;1935
12;2025-11-21;11;1953
12;2025-11-21;12;1999
12;2025-11-21;13;2096
12;2025-11-21;14;2075
12;2025-11-21;15;2357
12;2025-11-21;16;3020
12;2025-11-21;17;2896
12;2025-11-21;18;2543
12;2025-11-21;19;2094
12;2025-11-21;20;1449
12;2025-11-21;21;1003
12;2025-11-21;22;514
12;2025-11-21;23;315
12;2025-11-22;0;74
12;2025-11-22;1;4
12;2025-11-22;2;0
12;2025-11-22;3;0
12;2025-11-22;4;2
12;2025-11-22;5;207
12;2025-11-22;6;748
12;2025-11-22;7;844
12;2025-11-22;8;950
12;2025-11-22;9;1149
12;2025-11-22;10;1395
12;2025-11-22;11;1502
12;2025-11-22;12;1519
12;2025-11-22;13;1797
12;2025-11-22;14;1596
12;2025-11-22;15;1535
12;2025-11-22;16;1618
12;2025-11-22;17;1508
12;2025-11-22;18;1450
12;2025-11-22;19;1289
12;2025-11-22;20;928
12;2025-11-22;21;685
12;2025-11-22;22;405
12;2025-11-22;23;285
12;2025-11-23;0;89
12;2025-11-23;1;6
12;2025-11-23;2;0
12;2025-11-23;3;0
12;2025-11-23;4;3
12;2025-11-23;5;138
12;2025-11-23;6;504
12;2025-11-23;7;631
12;2025-11-23;8;707
12;2025-11-23;9;924
12;2025-11-23;10;1163
12;2025-11-23;11;1297
12;2025-11-23;12;1378
12;2025-11-23;13;1620
12;2025-11-23;14;1510
12;2025-11-23;15;1456
12;2025-11-23;16;1497
12;2025-11-23;17;1480
12;2025-11-23;18;1263
12;2025-11-23;19;973
12;2025-11-23;20;760
12;2025-11-23;21;593
12;2025-11-23;22;396
12;2025-11-23;23;207
12;2025-11-24;0;52
12;2025-11-24;1;2
12;2025-11-24;2;0
12;2025-11-24;3;0
12;2025-11-24;4;6
12;2025-11-24;5;309
12;2025-11-24;6;1332
12;2025-11-24;7;2608
12;2025-11-24;8;3485
12;2025-11-24;9;2389
12;2025-11-24;10;2020
12;2025-11-24;11;1935
12;2025-11-24;12;2017
12;2025-11-24;13;1992
12;2025-11-24;14;1983
12;2025-11-24;15;2204
12;2025-11-24;16;2696
12;2025-11-24;17;2896
12;2025-11-24;18;3047
12;2025-11-24;19;2328
12;2025-11-24;20;1537
12;2025-11-24;21;929
12;2025-11-24;22;473
12;2025-11-24;23;248
12;2025-11-25;0;53
12;2025-11-25;1;2
12;2025-11-25;2;0
12;2025-11-25;3;0
12;2025-11-25;4;6
12;2025-11-25;5;317
12;2025-11-25;6;1369
12;2025-11-25;7;2679
12;2025-11-25;8;3581
12;2025-11-25;9;2455
12;2025-11-25;10;2076
12;2025-11-25;11;1988
12;2025-11-25;12;2072
12;2025-11-25;13;2047
12;2025-11-25;14;2037
12;2025-11-25;15;2265
12;2025-11-25;16;2770
12;2025-11-25;17;2976
12;2025-11-25;18;3131
12;2025-11-25;19;2392
12;2025-11-25;20;1579
12;2025-11-25;21;955
12;2025-11-25;22;485
12;2025-11-25;23;255
12;2025-11-26;0;53
12;2025-11-26;1;2
12;2025-11-26;2;0
12;2025-11-26;3;0
12;2025-11-26;4;6
12;2025-11-26;5;317
12;2025-11-26;6;1369
12;2025-11-26;7;2679
12;2025-11-26;8;3581
12;2025-11-26;9;2455
12;2025-11-26;10;2076
12;2025-11-26;11;1988
12;2025-11-26;12;2072
12;2025-11-26;13;2047
12;2025-11-26;14;2037
12;2025-11-26;15;2265
12;2025-11-26;16;2770
12;2025-11-26;17;2976
12;2025-11-26;18;3131
12;2025-11-26;19;2392
12;2025-11-26;20;1579
12;2025-11-26;21;955
12;2025-11-26;22;485
12;2025-11-26;23;255
12;2025-11-27;0;53
12;2025-11-27;1;2
12;2025-11-27;2;0
12;2025-11-27;3;0
12;2025-11-27;4;6
12;2025-11-27;5;317
12;2025-11-27;6;1369
12;2025-11-27;7;2679
12;2025-11-27;8;3581
12;2025-11-27;9;2455
12;2025-11-27;10;2076
12;2025-11-27;11;1988
12;2025-11-27;12;2072
12;2025-11-27;13;2047
12;2025-11-27;14;2037
12;2025-11-27;15;2265
12;2025-11-27;16;2770
12;2025-11-27;17;2976
12;2025-11-27;18;3131
12;2025-11-27;19;2392
12;2025-11-27;20;1579
12;2025-11-27;21;955
12;2025-11-27;22;485
12;2025-11-27;23;255
12;2025-11-28;0;58
12;2025-11-28;1;2
12;2025-11-28;2;0
12;2025-11-28;3;0
12;2025-11-28;4;4
12;2025-11-28;5;305
12;2025-11-28;6;1326
12;2025-11-28;7;2611
12;2025-11-28;8;3343
12;2025-11-28;9;2347
12;2025-11-28;10;1935
12;2025-11-28;11;1953
12;2025-11-28;12;1999
12;2025-11-28;13;2096
12;2025-11-28;14;2075
12;2025-11-28;15;2357
12;2025-11-28;16;3020
12;2025-11-28;17;2896
12;2025-11-28;18;2543
12;2025-11-28;19;2094
12;2025-11-28;20;1449
12;2025-11-28;21;1003
12;2025-11-28;22;514
12;2025-11-28;23;315
12;2025-11-29;0;74
12;2025-11-29;1;4
12;2025-11-29;2;0
12;2025-11-29;3;0
12;2025-11-29;4;2
12;2025-11-29;5;207
12;2025-11-29;6;748
12;2025-11-29;7;844
12;2025-11-29;8;950
12;2025-11-29;9;1149
12;2025-11-29;10;1395
12;2025-11-29;11;1502
12;2025-11-29;12;1519
12;2025-11-29;13;1797
12;2025-11-29;14;1596
12;2025-11-29;15;1535
12;2025-11-29;16;1618
12;2025-11-29;17;1508
12;2025-11-29;18;1450
12;2025-11-29;19;1289
12;2025-11-29;20;928
12;2025-11-29;21;685
12;2025-11-29;22;405
12;2025-11-29;23;285
12;2025-11-30;0;89
12;2025-11-30;1;6
12;2025-11-30;2;0
12;2025-11-30;3;0
12;2025-11-30;4;3
12;2025-11-30;5;138
12;2025-11-30;6;504
12;2025-11-30;7;631
12;2025-11-30;8;707
12;2025-11-30;9;924
12;2025-11-30;10;1163
12;2025-11-30;11;1297
12;2025-11-30;12;1378
12;2025-11-30;13;1620
12;2025-11-30;14;1510
12;2025-11-30;15;1456
12;2025-11-30;16;1497
12;2025-11-30;17;1480
12;2025-11-30;18;1263
12;2025-11-30;19;973
12;2025-11-30;20;760
12;2025-11-30;21;593
12;2025-11-30;22;396
12;2025-11-30;23;207
12;2025-12-01;0;52
12;2025-12-01;1;2
12;2025-12-01;2;0
12;2025-12-01;3;0
12;2025-12-01;4;6
12;2025-12-01;5;309
12;2025-12-01;6;1318
12;2025-12-01;7;2607
12;2025-12-01;8;3480
12;2025-12-01;9;2372
12;2025-12-01;10;2017
12;2025-12-01;11;1941
12;2025-12-01;12;2018
12;2025-12-01;13;1985
12;2025-12-01;14;1994
12;2025-12-01;15;2215
12;2025-12-01;16;2710
12;2025-12-01;17;2904
12;2025-12-01;18;3051
12;2025-12-01;19;2341
12;2025-12-01;20;1530
12;2025-12-01;21;920
12;2025-12-01;22;469
12;2025-12-01;23;247
12;2025-12-02;0;53
12;2025-12-02;1;2
12;2025-12-02;2;0
12;2025-12-02;3;0
12;2025-12-02;4;6
12;2025-12-02;5;318
12;2025-12-02;6;1354
12;2025-12-02;7;2679
12;2025-12-02;8;3576
12;2025-12-02;9;2437
12;2025-12-02;10;2072
12;2025-12-02;11;1995
12;2025-12-02;12;2074
12;2025-12-02;13;2040
12;2025-12-02;14;2049
12;2025-12-02;15;2276
12;2025-12-02;16;2784
12;2025-12-02;17;2984
12;2025-12-02;18;3136
12;2025-12-02;19;2405
12;2025-12-02;20;1572
12;2025-12-02;21;946
12;2025-12-02;22;482
12;2025-12-02;23;253
12;2025-12-03;0;53
12;2025-12-03;1;2
12;2025-12-03;2;0
12;2025-12-03;3;0
12;2025-12-03;4;6
12;2025-12-03;5;318
12;2025-12-03;6;1354
12;2025-12-03;7;2679
12;2025-12-03;8;3576
12;2025-12-03;9;2437
12;2025-12-03;10;2072
12;2025-12-03;11;1995
12;2025-12-03;12;2074
12;2025-12-03;13;2040
12;2025-12-03;14;2049
12;2025-12-03;15;2276
12;2025-12-03;16;2784
12;2025-12-03;17;2984
12;2025-12-03;18;3136
12;2025-12-03;19;2405
12;2025-12-03;20;1572
12;2025-12-03;21;946
12;2025-12-03;22;482
12;2025-12-03;23;253
12;2025-12-04;0;53
12;2025-12-04;1;2
12;2025-12-04;2;0
12;2025-12-04;3;0
12;2025-12-04;4;6
12;2025-12-04;5;318
12;2025-12-04;6;1354
12;2025-12-04;7;2679
12;2025-12-04;8;3576
12;2025-12-04;9;2437
12;2025-12-04;10;2072
12;2025-12-04;11;1995
12;2025-12-04;12;2074
12;2025-12-04;13;2040
12;2025-12-04;14;2049
12;2025-12-04;15;2276
12;2025-12-04;16;2784
12;2025-12-04;17;2984
12;2025-12-04;18;3136
12;2025-12-04;19;2405
12;2025-12-04;20;1572
12;2025-12-04;21;946
12;2025-12-04;22;482
12;2025-12-04;23;253
12;2025-12-05;0;58
12;2025-12-05;1;2
12;2025-12-05;2;0
12;2025-12-05;3;0
12;2025-12-05;4;4
12;2025-12-05;5;300
12;2025-12-05;6;1306
12;2025-12-05;7;2593
12;2025-12-05;8;3344
12;2025-12-05;9;2315
12;2025-12-05;10;1940
12;2025-12-05;11;1963
12;2025-12-05;12;2010
12;2025-12-05;13;2075
12;2025-12-05;14;2092
12;2025-12-05;15;2382
12;2025-12-05;16;3037
12;2025-12-05;17;2903
12;2025-12-05;18;2550
12;2025-12-05;19;2100
12;2025-12-05;20;1453
12;2025-12-05;21;996
12;2025-12-05;22;513
12;2025-12-05;23;310
12;2025-12-06;0;76
12;2025-12-06;1;5
12;2025-12-06;2;0
12;2025-12-06;3;0
12;2025-12-06;4;2
12;2025-12-06;5;204
12;2025-12-06;6;742
12;2025-12-06;7;838
12;2025-12-06;8;936
12;2025-12-06;9;1137
12;2025-12-06;10;1381
12;2025-12-06;11;1504
12;2025-12-06;12;1518
12;2025-12-06;13;1810
12;2025-12-06;14;1602
12;2025-12-06;15;1535
12;2025-12-06;16;1610
12;2025-12-06;17;1500
12;2025-12-06;18;1433
12;2025-12-06;19;1289
12;2025-12-06;20;922
12;2025-12-06;21;666
12;2025-12-06;22;406
12;2025-12-06;23;283
12;2025-12-07;0;89
12;2025-12-07;1;6
12;2025-12-07;2;0
12;2025-12-07;3;0
12;2025-12-07;4;2
12;2025-12-07;5;138
12;2025-12-07;6;495
12;2025-12-07;7;611
12;2025-12-07;8;698
12;2025-12-07;9;920
12;2025-12-07;10;1154
12;2025-12-07;11;1293
12;2025-12-07;12;1373
12;2025-12-07;13;1616
12;2025-12-07;14;1504
12;2025-12-07;15;1434
12;2025-12-07;16;1482
12;2025-12-07;17;1460
12;2025-12-07;18;1241
12;2025-12-07;19;963
12;2025-12-07;20;744
12;2025-12-07;21;583
12;2025-12-07;22;389
12;2025-12-07;23;206
12;2025-12-08;0;52
12;2025-12-08;1;2
12;2025-12-08;2;0
12;2025-12-08;3;0
12;2025-12-08;4;6
12;2025-12-08;5;309
12;2025-12-08;6;1318
12;2025-12-08;7;2607
12;2025-12-08;8;3480
12;2025-12-08;9;2372
12;2025-12-08;10;2017
12;2025-12-08;11;1941
12;2025-12-08;12;2018
12;2025-12-08;13;1985
12;2025-12-08;14;1994
12;2025-12-08;15;2215
12;2025-12-08;16;2710
12;2025-12-08;17;2904
12;2025-12-08;18;3051
12;2025-12-08;19;2341
12;2025-12-08;20;1530
12;2025-12-08;21;920
12;2025-12-08;22;469
12;2025-12-08;23;247
12;2025-12-09;0;53
12;2025-12-09;1;2
12;2025-12-09;2;0
12;2025-12-09;3;0
12;2025-12-09;4;6
12;2025-12-09;5;318
12;2025-12-09;6;1354
12;2025-12-09;7;2679
12;2025-12-09;8;3576
12;2025-12-09;9;2437
12;2025-12-09;10;2072
12;2025-12-09;11;1995
12;2025-12-09;12;2074
12;2025-12-09;13;2040
12;2025-12-09;14;2049
12;2025-12-09;15;2276
12;2025-12-09;16;2784
12;2025-12-09;17;2984
12;2025-12-09;18;3136
12;2025-12-09;19;2405
12;2025-12-09;20;1572
12;2025-12-09;21;946
12;2025-12-09;22;482
12;2025-12-09;23;253
12;2025-12-10;0;53
12;2025-12-10;1;2
12;2025-12-10;2;0
12;2025-12-10;3;0
12;2025-12-10;4;6
12;2025-12-10;5;318
12;2025-12-10;6;1354
12;2025-12-10;7;2679
12;2025-12-10;8;3576
12;2025-12-10;9;2437
12;2025-12-10;10;2072
12;2025-12-10;11;1995
12;2025-12-10;12;2074
12;2025-12-10;13;2040
12;2025-12-10;14;2049
12;2025-12-10;15;2276
12;2025-12-10;16;2784
12;2025-12-10;17;2984
12;2025-12-10;18;3136
12;2025-12-10;19;2405
12;2025-12-10;20;1572
12;2025-12-10;21;946
12;2025-12-10;22;482
12;2025-12-10;23;253
12;2025-12-11;0;53
12;2025-12-11;1;2
12;2025-12-11;2;0
12;2025-12-11;3;0
12;2025-12-11;4;6
12;2025-12-11;5;318
12;2025-12-11;6;1354
12;2025-12-11;7;2679
12;2025-12-11;8;3576
12;2025-12-11;9;2437
12;2025-12-11;10;2072
12;2025-12-11;11;1995
12;2025-12-11;12;2074
12;2025-12-11;13;2040
12;2025-12-11;14;2049
12;2025-12-11;15;2276
12;2025-12-11;16;2784
12;2025-12-11;17;2984
12;2025-12-11;18;3136
12;2025-12-11;19;2405
12;2025-12-11;20;1572
12;2025-12-11;21;946
12;2025-12-11;22;482
12;2025-12-11;23;253
12;2025-12-12;0;58
12;2025-12-12;1;2
12;2025-12-12;2;0
12;2025-12-12;3;0
12;2025-12-12;4;4
12;2025-12-12;5;300
12;2025-12-12;6;1306
12;2025-12-12;7;2593
12;2025-12-12;8;3344
12;2025-12-12;9;2315
12;2025-12-12;10;1940
12;2025-12-12;11;1963
12;2025-12-12;12;2010
12;2025-12-12;13;2075
12;2025-12-12;14;2092
12;2025-12-12;15;2382
12;2025-12-12;16;3037
12;2025-12-12;17;2903
12;2025-12-12;18;2550
12;2025-12-12;19;2100
12;2025-12-12;20;1453
12;2025-12-12;21;996
12;2025-12-12;22;513
12;2025-12-12;23;310
12;2025-12-13;0;76
12;2025-12-13;1;5
12;2025-12-13;2;0
12;2025-12-13;3;0
12;2025-12-13;4;2
12;2025-12-13;5;204
12;2025-12-13;6;742
12;2025-12-13;7;838
12;2025-12-13;8;936
12;2025-12-13;9;1137
12;2025-12-13;10;1381
12;2025-12-13;11;1504
12;2025-12-13;12;1518
12;2025-12-13;13;1810
12;2025-12-13;14;1602
12;2025-12-13;15;1535
12;2025-12-13;16;1610
12;2025-12-13;17;1500
12;2025-12-13;18;1433
12;2025-12-13;19;1289
12;2025-12-13;20;922
12;2025-12-13;21;666
12;2025-12-13;22;406
12;2025-12-13;23;283
12;2025-12-14;0;89
12;2025-12-14;1;6
12;2025-12-14;2;0
12;2025-12-14;3;0
12;2025-12-14;4;2
12;2025-12-14;5;138
12;2025-12-14;6;495
12;2025-12-14;7;611
12;2025-12-14;8;698
12;2025-12-14;9;920
12;2025-12-14;10;1154
12;2025-12-14;11;1293
12;2025-12-14;12;1373
12;2025-12-14;13;1616
12;2025-12-14;14;1504
12;2025-12-14;15;1434
12;2025-12-14;16;1482
12;2025-12-14;17;1460
12;2025-12-14;18;1241
12;2025-12-14;19;963
12;2025-12-14;20;744
12;2025-12-14;21;583
12;2025-12-14;22;389
12;2025-12-14;23;206
12;2025-12-15;0;52
12;2025-12-15;1;2
12;2025-12-15;2;0
12;2025-12-15;3;0
12;2025-12-15;4;6
12;2025-12-15;5;309
12;2025-12-15;6;1318
12;2025-12-15;7;2607
12;2025-12-15;8;3480
12;2025-12-15;9;2372
12;2025-12-15;10;2017
12;2025-12-15;11;1941
12;2025-12-15;12;2018
12;2025-12-15;13;1985
12;2025-12-15;14;1994
12;2025-12-15;15;2215
12;2025-12-15;16;2710
12;2025-12-15;17;2904
12;2025-12-15;18;3051
12;2025-12-15;19;2341
12;2025-12-15;20;1530
12;2025-12-15;21;920
12;2025-12-15;22;469
12;2025-12-15;23;247
12;2025-12-16;0;53
12;2025-12-16;1;2
12;2025-12-16;2;0
12;2025-12-16;3;0
12;2025-12-16;4;6
12;2025-12-16;5;318
12;2025-12-16;6;1354
12;2025-12-16;7;2679
12;2025-12-16;8;3576
12;2025-12-16;9;2437
12;2025-12-16;10;2072
12;2025-12-16;11;1995
12;2025-12-16;12;2074
12;2025-12-16;13;2040
12;2025-12-16;14;2049
12;2025-12-16;15;2276
12;2025-12-16;16;2784
12;2025-12-16;17;2984
12;2025-12-16;18;3136
12;2025-12-16;19;2405
12;2025-12-16;20;1572
12;2025-12-16;21;946
12;2025-12-16;22;482
12;2025-12-16;23;253
12;2025-12-17;0;53
12;2025-12-17;1;2
12;2025-12-17;2;0
12;2025-12-17;3;0
12;2025-12-17;4;6
12;2025-12-17;5;318
12;2025-12-17;6;1354
12;2025-12-17;7;2679
12;2025-12-17;8;3576
12;2025-12-17;9;2437
12;2025-12-17;10;2072
12;2025-12-17;11;1995
12;2025-12-17;12;2074
12;2025-12-17;13;2040
12;2025-12-17;14;2049
12;2025-12-17;15;2276
12;2025-12-17;16;2784
12;2025-12-17;17;2984
12;2025-12-17;18;3136
12;2025-12-17;19;2405
12;2025-12-17;20;1572
12;2025-12-17;21;946
12;2025-12-17;22;482
12;2025-12-17;23;253
12;2025-12-18;0;53
12;2025-12-18;1;2
12;2025-12-18;2;0
12;2025-12-18;3;0
12;2025-12-18;4;6
12;2025-12-18;5;318
12;2025-12-18;6;1354
12;2025-12-18;7;2679
12;2025-12-18;8;3576
12;2025-12-18;9;2437
12;2025-12-18;10;2072
12;2025-12-18;11;1995
12;2025-12-18;12;2074
12;2025-12-18;13;2040
12;2025-12-18;14;2049
12;2025-12-18;15;2276
12;2025-12-18;16;2784
12;2025-12-18;17;2984
12;2025-12-18;18;3136
12;2025-12-18;19;2405
12;2025-12-18;20;1572
12;2025-12-18;21;946
12;2025-12-18;22;482
12;2025-12-18;23;253
12;2025-12-19;0;58
12;2025-12-19;1;2
12;2025-12-19;2;0
12;2025-12-19;3;0
12;2025-12-19;4;4
12;2025-12-19;5;300
12;2025-12-19;6;1306
12;2025-12-19;7;2593
12;2025-12-19;8;3344
12;2025-12-19;9;2315
12;2025-12-19;10;1940
12;2025-12-19;11;1963
12;2025-12-19;12;2010
12;2025-12-19;13;2075
12;2025-12-19;14;2092
12;2025-12-19;15;2382
12;2025-12-19;16;3037
12;2025-12-19;17;2903
12;2025-12-19;18;2550
12;2025-12-19;19;2100
12;2025-12-19;20;1453
12;2025-12-19;21;996
12;2025-12-19;22;513
12;2025-12-19;23;310
12;2025-12-20;0;76
12;2025-12-20;1;5
12;2025-12-20;2;0
12;2025-12-20;3;0
12;2025-12-20;4;2
12;2025-12-20;5;204
12;2025-12-20;6;742
12;2025-12-20;7;838
12;2025-12-20;8;936
12;2025-12-20;9;1137
12;2025-12-20;10;1381
12;2025-12-20;11;1504
12;2025-12-20;12;1518
12;2025-12-20;13;1810
12;2025-12-20;14;1602
12;2025-12-20;15;1535
12;2025-12-20;16;1610
12;2025-12-20;17;1500
12;2025-12-20;18;1433
12;2025-12-20;19;1289
12;2025-12-20;20;922
12;2025-12-20;21;666
12;2025-12-20;22;406
12;2025-12-20;23;283
12;2025-12-21;0;89
12;2025-12-21;1;6
12;2025-12-21;2;0
12;2025-12-21;3;0
12;2025-12-21;4;2
12;2025-12-21;5;138
12;2025-12-21;6;495
12;2025-12-21;7;611
12;2025-12-21;8;698
12;2025-12-21;9;920
12;2025-12-21;10;1154
12;2025-12-21;11;1293
12;2025-12-21;12;1373
12;2025-12-21;13;1616
12;2025-12-21;14;1504
12;2025-12-21;15;1434
12;2025-12-21;16;1482
12;2025-12-21;17;1460
12;2025-12-21;18;1241
12;2025-12-21;19;963
12;2025-12-21;20;744
12;2025-12-21;21;583
12;2025-12-21;22;389
12;2025-12-21;23;206
12;2025-12-22;0;52
12;2025-12-22;1;2
12;2025-12-22;2;0
12;2025-12-22;3;0
12;2025-12-22;4;6
12;2025-12-22;5;309
12;2025-12-22;6;1318
12;2025-12-22;7;2607
12;2025-12-22;8;3480
12;2025-12-22;9;2372
12;2025-12-22;10;2017
12;2025-12-22;11;1941
12;2025-12-22;12;2018
12;2025-12-22;13;1985
12;2025-12-22;14;1994
12;2025-12-22;15;2215
12;2025-12-22;16;2710
12;2025-12-22;17;2904
12;2025-12-22;18;3051
12;2025-12-22;19;2341
12;2025-12-22;20;1530
12;2025-12-22;21;920
12;2025-12-22;22;469
12;2025-12-22;23;247
12;2025-12-23;0;53
12;2025-12-23;1;2
12;2025-12-23;2;0
12;2025-12-23;3;0
12;2025-12-23;4;6
12;2025-12-23;5;318
12;2025-12-23;6;1354
12;2025-12-23;7;2679
12;2025-12-23;8;3576
12;2025-12-23;9;2437
12;2025-12-23;10;2072
12;2025-12-23;11;1995
12;2025-12-23;12;2074
12;2025-12-23;13;2040
12;2025-12-23;14;2049
12;2025-12-23;15;2276
12;2025-12-23;16;2784
12;2025-12-23;17;2984
12;2025-12-23;18;3136
12;2025-12-23;19;2405
12;2025-12-23;20;1572
12;2025-12-23;21;946
12;2025-12-23;22;482
12;2025-12-23;23;253
12;2025-12-24;0;53
12;2025-12-24;1;2
12;2025-12-24;2;0
12;2025-12-24;3;0
12;2025-12-24;4;6
12;2025-12-24;5;318
12;2025-12-24;6;1354
12;2025-12-24;7;2679
12;2025-12-24;8;3576
12;2025-12-24;9;2437
12;2025-12-24;10;2072
12;2025-12-24;11;1995
12;2025-12-24;12;2074
12;2025-12-24;13;2040
12;2025-12-24;14;2049
12;2025-12-24;15;2276
12;2025-12-24;16;2784
12;2025-12-24;17;2984
12;2025-12-24;18;3136
12;2025-12-24;19;2405
12;2025-12-24;20;1572
12;2025-12-24;21;946
12;2025-12-24;22;482
12;2025-12-24;23;253
12;2025-12-25;0;53
12;2025-12-25;1;2
12;2025-12-25;2;0
12;2025-12-25;3;0
12;2025-12-25;4;6
12;2025-12-25;5;318
12;2025-12-25;6;1354
12;2025-12-25;7;2679
12;2025-12-25;8;3576
12;2025-12-25;9;2437
12;2025-12-25;10;2072
12;2025-12-25;11;1995
12;2025-12-25;12;2074
12;2025-12-25;13;2040
12;2025-12-25;14;2049
12;2025-12-25;15;2276
12;2025-12-25;16;2784
12;2025-12-25;17;2984
12;2025-12-25;18;3136
12;2025-12-25;19;2405
12;2025-12-25;20;1572
12;2025-12-25;21;946
12;2025-12-25;22;482
12;2025-12-25;23;253
12;2025-12-26;0;58
12;2025-12-26;1;2
12;2025-12-26;2;0
12;2025-12-26;3;0
12;2025-12-26;4;4
12;2025-12-26;5;300
12;2025-12-26;6;1306
12;2025-12-26;7;2593
12;2025-12-26;8;3344
12;2025-12-26;9;2315
12;2025-12-26;10;1940
12;2025-12-26;11;1963
12;2025-12-26;12;2010
12;2025-12-26;13;2075
12;2025-12-26;14;2092
12;2025-12-26;15;2382
12;2025-12-26;16;3037
12;2025-12-26;17;2903
12;2025-12-26;18;2550
12;2025-12-26;19;2100
12;2025-12-26;20;1453
12;2025-12-26;21;996
12;2025-12-26;22;513
12;2025-12-26;23;310
12;2025-12-27;0;76
12;2025-12-27;1;5
12;2025-12-27;2;0
12;2025-12-27;3;0
12;2025-12-27;4;2
12;2025-12-27;5;204
12;2025-12-27;6;742
12;2025-12-27;7;838
12;2025-12-27;8;936
12;2025-12-27;9;1137
12;2025-12-27;10;1381
12;2025-12-27;11;1504
12;2025-12-27;12;1518
12;2025-12-27;13;1810
12;2025-12-27;14;1602
12;2025-12-27;15;1535
12;2025-12-27;16;1610
12;2025-12-27;17;1500
12;2025-12-27;18;1433
12;2025-12-27;19;1289
12;2025-12-27;20;922
12;2025-12-27;21;666
12;2025-12-27;22;406
12;2025-12-27;23;283
12;2025-12-28;0;89
12;2025-12-28;1;6
12;2025-12-28;2;0
12;2025-12-28;3;0
12;2025-12-28;4;2
12;2025-12-28;5;138
12;2025-12-28;6;495
12;2025-12-28;7;611
12;2025-12-28;8;698
12;2025-12-28;9;920
12;2025-12-28;10;1154
12;2025-12-28;11;1293
12;2025-12-28;12;1373
12;2025-12-28;13;1616
12;2025-12-28;14;1504
12;2025-12-28;15;1434
12;2025-12-28;16;1482
12;2025-12-28;17;1460
12;2025-12-28;18;1241
12;2025-12-28;19;963
12;2025-12-28;20;744
12;2025-12-28;21;583
12;2025-12-28;22;389
12;2025-12-28;23;206
12;2025-12-29;0;47
12;2025-12-29;1;2
12;2025-12-29;2;0
12;2025-12-29;3;0
12;2025-12-29;4;5
12;2025-12-29;5;278
12;2025-12-29;6;1186
12;2025-12-29;7;2346
12;2025-12-29;8;3132
12;2025-12-29;9;2135
12;2025-12-29;10;1815
12;2025-12-29;11;1747
12;2025-12-29;12;1816
12;2025-12-29;13;1786
12;2025-12-29;14;1794
12;2025-12-29;15;1993
12;2025-12-29;16;2439
12;2025-12-29;17;2614
12;2025-12-29;18;2746
12;2025-12-29;19;2107
12;2025-12-29;20;1376
12;2025-12-29;21;828
12;2025-12-29;22;422
12;2025-12-29;23;222
12;2025-12-30;0;45
12;2025-12-30;1;2
12;2025-12-30;2;0
12;2025-12-30;3;0
12;2025-12-30;4;5
12;2025-12-30;5;270
12;2025-12-30;6;1151
12;2025-12-30;7;2277
12;2025-12-30;8;3040
12;2025-12-30;9;2072
12;2025-12-30;10;1762
12;2025-12-30;11;1695
12;2025-12-30;12;1763
12;2025-12-30;13;1734
12;2025-12-30;14;1742
12;2025-12-30;15;1934
12;2025-12-30;16;2367
12;2025-12-30;17;2537
12;2025-12-30;18;2665
12;2025-12-30;19;2044
12;2025-12-30;20;1336
12;2025-12-30;21;803
12;2025-12-30;22;410
12;2025-12-30;23;215
12;2025-12-31;0;41
12;2025-12-31;1;3
12;2025-12-31;2;0
12;2025-12-31;3;0
12;2025-12-31;4;1
12;2025-12-31;5;110
12;2025-12-31;6;401
12;2025-12-31;7;453
12;2025-12-31;8;506
12;2025-12-31;9;615
12;2025-12-31;10;747
12;2025-12-31;11;814
12;2025-12-31;12;821
12;2025-12-31;13;979
12;2025-12-31;14;866
12;2025-12-31;15;830
12;2025-12-31;16;871
12;2025-12-31;17;811
12;2025-12-31;18;775
12;2025-12-31;19;697
12;2025-12-31;20;48
12;2025-12-31;21;35
12;2025-12-31;22;21
12;2025-12-31;23;15
17;2025-11-01;0;151
17;2025-11-01;1;30
17;2025-11-01;2;0
17;2025-11-01;3;0
17;2025-11-01;4;22
17;2025-11-01;5;268
17;2025-11-01;6;1311
17;2025-11-01;7;3402
17;2025-11-01;8;4442
17;2025-11-01;9;3178
17;2025-11-01;10;2561
17;2025-11-01;11;2574
17;2025-11-01;12;2614
17;2025-11-01;13;2672
17;2025-11-01;14;2748
17;2025-11-01;15;3041
17;2025-11-01;16;3649
17;2025-11-01;17;3935
17;2025-11-01;18;3669
17;2025-11-01;19;2679
17;2025-11-01;20;2069
17;2025-11-01;21;1395
17;2025-11-01;22;741
17;2025-11-01;23;408
17;2025-11-02;0;181
17;2025-11-02;1;25
17;2025-11-02;2;0
17;2025-11-02;3;0
17;2025-11-02;4;4
17;2025-11-02;5;106
17;2025-11-02;6;438
17;2025-11-02;7;791
17;2025-11-02;8;1225
17;2025-11-02;9;1674
17;2025-11-02;10;2001
17;2025-11-02;11;2548
17;2025-11-02;12;2948
17;2025-11-02;13;3224
17;2025-11-02;14;3300
17;2025-11-02;15;3275
17;2025-11-02;16;3182
17;2025-11-02;17;2950
17;2025-11-02;18;2561
17;2025-11-02;19;2062
17;2025-11-02;20;1640
17;2025-11-02;21;1176
17;2025-11-02;22;739
17;2025-11-02;23;328
17;2025-11-03;0;165
17;2025-11-03;1;22
17;2025-11-03;2;0
17;2025-11-03;3;0
17;2025-11-03;4;4
17;2025-11-03;5;104
17;2025-11-03;6;435
17;2025-11-03;7;854
17;2025-11-03;8;1274
17;2025-11-03;9;1684
17;2025-11-03;10;1953
17;2025-11-03;11;2425
17;2025-11-03;12;2764
17;2025-11-03;13;2981
17;2025-11-03;14;3040
17;2025-11-03;15;3022
17;2025-11-03;16;2987
17;2025-11-03;17;2743
17;2025-11-03;18;2411
17;2025-11-03;19;1941
17;2025-11-03;20;1563
17;2025-11-03;21;1129
17;2025-11-03;22;712
17;2025-11-03;23;343
17;2025-11-04;0;165
17;2025-11-04;1;22
17;2025-11-04;2;0
17;2025-11-04;3;0
17;2025-11-04;4;4
17;2025-11-04;5;104
17;2025-11-04;6;435
17;2025-11-04;7;854
17;2025-11-04;8;1274
17;2025-11-04;9;1684
17;2025-11-04;10;1953
17;2025-11-04;11;2425
17;2025-11-04;12;2764
17;2025-11-04;13;2981
17;2025-11-04;14;3040
17;2025-11-04;15;3022
17;2025-11-04;16;2987
17;2025-11-04;17;2743
17;2025-11-04;18;2411
17;2025-11-04;19;1941
17;2025-11-04;20;1563
17;2025-11-04;21;1129
17;2025-11-04;22;712
17;2025-11-04;23;343
17;2025-11-05;0;118
17;2025-11-05;1;12
17;2025-11-05;2;0
17;2025-11-05;3;0
17;2025-11-05;4;27
17;2025-11-05;5;325
17;2025-11-05;6;1583
17;2025-11-05;7;4138
17;2025-11-05;8;5439
17;2025-11-05;9;3849
17;2025-11-05;10;3050
17;2025-11-05;11;3022
17;2025-11-05;12;3064
17;2025-11-05;13;3125
17;2025-11-05;14;3215
17;2025-11-05;15;3341
17;2025-11-05;16;3768
17;2025-11-05;17;4496
17;2025-11-05;18;4840
17;2025-11-05;19;3342
17;2025-11-05;20;2453
17;2025-11-05;21;1512
17;2025-11-05;22;776
17;2025-11-05;23;375
17;2025-11-06;0;118
17;2025-11-06;1;12
17;2025-11-06;2;0
17;2025-11-06;3;0
17;2025-11-06;4;27
17;2025-11-06;5;325
17;2025-11-06;6;1583
17;2025-11-06;7;4138
17;2025-11-06;8;5439
17;2025-11-06;9;3849
17;2025-11-06;10;3050
17;2025-11-06;11;3022
17;2025-11-06;12;3064
17;2025-11-06;13;3125
17;2025-11-06;14;3215
17;2025-11-06;15;3341
17;2025-11-06;16;3768
17;2025-11-06;17;4496
17;2025-11-06;18;4840
17;2025-11-06;19;3342
17;2025-11-06;20;2453
17;2025-11-06;21;1512
17;2025-11-06;22;776
17;2025-11-06;23;375
17;2025-11-07;0;139
17;2025-11-07;1;16
17;2025-11-07;2;0
17;2025-11-07;3;0
17;2025-11-07;4;25
17;2025-11-07;5;305
17;2025-11-07;6;1490
17;2025-11-07;7;3868
17;2025-11-07;8;5049
17;2025-11-07;9;3612
17;2025-11-07;10;2910
17;2025-11-07;11;2925
17;2025-11-07;12;2971
17;2025-11-07;13;3037
17;2025-11-07;14;3123
17;2025-11-07;15;3457
17;2025-11-07;16;4148
17;2025-11-07;17;4473
17;2025-11-07;18;4171
17;2025-11-07;19;3045
17;2025-11-07;20;2351
17;2025-11-07;21;1585
17;2025-11-07;22;843
17;2025-11-07;23;464
17;2025-11-08;0;192
17;2025-11-08;1;26
17;2025-11-08;2;0
17;2025-11-08;3;0
17;2025-11-08;4;5
17;2025-11-08;5;130
17;2025-11-08;6;549
17;2025-11-08;7;1156
17;2025-11-08;8;1673
17;2025-11-08;9;2148
17;2025-11-08;10;2423
17;2025-11-08;11;2935
17;2025-11-08;12;3295
17;2025-11-08;13;3502
17;2025-11-08;14;3557
17;2025-11-08;15;3543
17;2025-11-08;16;3566
17;2025-11-08;17;3242
17;2025-11-08;18;2885
17;2025-11-08;19;2324
17;2025-11-08;20;1894
17;2025-11-08;21;1379
17;2025-11-08;22;871
17;2025-11-08;23;452
17;2025-11-09;0;181
17;2025-11-09;1;25
17;2025-11-09;2;0
17;2025-11-09;3;0
17;2025-11-09;4;4
17;2025-11-09;5;106
17;2025-11-09;6;438
17;2025-11-09;7;791
17;2025-11-09;8;1225
17;2025-11-09;9;1674
17;2025-11-09;10;2001
17;2025-11-09;11;2548
17;2025-11-09;12;2948
17;2025-11-09;13;3224
17;2025-11-09;14;3300
17;2025-11-09;15;3275
17;2025-11-09;16;3182
17;2025-11-09;17;2950
17;2025-11-09;18;2561
17;2025-11-09;19;2062
17;2025-11-09;20;1640
17;2025-11-09;21;1176
17;2025-11-09;22;739
17;2025-11-09;23;328
17;2025-11-10;0;115
17;2025-11-10;1;11
17;2025-11-10;2;0
17;2025-11-10;3;0
17;2025-11-10;4;27
17;2025-11-10;5;316
17;2025-11-10;6;1541
17;2025-11-10;7;4027
17;2025-11-10;8;5293
17;2025-11-10;9;3745
17;2025-11-10;10;2968
17;2025-11-10;11;2940
17;2025-11-10;12;2981
17;2025-11-10;13;3041
17;2025-11-10;14;3129
17;2025-11-10;15;3251
17;2025-11-10;16;3667
17;2025-11-10;17;4375
17;2025-11-10;18;4710
17;2025-11-10;19;3252
17;2025-11-10;20;2388
17;2025-11-10;21;1471
17;2025-11-10;22;755
17;2025-11-10;23;365
17;2025-11-11;0;118
17;2025-11-11;1;12
17;2025-11-11;2;0
17;2025-11-11;3;0
17;2025-11-11;4;27
17;2025-11-11;5;325
17;2025-11-11;6;1583
17;2025-11-11;7;4138
17;2025-11-11;8;5439
17;2025-11-11;9;3849
17;2025-11-11;10;3050
17;2025-11-11;11;3022
17;2025-11-11;12;3064
17;2025-11-11;13;3125
17;2025-11-11;14;3215
17;2025-11-11;15;3341
17;2025-11-11;16;3768
17;2025-11-11;17;4496
17;2025-11-11;18;4840
17;2025-11-11;19;3342
17;2025-11-11;20;2453
17;2025-11-11;21;1512
17;2025-11-11;22;776
17;2025-11-11;23;375
17;2025-11-12;0;118
17;2025-11-12;1;12
17;2025-11-12;2;0
17;2025-11-12;3;0
17;2025-11-12;4;27
17;2025-11-12;5;325
17;2025-11-12;6;1583
17;2025-11-12;7;4138
17;2025-11-12;8;5439
17;2025-11-12;9;3849
17;2025-11-12;10;3050
17;2025-11-12;11;3022
17;2025-11-12;12;3064
17;2025-11-12;13;3125
17;2025-11-12;14;3215
17;2025-11-12;15;3341
17;2025-11-12;16;3768
17;2025-11-12;17;4496
17;2025-11-12;18;4840
17;2025-11-12;19;3342
17;2025-11-12;20;2453
17;2025-11-12;21;1512
17;2025-11-12;22;776
17;2025-11-12;23;375
17;2025-11-13;0;118
17;2025-11-13;1;12
17;2025-11-13;2;0
17;2025-11-13;3;0
17;2025-11-13;4;27
17;2025-11-13;5;325
17;2025-11-13;6;1583
17;2025-11-13;7;4138
17;2025-11-13;8;5439
17;2025-11-13;9;3849
17;2025-11-13;10;3050
17;2025-11-13;11;3022
17;2025-11-13;12;3064
17;2025-11-13;13;3125
17;2025-11-13;14;3215
17;2025-11-13;15;3341
17;2025-11-13;16;3768
17;2025-11-13;17;4496
17;2025-11-13;18;4840
17;2025-11-13;19;3342
17;2025-11-13;20;2453
17;2025-11-13;21;1512
17;2025-11-13;22;776
17;2025-11-13;23;375
17;2025-11-14;0;139
17;2025-11-14;1;16
17;2025-11-14;2;0
17;2025-11-14;3;0
17;2025-11-14;4;25
17;2025-11-14;5;305
17;2025-11-14;6;1490
17;2025-11-14;7;3868
17;2025-11-14;8;5049
17;2025-11-14;9;3612
17;2025-11-14;10;2910
17;2025-11-14;11;2925
17;2025-11-14;12;2971
17;2025-11-14;13;3037
17;2025-11-14;14;3123
17;2025-11-14;15;3457
17;2025-11-14;16;4148
17;2025-11-14;17;4473
17;2025-11-14;18;4171
17;2025-11-14;19;3045
17;2025-11-14;20;2351
17;2025-11-14;21;1585
17;2025-11-14;22;843
17;2025-11-14;23;464
17;2025-11-15;0;192
17;2025-11-15;1;26
17;2025-11-15;2;0
17;2025-11-15;3;0
17;2025-11-15;4;5
17;2025-11-15;5;130
17;2025-11-15;6;549
17;2025-11-15;7;1156
17;2025-11-15;8;1673
17;2025-11-15;9;2148
17;2025-11-15;10;2423
17;2025-11-15;11;2935
17;2025-11-15;12;3295
17;2025-11-15;13;3502
17;2025-11-15;14;3557
17;2025-11-15;15;3543
17;2025-11-15;16;3566
17;2025-11-15;17;3242
17;2025-11-15;18;2885
17;2025-11-15;19;2324
17;2025-11-15;20;1894
17;2025-11-15;21;1379
17;2025-11-15;22;871
17;2025-11-15;23;452
17;2025-11-16;0;181
17;2025-11-16;1;25
17;2025-11-16;2;0
17;2025-11-16;3;0
17;2025-11-16;4;4
17;2025-11-16;5;106
17;2025-11-16;6;438
17;2025-11-16;7;791
17;2025-11-16;8;1225
17;2025-11-16;9;1674
17;2025-11-16;10;2001
17;2025-11-16;11;2548
17;2025-11-16;12;2948
17;2025-11-16;13;3224
17;2025-11-16;14;3300
17;2025-11-16;15;3275
17;2025-11-16;16;3182
17;2025-11-16;17;2950
17;2025-11-16;18;2561
17;2025-11-16;19;2062
17;2025-11-16;20;1640
17;2025-11-16;21;1176
17;2025-11-16;22;739
17;2025-11-16;23;328
17;2025-11-17;0;115
17;2025-11-17;1;11
17;2025-11-17;2;0
17;2025-11-17;3;0
17;2025-11-17;4;27
17;2025-11-17;5;316
17;2025-11-17;6;1541
17;2025-11-17;7;4027
17;2025-11-17;8;5293
17;2025-11-17;9;3745
17;2025-11-17;10;2968
17;2025-11-17;11;2940
17;2025-11-17;12;2981
17;2025-11-17;13;3041
17;2025-11-17;14;3129
17;2025-11-17;15;3251
17;2025-11-17;16;3667
17;2025-11-17;17;4375
17;2025-11-17;18;4710
17;2025-11-17;19;3252
17;2025-11-17;20;2388
17;2025-11-17;21;1471
17;2025-11-17;22;755
17;2025-11-17;23;365
17;2025-11-18;0;118
17;2025-11-18;1;12
17;2025-11-18;2;0
17;2025-11-18;3;0
17;2025-11-18;4;27
17;2025-11-18;5;325
17;2025-11-18;6;1583
17;2025-11-18;7;4138
17;2025-11-18;8;5439
17;2025-11-18;9;3849
17;2025-11-18;10;3050
17;2025-11-18;11;3022
17;2025-11-18;12;3064
17;2025-11-18;13;3125
17;2025-11-18;14;3215
17;2025-11-18;15;3341
17;2025-11-18;16;3768
17;2025-11-18;17;4496
17;2025-11-18;18;4840
17;2025-11-18;19;3342
17;2025-11-18;20;2453
17;2025-11-18;21;1512
17;2025-11-18;22;776
17;2025-11-18;23;375
17;2025-11-19;0;118
17;2025-11-19;1;12
17;2025-11-19;2;0
17;2025-11-19;3;0
17;2025-11-19;4;27
17;2025-11-19;5;325
17;2025-11-19;6;1583
17;2025-11-19;7;4138
17;2025-11-19;8;5439
17;2025-11-19;9;3849
17;2025-11-19;10;3050
17;2025-11-19;11;3022
17;2025-11-19;12;3064
17;2025-11-19;13;3125
17;2025-11-19;14;3215
17;2025-11-19;15;3341
17;2025-11-19;16;3768
17;2025-11-19;17;4496
17;2025-11-19;18;4840
17;2025-11-19;19;3342
17;2025-11-19;20;2453
17;2025-11-19;21;1512
17;2025-11-19;22;776
17;2025-11-19;23;375
17;2025-11-20;0;118
17;2025-11-20;1;12
17;2025-11-20;2;0
17;2025-11-20;3;0
17;2025-11-20;4;27
17;2025-11-20;5;325
17;2025-11-20;6;1583
17;2025-11-20;7;4138
17;2025-11-20;8;5439
17;2025-11-20;9;3849
17;2025-11-20;10;3050
17;2025-11-20;11;3022
17;2025-11-20;12;3064
17;2025-11-20;13;3125
17;2025-11-20;14;3215
17;2025-11-20;15;3341
17;2025-11-20;16;3768
17;2025-11-20;17;4496
17;2025-11-20;18;4840
17;2025-11-20;19;3342
17;2025-11-20;20;2453
17;2025-11-20;21;1512
17;2025-11-20;22;776
17;2025-11-20;23;375
17;2025-11-21;0;139
17;2025-11-21;1;16
17;2025-11-21;2;0
17;2025-11-21;3;0
17;2025-11-21;4;25
17;2025-11-21;5;305
17;2025-11-21;6;1490
17;2025-11-21;7;3868
17;2025-11-21;8;5049
17;2025-11-21;9;3612
17;2025-11-21;10;2910
17;2025-11-21;11;2925
17;2025-11-21;12;2971
17;2025-11-21;13;3037
17;2025-11-21;14;3123
17;2025-11-21;15;3457
17;2025-11-21;16;4148
17;2025-11-21;17;4473
17;2025-11-21;18;4171
17;2025-11-21;19;3045
17;2025-11-21;20;2351
17;2025-11-21;21;1585
17;2025-11-21;22;843
17;2025-11-21;23;464
17;2025-11-22;0;192
17;2025-11-22;1;26
17;2025-11-22;2;0
17;2025-11-22;3;0
17;2025-11-22;4;5
17;2025-11-22;5;130
17;2025-11-22;6;549
17;2025-11-22;7;1156
17;2025-11-22;8;1673
17;2025-11-22;9;2148
17;2025-11-22;10;2423
17;2025-11-22;11;2935
17;2025-11-22;12;3295
17;2025-11-22;13;3502
17;2025-11-22;14;3557
17;2025-11-22;15;3543
17;2025-11-22;16;3566
17;2025-11-22;17;3242
17;2025-11-22;18;2885
17;2025-11-22;19;2324
17;2025-11-22;20;1894
17;2025-11-22;21;1379
17;2025-11-22;22;871
17;2025-11-22;23;452
17;2025-11-23;0;181
17;2025-11-23;1;25
17;2025-11-23;2;0
17;2025-11-23;3;0
17;2025-11-23;4;4
17;2025-11-23;5;106
17;2025-11-23;6;438
17;2025-11-23;7;791
17;2025-11-23;8;1225
17;2025-11-23;9;1674
17;2025-11-23;10;2001
17;2025-11-23;11;2548
17;2025-11-23;12;2948
17;2025-11-23;13;3224
17;2025-11-23;14;3300
17;2025-11-23;15;3275
17;2025-11-23;16;3182
17;2025-11-23;17;2950
17;2025-11-23;18;2561
17;2025-11-23;19;2062
17;2025-11-23;20;1640
17;2025-11-23;21;1176
17;2025-11-23;22;739
17;2025-11-23;23;328
17;2025-11-24;0;115
17;2025-11-24;1;11
17;2025-11-24;2;0
17;2025-11-24;3;0
17;2025-11-24;4;27
17;2025-11-24;5;316
17;2025-11-24;6;1541
17;2025-11-24;7;4027
17;2025-11-24;8;5293
17;2025-11-24;9;3745
17;2025-11-24;10;2968
17;2025-11-24;11;2940
17;2025-11-24;12;2981
17;2025-11-24;13;3041
17;2025-11-24;14;3129
17;2025-11-24;15;3251
17;2025-11-24;16;3667
17;2025-11-24;17;4375
17;2025-11-24;18;4710
17;2025-11-24;19;3252
17;2025-11-24;20;2388
17;2025-11-24;21;1471
17;2025-11-24;22;755
17;2025-11-24;23;365
17;2025-11-25;0;118
17;2025-11-25;1;12
17;2025-11-25;2;0
17;2025-11-25;3;0
17;2025-11-25;4;27
17;2025-11-25;5;325
17;2025-11-25;6;1583
17;2025-11-25;7;4138
17;2025-11-25;8;5439
17;2025-11-25;9;3849
17;2025-11-25;10;3050
17;2025-11-25;11;3022
17;2025-11-25;12;3064
17;2025-11-25;13;3125
17;2025-11-25;14;3215
17;2025-11-25;15;3341
17;2025-11-25;16;3768
17;2025-11-25;17;4496
17;2025-11-25;18;4840
17;2025-11-25;19;3342
17;2025-11-25;20;2453
17;2025-11-25;21;1512
17;2025-11-25;22;776
17;2025-11-25;23;375
17;2025-11-26;0;118
17;2025-11-26;1;12
17;2025-11-26;2;0
17;2025-11-26;3;0
17;2025-11-26;4;27
17;2025-11-26;5;325
17;2025-11-26;6;1583
17;2025-11-26;7;4138
17;2025-11-26;8;5439
17;2025-11-26;9;3849
17;2025-11-26;10;3050
17;2025-11-26;11;3022
17;2025-11-26;12;3064
17;2025-11-26;13;3125
17;2025-11-26;14;3215
17;2025-11-26;15;3341
17;2025-11-26;16;3768
17;2025-11-26;17;4496
17;2025-11-26;18;4840
17;2025-11-26;19;3342
17;2025-11-26;20;2453
17;2025-11-26;21;1512
17;2025-11-26;22;776
17;2025-11-26;23;375
17;2025-11-27;0;118
17;2025-11-27;1;12
17;2025-11-27;2;0
17;2025-11-27;3;0
17;2025-11-27;4;27
17;2025-11-27;5;325
17;2025-11-27;6;1583
17;2025-11-27;7;4138
17;2025-11-27;8;5439
17;2025-11-27;9;3849
17;2025-11-27;10;3050
17;2025-11-27;11;3022
17;2025-11-27;12;3064
17;2025-11-27;13;3125
17;2025-11-27;14;3215
17;2025-11-27;15;3341
17;2025-11-27;16;3768
17;2025-11-27;17;4496
17;2025-11-27;18;4840
17;2025-11-27;19;3342
17;2025-11-27;20;2453
17;2025-11-27;21;1512
17;2025-11-27;22;776
17;2025-11-27;23;375
17;2025-11-28;0;139
17;2025-11-28;1;16
17;2025-11-28;2;0
17;2025-11-28;3;0
17;2025-11-28;4;25
17;2025-11-28;5;305
17;2025-11-28;6;1490
17;2025-11-28;7;3868
17;2025-11-28;8;5049
17;2025-11-28;9;3612
17;2025-11-28;10;2910
17;2025-11-28;11;2925
17;2025-11-28;12;2971
17;2025-11-28;13;3037
17;2025-11-28;14;3123
17;2025-11-28;15;3457
17;2025-11-28;16;4148
17;2025-11-28;17;4473
17;2025-11-28;18;4171
17;2025-11-28;19;3045
17;2025-11-28;20;2351
17;2025-11-28;21;1585
17;2025-11-28;22;843
17;2025-11-28;23;464
17;2025-11-29;0;192
17;2025-11-29;1;26
17;2025-11-29;2;0
17;2025-11-29;3;0
17;2025-11-29;4;5
17;2025-11-29;5;130
17;2025-11-29;6;549
17;2025-11-29;7;1156
17;2025-11-29;8;1673
17;2025-11-29;9;2148
17;2025-11-29;10;2423
17;2025-11-29;11;2935
17;2025-11-29;12;3295
17;2025-11-29;13;3502
17;2025-11-29;14;3557
17;2025-11-29;15;3543
17;2025-11-29;16;3566
17;2025-11-29;17;3242
17;2025-11-29;18;2885
17;2025-11-29;19;2324
17;2025-11-29;20;1894
17;2025-11-29;21;1379
17;2025-11-29;22;871
17;2025-11-29;23;452
17;2025-11-30;0;181
17;2025-11-30;1;25
17;2025-11-30;2;0
17;2025-11-30;3;0
17;2025-11-30;4;4
17;2025-11-30;5;106
17;2025-11-30;6;438
17;2025-11-30;7;791
17;2025-11-30;8;1225
17;2025-11-30;9;1674
17;2025-11-30;10;2001
17;2025-11-30;11;2548
17;2025-11-30;12;2948
17;2025-11-30;13;3224
17;2025-11-30;14;3300
17;2025-11-30;15;3275
17;2025-11-30;16;3182
17;2025-11-30;17;2950
17;2025-11-30;18;2561
17;2025-11-30;19;2062
17;2025-11-30;20;1640
17;2025-11-30;21;1176
17;2025-11-30;22;739
17;2025-11-30;23;328
17;2025-12-01;0;114
17;2025-12-01;1;11
17;2025-12-01;2;0
17;2025-12-01;3;0
17;2025-12-01;4;27
17;2025-12-01;5;318
17;2025-12-01;6;1542
17;2025-12-01;7;4008
17;2025-12-01;8;5291
17;2025-12-01;9;3735
17;2025-12-01;10;2957
17;2025-12-01;11;2930
17;2025-12-01;12;2974
17;2025-12-01;13;3034
17;2025-12-01;14;3118
17;2025-12-01;15;3253
17;2025-12-01;16;3665
17;2025-12-01;17;4377
17;2025-12-01;18;4733
17;2025-12-01;19;3282
17;2025-12-01;20;2398
17;2025-12-01;21;1473
17;2025-12-01;22;765
17;2025-12-01;23;364
17;2025-12-02;0;117
17;2025-12-02;1;11
17;2025-12-02;2;0
17;2025-12-02;3;0
17;2025-12-02;4;28
17;2025-12-02;5;326
17;2025-12-02;6;1585
17;2025-12-02;7;4119
17;2025-12-02;8;5437
17;2025-12-02;9;3838
17;2025-12-02;10;3039
17;2025-12-02;11;3011
17;2025-12-02;12;3056
17;2025-12-02;13;3118
17;2025-12-02;14;3204
17;2025-12-02;15;3342
17;2025-12-02;16;3766
17;2025-12-02;17;4498
17;2025-12-02;18;4864
17;2025-12-02;19;3373
17;2025-12-02;20;2464
17;2025-12-02;21;1513
17;2025-12-02;22;787
17;2025-12-02;23;374
17;2025-12-03;0;117
17;2025-12-03;1;11
17;2025-12-03;2;0
17;2025-12-03;3;0
17;2025-12-03;4;28
17;2025-12-03;5;326
17;2025-12-03;6;1585
17;2025-12-03;7;4119
17;2025-12-03;8;5437
17;2025-12-03;9;3838
17;2025-12-03;10;3039
17;2025-12-03;11;3011
17;2025-12-03;12;3056
17;2025-12-03;13;3118
17;2025-12-03;14;3204
17;2025-12-03;15;3342
17;2025-12-03;16;3766
17;2025-12-03;17;4498
17;2025-12-03;18;4864
17;2025-12-03;19;3373
17;2025-12-03;20;2464
17;2025-12-03;21;1513
17;2025-12-03;22;787
17;2025-12-03;23;374
17;2025-12-04;0;117
17;2025-12-04;1;11
17;2025-12-04;2;0
17;2025-12-04;3;0
17;2025-12-04;4;28
17;2025-12-04;5;326
17;2025-12-04;6;1585
17;2025-12-04;7;4119
17;2025-12-04;8;5437
17;2025-12-04;9;3838
17;2025-12-04;10;3039
17;2025-12-04;11;3011
17;2025-12-04;12;3056
17;2025-12-04;13;3118
17;2025-12-04;14;3204
17;2025-12-04;15;3342
17;2025-12-04;16;3766
17;2025-12-04;17;4498
17;2025-12-04;18;4864
17;2025-12-04;19;3373
17;2025-12-04;20;2464
17;2025-12-04;21;1513
17;2025-12-04;22;787
17;2025-12-04;23;374
17;2025-12-05;0;139
17;2025-12-05;1;16
17;2025-12-05;2;0
17;2025-12-05;3;0
17;2025-12-05;4;26
17;2025-12-05;5;305
17;2025-12-05;6;1489
17;2025-12-05;7;3843
17;2025-12-05;8;5048
17;2025-12-05;9;3604
17;2025-12-05;10;2906
17;2025-12-05;11;2913
17;2025-12-05;12;2975
17;2025-12-05;13;3037
17;2025-12-05;14;3127
17;2025-12-05;15;3473
17;2025-12-05;16;4161
17;2025-12-05;17;4463
17;2025-12-05;18;4184
17;2025-12-05;19;3047
17;2025-12-05;20;2349
17;2025-12-05;21;1584
17;2025-12-05;22;857
17;2025-12-05;23;460
17;2025-12-06;0;191
17;2025-12-06;1;25
17;2025-12-06;2;0
17;2025-12-06;3;0
17;2025-12-06;4;5
17;2025-12-06;5;130
17;2025-12-06;6;544
17;2025-12-06;7;1142
17;2025-12-06;8;1659
17;2025-12-06;9;2134
17;2025-12-06;10;2405
17;2025-12-06;11;2923
17;2025-12-06;12;3289
17;2025-12-06;13;3486
17;2025-12-06;14;3549
17;2025-12-06;15;3533
17;2025-12-06;16;3558
17;2025-12-06;17;3243
17;2025-12-06;18;2889
17;2025-12-06;19;2336
17;2025-12-06;20;1896
17;2025-12-06;21;1384
17;2025-12-06;22;883
17;2025-12-06;23;452
17;2025-12-07;0;179
17;2025-12-07;1;25
17;2025-12-07;2;0
17;2025-12-07;3;0
17;2025-12-07;4;4
17;2025-12-07;5;106
17;2025-12-07;6;436
17;2025-12-07;7;777
17;2025-12-07;8;1218
17;2025-12-07;9;1665
17;2025-12-07;10;1988
17;2025-12-07;11;2527
17;2025-12-07;12;2935
17;2025-12-07;13;3215
17;2025-12-07;14;3278
17;2025-12-07;15;3262
17;2025-12-07;16;3169
17;2025-12-07;17;2939
17;2025-12-07;18;2555
17;2025-12-07;19;2060
17;2025-12-07;20;1644
17;2025-12-07;21;1172
17;2025-12-07;22;740
17;2025-12-07;23;325
17;2025-12-08;0;114
17;2025-12-08;1;11
17;2025-12-08;2;0
17;2025-12-08;3;0
17;2025-12-08;4;27
17;2025-12-08;5;318
17;2025-12-08;6;1542
17;2025-12-08;7;4008
17;2025-12-08;8;5291
17;2025-12-08;9;3735
17;2025-12-08;10;2957
17;2025-12-08;11;2930
17;2025-12-08;12;2974
17;2025-12-08;13;3034
17;2025-12-08;14;3118
17;2025-12-08;15;3253
17;2025-12-08;16;3665
17;2025-12-08;17;4377
17;2025-12-08;18;4733
17;2025-12-08;19;3282
17;2025-12-08;20;2398
17;2025-12-08;21;1473
17;2025-12-08;22;765
17;2025-12-08;23;364
17;2025-12-09;0;117
17;2025-12-09;1;11
17;2025-12-09;2;0
17;2025-12-09;3;0
17;2025-12-09;4;28
17;2025-12-09;5;326
17;2025-12-09;6;1585
17;2025-12-09;7;4119
17;2025-12-09;8;5437
17;2025-12-09;9;3838
17;2025-12-09;10;3039
17;2025-12-09;11;3011
17;2025-12-09;12;3056
17;2025-12-09;13;3118
17;2025-12-09;14;3204
17;2025-12-09;15;3342
17;2025-12-09;16;3766
17;2025-12-09;17;4498
17;2025-12-09;18;4864
17;2025-12-09;19;3373
17;2025-12-09;20;2464
17;2025-12-09;21;1513
17;2025-12-09;22;787
17;2025-12-09;23;374
17;2025-12-10;0;117
17;2025-12-10;1;11
17;2025-12-10;2;0
17;2025-12-10;3;0
17;2025-12-10;4;28
17;2025-12-10;5;326
17;2025-12-10;6;1585
17;2025-12-10;7;4119
17;2025-12-10;8;5437
17;2025-12-10;9;3838
17;2025-12-10;10;3039
17;2025-12-10;11;3011
17;2025-12-10;12;3056
17;2025-12-10;13;3118
17;2025-12-10;14;3204
17;2025-12-10;15;3342
17;2025-12-10;16;3766
17;2025-12-10;17;4498
17;2025-12-10;18;4864
17;2025-12-10;19;3373
17;2025-12-10;20;2464
17;2025-12-10;21;1513
17;2025-12-10;22;787
17;2025-12-10;23;374
17;2025-12-11;0;117
17;2025-12-11;1;11
17;2025-12-11;2;0
17;2025-12-11;3;0
17;2025-12-11;4;28
17;2025-12-11;5;326
17;2025-12-11;6;1585
17;2025-12-11;7;4119
17;2025-12-11;8;5437
17;2025-12-11;9;3838
17;2025-12-11;10;3039
17;2025-12-11;11;3011
17;2025-12-11;12;3056
17;2025-12-11;13;3118
17;2025-12-11;14;3204
17;2025-12-11;15;3342
17;2025-12-11;16;3766
17;2025-12-11;17;4498
17;2025-12-11;18;4864
17;2025-12-11;19;3373
17;2025-12-11;20;2464
17;2025-12-11;21;1513
17;2025-12-11;22;787
17;2025-12-11;23;374
17;2025-12-12;0;139
17;2025-12-12;1;16
17;2025-12-12;2;0
17;2025-12-12;3;0
17;2025-12-12;4;26
17;2025-12-12;5;305
17;2025-12-12;6;1489
17;2025-12-12;7;3843
17;2025-12-12;8;5048
17;2025-12-12;9;3604
17;2025-12-12;10;2906
17;2025-12-12;11;2913
17;2025-12-12;12;2975
17;2025-12-12;13;3037
17;2025-12-12;14;3127
17;2025-12-12;15;3473
17;2025-12-12;16;4161
17;2025-12-12;17;4463
17;2025-12-12;18;4184
17;2025-12-12;19;3047
17;2025-12-12;20;2349
17;2025-12-12;21;1584
17;2025-12-12;22;857
17;2025-12-12;23;460
17;2025-12-13;0;191
17;2025-12-13;1;25
17;2025-12-13;2;0
17;2025-12-13;3;0
17;2025-12-13;4;5
17;2025-12-13;5;130
17;2025-12-13;6;544
17;2025-12-13;7;1142
17;2025-12-13;8;1659
17;2025-12-13;9;2134
17;2025-12-13;10;2405
17;2025-12-13;11;2923
17;2025-12-13;12;3289
17;2025-12-13;13;3486
17;2025-12-13;14;3549
17;2025-12-13;15;3533
17;2025-12-13;16;3558
17;2025-12-13;17;3243
17;2025-12-13;18;2889
17;2025-12-13;19;2336
17;2025-12-13;20;1896
17;2025-12-13;21;1384
17;2025-12-13;22;883
17;2025-12-13;23;452
17;2025-12-14;0;179
17;2025-12-14;1;25
17;2025-12-14;2;0
17;2025-12-14;3;0
17;2025-12-14;4;4
17;2025-12-14;5;106
17;2025-12-14;6;436
17;2025-12-14;7;777
17;2025-12-14;8;1218
17;2025-12-14;9;1665
17;2025-12-14;10;1988
17;2025-12-14;11;2527
17;2025-12-14;12;2935
17;2025-12-14;13;3215
17;2025-12-14;14;3278
17;2025-12-14;15;3262
17;2025-12-14;16;3169
17;2025-12-14;17;2939
17;2025-12-14;18;2555
17;2025-12-14;19;2060
17;2025-12-14;20;1644
17;2025-12-14;21;1172
17;2025-12-14;22;740
17;2025-12-14;23;325
17;2025-12-15;0;114
17;2025-12-15;1;11
17;2025-12-15;2;0
17;2025-12-15;3;0
17;2025-12-15;4;27
17;2025-12-15;5;318
17;2025-12-15;6;1542
17;2025-12-15;7;4008
17;2025-12-15;8;5291
17;2025-12-15;9;3735
17;2025-12-15;10;2957
17;2025-12-15;11;2930
17;2025-12-15;12;2974
17;2025-12-15;13;3034
17;2025-12-15;14;3118
17;2025-12-15;15;3253
17;2025-12-15;16;3665
17;2025-12-15;17;4377
17;2025-12-15;18;4733
17;2025-12-15;19;3282
17;2025-12-15;20;2398
17;2025-12-15;21;1473
17;2025-12-15;22;765
17;2025-12-15;23;364
17;2025-12-16;0;117
17;2025-12-16;1;11
17;2025-12-16;2;0
17;2025-12-16;3;0
17;2025-12-16;4;28
17;2025-12-16;5;326
17;2025-12-16;6;1585
17;2025-12-16;7;4119
17;2025-12-16;8;5437
17;2025-12-16;9;3838
17;2025-12-16;10;3039
17;2025-12-16;11;3011
17;2025-12-16;12;3056
17;2025-12-16;13;3118
17;2025-12-16;14;3204
17;2025-12-16;15;3342
17;2025-12-16;16;3766
17;2025-12-16;17;4498
17;2025-12-16;18;4864
17;2025-12-16;19;3373
17;2025-12-16;20;2464
17;2025-12-16;21;1513
17;2025-12-16;22;787
17;2025-12-16;23;374
17;2025-12-17;0;117
17;2025-12-17;1;11
17;2025-12-17;2;0
17;2025-12-17;3;0
17;2025-12-17;4;28
17;2025-12-17;5;326
17;2025-12-17;6;1585
17;2025-12-17;7;4119
17;2025-12-17;8;5437
17;2025-12-17;9;3838
17;2025-12-17;10;3039
17;2025-12-17;11;3011
17;2025-12-17;12;3056
17;2025-12-17;13;3118
17;2025-12-17;14;3204
17;2025-12-17;15;3342
17;2025-12-17;16;3766
17;2025-12-17;17;4498
17;2025-12-17;18;4864
17;2025-12-17;19;3373
17;2025-12-17;20;2464
17;2025-12-17;21;1513
17;2025-12-17;22;787
17;2025-12-17;23;374
17;2025-12-18;0;117
17;2025-12-18;1;11
17;2025-12-18;2;0
17;2025-12-18;3;0
17;2025-12-18;4;28
17;2025-12-18;5;326
17;2025-12-18;6;1585
17;2025-12-18;7;4119
17;2025-12-18;8;5437
17;2025-12-18;9;3838
17;2025-12-18;10;3039
17;2025-12-18;11;3011
17;2025-12-18;12;3056
17;2025-12-18;13;3118
17;2025-12-18;14;3204
17;2025-12-18;15;3342
17;2025-12-18;16;3766
17;2025-12-18;17;4498
17;2025-12-18;18;4864
17;2025-12-18;19;3373
17;2025-12-18;20;2464
17;2025-12-18;21;1513
17;2025-12-18;22;787
17;2025-12-18;23;374
17;2025-12-19;0;139
17;2025-12-19;1;16
17;2025-12-19;2;0
17;2025-12-19;3;0
17;2025-12-19;4;26
17;2025-12-19;5;305
17;2025-12-19;6;1489
17;2025-12-19;7;3843
17;2025-12-19;8;5048
17;2025-12-19;9;3604
17;2025-12-19;10;2906
17;2025-12-19;11;2913
17;2025-12-19;12;2975
17;2025-12-19;13;3037
17;2025-12-19;14;3127
17;2025-12-19;15;3473
17;2025-12-19;16;4161
17;2025-12-19;17;4463
17;2025-12-19;18;4184
17;2025-12-19;19;3047
17;2025-12-19;20;2349
17;2025-12-19;21;1584
17;2025-12-19;22;857
17;2025-12-19;23;460
17;2025-12-20;0;191
17;2025-12-20;1;25
17;2025-12-20;2;0
17;2025-12-20;3;0
17;2025-12-20;4;5
17;2025-12-20;5;130
17;2025-12-20;6;544
17;2025-12-20;7;1142
17;2025-12-20;8;1659
17;2025-12-20;9;2134
17;2025-12-20;10;2405
17;2025-12-20;11;2923
17;2025-12-20;12;3289
17;2025-12-20;13;3486
17;2025-12-20;14;3549
17;2025-12-20;15;3533
17;2025-12-20;16;3558
17;2025-12-20;17;3243
17;2025-12-20;18;2889
17;2025-12-20;19;2336
17;2025-12-20;20;1896
17;2025-12-20;21;1384
17;2025-12-20;22;883
17;2025-12-20;23;452
17;2025-12-21;0;179
17;2025-12-21;1;25
17;2025-12-21;2;0
17;2025-12-21;3;0
17;2025-12-21;4;4
17;2025-12-21;5;106
17;2025-12-21;6;436
17;2025-12-21;7;777
17;2025-12-21;8;1218
17;2025-12-21;9;1665
17;2025-12-21;10;1988
17;2025-12-21;11;2527
17;2025-12-21;12;2935
17;2025-12-21;13;3215
17;2025-12-21;14;3278
17;2025-12-21;15;3262
17;2025-12-21;16;3169
17;2025-12-21;17;2939
17;2025-12-21;18;2555
17;2025-12-21;19;2060
17;2025-12-21;20;1644
17;2025-12-21;21;1172
17;2025-12-21;22;740
17;2025-12-21;23;325
17;2025-12-22;0;114
17;2025-12-22;1;11
17;2025-12-22;2;0
17;2025-12-22;3;0
17;2025-12-22;4;27
17;2025-12-22;5;318
17;2025-12-22;6;1542
17;2025-12-22;7;4008
17;2025-12-22;8;5291
17;2025-12-22;9;3735
17;2025-12-22;10;2957
17;2025-12-22;11;2930
17;2025-12-22;12;2974
17;2025-12-22;13;3034
17;2025-12-22;14;3118
17;2025-12-22;15;3253
17;2025-12-22;16;3665
17;2025-12-22;17;4377
17;2025-12-22;18;4733
17;2025-12-22;19;3282
17;2025-12-22;20;2398
17;2025-12-22;21;1473
17;2025-12-22;22;765
17;2025-12-22;23;364
17;2025-12-23;0;117
17;2025-12-23;1;11
17;2025-12-23;2;0
17;2025-12-23;3;0
17;2025-12-23;4;28
17;2025-12-23;5;326
17;2025-12-23;6;1585
17;2025-12-23;7;4119
17;2025-12-23;8;5437
17;2025-12-23;9;3838
17;2025-12-23;10;3039
17;2025-12-23;11;3011
17;2025-12-23;12;3056
17;2025-12-23;13;3118
17;2025-12-23;14;3204
17;2025-12-23;15;3342
17;2025-12-23;16;3766
17;2025-12-23;17;4498
17;2025-12-23;18;4864
17;2025-12-23;19;3373
17;2025-12-23;20;2464
17;2025-12-23;21;1513
17;2025-12-23;22;787
17;2025-12-23;23;374
17;2025-12-24;0;117
17;2025-12-24;1;11
17;2025-12-24;2;0
17;2025-12-24;3;0
17;2025-12-24;4;28
17;2025-12-24;5;326
17;2025-12-24;6;1585
17;2025-12-24;7;4119
17;2025-12-24;8;5437
17;2025-12-24;9;3838
17;2025-12-24;10;3039
17;2025-12-24;11;3011
17;2025-12-24;12;3056
17;2025-12-24;13;3118
17;2025-12-24;14;3204
17;2025-12-24;15;3342
17;2025-12-24;16;3766
17;2025-12-24;17;4498
17;2025-12-24;18;4864
17;2025-12-24;19;3373
17;2025-12-24;20;2464
17;2025-12-24;21;1513
17;2025-12-24;22;787
17;2025-12-24;23;374
17;2025-12-25;0;117
17;2025-12-25;1;11
17;2025-12-25;2;0
17;2025-12-25;3;0
17;2025-12-25;4;28
17;2025-12-25;5;326
17;2025-12-25;6;1585
17;2025-12-25;7;4119
17;2025-12-25;8;5437
17;2025-12-25;9;3838
17;2025-12-25;10;3039
17;2025-12-25;11;3011
17;2025-12-25;12;3056
17;2025-12-25;13;3118
17;2025-12-25;14;3204
17;2025-12-25;15;3342
17;2025-12-25;16;3766
17;2025-12-25;17;4498
17;2025-12-25;18;4864
17;2025-12-25;19;3373
17;2025-12-25;20;2464
17;2025-12-25;21;1513
17;2025-12-25;22;787
17;2025-12-25;23;374
17;2025-12-26;0;139
17;2025-12-26;1;16
17;2025-12-26;2;0
17;2025-12-26;3;0
17;2025-12-26;4;26
17;2025-12-26;5;305
17;2025-12-26;6;1489
17;2025-12-26;7;3843
17;2025-12-26;8;5048
17;2025-12-26;9;3604
17;2025-12-26;10;2906
17;2025-12-26;11;2913
17;2025-12-26;12;2975
17;2025-12-26;13;3037
17;2025-12-26;14;3127
17;2025-12-26;15;3473
17;2025-12-26;16;4161
17;2025-12-26;17;4463
17;2025-12-26;18;4184
17;2025-12-26;19;3047
17;2025-12-26;20;2349
17;2025-12-26;21;1584
17;2025-12-26;22;857
17;2025-12-26;23;460
17;2025-12-27;0;191
17;2025-12-27;1;25
17;2025-12-27;2;0
17;2025-12-27;3;0
17;2025-12-27;4;5
17;2025-12-27;5;130
17;2025-12-27;6;544
17;2025-12-27;7;1142
17;2025-12-27;8;1659
17;2025-12-27;9;2134
17;2025-12-27;10;2405
17;2025-12-27;11;2923
17;2025-12-27;12;3289
17;2025-12-27;13;3486
17;2025-12-27;14;3549
17;2025-12-27;15;3533
17;2025-12-27;16;3558
17;2025-12-27;17;3243
17;2025-12-27;18;2889
17;2025-12-27;19;2336
17;2025-12-27;20;1896
17;2025-12-27;21;1384
17;2025-12-27;22;883
17;2025-12-27;23;452
17;2025-12-28;0;179
17;2025-12-28;1;25
17;2025-12-28;2;0
17;2025-12-28;3;0
17;2025-12-28;4;4
17;2025-12-28;5;106
17;2025-12-28;6;436
17;2025-12-28;7;777
17;2025-12-28;8;1218
17;2025-12-28;9;1665
17;2025-12-28;10;1988
17;2025-12-28;11;2527
17;2025-12-28;12;2935
17;2025-12-28;13;3215
17;2025-12-28;14;3278
17;2025-12-28;15;3262
17;2025-12-28;16;3169
17;2025-12-28;17;2939
17;2025-12-28;18;2555
17;2025-12-28;19;2060
17;2025-12-28;20;1644
17;2025-12-28;21;1172
17;2025-12-28;22;740
17;2025-12-28;23;325
17;2025-12-29;0;102
17;2025-12-29;1;10
17;2025-12-29;2;0
17;2025-12-29;3;0
17;2025-12-29;4;24
17;2025-12-29;5;286
17;2025-12-29;6;1388
17;2025-12-29;7;3607
17;2025-12-29;8;4762
17;2025-12-29;9;3361
17;2025-12-29;10;2661
17;2025-12-29;11;2637
17;2025-12-29;12;2677
17;2025-12-29;13;2731
17;2025-12-29;14;2806
17;2025-12-29;15;2928
17;2025-12-29;16;3299
17;2025-12-29;17;3939
17;2025-12-29;18;4260
17;2025-12-29;19;2954
17;2025-12-29;20;2158
17;2025-12-29;21;1326
17;2025-12-29;22;689
17;2025-12-29;23;328
17;2025-12-30;0;99
17;2025-12-30;1;10
17;2025-12-30;2;0
17;2025-12-30;3;0
17;2025-12-30;4;24
17;2025-12-30;5;277
17;2025-12-30;6;1347
17;2025-12-30;7;3501
17;2025-12-30;8;4621
17;2025-12-30;9;3262
17;2025-12-30;10;2583
17;2025-12-30;11;2559
17;2025-12-30;12;2598
17;2025-12-30;13;2650
17;2025-12-30;14;2723
17;2025-12-30;15;2841
17;2025-12-30;16;3201
17;2025-12-30;17;3823
17;2025-12-30;18;4134
17;2025-12-30;19;2867
17;2025-12-30;20;2095
17;2025-12-30;21;1286
17;2025-12-30;22;668
17;2025-12-30;23;317
17;2025-12-31;0;103
17;2025-12-31;1;14
17;2025-12-31;2;0
17;2025-12-31;3;0
17;2025-12-31;4;3
17;2025-12-31;5;70
17;2025-12-31;6;294
17;2025-12-31;7;618
17;2025-12-31;8;897
17;2025-12-31;9;1154
17;2025-12-31;10;1301
17;2025-12-31;11;1581
17;2025-12-31;12;1779
17;2025-12-31;13;1886
17;2025-12-31;14;1919
17;2025-12-31;15;1911
17;2025-12-31;16;1924
17;2025-12-31;17;1754
17;2025-12-31;18;1562
17;2025-12-31;19;1263
17;2025-12-31;20;100
17;2025-12-31;21;73
17;2025-12-31;22;46
17;2025-12-31;23;24
25;2025-11-01;0;0
25;2025-11-01;1;0
25;2025-11-01;2;0
25;2025-11-01;3;0
25;2025-11-01;4;0
25;2025-11-01;5;7
25;2025-11-01;6;185
25;2025-11-01;7;476
25;2025-11-01;8;755
25;2025-11-01;9;377
25;2025-11-01;10;335
25;2025-11-01;11;365
25;2025-11-01;12;366
25;2025-11-01;13;454
25;2025-11-01;14;417
25;2025-11-01;15;533
25;2025-11-01;16;705
25;2025-11-01;17;686
25;2025-11-01;18;580
25;2025-11-01;19;459
25;2025-11-01;20;294
25;2025-11-01;21;193
25;2025-11-01;22;122
25;2025-11-01;23;12
25;2025-11-02;0;17
25;2025-11-02;1;0
25;2025-11-02;2;0
25;2025-11-02;3;0
25;2025-11-02;4;0
25;2025-11-02;5;6
25;2025-11-02;6;80
25;2025-11-02;7;99
25;2025-11-02;8;194
25;2025-11-02;9;219
25;2025-11-02;10;226
25;2025-11-02;11;315
25;2025-11-02;12;370
25;2025-11-02;13;473
25;2025-11-02;14;529
25;2025-11-02;15;606
25;2025-11-02;16;530
25;2025-11-02;17;490
25;2025-11-02;18;406
25;2025-11-02;19;309
25;2025-11-02;20;231
25;2025-11-02;21;183
25;2025-11-02;22;107
25;2025-11-02;23;40
25;2025-11-03;0;10
25;2025-11-03;1;0
25;2025-11-03;2;0
25;2025-11-03;3;0
25;2025-11-03;4;0
25;2025-11-03;5;7
25;2025-11-03;6;75
25;2025-11-03;7;101
25;2025-11-03;8;211
25;2025-11-03;9;211
25;2025-11-03;10;222
25;2025-11-03;11;299
25;2025-11-03;12;340
25;2025-11-03;13;461
25;2025-11-03;14;489
25;2025-11-03;15;566
25;2025-11-03;16;510
25;2025-11-03;17;440
25;2025-11-03;18;377
25;2025-11-03;19;308
25;2025-11-03;20;213
25;2025-11-03;21;171
25;2025-11-03;22;104
25;2025-11-03;23;41
25;2025-11-04;0;10
25;2025-11-04;1;0
25;2025-11-04;2;0
25;2025-11-04;3;0
25;2025-11-04;4;0
25;2025-11-04;5;7
25;2025-11-04;6;75
25;2025-11-04;7;101
25;2025-11-04;8;211
25;2025-11-04;9;211
25;2025-11-04;10;222
25;2025-11-04;11;299
25;2025-11-04;12;340
25;2025-11-04;13;461
25;2025-11-04;14;489
25;2025-11-04;15;566
25;2025-11-04;16;510
25;2025-11-04;17;440
25;2025-11-04;18;377
25;2025-11-04;19;308
25;2025-11-04;20;213
25;2025-11-04;21;171
25;2025-11-04;22;104
25;2025-11-04;23;41
25;2025-11-05;0;4
25;2025-11-05;1;0
25;2025-11-05;2;0
25;2025-11-05;3;0
25;2025-11-05;4;0
25;2025-11-05;5;11
25;2025-11-05;6;224
25;2025-11-05;7;569
25;2025-11-05;8;950
25;2025-11-05;9;492
25;2025-11-05;10;383
25;2025-11-05;11;433
25;2025-11-05;12;425
25;2025-11-05;13;531
25;2025-11-05;14;464
25;2025-11-05;15;550
25;2025-11-05;16;721
25;2025-11-05;17;788
25;2025-11-05;18;822
25;2025-11-05;19;555
25;2025-11-05;20;334
25;2025-11-05;21;221
25;2025-11-05;22;121
25;2025-11-05;23;9
25;2025-11-06;0;4
25;2025-11-06;1;0
25;2025-11-06;2;0
25;2025-11-06;3;0
25;2025-11-06;4;0
25;2025-11-06;5;11
25;2025-11-06;6;224
25;2025-11-06;7;569
25;2025-11-06;8;950
25;2025-11-06;9;492
25;2025-11-06;10;383
25;2025-11-06;11;433
25;2025-11-06;12;425
25;2025-11-06;13;531
25;2025-11-06;14;464
25;2025-11-06;15;550
25;2025-11-06;16;721
25;2025-11-06;17;788
25;2025-11-06;18;822
25;2025-11-06;19;555
25;2025-11-06;20;334
25;2025-11-06;21;221
25;2025-11-06;22;121
25;2025-11-06;23;9
25;2025-11-07;0;1
25;2025-11-07;1;0
25;2025-11-07;2;0
25;2025-11-07;3;0
25;2025-11-07;4;0
25;2025-11-07;5;8
25;2025-11-07;6;210
25;2025-11-07;7;541
25;2025-11-07;8;858
25;2025-11-07;9;429
25;2025-11-07;10;381
25;2025-11-07;11;414
25;2025-11-07;12;416
25;2025-11-07;13;516
25;2025-11-07;14;474
25;2025-11-07;15;606
25;2025-11-07;16;801
25;2025-11-07;17;779
25;2025-11-07;18;660
25;2025-11-07;19;522
25;2025-11-07;20;334
25;2025-11-07;21;219
25;2025-11-07;22;138
25;2025-11-07;23;13
25;2025-11-08;0;4
25;2025-11-08;1;0
25;2025-11-08;2;0
25;2025-11-08;3;0
25;2025-11-08;4;0
25;2025-11-08;5;10
25;2025-11-08;6;89
25;2025-11-08;7;128
25;2025-11-08;8;285
25;2025-11-08;9;256
25;2025-11-08;10;274
25;2025-11-08;11;359
25;2025-11-08;12;394
25;2025-11-08;13;565
25;2025-11-08;14;571
25;2025-11-08;15;668
25;2025-11-08;16;620
25;2025-11-08;17;498
25;2025-11-08;18;442
25;2025-11-08;19;386
25;2025-11-08;20;250
25;2025-11-08;21;203
25;2025-11-08;22;129
25;2025-11-08;23;53
25;2025-11-09;0;17
25;2025-11-09;1;0
25;2025-11-09;2;0
25;2025-11-09;3;0
25;2025-11-09;4;0
25;2025-11-09;5;6
25;2025-11-09;6;80
25;2025-11-09;7;99
25;2025-11-09;8;194
25;2025-11-09;9;219
25;2025-11-09;10;226
25;2025-11-09;11;315
25;2025-11-09;12;370
25;2025-11-09;13;473
25;2025-11-09;14;529
25;2025-11-09;15;606
25;2025-11-09;16;530
25;2025-11-09;17;490
25;2025-11-09;18;406
25;2025-11-09;19;309
25;2025-11-09;20;231
25;2025-11-09;21;183
25;2025-11-09;22;107
25;2025-11-09;23;40
25;2025-11-10;0;3
25;2025-11-10;1;0
25;2025-11-10;2;0
25;2025-11-10;3;0
25;2025-11-10;4;0
25;2025-11-10;5;11
25;2025-11-10;6;218
25;2025-11-10;7;553
25;2025-11-10;8;924
25;2025-11-10;9;479
25;2025-11-10;10;372
25;2025-11-10;11;422
25;2025-11-10;12;414
25;2025-11-10;13;517
25;2025-11-10;14;451
25;2025-11-10;15;536
25;2025-11-10;16;702
25;2025-11-10;17;767
25;2025-11-10;18;800
25;2025-11-10;19;540
25;2025-11-10;20;324
25;2025-11-10;21;215
25;2025-11-10;22;117
25;2025-11-10;23;9
25;2025-11-11;0;4
25;2025-11-11;1;0
25;2025-11-11;2;0
25;2025-11-11;3;0
25;2025-11-11;4;0
25;2025-11-11;5;11
25;2025-11-11;6;224
25;2025-11-11;7;569
25;2025-11-11;8;950
25;2025-11-11;9;492
25;2025-11-11;10;383
25;2025-11-11;11;433
25;2025-11-11;12;425
25;2025-11-11;13;531
25;2025-11-11;14;464
25;2025-11-11;15;550
25;2025-11-11;16;721
25;2025-11-11;17;788
25;2025-11-11;18;822
25;2025-11-11;19;555
25;2025-11-11;20;334
25;2025-11-11;21;221
25;2025-11-11;22;121
25;2025-11-11;23;9
25;2025-11-12;0;4
25;2025-11-12;1;0
25;2025-11-12;2;0
25;2025-11-12;3;0
25;2025-11-12;4;0
25;2025-11-12;5;11
25;2025-11-12;6;224
25;2025-11-12;7;569
25;2025-11-12;8;950
25;2025-11-12;9;492
25;2025-11-12;10;383
25;2025-11-12;11;433
25;2025-11-12;12;425
25;2025-11-12;13;531
25;2025-11-12;14;464
25;2025-11-12;15;550
25;2025-11-12;16;721
25;2025-11-12;17;788
25;2025-11-12;18;822
25;2025-11-12;19;555
25;2025-11-12;20;334
25;2025-11-12;21;221
25;2025-11-12;22;121
25;2025-11-12;23;9
25;2025-11-13;0;4
25;2025-11-13;1;0
25;2025-11-13;2;0
25;2025-11-13;3;0
25;2025-11-13;4;0
25;2025-11-13;5;11
25;2025-11-13;6;224
25;2025-11-13;7;569
25;2025-11-13;8;950
25;2025-11-13;9;492
25;2025-11-13;10;383
25;2025-11-13;11;433
25;2025-11-13;12;425
25;2025-11-13;13;531
25;2025-11-13;14;464
25;2025-11-13;15;550
25;2025-11-13;16;721
25;2025-11-13;17;788
25;2025-11-13;18;822
25;2025-11-13;19;555
25;2025-11-13;20;334
25;2025-11-13;21;221
25;2025-11-13;22;121
25;2025-11-13;23;9
25;2025-11-14;0;1
25;2025-11-14;1;0
25;2025-11-14;2;0
25;2025-11-14;3;0
25;2025-11-14;4;0
25;2025-11-14;5;8
25;2025-11-14;6;210
25;2025-11-14;7;541
25;2025-11-14;8;858
25;2025-11-14;9;429
25;2025-11-14;10;381
25;2025-11-14;11;414
25;2025-11-14;12;416
25;2025-11-14;13;516
25;2025-11-14;14;474
25;2025-11-14;15;606
25;2025-11-14;16;801
25;2025-11-14;17;779
25;2025-11-14;18;660
25;2025-11-14;19;522
25;2025-11-14;20;334
25;2025-11-14;21;219
25;2025-11-14;22;138
25;2025-11-14;23;13
25;2025-11-15;0;4
25;2025-11-15;1;0
25;2025-11-15;2;0
25;2025-11-15;3;0
25;2025-11-15;4;0
25;2025-11-15;5;10
25;2025-11-15;6;89
25;2025-11-15;7;128
25;2025-11-15;8;285
25;2025-11-15;9;256
25;2025-11-15;10;274
25;2025-11-15;11;359
25;2025-11-15;12;394
25;2025-11-15;13;565
25;2025-11-15;14;571
25;2025-11-15;15;668
25;2025-11-15;16;620
25;2025-11-15;17;498
25;2025-11-15;18;442
25;2025-11-15;19;386
25;2025-11-15;20;250
25;2025-11-15;21;203
25;2025-11-15;22;129
25;2025-11-15;23;53
25;2025-11-16;0;17
25;2025-11-16;1;0
25;2025-11-16;2;0
25;2025-11-16;3;0
25;2025-11-16;4;0
25;2025-11-16;5;6
25;2025-11-16;6;80
25;2025-11-16;7;99
25;2025-11-16;8;194
25;2025-11-16;9;219
25;2025-11-16;10;226
25;2025-11-16;11;315
25;2025-11-16;12;370
25;2025-11-16;13;473
25;2025-11-16;14;529
25;2025-11-16;15;606
25;2025-11-16;16;530
25;2025-11-16;17;490
25;2025-11-16;18;406
25;2025-11-16;19;309
25;2025-11-16;20;231
25;2025-11-16;21;183
25;2025-11-16;22;107
25;2025-11-16;23;40
25;2025-11-17;0;3
25;2025-11-17;1;0
25;2025-11-17;2;0
25;2025-11-17;3;0
25;2025-11-17;4;0
25;2025-11-17;5;11
25;2025-11-17;6;218
25;2025-11-17;7;553
25;2025-11-17;8;924
25;2025-11-17;9;479
25;2025-11-17;10;372
25;2025-11-17;11;422
25;2025-11-17;12;414
25;2025-11-17;13;517
25;2025-11-17;14;451
25;2025-11-17;15;536
25;2025-11-17;16;702
25;2025-11-17;17;767
25;2025-11-17;18;800
25;2025-11-17;19;540
25;2025-11-17;20;324
25;2025-11-17;21;215
25;2025-11-17;22;117
25;2025-11-17;23;9
25;2025-11-18;0;4
25;2025-11-18;1;0
25;2025-11-18;2;0
25;2025-11-18;3;0
25;2025-11-18;4;0
25;2025-11-18;5;11
25;2025-11-18;6;224
25;2025-11-18;7;569
25;2025-11-18;8;950
25;2025-11-18;9;492
25;2025-11-18;10;383
25;2025-11-18;11;433
25;2025-11-18;12;425
25;2025-11-18;13;531
25;2025-11-18;14;464
25;2025-11-18;15;550
25;2025-11-18;16;721
25;2025-11-18;17;788
25;2025-11-18;18;822
25;2025-11-18;19;555
25;2025-11-18;20;334
25;2025-11-18;21;221
25;2025-11-18;22;121
25;2025-11-18;23;9
25;2025-11-19;0;4
25;2025-11-19;1;0
25;2025-11-19;2;0
25;2025-11-19;3;0
25;2025-11-19;4;0
25;2025-11-19;5;11
25;2025-11-19;6;224
25;2025-11-19;7;569
25;2025-11-19;8;950
25;2025-11-19;9;492
25;2025-11-19;10;383
25;2025-11-19;11;433
25;2025-11-19;12;425
25;2025-11-19;13;531
25;2025-11-19;14;464
25;2025-11-19;15;550
25;2025-11-19;16;721
25;2025-11-19;17;788
25;2025-11-19;18;822
25;2025-11-19;19;555
25;2025-11-19;20;334
25;2025-11-19;21;221
25;2025-11-19;22;121
25;2025-11-19;23;9
25;2025-11-20;0;4
25;2025-11-20;1;0
25;2025-11-20;2;0
25;2025-11-20;3;0
25;2025-11-20;4;0
25;2025-11-20;5;11
25;2025-11-20;6;224
25;2025-11-20;7;569
25;2025-11-20;8;950
25;2025-11-20;9;492
25;2025-11-20;10;383
25;2025-11-20;11;433
25;2025-11-20;12;425
25;2025-11-20;13;531
25;2025-11-20;14;464
25;2025-11-20;15;550
25;2025-11-20;16;721
25;2025-11-20;17;788
25;2025-11-20;18;822
25;2025-11-20;19;555
25;2025-11-20;20;334
25;2025-11-20;21;221
25;2025-11-20;22;121
25;2025-11-20;23;9
25;2025-11-21;0;1
25;2025-11-21;1;0
25;2025-11-21;2;0
25;2025-11-21;3;0
25;2025-11-21;4;0
25;2025-11-21;5;8
25;2025-11-21;6;210
25;2025-11-21;7;541
25;2025-11-21;8;858
25;2025-11-21;9;429
25;2025-11-21;10;381
25;2025-11-21;11;414
25;2025-11-21;12;416
25;2025-11-21;13;516
25;2025-11-21;14;474
25;2025-11-21;15;606
25;2025-11-21;16;801
25;2025-11-21;17;779
25;2025-11-21;18;660
25;2025-11-21;19;522
25;2025-11-21;20;334
25;2025-11-21;21;219
25;2025-11-21;22;138
25;2025-11-21;23;13
25;2025-11-22;0;4
25;2025-11-22;1;0
25;2025-11-22;2;0
25;2025-11-22;3;0
25;2025-11-22;4;0
25;2025-11-22;5;10
25;2025-11-22;6;89
25;2025-11-22;7;128
25;2025-11-22;8;285
25;2025-11-22;9;256
25;2025-11-22;10;274
25;2025-11-22;11;359
25;2025-11-22;12;394
25;2025-11-22;13;565
25;2025-11-22;14;571
25;2025-11-22;15;668
25;2025-11-22;16;620
25;2025-11-22;17;498
25;2025-11-22;18;442
25;2025-11-22;19;386
25;2025-11-22;20;250
25;2025-11-22;21;203
25;2025-11-22;22;129
25;2025-11-22;23;53
25;2025-11-23;0;17
25;2025-11-23;1;0
25;2025-11-23;2;0
25;2025-11-23;3;0
25;2025-11-23;4;0
25;2025-11-23;5;6
25;2025-11-23;6;80
25;2025-11-23;7;99
25;2025-11-23;8;194
25;2025-11-23;9;219
25;2025-11-23;10;226
25;2025-11-23;11;315
25;2025-11-23;12;370
25;2025-11-23;13;473
25;2025-11-23;14;529
25;2025-11-23;15;606
25;2025-11-23;16;530
25;2025-11-23;17;490
25;2025-11-23;18;406
25;2025-11-23;19;309
25;2025-11-23;20;231
25;2025-11-23;21;183
25;2025-11-23;22;107
25;2025-11-23;23;40
25;2025-11-24;0;3
25;2025-11-24;1;0
25;2025-11-24;2;0
25;2025-11-24;3;0
25;2025-11-24;4;0
25;2025-11-24;5;11
25;2025-11-24;6;218
25;2025-11-24;7;553
25;2025-11-24;8;924
25;2025-11-24;9;479
25;2025-11-24;10;372
25;2025-11-24;11;422
25;2025-11-24;12;414
25;2025-11-24;13;517
25;2025-11-24;14;451
25;2025-11-24;15;536
25;2025-11-24;16;702
25;2025-11-24;17;767
25;2025-11-24;18;800
25;2025-11-24;19;540
25;2025-11-24;20;324
25;2025-11-24;21;215
25;2025-11-24;22;117
25;2025-11-24;23;9
25;2025-11-25;0;4
25;2025-11-25;1;0
25;2025-11-25;2;0
25;2025-11-25;3;0
25;2025-11-25;4;0
25;2025-11-25;5;11
25;2025-11-25;6;224
25;2025-11-25;7;569
25;2025-11-25;8;950
25;2025-11-25;9;492
25;2025-11-25;10;383
25;2025-11-25;11;433
25;2025-11-25;12;425
25;2025-11-25;13;531
25;2025-11-25;14;464
25;2025-11-25;15;550
25;2025-11-25;16;721
25;2025-11-25;17;788
25;2025-11-25;18;822
25;2025-11-25;19;555
25;2025-11-25;20;334
25;2025-11-25;21;221
25;2025-11-25;22;121
25;2025-11-25;23;9
25;2025-11-26;0;4
25;2025-11-26;1;0
25;2025-11-26;2;0
25;2025-11-26;3;0
25;2025-11-26;4;0
25;2025-11-26;5;11
25;2025-11-26;6;224
25;2025-11-26;7;569
25;2025-11-26;8;950
25;2025-11-26;9;492
25;2025-11-26;10;383
25;2025-11-26;11;433
25;2025-11-26;12;425
25;2025-11-26;13;531
25;2025-11-26;14;464
25;2025-11-26;15;550
25;2025-11-26;16;721
25;2025-11-26;17;788
25;2025-11-26;18;822
25;2025-11-26;19;555
25;2025-11-26;20;334
25;2025-11-26;21;221
25;2025-11-26;22;121
25;2025-11-26;23;9
25;2025-11-27;0;4
25;2025-11-27;1;0
25;2025-11-27;2;0
25;2025-11-27;3;0
25;2025-11-27;4;0
25;2025-11-27;5;11
25;2025-11-27;6;224
25;2025-11-27;7;569
25;2025-11-27;8;950
25;2025-11-27;9;492
25;2025-11-27;10;383
25;2025-11-27;11;433
25;2025-11-27;12;425
25;2025-11-27;13;531
25;2025-11-27;14;464
25;2025-11-27;15;550
25;2025-11-27;16;721
25;2025-11-27;17;788
25;2025-11-27;18;822
25;2025-11-27;19;555
25;2025-11-27;20;334
25;2025-11-27;21;221
25;2025-11-27;22;121
25;2025-11-27;23;9
25;2025-11-28;0;1
25;2025-11-28;1;0
25;2025-11-28;2;0
25;2025-11-28;3;0
25;2025-11-28;4;0
25;2025-11-28;5;8
25;2025-11-28;6;210
25;2025-11-28;7;541
25;2025-11-28;8;858
25;2025-11-28;9;429
25;2025-11-28;10;381
25;2025-11-28;11;414
25;2025-11-28;12;416
25;2025-11-28;13;516
25;2025-11-28;14;474
25;2025-11-28;15;606
25;2025-11-28;16;801
25;2025-11-28;17;779
25;2025-11-28;18;660
25;2025-11-28;19;522
25;2025-11-28;20;334
25;2025-11-28;21;219
25;2025-11-28;22;138
25;2025-11-28;23;13
25;2025-11-29;0;4
25;2025-11-29;1;0
25;2025-11-29;2;0
25;2025-11-29;3;0
25;2025-11-29;4;0
25;2025-11-29;5;10
25;2025-11-29;6;89
25;2025-11-29;7;128
25;2025-11-29;8;285
25;2025-11-29;9;256
25;2025-11-29;10;274
25;2025-11-29;11;359
25;2025-11-29;12;394
25;2025-11-29;13;565
25;2025-11-29;14;571
25;2025-11-29;15;668
25;2025-11-29;16;620
25;2025-11-29;17;498
25;2025-11-29;18;442
25;2025-11-29;19;386
25;2025-11-29;20;250
25;2025-11-29;21;203
25;2025-11-29;22;129
25;2025-11-29;23;53
25;2025-11-30;0;17
25;2025-11-30;1;0
25;2025-11-30;2;0
25;2025-11-30;3;0
25;2025-11-30;4;0
25;2025-11-30;5;6
25;2025-11-30;6;80
25;2025-11-30;7;99
25;2025-11-30;8;194
25;2025-11-30;9;219
25;2025-11-30;10;226
25;2025-11-30;11;315
25;2025-11-30;12;370
25;2025-11-30;13;473
25;2025-11-30;14;529
25;2025-11-30;15;606
25;2025-11-30;16;530
25;2025-11-30;17;490
25;2025-11-30;18;406
25;2025-11-30;19;309
25;2025-11-30;20;231
25;2025-11-30;21;183
25;2025-11-30;22;107
25;2025-11-30;23;40
25;2025-12-01;0;3
25;2025-12-01;1;0
25;2025-12-01;2;0
25;2025-12-01;3;0
25;2025-12-01;4;0
25;2025-12-01;5;9
25;2025-12-01;6;209
25;2025-12-01;7;561
25;2025-12-01;8;931
25;2025-12-01;9;482
25;2025-12-01;10;372
25;2025-12-01;11;419
25;2025-12-01;12;411
25;2025-12-01;13;512
25;2025-12-01;14;450
25;2025-12-01;15;532
25;2025-12-01;16;707
25;2025-12-01;17;769
25;2025-12-01;18;808
25;2025-12-01;19;531
25;2025-12-01;20;325
25;2025-12-01;21;212
25;2025-12-01;22;123
25;2025-12-01;23;9
25;2025-12-02;0;4
25;2025-12-02;1;0
25;2025-12-02;2;0
25;2025-12-02;3;0
25;2025-12-02;4;0
25;2025-12-02;5;10
25;2025-12-02;6;214
25;2025-12-02;7;576
25;2025-12-02;8;957
25;2025-12-02;9;495
25;2025-12-02;10;382
25;2025-12-02;11;430
25;2025-12-02;12;423
25;2025-12-02;13;526
25;2025-12-02;14;463
25;2025-12-02;15;546
25;2025-12-02;16;727
25;2025-12-02;17;790
25;2025-12-02;18;831
25;2025-12-02;19;545
25;2025-12-02;20;334
25;2025-12-02;21;218
25;2025-12-02;22;127
25;2025-12-02;23;9
25;2025-12-03;0;4
25;2025-12-03;1;0
25;2025-12-03;2;0
25;2025-12-03;3;0
25;2025-12-03;4;0
25;2025-12-03;5;10
25;2025-12-03;6;214
25;2025-12-03;7;576
25;2025-12-03;8;957
25;2025-12-03;9;495
25;2025-12-03;10;382
25;2025-12-03;11;430
25;2025-12-03;12;423
25;2025-12-03;13;526
25;2025-12-03;14;463
25;2025-12-03;15;546
25;2025-12-03;16;727
25;2025-12-03;17;790
25;2025-12-03;18;831
25;2025-12-03;19;545
25;2025-12-03;20;334
25;2025-12-03;21;218
25;2025-12-03;22;127
25;2025-12-03;23;9
25;2025-12-04;0;4
25;2025-12-04;1;0
25;2025-12-04;2;0
25;2025-12-04;3;0
25;2025-12-04;4;0
25;2025-12-04;5;10
25;2025-12-04;6;214
25;2025-12-04;7;576
25;2025-12-04;8;957
25;2025-12-04;9;495
25;2025-12-04;10;382
25;2025-12-04;11;430
25;2025-12-04;12;423
25;2025-12-04;13;526
25;2025-12-04;14;463
25;2025-12-04;15;546
25;2025-12-04;16;727
25;2025-12-04;17;790
25;2025-12-04;18;831
25;2025-12-04;19;545
25;2025-12-04;20;334
25;2025-12-04;21;218
25;2025-12-04;22;127
25;2025-12-04;23;9
25;2025-12-05;0;1
25;2025-12-05;1;0
25;2025-12-05;2;0
25;2025-12-05;3;0
25;2025-12-05;4;0
25;2025-12-05;5;7
25;2025-12-05;6;199
25;2025-12-05;7;543
25;2025-12-05;8;866
25;2025-12-05;9;432
25;2025-12-05;10;380
25;2025-12-05;11;412
25;2025-12-05;12;418
25;2025-12-05;13;512
25;2025-12-05;14;479
25;2025-12-05;15;604
25;2025-12-05;16;803
25;2025-12-05;17;787
25;2025-12-05;18;661
25;2025-12-05;19;506
25;2025-12-05;20;334
25;2025-12-05;21;219
25;2025-12-05;22;144
25;2025-12-05;23;13
25;2025-12-06;0;4
25;2025-12-06;1;0
25;2025-12-06;2;0
25;2025-12-06;3;0
25;2025-12-06;4;0
25;2025-12-06;5;8
25;2025-12-06;6;81
25;2025-12-06;7;128
25;2025-12-06;8;283
25;2025-12-06;9;254
25;2025-12-06;10;273
25;2025-12-06;11;357
25;2025-12-06;12;394
25;2025-12-06;13;551
25;2025-12-06;14;557
25;2025-12-06;15;650
25;2025-12-06;16;602
25;2025-12-06;17;487
25;2025-12-06;18;433
25;2025-12-06;19;379
25;2025-12-06;20;249
25;2025-12-06;21;204
25;2025-12-06;22;132
25;2025-12-06;23;54
25;2025-12-07;0;17
25;2025-12-07;1;0
25;2025-12-07;2;0
25;2025-12-07;3;0
25;2025-12-07;4;0
25;2025-12-07;5;5
25;2025-12-07;6;74
25;2025-12-07;7;99
25;2025-12-07;8;194
25;2025-12-07;9;220
25;2025-12-07;10;227
25;2025-12-07;11;314
25;2025-12-07;12;367
25;2025-12-07;13;468
25;2025-12-07;14;517
25;2025-12-07;15;592
25;2025-12-07;16;521
25;2025-12-07;17;477
25;2025-12-07;18;401
25;2025-12-07;19;313
25;2025-12-07;20;229
25;2025-12-07;21;188
25;2025-12-07;22;109
25;2025-12-07;23;41
25;2025-12-08;0;3
25;2025-12-08;1;0
25;2025-12-08;2;0
25;2025-12-08;3;0
25;2025-12-08;4;0
25;2025-12-08;5;9
25;2025-12-08;6;209
25;2025-12-08;7;561
25;2025-12-08;8;931
25;2025-12-08;9;482
25;2025-12-08;10;372
25;2025-12-08;11;419
25;2025-12-08;12;411
25;2025-12-08;13;512
25;2025-12-08;14;450
25;2025-12-08;15;532
25;2025-12-08;16;707
25;2025-12-08;17;769
25;2025-12-08;18;808
25;2025-12-08;19;531
25;2025-12-08;20;325
25;2025-12-08;21;212
25;2025-12-08;22;123
25;2025-12-08;23;9
25;2025-12-09;0;4
25;2025-12-09;1;0
25;2025-12-09;2;0
25;2025-12-09;3;0
25;2025-12-09;4;0
25;2025-12-09;5;10
25;2025-12-09;6;214
25;2025-12-09;7;576
25;2025-12-09;8;957
25;2025-12-09;9;495
25;2025-12-09;10;382
25;2025-12-09;11;430
25;2025-12-09;12;423
25;2025-12-09;13;526
25;2025-12-09;14;463
25;2025-12-09;15;546
25;2025-12-09;16;727
25;2025-12-09;17;790
25;2025-12-09;18;831
25;2025-12-09;19;545
25;2025-12-09;20;334
25;2025-12-09;21;218
25;2025-12-09;22;127
25;2025-12-09;23;9
25;2025-12-10;0;4
25;2025-12-10;1;0
25;2025-12-10;2;0
25;2025-12-10;3;0
25;2025-12-10;4;0
25;2025-12-10;5;10
25;2025-12-10;6;214
25;2025-12-10;7;576
25;2025-12-10;8;957
25;2025-12-10;9;495
25;2025-12-10;10;382
25;2025-12-10;11;430
25;2025-12-10;12;423
25;2025-12-10;13;526
25;2025-12-10;14;463
25;2025-12-10;15;546
25;2025-12-10;16;727
25;2025-12-10;17;790
25;2025-12-10;18;831
25;2025-12-10;19;545
25;2025-12-10;20;334
25;2025-12-10;21;218
25;2025-12-10;22;127
25;2025-12-10;23;9
25;2025-12-11;0;4
25;2025-12-11;1;0
25;2025-12-11;2;0
25;2025-12-11;3;0
25;2025-12-11;4;0
25;2025-12-11;5;10
25;2025-12-11;6;214
25;2025-12-11;7;576
25;2025-12-11;8;957
25;2025-12-11;9;495
25;2025-12-11;10;382
25;2025-12-11;11;430
25;2025-12-11;12;423
25;2025-12-11;13;526
25;2025-12-11;14;463
25;2025-12-11;15;546
25;2025-12-11;16;727
25;2025-12-11;17;790
25;2025-12-11;18;831
25;2025-12-11;19;545
25;2025-12-11;20;334
25;2025-12-11;21;218
25;2025-12-11;22;127
25;2025-12-11;23;9
25;2025-12-12;0;1
25;2025-12-12;1;0
25;2025-12-12;2;0
25;2025-12-12;3;0
25;2025-12-12;4;0
25;2025-12-12;5;7
25;2025-12-12;6;199
25;2025-12-12;7;543
25;2025-12-12;8;866
25;2025-12-12;9;432
25;2025-12-12;10;380
25;2025-12-12;11;412
25;2025-12-12;12;418
25;2025-12-12;13;512
25;2025-12-12;14;479
25;2025-12-12;15;604
25;2025-12-12;16;803
25;2025-12-12;17;787
25;2025-12-12;18;661
25;2025-12-12;19;506
25;2025-12-12;20;334
25;2025-12-12;21;219
25;2025-12-12;22;144
25;2025-12-12;23;13
25;2025-12-13;0;4
25;2025-12-13;1;0
25;2025-12-13;2;0
25;2025-12-13;3;0
25;2025-12-13;4;0
25;2025-12-13;5;8
25;2025-12-13;6;81
25;2025-12-13;7;128
25;2025-12-13;8;283
25;2025-12-13;9;254
25;2025-12-13;10;273
25;2025-12-13;11;357
25;2025-12-13;12;394
25;2025-12-13;13;551
25;2025-12-13;14;557
25;2025-12-13;15;650
25;2025-12-13;16;602
25;2025-12-13;17;487
25;2025-12-13;18;433
25;2025-12-13;19;379
25;2025-12-13;20;249
25;2025-12-13;21;204
25;2025-12-13;22;132
25;2025-12-13;23;54
25;2025-12-14;0;17
25;2025-12-14;1;0
25;2025-12-14;2;0
25;2025-12-14;3;0
25;2025-12-14;4;0
25;2025-12-14;5;5
25;2025-12-14;6;74
25;2025-12-14;7;99
25;2025-12-14;8;194
25;2025-12-14;9;220
25;2025-12-14;10;227
25;2025-12-14;11;314
25;2025-12-14;12;367
25;2025-12-14;13;468
25;2025-12-14;14;517
25;2025-12-14;15;592
25;2025-12-14;16;521
25;2025-12-14;17;477
25;2025-12-14;18;401
25;2025-12-14;19;313
25;2025-12-14;20;229
25;2025-12-14;21;188
25;2025-12-14;22;109
25;2025-12-14;23;41
25;2025-12-15;0;3
25;2025-12-15;1;0
25;2025-12-15;2;0
25;2025-12-15;3;0
25;2025-12-15;4;0
25;2025-12-15;5;9
25;2025-12-15;6;209
25;2025-12-15;7;561
25;2025-12-15;8;931
25;2025-12-15;9;482
25;2025-12-15;10;372
25;2025-12-15;11;419
25;2025-12-15;12;411
25;2025-12-15;13;512
25;2025-12-15;14;450
25;2025-12-15;15;532
25;2025-12-15;16;707
25;2025-12-15;17;769
25;2025-12-15;18;808
25;2025-12-15;19;531
25;2025-12-15;20;325
25;2025-12-15;21;212
25;2025-12-15;22;123
25;2025-12-15;23;9
25;2025-12-16;0;4
25;2025-12-16;1;0
25;2025-12-16;2;0
25;2025-12-16;3;0
25;2025-12-16;4;0
25;2025-12-16;5;10
25;2025-12-16;6;214
25;2025-12-16;7;576
25;2025-12-16;8;957
25;2025-12-16;9;495
25;2025-12-16;10;382
25;2025-12-16;11;430
25;2025-12-16;12;423
25;2025-12-16;13;526
25;2025-12-16;14;463
25;2025-12-16;15;546
25;2025-12-16;16;727
25;2025-12-16;17;790
25;2025-12-16;18;831
25;2025-12-16;19;545
25;2025-12-16;20;334
25;2025-12-16;21;218
25;2025-12-16;22;127
25;2025-12-16;23;9
25;2025-12-17;0;4
25;2025-12-17;1;0
25;2025-12-17;2;0
25;2025-12-17;3;0
25;2025-12-17;4;0
25;2025-12-17;5;10
25;2025-12-17;6;214
25;2025-12-17;7;576
25;2025-12-17;8;957
25;2025-12-17;9;495
25;2025-12-17;10;382
25;2025-12-17;11;430
25;2025-12-17;12;423
25;2025-12-17;13;526
25;2025-12-17;14;463
25;2025-12-17;15;546
25;2025-12-17;16;727
25;2025-12-17;17;790
25;2025-12-17;18;831
25;2025-12-17;19;545
25;2025-12-17;20;334
25;2025-12-17;21;218
25;2025-12-17;22;127
25;2025-12-17;23;9
25;2025-12-18;0;4
25;2025-12-18;1;0
25;2025-12-18;2;0
25;2025-12-18;3;0
25;2025-12-18;4;0
25;2025-12-18;5;10
25;2025-12-18;6;214
25;2025-12-18;7;576
25;2025-12-18;8;957
25;2025-12-18;9;495
25;2025-12-18;10;382
25;2025-12-18;11;430
25;2025-12-18;12;423
25;2025-12-18;13;526
25;2025-12-18;14;463
25;2025-12-18;15;546
25;2025-12-18;16;727
25;2025-12-18;17;790
25;2025-12-18;18;831
25;2025-12-18;19;545
25;2025-12-18;20;334
25;2025-12-18;21;218
25;2025-12-18;22;127
25;2025-12-18;23;9
25;2025-12-19;0;1
25;2025-12-19;1;0
25;2025-12-19;2;0
25;2025-12-19;3;0
25;2025-12-19;4;0
25;2025-12-19;5;7
25;2025-12-19;6;199
25;2025-12-19;7;543
25;2025-12-19;8;866
25;2025-12-19;9;432
25;2025-12-19;10;380
25;2025-12-19;11;412
25;2025-12-19;12;418
25;2025-12-19;13;512
25;2025-12-19;14;479
25;2025-12-19;15;604
25;2025-12-19;16;803
25;2025-12-19;17;787
25;2025-12-19;18;661
25;2025-12-19;19;506
25;2025-12-19;20;334
25;2025-12-19;21;219
25;2025-12-19;22;144
25;2025-12-19;23;13
25;2025-12-20;0;4
25;2025-12-20;1;0
25;2025-12-20;2;0
25;2025-12-20;3;0
25;2025-12-20;4;0
25;2025-12-20;5;8
25;2025-12-20;6;81
25;2025-12-20;7;128
25;2025-12-20;8;283
25;2025-12-20;9;254
25;2025-12-20;10;273
25;2025-12-20;11;357
25;2025-12-20;12;394
25;2025-12-20;13;551
25;2025-12-20;14;557
25;2025-12-20;15;650
25;2025-12-20;16;602
25;2025-12-20;17;487
25;2025-12-20;18;433
25;2025-12-20;19;379
25;2025-12-20;20;249
25;2025-12-20;21;204
25;2025-12-20;22;132
25;2025-12-20;23;54
25;2025-12-21;0;17
25;2025-12-21;1;0
25;2025-12-21;2;0
25;2025-12-21;3;0
25;2025-12-21;4;0
25;2025-12-21;5;5
25;2025-12-21;6;74
25;2025-12-21;7;99
25;2025-12-21;8;194
25;2025-12-21;9;220
25;2025-12-21;10;227
25;2025-12-21;11;314
25;2025-12-21;12;367
25;2025-12-21;13;468
25;2025-12-21;14;517
25;2025-12-21;15;592
25;2025-12-21;16;521
25;2025-12-21;17;477
25;2025-12-21;18;401
25;2025-12-21;19;313
25;2025-12-21;20;229
25;2025-12-21;21;188
25;2025-12-21;22;109
25;2025-12-21;23;41
25;2025-12-22;0;3
25;2025-12-22;1;0
25;2025-12-22;2;0
25;2025-12-22;3;0
25;2025-12-22;4;0
25;2025-12-22;5;9
25;2025-12-22;6;209
25;2025-12-22;7;561
25;2025-12-22;8;931
25;2025-12-22;9;482
25;2025-12-22;10;372
25;2025-12-22;11;419
25;2025-12-22;12;411
25;2025-12-22;13;512
25;2025-12-22;14;450
25;2025-12-22;15;532
25;2025-12-22;16;707
25;2025-12-22;17;769
25;2025-12-22;18;808
25;2025-12-22;19;531
25;2025-12-22;20;325
25;2025-12-22;21;212
25;2025-12-22;22;123
25;2025-12-22;23;9
25;2025-12-23;0;4
25;2025-12-23;1;0
25;2025-12-23;2;0
25;2025-12-23;3;0
25;2025-12-23;4;0
25;2025-12-23;5;10
25;2025-12-23;6;214
25;2025-12-23;7;576
25;2025-12-23;8;957
25;2025-12-23;9;495
25;2025-12-23;10;382
25;2025-12-23;11;430
25;2025-12-23;12;423
25;2025-12-23;13;526
25;2025-12-23;14;463
25;2025-12-23;15;546
25;2025-12-23;16;727
25;2025-12-23;17;790
25;2025-12-23;18;831
25;2025-12-23;19;545
25;2025-12-23;20;334
25;2025-12-23;21;218
25;2025-12-23;22;127
25;2025-12-23;23;9
25;2025-12-24;0;4
25;2025-12-24;1;0
25;2025-12-24;2;0
25;2025-12-24;3;0
25;2025-12-24;4;0
25;2025-12-24;5;10
25;2025-12-24;6;214
25;2025-12-24;7;576
25;2025-12-24;8;957
25;2025-12-24;9;495
25;2025-12-24;10;382
25;2025-12-24;11;430
25;2025-12-24;12;423
25;2025-12-24;13;526
25;2025-12-24;14;463
25;2025-12-24;15;546
25;2025-12-24;16;727
25;2025-12-24;17;790
25;2025-12-24;18;831
25;2025-12-24;19;545
25;2025-12-24;20;334
25;2025-12-24;21;218
25;2025-12-24;22;127
25;2025-12-24;23;9
25;2025-12-25;0;4
25;2025-12-25;1;0
25;2025-12-25;2;0
25;2025-12-25;3;0
25;2025-12-25;4;0
25;2025-12-25;5;10
25;2025-12-25;6;214
25;2025-12-25;7;576
25;2025-12-25;8;957
25;2025-12-25;9;495
25;2025-12-25;10;382
25;2025-12-25;11;430
25;2025-12-25;12;423
25;2025-12-25;13;526
25;2025-12-25;14;463
25;2025-12-25;15;546
25;2025-12-25;16;727
25;2025-12-25;17;790
25;2025-12-25;18;831
25;2025-12-25;19;545
25;2025-12-25;20;334
25;2025-12-25;21;218
25;2025-12-25;22;127
25;2025-12-25;23;9
25;2025-12-26;0;1
25;2025-12-26;1;0
25;2025-12-26;2;0
25;2025-12-26;3;0
25;2025-12-26;4;0
25;2025-12-26;5;7
25;2025-12-26;6;199
25;2025-12-26;7;543
25;2025-12-26;8;866
25;2025-12-26;9;432
25;2025-12-26;10;380
25;2025-12-26;11;412
25;2025-12-26;12;418
25;2025-12-26;13;512
25;2025-12-26;14;479
25;2025-12-26;15;604
25;2025-12-26;16;803
25;2025-12-26;17;787
25;2025-12-26;18;661
25;2025-12-26;19;506
25;2025-12-26;20;334
25;2025-12-26;21;219
25;2025-12-26;22;144
25;2025-12-26;23;13
25;2025-12-27;0;4
25;2025-12-27;1;0
25;2025-12-27;2;0
25;2025-12-27;3;0
25;2025-12-27;4;0
25;2025-12-27;5;8
25;2025-12-27;6;81
25;2025-12-27;7;128
25;2025-12-27;8;283
25;2025-12-27;9;254
25;2025-12-27;10;273
25;2025-12-27;11;357
25;2025-12-27;12;394
25;2025-12-27;13;551
25;2025-12-27;14;557
25;2025-12-27;15;650
25;2025-12-27;16;602
25;2025-12-27;17;487
25;2025-12-27;18;433
25;2025-12-27;19;379
25;2025-12-27;20;249
25;2025-12-27;21;204
25;2025-12-27;22;132
25;2025-12-27;23;54
25;2025-12-28;0;17
25;2025-12-28;1;0
25;2025-12-28;2;0
25;2025-12-28;3;0
25;2025-12-28;4;0
25;2025-12-28;5;5
25;2025-12-28;6;74
25;2025-12-28;7;99
25;2025-12-28;8;194
25;2025-12-28;9;220
25;2025-12-28;10;227
25;2025-12-28;11;314
25;2025-12-28;12;367
25;2025-12-28;13;468
25;2025-12-28;14;517
25;2025-12-28;15;592
25;2025-12-28;16;521
25;2025-12-28;17;477
25;2025-12-28;18;401
25;2025-12-28;19;313
25;2025-12-28;20;229
25;2025-12-28;21;188
25;2025-12-28;22;109
25;2025-12-28;23;41
25;2025-12-29;0;3
25;2025-12-29;1;0
25;2025-12-29;2;0
25;2025-12-29;3;0
25;2025-12-29;4;0
25;2025-12-29;5;8
25;2025-12-29;6;188
25;2025-12-29;7;505
25;2025-12-29;8;838
25;2025-12-29;9;434
25;2025-12-29;10;335
25;2025-12-29;11;377
25;2025-12-29;12;370
25;2025-12-29;13;461
25;2025-12-29;14;405
25;2025-12-29;15;478
25;2025-12-29;16;636
25;2025-12-29;17;692
25;2025-12-29;18;727
25;2025-12-29;19;477
25;2025-12-29;20;293
25;2025-12-29;21;192
25;2025-12-29;22;110
25;2025-12-29;23;8
25;2025-12-30;0;3
25;2025-12-30;1;0
25;2025-12-30;2;0
25;2025-12-30;3;0
25;2025-12-30;4;0
25;2025-12-30;5;8
25;2025-12-30;6;182
25;2025-12-30;7;490
25;2025-12-30;8;813
25;2025-12-30;9;421
25;2025-12-30;10;325
25;2025-12-30;11;366
25;2025-12-30;12;359
25;2025-12-30;13;447
25;2025-12-30;14;393
25;2025-12-30;15;464
25;2025-12-30;16;618
25;2025-12-30;17;671
25;2025-12-30;18;706
25;2025-12-30;19;463
25;2025-12-30;20;284
25;2025-12-30;21;185
25;2025-12-30;22;107
25;2025-12-30;23;8
25;2025-12-31;0;2
25;2025-12-31;1;0
25;2025-12-31;2;0
25;2025-12-31;3;0
25;2025-12-31;4;0
25;2025-12-31;5;4
25;2025-12-31;6;44
25;2025-12-31;7;69
25;2025-12-31;8;153
25;2025-12-31;9;137
25;2025-12-31;10;148
25;2025-12-31;11;193
25;2025-12-31;12;213
25;2025-12-31;13;298
25;2025-12-31;14;301
25;2025-12-31;15;352
25;2025-12-31;16;326
25;2025-12-31;17;263
25;2025-12-31;18;234
25;2025-12-31;19;205
25;2025-12-31;20;13
25;2025-12-31;21;11
25;2025-12-31;22;7
25;2025-12-31;23;3
26;2025-11-01;0;40
26;2025-11-01;1;3
26;2025-11-01;2;0
26;2025-11-01;3;0
26;2025-11-01;4;1
26;2025-11-01;5;80
26;2025-11-01;6;472
26;2025-11-01;7;945
26;2025-11-01;8;1924
26;2025-11-01;9;1296
26;2025-11-01;10;1128
26;2025-11-01;11;1025
26;2025-11-01;12;1043
26;2025-11-01;13;1082
26;2025-11-01;14;1162
26;2025-11-01;15;1285
26;2025-11-01;16;1529
26;2025-11-01;17;1581
26;2025-11-01;18;1252
26;2025-11-01;19;968
26;2025-11-01;20;670
26;2025-11-01;21;430
26;2025-11-01;22;198
26;2025-11-01;23;141
26;2025-11-02;0;53
26;2025-11-02;1;5
26;2025-11-02;2;0
26;2025-11-02;3;0
26;2025-11-02;4;2
26;2025-11-02;5;32
26;2025-11-02;6;170
26;2025-11-02;7;259
26;2025-11-02;8;407
26;2025-11-02;9;571
26;2025-11-02;10;641
26;2025-11-02;11;899
26;2025-11-02;12;903
26;2025-11-02;13;977
26;2025-11-02;14;940
26;2025-11-02;15;869
26;2025-11-02;16;839
26;2025-11-02;17;837
26;2025-11-02;18;759
26;2025-11-02;19;571
26;2025-11-02;20;446
26;2025-11-02;21;317
26;2025-11-02;22;205
26;2025-11-02;23;121
26;2025-11-03;0;43
26;2025-11-03;1;3
26;2025-11-03;2;0
26;2025-11-03;3;0
26;2025-11-03;4;2
26;2025-11-03;5;33
26;2025-11-03;6;183
26;2025-11-03;7;269
26;2025-11-03;8;431
26;2025-11-03;9;540
26;2025-11-03;10;632
26;2025-11-03;11;827
26;2025-11-03;12;854
26;2025-11-03;13;887
26;2025-11-03;14;879
26;2025-11-03;15;809
26;2025-11-03;16;809
26;2025-11-03;17;766
26;2025-11-03;18;708
26;2025-11-03;19;571
26;2025-11-03;20;433
26;2025-11-03;21;299
26;2025-11-03;22;183
26;2025-11-03;23;119
26;2025-11-04;0;43
26;2025-11-04;1;3
26;2025-11-04;2;0
26;2025-11-04;3;0
26;2025-11-04;4;2
26;2025-11-04;5;33
26;2025-11-04;6;183
26;2025-11-04;7;269
26;2025-11-04;8;431
26;2025-11-04;9;540
26;2025-11-04;10;632
26;2025-11-04;11;827
26;2025-11-04;12;854
26;2025-11-04;13;887
26;2025-11-04;14;879
26;2025-11-04;15;809
26;2025-11-04;16;809
26;2025-11-04;17;766
26;2025-11-04;18;708
26;2025-11-04;19;571
26;2025-11-04;20;433
26;2025-11-04;21;299
26;2025-11-04;22;183
26;2025-11-04;23;119
26;2025-11-05;0;32
26;2025-11-05;1;2
26;2025-11-05;2;0
26;2025-11-05;3;0
26;2025-11-05;4;2
26;2025-11-05;5;98
26;2025-11-05;6;521
26;2025-11-05;7;1144
26;2025-11-05;8;2272
26;2025-11-05;9;1521
26;2025-11-05;10;1280
26;2025-11-05;11;1156
26;2025-11-05;12;1201
26;2025-11-05;13;1240
26;2025-11-05;14;1310
26;2025-11-05;15;1411
26;2025-11-05;16;1561
26;2025-11-05;17;1749
26;2025-11-05;18;1948
26;2025-11-05;19;1306
26;2025-11-05;20;825
26;2025-11-05;21;513
26;2025-11-05;22;232
26;2025-11-05;23;125
26;2025-11-06;0;32
26;2025-11-06;1;2
26;2025-11-06;2;0
26;2025-11-06;3;0
26;2025-11-06;4;2
26;2025-11-06;5;98
26;2025-11-06;6;521
26;2025-11-06;7;1144
26;2025-11-06;8;2272
26;2025-11-06;9;1521
26;2025-11-06;10;1280
26;2025-11-06;11;1156
26;2025-11-06;12;1201
26;2025-11-06;13;1240
26;2025-11-06;14;1310
26;2025-11-06;15;1411
26;2025-11-06;16;1561
26;2025-11-06;17;1749
26;2025-11-06;18;1948
26;2025-11-06;19;1306
26;2025-11-06;20;825
26;2025-11-06;21;513
26;2025-11-06;22;232
26;2025-11-06;23;125
26;2025-11-07;0;32
26;2025-11-07;1;2
26;2025-11-07;2;0
26;2025-11-07;3;0
26;2025-11-07;4;1
26;2025-11-07;5;91
26;2025-11-07;6;537
26;2025-11-07;7;1075
26;2025-11-07;8;2187
26;2025-11-07;9;1474
26;2025-11-07;10;1282
26;2025-11-07;11;1165
26;2025-11-07;12;1185
26;2025-11-07;13;1230
26;2025-11-07;14;1321
26;2025-11-07;15;1461
26;2025-11-07;16;1738
26;2025-11-07;17;1797
26;2025-11-07;18;1423
26;2025-11-07;19;1101
26;2025-11-07;20;761
26;2025-11-07;21;488
26;2025-11-07;22;225
26;2025-11-07;23;160
26;2025-11-08;0;46
26;2025-11-08;1;3
26;2025-11-08;2;0
26;2025-11-08;3;0
26;2025-11-08;4;2
26;2025-11-08;5;46
26;2025-11-08;6;266
26;2025-11-08;7;377
26;2025-11-08;8;612
26;2025-11-08;9;693
26;2025-11-08;10;846
26;2025-11-08;11;1032
26;2025-11-08;12;1097
26;2025-11-08;13;1093
26;2025-11-08;14;1117
26;2025-11-08;15;1023
26;2025-11-08;16;1059
26;2025-11-08;17;951
26;2025-11-08;18;899
26;2025-11-08;19;775
26;2025-11-08;20;571
26;2025-11-08;21;381
26;2025-11-08;22;222
26;2025-11-08;23;160
26;2025-11-09;0;53
26;2025-11-09;1;5
26;2025-11-09;2;0
26;2025-11-09;3;0
26;2025-11-09;4;2
26;2025-11-09;5;32
26;2025-11-09;6;170
26;2025-11-09;7;259
26;2025-11-09;8;407
26;2025-11-09;9;571
26;2025-11-09;10;641
26;2025-11-09;11;899
26;2025-11-09;12;903
26;2025-11-09;13;977
26;2025-11-09;14;940
26;2025-11-09;15;869
26;2025-11-09;16;839
26;2025-11-09;17;837
26;2025-11-09;18;759
26;2025-11-09;19;571
26;2025-11-09;20;446
26;2025-11-09;21;317
26;2025-11-09;22;205
26;2025-11-09;23;121
26;2025-11-10;0;31
26;2025-11-10;1;2
26;2025-11-10;2;0
26;2025-11-10;3;0
26;2025-11-10;4;2
26;2025-11-10;5;95
26;2025-11-10;6;507
26;2025-11-10;7;1114
26;2025-11-10;8;2211
26;2025-11-10;9;1480
26;2025-11-10;10;1245
26;2025-11-10;11;1125
26;2025-11-10;12;1169
26;2025-11-10;13;1206
26;2025-11-10;14;1275
26;2025-11-10;15;1373
26;2025-11-10;16;1519
26;2025-11-10;17;1702
26;2025-11-10;18;1895
26;2025-11-10;19;1271
26;2025-11-10;20;803
26;2025-11-10;21;500
26;2025-11-10;22;226
26;2025-11-10;23;122
26;2025-11-11;0;32
26;2025-11-11;1;2
26;2025-11-11;2;0
26;2025-11-11;3;0
26;2025-11-11;4;2
26;2025-11-11;5;98
26;2025-11-11;6;521
26;2025-11-11;7;1144
26;2025-11-11;8;2272
26;2025-11-11;9;1521
26;2025-11-11;10;1280
26;2025-11-11;11;1156
26;2025-11-11;12;1201
26;2025-11-11;13;1240
26;2025-11-11;14;1310
26;2025-11-11;15;1411
26;2025-11-11;16;1561
26;2025-11-11;17;1749
26;2025-11-11;18;1948
26;2025-11-11;19;1306
26;2025-11-11;20;825
26;2025-11-11;21;513
26;2025-11-11;22;232
26;2025-11-11;23;125
26;2025-11-12;0;32
26;2025-11-12;1;2
26;2025-11-12;2;0
26;2025-11-12;3;0
26;2025-11-12;4;2
26;2025-11-12;5;98
26;2025-11-12;6;521
26;2025-11-12;7;1144
26;2025-11-12;8;2272
26;2025-11-12;9;1521
26;2025-11-12;10;1280
26;2025-11-12;11;1156
26;2025-11-12;12;1201
26;2025-11-12;13;1240
26;2025-11-12;14;1310
26;2025-11-12;15;1411
26;2025-11-12;16;1561
26;2025-11-12;17;1749
26;2025-11-12;18;1948
26;2025-11-12;19;1306
26;2025-11-12;20;825
26;2025-11-12;21;513
26;2025-11-12;22;232
26;2025-11-12;23;125
26;2025-11-13;0;32
26;2025-11-13;1;2
26;2025-11-13;2;0
26;2025-11-13;3;0
26;2025-11-13;4;2
26;2025-11-13;5;98
26;2025-11-13;6;521
26;2025-11-13;7;1144
26;2025-11-13;8;2272
26;2025-11-13;9;1521
26;2025-11-13;10;1280
26;2025-11-13;11;1156
26;2025-11-13;12;1201
26;2025-11-13;13;1240
26;2025-11-13;14;1310
26;2025-11-13;15;1411
26;2025-11-13;16;1561
26;2025-11-13;17;1749
26;2025-11-13;18;1948
26;2025-11-13;19;1306
26;2025-11-13;20;825
26;2025-11-13;21;513
26;2025-11-13;22;232
26;2025-11-13;23;125
26;2025-11-14;0;32
26;2025-11-14;1;2
26;2025-11-14;2;0
26;2025-11-14;3;0
26;2025-11-14;4;1
26;2025-11-14;5;91
26;2025-11-14;6;537
26;2025-11-14;7;1075
26;2025-11-14;8;2187
26;2025-11-14;9;1474
26;2025-11-14;10;1282
26;2025-11-14;11;1165
26;2025-11-14;12;1185
26;2025-11-14;13;1230
26;2025-11-14;14;1321
26;2025-11-14;15;1461
26;2025-11-14;16;1738
26;2025-11-14;17;1797
26;2025-11-14;18;1423
26;2025-11-14;19;1101
26;2025-11-14;20;761
26;2025-11-14;21;488
26;2025-11-14;22;225
26;2025-11-14;23;160
26;2025-11-15;0;46
26;2025-11-15;1;3
26;2025-11-15;2;0
26;2025-11-15;3;0
26;2025-11-15;4;2
26;2025-11-15;5;46
26;2025-11-15;6;266
26;2025-11-15;7;377
26;2025-11-15;8;612
26;2025-11-15;9;693
26;2025-11-15;10;846
26;2025-11-15;11;1032
26;2025-11-15;12;1097
26;2025-11-15;13;1093
26;2025-11-15;14;1117
26;2025-11-15;15;1023
26;2025-11-15;16;1059
26;2025-11-15;17;951
26;2025-11-15;18;899
26;2025-11-15;19;775
26;2025-11-15;20;571
26;2025-11-15;21;381
26;2025-11-15;22;222
26;2025-11-15;23;160
26;2025-11-16;0;53
26;2025-11-16;1;5
26;2025-11-16;2;0
26;2025-11-16;3;0
26;2025-11-16;4;2
26;2025-11-16;5;32
26;2025-11-16;6;170
26;2025-11-16;7;259
26;2025-11-16;8;407
26;2025-11-16;9;571
26;2025-11-16;10;641
26;2025-11-16;11;899
26;2025-11-16;12;903
26;2025-11-16;13;977
26;2025-11-16;14;940
26;2025-11-16;15;869
26;2025-11-16;16;839
26;2025-11-16;17;837
26;2025-11-16;18;759
26;2025-11-16;19;571
26;2025-11-16;20;446
26;2025-11-16;21;317
26;2025-11-16;22;205
26;2025-11-16;23;121
26;2025-11-17;0;31
26;2025-11-17;1;2
26;2025-11-17;2;0
26;2025-11-17;3;0
26;2025-11-17;4;2
26;2025-11-17;5;95
26;2025-11-17;6;507
26;2025-11-17;7;1114
26;2025-11-17;8;2211
26;2025-11-17;9;1480
26;2025-11-17;10;1245
26;2025-11-17;11;1125
26;2025-11-17;12;1169
26;2025-11-17;13;1206
26;2025-11-17;14;1275
26;2025-11-17;15;1373
26;2025-11-17;16;1519
26;2025-11-17;17;1702
26;2025-11-17;18;1895
26;2025-11-17;19;1271
26;2025-11-17;20;803
26;2025-11-17;21;500
26;2025-11-17;22;226
26;2025-11-17;23;122
26;2025-11-18;0;32
26;2025-11-18;1;2
26;2025-11-18;2;0
26;2025-11-18;3;0
26;2025-11-18;4;2
26;2025-11-18;5;98
26;2025-11-18;6;521
26;2025-11-18;7;1144
26;2025-11-18;8;2272
26;2025-11-18;9;1521
26;2025-11-18;10;1280
26;2025-11-18;11;1156
26;2025-11-18;12;1201
26;2025-11-18;13;1240
26;2025-11-18;14;1310
26;2025-11-18;15;1411
26;2025-11-18;16;1561
26;2025-11-18;17;1749
26;2025-11-18;18;1948
26;2025-11-18;19;1306
26;2025-11-18;20;825
26;2025-11-18;21;513
26;2025-11-18;22;232
26;2025-11-18;23;125
26;2025-11-19;0;32
26;2025-11-19;1;2
26;2025-11-19;2;0
26;2025-11-19;3;0
26;2025-11-19;4;2
26;2025-11-19;5;98
26;2025-11-19;6;521
26;2025-11-19;7;1144
26;2025-11-19;8;2272
26;2025-11-19;9;1521
26;2025-11-19;10;1280
26;2025-11-19;11;1156
26;2025-11-19;12;1201
26;2025-11-19;13;1240
26;2025-11-19;14;1310
26;2025-11-19;15;1411
26;2025-11-19;16;1561
26;2025-11-19;17;1749
26;2025-11-19;18;1948
26;2025-11-19;19;1306
26;2025-11-19;20;825
26;2025-11-19;21;513
26;2025-11-19;22;232
26;2025-11-19;23;125
26;2025-11-20;0;32
26;2025-11-20;1;2
26;2025-11-20;2;0
26;2025-11-20;3;0
26;2025-11-20;4;2
26;2025-11-20;5;98
26;2025-11-20;6;521
26;2025-11-20;7;1144
26;2025-11-20;8;2272
26;2025-11-20;9;1521
26;2025-11-20;10;1280
26;2025-11-20;11;1156
26;2025-11-20;12;1201
26;2025-11-20;13;1240
26;2025-11-20;14;1310
26;2025-11-20;15;1411
26;2025-11-20;16;1561
26;2025-11-20;17;1749
26;2025-11-20;18;1948
26;2025-11-20;19;1306
26;2025-11-20;20;825
26;2025-11-20;21;513
26;2025-11-20;22;232
26;2025-11-20;23;125
26;2025-11-21;0;32
26;2025-11-21;1;2
26;2025-11-21;2;0
26;2025-11-21;3;0
26;2025-11-21;4;1
26;2025-11-21;5;91
26;2025-11-21;6;537
26;2025-11-21;7;1075
26;2025-11-21;8;2187
26;2025-11-21;9;1474
26;2025-11-21;10;1282
26;2025-11-21;11;1165
26;2025-11-21;12;1185
26;2025-11-21;13;1230
26;2025-11-21;14;1321
26;2025-11-21;15;1461
26;2025-11-21;16;1738
26;2025-11-21;17;1797
26;2025-11-21;18;1423
26;2025-11-21;19;1101
26;2025-11-21;20;761
26;2025-11-21;21;488
26;2025-11-21;22;225
26;2025-11-21;23;160
26;2025-11-22;0;46
26;2025-11-22;1;3
26;2025-11-22;2;0
26;2025-11-22;3;0
26;2025-11-22;4;2
26;2025-11-22;5;46
26;2025-11-22;6;266
26;2025-11-22;7;377
26;2025-11-22;8;612
26;2025-11-22;9;693
26;2025-11-22;10;846
26;2025-11-22;11;1032
26;2025-11-22;12;1097
26;2025-11-22;13;1093
26;2025-11-22;14;1117
26;2025-11-22;15;1023
26;2025-11-22;16;1059
26;2025-11-22;17;951
26;2025-11-22;18;899
26;2025-11-22;19;775
26;2025-11-22;20;571
26;2025-11-22;21;381
26;2025-11-22;22;222
26;2025-11-22;23;160
26;2025-11-23;0;53
26;2025-11-23;1;5
26;2025-11-23;2;0
26;2025-11-23;3;0
26;2025-11-23;4;2
26;2025-11-23;5;32
26;2025-11-23;6;170
26;2025-11-23;7;259
26;2025-11-23;8;407
26;2025-11-23;9;571
26;2025-11-23;10;641
26;2025-11-23;11;899
26;2025-11-23;12;903
26;2025-11-23;13;977
26;2025-11-23;14;940
26;2025-11-23;15;869
26;2025-11-23;16;839
26;2025-11-23;17;837
26;2025-11-23;18;759
26;2025-11-23;19;571
26;2025-11-23;20;446
26;2025-11-23;21;317
26;2025-11-23;22;205
26;2025-11-23;23;121
26;2025-11-24;0;31
26;2025-11-24;1;2
26;2025-11-24;2;0
26;2025-11-24;3;0
26;2025-11-24;4;2
26;2025-11-24;5;95
26;2025-11-24;6;507
26;2025-11-24;7;1114
26;2025-11-24;8;2211
26;2025-11-24;9;1480
26;2025-11-24;10;1245
26;2025-11-24;11;1125
26;2025-11-24;12;1169
26;2025-11-24;13;1206
26;2025-11-24;14;1275
26;2025-11-24;15;1373
26;2025-11-24;16;1519
26;2025-11-24;17;1702
26;2025-11-24;18;1895
26;2025-11-24;19;1271
26;2025-11-24;20;803
26;2025-11-24;21;500
26;2025-11-24;22;226
26;2025-11-24;23;122
26;2025-11-25;0;32
26;2025-11-25;1;2
26;2025-11-25;2;0
26;2025-11-25;3;0
26;2025-11-25;4;2
26;2025-11-25;5;98
26;2025-11-25;6;521
26;2025-11-25;7;1144
26;2025-11-25;8;2272
26;2025-11-25;9;1521
26;2025-11-25;10;1280
26;2025-11-25;11;1156
26;2025-11-25;12;1201
26;2025-11-25;13;1240
26;2025-11-25;14;1310
26;2025-11-25;15;1411
26;2025-11-25;16;1561
26;2025-11-25;17;1749
26;2025-11-25;18;1948
26;2025-11-25;19;1306
26;2025-11-25;20;825
26;2025-11-25;21;513
26;2025-11-25;22;232
26;2025-11-25;23;125
26;2025-11-26;0;32
26;2025-11-26;1;2
26;2025-11-26;2;0
26;2025-11-26;3;0
26;2025-11-26;4;2
26;2025-11-26;5;98
26;2025-11-26;6;521
26;2025-11-26;7;1144
26;2025-11-26;8;2272
26;2025-11-26;9;1521
26;2025-11-26;10;1280
26;2025-11-26;11;1156
26;2025-11-26;12;1201
26;2025-11-26;13;1240
26;2025-11-26;14;1310
26;2025-11-26;15;1411
26;2025-11-26;16;1561
26;2025-11-26;17;1749
26;2025-11-26;18;1948
26;2025-11-26;19;1306
26;2025-11-26;20;825
26;2025-11-26;21;513
26;2025-11-26;22;232
26;2025-11-26;23;125
26;2025-11-27;0;32
26;2025-11-27;1;2
26;2025-11-27;2;0
26;2025-11-27;3;0
26;2025-11-27;4;2
26;2025-11-27;5;98
26;2025-11-27;6;521
26;2025-11-27;7;1144
26;2025-11-27;8;2272
26;2025-11-27;9;1521
26;2025-11-27;10;1280
26;2025-11-27;11;1156
26;2025-11-27;12;1201
26;2025-11-27;13;1240
26;2025-11-27;14;1310
26;2025-11-27;15;1411
26;2025-11-27;16;1561
26;2025-11-27;17;1749
26;2025-11-27;18;1948
26;2025-11-27;19;1306
26;2025-11-27;20;825
26;2025-11-27;21;513
26;2025-11-27;22;232
26;2025-11-27;23;125
26;2025-11-28;0;32
26;2025-11-28;1;2
26;2025-11-28;2;0
26;2025-11-28;3;0
26;2025-11-28;4;1
26;2025-11-28;5;91
26;2025-11-28;6;537
26;2025-11-28;7;1075
26;2025-11-28;8;2187
26;2025-11-28;9;1474
26;2025-11-28;10;1282
26;2025-11-28;11;1165
26;2025-11-28;12;1185
26;2025-11-28;13;1230
26;2025-11-28;14;1321
26;2025-11-28;15;1461
26;2025-11-28;16;1738
26;2025-11-28;17;1797
26;2025-11-28;18;1423
26;2025-11-28;19;1101
26;2025-11-28;20;761
26;2025-11-28;21;488
26;2025-11-28;22;225
26;2025-11-28;23;160
26;2025-11-29;0;46
26;2025-11-29;1;3
26;2025-11-29;2;0
26;2025-11-29;3;0
26;2025-11-29;4;2
26;2025-11-29;5;46
26;2025-11-29;6;266
26;2025-11-29;7;377
26;2025-11-29;8;612
26;2025-11-29;9;693
26;2025-11-29;10;846
26;2025-11-29;11;1032
26;2025-11-29;12;1097
26;2025-11-29;13;1093
26;2025-11-29;14;1117
26;2025-11-29;15;1023
26;2025-11-29;16;1059
26;2025-11-29;17;951
26;2025-11-29;18;899
26;2025-11-29;19;775
26;2025-11-29;20;571
26;2025-11-29;21;381
26;2025-11-29;22;222
26;2025-11-29;23;160
26;2025-11-30;0;53
26;2025-11-30;1;5
26;2025-11-30;2;0
26;2025-11-30;3;0
26;2025-11-30;4;2
26;2025-11-30;5;32
26;2025-11-30;6;170
26;2025-11-30;7;259
26;2025-11-30;8;407
26;2025-11-30;9;571
26;2025-11-30;10;641
26;2025-11-30;11;899
26;2025-11-30;12;903
26;2025-11-30;13;977
26;2025-11-30;14;940
26;2025-11-30;15;869
26;2025-11-30;16;839
26;2025-11-30;17;837
26;2025-11-30;18;759
26;2025-11-30;19;571
26;2025-11-30;20;446
26;2025-11-30;21;317
26;2025-11-30;22;205
26;2025-11-30;23;121
26;2025-12-01;0;31
26;2025-12-01;1;2
26;2025-12-01;2;0
26;2025-12-01;3;0
26;2025-12-01;4;2
26;2025-12-01;5;95
26;2025-12-01;6;515
26;2025-12-01;7;1115
26;2025-12-01;8;2198
26;2025-12-01;9;1482
26;2025-12-01;10;1244
26;2025-12-01;11;1126
26;2025-12-01;12;1167
26;2025-12-01;13;1209
26;2025-12-01;14;1260
26;2025-12-01;15;1367
26;2025-12-01;16;1524
26;2025-12-01;17;1702
26;2025-12-01;18;1900
26;2025-12-01;19;1280
26;2025-12-01;20;808
26;2025-12-01;21;495
26;2025-12-01;22;228
26;2025-12-01;23;121
26;2025-12-02;0;32
26;2025-12-02;1;2
26;2025-12-02;2;0
26;2025-12-02;3;0
26;2025-12-02;4;2
26;2025-12-02;5;97
26;2025-12-02;6;529
26;2025-12-02;7;1146
26;2025-12-02;8;2259
26;2025-12-02;9;1523
26;2025-12-02;10;1279
26;2025-12-02;11;1157
26;2025-12-02;12;1199
26;2025-12-02;13;1243
26;2025-12-02;14;1295
26;2025-12-02;15;1405
26;2025-12-02;16;1566
26;2025-12-02;17;1749
26;2025-12-02;18;1953
26;2025-12-02;19;1315
26;2025-12-02;20;830
26;2025-12-02;21;510
26;2025-12-02;22;234
26;2025-12-02;23;124
26;2025-12-03;0;32
26;2025-12-03;1;2
26;2025-12-03;2;0
26;2025-12-03;3;0
26;2025-12-03;4;2
26;2025-12-03;5;97
26;2025-12-03;6;529
26;2025-12-03;7;1146
26;2025-12-03;8;2259
26;2025-12-03;9;1523
26;2025-12-03;10;1279
26;2025-12-03;11;1157
26;2025-12-03;12;1199
26;2025-12-03;13;1243
26;2025-12-03;14;1295
26;2025-12-03;15;1405
26;2025-12-03;16;1566
26;2025-12-03;17;1749
26;2025-12-03;18;1953
26;2025-12-03;19;1315
26;2025-12-03;20;830
26;2025-12-03;21;510
26;2025-12-03;22;234
26;2025-12-03;23;124
26;2025-12-04;0;32
26;2025-12-04;1;2
26;2025-12-04;2;0
26;2025-12-04;3;0
26;2025-12-04;4;2
26;2025-12-04;5;97
26;2025-12-04;6;529
26;2025-12-04;7;1146
26;2025-12-04;8;2259
26;2025-12-04;9;1523
26;2025-12-04;10;1279
26;2025-12-04;11;1157
26;2025-12-04;12;1199
26;2025-12-04;13;1243
26;2025-12-04;14;1295
26;2025-12-04;15;1405
26;2025-12-04;16;1566
26;2025-12-04;17;1749
26;2025-12-04;18;1953
26;2025-12-04;19;1315
26;2025-12-04;20;830
26;2025-12-04;21;510
26;2025-12-04;22;234
26;2025-12-04;23;124
26;2025-12-05;0;32
26;2025-12-05;1;2
26;2025-12-05;2;0
26;2025-12-05;3;0
26;2025-12-05;4;1
26;2025-12-05;5;92
26;2025-12-05;6;542
26;2025-12-05;7;1077
26;2025-12-05;8;2163
26;2025-12-05;9;1479
26;2025-12-05;10;1275
26;2025-12-05;11;1163
26;2025-12-05;12;1189
26;2025-12-05;13;1235
26;2025-12-05;14;1297
26;2025-12-05;15;1468
26;2025-12-05;16;1737
26;2025-12-05;17;1790
26;2025-12-05;18;1440
26;2025-12-05;19;1111
26;2025-12-05;20;772
26;2025-12-05;21;485
26;2025-12-05;22;228
26;2025-12-05;23;159
26;2025-12-06;0;45
26;2025-12-06;1;3
26;2025-12-06;2;0
26;2025-12-06;3;0
26;2025-12-06;4;2
26;2025-12-06;5;45
26;2025-12-06;6;272
26;2025-12-06;7;378
26;2025-12-06;8;611
26;2025-12-06;9;698
26;2025-12-06;10;847
26;2025-12-06;11;1036
26;2025-12-06;12;1099
26;2025-12-06;13;1099
26;2025-12-06;14;1117
26;2025-12-06;15;1027
26;2025-12-06;16;1061
26;2025-12-06;17;954
26;2025-12-06;18;905
26;2025-12-06;19;779
26;2025-12-06;20;573
26;2025-12-06;21;384
26;2025-12-06;22;225
26;2025-12-06;23;160
26;2025-12-07;0;53
26;2025-12-07;1;5
26;2025-12-07;2;0
26;2025-12-07;3;0
26;2025-12-07;4;2
26;2025-12-07;5;34
26;2025-12-07;6;170
26;2025-12-07;7;256
26;2025-12-07;8;409
26;2025-12-07;9;576
26;2025-12-07;10;643
26;2025-12-07;11;904
26;2025-12-07;12;911
26;2025-12-07;13;986
26;2025-12-07;14;946
26;2025-12-07;15;876
26;2025-12-07;16;849
26;2025-12-07;17;845
26;2025-12-07;18;767
26;2025-12-07;19;581
26;2025-12-07;20;449
26;2025-12-07;21;320
26;2025-12-07;22;211
26;2025-12-07;23;122
26;2025-12-08;0;31
26;2025-12-08;1;2
26;2025-12-08;2;0
26;2025-12-08;3;0
26;2025-12-08;4;2
26;2025-12-08;5;95
26;2025-12-08;6;515
26;2025-12-08;7;1115
26;2025-12-08;8;2198
26;2025-12-08;9;1482
26;2025-12-08;10;1244
26;2025-12-08;11;1126
26;2025-12-08;12;1167
26;2025-12-08;13;1209
26;2025-12-08;14;1260
26;2025-12-08;15;1367
26;2025-12-08;16;1524
26;2025-12-08;17;1702
26;2025-12-08;18;1900
26;2025-12-08;19;1280
26;2025-12-08;20;808
26;2025-12-08;21;495
26;2025-12-08;22;228
26;2025-12-08;23;121
26;2025-12-09;0;32
26;2025-12-09;1;2
26;2025-12-09;2;0
26;2025-12-09;3;0
26;2025-12-09;4;2
26;2025-12-09;5;97
26;2025-12-09;6;529
26;2025-12-09;7;1146
26;2025-12-09;8;2259
26;2025-12-09;9;1523
26;2025-12-09;10;1279
26;2025-12-09;11;1157
26;2025-12-09;12;1199
26;2025-12-09;13;1243
26;2025-12-09;14;1295
26;2025-12-09;15;1405
26;2025-12-09;16;1566
26;2025-12-09;17;1749
26;2025-12-09;18;1953
26;2025-12-09;19;1315
26;2025-12-09;20;830
26;2025-12-09;21;510
26;2025-12-09;22;234
26;2025-12-09;23;124
26;2025-12-10;0;32
26;2025-12-10;1;2
26;2025-12-10;2;0
26;2025-12-10;3;0
26;2025-12-10;4;2
26;2025-12-10;5;97
26;2025-12-10;6;529
26;2025-12-10;7;1146
26;2025-12-10;8;2259
26;2025-12-10;9;1523
26;2025-12-10;10;1279
26;2025-12-10;11;1157
26;2025-12-10;12;1199
26;2025-12-10;13;1243
26;2025-12-10;14;1295
26;2025-12-10;15;1405
26;2025-12-10;16;1566
26;2025-12-10;17;1749
26;2025-12-10;18;1953
26;2025-12-10;19;1315
26;2025-12-10;20;830
26;2025-12-10;21;510
26;2025-12-10;22;234
26;2025-12-10;23;124
26;2025-12-11;0;32
26;2025-12-11;1;2
26;2025-12-11;2;0
26;2025-12-11;3;0
26;2025-12-11;4;2
26;2025-12-11;5;97
26;2025-12-11;6;529
26;2025-12-11;7;1146
26;2025-12-11;8;2259
26;2025-12-11;9;1523
26;2025-12-11;10;1279
26;2025-12-11;11;1157
26;2025-12-11;12;1199
26;2025-12-11;13;1243
26;2025-12-11;14;1295
26;2025-12-11;15;1405
26;2025-12-11;16;1566
26;2025-12-11;17;1749
26;2025-12-11;18;1953
26;2025-12-11;19;1315
26;2025-12-11;20;830
26;2025-12-11;21;510
26;2025-12-11;22;234
26;2025-12-11;23;124
26;2025-12-12;0;32
26;2025-12-12;1;2
26;2025-12-12;2;0
26;2025-12-12;3;0
26;2025-12-12;4;1
26;2025-12-12;5;92
26;2025-12-12;6;542
26;2025-12-12;7;1077
26;2025-12-12;8;2163
26;2025-12-12;9;1479
26;2025-12-12;10;1275
26;2025-12-12;11;1163
26;2025-12-12;12;1189
26;2025-12-12;13;1235
26;2025-12-12;14;1297
26;2025-12-12;15;1468
26;2025-12-12;16;1737
26;2025-12-12;17;1790
26;2025-12-12;18;1440
26;2025-12-12;19;1111
26;2025-12-12;20;772
26;2025-12-12;21;485
26;2025-12-12;22;228
26;2025-12-12;23;159
26;2025-12-13;0;45
26;2025-12-13;1;3
26;2025-12-13;2;0
26;2025-12-13;3;0
26;2025-12-13;4;2
26;2025-12-13;5;45
26;2025-12-13;6;272
26;2025-12-13;7;378
26;2025-12-13;8;611
26;2025-12-13;9;698
26;2025-12-13;10;847
26;2025-12-13;11;1036
26;2025-12-13;12;1099
26;2025-12-13;13;1099
26;2025-12-13;14;1117
26;2025-12-13;15;1027
26;2025-12-13;16;1061
26;2025-12-13;17;954
26;2025-12-13;18;905
26;2025-12-13;19;779
26;2025-12-13;20;573
26;2025-12-13;21;384
26;2025-12-13;22;225
26;2025-12-13;23;160
26;2025-12-14;0;53
26;2025-12-14;1;5
26;2025-12-14;2;0
26;2025-12-14;3;0
26;2025-12-14;4;2
26;2025-12-14;5;34
26;2025-12-14;6;170
26;2025-12-14;7;256
26;2025-12-14;8;409
26;2025-12-14;9;576
26;2025-12-14;10;643
26;2025-12-14;11;904
26;2025-12-14;12;911
26;2025-12-14;13;986
26;2025-12-14;14;946
26;2025-12-14;15;876
26;2025-12-14;16;849
26;2025-12-14;17;845
26;2025-12-14;18;767
26;2025-12-14;19;581
26;2025-12-14;20;449
26;2025-12-14;21;320
26;2025-12-14;22;211
26;2025-12-14;23;122
26;2025-12-15;0;31
26;2025-12-15;1;2
26;2025-12-15;2;0
26;2025-12-15;3;0
26;2025-12-15;4;2
26;2025-12-15;5;95
26;2025-12-15;6;515
26;2025-12-15;7;1115
26;2025-12-15;8;2198
26;2025-12-15;9;1482
26;2025-12-15;10;1244
26;2025-12-15;11;1126
26;2025-12-15;12;1167
26;2025-12-15;13;1209
26;2025-12-15;14;1260
26;2025-12-15;15;1367
26;2025-12-15;16;1524
26;2025-12-15;17;1702
26;2025-12-15;18;1900
26;2025-12-15;19;1280
26;2025-12-15;20;808
26;2025-12-15;21;495
26;2025-12-15;22;228
26;2025-12-15;23;121
26;2025-12-16;0;32
26;2025-12-16;1;2
26;2025-12-16;2;0
26;2025-12-16;3;0
26;2025-12-16;4;2
26;2025-12-16;5;97
26;2025-12-16;6;529
26;2025-12-16;7;1146
26;2025-12-16;8;2259
26;2025-12-16;9;1523
26;2025-12-16;10;1279
26;2025-12-16;11;1157
26;2025-12-16;12;1199
26;2025-12-16;13;1243
26;2025-12-16;14;1295
26;2025-12-16;15;1405
26;2025-12-16;16;1566
26;2025-12-16;17;1749
26;2025-12-16;18;1953
26;2025-12-16;19;1315
26;2025-12-16;20;830
26;2025-12-16;21;510
26;2025-12-16;22;234
26;2025-12-16;23;124
26;2025-12-17;0;32
26;2025-12-17;1;2
26;2025-12-17;2;0
26;2025-12-17;3;0
26;2025-12-17;4;2
26;2025-12-17;5;97
26;2025-12-17;6;529
26;2025-12-17;7;1146
26;2025-12-17;8;2259
26;2025-12-17;9;1523
26;2025-12-17;10;1279
26;2025-12-17;11;1157
26;2025-12-17;12;1199
26;2025-12-17;13;1243
26;2025-12-17;14;1295
26;2025-12-17;15;1405
26;2025-12-17;16;1566
26;2025-12-17;17;1749
26;2025-12-17;18;1953
26;2025-12-17;19;1315
26;2025-12-17;20;830
26;2025-12-17;21;510
26;2025-12-17;22;234
26;2025-12-17;23;124
26;2025-12-18;0;32
26;2025-12-18;1;2
26;2025-12-18;2;0
26;2025-12-18;3;0
26;2025-12-18;4;2
26;2025-12-18;5;97
26;2025-12-18;6;529
26;2025-12-18;7;1146
26;2025-12-18;8;2259
26;2025-12-18;9;1523
26;2025-12-18;10;1279
26;2025-12-18;11;1157
26;2025-12-18;12;1199
26;2025-12-18;13;1243
26;2025-12-18;14;1295
26;2025-12-18;15;1405
26;2025-12-18;16;1566
26;2025-12-18;17;1749
26;2025-12-18;18;1953
26;2025-12-18;19;1315
26;2025-12-18;20;830
26;2025-12-18;21;510
26;2025-12-18;22;234
26;2025-12-18;23;124
26;2025-12-19;0;32
26;2025-12-19;1;2
26;2025-12-19;2;0
26;2025-12-19;3;0
26;2025-12-19;4;1
26;2025-12-19;5;92
26;2025-12-19;6;542
26;2025-12-19;7;1077
26;2025-12-19;8;2163
26;2025-12-19;9;1479
26;2025-12-19;10;1275
26;2025-12-19;11;1163
26;2025-12-19;12;1189
26;2025-12-19;13;1235
26;2025-12-19;14;1297
26;2025-12-19;15;1468
26;2025-12-19;16;1737
26;2025-12-19;17;1790
26;2025-12-19;18;1440
26;2025-12-19;19;1111
26;2025-12-19;20;772
26;2025-12-19;21;485
26;2025-12-19;22;228
26;2025-12-19;23;159
26;2025-12-20;0;45
26;2025-12-20;1;3
26;2025-12-20;2;0
26;2025-12-20;3;0
26;2025-12-20;4;2
26;2025-12-20;5;45
26;2025-12-20;6;272
26;2025-12-20;7;378
26;2025-12-20;8;611
26;2025-12-20;9;698
26;2025-12-20;10;847
26;2025-12-20;11;1036
26;2025-12-20;12;1099
26;2025-12-20;13;1099
26;2025-12-20;14;1117
26;2025-12-20;15;1027
26;2025-12-20;16;1061
26;2025-12-20;17;954
26;2025-12-20;18;905
26;2025-12-20;19;779
26;2025-12-20;20;573
26;2025-12-20;21;384
26;2025-12-20;22;225
26;2025-12-20;23;160
26;2025-12-21;0;53
26;2025-12-21;1;5
26;2025-12-21;2;0
26;2025-12-21;3;0
26;2025-12-21;4;2
26;2025-12-21;5;34
26;2025-12-21;6;170
26;2025-12-21;7;256
26;2025-12-21;8;409
26;2025-12-21;9;576
26;2025-12-21;10;643
26;2025-12-21;11;904
26;2025-12-21;12;911
26;2025-12-21;13;986
26;2025-12-21;14;946
26;2025-12-21;15;876
26;2025-12-21;16;849
26;2025-12-21;17;845
26;2025-12-21;18;767
26;2025-12-21;19;581
26;2025-12-21;20;449
26;2025-12-21;21;320
26;2025-12-21;22;211
26;2025-12-21;23;122
26;2025-12-22;0;31
26;2025-12-22;1;2
26;2025-12-22;2;0
26;2025-12-22;3;0
26;2025-12-22;4;2
26;2025-12-22;5;95
26;2025-12-22;6;515
26;2025-12-22;7;1115
26;2025-12-22;8;2198
26;2025-12-22;9;1482
26;2025-12-22;10;1244
26;2025-12-22;11;1126
26;2025-12-22;12;1167
26;2025-12-22;13;1209
26;2025-12-22;14;1260
26;2025-12-22;15;1367
26;2025-12-22;16;1524
26;2025-12-22;17;1702
26;2025-12-22;18;1900
26;2025-12-22;19;1280
26;2025-12-22;20;808
26;2025-12-22;21;495
26;2025-12-22;22;228
26;2025-12-22;23;121
26;2025-12-23;0;32
26;2025-12-23;1;2
26;2025-12-23;2;0
26;2025-12-23;3;0
26;2025-12-23;4;2
26;2025-12-23;5;97
26;2025-12-23;6;529
26;2025-12-23;7;1146
26;2025-12-23;8;2259
26;2025-12-23;9;1523
26;2025-12-23;10;1279
26;2025-12-23;11;1157
26;2025-12-23;12;1199
26;2025-12-23;13;1243
26;2025-12-23;14;1295
26;2025-12-23;15;1405
26;2025-12-23;16;1566
26;2025-12-23;17;1749
26;2025-12-23;18;1953
26;2025-12-23;19;1315
26;2025-12-23;20;830
26;2025-12-23;21;510
26;2025-12-23;22;234
26;2025-12-23;23;124
26;2025-12-24;0;32
26;2025-12-24;1;2
26;2025-12-24;2;0
26;2025-12-24;3;0
26;2025-12-24;4;2
26;2025-12-24;5;97
26;2025-12-24;6;529
26;2025-12-24;7;1146
26;2025-12-24;8;2259
26;2025-12-24;9;1523
26;2025-12-24;10;1279
26;2025-12-24;11;1157
26;2025-12-24;12;1199
26;2025-12-24;13;1243
26;2025-12-24;14;1295
26;2025-12-24;15;1405
26;2025-12-24;16;1566
26;2025-12-24;17;1749
26;2025-12-24;18;1953
26;2025-12-24;19;1315
26;2025-12-24;20;830
26;2025-12-24;21;510
26;2025-12-24;22;234
26;2025-12-24;23;124
26;2025-12-25;0;32
26;2025-12-25;1;2
26;2025-12-25;2;0
26;2025-12-25;3;0
26;2025-12-25;4;2
26;2025-12-25;5;97
26;2025-12-25;6;529
26;2025-12-25;7;1146
26;2025-12-25;8;2259
26;2025-12-25;9;1523
26;2025-12-25;10;1279
26;2025-12-25;11;1157
26;2025-12-25;12;1199
26;2025-12-25;13;1243
26;2025-12-25;14;1295
26;2025-12-25;15;1405
26;2025-12-25;16;1566
26;2025-12-25;17;1749
26;2025-12-25;18;1953
26;2025-12-25;19;1315
26;2025-12-25;20;830
26;2025-12-25;21;510
26;2025-12-25;22;234
26;2025-12-25;23;124
26;2025-12-26;0;32
26;2025-12-26;1;2
26;2025-12-26;2;0
26;2025-12-26;3;0
26;2025-12-26;4;1
26;2025-12-26;5;92
26;2025-12-26;6;542
26;2025-12-26;7;1077
26;2025-12-26;8;2163
26;2025-12-26;9;1479
26;2025-12-26;10;1275
26;2025-12-26;11;1163
26;2025-12-26;12;1189
26;2025-12-26;13;1235
26;2025-12-26;14;1297
26;2025-12-26;15;1468
26;2025-12-26;16;1737
26;2025-12-26;17;1790
26;2025-12-26;18;1440
26;2025-12-26;19;1111
26;2025-12-26;20;772
26;2025-12-26;21;485
26;2025-12-26;22;228
26;2025-12-26;23;159
26;2025-12-27;0;45
26;2025-12-27;1;3
26;2025-12-27;2;0
26;2025-12-27;3;0
26;2025-12-27;4;2
26;2025-12-27;5;45
26;2025-12-27;6;272
26;2025-12-27;7;378
26;2025-12-27;8;611
26;2025-12-27;9;698
26;2025-12-27;10;847
26;2025-12-27;11;1036
26;2025-12-27;12;1099
26;2025-12-27;13;1099
26;2025-12-27;14;1117
26;2025-12-27;15;1027
26;2025-12-27;16;1061
26;2025-12-27;17;954
26;2025-12-27;18;905
26;2025-12-27;19;779
26;2025-12-27;20;573
26;2025-12-27;21;384
26;2025-12-27;22;225
26;2025-12-27;23;160
26;2025-12-28;0;53
26;2025-12-28;1;5
26;2025-12-28;2;0
26;2025-12-28;3;0
26;2025-12-28;4;2
26;2025-12-28;5;34
26;2025-12-28;6;170
26;2025-12-28;7;256
26;2025-12-28;8;409
26;2025-12-28;9;576
26;2025-12-28;10;643
26;2025-12-28;11;904
26;2025-12-28;12;911
26;2025-12-28;13;986
26;2025-12-28;14;946
26;2025-12-28;15;876
26;2025-12-28;16;849
26;2025-12-28;17;845
26;2025-12-28;18;767
26;2025-12-28;19;581
26;2025-12-28;20;449
26;2025-12-28;21;320
26;2025-12-28;22;211
26;2025-12-28;23;122
26;2025-12-29;0;28
26;2025-12-29;1;1
26;2025-12-29;2;0
26;2025-12-29;3;0
26;2025-12-29;4;2
26;2025-12-29;5;85
26;2025-12-29;6;463
26;2025-12-29;7;1003
26;2025-12-29;8;1979
26;2025-12-29;9;1334
26;2025-12-29;10;1120
26;2025-12-29;11;1013
26;2025-12-29;12;1050
26;2025-12-29;13;1089
26;2025-12-29;14;1134
26;2025-12-29;15;1230
26;2025-12-29;16;1371
26;2025-12-29;17;1532
26;2025-12-29;18;1710
26;2025-12-29;19;1152
26;2025-12-29;20;727
26;2025-12-29;21;446
26;2025-12-29;22;205
26;2025-12-29;23;108
26;2025-12-30;0;27
26;2025-12-30;1;1
26;2025-12-30;2;0
26;2025-12-30;3;0
26;2025-12-30;4;2
26;2025-12-30;5;83
26;2025-12-30;6;450
26;2025-12-30;7;974
26;2025-12-30;8;1920
26;2025-12-30;9;1295
26;2025-12-30;10;1087
26;2025-12-30;11;983
26;2025-12-30;12;1019
26;2025-12-30;13;1056
26;2025-12-30;14;1101
26;2025-12-30;15;1194
26;2025-12-30;16;1331
26;2025-12-30;17;1486
26;2025-12-30;18;1660
26;2025-12-30;19;1118
26;2025-12-30;20;706
26;2025-12-30;21;433
26;2025-12-30;22;199
26;2025-12-30;23;105
26;2025-12-31;0;24
26;2025-12-31;1;2
26;2025-12-31;2;0
26;2025-12-31;3;0
26;2025-12-31;4;1
26;2025-12-31;5;24
26;2025-12-31;6;147
26;2025-12-31;7;204
26;2025-12-31;8;330
26;2025-12-31;9;377
26;2025-12-31;10;458
26;2025-12-31;11;560
26;2025-12-31;12;594
26;2025-12-31;13;594
26;2025-12-31;14;604
26;2025-12-31;15;555
26;2025-12-31;16;574
26;2025-12-31;17;516
26;2025-12-31;18;490
26;2025-12-31;19;421
26;2025-12-31;20;30
26;2025-12-31;21;20
26;2025-12-31;22;12
26;2025-12-31;23;8
28;2025-11-01;0;0
28;2025-11-01;1;0
28;2025-11-01;2;0
28;2025-11-01;3;0
28;2025-11-01;4;1
28;2025-11-01;5;68
28;2025-11-01;6;246
28;2025-11-01;7;744
28;2025-11-01;8;1133
28;2025-11-01;9;761
28;2025-11-01;10;587
28;2025-11-01;11;535
28;2025-11-01;12;669
28;2025-11-01;13;677
28;2025-11-01;14;656
28;2025-11-01;15;672
28;2025-11-01;16;911
28;2025-11-01;17;903
28;2025-11-01;18;764
28;2025-11-01;19;562
28;2025-11-01;20;434
28;2025-11-01;21;297
28;2025-11-01;22;133
28;2025-11-01;23;20
28;2025-11-02;0;1
28;2025-11-02;1;0
28;2025-11-02;2;0
28;2025-11-02;3;0
28;2025-11-02;4;0
28;2025-11-02;5;31
28;2025-11-02;6;84
28;2025-11-02;7;155
28;2025-11-02;8;256
28;2025-11-02;9;349
28;2025-11-02;10;399
28;2025-11-02;11;438
28;2025-11-02;12;472
28;2025-11-02;13;565
28;2025-11-02;14;530
28;2025-11-02;15;539
28;2025-11-02;16;497
28;2025-11-02;17;514
28;2025-11-02;18;429
28;2025-11-02;19;380
28;2025-11-02;20;313
28;2025-11-02;21;247
28;2025-11-02;22;116
28;2025-11-02;23;13
28;2025-11-03;0;1
28;2025-11-03;1;0
28;2025-11-03;2;0
28;2025-11-03;3;0
28;2025-11-03;4;1
28;2025-11-03;5;30
28;2025-11-03;6;81
28;2025-11-03;7;164
28;2025-11-03;8;275
28;2025-11-03;9;354
28;2025-11-03;10;393
28;2025-11-03;11;418
28;2025-11-03;12;468
28;2025-11-03;13;519
28;2025-11-03;14;494
28;2025-11-03;15;500
28;2025-11-03;16;478
28;2025-11-03;17;475
28;2025-11-03;18;407
28;2025-11-03;19;339
28;2025-11-03;20;270
28;2025-11-03;21;230
28;2025-11-03;22;103
28;2025-11-03;23;12
28;2025-11-04;0;1
28;2025-11-04;1;0
28;2025-11-04;2;0
28;2025-11-04;3;0
28;2025-11-04;4;1
28;2025-11-04;5;30
28;2025-11-04;6;81
28;2025-11-04;7;164
28;2025-11-04;8;275
28;2025-11-04;9;354
28;2025-11-04;10;393
28;2025-11-04;11;418
28;2025-11-04;12;468
28;2025-11-04;13;519
28;2025-11-04;14;494
28;2025-11-04;15;500
28;2025-11-04;16;478
28;2025-11-04;17;475
28;2025-11-04;18;407
28;2025-11-04;19;339
28;2025-11-04;20;270
28;2025-11-04;21;230
28;2025-11-04;22;103
28;2025-11-04;23;12
28;2025-11-05;0;3
28;2025-11-05;1;0
28;2025-11-05;2;0
28;2025-11-05;3;0
28;2025-11-05;4;2
28;2025-11-05;5;85
28;2025-11-05;6;284
28;2025-11-05;7;864
28;2025-11-05;8;1349
28;2025-11-05;9;916
28;2025-11-05;10;685
28;2025-11-05;11;608
28;2025-11-05;12;739
28;2025-11-05;13;762
28;2025-11-05;14;701
28;2025-11-05;15;739
28;2025-11-05;16;934
28;2025-11-05;17;1071
28;2025-11-05;18;1053
28;2025-11-05;19;782
28;2025-11-05;20;575
28;2025-11-05;21;351
28;2025-11-05;22;145
28;2025-11-05;23;22
28;2025-11-06;0;3
28;2025-11-06;1;0
28;2025-11-06;2;0
28;2025-11-06;3;0
28;2025-11-06;4;2
28;2025-11-06;5;85
28;2025-11-06;6;284
28;2025-11-06;7;864
28;2025-11-06;8;1349
28;2025-11-06;9;916
28;2025-11-06;10;685
28;2025-11-06;11;608
28;2025-11-06;12;739
28;2025-11-06;13;762
28;2025-11-06;14;701
28;2025-11-06;15;739
28;2025-11-06;16;934
28;2025-11-06;17;1071
28;2025-11-06;18;1053
28;2025-11-06;19;782
28;2025-11-06;20;575
28;2025-11-06;21;351
28;2025-11-06;22;145
28;2025-11-06;23;22
28;2025-11-07;0;2
28;2025-11-07;1;0
28;2025-11-07;2;0
28;2025-11-07;3;0
28;2025-11-07;4;1
28;2025-11-07;5;77
28;2025-11-07;6;279
28;2025-11-07;7;846
28;2025-11-07;8;1288
28;2025-11-07;9;865
28;2025-11-07;10;667
28;2025-11-07;11;608
28;2025-11-07;12;760
28;2025-11-07;13;770
28;2025-11-07;14;746
28;2025-11-07;15;764
28;2025-11-07;16;1035
28;2025-11-07;17;1026
28;2025-11-07;18;868
28;2025-11-07;19;639
28;2025-11-07;20;493
28;2025-11-07;21;337
28;2025-11-07;22;151
28;2025-11-07;23;23
28;2025-11-08;0;1
28;2025-11-08;1;0
28;2025-11-08;2;0
28;2025-11-08;3;0
28;2025-11-08;4;1
28;2025-11-08;5;38
28;2025-11-08;6;103
28;2025-11-08;7;228
28;2025-11-08;8;386
28;2025-11-08;9;474
28;2025-11-08;10;513
28;2025-11-08;11;528
28;2025-11-08;12;613
28;2025-11-08;13;630
28;2025-11-08;14;610
28;2025-11-08;15;613
28;2025-11-08;16;609
28;2025-11-08;17;581
28;2025-11-08;18;510
28;2025-11-08;19;400
28;2025-11-08;20;306
28;2025-11-08;21;281
28;2025-11-08;22;122
28;2025-11-08;23;14
28;2025-11-09;0;1
28;2025-11-09;1;0
28;2025-11-09;2;0
28;2025-11-09;3;0
28;2025-11-09;4;0
28;2025-11-09;5;31
28;2025-11-09;6;84
28;2025-11-09;7;155
28;2025-11-09;8;256
28;2025-11-09;9;349
28;2025-11-09;10;399
28;2025-11-09;11;438
28;2025-11-09;12;472
28;2025-11-09;13;565
28;2025-11-09;14;530
28;2025-11-09;15;539
28;2025-11-09;16;497
28;2025-11-09;17;514
28;2025-11-09;18;429
28;2025-11-09;19;380
28;2025-11-09;20;313
28;2025-11-09;21;247
28;2025-11-09;22;116
28;2025-11-09;23;13
28;2025-11-10;0;3
28;2025-11-10;1;0
28;2025-11-10;2;0
28;2025-11-10;3;0
28;2025-11-10;4;2
28;2025-11-10;5;83
28;2025-11-10;6;276
28;2025-11-10;7;841
28;2025-11-10;8;1313
28;2025-11-10;9;892
28;2025-11-10;10;667
28;2025-11-10;11;592
28;2025-11-10;12;719
28;2025-11-10;13;742
28;2025-11-10;14;682
28;2025-11-10;15;719
28;2025-11-10;16;908
28;2025-11-10;17;1043
28;2025-11-10;18;1024
28;2025-11-10;19;761
28;2025-11-10;20;559
28;2025-11-10;21;342
28;2025-11-10;22;141
28;2025-11-10;23;21
28;2025-11-11;0;3
28;2025-11-11;1;0
28;2025-11-11;2;0
28;2025-11-11;3;0
28;2025-11-11;4;2
28;2025-11-11;5;85
28;2025-11-11;6;284
28;2025-11-11;7;864
28;2025-11-11;8;1349
28;2025-11-11;9;916
28;2025-11-11;10;685
28;2025-11-11;11;608
28;2025-11-11;12;739
28;2025-11-11;13;762
28;2025-11-11;14;701
28;2025-11-11;15;739
28;2025-11-11;16;934
28;2025-11-11;17;1071
28;2025-11-11;18;1053
28;2025-11-11;19;782
28;2025-11-11;20;575
28;2025-11-11;21;351
28;2025-11-11;22;145
28;2025-11-11;23;22
28;2025-11-12;0;3
28;2025-11-12;1;0
28;2025-11-12;2;0
28;2025-11-12;3;0
28;2025-11-12;4;2
28;2025-11-12;5;85
28;2025-11-12;6;284
28;2025-11-12;7;864
28;2025-11-12;8;1349
28;2025-11-12;9;916
28;2025-11-12;10;685
28;2025-11-12;11;608
28;2025-11-12;12;739
28;2025-11-12;13;762
28;2025-11-12;14;701
28;2025-11-12;15;739
28;2025-11-12;16;934
28;2025-11-12;17;1071
28;2025-11-12;18;1053
28;2025-11-12;19;782
28;2025-11-12;20;575
28;2025-11-12;21;351
28;2025-11-12;22;145
28;2025-11-12;23;22
28;2025-11-13;0;3
28;2025-11-13;1;0
28;2025-11-13;2;0
28;2025-11-13;3;0
28;2025-11-13;4;2
28;2025-11-13;5;85
28;2025-11-13;6;284
28;2025-11-13;7;864
28;2025-11-13;8;1349
28;2025-11-13;9;916
28;2025-11-13;10;685
28;2025-11-13;11;608
28;2025-11-13;12;739
28;2025-11-13;13;762
28;2025-11-13;14;701
28;2025-11-13;15;739
28;2025-11-13;16;934
28;2025-11-13;17;1071
28;2025-11-13;18;1053
28;2025-11-13;19;782
28;2025-11-13;20;575
28;2025-11-13;21;351
28;2025-11-13;22;145
28;2025-11-13;23;22
28;2025-11-14;0;2
28;2025-11-14;1;0
28;2025-11-14;2;0
28;2025-11-14;3;0
28;2025-11-14;4;1
28;2025-11-14;5;77
28;2025-11-14;6;279
28;2025-11-14;7;846
28;2025-11-14;8;1288
28;2025-11-14;9;865
28;2025-11-14;10;667
28;2025-11-14;11;608
28;2025-11-14;12;760
28;2025-11-14;13;770
28;2025-11-14;14;746
28;2025-11-14;15;764
28;2025-11-14;16;1035
28;2025-11-14;17;1026
28;2025-11-14;18;868
28;2025-11-14;19;639
28;2025-11-14;20;493
28;2025-11-14;21;337
28;2025-11-14;22;151
28;2025-11-14;23;23
28;2025-11-15;0;1
28;2025-11-15;1;0
28;2025-11-15;2;0
28;2025-11-15;3;0
28;2025-11-15;4;1
28;2025-11-15;5;38
28;2025-11-15;6;103
28;2025-11-15;7;228
28;2025-11-15;8;386
28;2025-11-15;9;474
28;2025-11-15;10;513
28;2025-11-15;11;528
28;2025-11-15;12;613
28;2025-11-15;13;630
28;2025-11-15;14;610
28;2025-11-15;15;613
28;2025-11-15;16;609
28;2025-11-15;17;581
28;2025-11-15;18;510
28;2025-11-15;19;400
28;2025-11-15;20;306
28;2025-11-15;21;281
28;2025-11-15;22;122
28;2025-11-15;23;14
28;2025-11-16;0;1
28;2025-11-16;1;0
28;2025-11-16;2;0
28;2025-11-16;3;0
28;2025-11-16;4;0
28;2025-11-16;5;31
28;2025-11-16;6;84
28;2025-11-16;7;155
28;2025-11-16;8;256
28;2025-11-16;9;349
28;2025-11-16;10;399
28;2025-11-16;11;438
28;2025-11-16;12;472
28;2025-11-16;13;565
28;2025-11-16;14;530
28;2025-11-16;15;539
28;2025-11-16;16;497
28;2025-11-16;17;514
28;2025-11-16;18;429
28;2025-11-16;19;380
28;2025-11-16;20;313
28;2025-11-16;21;247
28;2025-11-16;22;116
28;2025-11-16;23;13
28;2025-11-17;0;3
28;2025-11-17;1;0
28;2025-11-17;2;0
28;2025-11-17;3;0
28;2025-11-17;4;2
28;2025-11-17;5;83
28;2025-11-17;6;276
28;2025-11-17;7;841
28;2025-11-17;8;1313
28;2025-11-17;9;892
28;2025-11-17;10;667
28;2025-11-17;11;592
28;2025-11-17;12;719
28;2025-11-17;13;742
28;2025-11-17;14;682
28;2025-11-17;15;719
28;2025-11-17;16;908
28;2025-11-17;17;1043
28;2025-11-17;18;1024
28;2025-11-17;19;761
28;2025-11-17;20;559
28;2025-11-17;21;342
28;2025-11-17;22;141
28;2025-11-17;23;21
28;2025-11-18;0;3
28;2025-11-18;1;0
28;2025-11-18;2;0
28;2025-11-18;3;0
28;2025-11-18;4;2
28;2025-11-18;5;85
28;2025-11-18;6;284
28;2025-11-18;7;864
28;2025-11-18;8;1349
28;2025-11-18;9;916
28;2025-11-18;10;685
28;2025-11-18;11;608
28;2025-11-18;12;739
28;2025-11-18;13;762
28;2025-11-18;14;701
28;2025-11-18;15;739
28;2025-11-18;16;934
28;2025-11-18;17;1071
28;2025-11-18;18;1053
28;2025-11-18;19;782
28;2025-11-18;20;575
28;2025-11-18;21;351
28;2025-11-18;22;145
28;2025-11-18;23;22
28;2025-11-19;0;3
28;2025-11-19;1;0
28;2025-11-19;2;0
28;2025-11-19;3;0
28;2025-11-19;4;2
28;2025-11-19;5;85
28;2025-11-19;6;284
28;2025-11-19;7;864
28;2025-11-19;8;1349
28;2025-11-19;9;916
28;2025-11-19;10;685
28;2025-11-19;11;608
28;2025-11-19;12;739
28;2025-11-19;13;762
28;2025-11-19;14;701
28;2025-11-19;15;739
28;2025-11-19;16;934
28;2025-11-19;17;1071
28;2025-11-19;18;1053
28;2025-11-19;19;782
28;2025-11-19;20;575
28;2025-11-19;21;351
28;2025-11-19;22;145
28;2025-11-19;23;22
28;2025-11-20;0;3
28;2025-11-20;1;0
28;2025-11-20;2;0
28;2025-11-20;3;0
28;2025-11-20;4;2
28;2025-11-20;5;85
28;2025-11-20;6;284
28;2025-11-20;7;864
28;2025-11-20;8;1349
28;2025-11-20;9;916
28;2025-11-20;10;685
28;2025-11-20;11;608
28;2025-11-20;12;739
28;2025-11-20;13;762
28;2025-11-20;14;701
28;2025-11-20;15;739
28;2025-11-20;16;934
28;2025-11-20;17;1071
28;2025-11-20;18;1053
28;2025-11-20;19;782
28;2025-11-20;20;575
28;2025-11-20;21;351
28;2025-11-20;22;145
28;2025-11-20;23;22
28;2025-11-21;0;2
28;2025-11-21;1;0
28;2025-11-21;2;0
28;2025-11-21;3;0
28;2025-11-21;4;1
28;2025-11-21;5;77
28;2025-11-21;6;279
28;2025-11-21;7;846
28;2025-11-21;8;1288
28;2025-11-21;9;865
28;2025-11-21;10;667
28;2025-11-21;11;608
28;2025-11-21;12;760
28;2025-11-21;13;770
28;2025-11-21;14;746
28;2025-11-21;15;764
28;2025-11-21;16;1035
28;2025-11-21;17;1026
28;2025-11-21;18;868
28;2025-11-21;19;639
28;2025-11-21;20;493
28;2025-11-21;21;337
28;2025-11-21;22;151
28;2025-11-21;23;23
28;2025-11-22;0;1
28;2025-11-22;1;0
28;2025-11-22;2;0
28;2025-11-22;3;0
28;2025-11-22;4;1
28;2025-11-22;5;38
28;2025-11-22;6;103
28;2025-11-22;7;228
28;2025-11-22;8;386
28;2025-11-22;9;474
28;2025-11-22;10;513
28;2025-11-22;11;528
28;2025-11-22;12;613
28;2025-11-22;13;630
28;2025-11-22;14;610
28;2025-11-22;15;613
28;2025-11-22;16;609
28;2025-11-22;17;581
28;2025-11-22;18;510
28;2025-11-22;19;400
28;2025-11-22;20;306
28;2025-11-22;21;281
28;2025-11-22;22;122
28;2025-11-22;23;14
28;2025-11-23;0;1
28;2025-11-23;1;0
28;2025-11-23;2;0
28;2025-11-23;3;0
28;2025-11-23;4;0
28;2025-11-23;5;31
28;2025-11-23;6;84
28;2025-11-23;7;155
28;2025-11-23;8;256
28;2025-11-23;9;349
28;2025-11-23;10;399
28;2025-11-23;11;438
28;2025-11-23;12;472
28;2025-11-23;13;565
28;2025-11-23;14;530
28;2025-11-23;15;539
28;2025-11-23;16;497
28;2025-11-23;17;514
28;2025-11-23;18;429
28;2025-11-23;19;380
28;2025-11-23;20;313
28;2025-11-23;21;247
28;2025-11-23;22;116
28;2025-11-23;23;13
28;2025-11-24;0;3
28;2025-11-24;1;0
28;2025-11-24;2;0
28;2025-11-24;3;0
28;2025-11-24;4;2
28;2025-11-24;5;83
28;2025-11-24;6;276
28;2025-11-24;7;841
28;2025-11-24;8;1313
28;2025-11-24;9;892
28;2025-11-24;10;667
28;2025-11-24;11;592
28;2025-11-24;12;719
28;2025-11-24;13;742
28;2025-11-24;14;682
28;2025-11-24;15;719
28;2025-11-24;16;908
28;2025-11-24;17;1043
28;2025-11-24;18;1024
28;2025-11-24;19;761
28;2025-11-24;20;559
28;2025-11-24;21;342
28;2025-11-24;22;141
28;2025-11-24;23;21
28;2025-11-25;0;3
28;2025-11-25;1;0
28;2025-11-25;2;0
28;2025-11-25;3;0
28;2025-11-25;4;2
28;2025-11-25;5;85
28;2025-11-25;6;284
28;2025-11-25;7;864
28;2025-11-25;8;1349
28;2025-11-25;9;916
28;2025-11-25;10;685
28;2025-11-25;11;608
28;2025-11-25;12;739
28;2025-11-25;13;762
28;2025-11-25;14;701
28;2025-11-25;15;739
28;2025-11-25;16;934
28;2025-11-25;17;1071
28;2025-11-25;18;1053
28;2025-11-25;19;782
28;2025-11-25;20;575
28;2025-11-25;21;351
28;2025-11-25;22;145
28;2025-11-25;23;22
28;2025-11-26;0;3
28;2025-11-26;1;0
28;2025-11-26;2;0
28;2025-11-26;3;0
28;2025-11-26;4;2
28;2025-11-26;5;85
28;2025-11-26;6;284
28;2025-11-26;7;864
28;2025-11-26;8;1349
28;2025-11-26;9;916
28;2025-11-26;10;685
28;2025-11-26;11;608
28;2025-11-26;12;739
28;2025-11-26;13;762
28;2025-11-26;14;701
28;2025-11-26;15;739
28;2025-11-26;16;934
28;2025-11-26;17;1071
28;2025-11-26;18;1053
28;2025-11-26;19;782
28;2025-11-26;20;575
28;2025-11-26;21;351
28;2025-11-26;22;145
28;2025-11-26;23;22
28;2025-11-27;0;3
28;2025-11-27;1;0
28;2025-11-27;2;0
28;2025-11-27;3;0
28;2025-11-27;4;2
28;2025-11-27;5;85
28;2025-11-27;6;284
28;2025-11-27;7;864
28;2025-11-27;8;1349
28;2025-11-27;9;916
28;2025-11-27;10;685
28;2025-11-27;11;608
28;2025-11-27;12;739
28;2025-11-27;13;762
28;2025-11-27;14;701
28;2025-11-27;15;739
28;2025-11-27;16;934
28;2025-11-27;17;1071
28;2025-11-27;18;1053
28;2025-11-27;19;782
28;2025-11-27;20;575
28;2025-11-27;21;351
28;2025-11-27;22;145
28;2025-11-27;23;22
28;2025-11-28;0;2
28;2025-11-28;1;0
28;2025-11-28;2;0
28;2025-11-28;3;0
28;2025-11-28;4;1
28;2025-11-28;5;77
28;2025-11-28;6;279
28;2025-11-28;7;846
28;2025-11-28;8;1288
28;2025-11-28;9;865
28;2025-11-28;10;667
28;2025-11-28;11;608
28;2025-11-28;12;760
28;2025-11-28;13;770
28;2025-11-28;14;746
28;2025-11-28;15;764
28;2025-11-28;16;1035
28;2025-11-28;17;1026
28;2025-11-28;18;868
28;2025-11-28;19;639
28;2025-11-28;20;493
28;2025-11-28;21;337
28;2025-11-28;22;151
28;2025-11-28;23;23
28;2025-11-29;0;1
28;2025-11-29;1;0
28;2025-11-29;2;0
28;2025-11-29;3;0
28;2025-11-29;4;1
28;2025-11-29;5;38
28;2025-11-29;6;103
28;2025-11-29;7;228
28;2025-11-29;8;386
28;2025-11-29;9;474
28;2025-11-29;10;513
28;2025-11-29;11;528
28;2025-11-29;12;613
28;2025-11-29;13;630
28;2025-11-29;14;610
28;2025-11-29;15;613
28;2025-11-29;16;609
28;2025-11-29;17;581
28;2025-11-29;18;510
28;2025-11-29;19;400
28;2025-11-29;20;306
28;2025-11-29;21;281
28;2025-11-29;22;122
28;2025-11-29;23;14
28;2025-11-30;0;1
28;2025-11-30;1;0
28;2025-11-30;2;0
28;2025-11-30;3;0
28;2025-11-30;4;0
28;2025-11-30;5;31
28;2025-11-30;6;84
28;2025-11-30;7;155
28;2025-11-30;8;256
28;2025-11-30;9;349
28;2025-11-30;10;399
28;2025-11-30;11;438
28;2025-11-30;12;472
28;2025-11-30;13;565
28;2025-11-30;14;530
28;2025-11-30;15;539
28;2025-11-30;16;497
28;2025-11-30;17;514
28;2025-11-30;18;429
28;2025-11-30;19;380
28;2025-11-30;20;313
28;2025-11-30;21;247
28;2025-11-30;22;116
28;2025-11-30;23;13
28;2025-12-01;0;3
28;2025-12-01;1;0
28;2025-12-01;2;0
28;2025-12-01;3;0
28;2025-12-01;4;2
28;2025-12-01;5;83
28;2025-12-01;6;279
28;2025-12-01;7;847
28;2025-12-01;8;1310
28;2025-12-01;9;899
28;2025-12-01;10;671
28;2025-12-01;11;592
28;2025-12-01;12;716
28;2025-12-01;13;743
28;2025-12-01;14;679
28;2025-12-01;15;718
28;2025-12-01;16;904
28;2025-12-01;17;1037
28;2025-12-01;18;1021
28;2025-12-01;19;759
28;2025-12-01;20;558
28;2025-12-01;21;341
28;2025-12-01;22;144
28;2025-12-01;23;23
28;2025-12-02;0;3
28;2025-12-02;1;0
28;2025-12-02;2;0
28;2025-12-02;3;0
28;2025-12-02;4;2
28;2025-12-02;5;85
28;2025-12-02;6;287
28;2025-12-02;7;871
28;2025-12-02;8;1346
28;2025-12-02;9;924
28;2025-12-02;10;690
28;2025-12-02;11;609
28;2025-12-02;12;735
28;2025-12-02;13;763
28;2025-12-02;14;698
28;2025-12-02;15;738
28;2025-12-02;16;929
28;2025-12-02;17;1065
28;2025-12-02;18;1050
28;2025-12-02;19;780
28;2025-12-02;20;574
28;2025-12-02;21;350
28;2025-12-02;22;148
28;2025-12-02;23;23
28;2025-12-03;0;3
28;2025-12-03;1;0
28;2025-12-03;2;0
28;2025-12-03;3;0
28;2025-12-03;4;2
28;2025-12-03;5;85
28;2025-12-03;6;287
28;2025-12-03;7;871
28;2025-12-03;8;1346
28;2025-12-03;9;924
28;2025-12-03;10;690
28;2025-12-03;11;609
28;2025-12-03;12;735
28;2025-12-03;13;763
28;2025-12-03;14;698
28;2025-12-03;15;738
28;2025-12-03;16;929
28;2025-12-03;17;1065
28;2025-12-03;18;1050
28;2025-12-03;19;780
28;2025-12-03;20;574
28;2025-12-03;21;350
28;2025-12-03;22;148
28;2025-12-03;23;23
28;2025-12-04;0;3
28;2025-12-04;1;0
28;2025-12-04;2;0
28;2025-12-04;3;0
28;2025-12-04;4;2
28;2025-12-04;5;85
28;2025-12-04;6;287
28;2025-12-04;7;871
28;2025-12-04;8;1346
28;2025-12-04;9;924
28;2025-12-04;10;690
28;2025-12-04;11;609
28;2025-12-04;12;735
28;2025-12-04;13;763
28;2025-12-04;14;698
28;2025-12-04;15;738
28;2025-12-04;16;929
28;2025-12-04;17;1065
28;2025-12-04;18;1050
28;2025-12-04;19;780
28;2025-12-04;20;574
28;2025-12-04;21;350
28;2025-12-04;22;148
28;2025-12-04;23;23
28;2025-12-05;0;2
28;2025-12-05;1;0
28;2025-12-05;2;0
28;2025-12-05;3;0
28;2025-12-05;4;1
28;2025-12-05;5;77
28;2025-12-05;6;278
28;2025-12-05;7;842
28;2025-12-05;8;1279
28;2025-12-05;9;868
28;2025-12-05;10;670
28;2025-12-05;11;605
28;2025-12-05;12;749
28;2025-12-05;13;775
28;2025-12-05;14;748
28;2025-12-05;15;767
28;2025-12-05;16;1044
28;2025-12-05;17;1029
28;2025-12-05;18;865
28;2025-12-05;19;635
28;2025-12-05;20;502
28;2025-12-05;21;334
28;2025-12-05;22;154
28;2025-12-05;23;23
28;2025-12-06;0;1
28;2025-12-06;1;0
28;2025-12-06;2;0
28;2025-12-06;3;0
28;2025-12-06;4;1
28;2025-12-06;5;37
28;2025-12-06;6;102
28;2025-12-06;7;227
28;2025-12-06;8;381
28;2025-12-06;9;475
28;2025-12-06;10;512
28;2025-12-06;11;529
28;2025-12-06;12;613
28;2025-12-06;13;631
28;2025-12-06;14;616
28;2025-12-06;15;611
28;2025-12-06;16;605
28;2025-12-06;17;580
28;2025-12-06;18;511
28;2025-12-06;19;403
28;2025-12-06;20;307
28;2025-12-06;21;283
28;2025-12-06;22;124
28;2025-12-06;23;15
28;2025-12-07;0;1
28;2025-12-07;1;0
28;2025-12-07;2;0
28;2025-12-07;3;0
28;2025-12-07;4;1
28;2025-12-07;5;31
28;2025-12-07;6;85
28;2025-12-07;7;152
28;2025-12-07;8;255
28;2025-12-07;9;346
28;2025-12-07;10;395
28;2025-12-07;11;433
28;2025-12-07;12;472
28;2025-12-07;13;562
28;2025-12-07;14;527
28;2025-12-07;15;538
28;2025-12-07;16;500
28;2025-12-07;17;515
28;2025-12-07;18;427
28;2025-12-07;19;377
28;2025-12-07;20;312
28;2025-12-07;21;246
28;2025-12-07;22;116
28;2025-12-07;23;12
28;2025-12-08;0;3
28;2025-12-08;1;0
28;2025-12-08;2;0
28;2025-12-08;3;0
28;2025-12-08;4;2
28;2025-12-08;5;83
28;2025-12-08;6;279
28;2025-12-08;7;847
28;2025-12-08;8;1310
28;2025-12-08;9;899
28;2025-12-08;10;671
28;2025-12-08;11;592
28;2025-12-08;12;716
28;2025-12-08;13;743
28;2025-12-08;14;679
28;2025-12-08;15;718
28;2025-12-08;16;904
28;2025-12-08;17;1037
28;2025-12-08;18;1021
28;2025-12-08;19;759
28;2025-12-08;20;558
28;2025-12-08;21;341
28;2025-12-08;22;144
28;2025-12-08;23;23
28;2025-12-09;0;3
28;2025-12-09;1;0
28;2025-12-09;2;0
28;2025-12-09;3;0
28;2025-12-09;4;2
28;2025-12-09;5;85
28;2025-12-09;6;287
28;2025-12-09;7;871
28;2025-12-09;8;1346
28;2025-12-09;9;924
28;2025-12-09;10;690
28;2025-12-09;11;609
28;2025-12-09;12;735
28;2025-12-09;13;763
28;2025-12-09;14;698
28;2025-12-09;15;738
28;2025-12-09;16;929
28;2025-12-09;17;1065
28;2025-12-09;18;1050
28;2025-12-09;19;780
28;2025-12-09;20;574
28;2025-12-09;21;350
28;2025-12-09;22;148
28;2025-12-09;23;23
28;2025-12-10;0;3
28;2025-12-10;1;0
28;2025-12-10;2;0
28;2025-12-10;3;0
28;2025-12-10;4;2
28;2025-12-10;5;85
28;2025-12-10;6;287
28;2025-12-10;7;871
28;2025-12-10;8;1346
28;2025-12-10;9;924
28;2025-12-10;10;690
28;2025-12-10;11;609
28;2025-12-10;12;735
28;2025-12-10;13;763
28;2025-12-10;14;698
28;2025-12-10;15;738
28;2025-12-10;16;929
28;2025-12-10;17;1065
28;2025-12-10;18;1050
28;2025-12-10;19;780
28;2025-12-10;20;574
28;2025-12-10;21;350
28;2025-12-10;22;148
28;2025-12-10;23;23
28;2025-12-11;0;3
28;2025-12-11;1;0
28;2025-12-11;2;0
28;2025-12-11;3;0
28;2025-12-11;4;2
28;2025-12-11;5;85
28;2025-12-11;6;287
28;2025-12-11;7;871
28;2025-12-11;8;1346
28;2025-12-11;9;924
28;2025-12-11;10;690
28;2025-12-11;11;609
28;2025-12-11;12;735
28;2025-12-11;13;763
28;2025-12-11;14;698
28;2025-12-11;15;738
28;2025-12-11;16;929
28;2025-12-11;17;1065
28;2025-12-11;18;1050
28;2025-12-11;19;780
28;2025-12-11;20;574
28;2025-12-11;21;350
28;2025-12-11;22;148
28;2025-12-11;23;23
28;2025-12-12;0;2
28;2025-12-12;1;0
28;2025-12-12;2;0
28;2025-12-12;3;0
28;2025-12-12;4;1
28;2025-12-12;5;77
28;2025-12-12;6;278
28;2025-12-12;7;842
28;2025-12-12;8;1279
28;2025-12-12;9;868
28;2025-12-12;10;670
28;2025-12-12;11;605
28;2025-12-12;12;749
28;2025-12-12;13;775
28;2025-12-12;14;748
28;2025-12-12;15;767
28;2025-12-12;16;1044
28;2025-12-12;17;1029
28;2025-12-12;18;865
28;2025-12-12;19;635
28;2025-12-12;20;502
28;2025-12-12;21;334
28;2025-12-12;22;154
28;2025-12-12;23;23
28;2025-12-13;0;1
28;2025-12-13;1;0
28;2025-12-13;2;0
28;2025-12-13;3;0
28;2025-12-13;4;1
28;2025-12-13;5;37
28;2025-12-13;6;102
28;2025-12-13;7;227
28;2025-12-13;8;381
28;2025-12-13;9;475
28;2025-12-13;10;512
28;2025-12-13;11;529
28;2025-12-13;12;613
28;2025-12-13;13;631
28;2025-12-13;14;616
28;2025-12-13;15;611
28;2025-12-13;16;605
28;2025-12-13;17;580
28;2025-12-13;18;511
28;2025-12-13;19;403
28;2025-12-13;20;307
28;2025-12-13;21;283
28;2025-12-13;22;124
28;2025-12-13;23;15
28;2025-12-14;0;1
28;2025-12-14;1;0
28;2025-12-14;2;0
28;2025-12-14;3;0
28;2025-12-14;4;1
28;2025-12-14;5;31
28;2025-12-14;6;85
28;2025-12-14;7;152
28;2025-12-14;8;255
28;2025-12-14;9;346
28;2025-12-14;10;395
28;2025-12-14;11;433
28;2025-12-14;12;472
28;2025-12-14;13;562
28;2025-12-14;14;527
28;2025-12-14;15;538
28;2025-12-14;16;500
28;2025-12-14;17;515
28;2025-12-14;18;427
28;2025-12-14;19;377
28;2025-12-14;20;312
28;2025-12-14;21;246
28;2025-12-14;22;116
28;2025-12-14;23;12
28;2025-12-15;0;3
28;2025-12-15;1;0
28;2025-12-15;2;0
28;2025-12-15;3;0
28;2025-12-15;4;2
28;2025-12-15;5;83
28;2025-12-15;6;279
28;2025-12-15;7;847
28;2025-12-15;8;1310
28;2025-12-15;9;899
28;2025-12-15;10;671
28;2025-12-15;11;592
28;2025-12-15;12;716
28;2025-12-15;13;743
28;2025-12-15;14;679
28;2025-12-15;15;718
28;2025-12-15;16;904
28;2025-12-15;17;1037
28;2025-12-15;18;1021
28;2025-12-15;19;759
28;2025-12-15;20;558
28;2025-12-15;21;341
28;2025-12-15;22;144
28;2025-12-15;23;23
28;2025-12-16;0;3
28;2025-12-16;1;0
28;2025-12-16;2;0
28;2025-12-16;3;0
28;2025-12-16;4;2
28;2025-12-16;5;85
28;2025-12-16;6;287
28;2025-12-16;7;871
28;2025-12-16;8;1346
28;2025-12-16;9;924
28;2025-12-16;10;690
28;2025-12-16;11;609
28;2025-12-16;12;735
28;2025-12-16;13;763
28;2025-12-16;14;698
28;2025-12-16;15;738
28;2025-12-16;16;929
28;2025-12-16;17;1065
28;2025-12-16;18;1050
28;2025-12-16;19;780
28;2025-12-16;20;574
28;2025-12-16;21;350
28;2025-12-16;22;148
28;2025-12-16;23;23
28;2025-12-17;0;3
28;2025-12-17;1;0
28;2025-12-17;2;0
28;2025-12-17;3;0
28;2025-12-17;4;2
28;2025-12-17;5;85
28;2025-12-17;6;287
28;2025-12-17;7;871
28;2025-12-17;8;1346
28;2025-12-17;9;924
28;2025-12-17;10;690
28;2025-12-17;11;609
28;2025-12-17;12;735
28;2025-12-17;13;763
28;2025-12-17;14;698
28;2025-12-17;15;738
28;2025-12-17;16;929
28;2025-12-17;17;1065
28;2025-12-17;18;1050
28;2025-12-17;19;780
28;2025-12-17;20;574
28;2025-12-17;21;350
28;2025-12-17;22;148
28;2025-12-17;23;23
28;2025-12-18;0;3
28;2025-12-18;1;0
28;2025-12-18;2;0
28;2025-12-18;3;0
28;2025-12-18;4;2
28;2025-12-18;5;85
28;2025-12-18;6;287
28;2025-12-18;7;871
28;2025-12-18;8;1346
28;2025-12-18;9;924
28;2025-12-18;10;690
28;2025-12-18;11;609
28;2025-12-18;12;735
28;2025-12-18;13;763
28;2025-12-18;14;698
28;2025-12-18;15;738
28;2025-12-18;16;929
28;2025-12-18;17;1065
28;2025-12-18;18;1050
28;2025-12-18;19;780
28;2025-12-18;20;574
28;2025-12-18;21;350
28;2025-12-18;22;148
28;2025-12-18;23;23
28;2025-12-19;0;2
28;2025-12-19;1;0
28;2025-12-19;2;0
28;2025-12-19;3;0
28;2025-12-19;4;1
28;2025-12-19;5;77
28;2025-12-19;6;278
28;2025-12-19;7;842
28;2025-12-19;8;1279
28;2025-12-19;9;868
28;2025-12-19;10;670
28;2025-12-19;11;605
28;2025-12-19;12;749
28;2025-12-19;13;775
28;2025-12-19;14;748
28;2025-12-19;15;767
28;2025-12-19;16;1044
28;2025-12-19;17;1029
28;2025-12-19;18;865
28;2025-12-19;19;635
28;2025-12-19;20;502
28;2025-12-19;21;334
28;2025-12-19;22;154
28;2025-12-19;23;23
28;2025-12-20;0;1
28;2025-12-20;1;0
28;2025-12-20;2;0
28;2025-12-20;3;0
28;2025-12-20;4;1
28;2025-12-20;5;37
28;2025-12-20;6;102
28;2025-12-20;7;227
28;2025-12-20;8;381
28;2025-12-20;9;475
28;2025-12-20;10;512
28;2025-12-20;11;529
28;2025-12-20;12;613
28;2025-12-20;13;631
28;2025-12-20;14;616
28;2025-12-20;15;611
28;2025-12-20;16;605
28;2025-12-20;17;580
28;2025-12-20;18;511
28;2025-12-20;19;403
28;2025-12-20;20;307
28;2025-12-20;21;283
28;2025-12-20;22;124
28;2025-12-20;23;15
28;2025-12-21;0;1
28;2025-12-21;1;0
28;2025-12-21;2;0
28;2025-12-21;3;0
28;2025-12-21;4;1
28;2025-12-21;5;31
28;2025-12-21;6;85
28;2025-12-21;7;152
28;2025-12-21;8;255
28;2025-12-21;9;346
28;2025-12-21;10;395
28;2025-12-21;11;433
28;2025-12-21;12;472
28;2025-12-21;13;562
28;2025-12-21;14;527
28;2025-12-21;15;538
28;2025-12-21;16;500
28;2025-12-21;17;515
28;2025-12-21;18;427
28;2025-12-21;19;377
28;2025-12-21;20;312
28;2025-12-21;21;246
28;2025-12-21;22;116
28;2025-12-21;23;12
28;2025-12-22;0;3
28;2025-12-22;1;0
28;2025-12-22;2;0
28;2025-12-22;3;0
28;2025-12-22;4;2
28;2025-12-22;5;83
28;2025-12-22;6;279
28;2025-12-22;7;847
28;2025-12-22;8;1310
28;2025-12-22;9;899
28;2025-12-22;10;671
28;2025-12-22;11;592
28;2025-12-22;12;716
28;2025-12-22;13;743
28;2025-12-22;14;679
28;2025-12-22;15;718
28;2025-12-22;16;904
28;2025-12-22;17;1037
28;2025-12-22;18;1021
28;2025-12-22;19;759
28;2025-12-22;20;558
28;2025-12-22;21;341
28;2025-12-22;22;144
28;2025-12-22;23;23
28;2025-12-23;0;3
28;2025-12-23;1;0
28;2025-12-23;2;0
28;2025-12-23;3;0
28;2025-12-23;4;2
28;2025-12-23;5;85
28;2025-12-23;6;287
28;2025-12-23;7;871
28;2025-12-23;8;1346
28;2025-12-23;9;924
28;2025-12-23;10;690
28;2025-12-23;11;609
28;2025-12-23;12;735
28;2025-12-23;13;763
28;2025-12-23;14;698
28;2025-12-23;15;738
28;2025-12-23;16;929
28;2025-12-23;17;1065
28;2025-12-23;18;1050
28;2025-12-23;19;780
28;2025-12-23;20;574
28;2025-12-23;21;350
28;2025-12-23;22;148
28;2025-12-23;23;23
28;2025-12-24;0;3
28;2025-12-24;1;0
28;2025-12-24;2;0
28;2025-12-24;3;0
28;2025-12-24;4;2
28;2025-12-24;5;85
28;2025-12-24;6;287
28;2025-12-24;7;871
28;2025-12-24;8;1346
28;2025-12-24;9;924
28;2025-12-24;10;690
28;2025-12-24;11;609
28;2025-12-24;12;735
28;2025-12-24;13;763
28;2025-12-24;14;698
28;2025-12-24;15;738
28;2025-12-24;16;929
28;2025-12-24;17;1065
28;2025-12-24;18;1050
28;2025-12-24;19;780
28;2025-12-24;20;574
28;2025-12-24;21;350
28;2025-12-24;22;148
28;2025-12-24;23;23
28;2025-12-25;0;3
28;2025-12-25;1;0
28;2025-12-25;2;0
28;2025-12-25;3;0
28;2025-12-25;4;2
28;2025-12-25;5;85
28;2025-12-25;6;287
28;2025-12-25;7;871
28;2025-12-25;8;1346
28;2025-12-25;9;924
28;2025-12-25;10;690
28;2025-12-25;11;609
28;2025-12-25;12;735
28;2025-12-25;13;763
28;2025-12-25;14;698
28;2025-12-25;15;738
28;2025-12-25;16;929
28;2025-12-25;17;1065
28;2025-12-25;18;1050
28;2025-12-25;19;780
28;2025-12-25;20;574
28;2025-12-25;21;350
28;2025-12-25;22;148
28;2025-12-25;23;23
28;2025-12-26;0;2
28;2025-12-26;1;0
28;2025-12-26;2;0
28;2025-12-26;3;0
28;2025-12-26;4;1
28;2025-12-26;5;77
28;2025-12-26;6;278
28;2025-12-26;7;842
28;2025-12-26;8;1279
28;2025-12-26;9;868
28;2025-12-26;10;670
28;2025-12-26;11;605
28;2025-12-26;12;749
28;2025-12-26;13;775
28;2025-12-26;14;748
28;2025-12-26;15;767
28;2025-12-26;16;1044
28;2025-12-26;17;1029
28;2025-12-26;18;865
28;2025-12-26;19;635
28;2025-12-26;20;502
28;2025-12-26;21;334
28;2025-12-26;22;154
28;2025-12-26;23;23
28;2025-12-27;0;1
28;2025-12-27;1;0
28;2025-12-27;2;0
28;2025-12-27;3;0
28;2025-12-27;4;1
28;2025-12-27;5;37
28;2025-12-27;6;102
28;2025-12-27;7;227
28;2025-12-27;8;381
28;2025-12-27;9;475
28;2025-12-27;10;512
28;2025-12-27;11;529
28;2025-12-27;12;613
28;2025-12-27;13;631
28;2025-12-27;14;616
28;2025-12-27;15;611
28;2025-12-27;16;605
28;2025-12-27;17;580
28;2025-12-27;18;511
28;2025-12-27;19;403
28;2025-12-27;20;307
28;2025-12-27;21;283
28;2025-12-27;22;124
28;2025-12-27;23;15
28;2025-12-28;0;1
28;2025-12-28;1;0
28;2025-12-28;2;0
28;2025-12-28;3;0
28;2025-12-28;4;1
28;2025-12-28;5;31
28;2025-12-28;6;85
28;2025-12-28;7;152
28;2025-12-28;8;255
28;2025-12-28;9;346
28;2025-12-28;10;395
28;2025-12-28;11;433
28;2025-12-28;12;472
28;2025-12-28;13;562
28;2025-12-28;14;527
28;2025-12-28;15;538
28;2025-12-28;16;500
28;2025-12-28;17;515
28;2025-12-28;18;427
28;2025-12-28;19;377
28;2025-12-28;20;312
28;2025-12-28;21;246
28;2025-12-28;22;116
28;2025-12-28;23;12
28;2025-12-29;0;2
28;2025-12-29;1;0
28;2025-12-29;2;0
28;2025-12-29;3;0
28;2025-12-29;4;2
28;2025-12-29;5;75
28;2025-12-29;6;251
28;2025-12-29;7;762
28;2025-12-29;8;1179
28;2025-12-29;9;809
28;2025-12-29;10;604
28;2025-12-29;11;533
28;2025-12-29;12;644
28;2025-12-29;13;669
28;2025-12-29;14;611
28;2025-12-29;15;646
28;2025-12-29;16;813
28;2025-12-29;17;933
28;2025-12-29;18;919
28;2025-12-29;19;683
28;2025-12-29;20;503
28;2025-12-29;21;307
28;2025-12-29;22;130
28;2025-12-29;23;20
28;2025-12-30;0;2
28;2025-12-30;1;0
28;2025-12-30;2;0
28;2025-12-30;3;0
28;2025-12-30;4;2
28;2025-12-30;5;72
28;2025-12-30;6;244
28;2025-12-30;7;740
28;2025-12-30;8;1144
28;2025-12-30;9;785
28;2025-12-30;10;586
28;2025-12-30;11;517
28;2025-12-30;12;625
28;2025-12-30;13;649
28;2025-12-30;14;593
28;2025-12-30;15;627
28;2025-12-30;16;789
28;2025-12-30;17;905
28;2025-12-30;18;892
28;2025-12-30;19;663
28;2025-12-30;20;488
28;2025-12-30;21;298
28;2025-12-30;22;127
28;2025-12-30;23;20
28;2025-12-31;0;1
28;2025-12-31;1;0
28;2025-12-31;2;0
28;2025-12-31;3;0
28;2025-12-31;4;1
28;2025-12-31;5;20
28;2025-12-31;6;55
28;2025-12-31;7;123
28;2025-12-31;8;206
28;2025-12-31;9;257
28;2025-12-31;10;277
28;2025-12-31;11;286
28;2025-12-31;12;332
28;2025-12-31;13;341
28;2025-12-31;14;333
28;2025-12-31;15;330
28;2025-12-31;16;327
28;2025-12-31;17;314
28;2025-12-31;18;276
28;2025-12-31;19;218
28;2025-12-31;20;16
28;2025-12-31;21;15
28;2025-12-31;22;6
28;2025-12-31;23;1
50;2025-11-01;0;55
50;2025-11-01;1;6
50;2025-11-01;2;0
50;2025-11-01;3;0
50;2025-11-01;4;3
50;2025-11-01;5;60
50;2025-11-01;6;497
50;2025-11-01;7;1575
50;2025-11-01;8;2474
50;2025-11-01;9;1904
50;2025-11-01;10;1420
50;2025-11-01;11;1474
50;2025-11-01;12;1388
50;2025-11-01;13;1411
50;2025-11-01;14;1346
50;2025-11-01;15;1656
50;2025-11-01;16;2001
50;2025-11-01;17;1953
50;2025-11-01;18;1586
50;2025-11-01;19;1103
50;2025-11-01;20;794
50;2025-11-01;21;544
50;2025-11-01;22;283
50;2025-11-01;23;164
50;2025-11-02;0;0
50;2025-11-02;1;0
50;2025-11-02;2;0
50;2025-11-02;3;0
50;2025-11-02;4;0
50;2025-11-02;5;0
50;2025-11-02;6;1
50;2025-11-02;7;1
50;2025-11-02;8;2
50;2025-11-02;9;1
50;2025-11-02;10;4
50;2025-11-02;11;13
50;2025-11-02;12;10
50;2025-11-02;13;12
50;2025-11-02;14;21
50;2025-11-02;15;17
50;2025-11-02;16;20
50;2025-11-02;17;18
50;2025-11-02;18;10
50;2025-11-02;19;11
50;2025-11-02;20;8
50;2025-11-02;21;5
50;2025-11-02;22;6
50;2025-11-02;23;2
50;2025-11-03;0;6
50;2025-11-03;1;1
50;2025-11-03;2;0
50;2025-11-03;3;0
50;2025-11-03;4;0
50;2025-11-03;5;1
50;2025-11-03;6;1
50;2025-11-03;7;2
50;2025-11-03;8;5
50;2025-11-03;9;8
50;2025-11-03;10;5
50;2025-11-03;11;11
50;2025-11-03;12;13
50;2025-11-03;13;11
50;2025-11-03;14;17
50;2025-11-03;15;18
50;2025-11-03;16;16
50;2025-11-03;17;14
50;2025-11-03;18;6
50;2025-11-03;19;7
50;2025-11-03;20;5
50;2025-11-03;21;4
50;2025-11-03;22;4
50;2025-11-03;23;1
50;2025-11-04;0;6
50;2025-11-04;1;1
50;2025-11-04;2;0
50;2025-11-04;3;0
50;2025-11-04;4;0
50;2025-11-04;5;1
50;2025-11-04;6;1
50;2025-11-04;7;2
50;2025-11-04;8;5
50;2025-11-04;9;8
50;2025-11-04;10;5
50;2025-11-04;11;11
50;2025-11-04;12;13
50;2025-11-04;13;11
50;2025-11-04;14;17
50;2025-11-04;15;18
50;2025-11-04;16;16
50;2025-11-04;17;14
50;2025-11-04;18;6
50;2025-11-04;19;7
50;2025-11-04;20;5
50;2025-11-04;21;4
50;2025-11-04;22;4
50;2025-11-04;23;1
50;2025-11-05;0;33
50;2025-11-05;1;4
50;2025-11-05;2;0
50;2025-11-05;3;0
50;2025-11-05;4;3
50;2025-11-05;5;74
50;2025-11-05;6;565
50;2025-11-05;7;1806
50;2025-11-05;8;2855
50;2025-11-05;9;2236
50;2025-11-05;10;1760
50;2025-11-05;11;1641
50;2025-11-05;12;1538
50;2025-11-05;13;1548
50;2025-11-05;14;1496
50;2025-11-05;15;1769
50;2025-11-05;16;1760
50;2025-11-05;17;2487
50;2025-11-05;18;2625
50;2025-11-05;19;1515
50;2025-11-05;20;990
50;2025-11-05;21;680
50;2025-11-05;22;293
50;2025-11-05;23;150
50;2025-11-06;0;33
50;2025-11-06;1;4
50;2025-11-06;2;0
50;2025-11-06;3;0
50;2025-11-06;4;3
50;2025-11-06;5;74
50;2025-11-06;6;565
50;2025-11-06;7;1806
50;2025-11-06;8;2855
50;2025-11-06;9;2236
50;2025-11-06;10;1760
50;2025-11-06;11;1641
50;2025-11-06;12;1538
50;2025-11-06;13;1548
50;2025-11-06;14;1496
50;2025-11-06;15;1769
50;2025-11-06;16;1760
50;2025-11-06;17;2487
50;2025-11-06;18;2625
50;2025-11-06;19;1515
50;2025-11-06;20;990
50;2025-11-06;21;680
50;2025-11-06;22;293
50;2025-11-06;23;150
50;2025-11-07;0;42
50;2025-11-07;1;3
50;2025-11-07;2;0
50;2025-11-07;3;0
50;2025-11-07;4;3
50;2025-11-07;5;68
50;2025-11-07;6;565
50;2025-11-07;7;1791
50;2025-11-07;8;2812
50;2025-11-07;9;2164
50;2025-11-07;10;1614
50;2025-11-07;11;1676
50;2025-11-07;12;1577
50;2025-11-07;13;1604
50;2025-11-07;14;1529
50;2025-11-07;15;1882
50;2025-11-07;16;2275
50;2025-11-07;17;2220
50;2025-11-07;18;1803
50;2025-11-07;19;1254
50;2025-11-07;20;902
50;2025-11-07;21;619
50;2025-11-07;22;321
50;2025-11-07;23;185
50;2025-11-08;0;20
50;2025-11-08;1;2
50;2025-11-08;2;0
50;2025-11-08;3;1
50;2025-11-08;4;0
50;2025-11-08;5;3
50;2025-11-08;6;4
50;2025-11-08;7;6
50;2025-11-08;8;13
50;2025-11-08;9;25
50;2025-11-08;10;9
50;2025-11-08;11;16
50;2025-11-08;12;29
50;2025-11-08;13;19
50;2025-11-08;14;23
50;2025-11-08;15;34
50;2025-11-08;16;22
50;2025-11-08;17;21
50;2025-11-08;18;5
50;2025-11-08;19;5
50;2025-11-08;20;3
50;2025-11-08;21;4
50;2025-11-08;22;4
50;2025-11-08;23;1
50;2025-11-09;0;0
50;2025-11-09;1;0
50;2025-11-09;2;0
50;2025-11-09;3;0
50;2025-11-09;4;0
50;2025-11-09;5;0
50;2025-11-09;6;1
50;2025-11-09;7;1
50;2025-11-09;8;2
50;2025-11-09;9;1
50;2025-11-09;10;4
50;2025-11-09;11;13
50;2025-11-09;12;10
50;2025-11-09;13;12
50;2025-11-09;14;21
50;2025-11-09;15;17
50;2025-11-09;16;20
50;2025-11-09;17;18
50;2025-11-09;18;10
50;2025-11-09;19;11
50;2025-11-09;20;8
50;2025-11-09;21;5
50;2025-11-09;22;6
50;2025-11-09;23;2
50;2025-11-10;0;32
50;2025-11-10;1;4
50;2025-11-10;2;0
50;2025-11-10;3;0
50;2025-11-10;4;3
50;2025-11-10;5;72
50;2025-11-10;6;549
50;2025-11-10;7;1758
50;2025-11-10;8;2778
50;2025-11-10;9;2176
50;2025-11-10;10;1713
50;2025-11-10;11;1597
50;2025-11-10;12;1496
50;2025-11-10;13;1506
50;2025-11-10;14;1456
50;2025-11-10;15;1721
50;2025-11-10;16;1712
50;2025-11-10;17;2420
50;2025-11-10;18;2555
50;2025-11-10;19;1474
50;2025-11-10;20;963
50;2025-11-10;21;661
50;2025-11-10;22;284
50;2025-11-10;23;146
50;2025-11-11;0;33
50;2025-11-11;1;4
50;2025-11-11;2;0
50;2025-11-11;3;0
50;2025-11-11;4;3
50;2025-11-11;5;74
50;2025-11-11;6;565
50;2025-11-11;7;1806
50;2025-11-11;8;2855
50;2025-11-11;9;2236
50;2025-11-11;10;1760
50;2025-11-11;11;1641
50;2025-11-11;12;1538
50;2025-11-11;13;1548
50;2025-11-11;14;1496
50;2025-11-11;15;1769
50;2025-11-11;16;1760
50;2025-11-11;17;2487
50;2025-11-11;18;2625
50;2025-11-11;19;1515
50;2025-11-11;20;990
50;2025-11-11;21;680
50;2025-11-11;22;293
50;2025-11-11;23;150
50;2025-11-12;0;33
50;2025-11-12;1;4
50;2025-11-12;2;0
50;2025-11-12;3;0
50;2025-11-12;4;3
50;2025-11-12;5;74
50;2025-11-12;6;565
50;2025-11-12;7;1806
50;2025-11-12;8;2855
50;2025-11-12;9;2236
50;2025-11-12;10;1760
50;2025-11-12;11;1641
50;2025-11-12;12;1538
50;2025-11-12;13;1548
50;2025-11-12;14;1496
50;2025-11-12;15;1769
50;2025-11-12;16;1760
50;2025-11-12;17;2487
50;2025-11-12;18;2625
50;2025-11-12;19;1515
50;2025-11-12;20;990
50;2025-11-12;21;680
50;2025-11-12;22;293
50;2025-11-12;23;150
50;2025-11-13;0;33
50;2025-11-13;1;4
50;2025-11-13;2;0
50;2025-11-13;3;0
50;2025-11-13;4;3
50;2025-11-13;5;74
50;2025-11-13;6;565
50;2025-11-13;7;1806
50;2025-11-13;8;2855
50;2025-11-13;9;2236
50;2025-11-13;10;1760
50;2025-11-13;11;1641
50;2025-11-13;12;1538
50;2025-11-13;13;1548
50;2025-11-13;14;1496
50;2025-11-13;15;1769
50;2025-11-13;16;1760
50;2025-11-13;17;2487
50;2025-11-13;18;2625
50;2025-11-13;19;1515
50;2025-11-13;20;990
50;2025-11-13;21;680
50;2025-11-13;22;293
50;2025-11-13;23;150
50;2025-11-14;0;42
50;2025-11-14;1;3
50;2025-11-14;2;0
50;2025-11-14;3;0
50;2025-11-14;4;3
50;2025-11-14;5;68
50;2025-11-14;6;565
50;2025-11-14;7;1791
50;2025-11-14;8;2812
50;2025-11-14;9;2164
50;2025-11-14;10;1614
50;2025-11-14;11;1676
50;2025-11-14;12;1577
50;2025-11-14;13;1604
50;2025-11-14;14;1529
50;2025-11-14;15;1882
50;2025-11-14;16;2275
50;2025-11-14;17;2220
50;2025-11-14;18;1803
50;2025-11-14;19;1254
50;2025-11-14;20;902
50;2025-11-14;21;619
50;2025-11-14;22;321
50;2025-11-14;23;185
50;2025-11-15;0;66
50;2025-11-15;1;4
50;2025-11-15;2;0
50;2025-11-15;3;0
50;2025-11-15;4;1
50;2025-11-15;5;30
50;2025-11-15;6;168
50;2025-11-15;7;395
50;2025-11-15;8;612
50;2025-11-15;9;659
50;2025-11-15;10;641
50;2025-11-15;11;841
50;2025-11-15;12;862
50;2025-11-15;13;908
50;2025-11-15;14;923
50;2025-11-15;15;881
50;2025-11-15;16;846
50;2025-11-15;17;816
50;2025-11-15;18;714
50;2025-11-15;19;611
50;2025-11-15;20;475
50;2025-11-15;21;389
50;2025-11-15;22;251
50;2025-11-15;23;146
50;2025-11-16;0;53
50;2025-11-16;1;7
50;2025-11-16;2;0
50;2025-11-16;3;0
50;2025-11-16;4;1
50;2025-11-16;5;25
50;2025-11-16;6;119
50;2025-11-16;7;223
50;2025-11-16;8;337
50;2025-11-16;9;437
50;2025-11-16;10;497
50;2025-11-16;11;628
50;2025-11-16;12;736
50;2025-11-16;13;797
50;2025-11-16;14;847
50;2025-11-16;15;737
50;2025-11-16;16;782
50;2025-11-16;17;726
50;2025-11-16;18;655
50;2025-11-16;19;551
50;2025-11-16;20;474
50;2025-11-16;21;365
50;2025-11-16;22;238
50;2025-11-16;23;111
50;2025-11-17;0;32
50;2025-11-17;1;4
50;2025-11-17;2;0
50;2025-11-17;3;0
50;2025-11-17;4;3
50;2025-11-17;5;72
50;2025-11-17;6;549
50;2025-11-17;7;1758
50;2025-11-17;8;2778
50;2025-11-17;9;2176
50;2025-11-17;10;1713
50;2025-11-17;11;1597
50;2025-11-17;12;1496
50;2025-11-17;13;1506
50;2025-11-17;14;1456
50;2025-11-17;15;1721
50;2025-11-17;16;1712
50;2025-11-17;17;2420
50;2025-11-17;18;2555
50;2025-11-17;19;1474
50;2025-11-17;20;963
50;2025-11-17;21;661
50;2025-11-17;22;284
50;2025-11-17;23;146
50;2025-11-18;0;33
50;2025-11-18;1;4
50;2025-11-18;2;0
50;2025-11-18;3;0
50;2025-11-18;4;3
50;2025-11-18;5;74
50;2025-11-18;6;565
50;2025-11-18;7;1806
50;2025-11-18;8;2855
50;2025-11-18;9;2236
50;2025-11-18;10;1760
50;2025-11-18;11;1641
50;2025-11-18;12;1538
50;2025-11-18;13;1548
50;2025-11-18;14;1496
50;2025-11-18;15;1769
50;2025-11-18;16;1760
50;2025-11-18;17;2487
50;2025-11-18;18;2625
50;2025-11-18;19;1515
50;2025-11-18;20;990
50;2025-11-18;21;680
50;2025-11-18;22;293
50;2025-11-18;23;150
50;2025-11-19;0;33
50;2025-11-19;1;4
50;2025-11-19;2;0
50;2025-11-19;3;0
50;2025-11-19;4;3
50;2025-11-19;5;74
50;2025-11-19;6;565
50;2025-11-19;7;1806
50;2025-11-19;8;2855
50;2025-11-19;9;2236
50;2025-11-19;10;1760
50;2025-11-19;11;1641
50;2025-11-19;12;1538
50;2025-11-19;13;1548
50;2025-11-19;14;1496
50;2025-11-19;15;1769
50;2025-11-19;16;1760
50;2025-11-19;17;2487
50;2025-11-19;18;2625
50;2025-11-19;19;1515
50;2025-11-19;20;990
50;2025-11-19;21;680
50;2025-11-19;22;293
50;2025-11-19;23;150
50;2025-11-20;0;33
50;2025-11-20;1;4
50;2025-11-20;2;0
50;2025-11-20;3;0
50;2025-11-20;4;3
50;2025-11-20;5;74
50;2025-11-20;6;565
50;2025-11-20;7;1806
50;2025-11-20;8;2855
50;2025-11-20;9;2236
50;2025-11-20;10;1760
50;2025-11-20;11;1641
50;2025-11-20;12;1538
50;2025-11-20;13;1548
50;2025-11-20;14;1496
50;2025-11-20;15;1769
50;2025-11-20;16;1760
50;2025-11-20;17;2487
50;2025-11-20;18;2625
50;2025-11-20;19;1515
50;2025-11-20;20;990
50;2025-11-20;21;680
50;2025-11-20;22;293
50;2025-11-20;23;150
50;2025-11-21;0;42
50;2025-11-21;1;3
50;2025-11-21;2;0
50;2025-11-21;3;0
50;2025-11-21;4;3
50;2025-11-21;5;68
50;2025-11-21;6;565
50;2025-11-21;7;1791
50;2025-11-21;8;2812
50;2025-11-21;9;2164
50;2025-11-21;10;1614
50;2025-11-21;11;1676
50;2025-11-21;12;1577
50;2025-11-21;13;1604
50;2025-11-21;14;1529
50;2025-11-21;15;1882
50;2025-11-21;16;2275
50;2025-11-21;17;2220
50;2025-11-21;18;1803
50;2025-11-21;19;1254
50;2025-11-21;20;902
50;2025-11-21;21;619
50;2025-11-21;22;321
50;2025-11-21;23;185
50;2025-11-22;0;66
50;2025-11-22;1;4
50;2025-11-22;2;0
50;2025-11-22;3;0
50;2025-11-22;4;1
50;2025-11-22;5;30
50;2025-11-22;6;168
50;2025-11-22;7;395
50;2025-11-22;8;612
50;2025-11-22;9;659
50;2025-11-22;10;641
50;2025-11-22;11;841
50;2025-11-22;12;862
50;2025-11-22;13;908
50;2025-11-22;14;923
50;2025-11-22;15;881
50;2025-11-22;16;846
50;2025-11-22;17;816
50;2025-11-22;18;714
50;2025-11-22;19;611
50;2025-11-22;20;475
50;2025-11-22;21;389
50;2025-11-22;22;251
50;2025-11-22;23;146
50;2025-11-23;0;53
50;2025-11-23;1;7
50;2025-11-23;2;0
50;2025-11-23;3;0
50;2025-11-23;4;1
50;2025-11-23;5;25
50;2025-11-23;6;119
50;2025-11-23;7;223
50;2025-11-23;8;337
50;2025-11-23;9;437
50;2025-11-23;10;497
50;2025-11-23;11;628
50;2025-11-23;12;736
50;2025-11-23;13;797
50;2025-11-23;14;847
50;2025-11-23;15;737
50;2025-11-23;16;782
50;2025-11-23;17;726
50;2025-11-23;18;655
50;2025-11-23;19;551
50;2025-11-23;20;474
50;2025-11-23;21;365
50;2025-11-23;22;238
50;2025-11-23;23;111
50;2025-11-24;0;32
50;2025-11-24;1;4
50;2025-11-24;2;0
50;2025-11-24;3;0
50;2025-11-24;4;3
50;2025-11-24;5;72
50;2025-11-24;6;549
50;2025-11-24;7;1758
50;2025-11-24;8;2778
50;2025-11-24;9;2176
50;2025-11-24;10;1713
50;2025-11-24;11;1597
50;2025-11-24;12;1496
50;2025-11-24;13;1506
50;2025-11-24;14;1456
50;2025-11-24;15;1721
50;2025-11-24;16;1712
50;2025-11-24;17;2420
50;2025-11-24;18;2555
50;2025-11-24;19;1474
50;2025-11-24;20;963
50;2025-11-24;21;661
50;2025-11-24;22;284
50;2025-11-24;23;146
50;2025-11-25;0;33
50;2025-11-25;1;4
50;2025-11-25;2;0
50;2025-11-25;3;0
50;2025-11-25;4;3
50;2025-11-25;5;74
50;2025-11-25;6;565
50;2025-11-25;7;1806
50;2025-11-25;8;2855
50;2025-11-25;9;2236
50;2025-11-25;10;1760
50;2025-11-25;11;1641
50;2025-11-25;12;1538
50;2025-11-25;13;1548
50;2025-11-25;14;1496
50;2025-11-25;15;1769
50;2025-11-25;16;1760
50;2025-11-25;17;2487
50;2025-11-25;18;2625
50;2025-11-25;19;1515
50;2025-11-25;20;990
50;2025-11-25;21;680
50;2025-11-25;22;293
50;2025-11-25;23;150
50;2025-11-26;0;33
50;2025-11-26;1;4
50;2025-11-26;2;0
50;2025-11-26;3;0
50;2025-11-26;4;3
50;2025-11-26;5;74
50;2025-11-26;6;565
50;2025-11-26;7;1806
50;2025-11-26;8;2855
50;2025-11-26;9;2236
50;2025-11-26;10;1760
50;2025-11-26;11;1641
50;2025-11-26;12;1538
50;2025-11-26;13;1548
50;2025-11-26;14;1496
50;2025-11-26;15;1769
50;2025-11-26;16;1760
50;2025-11-26;17;2487
50;2025-11-26;18;2625
50;2025-11-26;19;1515
50;2025-11-26;20;990
50;2025-11-26;21;680
50;2025-11-26;22;293
50;2025-11-26;23;150
50;2025-11-27;0;33
50;2025-11-27;1;4
50;2025-11-27;2;0
50;2025-11-27;3;0
50;2025-11-27;4;3
50;2025-11-27;5;74
50;2025-11-27;6;565
50;2025-11-27;7;1806
50;2025-11-27;8;2855
50;2025-11-27;9;2236
50;2025-11-27;10;1760
50;2025-11-27;11;1641
50;2025-11-27;12;1538
50;2025-11-27;13;1548
50;2025-11-27;14;1496
50;2025-11-27;15;1769
50;2025-11-27;16;1760
50;2025-11-27;17;2487
50;2025-11-27;18;2625
50;2025-11-27;19;1515
50;2025-11-27;20;990
50;2025-11-27;21;680
50;2025-11-27;22;293
50;2025-11-27;23;150
50;2025-11-28;0;42
50;2025-11-28;1;3
50;2025-11-28;2;0
50;2025-11-28;3;0
50;2025-11-28;4;3
50;2025-11-28;5;68
50;2025-11-28;6;565
50;2025-11-28;7;1791
50;2025-11-28;8;2812
50;2025-11-28;9;2164
50;2025-11-28;10;1614
50;2025-11-28;11;1676
50;2025-11-28;12;1577
50;2025-11-28;13;1604
50;2025-11-28;14;1529
50;2025-11-28;15;1882
50;2025-11-28;16;2275
50;2025-11-28;17;2220
50;2025-11-28;18;1803
50;2025-11-28;19;1254
50;2025-11-28;20;902
50;2025-11-28;21;619
50;2025-11-28;22;321
50;2025-11-28;23;185
50;2025-11-29;0;66
50;2025-11-29;1;4
50;2025-11-29;2;0
50;2025-11-29;3;0
50;2025-11-29;4;1
50;2025-11-29;5;30
50;2025-11-29;6;168
50;2025-11-29;7;395
50;2025-11-29;8;612
50;2025-11-29;9;659
50;2025-11-29;10;641
50;2025-11-29;11;841
50;2025-11-29;12;862
50;2025-11-29;13;908
50;2025-11-29;14;923
50;2025-11-29;15;881
50;2025-11-29;16;846
50;2025-11-29;17;816
50;2025-11-29;18;714
50;2025-11-29;19;611
50;2025-11-29;20;475
50;2025-11-29;21;389
50;2025-11-29;22;251
50;2025-11-29;23;146
50;2025-11-30;0;53
50;2025-11-30;1;7
50;2025-11-30;2;0
50;2025-11-30;3;0
50;2025-11-30;4;1
50;2025-11-30;5;25
50;2025-11-30;6;119
50;2025-11-30;7;223
50;2025-11-30;8;337
50;2025-11-30;9;437
50;2025-11-30;10;497
50;2025-11-30;11;628
50;2025-11-30;12;736
50;2025-11-30;13;797
50;2025-11-30;14;847
50;2025-11-30;15;737
50;2025-11-30;16;782
50;2025-11-30;17;726
50;2025-11-30;18;655
50;2025-11-30;19;551
50;2025-11-30;20;474
50;2025-11-30;21;365
50;2025-11-30;22;238
50;2025-11-30;23;111
50;2025-12-01;0;34
50;2025-12-01;1;4
50;2025-12-01;2;0
50;2025-12-01;3;0
50;2025-12-01;4;3
50;2025-12-01;5;72
50;2025-12-01;6;552
50;2025-12-01;7;1765
50;2025-12-01;8;2766
50;2025-12-01;9;2162
50;2025-12-01;10;1702
50;2025-12-01;11;1605
50;2025-12-01;12;1501
50;2025-12-01;13;1498
50;2025-12-01;14;1453
50;2025-12-01;15;1725
50;2025-12-01;16;1711
50;2025-12-01;17;2421
50;2025-12-01;18;2569
50;2025-12-01;19;1487
50;2025-12-01;20;956
50;2025-12-01;21;658
50;2025-12-01;22;289
50;2025-12-01;23;145
50;2025-12-02;0;35
50;2025-12-02;1;4
50;2025-12-02;2;0
50;2025-12-02;3;0
50;2025-12-02;4;3
50;2025-12-02;5;74
50;2025-12-02;6;567
50;2025-12-02;7;1814
50;2025-12-02;8;2843
50;2025-12-02;9;2222
50;2025-12-02;10;1749
50;2025-12-02;11;1649
50;2025-12-02;12;1543
50;2025-12-02;13;1539
50;2025-12-02;14;1493
50;2025-12-02;15;1773
50;2025-12-02;16;1758
50;2025-12-02;17;2488
50;2025-12-02;18;2640
50;2025-12-02;19;1528
50;2025-12-02;20;983
50;2025-12-02;21;676
50;2025-12-02;22;298
50;2025-12-02;23;148
50;2025-12-03;0;35
50;2025-12-03;1;4
50;2025-12-03;2;0
50;2025-12-03;3;0
50;2025-12-03;4;3
50;2025-12-03;5;74
50;2025-12-03;6;567
50;2025-12-03;7;1814
50;2025-12-03;8;2843
50;2025-12-03;9;2222
50;2025-12-03;10;1749
50;2025-12-03;11;1649
50;2025-12-03;12;1543
50;2025-12-03;13;1539
50;2025-12-03;14;1493
50;2025-12-03;15;1773
50;2025-12-03;16;1758
50;2025-12-03;17;2488
50;2025-12-03;18;2640
50;2025-12-03;19;1528
50;2025-12-03;20;983
50;2025-12-03;21;676
50;2025-12-03;22;298
50;2025-12-03;23;148
50;2025-12-04;0;35
50;2025-12-04;1;4
50;2025-12-04;2;0
50;2025-12-04;3;0
50;2025-12-04;4;3
50;2025-12-04;5;74
50;2025-12-04;6;567
50;2025-12-04;7;1814
50;2025-12-04;8;2843
50;2025-12-04;9;2222
50;2025-12-04;10;1749
50;2025-12-04;11;1649
50;2025-12-04;12;1543
50;2025-12-04;13;1539
50;2025-12-04;14;1493
50;2025-12-04;15;1773
50;2025-12-04;16;1758
50;2025-12-04;17;2488
50;2025-12-04;18;2640
50;2025-12-04;19;1528
50;2025-12-04;20;983
50;2025-12-04;21;676
50;2025-12-04;22;298
50;2025-12-04;23;148
50;2025-12-05;0;43
50;2025-12-05;1;3
50;2025-12-05;2;0
50;2025-12-05;3;0
50;2025-12-05;4;3
50;2025-12-05;5;67
50;2025-12-05;6;570
50;2025-12-05;7;1781
50;2025-12-05;8;2793
50;2025-12-05;9;2144
50;2025-12-05;10;1617
50;2025-12-05;11;1689
50;2025-12-05;12;1594
50;2025-12-05;13;1601
50;2025-12-05;14;1527
50;2025-12-05;15;1890
50;2025-12-05;16;2247
50;2025-12-05;17;2218
50;2025-12-05;18;1832
50;2025-12-05;19;1258
50;2025-12-05;20;895
50;2025-12-05;21;623
50;2025-12-05;22;327
50;2025-12-05;23;187
50;2025-12-06;0;66
50;2025-12-06;1;4
50;2025-12-06;2;0
50;2025-12-06;3;0
50;2025-12-06;4;1
50;2025-12-06;5;30
50;2025-12-06;6;168
50;2025-12-06;7;395
50;2025-12-06;8;612
50;2025-12-06;9;659
50;2025-12-06;10;641
50;2025-12-06;11;841
50;2025-12-06;12;862
50;2025-12-06;13;908
50;2025-12-06;14;923
50;2025-12-06;15;881
50;2025-12-06;16;846
50;2025-12-06;17;816
50;2025-12-06;18;714
50;2025-12-06;19;611
50;2025-12-06;20;475
50;2025-12-06;21;389
50;2025-12-06;22;251
50;2025-12-06;23;146
50;2025-12-07;0;53
50;2025-12-07;1;7
50;2025-12-07;2;0
50;2025-12-07;3;0
50;2025-12-07;4;1
50;2025-12-07;5;25
50;2025-12-07;6;119
50;2025-12-07;7;223
50;2025-12-07;8;337
50;2025-12-07;9;437
50;2025-12-07;10;497
50;2025-12-07;11;628
50;2025-12-07;12;736
50;2025-12-07;13;797
50;2025-12-07;14;847
50;2025-12-07;15;737
50;2025-12-07;16;782
50;2025-12-07;17;726
50;2025-12-07;18;655
50;2025-12-07;19;551
50;2025-12-07;20;474
50;2025-12-07;21;365
50;2025-12-07;22;238
50;2025-12-07;23;111
50;2025-12-08;0;34
50;2025-12-08;1;4
50;2025-12-08;2;0
50;2025-12-08;3;0
50;2025-12-08;4;3
50;2025-12-08;5;72
50;2025-12-08;6;552
50;2025-12-08;7;1765
50;2025-12-08;8;2766
50;2025-12-08;9;2162
50;2025-12-08;10;1702
50;2025-12-08;11;1605
50;2025-12-08;12;1501
50;2025-12-08;13;1498
50;2025-12-08;14;1453
50;2025-12-08;15;1725
50;2025-12-08;16;1711
50;2025-12-08;17;2421
50;2025-12-08;18;2569
50;2025-12-08;19;1487
50;2025-12-08;20;956
50;2025-12-08;21;658
50;2025-12-08;22;289
50;2025-12-08;23;145
50;2025-12-09;0;35
50;2025-12-09;1;4
50;2025-12-09;2;0
50;2025-12-09;3;0
50;2025-12-09;4;3
50;2025-12-09;5;74
50;2025-12-09;6;567
50;2025-12-09;7;1814
50;2025-12-09;8;2843
50;2025-12-09;9;2222
50;2025-12-09;10;1749
50;2025-12-09;11;1649
50;2025-12-09;12;1543
50;2025-12-09;13;1539
50;2025-12-09;14;1493
50;2025-12-09;15;1773
50;2025-12-09;16;1758
50;2025-12-09;17;2488
50;2025-12-09;18;2640
50;2025-12-09;19;1528
50;2025-12-09;20;983
50;2025-12-09;21;676
50;2025-12-09;22;298
50;2025-12-09;23;148
50;2025-12-10;0;35
50;2025-12-10;1;4
50;2025-12-10;2;0
50;2025-12-10;3;0
50;2025-12-10;4;3
50;2025-12-10;5;74
50;2025-12-10;6;567
50;2025-12-10;7;1814
50;2025-12-10;8;2843
50;2025-12-10;9;2222
50;2025-12-10;10;1749
50;2025-12-10;11;1649
50;2025-12-10;12;1543
50;2025-12-10;13;1539
50;2025-12-10;14;1493
50;2025-12-10;15;1773
50;2025-12-10;16;1758
50;2025-12-10;17;2488
50;2025-12-10;18;2640
50;2025-12-10;19;1528
50;2025-12-10;20;983
50;2025-12-10;21;676
50;2025-12-10;22;298
50;2025-12-10;23;148
50;2025-12-11;0;35
50;2025-12-11;1;4
50;2025-12-11;2;0
50;2025-12-11;3;0
50;2025-12-11;4;3
50;2025-12-11;5;74
50;2025-12-11;6;567
50;2025-12-11;7;1814
50;2025-12-11;8;2843
50;2025-12-11;9;2222
50;2025-12-11;10;1749
50;2025-12-11;11;1649
50;2025-12-11;12;1543
50;2025-12-11;13;1539
50;2025-12-11;14;1493
50;2025-12-11;15;1773
50;2025-12-11;16;1758
50;2025-12-11;17;2488
50;2025-12-11;18;2640
50;2025-12-11;19;1528
50;2025-12-11;20;983
50;2025-12-11;21;676
50;2025-12-11;22;298
50;2025-12-11;23;148
50;2025-12-12;0;43
50;2025-12-12;1;3
50;2025-12-12;2;0
50;2025-12-12;3;0
50;2025-12-12;4;3
50;2025-12-12;5;67
50;2025-12-12;6;570
50;2025-12-12;7;1781
50;2025-12-12;8;2793
50;2025-12-12;9;2144
50;2025-12-12;10;1617
50;2025-12-12;11;1689
50;2025-12-12;12;1594
50;2025-12-12;13;1601
50;2025-12-12;14;1527
50;2025-12-12;15;1890
50;2025-12-12;16;2247
50;2025-12-12;17;2218
50;2025-12-12;18;1832
50;2025-12-12;19;1258
50;2025-12-12;20;895
50;2025-12-12;21;623
50;2025-12-12;22;327
50;2025-12-12;23;187
50;2025-12-13;0;66
50;2025-12-13;1;4
50;2025-12-13;2;0
50;2025-12-13;3;0
50;2025-12-13;4;1
50;2025-12-13;5;30
50;2025-12-13;6;168
50;2025-12-13;7;395
50;2025-12-13;8;612
50;2025-12-13;9;659
50;2025-12-13;10;641
50;2025-12-13;11;841
50;2025-12-13;12;862
50;2025-12-13;13;908
50;2025-12-13;14;923
50;2025-12-13;15;881
50;2025-12-13;16;846
50;2025-12-13;17;816
50;2025-12-13;18;714
50;2025-12-13;19;611
50;2025-12-13;20;475
50;2025-12-13;21;389
50;2025-12-13;22;251
50;2025-12-13;23;146
50;2025-12-14;0;53
50;2025-12-14;1;7
50;2025-12-14;2;0
50;2025-12-14;3;0
50;2025-12-14;4;1
50;2025-12-14;5;25
50;2025-12-14;6;119
50;2025-12-14;7;223
50;2025-12-14;8;337
50;2025-12-14;9;437
50;2025-12-14;10;497
50;2025-12-14;11;628
50;2025-12-14;12;736
50;2025-12-14;13;797
50;2025-12-14;14;847
50;2025-12-14;15;737
50;2025-12-14;16;782
50;2025-12-14;17;726
50;2025-12-14;18;655
50;2025-12-14;19;551
50;2025-12-14;20;474
50;2025-12-14;21;365
50;2025-12-14;22;238
50;2025-12-14;23;111
50;2025-12-15;0;34
50;2025-12-15;1;4
50;2025-12-15;2;0
50;2025-12-15;3;0
50;2025-12-15;4;3
50;2025-12-15;5;72
50;2025-12-15;6;552
50;2025-12-15;7;1765
50;2025-12-15;8;2766
50;2025-12-15;9;2162
50;2025-12-15;10;1702
50;2025-12-15;11;1605
50;2025-12-15;12;1501
50;2025-12-15;13;1498
50;2025-12-15;14;1453
50;2025-12-15;15;1725
50;2025-12-15;16;1711
50;2025-12-15;17;2421
50;2025-12-15;18;2569
50;2025-12-15;19;1487
50;2025-12-15;20;956
50;2025-12-15;21;658
50;2025-12-15;22;289
50;2025-12-15;23;145
50;2025-12-16;0;35
50;2025-12-16;1;4
50;2025-12-16;2;0
50;2025-12-16;3;0
50;2025-12-16;4;3
50;2025-12-16;5;74
50;2025-12-16;6;567
50;2025-12-16;7;1814
50;2025-12-16;8;2843
50;2025-12-16;9;2222
50;2025-12-16;10;1749
50;2025-12-16;11;1649
50;2025-12-16;12;1543
50;2025-12-16;13;1539
50;2025-12-16;14;1493
50;2025-12-16;15;1773
50;2025-12-16;16;1758
50;2025-12-16;17;2488
50;2025-12-16;18;2640
50;2025-12-16;19;1528
50;2025-12-16;20;983
50;2025-12-16;21;676
50;2025-12-16;22;298
50;2025-12-16;23;148
50;2025-12-17;0;35
50;2025-12-17;1;4
50;2025-12-17;2;0
50;2025-12-17;3;0
50;2025-12-17;4;3
50;2025-12-17;5;74
50;2025-12-17;6;567
50;2025-12-17;7;1814
50;2025-12-17;8;2843
50;2025-12-17;9;2222
50;2025-12-17;10;1749
50;2025-12-17;11;1649
50;2025-12-17;12;1543
50;2025-12-17;13;1539
50;2025-12-17;14;1493
50;2025-12-17;15;1773
50;2025-12-17;16;1758
50;2025-12-17;17;2488
50;2025-12-17;18;2640
50;2025-12-17;19;1528
50;2025-12-17;20;983
50;2025-12-17;21;676
50;2025-12-17;22;298
50;2025-12-17;23;148
50;2025-12-18;0;35
50;2025-12-18;1;4
50;2025-12-18;2;0
50;2025-12-18;3;0
50;2025-12-18;4;3
50;2025-12-18;5;74
50;2025-12-18;6;567
50;2025-12-18;7;1814
50;2025-12-18;8;2843
50;2025-12-18;9;2222
50;2025-12-18;10;1749
50;2025-12-18;11;1649
50;2025-12-18;12;1543
50;2025-12-18;13;1539
50;2025-12-18;14;1493
50;2025-12-18;15;1773
50;2025-12-18;16;1758
50;2025-12-18;17;2488
50;2025-12-18;18;2640
50;2025-12-18;19;1528
50;2025-12-18;20;983
50;2025-12-18;21;676
50;2025-12-18;22;298
50;2025-12-18;23;148
50;2025-12-19;0;43
50;2025-12-19;1;3
50;2025-12-19;2;0
50;2025-12-19;3;0
50;2025-12-19;4;3
50;2025-12-19;5;67
50;2025-12-19;6;570
50;2025-12-19;7;1781
50;2025-12-19;8;2793
50;2025-12-19;9;2144
50;2025-12-19;10;1617
50;2025-12-19;11;1689
50;2025-12-19;12;1594
50;2025-12-19;13;1601
50;2025-12-19;14;1527
50;2025-12-19;15;1890
50;2025-12-19;16;2247
50;2025-12-19;17;2218
50;2025-12-19;18;1832
50;2025-12-19;19;1258
50;2025-12-19;20;895
50;2025-12-19;21;623
50;2025-12-19;22;327
50;2025-12-19;23;187
50;2025-12-20;0;66
50;2025-12-20;1;4
50;2025-12-20;2;0
50;2025-12-20;3;0
50;2025-12-20;4;1
50;2025-12-20;5;30
50;2025-12-20;6;168
50;2025-12-20;7;395
50;2025-12-20;8;612
50;2025-12-20;9;659
50;2025-12-20;10;641
50;2025-12-20;11;841
50;2025-12-20;12;862
50;2025-12-20;13;908
50;2025-12-20;14;923
50;2025-12-20;15;881
50;2025-12-20;16;846
50;2025-12-20;17;816
50;2025-12-20;18;714
50;2025-12-20;19;611
50;2025-12-20;20;475
50;2025-12-20;21;389
50;2025-12-20;22;251
50;2025-12-20;23;146
50;2025-12-21;0;53
50;2025-12-21;1;7
50;2025-12-21;2;0
50;2025-12-21;3;0
50;2025-12-21;4;1
50;2025-12-21;5;25
50;2025-12-21;6;119
50;2025-12-21;7;223
50;2025-12-21;8;337
50;2025-12-21;9;437
50;2025-12-21;10;497
50;2025-12-21;11;628
50;2025-12-21;12;736
50;2025-12-21;13;797
50;2025-12-21;14;847
50;2025-12-21;15;737
50;2025-12-21;16;782
50;2025-12-21;17;726
50;2025-12-21;18;655
50;2025-12-21;19;551
50;2025-12-21;20;474
50;2025-12-21;21;365
50;2025-12-21;22;238
50;2025-12-21;23;111
50;2025-12-22;0;34
50;2025-12-22;1;4
50;2025-12-22;2;0
50;2025-12-22;3;0
50;2025-12-22;4;3
50;2025-12-22;5;72
50;2025-12-22;6;552
50;2025-12-22;7;1765
50;2025-12-22;8;2766
50;2025-12-22;9;2162
50;2025-12-22;10;1702
50;2025-12-22;11;1605
50;2025-12-22;12;1501
50;2025-12-22;13;1498
50;2025-12-22;14;1453
50;2025-12-22;15;1725
50;2025-12-22;16;1711
50;2025-12-22;17;2421
50;2025-12-22;18;2569
50;2025-12-22;19;1487
50;2025-12-22;20;956
50;2025-12-22;21;658
50;2025-12-22;22;289
50;2025-12-22;23;145
50;2025-12-23;0;35
50;2025-12-23;1;4
50;2025-12-23;2;0
50;2025-12-23;3;0
50;2025-12-23;4;3
50;2025-12-23;5;74
50;2025-12-23;6;567
50;2025-12-23;7;1814
50;2025-12-23;8;2843
50;2025-12-23;9;2222
50;2025-12-23;10;1749
50;2025-12-23;11;1649
50;2025-12-23;12;1543
50;2025-12-23;13;1539
50;2025-12-23;14;1493
50;2025-12-23;15;1773
50;2025-12-23;16;1758
50;2025-12-23;17;2488
50;2025-12-23;18;2640
50;2025-12-23;19;1528
50;2025-12-23;20;983
50;2025-12-23;21;676
50;2025-12-23;22;298
50;2025-12-23;23;148
50;2025-12-24;0;35
50;2025-12-24;1;4
50;2025-12-24;2;0
50;2025-12-24;3;0
50;2025-12-24;4;3
50;2025-12-24;5;74
50;2025-12-24;6;567
50;2025-12-24;7;1814
50;2025-12-24;8;2843
50;2025-12-24;9;2222
50;2025-12-24;10;1749
50;2025-12-24;11;1649
50;2025-12-24;12;1543
50;2025-12-24;13;1539
50;2025-12-24;14;1493
50;2025-12-24;15;1773
50;2025-12-24;16;1758
50;2025-12-24;17;2488
50;2025-12-24;18;2640
50;2025-12-24;19;1528
50;2025-12-24;20;983
50;2025-12-24;21;676
50;2025-12-24;22;298
50;2025-12-24;23;148
50;2025-12-25;0;35
50;2025-12-25;1;4
50;2025-12-25;2;0
50;2025-12-25;3;0
50;2025-12-25;4;3
50;2025-12-25;5;74
50;2025-12-25;6;567
50;2025-12-25;7;1814
50;2025-12-25;8;2843
50;2025-12-25;9;2222
50;2025-12-25;10;1749
50;2025-12-25;11;1649
50;2025-12-25;12;1543
50;2025-12-25;13;1539
50;2025-12-25;14;1493
50;2025-12-25;15;1773
50;2025-12-25;16;1758
50;2025-12-25;17;2488
50;2025-12-25;18;2640
50;2025-12-25;19;1528
50;2025-12-25;20;983
50;2025-12-25;21;676
50;2025-12-25;22;298
50;2025-12-25;23;148
50;2025-12-26;0;43
50;2025-12-26;1;3
50;2025-12-26;2;0
50;2025-12-26;3;0
50;2025-12-26;4;3
50;2025-12-26;5;67
50;2025-12-26;6;570
50;2025-12-26;7;1781
50;2025-12-26;8;2793
50;2025-12-26;9;2144
50;2025-12-26;10;1617
50;2025-12-26;11;1689
50;2025-12-26;12;1594
50;2025-12-26;13;1601
50;2025-12-26;14;1527
50;2025-12-26;15;1890
50;2025-12-26;16;2247
50;2025-12-26;17;2218
50;2025-12-26;18;1832
50;2025-12-26;19;1258
50;2025-12-26;20;895
50;2025-12-26;21;623
50;2025-12-26;22;327
50;2025-12-26;23;187
50;2025-12-27;0;66
50;2025-12-27;1;4
50;2025-12-27;2;0
50;2025-12-27;3;0
50;2025-12-27;4;1
50;2025-12-27;5;30
50;2025-12-27;6;168
50;2025-12-27;7;395
50;2025-12-27;8;612
50;2025-12-27;9;659
50;2025-12-27;10;641
50;2025-12-27;11;841
50;2025-12-27;12;862
50;2025-12-27;13;908
50;2025-12-27;14;923
50;2025-12-27;15;881
50;2025-12-27;16;846
50;2025-12-27;17;816
50;2025-12-27;18;714
50;2025-12-27;19;611
50;2025-12-27;20;475
50;2025-12-27;21;389
50;2025-12-27;22;251
50;2025-12-27;23;146
50;2025-12-28;0;53
50;2025-12-28;1;7
50;2025-12-28;2;0
50;2025-12-28;3;0
50;2025-12-28;4;1
50;2025-12-28;5;25
50;2025-12-28;6;119
50;2025-12-28;7;223
50;2025-12-28;8;337
50;2025-12-28;9;437
50;2025-12-28;10;497
50;2025-12-28;11;628
50;2025-12-28;12;736
50;2025-12-28;13;797
50;2025-12-28;14;847
50;2025-12-28;15;737
50;2025-12-28;16;782
50;2025-12-28;17;726
50;2025-12-28;18;655
50;2025-12-28;19;551
50;2025-12-28;20;474
50;2025-12-28;21;365
50;2025-12-28;22;238
50;2025-12-28;23;111
50;2025-12-29;0;30
50;2025-12-29;1;3
50;2025-12-29;2;0
50;2025-12-29;3;0
50;2025-12-29;4;3
50;2025-12-29;5;64
50;2025-12-29;6;497
50;2025-12-29;7;1589
50;2025-12-29;8;2490
50;2025-12-29;9;1946
50;2025-12-29;10;1532
50;2025-12-29;11;1445
50;2025-12-29;12;1351
50;2025-12-29;13;1348
50;2025-12-29;14;1308
50;2025-12-29;15;1553
50;2025-12-29;16;1540
50;2025-12-29;17;2179
50;2025-12-29;18;2312
50;2025-12-29;19;1338
50;2025-12-29;20;860
50;2025-12-29;21;592
50;2025-12-29;22;261
50;2025-12-29;23;130
50;2025-12-30;0;30
50;2025-12-30;1;3
50;2025-12-30;2;0
50;2025-12-30;3;0
50;2025-12-30;4;2
50;2025-12-30;5;63
50;2025-12-30;6;482
50;2025-12-30;7;1542
50;2025-12-30;8;2416
50;2025-12-30;9;1889
50;2025-12-30;10;1487
50;2025-12-30;11;1402
50;2025-12-30;12;1311
50;2025-12-30;13;1308
50;2025-12-30;14;1269
50;2025-12-30;15;1507
50;2025-12-30;16;1495
50;2025-12-30;17;2114
50;2025-12-30;18;2244
50;2025-12-30;19;1299
50;2025-12-30;20;835
50;2025-12-30;21;575
50;2025-12-30;22;252
50;2025-12-30;23;127
50;2025-12-31;0;36
50;2025-12-31;1;2
50;2025-12-31;2;0
50;2025-12-31;3;0
50;2025-12-31;4;1
50;2025-12-31;5;16
50;2025-12-31;6;91
50;2025-12-31;7;213
50;2025-12-31;8;331
50;2025-12-31;9;356
50;2025-12-31;10;347
50;2025-12-31;11;455
50;2025-12-31;12;466
50;2025-12-31;13;491
50;2025-12-31;14;499
50;2025-12-31;15;476
50;2025-12-31;16;458
50;2025-12-31;17;441
50;2025-12-31;18;386
50;2025-12-31;19;330
50;2025-12-31;20;25
50;2025-12-31;21;20
50;2025-12-31;22;13
50;2025-12-31;23;8
