route;date;hour;prediction
1;2025-11-01;0;2
1;2025-11-01;1;0
1;2025-11-01;2;0
1;2025-11-01;3;0
1;2025-11-01;4;5
1;2025-11-01;5;125
1;2025-11-01;6;489
1;2025-11-01;7;1388
1;2025-11-01;8;1656
1;2025-11-01;9;1298
1;2025-11-01;10;1212
1;2025-11-01;11;1341
1;2025-11-01;12;1316
1;2025-11-01;13;1364
1;2025-11-01;14;1279
1;2025-11-01;15;1444
1;2025-11-01;16;1526
1;2025-11-01;17;1581
1;2025-11-01;18;1373
1;2025-11-01;19;1088
1;2025-11-01;20;748
1;2025-11-01;21;473
1;2025-11-01;22;207
1;2025-11-01;23;55
1;2025-11-02;0;0
1;2025-11-02;1;0
1;2025-11-02;2;0
1;2025-11-02;3;0
1;2025-11-02;4;0
1;2025-11-02;5;26
1;2025-11-02;6;130
1;2025-11-02;7;254
1;2025-11-02;8;354
1;2025-11-02;9;612
1;2025-11-02;10;750
1;2025-11-02;11;770
1;2025-11-02;12;914
1;2025-11-02;13;965
1;2025-11-02;14;861
1;2025-11-02;15;780
1;2025-11-02;16;709
1;2025-11-02;17;607
1;2025-11-02;18;520
1;2025-11-02;19;437
1;2025-11-02;20;360
1;2025-11-02;21;279
1;2025-11-02;22;113
1;2025-11-02;23;32
1;2025-11-03;0;3
1;2025-11-03;1;0
1;2025-11-03;2;0
1;2025-11-03;3;0
1;2025-11-03;4;0
1;2025-11-03;5;25
1;2025-11-03;6;127
1;2025-11-03;7;256
1;2025-11-03;8;353
1;2025-11-03;9;584
1;2025-11-03;10;718
1;2025-11-03;11;717
1;2025-11-03;12;869
1;2025-11-03;13;907
1;2025-11-03;14;833
1;2025-11-03;15;732
1;2025-11-03;16;658
1;2025-11-03;17;575
1;2025-11-03;18;492
1;2025-11-03;19;422
1;2025-11-03;20;339
1;2025-11-03;21;252
1;2025-11-03;22;106
1;2025-11-03;23;29
1;2025-11-04;0;3
1;2025-11-04;1;0
1;2025-11-04;2;0
1;2025-11-04;3;0
1;2025-11-04;4;0
1;2025-11-04;5;25
1;2025-11-04;6;127
1;2025-11-04;7;256
1;2025-11-04;8;353
1;2025-11-04;9;584
1;2025-11-04;10;718
1;2025-11-04;11;717
1;2025-11-04;12;869
1;2025-11-04;13;907
1;2025-11-04;14;833
1;2025-11-04;15;732
1;2025-11-04;16;658
1;2025-11-04;17;575
1;2025-11-04;18;492
1;2025-11-04;19;422
1;2025-11-04;20;339
1;2025-11-04;21;252
1;2025-11-04;22;106
1;2025-11-04;23;29
1;2025-11-05;0;4
1;2025-11-05;1;0
1;2025-11-05;2;0
1;2025-11-05;3;0
1;2025-11-05;4;9
1;2025-11-05;5;137
1;2025-11-05;6;578
1;2025-11-05;7;1564
1;2025-11-05;8;1989
1;2025-11-05;9;1534
1;2025-11-05;10;1432
1;2025-11-05;11;1471
1;2025-11-05;12;1530
1;2025-11-05;13;1555
1;2025-11-05;14;1502
1;2025-11-05;15;1672
1;2025-11-05;16;1660
1;2025-11-05;17;1825
1;2025-11-05;18;1882
1;2025-11-05;19;1404
1;2025-11-05;20;938
1;2025-11-05;21;516
1;2025-11-05;22;228
1;2025-11-05;23;51
1;2025-11-06;0;4
1;2025-11-06;1;0
1;2025-11-06;2;0
1;2025-11-06;3;0
1;2025-11-06;4;9
1;2025-11-06;5;137
1;2025-11-06;6;578
1;2025-11-06;7;1564
1;2025-11-06;8;1989
1;2025-11-06;9;1534
1;2025-11-06;10;1432
1;2025-11-06;11;1471
1;2025-11-06;12;1530
1;2025-11-06;13;1555
1;2025-11-06;14;1502
1;2025-11-06;15;1672
1;2025-11-06;16;1660
1;2025-11-06;17;1825
1;2025-11-06;18;1882
1;2025-11-06;19;1404
1;2025-11-06;20;938
1;2025-11-06;21;516
1;2025-11-06;22;228
1;2025-11-06;23;51
1;2025-11-07;0;6
1;2025-11-07;1;0
1;2025-11-07;2;0
1;2025-11-07;3;0
1;2025-11-07;4;6
1;2025-11-07;5;142
1;2025-11-07;6;556
1;2025-11-07;7;1578
1;2025-11-07;8;1883
1;2025-11-07;9;1476
1;2025-11-07;10;1378
1;2025-11-07;11;1524
1;2025-11-07;12;1497
1;2025-11-07;13;1550
1;2025-11-07;14;1454
1;2025-11-07;15;1641
1;2025-11-07;16;1735
1;2025-11-07;17;1797
1;2025-11-07;18;1561
1;2025-11-07;19;1236
1;2025-11-07;20;850
1;2025-11-07;21;538
1;2025-11-07;22;235
1;2025-11-07;23;63
1;2025-11-08;0;8
1;2025-11-08;1;0
1;2025-11-08;2;0
1;2025-11-08;3;0
1;2025-11-08;4;0
1;2025-11-08;5;33
1;2025-11-08;6;167
1;2025-11-08;7;348
1;2025-11-08;8;475
1;2025-11-08;9;754
1;2025-11-08;10;929
1;2025-11-08;11;902
1;2025-11-08;12;1120
1;2025-11-08;13;1155
1;2025-11-08;14;1091
1;2025-11-08;15;931
1;2025-11-08;16;828
1;2025-11-08;17;739
1;2025-11-08;18;630
1;2025-11-08;19;552
1;2025-11-08;20;432
1;2025-11-08;21;306
1;2025-11-08;22;135
1;2025-11-08;23;35
1;2025-11-09;0;0
1;2025-11-09;1;0
1;2025-11-09;2;0
1;2025-11-09;3;0
1;2025-11-09;4;0
1;2025-11-09;5;26
1;2025-11-09;6;130
1;2025-11-09;7;254
1;2025-11-09;8;354
1;2025-11-09;9;612
1;2025-11-09;10;750
1;2025-11-09;11;770
1;2025-11-09;12;914
1;2025-11-09;13;965
1;2025-11-09;14;861
1;2025-11-09;15;780
1;2025-11-09;16;709
1;2025-11-09;17;607
1;2025-11-09;18;520
1;2025-11-09;19;437
1;2025-11-09;20;360
1;2025-11-09;21;279
1;2025-11-09;22;113
1;2025-11-09;23;32
1;2025-11-10;0;4
1;2025-11-10;1;0
1;2025-11-10;2;0
1;2025-11-10;3;0
1;2025-11-10;4;8
1;2025-11-10;5;134
1;2025-11-10;6;562
1;2025-11-10;7;1522
1;2025-11-10;8;1936
1;2025-11-10;9;1493
1;2025-11-10;10;1394
1;2025-11-10;11;1432
1;2025-11-10;12;1488
1;2025-11-10;13;1514
1;2025-11-10;14;1462
1;2025-11-10;15;1627
1;2025-11-10;16;1616
1;2025-11-10;17;1776
1;2025-11-10;18;1831
1;2025-11-10;19;1366
1;2025-11-10;20;912
1;2025-11-10;21;502
1;2025-11-10;22;222
1;2025-11-10;23;50
1;2025-11-11;0;4
1;2025-11-11;1;0
1;2025-11-11;2;0
1;2025-11-11;3;0
1;2025-11-11;4;9
1;2025-11-11;5;137
1;2025-11-11;6;578
1;2025-11-11;7;1564
1;2025-11-11;8;1989
1;2025-11-11;9;1534
1;2025-11-11;10;1432
1;2025-11-11;11;1471
1;2025-11-11;12;1530
1;2025-11-11;13;1555
1;2025-11-11;14;1502
1;2025-11-11;15;1672
1;2025-11-11;16;1660
1;2025-11-11;17;1825
1;2025-11-11;18;1882
1;2025-11-11;19;1404
1;2025-11-11;20;938
1;2025-11-11;21;516
1;2025-11-11;22;228
1;2025-11-11;23;51
1;2025-11-12;0;4
1;2025-11-12;1;0
1;2025-11-12;2;0
1;2025-11-12;3;0
1;2025-11-12;4;9
1;2025-11-12;5;137
1;2025-11-12;6;578
1;2025-11-12;7;1564
1;2025-11-12;8;1989
1;2025-11-12;9;1534
1;2025-11-12;10;1432
1;2025-11-12;11;1471
1;2025-11-12;12;1530
1;2025-11-12;13;1555
1;2025-11-12;14;1502
1;2025-11-12;15;1672
1;2025-11-12;16;1660
1;2025-11-12;17;1825
1;2025-11-12;18;1882
1;2025-11-12;19;1404
1;2025-11-12;20;938
1;2025-11-12;21;516
1;2025-11-12;22;228
1;2025-11-12;23;51
1;2025-11-13;0;4
1;2025-11-13;1;0
1;2025-11-13;2;0
1;2025-11-13;3;0
1;2025-11-13;4;9
1;2025-11-13;5;137
1;2025-11-13;6;578
1;2025-11-13;7;1564
1;2025-11-13;8;1989
1;2025-11-13;9;1534
1;2025-11-13;10;1432
1;2025-11-13;11;1471
1;2025-11-13;12;1530
1;2025-11-13;13;1555
1;2025-11-13;14;1502
1;2025-11-13;15;1672
1;2025-11-13;16;1660
1;2025-11-13;17;1825
1;2025-11-13;18;1882
1;2025-11-13;19;1404
1;2025-11-13;20;938
1;2025-11-13;21;516
1;2025-11-13;22;228
1;2025-11-13;23;51
1;2025-11-14;0;6
1;2025-11-14;1;0
1;2025-11-14;2;0
1;2025-11-14;3;0
1;2025-11-14;4;6
1;2025-11-14;5;142
1;2025-11-14;6;556
1;2025-11-14;7;1578
1;2025-11-14;8;1883
1;2025-11-14;9;1476
1;2025-11-14;10;1378
1;2025-11-14;11;1524
1;2025-11-14;12;1497
1;2025-11-14;13;1550
1;2025-11-14;14;1454
1;2025-11-14;15;1641
1;2025-11-14;16;1735
1;2025-11-14;17;1797
1;2025-11-14;18;1561
1;2025-11-14;19;1236
1;2025-11-14;20;850
1;2025-11-14;21;538
1;2025-11-14;22;235
1;2025-11-14;23;63
1;2025-11-15;0;8
1;2025-11-15;1;0
1;2025-11-15;2;0
1;2025-11-15;3;0
1;2025-11-15;4;0
1;2025-11-15;5;33
1;2025-11-15;6;167
1;2025-11-15;7;348
1;2025-11-15;8;475
1;2025-11-15;9;754
1;2025-11-15;10;929
1;2025-11-15;11;902
1;2025-11-15;12;1120
1;2025-11-15;13;1155
1;2025-11-15;14;1091
1;2025-11-15;15;931
1;2025-11-15;16;828
1;2025-11-15;17;739
1;2025-11-15;18;630
1;2025-11-15;19;552
1;2025-11-15;20;432
1;2025-11-15;21;306
1;2025-11-15;22;135
1;2025-11-15;23;35
1;2025-11-16;0;0
1;2025-11-16;1;0
1;2025-11-16;2;0
1;2025-11-16;3;0
1;2025-11-16;4;0
1;2025-11-16;5;26
1;2025-11-16;6;130
1;2025-11-16;7;254
1;2025-11-16;8;354
1;2025-11-16;9;612
1;2025-11-16;10;750
1;2025-11-16;11;770
1;2025-11-16;12;914
1;2025-11-16;13;965
1;2025-11-16;14;861
1;2025-11-16;15;780
1;2025-11-16;16;709
1;2025-11-16;17;607
1;2025-11-16;18;520
1;2025-11-16;19;437
1;2025-11-16;20;360
1;2025-11-16;21;279
1;2025-11-16;22;113
1;2025-11-16;23;32
1;2025-11-17;0;4
1;2025-11-17;1;0
1;2025-11-17;2;0
1;2025-11-17;3;0
1;2025-11-17;4;8
1;2025-11-17;5;134
1;2025-11-17;6;562
1;2025-11-17;7;1522
1;2025-11-17;8;1936
1;2025-11-17;9;1493
1;2025-11-17;10;1394
1;2025-11-17;11;1432
1;2025-11-17;12;1488
1;2025-11-17;13;1514
1;2025-11-17;14;1462
1;2025-11-17;15;1627
1;2025-11-17;16;1616
1;2025-11-17;17;1776
1;2025-11-17;18;1831
1;2025-11-17;19;1366
1;2025-11-17;20;912
1;2025-11-17;21;502
1;2025-11-17;22;222
1;2025-11-17;23;50
1;2025-11-18;0;4
1;2025-11-18;1;0
1;2025-11-18;2;0
1;2025-11-18;3;0
1;2025-11-18;4;9
1;2025-11-18;5;137
1;2025-11-18;6;578
1;2025-11-18;7;1564
1;2025-11-18;8;1989
1;2025-11-18;9;1534
1;2025-11-18;10;1432
1;2025-11-18;11;1471
1;2025-11-18;12;1530
1;2025-11-18;13;1555
1;2025-11-18;14;1502
1;2025-11-18;15;1672
1;2025-11-18;16;1660
1;2025-11-18;17;1825
1;2025-11-18;18;1882
1;2025-11-18;19;1404
1;2025-11-18;20;938
1;2025-11-18;21;516
1;2025-11-18;22;228
1;2025-11-18;23;51
1;2025-11-19;0;4
1;2025-11-19;1;0
1;2025-11-19;2;0
1;2025-11-19;3;0
1;2025-11-19;4;9
1;2025-11-19;5;137
1;2025-11-19;6;578
1;2025-11-19;7;1564
1;2025-11-19;8;1989
1;2025-11-19;9;1534
1;2025-11-19;10;1432
1;2025-11-19;11;1471
1;2025-11-19;12;1530
1;2025-11-19;13;1555
1;2025-11-19;14;1502
1;2025-11-19;15;1672
1;2025-11-19;16;1660
1;2025-11-19;17;1825
1;2025-11-19;18;1882
1;2025-11-19;19;1404
1;2025-11-19;20;938
1;2025-11-19;21;516
1;2025-11-19;22;228
1;2025-11-19;23;51
1;2025-11-20;0;4
1;2025-11-20;1;0
1;2025-11-20;2;0
1;2025-11-20;3;0
1;2025-11-20;4;9
1;2025-11-20;5;137
1;2025-11-20;6;578
1;2025-11-20;7;1564
1;2025-11-20;8;1989
1;2025-11-20;9;1534
1;2025-11-20;10;1432
1;2025-11-20;11;1471
1;2025-11-20;12;1530
1;2025-11-20;13;1555
1;2025-11-20;14;1502
1;2025-11-20;15;1672
1;2025-11-20;16;1660
1;2025-11-20;17;1825
1;2025-11-20;18;1882
1;2025-11-20;19;1404
1;2025-11-20;20;938
1;2025-11-20;21;516
1;2025-11-20;22;228
1;2025-11-20;23;51
1;2025-11-21;0;6
1;2025-11-21;1;0
1;2025-11-21;2;0
1;2025-11-21;3;0
1;2025-11-21;4;6
1;2025-11-21;5;142
1;2025-11-21;6;556
1;2025-11-21;7;1578
1;2025-11-21;8;1883
1;2025-11-21;9;1476
1;2025-11-21;10;1378
1;2025-11-21;11;1524
1;2025-11-21;12;1497
1;2025-11-21;13;1550
1;2025-11-21;14;1454
1;2025-11-21;15;1641
1;2025-11-21;16;1735
1;2025-11-21;17;1797
1;2025-11-21;18;1561
1;2025-11-21;19;1236
1;2025-11-21;20;850
1;2025-11-21;21;538
1;2025-11-21;22;235
1;2025-11-21;23;63
1;2025-11-22;0;8
1;2025-11-22;1;0
1;2025-11-22;2;0
1;2025-11-22;3;0
1;2025-11-22;4;0
1;2025-11-22;5;33
1;2025-11-22;6;167
1;2025-11-22;7;348
1;2025-11-22;8;475
1;2025-11-22;9;754
1;2025-11-22;10;929
1;2025-11-22;11;902
1;2025-11-22;12;1120
1;2025-11-22;13;1155
1;2025-11-22;14;1091
1;2025-11-22;15;931
1;2025-11-22;16;828
1;2025-11-22;17;739
1;2025-11-22;18;630
1;2025-11-22;19;552
1;2025-11-22;20;432
1;2025-11-22;21;306
1;2025-11-22;22;135
1;2025-11-22;23;35
1;2025-11-23;0;0
1;2025-11-23;1;0
1;2025-11-23;2;0
1;2025-11-23;3;0
1;2025-11-23;4;0
1;2025-11-23;5;26
1;2025-11-23;6;130
1;2025-11-23;7;254
1;2025-11-23;8;354
1;2025-11-23;9;612
1;2025-11-23;10;750
1;2025-11-23;11;770
1;2025-11-23;12;914
1;2025-11-23;13;965
1;2025-11-23;14;861
1;2025-11-23;15;780
1;2025-11-23;16;709
1;2025-11-23;17;607
1;2025-11-23;18;520
1;2025-11-23;19;437
1;2025-11-23;20;360
1;2025-11-23;21;279
1;2025-11-23;22;113
1;2025-11-23;23;32
1;2025-11-24;0;4
1;2025-11-24;1;0
1;2025-11-24;2;0
1;2025-11-24;3;0
1;2025-11-24;4;8
1;2025-11-24;5;134
1;2025-11-24;6;562
1;2025-11-24;7;1522
1;2025-11-24;8;1936
1;2025-11-24;9;1493
1;2025-11-24;10;1394
1;2025-11-24;11;1432
1;2025-11-24;12;1488
1;2025-11-24;13;1514
1;2025-11-24;14;1462
1;2025-11-24;15;1627
1;2025-11-24;16;1616
1;2025-11-24;17;1776
1;2025-11-24;18;1831
1;2025-11-24;19;1366
1;2025-11-24;20;912
1;2025-11-24;21;502
1;2025-11-24;22;222
1;2025-11-24;23;50
1;2025-11-25;0;4
1;2025-11-25;1;0
1;2025-11-25;2;0
1;2025-11-25;3;0
1;2025-11-25;4;9
1;2025-11-25;5;137
1;2025-11-25;6;578
1;2025-11-25;7;1564
1;2025-11-25;8;1989
1;2025-11-25;9;1534
1;2025-11-25;10;1432
1;2025-11-25;11;1471
1;2025-11-25;12;1530
1;2025-11-25;13;1555
1;2025-11-25;14;1502
1;2025-11-25;15;1672
1;2025-11-25;16;1660
1;2025-11-25;17;1825
1;2025-11-25;18;1882
1;2025-11-25;19;1404
1;2025-11-25;20;938
1;2025-11-25;21;516
1;2025-11-25;22;228
1;2025-11-25;23;51
1;2025-11-26;0;4
1;2025-11-26;1;0
1;2025-11-26;2;0
1;2025-11-26;3;0
1;2025-11-26;4;9
1;2025-11-26;5;137
1;2025-11-26;6;578
1;2025-11-26;7;1564
1;2025-11-26;8;1989
1;2025-11-26;9;1534
1;2025-11-26;10;1432
1;2025-11-26;11;1471
1;2025-11-26;12;1530
1;2025-11-26;13;1555
1;2025-11-26;14;1502
1;2025-11-26;15;1672
1;2025-11-26;16;1660
1;2025-11-26;17;1825
1;2025-11-26;18;1882
1;2025-11-26;19;1404
1;2025-11-26;20;938
1;2025-11-26;21;516
1;2025-11-26;22;228
1;2025-11-26;23;51
1;2025-11-27;0;4
1;2025-11-27;1;0
1;2025-11-27;2;0
1;2025-11-27;3;0
1;2025-11-27;4;9
1;2025-11-27;5;137
1;2025-11-27;6;578
1;2025-11-27;7;1564
1;2025-11-27;8;1989
1;2025-11-27;9;1534
1;2025-11-27;10;1432
1;2025-11-27;11;1471
1;2025-11-27;12;1530
1;2025-11-27;13;1555
1;2025-11-27;14;1502
1;2025-11-27;15;1672
1;2025-11-27;16;1660
1;2025-11-27;17;1825
1;2025-11-27;18;1882
1;2025-11-27;19;1404
1;2025-11-27;20;938
1;2025-11-27;21;516
1;2025-11-27;22;228
1;2025-11-27;23;51
1;2025-11-28;0;6
1;2025-11-28;1;0
1;2025-11-28;2;0
1;2025-11-28;3;0
1;2025-11-28;4;6
1;2025-11-28;5;142
1;2025-11-28;6;556
1;2025-11-28;7;1578
1;2025-11-28;8;1883
1;2025-11-28;9;1476
1;2025-11-28;10;1378
1;2025-11-28;11;1524
1;2025-11-28;12;1497
1;2025-11-28;13;1550
1;2025-11-28;14;1454
1;2025-11-28;15;1641
1;2025-11-28;16;1735
1;2025-11-28;17;1797
1;2025-11-28;18;1561
1;2025-11-28;19;1236
1;2025-11-28;20;850
1;2025-11-28;21;538
1;2025-11-28;22;235
1;2025-11-28;23;63
1;2025-11-29;0;8
1;2025-11-29;1;0
1;2025-11-29;2;0
1;2025-11-29;3;0
1;2025-11-29;4;0
1;2025-11-29;5;33
1;2025-11-29;6;167
1;2025-11-29;7;348
1;2025-11-29;8;475
1;2025-11-29;9;754
1;2025-11-29;10;929
1;2025-11-29;11;902
1;2025-11-29;12;1120
1;2025-11-29;13;1155
1;2025-11-29;14;1091
1;2025-11-29;15;931
1;2025-11-29;16;828
1;2025-11-29;17;739
1;2025-11-29;18;630
1;2025-11-29;19;552
1;2025-11-29;20;432
1;2025-11-29;21;306
1;2025-11-29;22;135
1;2025-11-29;23;35
1;2025-11-30;0;0
1;2025-11-30;1;0
1;2025-11-30;2;0
1;2025-11-30;3;0
1;2025-11-30;4;0
1;2025-11-30;5;26
1;2025-11-30;6;130
1;2025-11-30;7;254
1;2025-11-30;8;354
1;2025-11-30;9;612
1;2025-11-30;10;750
1;2025-11-30;11;770
1;2025-11-30;12;914
1;2025-11-30;13;965
1;2025-11-30;14;861
1;2025-11-30;15;780
1;2025-11-30;16;709
1;2025-11-30;17;607
1;2025-11-30;18;520
1;2025-11-30;19;437
1;2025-11-30;20;360
1;2025-11-30;21;279
1;2025-11-30;22;113
1;2025-11-30;23;32
1;2025-12-01;0;4
1;2025-12-01;1;0
1;2025-12-01;2;0
1;2025-12-01;3;0
1;2025-12-01;4;8
1;2025-12-01;5;136
1;2025-12-01;6;572
1;2025-12-01;7;1526
1;2025-12-01;8;1924
1;2025-12-01;9;1493
1;2025-12-01;10;1388
1;2025-12-01;11;1437
1;2025-12-01;12;1491
1;2025-12-01;13;1510
1;2025-12-01;14;1460
1;2025-12-01;15;1632
1;2025-12-01;16;1614
1;2025-12-01;17;1769
1;2025-12-01;18;1823
1;2025-12-01;19;1365
1;2025-12-01;20;912
1;2025-12-01;21;506
1;2025-12-01;22;229
1;2025-12-01;23;52
1;2025-12-02;0;4
1;2025-12-02;1;0
1;2025-12-02;2;0
1;2025-12-02;3;0
1;2025-12-02;4;8
1;2025-12-02;5;139
1;2025-12-02;6;588
1;2025-12-02;7;1568
1;2025-12-02;8;1977
1;2025-12-02;9;1534
1;2025-12-02;10;1427
1;2025-12-02;11;1477
1;2025-12-02;12;1533
1;2025-12-02;13;1551
1;2025-12-02;14;1500
1;2025-12-02;15;1677
1;2025-12-02;16;1658
1;2025-12-02;17;1818
1;2025-12-02;18;1873
1;2025-12-02;19;1403
1;2025-12-02;20;937
1;2025-12-02;21;520
1;2025-12-02;22;235
1;2025-12-02;23;53
1;2025-12-03;0;4
1;2025-12-03;1;0
1;2025-12-03;2;0
1;2025-12-03;3;0
1;2025-12-03;4;8
1;2025-12-03;5;139
1;2025-12-03;6;588
1;2025-12-03;7;1568
1;2025-12-03;8;1977
1;2025-12-03;9;1534
1;2025-12-03;10;1427
1;2025-12-03;11;1477
1;2025-12-03;12;1533
1;2025-12-03;13;1551
1;2025-12-03;14;1500
1;2025-12-03;15;1677
1;2025-12-03;16;1658
1;2025-12-03;17;1818
1;2025-12-03;18;1873
1;2025-12-03;19;1403
1;2025-12-03;20;937
1;2025-12-03;21;520
1;2025-12-03;22;235
1;2025-12-03;23;53
1;2025-12-04;0;4
1;2025-12-04;1;0
1;2025-12-04;2;0
1;2025-12-04;3;0
1;2025-12-04;4;8
1;2025-12-04;5;139
1;2025-12-04;6;588
1;2025-12-04;7;1568
1;2025-12-04;8;1977
1;2025-12-04;9;1534
1;2025-12-04;10;1427
1;2025-12-04;11;1477
1;2025-12-04;12;1533
1;2025-12-04;13;1551
1;2025-12-04;14;1500
1;2025-12-04;15;1677
1;2025-12-04;16;1658
1;2025-12-04;17;1818
1;2025-12-04;18;1873
1;2025-12-04;19;1403
1;2025-12-04;20;937
1;2025-12-04;21;520
1;2025-12-04;22;235
1;2025-12-04;23;53
1;2025-12-05;0;6
1;2025-12-05;1;0
1;2025-12-05;2;0
1;2025-12-05;3;0
1;2025-12-05;4;6
1;2025-12-05;5;141
1;2025-12-05;6;565
1;2025-12-05;7;1576
1;2025-12-05;8;1874
1;2025-12-05;9;1471
1;2025-12-05;10;1375
1;2025-12-05;11;1532
1;2025-12-05;12;1499
1;2025-12-05;13;1553
1;2025-12-05;14;1457
1;2025-12-05;15;1644
1;2025-12-05;16;1730
1;2025-12-05;17;1778
1;2025-12-05;18;1566
1;2025-12-05;19;1227
1;2025-12-05;20;851
1;2025-12-05;21;543
1;2025-12-05;22;245
1;2025-12-05;23;67
1;2025-12-06;0;9
1;2025-12-06;1;0
1;2025-12-06;2;0
1;2025-12-06;3;0
1;2025-12-06;4;0
1;2025-12-06;5;34
1;2025-12-06;6;170
1;2025-12-06;7;347
1;2025-12-06;8;473
1;2025-12-06;9;755
1;2025-12-06;10;924
1;2025-12-06;11;895
1;2025-12-06;12;1118
1;2025-12-06;13;1149
1;2025-12-06;14;1089
1;2025-12-06;15;927
1;2025-12-06;16;831
1;2025-12-06;17;742
1;2025-12-06;18;629
1;2025-12-06;19;553
1;2025-12-06;20;433
1;2025-12-06;21;307
1;2025-12-06;22;139
1;2025-12-06;23;37
1;2025-12-07;0;0
1;2025-12-07;1;0
1;2025-12-07;2;0
1;2025-12-07;3;0
1;2025-12-07;4;0
1;2025-12-07;5;27
1;2025-12-07;6;133
1;2025-12-07;7;252
1;2025-12-07;8;354
1;2025-12-07;9;612
1;2025-12-07;10;758
1;2025-12-07;11;775
1;2025-12-07;12;923
1;2025-12-07;13;978
1;2025-12-07;14;866
1;2025-12-07;15;787
1;2025-12-07;16;713
1;2025-12-07;17;614
1;2025-12-07;18;526
1;2025-12-07;19;438
1;2025-12-07;20;365
1;2025-12-07;21;280
1;2025-12-07;22;115
1;2025-12-07;23;34
1;2025-12-08;0;4
1;2025-12-08;1;0
1;2025-12-08;2;0
1;2025-12-08;3;0
1;2025-12-08;4;8
1;2025-12-08;5;136
1;2025-12-08;6;572
1;2025-12-08;7;1526
1;2025-12-08;8;1924
1;2025-12-08;9;1493
1;2025-12-08;10;1388
1;2025-12-08;11;1437
1;2025-12-08;12;1491
1;2025-12-08;13;1510
1;2025-12-08;14;1460
1;2025-12-08;15;1632
1;2025-12-08;16;1614
1;2025-12-08;17;1769
1;2025-12-08;18;1823
1;2025-12-08;19;1365
1;2025-12-08;20;912
1;2025-12-08;21;506
1;2025-12-08;22;229
1;2025-12-08;23;52
1;2025-12-09;0;4
1;2025-12-09;1;0
1;2025-12-09;2;0
1;2025-12-09;3;0
1;2025-12-09;4;8
1;2025-12-09;5;139
1;2025-12-09;6;588
1;2025-12-09;7;1568
1;2025-12-09;8;1977
1;2025-12-09;9;1534
1;2025-12-09;10;1427
1;2025-12-09;11;1477
1;2025-12-09;12;1533
1;2025-12-09;13;1551
1;2025-12-09;14;1500
1;2025-12-09;15;1677
1;2025-12-09;16;1658
1;2025-12-09;17;1818
1;2025-12-09;18;1873
1;2025-12-09;19;1403
1;2025-12-09;20;937
1;2025-12-09;21;520
1;2025-12-09;22;235
1;2025-12-09;23;53
1;2025-12-10;0;4
1;2025-12-10;1;0
1;2025-12-10;2;0
1;2025-12-10;3;0
1;2025-12-10;4;8
1;2025-12-10;5;139
1;2025-12-10;6;588
1;2025-12-10;7;1568
1;2025-12-10;8;1977
1;2025-12-10;9;1534
1;2025-12-10;10;1427
1;2025-12-10;11;1477
1;2025-12-10;12;1533
1;2025-12-10;13;1551
1;2025-12-10;14;1500
1;2025-12-10;15;1677
1;2025-12-10;16;1658
1;2025-12-10;17;1818
1;2025-12-10;18;1873
1;2025-12-10;19;1403
1;2025-12-10;20;937
1;2025-12-10;21;520
1;2025-12-10;22;235
1;2025-12-10;23;53
1;2025-12-11;0;4
1;2025-12-11;1;0
1;2025-12-11;2;0
1;2025-12-11;3;0
1;2025-12-11;4;8
1;2025-12-11;5;139
1;2025-12-11;6;588
1;2025-12-11;7;1568
1;2025-12-11;8;1977
1;2025-12-11;9;1534
1;2025-12-11;10;1427
1;2025-12-11;11;1477
1;2025-12-11;12;1533
1;2025-12-11;13;1551
1;2025-12-11;14;1500
1;2025-12-11;15;1677
1;2025-12-11;16;1658
1;2025-12-11;17;1818
1;2025-12-11;18;1873
1;2025-12-11;19;1403
1;2025-12-11;20;937
1;2025-12-11;21;520
1;2025-12-11;22;235
1;2025-12-11;23;53
1;2025-12-12;0;6
1;2025-12-12;1;0
1;2025-12-12;2;0
1;2025-12-12;3;0
1;2025-12-12;4;6
1;2025-12-12;5;141
1;2025-12-12;6;565
1;2025-12-12;7;1576
1;2025-12-12;8;1874
1;2025-12-12;9;1471
1;2025-12-12;10;1375
1;2025-12-12;11;1532
1;2025-12-12;12;1499
1;2025-12-12;13;1553
1;2025-12-12;14;1457
1;2025-12-12;15;1644
1;2025-12-12;16;1730
1;2025-12-12;17;1778
1;2025-12-12;18;1566
1;2025-12-12;19;1227
1;2025-12-12;20;851
1;2025-12-12;21;543
1;2025-12-12;22;245
1;2025-12-12;23;67
1;2025-12-13;0;9
1;2025-12-13;1;0
1;2025-12-13;2;0
1;2025-12-13;3;0
1;2025-12-13;4;0
1;2025-12-13;5;34
1;2025-12-13;6;170
1;2025-12-13;7;347
1;2025-12-13;8;473
1;2025-12-13;9;755
1;2025-12-13;10;924
1;2025-12-13;11;895
1;2025-12-13;12;1118
1;2025-12-13;13;1149
1;2025-12-13;14;1089
1;2025-12-13;15;927
1;2025-12-13;16;831
1;2025-12-13;17;742
1;2025-12-13;18;629
1;2025-12-13;19;553
1;2025-12-13;20;433
1;2025-12-13;21;307
1;2025-12-13;22;139
1;2025-12-13;23;37
1;2025-12-14;0;0
1;2025-12-14;1;0
1;2025-12-14;2;0
1;2025-12-14;3;0
1;2025-12-14;4;0
1;2025-12-14;5;27
1;2025-12-14;6;133
1;2025-12-14;7;252
1;2025-12-14;8;354
1;2025-12-14;9;612
1;2025-12-14;10;758
1;2025-12-14;11;775
1;2025-12-14;12;923
1;2025-12-14;13;978
1;2025-12-14;14;866
1;2025-12-14;15;787
1;2025-12-14;16;713
1;2025-12-14;17;614
1;2025-12-14;18;526
1;2025-12-14;19;438
1;2025-12-14;20;365
1;2025-12-14;21;280
1;2025-12-14;22;115
1;2025-12-14;23;34
1;2025-12-15;0;4
1;2025-12-15;1;0
1;2025-12-15;2;0
1;2025-12-15;3;0
1;2025-12-15;4;8
1;2025-12-15;5;136
1;2025-12-15;6;572
1;2025-12-15;7;1526
1;2025-12-15;8;1924
1;2025-12-15;9;1493
1;2025-12-15;10;1388
1;2025-12-15;11;1437
1;2025-12-15;12;1491
1;2025-12-15;13;1510
1;2025-12-15;14;1460
1;2025-12-15;15;1632
1;2025-12-15;16;1614
1;2025-12-15;17;1769
1;2025-12-15;18;1823
1;2025-12-15;19;1365
1;2025-12-15;20;912
1;2025-12-15;21;506
1;2025-12-15;22;229
1;2025-12-15;23;52
1;2025-12-16;0;4
1;2025-12-16;1;0
1;2025-12-16;2;0
1;2025-12-16;3;0
1;2025-12-16;4;8
1;2025-12-16;5;139
1;2025-12-16;6;588
1;2025-12-16;7;1568
1;2025-12-16;8;1977
1;2025-12-16;9;1534
1;2025-12-16;10;1427
1;2025-12-16;11;1477
1;2025-12-16;12;1533
1;2025-12-16;13;1551
1;2025-12-16;14;1500
1;2025-12-16;15;1677
1;2025-12-16;16;1658
1;2025-12-16;17;1818
1;2025-12-16;18;1873
1;2025-12-16;19;1403
1;2025-12-16;20;937
1;2025-12-16;21;520
1;2025-12-16;22;235
1;2025-12-16;23;53
1;2025-12-17;0;4
1;2025-12-17;1;0
1;2025-12-17;2;0
1;2025-12-17;3;0
1;2025-12-17;4;8
1;2025-12-17;5;139
1;2025-12-17;6;588
1;2025-12-17;7;1568
1;2025-12-17;8;1977
1;2025-12-17;9;1534
1;2025-12-17;10;1427
1;2025-12-17;11;1477
1;2025-12-17;12;1533
1;2025-12-17;13;1551
1;2025-12-17;14;1500
1;2025-12-17;15;1677
1;2025-12-17;16;1658
1;2025-12-17;17;1818
1;2025-12-17;18;1873
1;2025-12-17;19;1403
1;2025-12-17;20;937
1;2025-12-17;21;520
1;2025-12-17;22;235
1;2025-12-17;23;53
1;2025-12-18;0;4
1;2025-12-18;1;0
1;2025-12-18;2;0
1;2025-12-18;3;0
1;2025-12-18;4;8
1;2025-12-18;5;139
1;2025-12-18;6;588
1;2025-12-18;7;1568
1;2025-12-18;8;1977
1;2025-12-18;9;1534
1;2025-12-18;10;1427
1;2025-12-18;11;1477
1;2025-12-18;12;1533
1;2025-12-18;13;1551
1;2025-12-18;14;1500
1;2025-12-18;15;1677
1;2025-12-18;16;1658
1;2025-12-18;17;1818
1;2025-12-18;18;1873
1;2025-12-18;19;1403
1;2025-12-18;20;937
1;2025-12-18;21;520
1;2025-12-18;22;235
1;2025-12-18;23;53
1;2025-12-19;0;6
1;2025-12-19;1;0
1;2025-12-19;2;0
1;2025-12-19;3;0
1;2025-12-19;4;6
1;2025-12-19;5;141
1;2025-12-19;6;565
1;2025-12-19;7;1576
1;2025-12-19;8;1874
1;2025-12-19;9;1471
1;2025-12-19;10;1375
1;2025-12-19;11;1532
1;2025-12-19;12;1499
1;2025-12-19;13;1553
1;2025-12-19;14;1457
1;2025-12-19;15;1644
1;2025-12-19;16;1730
1;2025-12-19;17;1778
1;2025-12-19;18;1566
1;2025-12-19;19;1227
1;2025-12-19;20;851
1;2025-12-19;21;543
1;2025-12-19;22;245
1;2025-12-19;23;67
1;2025-12-20;0;9
1;2025-12-20;1;0
1;2025-12-20;2;0
1;2025-12-20;3;0
1;2025-12-20;4;0
1;2025-12-20;5;34
1;2025-12-20;6;170
1;2025-12-20;7;347
1;2025-12-20;8;473
1;2025-12-20;9;755
1;2025-12-20;10;924
1;2025-12-20;11;895
1;2025-12-20;12;1118
1;2025-12-20;13;1149
1;2025-12-20;14;1089
1;2025-12-20;15;927
1;2025-12-20;16;831
1;2025-12-20;17;742
1;2025-12-20;18;629
1;2025-12-20;19;553
1;2025-12-20;20;433
1;2025-12-20;21;307
1;2025-12-20;22;139
1;2025-12-20;23;37
1;2025-12-21;0;0
1;2025-12-21;1;0
1;2025-12-21;2;0
1;2025-12-21;3;0
1;2025-12-21;4;0
1;2025-12-21;5;27
1;2025-12-21;6;133
1;2025-12-21;7;252
1;2025-12-21;8;354
1;2025-12-21;9;612
1;2025-12-21;10;758
1;2025-12-21;11;775
1;2025-12-21;12;923
1;2025-12-21;13;978
1;2025-12-21;14;866
1;2025-12-21;15;787
1;2025-12-21;16;713
1;2025-12-21;17;614
1;2025-12-21;18;526
1;2025-12-21;19;438
1;2025-12-21;20;365
1;2025-12-21;21;280
1;2025-12-21;22;115
1;2025-12-21;23;34
1;2025-12-22;0;4
1;2025-12-22;1;0
1;2025-12-22;2;0
1;2025-12-22;3;0
1;2025-12-22;4;8
1;2025-12-22;5;136
1;2025-12-22;6;572
1;2025-12-22;7;1526
1;2025-12-22;8;1924
1;2025-12-22;9;1493
1;2025-12-22;10;1388
1;2025-12-22;11;1437
1;2025-12-22;12;1491
1;2025-12-22;13;1510
1;2025-12-22;14;1460
1;2025-12-22;15;1632
1;2025-12-22;16;1614
1;2025-12-22;17;1769
1;2025-12-22;18;1823
1;2025-12-22;19;1365
1;2025-12-22;20;912
1;2025-12-22;21;506
1;2025-12-22;22;229
1;2025-12-22;23;52
1;2025-12-23;0;4
1;2025-12-23;1;0
1;2025-12-23;2;0
1;2025-12-23;3;0
1;2025-12-23;4;8
1;2025-12-23;5;139
1;2025-12-23;6;588
1;2025-12-23;7;1568
1;2025-12-23;8;1977
1;2025-12-23;9;1534
1;2025-12-23;10;1427
1;2025-12-23;11;1477
1;2025-12-23;12;1533
1;2025-12-23;13;1551
1;2025-12-23;14;1500
1;2025-12-23;15;1677
1;2025-12-23;16;1658
1;2025-12-23;17;1818
1;2025-12-23;18;1873
1;2025-12-23;19;1403
1;2025-12-23;20;937
1;2025-12-23;21;520
1;2025-12-23;22;235
1;2025-12-23;23;53
1;2025-12-24;0;4
1;2025-12-24;1;0
1;2025-12-24;2;0
1;2025-12-24;3;0
1;2025-12-24;4;8
1;2025-12-24;5;139
1;2025-12-24;6;588
1;2025-12-24;7;1568
1;2025-12-24;8;1977
1;2025-12-24;9;1534
1;2025-12-24;10;1427
1;2025-12-24;11;1477
1;2025-12-24;12;1533
1;2025-12-24;13;1551
1;2025-12-24;14;1500
1;2025-12-24;15;1677
1;2025-12-24;16;1658
1;2025-12-24;17;1818
1;2025-12-24;18;1873
1;2025-12-24;19;1403
1;2025-12-24;20;937
1;2025-12-24;21;520
1;2025-12-24;22;235
1;2025-12-24;23;53
1;2025-12-25;0;4
1;2025-12-25;1;0
1;2025-12-25;2;0
1;2025-12-25;3;0
1;2025-12-25;4;8
1;2025-12-25;5;139
1;2025-12-25;6;588
1;2025-12-25;7;1568
1;2025-12-25;8;1977
1;2025-12-25;9;1534
1;2025-12-25;10;1427
1;2025-12-25;11;1477
1;2025-12-25;12;1533
1;2025-12-25;13;1551
1;2025-12-25;14;1500
1;2025-12-25;15;1677
1;2025-12-25;16;1658
1;2025-12-25;17;1818
1;2025-12-25;18;1873
1;2025-12-25;19;1403
1;2025-12-25;20;937
1;2025-12-25;21;520
1;2025-12-25;22;235
1;2025-12-25;23;53
1;2025-12-26;0;6
1;2025-12-26;1;0
1;2025-12-26;2;0
1;2025-12-26;3;0
1;2025-12-26;4;6
1;2025-12-26;5;141
1;2025-12-26;6;565
1;2025-12-26;7;1576
1;2025-12-26;8;1874
1;2025-12-26;9;1471
1;2025-12-26;10;1375
1;2025-12-26;11;1532
1;2025-12-26;12;1499
1;2025-12-26;13;1553
1;2025-12-26;14;1457
1;2025-12-26;15;1644
1;2025-12-26;16;1730
1;2025-12-26;17;1778
1;2025-12-26;18;1566
1;2025-12-26;19;1227
1;2025-12-26;20;851
1;2025-12-26;21;543
1;2025-12-26;22;245
1;2025-12-26;23;67
1;2025-12-27;0;9
1;2025-12-27;1;0
1;2025-12-27;2;0
1;2025-12-27;3;0
1;2025-12-27;4;0
1;2025-12-27;5;34
1;2025-12-27;6;170
1;2025-12-27;7;347
1;2025-12-27;8;473
1;2025-12-27;9;755
1;2025-12-27;10;924
1;2025-12-27;11;895
1;2025-12-27;12;1118
1;2025-12-27;13;1149
1;2025-12-27;14;1089
1;2025-12-27;15;927
1;2025-12-27;16;831
1;2025-12-27;17;742
1;2025-12-27;18;629
1;2025-12-27;19;553
1;2025-12-27;20;433
1;2025-12-27;21;307
1;2025-12-27;22;139
1;2025-12-27;23;37
1;2025-12-28;0;0
1;2025-12-28;1;0
1;2025-12-28;2;0
1;2025-12-28;3;0
1;2025-12-28;4;0
1;2025-12-28;5;27
1;2025-12-28;6;133
1;2025-12-28;7;252
1;2025-12-28;8;354
1;2025-12-28;9;612
1;2025-12-28;10;758
1;2025-12-28;11;775
1;2025-12-28;12;923
1;2025-12-28;13;978
1;2025-12-28;14;866
1;2025-12-28;15;787
1;2025-12-28;16;713
1;2025-12-28;17;614
1;2025-12-28;18;526
1;2025-12-28;19;438
1;2025-12-28;20;365
1;2025-12-28;21;280
1;2025-12-28;22;115
1;2025-12-28;23;34
1;2025-12-29;0;4
1;2025-12-29;1;0
1;2025-12-29;2;0
1;2025-12-29;3;0
1;2025-12-29;4;7
1;2025-12-29;5;122
1;2025-12-29;6;515
1;2025-12-29;7;1373
1;2025-12-29;8;1732
1;2025-12-29;9;1343
1;2025-12-29;10;1249
1;2025-12-29;11;1294
1;2025-12-29;12;1342
1;2025-12-29;13;1359
1;2025-12-29;14;1313
1;2025-12-29;15;1469
1;2025-12-29;16;1452
1;2025-12-29;17;1593
1;2025-12-29;18;1641
1;2025-12-29;19;1228
1;2025-12-29;20;821
1;2025-12-29;21;456
1;2025-12-29;22;206
1;2025-12-29;23;47
1;2025-12-30;0;4
1;2025-12-30;1;0
1;2025-12-30;2;0
1;2025-12-30;3;0
1;2025-12-30;4;7
1;2025-12-30;5;118
1;2025-12-30;6;500
1;2025-12-30;7;1333
1;2025-12-30;8;1680
1;2025-12-30;9;1304
1;2025-12-30;10;1212
1;2025-12-30;11;1256
1;2025-12-30;12;1303
1;2025-12-30;13;1318
1;2025-12-30;14;1275
1;2025-12-30;15;1426
1;2025-12-30;16;1410
1;2025-12-30;17;1546
1;2025-12-30;18;1592
1;2025-12-30;19;1192
1;2025-12-30;20;797
1;2025-12-30;21;442
1;2025-12-30;22;200
1;2025-12-30;23;45
1;2025-12-31;0;5
1;2025-12-31;1;0
1;2025-12-31;2;0
1;2025-12-31;3;0
1;2025-12-31;4;0
1;2025-12-31;5;18
1;2025-12-31;6;92
1;2025-12-31;7;188
1;2025-12-31;8;256
1;2025-12-31;9;409
1;2025-12-31;10;500
1;2025-12-31;11;484
1;2025-12-31;12;605
1;2025-12-31;13;621
1;2025-12-31;14;589
1;2025-12-31;15;502
1;2025-12-31;16;450
1;2025-12-31;17;401
1;2025-12-31;18;340
1;2025-12-31;19;299
1;2025-12-31;20;23
1;2025-12-31;21;17
1;2025-12-31;22;7
1;2025-12-31;23;2
5;2025-11-01;0;0
5;2025-11-01;1;0
5;2025-11-01;2;0
5;2025-11-01;3;0
5;2025-11-01;4;0
5;2025-11-01;5;0
5;2025-11-01;6;0
5;2025-11-01;7;0
5;2025-11-01;8;0
5;2025-11-01;9;0
5;2025-11-01;10;0
5;2025-11-01;11;0
5;2025-11-01;12;0
5;2025-11-01;13;0
5;2025-11-01;14;0
5;2025-11-01;15;0
5;2025-11-01;16;0
5;2025-11-01;17;0
5;2025-11-01;18;0
5;2025-11-01;19;0
5;2025-11-01;20;0
5;2025-11-01;21;0
5;2025-11-01;22;0
5;2025-11-01;23;0
5;2025-11-02;0;0
5;2025-11-02;1;0
5;2025-11-02;2;0
5;2025-11-02;3;0
5;2025-11-02;4;0
5;2025-11-02;5;0
5;2025-11-02;6;0
5;2025-11-02;7;0
5;2025-11-02;8;0
5;2025-11-02;9;0
5;2025-11-02;10;0
5;2025-11-02;11;0
5;2025-11-02;12;0
5;2025-11-02;13;0
5;2025-11-02;14;0
5;2025-11-02;15;0
5;2025-11-02;16;0
5;2025-11-02;17;0
5;2025-11-02;18;0
5;2025-11-02;19;0
5;2025-11-02;20;0
5;2025-11-02;21;0
5;2025-11-02;22;0
5;2025-11-02;23;0
5;2025-11-03;0;0
5;2025-11-03;1;0
5;2025-11-03;2;0
5;2025-11-03;3;0
5;2025-11-03;4;0
5;2025-11-03;5;0
5;2025-11-03;6;0
5;2025-11-03;7;0
5;2025-11-03;8;0
5;2025-11-03;9;0
5;2025-11-03;10;0
5;2025-11-03;11;0
5;2025-11-03;12;0
5;2025-11-03;13;0
5;2025-11-03;14;0
5;2025-11-03;15;0
5;2025-11-03;16;0
5;2025-11-03;17;0
5;2025-11-03;18;0
5;2025-11-03;19;0
5;2025-11-03;20;0
5;2025-11-03;21;0
5;2025-11-03;22;0
5;2025-11-03;23;0
5;2025-11-04;0;0
5;2025-11-04;1;0
5;2025-11-04;2;0
5;2025-11-04;3;0
5;2025-11-04;4;0
5;2025-11-04;5;0
5;2025-11-04;6;0
5;2025-11-04;7;0
5;2025-11-04;8;0
5;2025-11-04;9;0
5;2025-11-04;10;0
5;2025-11-04;11;0
5;2025-11-04;12;0
5;2025-11-04;13;0
5;2025-11-04;14;0
5;2025-11-04;15;0
5;2025-11-04;16;0
5;2025-11-04;17;0
5;2025-11-04;18;0
5;2025-11-04;19;0
5;2025-11-04;20;0
5;2025-11-04;21;0
5;2025-11-04;22;0
5;2025-11-04;23;0
5;2025-11-05;0;0
5;2025-11-05;1;0
5;2025-11-05;2;0
5;2025-11-05;3;0
5;2025-11-05;4;0
5;2025-11-05;5;0
5;2025-11-05;6;0
5;2025-11-05;7;0
5;2025-11-05;8;0
5;2025-11-05;9;0
5;2025-11-05;10;0
5;2025-11-05;11;0
5;2025-11-05;12;0
5;2025-11-05;13;0
5;2025-11-05;14;0
5;2025-11-05;15;0
5;2025-11-05;16;0
5;2025-11-05;17;0
5;2025-11-05;18;0
5;2025-11-05;19;0
5;2025-11-05;20;0
5;2025-11-05;21;0
5;2025-11-05;22;0
5;2025-11-05;23;0
5;2025-11-06;0;0
5;2025-11-06;1;0
5;2025-11-06;2;0
5;2025-11-06;3;0
5;2025-11-06;4;0
5;2025-11-06;5;0
5;2025-11-06;6;0
5;2025-11-06;7;0
5;2025-11-06;8;0
5;2025-11-06;9;0
5;2025-11-06;10;0
5;2025-11-06;11;0
5;2025-11-06;12;0
5;2025-11-06;13;0
5;2025-11-06;14;0
5;2025-11-06;15;0
5;2025-11-06;16;0
5;2025-11-06;17;0
5;2025-11-06;18;0
5;2025-11-06;19;0
5;2025-11-06;20;0
5;2025-11-06;21;0
5;2025-11-06;22;0
5;2025-11-06;23;0
5;2025-11-07;0;0
5;2025-11-07;1;0
5;2025-11-07;2;0
5;2025-11-07;3;0
5;2025-11-07;4;0
5;2025-11-07;5;0
5;2025-11-07;6;0
5;2025-11-07;7;0
5;2025-11-07;8;0
5;2025-11-07;9;0
5;2025-11-07;10;0
5;2025-11-07;11;0
5;2025-11-07;12;0
5;2025-11-07;13;0
5;2025-11-07;14;0
5;2025-11-07;15;0
5;2025-11-07;16;0
5;2025-11-07;17;0
5;2025-11-07;18;0
5;2025-11-07;19;0
5;2025-11-07;20;0
5;2025-11-07;21;0
5;2025-11-07;22;0
5;2025-11-07;23;0
5;2025-11-08;0;0
5;2025-11-08;1;0
5;2025-11-08;2;0
5;2025-11-08;3;0
5;2025-11-08;4;0
5;2025-11-08;5;0
5;2025-11-08;6;0
5;2025-11-08;7;0
5;2025-11-08;8;0
5;2025-11-08;9;0
5;2025-11-08;10;0
5;2025-11-08;11;0
5;2025-11-08;12;0
5;2025-11-08;13;0
5;2025-11-08;14;0
5;2025-11-08;15;0
5;2025-11-08;16;0
5;2025-11-08;17;0
5;2025-11-08;18;0
5;2025-11-08;19;0
5;2025-11-08;20;0
5;2025-11-08;21;0
5;2025-11-08;22;0
5;2025-11-08;23;0
5;2025-11-09;0;0
5;2025-11-09;1;0
5;2025-11-09;2;0
5;2025-11-09;3;0
5;2025-11-09;4;0
5;2025-11-09;5;0
5;2025-11-09;6;0
5;2025-11-09;7;0
5;2025-11-09;8;0
5;2025-11-09;9;0
5;2025-11-09;10;0
5;2025-11-09;11;0
5;2025-11-09;12;0
5;2025-11-09;13;0
5;2025-11-09;14;0
5;2025-11-09;15;0
5;2025-11-09;16;0
5;2025-11-09;17;0
5;2025-11-09;18;0
5;2025-11-09;19;0
5;2025-11-09;20;0
5;2025-11-09;21;0
5;2025-11-09;22;0
5;2025-11-09;23;0
5;2025-11-10;0;0
5;2025-11-10;1;0
5;2025-11-10;2;0
5;2025-11-10;3;0
5;2025-11-10;4;0
5;2025-11-10;5;0
5;2025-11-10;6;0
5;2025-11-10;7;0
5;2025-11-10;8;0
5;2025-11-10;9;0
5;2025-11-10;10;0
5;2025-11-10;11;0
5;2025-11-10;12;0
5;2025-11-10;13;0
5;2025-11-10;14;0
5;2025-11-10;15;0
5;2025-11-10;16;0
5;2025-11-10;17;0
5;2025-11-10;18;0
5;2025-11-10;19;0
5;2025-11-10;20;0
5;2025-11-10;21;0
5;2025-11-10;22;0
5;2025-11-10;23;0
5;2025-11-11;0;0
5;2025-11-11;1;0
5;2025-11-11;2;0
5;2025-11-11;3;0
5;2025-11-11;4;0
5;2025-11-11;5;0
5;2025-11-11;6;0
5;2025-11-11;7;0
5;2025-11-11;8;0
5;2025-11-11;9;0
5;2025-11-11;10;0
5;2025-11-11;11;0
5;2025-11-11;12;0
5;2025-11-11;13;0
5;2025-11-11;14;0
5;2025-11-11;15;0
5;2025-11-11;16;0
5;2025-11-11;17;0
5;2025-11-11;18;0
5;2025-11-11;19;0
5;2025-11-11;20;0
5;2025-11-11;21;0
5;2025-11-11;22;0
5;2025-11-11;23;0
5;2025-11-12;0;0
5;2025-11-12;1;0
5;2025-11-12;2;0
5;2025-11-12;3;0
5;2025-11-12;4;0
5;2025-11-12;5;0
5;2025-11-12;6;0
5;2025-11-12;7;0
5;2025-11-12;8;0
5;2025-11-12;9;0
5;2025-11-12;10;0
5;2025-11-12;11;0
5;2025-11-12;12;0
5;2025-11-12;13;0
5;2025-11-12;14;0
5;2025-11-12;15;0
5;2025-11-12;16;0
5;2025-11-12;17;0
5;2025-11-12;18;0
5;2025-11-12;19;0
5;2025-11-12;20;0
5;2025-11-12;21;0
5;2025-11-12;22;0
5;2025-11-12;23;0
5;2025-11-13;0;0
5;2025-11-13;1;0
5;2025-11-13;2;0
5;2025-11-13;3;0
5;2025-11-13;4;0
5;2025-11-13;5;0
5;2025-11-13;6;0
5;2025-11-13;7;0
5;2025-11-13;8;0
5;2025-11-13;9;0
5;2025-11-13;10;0
5;2025-11-13;11;0
5;2025-11-13;12;0
5;2025-11-13;13;0
5;2025-11-13;14;0
5;2025-11-13;15;0
5;2025-11-13;16;0
5;2025-11-13;17;0
5;2025-11-13;18;0
5;2025-11-13;19;0
5;2025-11-13;20;0
5;2025-11-13;21;0
5;2025-11-13;22;0
5;2025-11-13;23;0
5;2025-11-14;0;0
5;2025-11-14;1;0
5;2025-11-14;2;0
5;2025-11-14;3;0
5;2025-11-14;4;0
5;2025-11-14;5;0
5;2025-11-14;6;0
5;2025-11-14;7;0
5;2025-11-14;8;0
5;2025-11-14;9;0
5;2025-11-14;10;0
5;2025-11-14;11;0
5;2025-11-14;12;0
5;2025-11-14;13;0
5;2025-11-14;14;0
5;2025-11-14;15;0
5;2025-11-14;16;0
5;2025-11-14;17;0
5;2025-11-14;18;0
5;2025-11-14;19;0
5;2025-11-14;20;0
5;2025-11-14;21;0
5;2025-11-14;22;0
5;2025-11-14;23;0
5;2025-11-15;0;0
5;2025-11-15;1;0
5;2025-11-15;2;0
5;2025-11-15;3;0
5;2025-11-15;4;0
5;2025-11-15;5;0
5;2025-11-15;6;0
5;2025-11-15;7;0
5;2025-11-15;8;0
5;2025-11-15;9;0
5;2025-11-15;10;0
5;2025-11-15;11;0
5;2025-11-15;12;0
5;2025-11-15;13;0
5;2025-11-15;14;0
5;2025-11-15;15;0
5;2025-11-15;16;0
5;2025-11-15;17;0
5;2025-11-15;18;0
5;2025-11-15;19;0
5;2025-11-15;20;0
5;2025-11-15;21;0
5;2025-11-15;22;0
5;2025-11-15;23;0
5;2025-11-16;0;0
5;2025-11-16;1;0
5;2025-11-16;2;0
5;2025-11-16;3;0
5;2025-11-16;4;0
5;2025-11-16;5;0
5;2025-11-16;6;0
5;2025-11-16;7;0
5;2025-11-16;8;0
5;2025-11-16;9;0
5;2025-11-16;10;0
5;2025-11-16;11;0
5;2025-11-16;12;0
5;2025-11-16;13;0
5;2025-11-16;14;0
5;2025-11-16;15;0
5;2025-11-16;16;0
5;2025-11-16;17;0
5;2025-11-16;18;0
5;2025-11-16;19;0
5;2025-11-16;20;0
5;2025-11-16;21;0
5;2025-11-16;22;0
5;2025-11-16;23;0
5;2025-11-17;0;0
5;2025-11-17;1;0
5;2025-11-17;2;0
5;2025-11-17;3;0
5;2025-11-17;4;0
5;2025-11-17;5;0
5;2025-11-17;6;0
5;2025-11-17;7;0
5;2025-11-17;8;0
5;2025-11-17;9;0
5;2025-11-17;10;0
5;2025-11-17;11;0
5;2025-11-17;12;0
5;2025-11-17;13;0
5;2025-11-17;14;0
5;2025-11-17;15;0
5;2025-11-17;16;0
5;2025-11-17;17;0
5;2025-11-17;18;0
5;2025-11-17;19;0
5;2025-11-17;20;0
5;2025-11-17;21;0
5;2025-11-17;22;0
5;2025-11-17;23;0
5;2025-11-18;0;0
5;2025-11-18;1;0
5;2025-11-18;2;0
5;2025-11-18;3;0
5;2025-11-18;4;0
5;2025-11-18;5;0
5;2025-11-18;6;0
5;2025-11-18;7;0
5;2025-11-18;8;0
5;2025-11-18;9;0
5;2025-11-18;10;0
5;2025-11-18;11;0
5;2025-11-18;12;0
5;2025-11-18;13;0
5;2025-11-18;14;0
5;2025-11-18;15;0
5;2025-11-18;16;0
5;2025-11-18;17;0
5;2025-11-18;18;0
5;2025-11-18;19;0
5;2025-11-18;20;0
5;2025-11-18;21;0
5;2025-11-18;22;0
5;2025-11-18;23;0
5;2025-11-19;0;0
5;2025-11-19;1;0
5;2025-11-19;2;0
5;2025-11-19;3;0
5;2025-11-19;4;0
5;2025-11-19;5;0
5;2025-11-19;6;0
5;2025-11-19;7;0
5;2025-11-19;8;0
5;2025-11-19;9;0
5;2025-11-19;10;0
5;2025-11-19;11;0
5;2025-11-19;12;0
5;2025-11-19;13;0
5;2025-11-19;14;0
5;2025-11-19;15;0
5;2025-11-19;16;0
5;2025-11-19;17;0
5;2025-11-19;18;0
5;2025-11-19;19;0
5;2025-11-19;20;0
5;2025-11-19;21;0
5;2025-11-19;22;0
5;2025-11-19;23;0
5;2025-11-20;0;0
5;2025-11-20;1;0
5;2025-11-20;2;0
5;2025-11-20;3;0
5;2025-11-20;4;0
5;2025-11-20;5;0
5;2025-11-20;6;0
5;2025-11-20;7;0
5;2025-11-20;8;0
5;2025-11-20;9;0
5;2025-11-20;10;0
5;2025-11-20;11;0
5;2025-11-20;12;0
5;2025-11-20;13;0
5;2025-11-20;14;0
5;2025-11-20;15;0
5;2025-11-20;16;0
5;2025-11-20;17;0
5;2025-11-20;18;0
5;2025-11-20;19;0
5;2025-11-20;20;0
5;2025-11-20;21;0
5;2025-11-20;22;0
5;2025-11-20;23;0
5;2025-11-21;0;0
5;2025-11-21;1;0
5;2025-11-21;2;0
5;2025-11-21;3;0
5;2025-11-21;4;0
5;2025-11-21;5;0
5;2025-11-21;6;0
5;2025-11-21;7;0
5;2025-11-21;8;0
5;2025-11-21;9;0
5;2025-11-21;10;0
5;2025-11-21;11;0
5;2025-11-21;12;0
5;2025-11-21;13;0
5;2025-11-21;14;0
5;2025-11-21;15;0
5;2025-11-21;16;0
5;2025-11-21;17;0
5;2025-11-21;18;0
5;2025-11-21;19;0
5;2025-11-21;20;0
5;2025-11-21;21;0
5;2025-11-21;22;0
5;2025-11-21;23;0
5;2025-11-22;0;0
5;2025-11-22;1;0
5;2025-11-22;2;0
5;2025-11-22;3;0
5;2025-11-22;4;0
5;2025-11-22;5;0
5;2025-11-22;6;0
5;2025-11-22;7;0
5;2025-11-22;8;0
5;2025-11-22;9;0
5;2025-11-22;10;0
5;2025-11-22;11;0
5;2025-11-22;12;0
5;2025-11-22;13;0
5;2025-11-22;14;0
5;2025-11-22;15;0
5;2025-11-22;16;0
5;2025-11-22;17;0
5;2025-11-22;18;0
5;2025-11-22;19;0
5;2025-11-22;20;0
5;2025-11-22;21;0
5;2025-11-22;22;0
5;2025-11-22;23;0
5;2025-11-23;0;0
5;2025-11-23;1;0
5;2025-11-23;2;0
5;2025-11-23;3;0
5;2025-11-23;4;0
5;2025-11-23;5;0
5;2025-11-23;6;0
5;2025-11-23;7;0
5;2025-11-23;8;0
5;2025-11-23;9;0
5;2025-11-23;10;0
5;2025-11-23;11;0
5;2025-11-23;12;0
5;2025-11-23;13;0
5;2025-11-23;14;0
5;2025-11-23;15;0
5;2025-11-23;16;0
5;2025-11-23;17;0
5;2025-11-23;18;0
5;2025-11-23;19;0
5;2025-11-23;20;0
5;2025-11-23;21;0
5;2025-11-23;22;0
5;2025-11-23;23;0
5;2025-11-24;0;0
5;2025-11-24;1;0
5;2025-11-24;2;0
5;2025-11-24;3;0
5;2025-11-24;4;0
5;2025-11-24;5;0
5;2025-11-24;6;0
5;2025-11-24;7;0
5;2025-11-24;8;0
5;2025-11-24;9;0
5;2025-11-24;10;0
5;2025-11-24;11;0
5;2025-11-24;12;0
5;2025-11-24;13;0
5;2025-11-24;14;0
5;2025-11-24;15;0
5;2025-11-24;16;0
5;2025-11-24;17;0
5;2025-11-24;18;0
5;2025-11-24;19;0
5;2025-11-24;20;0
5;2025-11-24;21;0
5;2025-11-24;22;0
5;2025-11-24;23;0
5;2025-11-25;0;0
5;2025-11-25;1;0
5;2025-11-25;2;0
5;2025-11-25;3;0
5;2025-11-25;4;0
5;2025-11-25;5;0
5;2025-11-25;6;0
5;2025-11-25;7;0
5;2025-11-25;8;0
5;2025-11-25;9;0
5;2025-11-25;10;0
5;2025-11-25;11;0
5;2025-11-25;12;0
5;2025-11-25;13;0
5;2025-11-25;14;0
5;2025-11-25;15;0
5;2025-11-25;16;0
5;2025-11-25;17;0
5;2025-11-25;18;0
5;2025-11-25;19;0
5;2025-11-25;20;0
5;2025-11-25;21;0
5;2025-11-25;22;0
5;2025-11-25;23;0
5;2025-11-26;0;0
5;2025-11-26;1;0
5;2025-11-26;2;0
5;2025-11-26;3;0
5;2025-11-26;4;0
5;2025-11-26;5;0
5;2025-11-26;6;0
5;2025-11-26;7;0
5;2025-11-26;8;0
5;2025-11-26;9;0
5;2025-11-26;10;0
5;2025-11-26;11;0
5;2025-11-26;12;0
5;2025-11-26;13;0
5;2025-11-26;14;0
5;2025-11-26;15;0
5;2025-11-26;16;0
5;2025-11-26;17;0
5;2025-11-26;18;0
5;2025-11-26;19;0
5;2025-11-26;20;0
5;2025-11-26;21;0
5;2025-11-26;22;0
5;2025-11-26;23;0
5;2025-11-27;0;0
5;2025-11-27;1;0
5;2025-11-27;2;0
5;2025-11-27;3;0
5;2025-11-27;4;0
5;2025-11-27;5;0
5;2025-11-27;6;0
5;2025-11-27;7;0
5;2025-11-27;8;0
5;2025-11-27;9;0
5;2025-11-27;10;0
5;2025-11-27;11;0
5;2025-11-27;12;0
5;2025-11-27;13;0
5;2025-11-27;14;0
5;2025-11-27;15;0
5;2025-11-27;16;0
5;2025-11-27;17;0
5;2025-11-27;18;0
5;2025-11-27;19;0
5;2025-11-27;20;0
5;2025-11-27;21;0
5;2025-11-27;22;0
5;2025-11-27;23;0
5;2025-11-28;0;0
5;2025-11-28;1;0
5;2025-11-28;2;0
5;2025-11-28;3;0
5;2025-11-28;4;0
5;2025-11-28;5;0
5;2025-11-28;6;0
5;2025-11-28;7;0
5;2025-11-28;8;0
5;2025-11-28;9;0
5;2025-11-28;10;0
5;2025-11-28;11;0
5;2025-11-28;12;0
5;2025-11-28;13;0
5;2025-11-28;14;0
5;2025-11-28;15;0
5;2025-11-28;16;0
5;2025-11-28;17;0
5;2025-11-28;18;0
5;2025-11-28;19;0
5;2025-11-28;20;0
5;2025-11-28;21;0
5;2025-11-28;22;0
5;2025-11-28;23;0
5;2025-11-29;0;0
5;2025-11-29;1;0
5;2025-11-29;2;0
5;2025-11-29;3;0
5;2025-11-29;4;0
5;2025-11-29;5;0
5;2025-11-29;6;0
5;2025-11-29;7;0
5;2025-11-29;8;0
5;2025-11-29;9;0
5;2025-11-29;10;0
5;2025-11-29;11;0
5;2025-11-29;12;0
5;2025-11-29;13;0
5;2025-11-29;14;0
5;2025-11-29;15;0
5;2025-11-29;16;0
5;2025-11-29;17;0
5;2025-11-29;18;0
5;2025-11-29;19;0
5;2025-11-29;20;0
5;2025-11-29;21;0
5;2025-11-29;22;0
5;2025-11-29;23;0
5;2025-11-30;0;0
5;2025-11-30;1;0
5;2025-11-30;2;0
5;2025-11-30;3;0
5;2025-11-30;4;0
5;2025-11-30;5;0
5;2025-11-30;6;0
5;2025-11-30;7;0
5;2025-11-30;8;0
5;2025-11-30;9;0
5;2025-11-30;10;0
5;2025-11-30;11;0
5;2025-11-30;12;0
5;2025-11-30;13;0
5;2025-11-30;14;0
5;2025-11-30;15;0
5;2025-11-30;16;0
5;2025-11-30;17;0
5;2025-11-30;18;0
5;2025-11-30;19;0
5;2025-11-30;20;0
5;2025-11-30;21;0
5;2025-11-30;22;0
5;2025-11-30;23;0
5;2025-12-01;0;0
5;2025-12-01;1;0
5;2025-12-01;2;0
5;2025-12-01;3;0
5;2025-12-01;4;0
5;2025-12-01;5;0
5;2025-12-01;6;0
5;2025-12-01;7;0
5;2025-12-01;8;0
5;2025-12-01;9;0
5;2025-12-01;10;0
5;2025-12-01;11;0
5;2025-12-01;12;0
5;2025-12-01;13;0
5;2025-12-01;14;0
5;2025-12-01;15;0
5;2025-12-01;16;0
5;2025-12-01;17;0
5;2025-12-01;18;0
5;2025-12-01;19;0
5;2025-12-01;20;0
5;2025-12-01;21;0
5;2025-12-01;22;0
5;2025-12-01;23;0
5;2025-12-02;0;0
5;2025-12-02;1;0
5;2025-12-02;2;0
5;2025-12-02;3;0
5;2025-12-02;4;0
5;2025-12-02;5;0
5;2025-12-02;6;0
5;2025-12-02;7;0
5;2025-12-02;8;0
5;2025-12-02;9;0
5;2025-12-02;10;0
5;2025-12-02;11;0
5;2025-12-02;12;0
5;2025-12-02;13;0
5;2025-12-02;14;0
5;2025-12-02;15;0
5;2025-12-02;16;0
5;2025-12-02;17;0
5;2025-12-02;18;0
5;2025-12-02;19;0
5;2025-12-02;20;0
5;2025-12-02;21;0
5;2025-12-02;22;0
5;2025-12-02;23;0
5;2025-12-03;0;0
5;2025-12-03;1;0
5;2025-12-03;2;0
5;2025-12-03;3;0
5;2025-12-03;4;0
5;2025-12-03;5;0
5;2025-12-03;6;0
5;2025-12-03;7;0
5;2025-12-03;8;0
5;2025-12-03;9;0
5;2025-12-03;10;0
5;2025-12-03;11;0
5;2025-12-03;12;0
5;2025-12-03;13;0
5;2025-12-03;14;0
5;2025-12-03;15;0
5;2025-12-03;16;0
5;2025-12-03;17;0
5;2025-12-03;18;0
5;2025-12-03;19;0
5;2025-12-03;20;0
5;2025-12-03;21;0
5;2025-12-03;22;0
5;2025-12-03;23;0
5;2025-12-04;0;0
5;2025-12-04;1;0
5;2025-12-04;2;0
5;2025-12-04;3;0
5;2025-12-04;4;0
5;2025-12-04;5;0
5;2025-12-04;6;0
5;2025-12-04;7;0
5;2025-12-04;8;0
5;2025-12-04;9;0
5;2025-12-04;10;0
5;2025-12-04;11;0
5;2025-12-04;12;0
5;2025-12-04;13;0
5;2025-12-04;14;0
5;2025-12-04;15;0
5;2025-12-04;16;0
5;2025-12-04;17;0
5;2025-12-04;18;0
5;2025-12-04;19;0
5;2025-12-04;20;0
5;2025-12-04;21;0
5;2025-12-04;22;0
5;2025-12-04;23;0
5;2025-12-05;0;0
5;2025-12-05;1;0
5;2025-12-05;2;0
5;2025-12-05;3;0
5;2025-12-05;4;0
5;2025-12-05;5;0
5;2025-12-05;6;0
5;2025-12-05;7;0
5;2025-12-05;8;0
5;2025-12-05;9;0
5;2025-12-05;10;0
5;2025-12-05;11;0
5;2025-12-05;12;0
5;2025-12-05;13;0
5;2025-12-05;14;0
5;2025-12-05;15;0
5;2025-12-05;16;0
5;2025-12-05;17;0
5;2025-12-05;18;0
5;2025-12-05;19;0
5;2025-12-05;20;0
5;2025-12-05;21;0
5;2025-12-05;22;0
5;2025-12-05;23;0
5;2025-12-06;0;0
5;2025-12-06;1;0
5;2025-12-06;2;0
5;2025-12-06;3;0
5;2025-12-06;4;0
5;2025-12-06;5;0
5;2025-12-06;6;0
5;2025-12-06;7;0
5;2025-12-06;8;0
5;2025-12-06;9;0
5;2025-12-06;10;0
5;2025-12-06;11;0
5;2025-12-06;12;0
5;2025-12-06;13;0
5;2025-12-06;14;0
5;2025-12-06;15;0
5;2025-12-06;16;0
5;2025-12-06;17;0
5;2025-12-06;18;0
5;2025-12-06;19;0
5;2025-12-06;20;0
5;2025-12-06;21;0
5;2025-12-06;22;0
5;2025-12-06;23;0
5;2025-12-07;0;0
5;2025-12-07;1;0
5;2025-12-07;2;0
5;2025-12-07;3;0
5;2025-12-07;4;0
5;2025-12-07;5;0
5;2025-12-07;6;0
5;2025-12-07;7;0
5;2025-12-07;8;0
5;2025-12-07;9;0
5;2025-12-07;10;0
5;2025-12-07;11;0
5;2025-12-07;12;0
5;2025-12-07;13;0
5;2025-12-07;14;0
5;2025-12-07;15;0
5;2025-12-07;16;0
5;2025-12-07;17;0
5;2025-12-07;18;0
5;2025-12-07;19;0
5;2025-12-07;20;0
5;2025-12-07;21;0
5;2025-12-07;22;0
5;2025-12-07;23;0
5;2025-12-08;0;0
5;2025-12-08;1;0
5;2025-12-08;2;0
5;2025-12-08;3;0
5;2025-12-08;4;0
5;2025-12-08;5;0
5;2025-12-08;6;0
5;2025-12-08;7;0
5;2025-12-08;8;0
5;2025-12-08;9;0
5;2025-12-08;10;0
5;2025-12-08;11;0
5;2025-12-08;12;0
5;2025-12-08;13;0
5;2025-12-08;14;0
5;2025-12-08;15;0
5;2025-12-08;16;0
5;2025-12-08;17;0
5;2025-12-08;18;0
5;2025-12-08;19;0
5;2025-12-08;20;0
5;2025-12-08;21;0
5;2025-12-08;22;0
5;2025-12-08;23;0
5;2025-12-09;0;0
5;2025-12-09;1;0
5;2025-12-09;2;0
5;2025-12-09;3;0
5;2025-12-09;4;0
5;2025-12-09;5;0
5;2025-12-09;6;0
5;2025-12-09;7;0
5;2025-12-09;8;0
5;2025-12-09;9;0
5;2025-12-09;10;0
5;2025-12-09;11;0
5;2025-12-09;12;0
5;2025-12-09;13;0
5;2025-12-09;14;0
5;2025-12-09;15;0
5;2025-12-09;16;0
5;2025-12-09;17;0
5;2025-12-09;18;0
5;2025-12-09;19;0
5;2025-12-09;20;0
5;2025-12-09;21;0
5;2025-12-09;22;0
5;2025-12-09;23;0
5;2025-12-10;0;0
5;2025-12-10;1;0
5;2025-12-10;2;0
5;2025-12-10;3;0
5;2025-12-10;4;0
5;2025-12-10;5;0
5;2025-12-10;6;0
5;2025-12-10;7;0
5;2025-12-10;8;0
5;2025-12-10;9;0
5;2025-12-10;10;0
5;2025-12-10;11;0
5;2025-12-10;12;0
5;2025-12-10;13;0
5;2025-12-10;14;0
5;2025-12-10;15;0
5;2025-12-10;16;0
5;2025-12-10;17;0
5;2025-12-10;18;0
5;2025-12-10;19;0
5;2025-12-10;20;0
5;2025-12-10;21;0
5;2025-12-10;22;0
5;2025-12-10;23;0
5;2025-12-11;0;0
5;2025-12-11;1;0
5;2025-12-11;2;0
5;2025-12-11;3;0
5;2025-12-11;4;0
5;2025-12-11;5;0
5;2025-12-11;6;0
5;2025-12-11;7;0
5;2025-12-11;8;0
5;2025-12-11;9;0
5;2025-12-11;10;0
5;2025-12-11;11;0
5;2025-12-11;12;0
5;2025-12-11;13;0
5;2025-12-11;14;0
5;2025-12-11;15;0
5;2025-12-11;16;0
5;2025-12-11;17;0
5;2025-12-11;18;0
5;2025-12-11;19;0
5;2025-12-11;20;0
5;2025-12-11;21;0
5;2025-12-11;22;0
5;2025-12-11;23;0
5;2025-12-12;0;0
5;2025-12-12;1;0
5;2025-12-12;2;0
5;2025-12-12;3;0
5;2025-12-12;4;0
5;2025-12-12;5;0
5;2025-12-12;6;0
5;2025-12-12;7;0
5;2025-12-12;8;0
5;2025-12-12;9;0
5;2025-12-12;10;0
5;2025-12-12;11;0
5;2025-12-12;12;0
5;2025-12-12;13;0
5;2025-12-12;14;0
5;2025-12-12;15;0
5;2025-12-12;16;0
5;2025-12-12;17;0
5;2025-12-12;18;0
5;2025-12-12;19;0
5;2025-12-12;20;0
5;2025-12-12;21;0
5;2025-12-12;22;0
5;2025-12-12;23;0
5;2025-12-13;0;0
5;2025-12-13;1;0
5;2025-12-13;2;0
5;2025-12-13;3;0
5;2025-12-13;4;0
5;2025-12-13;5;0
5;2025-12-13;6;0
5;2025-12-13;7;0
5;2025-12-13;8;0
5;2025-12-13;9;0
5;2025-12-13;10;0
5;2025-12-13;11;0
5;2025-12-13;12;0
5;2025-12-13;13;0
5;2025-12-13;14;0
5;2025-12-13;15;0
5;2025-12-13;16;0
5;2025-12-13;17;0
5;2025-12-13;18;0
5;2025-12-13;19;0
5;2025-12-13;20;0
5;2025-12-13;21;0
5;2025-12-13;22;0
5;2025-12-13;23;0
5;2025-12-14;0;0
5;2025-12-14;1;0
5;2025-12-14;2;0
5;2025-12-14;3;0
5;2025-12-14;4;0
5;2025-12-14;5;0
5;2025-12-14;6;0
5;2025-12-14;7;0
5;2025-12-14;8;0
5;2025-12-14;9;0
5;2025-12-14;10;0
5;2025-12-14;11;0
5;2025-12-14;12;0
5;2025-12-14;13;0
5;2025-12-14;14;0
5;2025-12-14;15;0
5;2025-12-14;16;0
5;2025-12-14;17;0
5;2025-12-14;18;0
5;2025-12-14;19;0
5;2025-12-14;20;0
5;2025-12-14;21;0
5;2025-12-14;22;0
5;2025-12-14;23;0
5;2025-12-15;0;0
5;2025-12-15;1;0
5;2025-12-15;2;0
5;2025-12-15;3;0
5;2025-12-15;4;0
5;2025-12-15;5;0
5;2025-12-15;6;0
5;2025-12-15;7;0
5;2025-12-15;8;0
5;2025-12-15;9;0
5;2025-12-15;10;0
5;2025-12-15;11;0
5;2025-12-15;12;0
5;2025-12-15;13;0
5;2025-12-15;14;0
5;2025-12-15;15;0
5;2025-12-15;16;0
5;2025-12-15;17;0
5;2025-12-15;18;0
5;2025-12-15;19;0
5;2025-12-15;20;0
5;2025-12-15;21;0
5;2025-12-15;22;0
5;2025-12-15;23;0
5;2025-12-16;0;8
5;2025-12-16;1;1
5;2025-12-16;2;0
5;2025-12-16;3;0
5;2025-12-16;4;0
5;2025-12-16;5;26
5;2025-12-16;6;98
5;2025-12-16;7;217
5;2025-12-16;8;329
5;2025-12-16;9;252
5;2025-12-16;10;221
5;2025-12-16;11;194
5;2025-12-16;12;204
5;2025-12-16;13;201
5;2025-12-16;14;215
5;2025-12-16;15;235
5;2025-12-16;16;251
5;2025-12-16;17;306
5;2025-12-16;18;338
5;2025-12-16;19;228
5;2025-12-16;20;140
5;2025-12-16;21;83
5;2025-12-16;22;39
5;2025-12-16;23;23
5;2025-12-17;0;13
5;2025-12-17;1;2
5;2025-12-17;2;0
5;2025-12-17;3;0
5;2025-12-17;4;0
5;2025-12-17;5;43
5;2025-12-17;6;164
5;2025-12-17;7;361
5;2025-12-17;8;548
5;2025-12-17;9;420
5;2025-12-17;10;369
5;2025-12-17;11;322
5;2025-12-17;12;340
5;2025-12-17;13;336
5;2025-12-17;14;359
5;2025-12-17;15;392
5;2025-12-17;16;419
5;2025-12-17;17;510
5;2025-12-17;18;563
5;2025-12-17;19;380
5;2025-12-17;20;233
5;2025-12-17;21;138
5;2025-12-17;22;66
5;2025-12-17;23;39
5;2025-12-18;0;13
5;2025-12-18;1;2
5;2025-12-18;2;0
5;2025-12-18;3;0
5;2025-12-18;4;0
5;2025-12-18;5;43
5;2025-12-18;6;164
5;2025-12-18;7;361
5;2025-12-18;8;548
5;2025-12-18;9;420
5;2025-12-18;10;369
5;2025-12-18;11;322
5;2025-12-18;12;340
5;2025-12-18;13;336
5;2025-12-18;14;359
5;2025-12-18;15;392
5;2025-12-18;16;419
5;2025-12-18;17;510
5;2025-12-18;18;563
5;2025-12-18;19;380
5;2025-12-18;20;233
5;2025-12-18;21;138
5;2025-12-18;22;66
5;2025-12-18;23;39
5;2025-12-19;0;14
5;2025-12-19;1;2
5;2025-12-19;2;0
5;2025-12-19;3;0
5;2025-12-19;4;0
5;2025-12-19;5;42
5;2025-12-19;6;154
5;2025-12-19;7;349
5;2025-12-19;8;509
5;2025-12-19;9;398
5;2025-12-19;10;371
5;2025-12-19;11;349
5;2025-12-19;12;357
5;2025-12-19;13;381
5;2025-12-19;14;397
5;2025-12-19;15;420
5;2025-12-19;16;496
5;2025-12-19;17;505
5;2025-12-19;18;458
5;2025-12-19;19;337
5;2025-12-19;20;226
5;2025-12-19;21;139
5;2025-12-19;22;75
5;2025-12-19;23;49
5;2025-12-20;0;19
5;2025-12-20;1;5
5;2025-12-20;2;0
5;2025-12-20;3;0
5;2025-12-20;4;0
5;2025-12-20;5;10
5;2025-12-20;6;65
5;2025-12-20;7;97
5;2025-12-20;8;158
5;2025-12-20;9;192
5;2025-12-20;10;209
5;2025-12-20;11;266
5;2025-12-20;12;301
5;2025-12-20;13;294
5;2025-12-20;14;314
5;2025-12-20;15;280
5;2025-12-20;16;275
5;2025-12-20;17;248
5;2025-12-20;18;232
5;2025-12-20;19;221
5;2025-12-20;20;179
5;2025-12-20;21;134
5;2025-12-20;22;71
5;2025-12-20;23;46
5;2025-12-21;0;21
5;2025-12-21;1;5
5;2025-12-21;2;0
5;2025-12-21;3;0
5;2025-12-21;4;0
5;2025-12-21;5;9
5;2025-12-21;6;49
5;2025-12-21;7;68
5;2025-12-21;8;112
5;2025-12-21;9;140
5;2025-12-21;10;174
5;2025-12-21;11;229
5;2025-12-21;12;253
5;2025-12-21;13;267
5;2025-12-21;14;279
5;2025-12-21;15;267
5;2025-12-21;16;250
5;2025-12-21;17;238
5;2025-12-21;18;199
5;2025-12-21;19;167
5;2025-12-21;20;150
5;2025-12-21;21;114
5;2025-12-21;22;64
5;2025-12-21;23;35
5;2025-12-22;0;13
5;2025-12-22;1;2
5;2025-12-22;2;0
5;2025-12-22;3;0
5;2025-12-22;4;0
5;2025-12-22;5;43
5;2025-12-22;6;164
5;2025-12-22;7;361
5;2025-12-22;8;548
5;2025-12-22;9;420
5;2025-12-22;10;369
5;2025-12-22;11;322
5;2025-12-22;12;340
5;2025-12-22;13;336
5;2025-12-22;14;359
5;2025-12-22;15;392
5;2025-12-22;16;419
5;2025-12-22;17;510
5;2025-12-22;18;563
5;2025-12-22;19;380
5;2025-12-22;20;233
5;2025-12-22;21;138
5;2025-12-22;22;66
5;2025-12-22;23;39
5;2025-12-23;0;13
5;2025-12-23;1;2
5;2025-12-23;2;0
5;2025-12-23;3;0
5;2025-12-23;4;0
5;2025-12-23;5;43
5;2025-12-23;6;164
5;2025-12-23;7;361
5;2025-12-23;8;548
5;2025-12-23;9;420
5;2025-12-23;10;369
5;2025-12-23;11;322
5;2025-12-23;12;340
5;2025-12-23;13;336
5;2025-12-23;14;359
5;2025-12-23;15;392
5;2025-12-23;16;419
5;2025-12-23;17;510
5;2025-12-23;18;563
5;2025-12-23;19;380
5;2025-12-23;20;233
5;2025-12-23;21;138
5;2025-12-23;22;66
5;2025-12-23;23;39
5;2025-12-24;0;13
5;2025-12-24;1;2
5;2025-12-24;2;0
5;2025-12-24;3;0
5;2025-12-24;4;0
5;2025-12-24;5;43
5;2025-12-24;6;164
5;2025-12-24;7;361
5;2025-12-24;8;548
5;2025-12-24;9;420
5;2025-12-24;10;369
5;2025-12-24;11;322
5;2025-12-24;12;340
5;2025-12-24;13;336
5;2025-12-24;14;359
5;2025-12-24;15;392
5;2025-12-24;16;419
5;2025-12-24;17;510
5;2025-12-24;18;563
5;2025-12-24;19;380
5;2025-12-24;20;233
5;2025-12-24;21;138
5;2025-12-24;22;66
5;2025-12-24;23;39
5;2025-12-25;0;13
5;2025-12-25;1;2
5;2025-12-25;2;0
5;2025-12-25;3;0
5;2025-12-25;4;0
5;2025-12-25;5;43
5;2025-12-25;6;164
5;2025-12-25;7;361
5;2025-12-25;8;548
5;2025-12-25;9;420
5;2025-12-25;10;369
5;2025-12-25;11;322
5;2025-12-25;12;340
5;2025-12-25;13;336
5;2025-12-25;14;359
5;2025-12-25;15;392
5;2025-12-25;16;419
5;2025-12-25;17;510
5;2025-12-25;18;563
5;2025-12-25;19;380
5;2025-12-25;20;233
5;2025-12-25;21;138
5;2025-12-25;22;66
5;2025-12-25;23;39
5;2025-12-26;0;14
5;2025-12-26;1;2
5;2025-12-26;2;0
5;2025-12-26;3;0
5;2025-12-26;4;0
5;2025-12-26;5;42
5;2025-12-26;6;154
5;2025-12-26;7;349
5;2025-12-26;8;509
5;2025-12-26;9;398
5;2025-12-26;10;371
5;2025-12-26;11;349
5;2025-12-26;12;357
5;2025-12-26;13;381
5;2025-12-26;14;397
5;2025-12-26;15;420
5;2025-12-26;16;496
5;2025-12-26;17;505
5;2025-12-26;18;458
5;2025-12-26;19;337
5;2025-12-26;20;226
5;2025-12-26;21;139
5;2025-12-26;22;75
5;2025-12-26;23;49
5;2025-12-27;0;19
5;2025-12-27;1;5
5;2025-12-27;2;0
5;2025-12-27;3;0
5;2025-12-27;4;0
5;2025-12-27;5;10
5;2025-12-27;6;65
5;2025-12-27;7;97
5;2025-12-27;8;158
5;2025-12-27;9;192
5;2025-12-27;10;209
5;2025-12-27;11;266
5;2025-12-27;12;301
5;2025-12-27;13;294
5;2025-12-27;14;314
5;2025-12-27;15;280
5;2025-12-27;16;275
5;2025-12-27;17;248
5;2025-12-27;18;232
5;2025-12-27;19;221
5;2025-12-27;20;179
5;2025-12-27;21;134
5;2025-12-27;22;71
5;2025-12-27;23;46
5;2025-12-28;0;21
5;2025-12-28;1;5
5;2025-12-28;2;0
5;2025-12-28;3;0
5;2025-12-28;4;0
5;2025-12-28;5;9
5;2025-12-28;6;49
5;2025-12-28;7;68
5;2025-12-28;8;112
5;2025-12-28;9;140
5;2025-12-28;10;174
5;2025-12-28;11;229
5;2025-12-28;12;253
5;2025-12-28;13;267
5;2025-12-28;14;279
5;2025-12-28;15;267
5;2025-12-28;16;250
5;2025-12-28;17;238
5;2025-12-28;18;199
5;2025-12-28;19;167
5;2025-12-28;20;150
5;2025-12-28;21;114
5;2025-12-28;22;64
5;2025-12-28;23;35
5;2025-12-29;0;12
5;2025-12-29;1;2
5;2025-12-29;2;0
5;2025-12-29;3;0
5;2025-12-29;4;0
5;2025-12-29;5;39
5;2025-12-29;6;147
5;2025-12-29;7;325
5;2025-12-29;8;493
5;2025-12-29;9;378
5;2025-12-29;10;332
5;2025-12-29;11;289
5;2025-12-29;12;306
5;2025-12-29;13;302
5;2025-12-29;14;323
5;2025-12-29;15;353
5;2025-12-29;16;378
5;2025-12-29;17;459
5;2025-12-29;18;507
5;2025-12-29;19;342
5;2025-12-29;20;210
5;2025-12-29;21;124
5;2025-12-29;22;59
5;2025-12-29;23;35
5;2025-12-30;0;11
5;2025-12-30;1;2
5;2025-12-30;2;0
5;2025-12-30;3;0
5;2025-12-30;4;0
5;2025-12-30;5;37
5;2025-12-30;6;139
5;2025-12-30;7;307
5;2025-12-30;8;466
5;2025-12-30;9;357
5;2025-12-30;10;313
5;2025-12-30;11;274
5;2025-12-30;12;289
5;2025-12-30;13;285
5;2025-12-30;14;305
5;2025-12-30;15;333
5;2025-12-30;16;356
5;2025-12-30;17;434
5;2025-12-30;18;479
5;2025-12-30;19;323
5;2025-12-30;20;198
5;2025-12-30;21;117
5;2025-12-30;22;56
5;2025-12-30;23;33
5;2025-12-31;0;10
5;2025-12-31;1;3
5;2025-12-31;2;0
5;2025-12-31;3;0
5;2025-12-31;4;0
5;2025-12-31;5;6
5;2025-12-31;6;35
5;2025-12-31;7;52
5;2025-12-31;8;86
5;2025-12-31;9;104
5;2025-12-31;10;113
5;2025-12-31;11;143
5;2025-12-31;12;163
5;2025-12-31;13;159
5;2025-12-31;14;170
5;2025-12-31;15;151
5;2025-12-31;16;148
5;2025-12-31;17;134
5;2025-12-31;18;126
5;2025-12-31;19;120
5;2025-12-31;20;10
5;2025-12-31;21;7
5;2025-12-31;22;4
5;2025-12-31;23;2
7;2025-11-01;0;109
7;2025-11-01;1;25
7;2025-11-01;2;0
7;2025-11-01;3;0
7;2025-11-01;4;1
7;2025-11-01;5;167
7;2025-11-01;6;606
7;2025-11-01;7;1388
7;2025-11-01;8;2037
7;2025-11-01;9;1579
7;2025-11-01;10;1506
7;2025-11-01;11;1412
7;2025-11-01;12;1452
7;2025-11-01;13;1534
7;2025-11-01;14;1595
7;2025-11-01;15;1696
7;2025-11-01;16;1985
7;2025-11-01;17;2027
7;2025-11-01;18;1825
7;2025-11-01;19;1325
7;2025-11-01;20;903
7;2025-11-01;21;554
7;2025-11-01;22;300
7;2025-11-01;23;200
7;2025-11-02;0;102
7;2025-11-02;1;24
7;2025-11-02;2;0
7;2025-11-02;3;0
7;2025-11-02;4;1
7;2025-11-02;5;29
7;2025-11-02;6;128
7;2025-11-02;7;169
7;2025-11-02;8;381
7;2025-11-02;9;504
7;2025-11-02;10;408
7;2025-11-02;11;607
7;2025-11-02;12;655
7;2025-11-02;13;651
7;2025-11-02;14;681
7;2025-11-02;15;737
7;2025-11-02;16;634
7;2025-11-02;17;611
7;2025-11-02;18;634
7;2025-11-02;19;470
7;2025-11-02;20;398
7;2025-11-02;21;292
7;2025-11-02;22;151
7;2025-11-02;23;121
7;2025-11-03;0;91
7;2025-11-03;1;21
7;2025-11-03;2;0
7;2025-11-03;3;0
7;2025-11-03;4;1
7;2025-11-03;5;32
7;2025-11-03;6;155
7;2025-11-03;7;184
7;2025-11-03;8;429
7;2025-11-03;9;439
7;2025-11-03;10;425
7;2025-11-03;11;535
7;2025-11-03;12;654
7;2025-11-03;13;631
7;2025-11-03;14;631
7;2025-11-03;15;652
7;2025-11-03;16;604
7;2025-11-03;17;572
7;2025-11-03;18;565
7;2025-11-03;19;432
7;2025-11-03;20;379
7;2025-11-03;21;271
7;2025-11-03;22;146
7;2025-11-03;23;118
7;2025-11-04;0;91
7;2025-11-04;1;21
7;2025-11-04;2;0
7;2025-11-04;3;0
7;2025-11-04;4;1
7;2025-11-04;5;32
7;2025-11-04;6;155
7;2025-11-04;7;184
7;2025-11-04;8;429
7;2025-11-04;9;439
7;2025-11-04;10;425
7;2025-11-04;11;535
7;2025-11-04;12;654
7;2025-11-04;13;631
7;2025-11-04;14;631
7;2025-11-04;15;652
7;2025-11-04;16;604
7;2025-11-04;17;572
7;2025-11-04;18;565
7;2025-11-04;19;432
7;2025-11-04;20;379
7;2025-11-04;21;271
7;2025-11-04;22;146
7;2025-11-04;23;118
7;2025-11-05;0;60
7;2025-11-05;1;12
7;2025-11-05;2;0
7;2025-11-05;3;0
7;2025-11-05;4;1
7;2025-11-05;5;202
7;2025-11-05;6;745
7;2025-11-05;7;1690
7;2025-11-05;8;2575
7;2025-11-05;9;1964
7;2025-11-05;10;1743
7;2025-11-05;11;1543
7;2025-11-05;12;1636
7;2025-11-05;13;1595
7;2025-11-05;14;1698
7;2025-11-05;15;1853
7;2025-11-05;16;1975
7;2025-11-05;17;2405
7;2025-11-05;18;2650
7;2025-11-05;19;1775
7;2025-11-05;20;1101
7;2025-11-05;21;650
7;2025-11-05;22;310
7;2025-11-05;23;187
7;2025-11-06;0;60
7;2025-11-06;1;12
7;2025-11-06;2;0
7;2025-11-06;3;0
7;2025-11-06;4;1
7;2025-11-06;5;202
7;2025-11-06;6;745
7;2025-11-06;7;1690
7;2025-11-06;8;2575
7;2025-11-06;9;1964
7;2025-11-06;10;1743
7;2025-11-06;11;1543
7;2025-11-06;12;1636
7;2025-11-06;13;1595
7;2025-11-06;14;1698
7;2025-11-06;15;1853
7;2025-11-06;16;1975
7;2025-11-06;17;2405
7;2025-11-06;18;2650
7;2025-11-06;19;1775
7;2025-11-06;20;1101
7;2025-11-06;21;650
7;2025-11-06;22;310
7;2025-11-06;23;187
7;2025-11-07;0;67
7;2025-11-07;1;12
7;2025-11-07;2;0
7;2025-11-07;3;0
7;2025-11-07;4;1
7;2025-11-07;5;190
7;2025-11-07;6;689
7;2025-11-07;7;1578
7;2025-11-07;8;2315
7;2025-11-07;9;1795
7;2025-11-07;10;1712
7;2025-11-07;11;1606
7;2025-11-07;12;1651
7;2025-11-07;13;1744
7;2025-11-07;14;1814
7;2025-11-07;15;1928
7;2025-11-07;16;2257
7;2025-11-07;17;2304
7;2025-11-07;18;2074
7;2025-11-07;19;1506
7;2025-11-07;20;1026
7;2025-11-07;21;630
7;2025-11-07;22;341
7;2025-11-07;23;227
7;2025-11-08;0;116
7;2025-11-08;1;26
7;2025-11-08;2;0
7;2025-11-08;3;0
7;2025-11-08;4;1
7;2025-11-08;5;47
7;2025-11-08;6;256
7;2025-11-08;7;280
7;2025-11-08;8;668
7;2025-11-08;9;539
7;2025-11-08;10;626
7;2025-11-08;11;664
7;2025-11-08;12;924
7;2025-11-08;13;869
7;2025-11-08;14;830
7;2025-11-08;15;815
7;2025-11-08;16;814
7;2025-11-08;17;759
7;2025-11-08;18;713
7;2025-11-08;19;564
7;2025-11-08;20;513
7;2025-11-08;21;358
7;2025-11-08;22;202
7;2025-11-08;23;164
7;2025-11-09;0;102
7;2025-11-09;1;24
7;2025-11-09;2;0
7;2025-11-09;3;0
7;2025-11-09;4;1
7;2025-11-09;5;29
7;2025-11-09;6;128
7;2025-11-09;7;169
7;2025-11-09;8;381
7;2025-11-09;9;504
7;2025-11-09;10;408
7;2025-11-09;11;607
7;2025-11-09;12;655
7;2025-11-09;13;651
7;2025-11-09;14;681
7;2025-11-09;15;737
7;2025-11-09;16;634
7;2025-11-09;17;611
7;2025-11-09;18;634
7;2025-11-09;19;470
7;2025-11-09;20;398
7;2025-11-09;21;292
7;2025-11-09;22;151
7;2025-11-09;23;121
7;2025-11-10;0;59
7;2025-11-10;1;12
7;2025-11-10;2;0
7;2025-11-10;3;0
7;2025-11-10;4;1
7;2025-11-10;5;196
7;2025-11-10;6;725
7;2025-11-10;7;1645
7;2025-11-10;8;2506
7;2025-11-10;9;1911
7;2025-11-10;10;1695
7;2025-11-10;11;1502
7;2025-11-10;12;1592
7;2025-11-10;13;1553
7;2025-11-10;14;1653
7;2025-11-10;15;1802
7;2025-11-10;16;1922
7;2025-11-10;17;2340
7;2025-11-10;18;2579
7;2025-11-10;19;1727
7;2025-11-10;20;1072
7;2025-11-10;21;633
7;2025-11-10;22;302
7;2025-11-10;23;182
7;2025-11-11;0;60
7;2025-11-11;1;12
7;2025-11-11;2;0
7;2025-11-11;3;0
7;2025-11-11;4;1
7;2025-11-11;5;202
7;2025-11-11;6;745
7;2025-11-11;7;1690
7;2025-11-11;8;2575
7;2025-11-11;9;1964
7;2025-11-11;10;1743
7;2025-11-11;11;1543
7;2025-11-11;12;1636
7;2025-11-11;13;1595
7;2025-11-11;14;1698
7;2025-11-11;15;1853
7;2025-11-11;16;1975
7;2025-11-11;17;2405
7;2025-11-11;18;2650
7;2025-11-11;19;1775
7;2025-11-11;20;1101
7;2025-11-11;21;650
7;2025-11-11;22;310
7;2025-11-11;23;187
7;2025-11-12;0;57
7;2025-11-12;1;11
7;2025-11-12;2;0
7;2025-11-12;3;0
7;2025-11-12;4;1
7;2025-11-12;5;190
7;2025-11-12;6;700
7;2025-11-12;7;1589
7;2025-11-12;8;2420
7;2025-11-12;9;1846
7;2025-11-12;10;1638
7;2025-11-12;11;1450
7;2025-11-12;12;1538
7;2025-11-12;13;1500
7;2025-11-12;14;1596
7;2025-11-12;15;1742
7;2025-11-12;16;1856
7;2025-11-12;17;2260
7;2025-11-12;18;2491
7;2025-11-12;19;1668
7;2025-11-12;20;1035
7;2025-11-12;21;611
7;2025-11-12;22;291
7;2025-11-12;23;176
7;2025-11-13;0;57
7;2025-11-13;1;11
7;2025-11-13;2;0
7;2025-11-13;3;0
7;2025-11-13;4;1
7;2025-11-13;5;190
7;2025-11-13;6;700
7;2025-11-13;7;1589
7;2025-11-13;8;2420
7;2025-11-13;9;1846
7;2025-11-13;10;1638
7;2025-11-13;11;1450
7;2025-11-13;12;1538
7;2025-11-13;13;1500
7;2025-11-13;14;1596
7;2025-11-13;15;1742
7;2025-11-13;16;1856
7;2025-11-13;17;2260
7;2025-11-13;18;2491
7;2025-11-13;19;1668
7;2025-11-13;20;1035
7;2025-11-13;21;611
7;2025-11-13;22;291
7;2025-11-13;23;176
7;2025-11-14;0;63
7;2025-11-14;1;11
7;2025-11-14;2;0
7;2025-11-14;3;0
7;2025-11-14;4;1
7;2025-11-14;5;178
7;2025-11-14;6;648
7;2025-11-14;7;1483
7;2025-11-14;8;2176
7;2025-11-14;9;1687
7;2025-11-14;10;1609
7;2025-11-14;11;1509
7;2025-11-14;12;1552
7;2025-11-14;13;1639
7;2025-11-14;14;1705
7;2025-11-14;15;1813
7;2025-11-14;16;2121
7;2025-11-14;17;2166
7;2025-11-14;18;1950
7;2025-11-14;19;1416
7;2025-11-14;20;965
7;2025-11-14;21;592
7;2025-11-14;22;321
7;2025-11-14;23;213
7;2025-11-15;0;89
7;2025-11-15;1;26
7;2025-11-15;2;0
7;2025-11-15;3;0
7;2025-11-15;4;1
7;2025-11-15;5;49
7;2025-11-15;6;310
7;2025-11-15;7;461
7;2025-11-15;8;753
7;2025-11-15;9;911
7;2025-11-15;10;997
7;2025-11-15;11;1263
7;2025-11-15;12;1430
7;2025-11-15;13;1398
7;2025-11-15;14;1496
7;2025-11-15;15;1333
7;2025-11-15;16;1308
7;2025-11-15;17;1179
7;2025-11-15;18;1105
7;2025-11-15;19;1052
7;2025-11-15;20;852
7;2025-11-15;21;639
7;2025-11-15;22;339
7;2025-11-15;23;219
7;2025-11-16;0;98
7;2025-11-16;1;22
7;2025-11-16;2;0
7;2025-11-16;3;0
7;2025-11-16;4;0
7;2025-11-16;5;41
7;2025-11-16;6;224
7;2025-11-16;7;312
7;2025-11-16;8;515
7;2025-11-16;9;645
7;2025-11-16;10;799
7;2025-11-16;11;1055
7;2025-11-16;12;1164
7;2025-11-16;13;1229
7;2025-11-16;14;1286
7;2025-11-16;15;1228
7;2025-11-16;16;1151
7;2025-11-16;17;1094
7;2025-11-16;18;915
7;2025-11-16;19;770
7;2025-11-16;20;691
7;2025-11-16;21;525
7;2025-11-16;22;293
7;2025-11-16;23;161
7;2025-11-17;0;55
7;2025-11-17;1;11
7;2025-11-17;2;0
7;2025-11-17;3;0
7;2025-11-17;4;1
7;2025-11-17;5;185
7;2025-11-17;6;682
7;2025-11-17;7;1546
7;2025-11-17;8;2355
7;2025-11-17;9;1797
7;2025-11-17;10;1593
7;2025-11-17;11;1411
7;2025-11-17;12;1497
7;2025-11-17;13;1460
7;2025-11-17;14;1554
7;2025-11-17;15;1694
7;2025-11-17;16;1807
7;2025-11-17;17;2200
7;2025-11-17;18;2424
7;2025-11-17;19;1624
7;2025-11-17;20;1007
7;2025-11-17;21;595
7;2025-11-17;22;283
7;2025-11-17;23;171
7;2025-11-18;0;57
7;2025-11-18;1;11
7;2025-11-18;2;0
7;2025-11-18;3;0
7;2025-11-18;4;1
7;2025-11-18;5;190
7;2025-11-18;6;700
7;2025-11-18;7;1589
7;2025-11-18;8;2420
7;2025-11-18;9;1846
7;2025-11-18;10;1638
7;2025-11-18;11;1450
7;2025-11-18;12;1538
7;2025-11-18;13;1500
7;2025-11-18;14;1596
7;2025-11-18;15;1742
7;2025-11-18;16;1856
7;2025-11-18;17;2260
7;2025-11-18;18;2491
7;2025-11-18;19;1668
7;2025-11-18;20;1035
7;2025-11-18;21;611
7;2025-11-18;22;291
7;2025-11-18;23;176
7;2025-11-19;0;57
7;2025-11-19;1;11
7;2025-11-19;2;0
7;2025-11-19;3;0
7;2025-11-19;4;1
7;2025-11-19;5;190
7;2025-11-19;6;700
7;2025-11-19;7;1589
7;2025-11-19;8;2420
7;2025-11-19;9;1846
7;2025-11-19;10;1638
7;2025-11-19;11;1450
7;2025-11-19;12;1538
7;2025-11-19;13;1500
7;2025-11-19;14;1596
7;2025-11-19;15;1742
7;2025-11-19;16;1856
7;2025-11-19;17;2260
7;2025-11-19;18;2491
7;2025-11-19;19;1668
7;2025-11-19;20;1035
7;2025-11-19;21;611
7;2025-11-19;22;291
7;2025-11-19;23;176
7;2025-11-20;0;57
7;2025-11-20;1;11
7;2025-11-20;2;0
7;2025-11-20;3;0
7;2025-11-20;4;1
7;2025-11-20;5;190
7;2025-11-20;6;700
7;2025-11-20;7;1589
7;2025-11-20;8;2420
7;2025-11-20;9;1846
7;2025-11-20;10;1638
7;2025-11-20;11;1450
7;2025-11-20;12;1538
7;2025-11-20;13;1500
7;2025-11-20;14;1596
7;2025-11-20;15;1742
7;2025-11-20;16;1856
7;2025-11-20;17;2260
7;2025-11-20;18;2491
7;2025-11-20;19;1668
7;2025-11-20;20;1035
7;2025-11-20;21;611
7;2025-11-20;22;291
7;2025-11-20;23;176
7;2025-11-21;0;63
7;2025-11-21;1;11
7;2025-11-21;2;0
7;2025-11-21;3;0
7;2025-11-21;4;1
7;2025-11-21;5;178
7;2025-11-21;6;648
7;2025-11-21;7;1483
7;2025-11-21;8;2176
7;2025-11-21;9;1687
7;2025-11-21;10;1609
7;2025-11-21;11;1509
7;2025-11-21;12;1552
7;2025-11-21;13;1639
7;2025-11-21;14;1705
7;2025-11-21;15;1813
7;2025-11-21;16;2121
7;2025-11-21;17;2166
7;2025-11-21;18;1950
7;2025-11-21;19;1416
7;2025-11-21;20;965
7;2025-11-21;21;592
7;2025-11-21;22;321
7;2025-11-21;23;213
7;2025-11-22;0;89
7;2025-11-22;1;26
7;2025-11-22;2;0
7;2025-11-22;3;0
7;2025-11-22;4;1
7;2025-11-22;5;49
7;2025-11-22;6;310
7;2025-11-22;7;461
7;2025-11-22;8;753
7;2025-11-22;9;911
7;2025-11-22;10;997
7;2025-11-22;11;1263
7;2025-11-22;12;1430
7;2025-11-22;13;1398
7;2025-11-22;14;1496
7;2025-11-22;15;1333
7;2025-11-22;16;1308
7;2025-11-22;17;1179
7;2025-11-22;18;1105
7;2025-11-22;19;1052
7;2025-11-22;20;852
7;2025-11-22;21;639
7;2025-11-22;22;339
7;2025-11-22;23;219
7;2025-11-23;0;98
7;2025-11-23;1;22
7;2025-11-23;2;0
7;2025-11-23;3;0
7;2025-11-23;4;0
7;2025-11-23;5;41
7;2025-11-23;6;224
7;2025-11-23;7;312
7;2025-11-23;8;515
7;2025-11-23;9;645
7;2025-11-23;10;799
7;2025-11-23;11;1055
7;2025-11-23;12;1164
7;2025-11-23;13;1229
7;2025-11-23;14;1286
7;2025-11-23;15;1228
7;2025-11-23;16;1151
7;2025-11-23;17;1094
7;2025-11-23;18;915
7;2025-11-23;19;770
7;2025-11-23;20;691
7;2025-11-23;21;525
7;2025-11-23;22;293
7;2025-11-23;23;161
7;2025-11-24;0;55
7;2025-11-24;1;11
7;2025-11-24;2;0
7;2025-11-24;3;0
7;2025-11-24;4;1
7;2025-11-24;5;185
7;2025-11-24;6;682
7;2025-11-24;7;1546
7;2025-11-24;8;2355
7;2025-11-24;9;1797
7;2025-11-24;10;1593
7;2025-11-24;11;1411
7;2025-11-24;12;1497
7;2025-11-24;13;1460
7;2025-11-24;14;1554
7;2025-11-24;15;1694
7;2025-11-24;16;1807
7;2025-11-24;17;2200
7;2025-11-24;18;2424
7;2025-11-24;19;1624
7;2025-11-24;20;1007
7;2025-11-24;21;595
7;2025-11-24;22;283
7;2025-11-24;23;171
7;2025-11-25;0;57
7;2025-11-25;1;11
7;2025-11-25;2;0
7;2025-11-25;3;0
7;2025-11-25;4;1
7;2025-11-25;5;190
7;2025-11-25;6;700
7;2025-11-25;7;1589
7;2025-11-25;8;2420
7;2025-11-25;9;1846
7;2025-11-25;10;1638
7;2025-11-25;11;1450
7;2025-11-25;12;1538
7;2025-11-25;13;1500
7;2025-11-25;14;1596
7;2025-11-25;15;1742
7;2025-11-25;16;1856
7;2025-11-25;17;2260
7;2025-11-25;18;2491
7;2025-11-25;19;1668
7;2025-11-25;20;1035
7;2025-11-25;21;611
7;2025-11-25;22;291
7;2025-11-25;23;176
7;2025-11-26;0;57
7;2025-11-26;1;11
7;2025-11-26;2;0
7;2025-11-26;3;0
7;2025-11-26;4;1
7;2025-11-26;5;190
7;2025-11-26;6;700
7;2025-11-26;7;1589
7;2025-11-26;8;2420
7;2025-11-26;9;1846
7;2025-11-26;10;1638
7;2025-11-26;11;1450
7;2025-11-26;12;1538
7;2025-11-26;13;1500
7;2025-11-26;14;1596
7;2025-11-26;15;1742
7;2025-11-26;16;1856
7;2025-11-26;17;2260
7;2025-11-26;18;2491
7;2025-11-26;19;1668
7;2025-11-26;20;1035
7;2025-11-26;21;611
7;2025-11-26;22;291
7;2025-11-26;23;176
7;2025-11-27;0;57
7;2025-11-27;1;11
7;2025-11-27;2;0
7;2025-11-27;3;0
7;2025-11-27;4;1
7;2025-11-27;5;190
7;2025-11-27;6;700
7;2025-11-27;7;1589
7;2025-11-27;8;2420
7;2025-11-27;9;1846
7;2025-11-27;10;1638
7;2025-11-27;11;1450
7;2025-11-27;12;1538
7;2025-11-27;13;1500
7;2025-11-27;14;1596
7;2025-11-27;15;1742
7;2025-11-27;16;1856
7;2025-11-27;17;2260
7;2025-11-27;18;2491
7;2025-11-27;19;1668
7;2025-11-27;20;1035
7;2025-11-27;21;611
7;2025-11-27;22;291
7;2025-11-27;23;176
7;2025-11-28;0;63
7;2025-11-28;1;11
7;2025-11-28;2;0
7;2025-11-28;3;0
7;2025-11-28;4;1
7;2025-11-28;5;178
7;2025-11-28;6;648
7;2025-11-28;7;1483
7;2025-11-28;8;2176
7;2025-11-28;9;1687
7;2025-11-28;10;1609
7;2025-11-28;11;1509
7;2025-11-28;12;1552
7;2025-11-28;13;1639
7;2025-11-28;14;1705
7;2025-11-28;15;1813
7;2025-11-28;16;2121
7;2025-11-28;17;2166
7;2025-11-28;18;1950
7;2025-11-28;19;1416
7;2025-11-28;20;965
7;2025-11-28;21;592
7;2025-11-28;22;321
7;2025-11-28;23;213
7;2025-11-29;0;89
7;2025-11-29;1;26
7;2025-11-29;2;0
7;2025-11-29;3;0
7;2025-11-29;4;1
7;2025-11-29;5;49
7;2025-11-29;6;310
7;2025-11-29;7;461
7;2025-11-29;8;753
7;2025-11-29;9;911
7;2025-11-29;10;997
7;2025-11-29;11;1263
7;2025-11-29;12;1430
7;2025-11-29;13;1398
7;2025-11-29;14;1496
7;2025-11-29;15;1333
7;2025-11-29;16;1308
7;2025-11-29;17;1179
7;2025-11-29;18;1105
7;2025-11-29;19;1052
7;2025-11-29;20;852
7;2025-11-29;21;639
7;2025-11-29;22;339
7;2025-11-29;23;219
7;2025-11-30;0;98
7;2025-11-30;1;22
7;2025-11-30;2;0
7;2025-11-30;3;0
7;2025-11-30;4;0
7;2025-11-30;5;41
7;2025-11-30;6;224
7;2025-11-30;7;312
7;2025-11-30;8;515
7;2025-11-30;9;645
7;2025-11-30;10;799
7;2025-11-30;11;1055
7;2025-11-30;12;1164
7;2025-11-30;13;1229
7;2025-11-30;14;1286
7;2025-11-30;15;1228
7;2025-11-30;16;1151
7;2025-11-30;17;1094
7;2025-11-30;18;915
7;2025-11-30;19;770
7;2025-11-30;20;691
7;2025-11-30;21;525
7;2025-11-30;22;293
7;2025-11-30;23;161
7;2025-12-01;0;55
7;2025-12-01;1;11
7;2025-12-01;2;0
7;2025-12-01;3;0
7;2025-12-01;4;1
7;2025-12-01;5;186
7;2025-12-01;6;706
7;2025-12-01;7;1556
7;2025-12-01;8;2362
7;2025-12-01;9;1811
7;2025-12-01;10;1588
7;2025-12-01;11;1389
7;2025-12-01;12;1467
7;2025-12-01;13;1446
7;2025-12-01;14;1549
7;2025-12-01;15;1690
7;2025-12-01;16;1810
7;2025-12-01;17;2200
7;2025-12-01;18;2430
7;2025-12-01;19;1639
7;2025-12-01;20;1006
7;2025-12-01;21;594
7;2025-12-01;22;283
7;2025-12-01;23;168
7;2025-12-02;0;57
7;2025-12-02;1;11
7;2025-12-02;2;0
7;2025-12-02;3;0
7;2025-12-02;4;1
7;2025-12-02;5;192
7;2025-12-02;6;726
7;2025-12-02;7;1599
7;2025-12-02;8;2427
7;2025-12-02;9;1861
7;2025-12-02;10;1633
7;2025-12-02;11;1428
7;2025-12-02;12;1507
7;2025-12-02;13;1486
7;2025-12-02;14;1592
7;2025-12-02;15;1738
7;2025-12-02;16;1859
7;2025-12-02;17;2260
7;2025-12-02;18;2497
7;2025-12-02;19;1684
7;2025-12-02;20;1034
7;2025-12-02;21;610
7;2025-12-02;22;291
7;2025-12-02;23;173
7;2025-12-03;0;57
7;2025-12-03;1;11
7;2025-12-03;2;0
7;2025-12-03;3;0
7;2025-12-03;4;1
7;2025-12-03;5;192
7;2025-12-03;6;726
7;2025-12-03;7;1599
7;2025-12-03;8;2427
7;2025-12-03;9;1861
7;2025-12-03;10;1633
7;2025-12-03;11;1428
7;2025-12-03;12;1507
7;2025-12-03;13;1486
7;2025-12-03;14;1592
7;2025-12-03;15;1738
7;2025-12-03;16;1859
7;2025-12-03;17;2260
7;2025-12-03;18;2497
7;2025-12-03;19;1684
7;2025-12-03;20;1034
7;2025-12-03;21;610
7;2025-12-03;22;291
7;2025-12-03;23;173
7;2025-12-04;0;57
7;2025-12-04;1;11
7;2025-12-04;2;0
7;2025-12-04;3;0
7;2025-12-04;4;1
7;2025-12-04;5;192
7;2025-12-04;6;726
7;2025-12-04;7;1599
7;2025-12-04;8;2427
7;2025-12-04;9;1861
7;2025-12-04;10;1633
7;2025-12-04;11;1428
7;2025-12-04;12;1507
7;2025-12-04;13;1486
7;2025-12-04;14;1592
7;2025-12-04;15;1738
7;2025-12-04;16;1859
7;2025-12-04;17;2260
7;2025-12-04;18;2497
7;2025-12-04;19;1684
7;2025-12-04;20;1034
7;2025-12-04;21;610
7;2025-12-04;22;291
7;2025-12-04;23;173
7;2025-12-05;0;60
7;2025-12-05;1;11
7;2025-12-05;2;0
7;2025-12-05;3;0
7;2025-12-05;4;1
7;2025-12-05;5;180
7;2025-12-05;6;661
7;2025-12-05;7;1494
7;2025-12-05;8;2179
7;2025-12-05;9;1703
7;2025-12-05;10;1587
7;2025-12-05;11;1496
7;2025-12-05;12;1530
7;2025-12-05;13;1630
7;2025-12-05;14;1700
7;2025-12-05;15;1798
7;2025-12-05;16;2125
7;2025-12-05;17;2161
7;2025-12-05;18;1962
7;2025-12-05;19;1442
7;2025-12-05;20;967
7;2025-12-05;21;596
7;2025-12-05;22;322
7;2025-12-05;23;208
7;2025-12-06;0;89
7;2025-12-06;1;26
7;2025-12-06;2;0
7;2025-12-06;3;0
7;2025-12-06;4;1
7;2025-12-06;5;49
7;2025-12-06;6;310
7;2025-12-06;7;461
7;2025-12-06;8;753
7;2025-12-06;9;911
7;2025-12-06;10;997
7;2025-12-06;11;1263
7;2025-12-06;12;1430
7;2025-12-06;13;1398
7;2025-12-06;14;1496
7;2025-12-06;15;1333
7;2025-12-06;16;1308
7;2025-12-06;17;1179
7;2025-12-06;18;1105
7;2025-12-06;19;1052
7;2025-12-06;20;852
7;2025-12-06;21;639
7;2025-12-06;22;339
7;2025-12-06;23;219
7;2025-12-07;0;98
7;2025-12-07;1;22
7;2025-12-07;2;0
7;2025-12-07;3;0
7;2025-12-07;4;0
7;2025-12-07;5;41
7;2025-12-07;6;224
7;2025-12-07;7;312
7;2025-12-07;8;515
7;2025-12-07;9;645
7;2025-12-07;10;799
7;2025-12-07;11;1055
7;2025-12-07;12;1164
7;2025-12-07;13;1229
7;2025-12-07;14;1286
7;2025-12-07;15;1228
7;2025-12-07;16;1151
7;2025-12-07;17;1094
7;2025-12-07;18;915
7;2025-12-07;19;770
7;2025-12-07;20;691
7;2025-12-07;21;525
7;2025-12-07;22;293
7;2025-12-07;23;161
7;2025-12-08;0;55
7;2025-12-08;1;11
7;2025-12-08;2;0
7;2025-12-08;3;0
7;2025-12-08;4;1
7;2025-12-08;5;186
7;2025-12-08;6;706
7;2025-12-08;7;1556
7;2025-12-08;8;2362
7;2025-12-08;9;1811
7;2025-12-08;10;1588
7;2025-12-08;11;1389
7;2025-12-08;12;1467
7;2025-12-08;13;1446
7;2025-12-08;14;1549
7;2025-12-08;15;1690
7;2025-12-08;16;1810
7;2025-12-08;17;2200
7;2025-12-08;18;2430
7;2025-12-08;19;1639
7;2025-12-08;20;1006
7;2025-12-08;21;594
7;2025-12-08;22;283
7;2025-12-08;23;168
7;2025-12-09;0;57
7;2025-12-09;1;11
7;2025-12-09;2;0
7;2025-12-09;3;0
7;2025-12-09;4;1
7;2025-12-09;5;192
7;2025-12-09;6;726
7;2025-12-09;7;1599
7;2025-12-09;8;2427
7;2025-12-09;9;1861
7;2025-12-09;10;1633
7;2025-12-09;11;1428
7;2025-12-09;12;1507
7;2025-12-09;13;1486
7;2025-12-09;14;1592
7;2025-12-09;15;1738
7;2025-12-09;16;1859
7;2025-12-09;17;2260
7;2025-12-09;18;2497
7;2025-12-09;19;1684
7;2025-12-09;20;1034
7;2025-12-09;21;610
7;2025-12-09;22;291
7;2025-12-09;23;173
7;2025-12-10;0;57
7;2025-12-10;1;11
7;2025-12-10;2;0
7;2025-12-10;3;0
7;2025-12-10;4;1
7;2025-12-10;5;192
7;2025-12-10;6;726
7;2025-12-10;7;1599
7;2025-12-10;8;2427
7;2025-12-10;9;1861
7;2025-12-10;10;1633
7;2025-12-10;11;1428
7;2025-12-10;12;1507
7;2025-12-10;13;1486
7;2025-12-10;14;1592
7;2025-12-10;15;1738
7;2025-12-10;16;1859
7;2025-12-10;17;2260
7;2025-12-10;18;2497
7;2025-12-10;19;1684
7;2025-12-10;20;1034
7;2025-12-10;21;610
7;2025-12-10;22;291
7;2025-12-10;23;173
7;2025-12-11;0;57
7;2025-12-11;1;11
7;2025-12-11;2;0
7;2025-12-11;3;0
7;2025-12-11;4;1
7;2025-12-11;5;192
7;2025-12-11;6;726
7;2025-12-11;7;1599
7;2025-12-11;8;2427
7;2025-12-11;9;1861
7;2025-12-11;10;1633
7;2025-12-11;11;1428
7;2025-12-11;12;1507
7;2025-12-11;13;1486
7;2025-12-11;14;1592
7;2025-12-11;15;1738
7;2025-12-11;16;1859
7;2025-12-11;17;2260
7;2025-12-11;18;2497
7;2025-12-11;19;1684
7;2025-12-11;20;1034
7;2025-12-11;21;610
7;2025-12-11;22;291
7;2025-12-11;23;173
7;2025-12-12;0;60
7;2025-12-12;1;11
7;2025-12-12;2;0
7;2025-12-12;3;0
7;2025-12-12;4;1
7;2025-12-12;5;180
7;2025-12-12;6;661
7;2025-12-12;7;1494
7;2025-12-12;8;2179
7;2025-12-12;9;1703
7;2025-12-12;10;1587
7;2025-12-12;11;1496
7;2025-12-12;12;1530
7;2025-12-12;13;1630
7;2025-12-12;14;1700
7;2025-12-12;15;1798
7;2025-12-12;16;2125
7;2025-12-12;17;2161
7;2025-12-12;18;1962
7;2025-12-12;19;1442
7;2025-12-12;20;967
7;2025-12-12;21;596
7;2025-12-12;22;322
7;2025-12-12;23;208
7;2025-12-13;0;89
7;2025-12-13;1;26
7;2025-12-13;2;0
7;2025-12-13;3;0
7;2025-12-13;4;1
7;2025-12-13;5;49
7;2025-12-13;6;310
7;2025-12-13;7;461
7;2025-12-13;8;753
7;2025-12-13;9;911
7;2025-12-13;10;997
7;2025-12-13;11;1263
7;2025-12-13;12;1430
7;2025-12-13;13;1398
7;2025-12-13;14;1496
7;2025-12-13;15;1333
7;2025-12-13;16;1308
7;2025-12-13;17;1179
7;2025-12-13;18;1105
7;2025-12-13;19;1052
7;2025-12-13;20;852
7;2025-12-13;21;639
7;2025-12-13;22;339
7;2025-12-13;23;219
7;2025-12-14;0;98
7;2025-12-14;1;22
7;2025-12-14;2;0
7;2025-12-14;3;0
7;2025-12-14;4;0
7;2025-12-14;5;41
7;2025-12-14;6;224
7;2025-12-14;7;312
7;2025-12-14;8;515
7;2025-12-14;9;645
7;2025-12-14;10;799
7;2025-12-14;11;1055
7;2025-12-14;12;1164
7;2025-12-14;13;1229
7;2025-12-14;14;1286
7;2025-12-14;15;1228
7;2025-12-14;16;1151
7;2025-12-14;17;1094
7;2025-12-14;18;915
7;2025-12-14;19;770
7;2025-12-14;20;691
7;2025-12-14;21;525
7;2025-12-14;22;293
7;2025-12-14;23;161
7;2025-12-15;0;55
7;2025-12-15;1;11
7;2025-12-15;2;0
7;2025-12-15;3;0
7;2025-12-15;4;1
7;2025-12-15;5;186
7;2025-12-15;6;706
7;2025-12-15;7;1556
7;2025-12-15;8;2362
7;2025-12-15;9;1811
7;2025-12-15;10;1588
7;2025-12-15;11;1389
7;2025-12-15;12;1467
7;2025-12-15;13;1446
7;2025-12-15;14;1549
7;2025-12-15;15;1690
7;2025-12-15;16;1810
7;2025-12-15;17;2200
7;2025-12-15;18;2430
7;2025-12-15;19;1639
7;2025-12-15;20;1006
7;2025-12-15;21;594
7;2025-12-15;22;283
7;2025-12-15;23;168
7;2025-12-16;0;57
7;2025-12-16;1;11
7;2025-12-16;2;0
7;2025-12-16;3;0
7;2025-12-16;4;1
7;2025-12-16;5;192
7;2025-12-16;6;726
7;2025-12-16;7;1599
7;2025-12-16;8;2427
7;2025-12-16;9;1861
7;2025-12-16;10;1633
7;2025-12-16;11;1428
7;2025-12-16;12;1507
7;2025-12-16;13;1486
7;2025-12-16;14;1592
7;2025-12-16;15;1738
7;2025-12-16;16;1859
7;2025-12-16;17;2260
7;2025-12-16;18;2497
7;2025-12-16;19;1684
7;2025-12-16;20;1034
7;2025-12-16;21;610
7;2025-12-16;22;291
7;2025-12-16;23;173
7;2025-12-17;0;57
7;2025-12-17;1;11
7;2025-12-17;2;0
7;2025-12-17;3;0
7;2025-12-17;4;1
7;2025-12-17;5;192
7;2025-12-17;6;726
7;2025-12-17;7;1599
7;2025-12-17;8;2427
7;2025-12-17;9;1861
7;2025-12-17;10;1633
7;2025-12-17;11;1428
7;2025-12-17;12;1507
7;2025-12-17;13;1486
7;2025-12-17;14;1592
7;2025-12-17;15;1738
7;2025-12-17;16;1859
7;2025-12-17;17;2260
7;2025-12-17;18;2497
7;2025-12-17;19;1684
7;2025-12-17;20;1034
7;2025-12-17;21;610
7;2025-12-17;22;291
7;2025-12-17;23;173
7;2025-12-18;0;57
7;2025-12-18;1;11
7;2025-12-18;2;0
7;2025-12-18;3;0
7;2025-12-18;4;1
7;2025-12-18;5;192
7;2025-12-18;6;726
7;2025-12-18;7;1599
7;2025-12-18;8;2427
7;2025-12-18;9;1861
7;2025-12-18;10;1633
7;2025-12-18;11;1428
7;2025-12-18;12;1507
7;2025-12-18;13;1486
7;2025-12-18;14;1592
7;2025-12-18;15;1738
7;2025-12-18;16;1859
7;2025-12-18;17;2260
7;2025-12-18;18;2497
7;2025-12-18;19;1684
7;2025-12-18;20;1034
7;2025-12-18;21;610
7;2025-12-18;22;291
7;2025-12-18;23;173
7;2025-12-19;0;60
7;2025-12-19;1;11
7;2025-12-19;2;0
7;2025-12-19;3;0
7;2025-12-19;4;1
7;2025-12-19;5;180
7;2025-12-19;6;661
7;2025-12-19;7;1494
7;2025-12-19;8;2179
7;2025-12-19;9;1703
7;2025-12-19;10;1587
7;2025-12-19;11;1496
7;2025-12-19;12;1530
7;2025-12-19;13;1630
7;2025-12-19;14;1700
7;2025-12-19;15;1798
7;2025-12-19;16;2125
7;2025-12-19;17;2161
7;2025-12-19;18;1962
7;2025-12-19;19;1442
7;2025-12-19;20;967
7;2025-12-19;21;596
7;2025-12-19;22;322
7;2025-12-19;23;208
7;2025-12-20;0;89
7;2025-12-20;1;26
7;2025-12-20;2;0
7;2025-12-20;3;0
7;2025-12-20;4;1
7;2025-12-20;5;49
7;2025-12-20;6;310
7;2025-12-20;7;461
7;2025-12-20;8;753
7;2025-12-20;9;911
7;2025-12-20;10;997
7;2025-12-20;11;1263
7;2025-12-20;12;1430
7;2025-12-20;13;1398
7;2025-12-20;14;1496
7;2025-12-20;15;1333
7;2025-12-20;16;1308
7;2025-12-20;17;1179
7;2025-12-20;18;1105
7;2025-12-20;19;1052
7;2025-12-20;20;852
7;2025-12-20;21;639
7;2025-12-20;22;339
7;2025-12-20;23;219
7;2025-12-21;0;98
7;2025-12-21;1;22
7;2025-12-21;2;0
7;2025-12-21;3;0
7;2025-12-21;4;0
7;2025-12-21;5;41
7;2025-12-21;6;224
7;2025-12-21;7;312
7;2025-12-21;8;515
7;2025-12-21;9;645
7;2025-12-21;10;799
7;2025-12-21;11;1055
7;2025-12-21;12;1164
7;2025-12-21;13;1229
7;2025-12-21;14;1286
7;2025-12-21;15;1228
7;2025-12-21;16;1151
7;2025-12-21;17;1094
7;2025-12-21;18;915
7;2025-12-21;19;770
7;2025-12-21;20;691
7;2025-12-21;21;525
7;2025-12-21;22;293
7;2025-12-21;23;161
7;2025-12-22;0;55
7;2025-12-22;1;11
7;2025-12-22;2;0
7;2025-12-22;3;0
7;2025-12-22;4;1
7;2025-12-22;5;186
7;2025-12-22;6;706
7;2025-12-22;7;1556
7;2025-12-22;8;2362
7;2025-12-22;9;1811
7;2025-12-22;10;1588
7;2025-12-22;11;1389
7;2025-12-22;12;1467
7;2025-12-22;13;1446
7;2025-12-22;14;1549
7;2025-12-22;15;1690
7;2025-12-22;16;1810
7;2025-12-22;17;2200
7;2025-12-22;18;2430
7;2025-12-22;19;1639
7;2025-12-22;20;1006
7;2025-12-22;21;594
7;2025-12-22;22;283
7;2025-12-22;23;168
7;2025-12-23;0;57
7;2025-12-23;1;11
7;2025-12-23;2;0
7;2025-12-23;3;0
7;2025-12-23;4;1
7;2025-12-23;5;192
7;2025-12-23;6;726
7;2025-12-23;7;1599
7;2025-12-23;8;2427
7;2025-12-23;9;1861
7;2025-12-23;10;1633
7;2025-12-23;11;1428
7;2025-12-23;12;1507
7;2025-12-23;13;1486
7;2025-12-23;14;1592
7;2025-12-23;15;1738
7;2025-12-23;16;1859
7;2025-12-23;17;2260
7;2025-12-23;18;2497
7;2025-12-23;19;1684
7;2025-12-23;20;1034
7;2025-12-23;21;610
7;2025-12-23;22;291
7;2025-12-23;23;173
7;2025-12-24;0;57
7;2025-12-24;1;11
7;2025-12-24;2;0
7;2025-12-24;3;0
7;2025-12-24;4;1
7;2025-12-24;5;192
7;2025-12-24;6;726
7;2025-12-24;7;1599
7;2025-12-24;8;2427
7;2025-12-24;9;1861
7;2025-12-24;10;1633
7;2025-12-24;11;1428
7;2025-12-24;12;1507
7;2025-12-24;13;1486
7;2025-12-24;14;1592
7;2025-12-24;15;1738
7;2025-12-24;16;1859
7;2025-12-24;17;2260
7;2025-12-24;18;2497
7;2025-12-24;19;1684
7;2025-12-24;20;1034
7;2025-12-24;21;610
7;2025-12-24;22;291
7;2025-12-24;23;173
7;2025-12-25;0;57
7;2025-12-25;1;11
7;2025-12-25;2;0
7;2025-12-25;3;0
7;2025-12-25;4;1
7;2025-12-25;5;192
7;2025-12-25;6;726
7;2025-12-25;7;1599
7;2025-12-25;8;2427
7;2025-12-25;9;1861
7;2025-12-25;10;1633
7;2025-12-25;11;1428
7;2025-12-25;12;1507
7;2025-12-25;13;1486
7;2025-12-25;14;1592
7;2025-12-25;15;1738
7;2025-12-25;16;1859
7;2025-12-25;17;2260
7;2025-12-25;18;2497
7;2025-12-25;19;1684
7;2025-12-25;20;1034
7;2025-12-25;21;610
7;2025-12-25;22;291
7;2025-12-25;23;173
7;2025-12-26;0;60
7;2025-12-26;1;11
7;2025-12-26;2;0
7;2025-12-26;3;0
7;2025-12-26;4;1
7;2025-12-26;5;180
7;2025-12-26;6;661
7;2025-12-26;7;1494
7;2025-12-26;8;2179
7;2025-12-26;9;1703
7;2025-12-26;10;1587
7;2025-12-26;11;1496
7;2025-12-26;12;1530
7;2025-12-26;13;1630
7;2025-12-26;14;1700
7;2025-12-26;15;1798
7;2025-12-26;16;2125
7;2025-12-26;17;2161
7;2025-12-26;18;1962
7;2025-12-26;19;1442
7;2025-12-26;20;967
7;2025-12-26;21;596
7;2025-12-26;22;322
7;2025-12-26;23;208
7;2025-12-27;0;89
7;2025-12-27;1;26
7;2025-12-27;2;0
7;2025-12-27;3;0
7;2025-12-27;4;1
7;2025-12-27;5;49
7;2025-12-27;6;310
7;2025-12-27;7;461
7;2025-12-27;8;753
7;2025-12-27;9;911
7;2025-12-27;10;997
7;2025-12-27;11;1263
7;2025-12-27;12;1430
7;2025-12-27;13;1398
7;2025-12-27;14;1496
7;2025-12-27;15;1333
7;2025-12-27;16;1308
7;2025-12-27;17;1179
7;2025-12-27;18;1105
7;2025-12-27;19;1052
7;2025-12-27;20;852
7;2025-12-27;21;639
7;2025-12-27;22;339
7;2025-12-27;23;219
7;2025-12-28;0;98
7;2025-12-28;1;22
7;2025-12-28;2;0
7;2025-12-28;3;0
7;2025-12-28;4;0
7;2025-12-28;5;41
7;2025-12-28;6;224
7;2025-12-28;7;312
7;2025-12-28;8;515
7;2025-12-28;9;645
7;2025-12-28;10;799
7;2025-12-28;11;1055
7;2025-12-28;12;1164
7;2025-12-28;13;1229
7;2025-12-28;14;1286
7;2025-12-28;15;1228
7;2025-12-28;16;1151
7;2025-12-28;17;1094
7;2025-12-28;18;915
7;2025-12-28;19;770
7;2025-12-28;20;691
7;2025-12-28;21;525
7;2025-12-28;22;293
7;2025-12-28;23;161
7;2025-12-29;0;50
7;2025-12-29;1;10
7;2025-12-29;2;0
7;2025-12-29;3;0
7;2025-12-29;4;1
7;2025-12-29;5;168
7;2025-12-29;6;636
7;2025-12-29;7;1401
7;2025-12-29;8;2126
7;2025-12-29;9;1630
7;2025-12-29;10;1430
7;2025-12-29;11;1250
7;2025-12-29;12;1320
7;2025-12-29;13;1302
7;2025-12-29;14;1395
7;2025-12-29;15;1521
7;2025-12-29;16;1628
7;2025-12-29;17;1980
7;2025-12-29;18;2187
7;2025-12-29;19;1475
7;2025-12-29;20;905
7;2025-12-29;21;534
7;2025-12-29;22;255
7;2025-12-29;23;151
7;2025-12-30;0;48
7;2025-12-30;1;9
7;2025-12-30;2;0
7;2025-12-30;3;0
7;2025-12-30;4;1
7;2025-12-30;5;163
7;2025-12-30;6;617
7;2025-12-30;7;1359
7;2025-12-30;8;2063
7;2025-12-30;9;1582
7;2025-12-30;10;1387
7;2025-12-30;11;1213
7;2025-12-30;12;1281
7;2025-12-30;13;1263
7;2025-12-30;14;1353
7;2025-12-30;15;1477
7;2025-12-30;16;1580
7;2025-12-30;17;1921
7;2025-12-30;18;2123
7;2025-12-30;19;1432
7;2025-12-30;20;879
7;2025-12-30;21;518
7;2025-12-30;22;247
7;2025-12-30;23;147
7;2025-12-31;0;48
7;2025-12-31;1;14
7;2025-12-31;2;0
7;2025-12-31;3;0
7;2025-12-31;4;0
7;2025-12-31;5;27
7;2025-12-31;6;167
7;2025-12-31;7;249
7;2025-12-31;8;407
7;2025-12-31;9;493
7;2025-12-31;10;539
7;2025-12-31;11;683
7;2025-12-31;12;774
7;2025-12-31;13;756
7;2025-12-31;14;809
7;2025-12-31;15;721
7;2025-12-31;16;708
7;2025-12-31;17;638
7;2025-12-31;18;598
7;2025-12-31;19;569
7;2025-12-31;20;46
7;2025-12-31;21;35
7;2025-12-31;22;18
7;2025-12-31;23;12
11;2025-11-01;0;108
11;2025-11-01;1;0
11;2025-11-01;2;0
11;2025-11-01;3;0
11;2025-11-01;4;2
11;2025-11-01;5;261
11;2025-11-01;6;1182
11;2025-11-01;7;2097
11;2025-11-01;8;2789
11;2025-11-01;9;2080
11;2025-11-01;10;1739
11;2025-11-01;11;1683
11;2025-11-01;12;1754
11;2025-11-01;13;1815
11;2025-11-01;14;1930
11;2025-11-01;15;2032
11;2025-11-01;16;2265
11;2025-11-01;17;2587
11;2025-11-01;18;2218
11;2025-11-01;19;1719
11;2025-11-01;20;1240
11;2025-11-01;21;778
11;2025-11-01;22;389
11;2025-11-01;23;276
11;2025-11-02;0;113
11;2025-11-02;1;14
11;2025-11-02;2;0
11;2025-11-02;3;0
11;2025-11-02;4;2
11;2025-11-02;5;122
11;2025-11-02;6;492
11;2025-11-02;7;512
11;2025-11-02;8;686
11;2025-11-02;9;951
11;2025-11-02;10;1103
11;2025-11-02;11;1603
11;2025-11-02;12;1736
11;2025-11-02;13;1667
11;2025-11-02;14;1792
11;2025-11-02;15;1773
11;2025-11-02;16;1687
11;2025-11-02;17;1696
11;2025-11-02;18;1285
11;2025-11-02;19;1052
11;2025-11-02;20;852
11;2025-11-02;21;637
11;2025-11-02;22;360
11;2025-11-02;23;257
11;2025-11-03;0;99
11;2025-11-03;1;8
11;2025-11-03;2;0
11;2025-11-03;3;0
11;2025-11-03;4;2
11;2025-11-03;5;130
11;2025-11-03;6;541
11;2025-11-03;7;538
11;2025-11-03;8;724
11;2025-11-03;9;914
11;2025-11-03;10;1076
11;2025-11-03;11;1482
11;2025-11-03;12;1621
11;2025-11-03;13;1542
11;2025-11-03;14;1673
11;2025-11-03;15;1616
11;2025-11-03;16;1571
11;2025-11-03;17;1542
11;2025-11-03;18;1219
11;2025-11-03;19;1056
11;2025-11-03;20;823
11;2025-11-03;21;602
11;2025-11-03;22;344
11;2025-11-03;23;241
11;2025-11-04;0;99
11;2025-11-04;1;8
11;2025-11-04;2;0
11;2025-11-04;3;0
11;2025-11-04;4;2
11;2025-11-04;5;130
11;2025-11-04;6;541
11;2025-11-04;7;538
11;2025-11-04;8;724
11;2025-11-04;9;914
11;2025-11-04;10;1076
11;2025-11-04;11;1482
11;2025-11-04;12;1621
11;2025-11-04;13;1542
11;2025-11-04;14;1673
11;2025-11-04;15;1616
11;2025-11-04;16;1571
11;2025-11-04;17;1542
11;2025-11-04;18;1219
11;2025-11-04;19;1056
11;2025-11-04;20;823
11;2025-11-04;21;602
11;2025-11-04;22;344
11;2025-11-04;23;241
11;2025-11-05;0;68
11;2025-11-05;1;3
11;2025-11-05;2;0
11;2025-11-05;3;0
11;2025-11-05;4;3
11;2025-11-05;5;297
11;2025-11-05;6;1351
11;2025-11-05;7;2485
11;2025-11-05;8;3255
11;2025-11-05;9;2510
11;2025-11-05;10;2052
11;2025-11-05;11;1987
11;2025-11-05;12;2011
11;2025-11-05;13;2202
11;2025-11-05;14;2155
11;2025-11-05;15;2206
11;2025-11-05;16;2426
11;2025-11-05;17;2849
11;2025-11-05;18;3179
11;2025-11-05;19;2269
11;2025-11-05;20;1479
11;2025-11-05;21;889
11;2025-11-05;22;431
11;2025-11-05;23;229
11;2025-11-06;0;68
11;2025-11-06;1;3
11;2025-11-06;2;0
11;2025-11-06;3;0
11;2025-11-06;4;3
11;2025-11-06;5;297
11;2025-11-06;6;1351
11;2025-11-06;7;2485
11;2025-11-06;8;3255
11;2025-11-06;9;2510
11;2025-11-06;10;2052
11;2025-11-06;11;1987
11;2025-11-06;12;2011
11;2025-11-06;13;2202
11;2025-11-06;14;2155
11;2025-11-06;15;2206
11;2025-11-06;16;2426
11;2025-11-06;17;2849
11;2025-11-06;18;3179
11;2025-11-06;19;2269
11;2025-11-06;20;1479
11;2025-11-06;21;889
11;2025-11-06;22;431
11;2025-11-06;23;229
11;2025-11-07;0;81
11;2025-11-07;1;3
11;2025-11-07;2;0
11;2025-11-07;3;0
11;2025-11-07;4;3
11;2025-11-07;5;297
11;2025-11-07;6;1344
11;2025-11-07;7;2383
11;2025-11-07;8;3171
11;2025-11-07;9;2365
11;2025-11-07;10;1977
11;2025-11-07;11;1913
11;2025-11-07;12;1993
11;2025-11-07;13;2063
11;2025-11-07;14;2194
11;2025-11-07;15;2310
11;2025-11-07;16;2574
11;2025-11-07;17;2940
11;2025-11-07;18;2521
11;2025-11-07;19;1954
11;2025-11-07;20;1410
11;2025-11-07;21;885
11;2025-11-07;22;442
11;2025-11-07;23;314
11;2025-11-08;0;113
11;2025-11-08;1;3
11;2025-11-08;2;0
11;2025-11-08;3;0
11;2025-11-08;4;3
11;2025-11-08;5;182
11;2025-11-08;6;767
11;2025-11-08;7;738
11;2025-11-08;8;995
11;2025-11-08;9;1156
11;2025-11-08;10;1381
11;2025-11-08;11;1802
11;2025-11-08;12;1992
11;2025-11-08;13;1876
11;2025-11-08;14;2053
11;2025-11-08;15;1935
11;2025-11-08;16;1923
11;2025-11-08;17;1839
11;2025-11-08;18;1521
11;2025-11-08;19;1390
11;2025-11-08;20;1045
11;2025-11-08;21;749
11;2025-11-08;22;433
11;2025-11-08;23;297
11;2025-11-09;0;113
11;2025-11-09;1;14
11;2025-11-09;2;0
11;2025-11-09;3;0
11;2025-11-09;4;2
11;2025-11-09;5;122
11;2025-11-09;6;492
11;2025-11-09;7;512
11;2025-11-09;8;686
11;2025-11-09;9;951
11;2025-11-09;10;1103
11;2025-11-09;11;1603
11;2025-11-09;12;1736
11;2025-11-09;13;1667
11;2025-11-09;14;1792
11;2025-11-09;15;1773
11;2025-11-09;16;1687
11;2025-11-09;17;1696
11;2025-11-09;18;1285
11;2025-11-09;19;1052
11;2025-11-09;20;852
11;2025-11-09;21;637
11;2025-11-09;22;360
11;2025-11-09;23;257
11;2025-11-10;0;66
11;2025-11-10;1;3
11;2025-11-10;2;0
11;2025-11-10;3;0
11;2025-11-10;4;3
11;2025-11-10;5;289
11;2025-11-10;6;1315
11;2025-11-10;7;2418
11;2025-11-10;8;3167
11;2025-11-10;9;2443
11;2025-11-10;10;1996
11;2025-11-10;11;1934
11;2025-11-10;12;1957
11;2025-11-10;13;2143
11;2025-11-10;14;2097
11;2025-11-10;15;2147
11;2025-11-10;16;2360
11;2025-11-10;17;2772
11;2025-11-10;18;3094
11;2025-11-10;19;2208
11;2025-11-10;20;1439
11;2025-11-10;21;865
11;2025-11-10;22;419
11;2025-11-10;23;223
11;2025-11-11;0;68
11;2025-11-11;1;3
11;2025-11-11;2;0
11;2025-11-11;3;0
11;2025-11-11;4;3
11;2025-11-11;5;297
11;2025-11-11;6;1351
11;2025-11-11;7;2485
11;2025-11-11;8;3255
11;2025-11-11;9;2510
11;2025-11-11;10;2052
11;2025-11-11;11;1987
11;2025-11-11;12;2011
11;2025-11-11;13;2202
11;2025-11-11;14;2155
11;2025-11-11;15;2206
11;2025-11-11;16;2426
11;2025-11-11;17;2849
11;2025-11-11;18;3179
11;2025-11-11;19;2269
11;2025-11-11;20;1479
11;2025-11-11;21;889
11;2025-11-11;22;431
11;2025-11-11;23;229
11;2025-11-12;0;68
11;2025-11-12;1;3
11;2025-11-12;2;0
11;2025-11-12;3;0
11;2025-11-12;4;3
11;2025-11-12;5;297
11;2025-11-12;6;1351
11;2025-11-12;7;2485
11;2025-11-12;8;3255
11;2025-11-12;9;2510
11;2025-11-12;10;2052
11;2025-11-12;11;1987
11;2025-11-12;12;2011
11;2025-11-12;13;2202
11;2025-11-12;14;2155
11;2025-11-12;15;2206
11;2025-11-12;16;2426
11;2025-11-12;17;2849
11;2025-11-12;18;3179
11;2025-11-12;19;2269
11;2025-11-12;20;1479
11;2025-11-12;21;889
11;2025-11-12;22;431
11;2025-11-12;23;229
11;2025-11-13;0;68
11;2025-11-13;1;3
11;2025-11-13;2;0
11;2025-11-13;3;0
11;2025-11-13;4;3
11;2025-11-13;5;297
11;2025-11-13;6;1351
11;2025-11-13;7;2485
11;2025-11-13;8;3255
11;2025-11-13;9;2510
11;2025-11-13;10;2052
11;2025-11-13;11;1987
11;2025-11-13;12;2011
11;2025-11-13;13;2202
11;2025-11-13;14;2155
11;2025-11-13;15;2206
11;2025-11-13;16;2426
11;2025-11-13;17;2849
11;2025-11-13;18;3179
11;2025-11-13;19;2269
11;2025-11-13;20;1479
11;2025-11-13;21;889
11;2025-11-13;22;431
11;2025-11-13;23;229
11;2025-11-14;0;81
11;2025-11-14;1;3
11;2025-11-14;2;0
11;2025-11-14;3;0
11;2025-11-14;4;3
11;2025-11-14;5;297
11;2025-11-14;6;1344
11;2025-11-14;7;2383
11;2025-11-14;8;3171
11;2025-11-14;9;2365
11;2025-11-14;10;1977
11;2025-11-14;11;1913
11;2025-11-14;12;1993
11;2025-11-14;13;2063
11;2025-11-14;14;2194
11;2025-11-14;15;2310
11;2025-11-14;16;2574
11;2025-11-14;17;2940
11;2025-11-14;18;2521
11;2025-11-14;19;1954
11;2025-11-14;20;1410
11;2025-11-14;21;885
11;2025-11-14;22;442
11;2025-11-14;23;314
11;2025-11-15;0;113
11;2025-11-15;1;3
11;2025-11-15;2;0
11;2025-11-15;3;0
11;2025-11-15;4;3
11;2025-11-15;5;182
11;2025-11-15;6;767
11;2025-11-15;7;738
11;2025-11-15;8;995
11;2025-11-15;9;1156
11;2025-11-15;10;1381
11;2025-11-15;11;1802
11;2025-11-15;12;1992
11;2025-11-15;13;1876
11;2025-11-15;14;2053
11;2025-11-15;15;1935
11;2025-11-15;16;1923
11;2025-11-15;17;1839
11;2025-11-15;18;1521
11;2025-11-15;19;1390
11;2025-11-15;20;1045
11;2025-11-15;21;749
11;2025-11-15;22;433
11;2025-11-15;23;297
11;2025-11-16;0;113
11;2025-11-16;1;14
11;2025-11-16;2;0
11;2025-11-16;3;0
11;2025-11-16;4;2
11;2025-11-16;5;122
11;2025-11-16;6;492
11;2025-11-16;7;512
11;2025-11-16;8;686
11;2025-11-16;9;951
11;2025-11-16;10;1103
11;2025-11-16;11;1603
11;2025-11-16;12;1736
11;2025-11-16;13;1667
11;2025-11-16;14;1792
11;2025-11-16;15;1773
11;2025-11-16;16;1687
11;2025-11-16;17;1696
11;2025-11-16;18;1285
11;2025-11-16;19;1052
11;2025-11-16;20;852
11;2025-11-16;21;637
11;2025-11-16;22;360
11;2025-11-16;23;257
11;2025-11-17;0;66
11;2025-11-17;1;3
11;2025-11-17;2;0
11;2025-11-17;3;0
11;2025-11-17;4;3
11;2025-11-17;5;289
11;2025-11-17;6;1315
11;2025-11-17;7;2418
11;2025-11-17;8;3167
11;2025-11-17;9;2443
11;2025-11-17;10;1996
11;2025-11-17;11;1934
11;2025-11-17;12;1957
11;2025-11-17;13;2143
11;2025-11-17;14;2097
11;2025-11-17;15;2147
11;2025-11-17;16;2360
11;2025-11-17;17;2772
11;2025-11-17;18;3094
11;2025-11-17;19;2208
11;2025-11-17;20;1439
11;2025-11-17;21;865
11;2025-11-17;22;419
11;2025-11-17;23;223
11;2025-11-18;0;68
11;2025-11-18;1;3
11;2025-11-18;2;0
11;2025-11-18;3;0
11;2025-11-18;4;3
11;2025-11-18;5;297
11;2025-11-18;6;1351
11;2025-11-18;7;2485
11;2025-11-18;8;3255
11;2025-11-18;9;2510
11;2025-11-18;10;2052
11;2025-11-18;11;1987
11;2025-11-18;12;2011
11;2025-11-18;13;2202
11;2025-11-18;14;2155
11;2025-11-18;15;2206
11;2025-11-18;16;2426
11;2025-11-18;17;2849
11;2025-11-18;18;3179
11;2025-11-18;19;2269
11;2025-11-18;20;1479
11;2025-11-18;21;889
11;2025-11-18;22;431
11;2025-11-18;23;229
11;2025-11-19;0;68
11;2025-11-19;1;3
11;2025-11-19;2;0
11;2025-11-19;3;0
11;2025-11-19;4;3
11;2025-11-19;5;297
11;2025-11-19;6;1351
11;2025-11-19;7;2485
11;2025-11-19;8;3255
11;2025-11-19;9;2510
11;2025-11-19;10;2052
11;2025-11-19;11;1987
11;2025-11-19;12;2011
11;2025-11-19;13;2202
11;2025-11-19;14;2155
11;2025-11-19;15;2206
11;2025-11-19;16;2426
11;2025-11-19;17;2849
11;2025-11-19;18;3179
11;2025-11-19;19;2269
11;2025-11-19;20;1479
11;2025-11-19;21;889
11;2025-11-19;22;431
11;2025-11-19;23;229
11;2025-11-20;0;68
11;2025-11-20;1;3
11;2025-11-20;2;0
11;2025-11-20;3;0
11;2025-11-20;4;3
11;2025-11-20;5;297
11;2025-11-20;6;1351
11;2025-11-20;7;2485
11;2025-11-20;8;3255
11;2025-11-20;9;2510
11;2025-11-20;10;2052
11;2025-11-20;11;1987
11;2025-11-20;12;2011
11;2025-11-20;13;2202
11;2025-11-20;14;2155
11;2025-11-20;15;2206
11;2025-11-20;16;2426
11;2025-11-20;17;2849
11;2025-11-20;18;3179
11;2025-11-20;19;2269
11;2025-11-20;20;1479
11;2025-11-20;21;889
11;2025-11-20;22;431
11;2025-11-20;23;229
11;2025-11-21;0;81
11;2025-11-21;1;3
11;2025-11-21;2;0
11;2025-11-21;3;0
11;2025-11-21;4;3
11;2025-11-21;5;297
11;2025-11-21;6;1344
11;2025-11-21;7;2383
11;2025-11-21;8;3171
11;2025-11-21;9;2365
11;2025-11-21;10;1977
11;2025-11-21;11;1913
11;2025-11-21;12;1993
11;2025-11-21;13;2063
11;2025-11-21;14;2194
11;2025-11-21;15;2310
11;2025-11-21;16;2574
11;2025-11-21;17;2940
11;2025-11-21;18;2521
11;2025-11-21;19;1954
11;2025-11-21;20;1410
11;2025-11-21;21;885
11;2025-11-21;22;442
11;2025-11-21;23;314
11;2025-11-22;0;113
11;2025-11-22;1;3
11;2025-11-22;2;0
11;2025-11-22;3;0
11;2025-11-22;4;3
11;2025-11-22;5;182
11;2025-11-22;6;767
11;2025-11-22;7;738
11;2025-11-22;8;995
11;2025-11-22;9;1156
11;2025-11-22;10;1381
11;2025-11-22;11;1802
11;2025-11-22;12;1992
11;2025-11-22;13;1876
11;2025-11-22;14;2053
11;2025-11-22;15;1935
11;2025-11-22;16;1923
11;2025-11-22;17;1839
11;2025-11-22;18;1521
11;2025-11-22;19;1390
11;2025-11-22;20;1045
11;2025-11-22;21;749
11;2025-11-22;22;433
11;2025-11-22;23;297
11;2025-11-23;0;113
11;2025-11-23;1;14
11;2025-11-23;2;0
11;2025-11-23;3;0
11;2025-11-23;4;2
11;2025-11-23;5;122
11;2025-11-23;6;492
11;2025-11-23;7;512
11;2025-11-23;8;686
11;2025-11-23;9;951
11;2025-11-23;10;1103
11;2025-11-23;11;1603
11;2025-11-23;12;1736
11;2025-11-23;13;1667
11;2025-11-23;14;1792
11;2025-11-23;15;1773
11;2025-11-23;16;1687
11;2025-11-23;17;1696
11;2025-11-23;18;1285
11;2025-11-23;19;1052
11;2025-11-23;20;852
11;2025-11-23;21;637
11;2025-11-23;22;360
11;2025-11-23;23;257
11;2025-11-24;0;66
11;2025-11-24;1;3
11;2025-11-24;2;0
11;2025-11-24;3;0
11;2025-11-24;4;3
11;2025-11-24;5;289
11;2025-11-24;6;1315
11;2025-11-24;7;2418
11;2025-11-24;8;3167
11;2025-11-24;9;2443
11;2025-11-24;10;1996
11;2025-11-24;11;1934
11;2025-11-24;12;1957
11;2025-11-24;13;2143
11;2025-11-24;14;2097
11;2025-11-24;15;2147
11;2025-11-24;16;2360
11;2025-11-24;17;2772
11;2025-11-24;18;3094
11;2025-11-24;19;2208
11;2025-11-24;20;1439
11;2025-11-24;21;865
11;2025-11-24;22;419
11;2025-11-24;23;223
11;2025-11-25;0;68
11;2025-11-25;1;3
11;2025-11-25;2;0
11;2025-11-25;3;0
11;2025-11-25;4;3
11;2025-11-25;5;297
11;2025-11-25;6;1351
11;2025-11-25;7;2485
11;2025-11-25;8;3255
11;2025-11-25;9;2510
11;2025-11-25;10;2052
11;2025-11-25;11;1987
11;2025-11-25;12;2011
11;2025-11-25;13;2202
11;2025-11-25;14;2155
11;2025-11-25;15;2206
11;2025-11-25;16;2426
11;2025-11-25;17;2849
11;2025-11-25;18;3179
11;2025-11-25;19;2269
11;2025-11-25;20;1479
11;2025-11-25;21;889
11;2025-11-25;22;431
11;2025-11-25;23;229
11;2025-11-26;0;68
11;2025-11-26;1;3
11;2025-11-26;2;0
11;2025-11-26;3;0
11;2025-11-26;4;3
11;2025-11-26;5;297
11;2025-11-26;6;1351
11;2025-11-26;7;2485
11;2025-11-26;8;3255
11;2025-11-26;9;2510
11;2025-11-26;10;2052
11;2025-11-26;11;1987
11;2025-11-26;12;2011
11;2025-11-26;13;2202
11;2025-11-26;14;2155
11;2025-11-26;15;2206
11;2025-11-26;16;2426
11;2025-11-26;17;2849
11;2025-11-26;18;3179
11;2025-11-26;19;2269
11;2025-11-26;20;1479
11;2025-11-26;21;889
11;2025-11-26;22;431
11;2025-11-26;23;229
11;2025-11-27;0;68
11;2025-11-27;1;3
11;2025-11-27;2;0
11;2025-11-27;3;0
11;2025-11-27;4;3
11;2025-11-27;5;297
11;2025-11-27;6;1351
11;2025-11-27;7;2485
11;2025-11-27;8;3255
11;2025-11-27;9;2510
11;2025-11-27;10;2052
11;2025-11-27;11;1987
11;2025-11-27;12;2011
11;2025-11-27;13;2202
11;2025-11-27;14;2155
11;2025-11-27;15;2206
11;2025-11-27;16;2426
11;2025-11-27;17;2849
11;2025-11-27;18;3179
11;2025-11-27;19;2269
11;2025-11-27;20;1479
11;2025-11-27;21;889
11;2025-11-27;22;431
11;2025-11-27;23;229
11;2025-11-28;0;81
11;2025-11-28;1;3
11;2025-11-28;2;0
11;2025-11-28;3;0
11;2025-11-28;4;3
11;2025-11-28;5;297
11;2025-11-28;6;1344
11;2025-11-28;7;2383
11;2025-11-28;8;3171
11;2025-11-28;9;2365
11;2025-11-28;10;1977
11;2025-11-28;11;1913
11;2025-11-28;12;1993
11;2025-11-28;13;2063
11;2025-11-28;14;2194
11;2025-11-28;15;2310
11;2025-11-28;16;2574
11;2025-11-28;17;2940
11;2025-11-28;18;2521
11;2025-11-28;19;1954
11;2025-11-28;20;1410
11;2025-11-28;21;885
11;2025-11-28;22;442
11;2025-11-28;23;314
11;2025-11-29;0;113
11;2025-11-29;1;3
11;2025-11-29;2;0
11;2025-11-29;3;0
11;2025-11-29;4;3
11;2025-11-29;5;182
11;2025-11-29;6;767
11;2025-11-29;7;738
11;2025-11-29;8;995
11;2025-11-29;9;1156
11;2025-11-29;10;1381
11;2025-11-29;11;1802
11;2025-11-29;12;1992
11;2025-11-29;13;1876
11;2025-11-29;14;2053
11;2025-11-29;15;1935
11;2025-11-29;16;1923
11;2025-11-29;17;1839
11;2025-11-29;18;1521
11;2025-11-29;19;1390
11;2025-11-29;20;1045
11;2025-11-29;21;749
11;2025-11-29;22;433
11;2025-11-29;23;297
11;2025-11-30;0;113
11;2025-11-30;1;14
11;2025-11-30;2;0
11;2025-11-30;3;0
11;2025-11-30;4;2
11;2025-11-30;5;122
11;2025-11-30;6;492
11;2025-11-30;7;512
11;2025-11-30;8;686
11;2025-11-30;9;951
11;2025-11-30;10;1103
11;2025-11-30;11;1603
11;2025-11-30;12;1736
11;2025-11-30;13;1667
11;2025-11-30;14;1792
11;2025-11-30;15;1773
11;2025-11-30;16;1687
11;2025-11-30;17;1696
11;2025-11-30;18;1285
11;2025-11-30;19;1052
11;2025-11-30;20;852
11;2025-11-30;21;637
11;2025-11-30;22;360
11;2025-11-30;23;257
11;2025-12-01;0;67
11;2025-12-01;1;3
11;2025-12-01;2;0
11;2025-12-01;3;0
11;2025-12-01;4;4
11;2025-12-01;5;297
11;2025-12-01;6;1310
11;2025-12-01;7;2406
11;2025-12-01;8;3154
11;2025-12-01;9;2444
11;2025-12-01;10;1972
11;2025-12-01;11;1923
11;2025-12-01;12;1941
11;2025-12-01;13;2138
11;2025-12-01;14;2088
11;2025-12-01;15;2169
11;2025-12-01;16;2375
11;2025-12-01;17;2781
11;2025-12-01;18;3102
11;2025-12-01;19;2212
11;2025-12-01;20;1447
11;2025-12-01;21;876
11;2025-12-01;22;428
11;2025-12-01;23;219
11;2025-12-02;0;69
11;2025-12-02;1;3
11;2025-12-02;2;0
11;2025-12-02;3;0
11;2025-12-02;4;4
11;2025-12-02;5;305
11;2025-12-02;6;1346
11;2025-12-02;7;2472
11;2025-12-02;8;3241
11;2025-12-02;9;2511
11;2025-12-02;10;2026
11;2025-12-02;11;1977
11;2025-12-02;12;1994
11;2025-12-02;13;2197
11;2025-12-02;14;2145
11;2025-12-02;15;2229
11;2025-12-02;16;2441
11;2025-12-02;17;2858
11;2025-12-02;18;3187
11;2025-12-02;19;2273
11;2025-12-02;20;1487
11;2025-12-02;21;900
11;2025-12-02;22;440
11;2025-12-02;23;225
11;2025-12-03;0;69
11;2025-12-03;1;3
11;2025-12-03;2;0
11;2025-12-03;3;0
11;2025-12-03;4;4
11;2025-12-03;5;305
11;2025-12-03;6;1346
11;2025-12-03;7;2472
11;2025-12-03;8;3241
11;2025-12-03;9;2511
11;2025-12-03;10;2026
11;2025-12-03;11;1977
11;2025-12-03;12;1994
11;2025-12-03;13;2197
11;2025-12-03;14;2145
11;2025-12-03;15;2229
11;2025-12-03;16;2441
11;2025-12-03;17;2858
11;2025-12-03;18;3187
11;2025-12-03;19;2273
11;2025-12-03;20;1487
11;2025-12-03;21;900
11;2025-12-03;22;440
11;2025-12-03;23;225
11;2025-12-04;0;69
11;2025-12-04;1;3
11;2025-12-04;2;0
11;2025-12-04;3;0
11;2025-12-04;4;4
11;2025-12-04;5;305
11;2025-12-04;6;1346
11;2025-12-04;7;2472
11;2025-12-04;8;3241
11;2025-12-04;9;2511
11;2025-12-04;10;2026
11;2025-12-04;11;1977
11;2025-12-04;12;1994
11;2025-12-04;13;2197
11;2025-12-04;14;2145
11;2025-12-04;15;2229
11;2025-12-04;16;2441
11;2025-12-04;17;2858
11;2025-12-04;18;3187
11;2025-12-04;19;2273
11;2025-12-04;20;1487
11;2025-12-04;21;900
11;2025-12-04;22;440
11;2025-12-04;23;225
11;2025-12-05;0;82
11;2025-12-05;1;4
11;2025-12-05;2;0
11;2025-12-05;3;0
11;2025-12-05;4;3
11;2025-12-05;5;302
11;2025-12-05;6;1339
11;2025-12-05;7;2357
11;2025-12-05;8;3123
11;2025-12-05;9;2377
11;2025-12-05;10;1971
11;2025-12-05;11;1917
11;2025-12-05;12;1982
11;2025-12-05;13;2072
11;2025-12-05;14;2184
11;2025-12-05;15;2326
11;2025-12-05;16;2595
11;2025-12-05;17;2935
11;2025-12-05;18;2530
11;2025-12-05;19;1974
11;2025-12-05;20;1415
11;2025-12-05;21;889
11;2025-12-05;22;452
11;2025-12-05;23;306
11;2025-12-06;0;113
11;2025-12-06;1;3
11;2025-12-06;2;0
11;2025-12-06;3;0
11;2025-12-06;4;3
11;2025-12-06;5;183
11;2025-12-06;6;746
11;2025-12-06;7;729
11;2025-12-06;8;979
11;2025-12-06;9;1147
11;2025-12-06;10;1359
11;2025-12-06;11;1792
11;2025-12-06;12;1968
11;2025-12-06;13;1858
11;2025-12-06;14;2019
11;2025-12-06;15;1912
11;2025-12-06;16;1921
11;2025-12-06;17;1820
11;2025-12-06;18;1517
11;2025-12-06;19;1370
11;2025-12-06;20;1049
11;2025-12-06;21;750
11;2025-12-06;22;433
11;2025-12-06;23;298
11;2025-12-07;0;111
11;2025-12-07;1;14
11;2025-12-07;2;0
11;2025-12-07;3;0
11;2025-12-07;4;2
11;2025-12-07;5;122
11;2025-12-07;6;481
11;2025-12-07;7;507
11;2025-12-07;8;672
11;2025-12-07;9;936
11;2025-12-07;10;1087
11;2025-12-07;11;1575
11;2025-12-07;12;1716
11;2025-12-07;13;1647
11;2025-12-07;14;1773
11;2025-12-07;15;1756
11;2025-12-07;16;1675
11;2025-12-07;17;1668
11;2025-12-07;18;1271
11;2025-12-07;19;1046
11;2025-12-07;20;851
11;2025-12-07;21;633
11;2025-12-07;22;356
11;2025-12-07;23;255
11;2025-12-08;0;67
11;2025-12-08;1;3
11;2025-12-08;2;0
11;2025-12-08;3;0
11;2025-12-08;4;4
11;2025-12-08;5;297
11;2025-12-08;6;1310
11;2025-12-08;7;2406
11;2025-12-08;8;3154
11;2025-12-08;9;2444
11;2025-12-08;10;1972
11;2025-12-08;11;1923
11;2025-12-08;12;1941
11;2025-12-08;13;2138
11;2025-12-08;14;2088
11;2025-12-08;15;2169
11;2025-12-08;16;2375
11;2025-12-08;17;2781
11;2025-12-08;18;3102
11;2025-12-08;19;2212
11;2025-12-08;20;1447
11;2025-12-08;21;876
11;2025-12-08;22;428
11;2025-12-08;23;219
11;2025-12-09;0;69
11;2025-12-09;1;3
11;2025-12-09;2;0
11;2025-12-09;3;0
11;2025-12-09;4;4
11;2025-12-09;5;305
11;2025-12-09;6;1346
11;2025-12-09;7;2472
11;2025-12-09;8;3241
11;2025-12-09;9;2511
11;2025-12-09;10;2026
11;2025-12-09;11;1977
11;2025-12-09;12;1994
11;2025-12-09;13;2197
11;2025-12-09;14;2145
11;2025-12-09;15;2229
11;2025-12-09;16;2441
11;2025-12-09;17;2858
11;2025-12-09;18;3187
11;2025-12-09;19;2273
11;2025-12-09;20;1487
11;2025-12-09;21;900
11;2025-12-09;22;440
11;2025-12-09;23;225
11;2025-12-10;0;69
11;2025-12-10;1;3
11;2025-12-10;2;0
11;2025-12-10;3;0
11;2025-12-10;4;4
11;2025-12-10;5;305
11;2025-12-10;6;1346
11;2025-12-10;7;2472
11;2025-12-10;8;3241
11;2025-12-10;9;2511
11;2025-12-10;10;2026
11;2025-12-10;11;1977
11;2025-12-10;12;1994
11;2025-12-10;13;2197
11;2025-12-10;14;2145
11;2025-12-10;15;2229
11;2025-12-10;16;2441
11;2025-12-10;17;2858
11;2025-12-10;18;3187
11;2025-12-10;19;2273
11;2025-12-10;20;1487
11;2025-12-10;21;900
11;2025-12-10;22;440
11;2025-12-10;23;225
11;2025-12-11;0;69
11;2025-12-11;1;3
11;2025-12-11;2;0
11;2025-12-11;3;0
11;2025-12-11;4;4
11;2025-12-11;5;305
11;2025-12-11;6;1346
11;2025-12-11;7;2472
11;2025-12-11;8;3241
11;2025-12-11;9;2511
11;2025-12-11;10;2026
11;2025-12-11;11;1977
11;2025-12-11;12;1994
11;2025-12-11;13;2197
11;2025-12-11;14;2145
11;2025-12-11;15;2229
11;2025-12-11;16;2441
11;2025-12-11;17;2858
11;2025-12-11;18;3187
11;2025-12-11;19;2273
11;2025-12-11;20;1487
11;2025-12-11;21;900
11;2025-12-11;22;440
11;2025-12-11;23;225
11;2025-12-12;0;82
11;2025-12-12;1;4
11;2025-12-12;2;0
11;2025-12-12;3;0
11;2025-12-12;4;3
11;2025-12-12;5;302
11;2025-12-12;6;1339
11;2025-12-12;7;2357
11;2025-12-12;8;3123
11;2025-12-12;9;2377
11;2025-12-12;10;1971
11;2025-12-12;11;1917
11;2025-12-12;12;1982
11;2025-12-12;13;2072
11;2025-12-12;14;2184
11;2025-12-12;15;2326
11;2025-12-12;16;2595
11;2025-12-12;17;2935
11;2025-12-12;18;2530
11;2025-12-12;19;1974
11;2025-12-12;20;1415
11;2025-12-12;21;889
11;2025-12-12;22;452
11;2025-12-12;23;306
11;2025-12-13;0;113
11;2025-12-13;1;3
11;2025-12-13;2;0
11;2025-12-13;3;0
11;2025-12-13;4;3
11;2025-12-13;5;183
11;2025-12-13;6;746
11;2025-12-13;7;729
11;2025-12-13;8;979
11;2025-12-13;9;1147
11;2025-12-13;10;1359
11;2025-12-13;11;1792
11;2025-12-13;12;1968
11;2025-12-13;13;1858
11;2025-12-13;14;2019
11;2025-12-13;15;1912
11;2025-12-13;16;1921
11;2025-12-13;17;1820
11;2025-12-13;18;1517
11;2025-12-13;19;1370
11;2025-12-13;20;1049
11;2025-12-13;21;750
11;2025-12-13;22;433
11;2025-12-13;23;298
11;2025-12-14;0;111
11;2025-12-14;1;14
11;2025-12-14;2;0
11;2025-12-14;3;0
11;2025-12-14;4;2
11;2025-12-14;5;122
11;2025-12-14;6;481
11;2025-12-14;7;507
11;2025-12-14;8;672
11;2025-12-14;9;936
11;2025-12-14;10;1087
11;2025-12-14;11;1575
11;2025-12-14;12;1716
11;2025-12-14;13;1647
11;2025-12-14;14;1773
11;2025-12-14;15;1756
11;2025-12-14;16;1675
11;2025-12-14;17;1668
11;2025-12-14;18;1271
11;2025-12-14;19;1046
11;2025-12-14;20;851
11;2025-12-14;21;633
11;2025-12-14;22;356
11;2025-12-14;23;255
11;2025-12-15;0;67
11;2025-12-15;1;3
11;2025-12-15;2;0
11;2025-12-15;3;0
11;2025-12-15;4;4
11;2025-12-15;5;297
11;2025-12-15;6;1310
11;2025-12-15;7;2406
11;2025-12-15;8;3154
11;2025-12-15;9;2444
11;2025-12-15;10;1972
11;2025-12-15;11;1923
11;2025-12-15;12;1941
11;2025-12-15;13;2138
11;2025-12-15;14;2088
11;2025-12-15;15;2169
11;2025-12-15;16;2375
11;2025-12-15;17;2781
11;2025-12-15;18;3102
11;2025-12-15;19;2212
11;2025-12-15;20;1447
11;2025-12-15;21;876
11;2025-12-15;22;428
11;2025-12-15;23;219
11;2025-12-16;0;69
11;2025-12-16;1;3
11;2025-12-16;2;0
11;2025-12-16;3;0
11;2025-12-16;4;4
11;2025-12-16;5;305
11;2025-12-16;6;1346
11;2025-12-16;7;2472
11;2025-12-16;8;3241
11;2025-12-16;9;2511
11;2025-12-16;10;2026
11;2025-12-16;11;1977
11;2025-12-16;12;1994
11;2025-12-16;13;2197
11;2025-12-16;14;2145
11;2025-12-16;15;2229
11;2025-12-16;16;2441
11;2025-12-16;17;2858
11;2025-12-16;18;3187
11;2025-12-16;19;2273
11;2025-12-16;20;1487
11;2025-12-16;21;900
11;2025-12-16;22;440
11;2025-12-16;23;225
11;2025-12-17;0;69
11;2025-12-17;1;3
11;2025-12-17;2;0
11;2025-12-17;3;0
11;2025-12-17;4;4
11;2025-12-17;5;305
11;2025-12-17;6;1346
11;2025-12-17;7;2472
11;2025-12-17;8;3241
11;2025-12-17;9;2511
11;2025-12-17;10;2026
11;2025-12-17;11;1977
11;2025-12-17;12;1994
11;2025-12-17;13;2197
11;2025-12-17;14;2145
11;2025-12-17;15;2229
11;2025-12-17;16;2441
11;2025-12-17;17;2858
11;2025-12-17;18;3187
11;2025-12-17;19;2273
11;2025-12-17;20;1487
11;2025-12-17;21;900
11;2025-12-17;22;440
11;2025-12-17;23;225
11;2025-12-18;0;69
11;2025-12-18;1;3
11;2025-12-18;2;0
11;2025-12-18;3;0
11;2025-12-18;4;4
11;2025-12-18;5;305
11;2025-12-18;6;1346
11;2025-12-18;7;2472
11;2025-12-18;8;3241
11;2025-12-18;9;2511
11;2025-12-18;10;2026
11;2025-12-18;11;1977
11;2025-12-18;12;1994
11;2025-12-18;13;2197
11;2025-12-18;14;2145
11;2025-12-18;15;2229
11;2025-12-18;16;2441
11;2025-12-18;17;2858
11;2025-12-18;18;3187
11;2025-12-18;19;2273
11;2025-12-18;20;1487
11;2025-12-18;21;900
11;2025-12-18;22;440
11;2025-12-18;23;225
11;2025-12-19;0;82
11;2025-12-19;1;4
11;2025-12-19;2;0
11;2025-12-19;3;0
11;2025-12-19;4;3
11;2025-12-19;5;302
11;2025-12-19;6;1339
11;2025-12-19;7;2357
11;2025-12-19;8;3123
11;2025-12-19;9;2377
11;2025-12-19;10;1971
11;2025-12-19;11;1917
11;2025-12-19;12;1982
11;2025-12-19;13;2072
11;2025-12-19;14;2184
11;2025-12-19;15;2326
11;2025-12-19;16;2595
11;2025-12-19;17;2935
11;2025-12-19;18;2530
11;2025-12-19;19;1974
11;2025-12-19;20;1415
11;2025-12-19;21;889
11;2025-12-19;22;452
11;2025-12-19;23;306
11;2025-12-20;0;113
11;2025-12-20;1;3
11;2025-12-20;2;0
11;2025-12-20;3;0
11;2025-12-20;4;3
11;2025-12-20;5;183
11;2025-12-20;6;746
11;2025-12-20;7;729
11;2025-12-20;8;979
11;2025-12-20;9;1147
11;2025-12-20;10;1359
11;2025-12-20;11;1792
11;2025-12-20;12;1968
11;2025-12-20;13;1858
11;2025-12-20;14;2019
11;2025-12-20;15;1912
11;2025-12-20;16;1921
11;2025-12-20;17;1820
11;2025-12-20;18;1517
11;2025-12-20;19;1370
11;2025-12-20;20;1049
11;2025-12-20;21;750
11;2025-12-20;22;433
11;2025-12-20;23;298
11;2025-12-21;0;111
11;2025-12-21;1;14
11;2025-12-21;2;0
11;2025-12-21;3;0
11;2025-12-21;4;2
11;2025-12-21;5;122
11;2025-12-21;6;481
11;2025-12-21;7;507
11;2025-12-21;8;672
11;2025-12-21;9;936
11;2025-12-21;10;1087
11;2025-12-21;11;1575
11;2025-12-21;12;1716
11;2025-12-21;13;1647
11;2025-12-21;14;1773
11;2025-12-21;15;1756
11;2025-12-21;16;1675
11;2025-12-21;17;1668
11;2025-12-21;18;1271
11;2025-12-21;19;1046
11;2025-12-21;20;851
11;2025-12-21;21;633
11;2025-12-21;22;356
11;2025-12-21;23;255
11;2025-12-22;0;67
11;2025-12-22;1;3
11;2025-12-22;2;0
11;2025-12-22;3;0
11;2025-12-22;4;4
11;2025-12-22;5;297
11;2025-12-22;6;1310
11;2025-12-22;7;2406
11;2025-12-22;8;3154
11;2025-12-22;9;2444
11;2025-12-22;10;1972
11;2025-12-22;11;1923
11;2025-12-22;12;1941
11;2025-12-22;13;2138
11;2025-12-22;14;2088
11;2025-12-22;15;2169
11;2025-12-22;16;2375
11;2025-12-22;17;2781
11;2025-12-22;18;3102
11;2025-12-22;19;2212
11;2025-12-22;20;1447
11;2025-12-22;21;876
11;2025-12-22;22;428
11;2025-12-22;23;219
11;2025-12-23;0;69
11;2025-12-23;1;3
11;2025-12-23;2;0
11;2025-12-23;3;0
11;2025-12-23;4;4
11;2025-12-23;5;305
11;2025-12-23;6;1346
11;2025-12-23;7;2472
11;2025-12-23;8;3241
11;2025-12-23;9;2511
11;2025-12-23;10;2026
11;2025-12-23;11;1977
11;2025-12-23;12;1994
11;2025-12-23;13;2197
11;2025-12-23;14;2145
11;2025-12-23;15;2229
11;2025-12-23;16;2441
11;2025-12-23;17;2858
11;2025-12-23;18;3187
11;2025-12-23;19;2273
11;2025-12-23;20;1487
11;2025-12-23;21;900
11;2025-12-23;22;440
11;2025-12-23;23;225
11;2025-12-24;0;69
11;2025-12-24;1;3
11;2025-12-24;2;0
11;2025-12-24;3;0
11;2025-12-24;4;4
11;2025-12-24;5;305
11;2025-12-24;6;1346
11;2025-12-24;7;2472
11;2025-12-24;8;3241
11;2025-12-24;9;2511
11;2025-12-24;10;2026
11;2025-12-24;11;1977
11;2025-12-24;12;1994
11;2025-12-24;13;2197
11;2025-12-24;14;2145
11;2025-12-24;15;2229
11;2025-12-24;16;2441
11;2025-12-24;17;2858
11;2025-12-24;18;3187
11;2025-12-24;19;2273
11;2025-12-24;20;1487
11;2025-12-24;21;900
11;2025-12-24;22;440
11;2025-12-24;23;225
11;2025-12-25;0;69
11;2025-12-25;1;3
11;2025-12-25;2;0
11;2025-12-25;3;0
11;2025-12-25;4;4
11;2025-12-25;5;305
11;2025-12-25;6;1346
11;2025-12-25;7;2472
11;2025-12-25;8;3241
11;2025-12-25;9;2511
11;2025-12-25;10;2026
11;2025-12-25;11;1977
11;2025-12-25;12;1994
11;2025-12-25;13;2197
11;2025-12-25;14;2145
11;2025-12-25;15;2229
11;2025-12-25;16;2441
11;2025-12-25;17;2858
11;2025-12-25;18;3187
11;2025-12-25;19;2273
11;2025-12-25;20;1487
11;2025-12-25;21;900
11;2025-12-25;22;440
11;2025-12-25;23;225
11;2025-12-26;0;82
11;2025-12-26;1;4
11;2025-12-26;2;0
11;2025-12-26;3;0
11;2025-12-26;4;3
11;2025-12-26;5;302
11;2025-12-26;6;1339
11;2025-12-26;7;2357
11;2025-12-26;8;3123
11;2025-12-26;9;2377
11;2025-12-26;10;1971
11;2025-12-26;11;1917
11;2025-12-26;12;1982
11;2025-12-26;13;2072
11;2025-12-26;14;2184
11;2025-12-26;15;2326
11;2025-12-26;16;2595
11;2025-12-26;17;2935
11;2025-12-26;18;2530
11;2025-12-26;19;1974
11;2025-12-26;20;1415
11;2025-12-26;21;889
11;2025-12-26;22;452
11;2025-12-26;23;306
11;2025-12-27;0;113
11;2025-12-27;1;3
11;2025-12-27;2;0
11;2025-12-27;3;0
11;2025-12-27;4;3
11;2025-12-27;5;183
11;2025-12-27;6;746
11;2025-12-27;7;729
11;2025-12-27;8;979
11;2025-12-27;9;1147
11;2025-12-27;10;1359
11;2025-12-27;11;1792
11;2025-12-27;12;1968
11;2025-12-27;13;1858
11;2025-12-27;14;2019
11;2025-12-27;15;1912
11;2025-12-27;16;1921
11;2025-12-27;17;1820
11;2025-12-27;18;1517
11;2025-12-27;19;1370
11;2025-12-27;20;1049
11;2025-12-27;21;750
11;2025-12-27;22;433
11;2025-12-27;23;298
11;2025-12-28;0;111
11;2025-12-28;1;14
11;2025-12-28;2;0
11;2025-12-28;3;0
11;2025-12-28;4;2
11;2025-12-28;5;122
11;2025-12-28;6;481
11;2025-12-28;7;507
11;2025-12-28;8;672
11;2025-12-28;9;936
11;2025-12-28;10;1087
11;2025-12-28;11;1575
11;2025-12-28;12;1716
11;2025-12-28;13;1647
11;2025-12-28;14;1773
11;2025-12-28;15;1756
11;2025-12-28;16;1675
11;2025-12-28;17;1668
11;2025-12-28;18;1271
11;2025-12-28;19;1046
11;2025-12-28;20;851
11;2025-12-28;21;633
11;2025-12-28;22;356
11;2025-12-28;23;255
11;2025-12-29;0;60
11;2025-12-29;1;2
11;2025-12-29;2;0
11;2025-12-29;3;0
11;2025-12-29;4;3
11;2025-12-29;5;267
11;2025-12-29;6;1179
11;2025-12-29;7;2165
11;2025-12-29;8;2839
11;2025-12-29;9;2200
11;2025-12-29;10;1775
11;2025-12-29;11;1731
11;2025-12-29;12;1747
11;2025-12-29;13;1924
11;2025-12-29;14;1879
11;2025-12-29;15;1952
11;2025-12-29;16;2138
11;2025-12-29;17;2503
11;2025-12-29;18;2792
11;2025-12-29;19;1991
11;2025-12-29;20;1303
11;2025-12-29;21;788
11;2025-12-29;22;385
11;2025-12-29;23;197
11;2025-12-30;0;59
11;2025-12-30;1;2
11;2025-12-30;2;0
11;2025-12-30;3;0
11;2025-12-30;4;3
11;2025-12-30;5;259
11;2025-12-30;6;1144
11;2025-12-30;7;2101
11;2025-12-30;8;2755
11;2025-12-30;9;2135
11;2025-12-30;10;1722
11;2025-12-30;11;1680
11;2025-12-30;12;1695
11;2025-12-30;13;1867
11;2025-12-30;14;1824
11;2025-12-30;15;1894
11;2025-12-30;16;2074
11;2025-12-30;17;2429
11;2025-12-30;18;2709
11;2025-12-30;19;1932
11;2025-12-30;20;1264
11;2025-12-30;21;765
11;2025-12-30;22;374
11;2025-12-30;23;192
11;2025-12-31;0;61
11;2025-12-31;1;2
11;2025-12-31;2;0
11;2025-12-31;3;0
11;2025-12-31;4;2
11;2025-12-31;5;99
11;2025-12-31;6;403
11;2025-12-31;7;394
11;2025-12-31;8;529
11;2025-12-31;9;620
11;2025-12-31;10;734
11;2025-12-31;11;969
11;2025-12-31;12;1065
11;2025-12-31;13;1005
11;2025-12-31;14;1092
11;2025-12-31;15;1034
11;2025-12-31;16;1039
11;2025-12-31;17;984
11;2025-12-31;18;821
11;2025-12-31;19;741
11;2025-12-31;20;57
11;2025-12-31;21;41
11;2025-12-31;22;23
11;2025-12-31;23;16
12;2025-11-01;0;30
12;2025-11-01;1;3
12;2025-11-01;2;0
12;2025-11-01;3;0
12;2025-11-01;4;4
12;2025-11-01;5;268
12;2025-11-01;6;1167
12;2025-11-01;7;2297
12;2025-11-01;8;2941
12;2025-11-01;9;2065
12;2025-11-01;10;1753
12;2025-11-01;11;1770
12;2025-11-01;12;1812
12;2025-11-01;13;1899
12;2025-11-01;14;1881
12;2025-11-01;15;2136
12;2025-11-01;16;2737
12;2025-11-01;17;2548
12;2025-11-01;18;2237
12;2025-11-01;19;1842
12;2025-11-01;20;1238
12;2025-11-01;21;857
12;2025-11-01;22;439
12;2025-11-01;23;270
12;2025-11-02;0;89
12;2025-11-02;1;6
12;2025-11-02;2;0
12;2025-11-02;3;0
12;2025-11-02;4;3
12;2025-11-02;5;138
12;2025-11-02;6;504
12;2025-11-02;7;631
12;2025-11-02;8;707
12;2025-11-02;9;924
12;2025-11-02;10;1198
12;2025-11-02;11;1336
12;2025-11-02;12;1419
12;2025-11-02;13;1669
12;2025-11-02;14;1555
12;2025-11-02;15;1500
12;2025-11-02;16;1542
12;2025-11-02;17;1480
12;2025-11-02;18;1263
12;2025-11-02;19;973
12;2025-11-02;20;738
12;2025-11-02;21;576
12;2025-11-02;22;384
12;2025-11-02;23;201
12;2025-11-03;0;73
12;2025-11-03;1;5
12;2025-11-03;2;0
12;2025-11-03;3;0
12;2025-11-03;4;2
12;2025-11-03;5;150
12;2025-11-03;6;547
12;2025-11-03;7;647
12;2025-11-03;8;726
12;2025-11-03;9;911
12;2025-11-03;10;1160
12;2025-11-03;11;1270
12;2025-11-03;12;1317
12;2025-11-03;13;1553
12;2025-11-03;14;1414
12;2025-11-03;15;1363
12;2025-11-03;16;1417
12;2025-11-03;17;1323
12;2025-11-03;18;1196
12;2025-11-03;19;992
12;2025-11-03;20;721
12;2025-11-03;21;547
12;2025-11-03;22;344
12;2025-11-03;23;210
12;2025-11-04;0;73
12;2025-11-04;1;5
12;2025-11-04;2;0
12;2025-11-04;3;0
12;2025-11-04;4;2
12;2025-11-04;5;150
12;2025-11-04;6;547
12;2025-11-04;7;647
12;2025-11-04;8;726
12;2025-11-04;9;911
12;2025-11-04;10;1160
12;2025-11-04;11;1270
12;2025-11-04;12;1317
12;2025-11-04;13;1553
12;2025-11-04;14;1414
12;2025-11-04;15;1363
12;2025-11-04;16;1417
12;2025-11-04;17;1323
12;2025-11-04;18;1196
12;2025-11-04;19;992
12;2025-11-04;20;721
12;2025-11-04;21;547
12;2025-11-04;22;344
12;2025-11-04;23;210
12;2025-11-05;0;53
12;2025-11-05;1;2
12;2025-11-05;2;0
12;2025-11-05;3;0
12;2025-11-05;4;6
12;2025-11-05;5;317
12;2025-11-05;6;1369
12;2025-11-05;7;2679
12;2025-11-05;8;3581
12;2025-11-05;9;2455
12;2025-11-05;10;2138
12;2025-11-05;11;2048
12;2025-11-05;12;2134
12;2025-11-05;13;2108
12;2025-11-05;14;2098
12;2025-11-05;15;2333
12;2025-11-05;16;2853
12;2025-11-05;17;2976
12;2025-11-05;18;3131
12;2025-11-05;19;2392
12;2025-11-05;20;1533
12;2025-11-05;21;927
12;2025-11-05;22;471
12;2025-11-05;23;248
12;2025-11-06;0;53
12;2025-11-06;1;2
12;2025-11-06;2;0
12;2025-11-06;3;0
12;2025-11-06;4;6
12;2025-11-06;5;317
12;2025-11-06;6;1369
12;2025-11-06;7;2679
12;2025-11-06;8;3581
12;2025-11-06;9;2455
12;2025-11-06;10;2138
12;2025-11-06;11;2048
12;2025-11-06;12;2134
12;2025-11-06;13;2108
12;2025-11-06;14;2098
12;2025-11-06;15;2333
12;2025-11-06;16;2853
12;2025-11-06;17;2976
12;2025-11-06;18;3131
12;2025-11-06;19;2392
12;2025-11-06;20;1533
12;2025-11-06;21;927
12;2025-11-06;22;471
12;2025-11-06;23;248
12;2025-11-07;0;58
12;2025-11-07;1;2
12;2025-11-07;2;0
12;2025-11-07;3;0
12;2025-11-07;4;4
12;2025-11-07;5;305
12;2025-11-07;6;1326
12;2025-11-07;7;2611
12;2025-11-07;8;3343
12;2025-11-07;9;2347
12;2025-11-07;10;1993
12;2025-11-07;11;2012
12;2025-11-07;12;2059
12;2025-11-07;13;2159
12;2025-11-07;14;2137
12;2025-11-07;15;2428
12;2025-11-07;16;3111
12;2025-11-07;17;2896
12;2025-11-07;18;2543
12;2025-11-07;19;2094
12;2025-11-07;20;1407
12;2025-11-07;21;974
12;2025-11-07;22;499
12;2025-11-07;23;306
12;2025-11-08;0;74
12;2025-11-08;1;4
12;2025-11-08;2;0
12;2025-11-08;3;0
12;2025-11-08;4;2
12;2025-11-08;5;207
12;2025-11-08;6;748
12;2025-11-08;7;844
12;2025-11-08;8;950
12;2025-11-08;9;1149
12;2025-11-08;10;1437
12;2025-11-08;11;1547
12;2025-11-08;12;1565
12;2025-11-08;13;1851
12;2025-11-08;14;1644
12;2025-11-08;15;1581
12;2025-11-08;16;1667
12;2025-11-08;17;1508
12;2025-11-08;18;1450
12;2025-11-08;19;1289
12;2025-11-08;20;901
12;2025-11-08;21;665
12;2025-11-08;22;393
12;2025-11-08;23;277
12;2025-11-09;0;89
12;2025-11-09;1;6
12;2025-11-09;2;0
12;2025-11-09;3;0
12;2025-11-09;4;3
12;2025-11-09;5;138
12;2025-11-09;6;504
12;2025-11-09;7;631
12;2025-11-09;8;707
12;2025-11-09;9;924
12;2025-11-09;10;1198
12;2025-11-09;11;1336
12;2025-11-09;12;1419
12;2025-11-09;13;1669
12;2025-11-09;14;1555
12;2025-11-09;15;1500
12;2025-11-09;16;1542
12;2025-11-09;17;1480
12;2025-11-09;18;1263
12;2025-11-09;19;973
12;2025-11-09;20;738
12;2025-11-09;21;576
12;2025-11-09;22;384
12;2025-11-09;23;201
12;2025-11-10;0;52
12;2025-11-10;1;2
12;2025-11-10;2;0
12;2025-11-10;3;0
12;2025-11-10;4;6
12;2025-11-10;5;309
12;2025-11-10;6;1332
12;2025-11-10;7;2608
12;2025-11-10;8;3485
12;2025-11-10;9;2389
12;2025-11-10;10;2081
12;2025-11-10;11;1993
12;2025-11-10;12;2078
12;2025-11-10;13;2052
12;2025-11-10;14;2042
12;2025-11-10;15;2270
12;2025-11-10;16;2777
12;2025-11-10;17;2896
12;2025-11-10;18;3047
12;2025-11-10;19;2328
12;2025-11-10;20;1492
12;2025-11-10;21;902
12;2025-11-10;22;459
12;2025-11-10;23;241
12;2025-11-11;0;53
12;2025-11-11;1;2
12;2025-11-11;2;0
12;2025-11-11;3;0
12;2025-11-11;4;6
12;2025-11-11;5;317
12;2025-11-11;6;1369
12;2025-11-11;7;2679
12;2025-11-11;8;3581
12;2025-11-11;9;2455
12;2025-11-11;10;2138
12;2025-11-11;11;2048
12;2025-11-11;12;2134
12;2025-11-11;13;2108
12;2025-11-11;14;2098
12;2025-11-11;15;2333
12;2025-11-11;16;2853
12;2025-11-11;17;2976
12;2025-11-11;18;3131
12;2025-11-11;19;2392
12;2025-11-11;20;1533
12;2025-11-11;21;927
12;2025-11-11;22;471
12;2025-11-11;23;248
12;2025-11-12;0;53
12;2025-11-12;1;2
12;2025-11-12;2;0
12;2025-11-12;3;0
12;2025-11-12;4;6
12;2025-11-12;5;317
12;2025-11-12;6;1369
12;2025-11-12;7;2679
12;2025-11-12;8;3581
12;2025-11-12;9;2455
12;2025-11-12;10;2138
12;2025-11-12;11;2048
12;2025-11-12;12;2134
12;2025-11-12;13;2108
12;2025-11-12;14;2098
12;2025-11-12;15;2333
12;2025-11-12;16;2853
12;2025-11-12;17;2976
12;2025-11-12;18;3131
12;2025-11-12;19;2392
12;2025-11-12;20;1533
12;2025-11-12;21;927
12;2025-11-12;22;471
12;2025-11-12;23;248
12;2025-11-13;0;53
12;2025-11-13;1;2
12;2025-11-13;2;0
12;2025-11-13;3;0
12;2025-11-13;4;6
12;2025-11-13;5;317
12;2025-11-13;6;1369
12;2025-11-13;7;2679
12;2025-11-13;8;3581
12;2025-11-13;9;2455
12;2025-11-13;10;2138
12;2025-11-13;11;2048
12;2025-11-13;12;2134
12;2025-11-13;13;2108
12;2025-11-13;14;2098
12;2025-11-13;15;2333
12;2025-11-13;16;2853
12;2025-11-13;17;2976
12;2025-11-13;18;3131
12;2025-11-13;19;2392
12;2025-11-13;20;1533
12;2025-11-13;21;927
12;2025-11-13;22;471
12;2025-11-13;23;248
12;2025-11-14;0;58
12;2025-11-14;1;2
12;2025-11-14;2;0
12;2025-11-14;3;0
12;2025-11-14;4;4
12;2025-11-14;5;305
12;2025-11-14;6;1326
12;2025-11-14;7;2611
12;2025-11-14;8;3343
12;2025-11-14;9;2347
12;2025-11-14;10;1993
12;2025-11-14;11;2012
12;2025-11-14;12;2059
12;2025-11-14;13;2159
12;2025-11-14;14;2137
12;2025-11-14;15;2428
12;2025-11-14;16;3111
12;2025-11-14;17;2896
12;2025-11-14;18;2543
12;2025-11-14;19;2094
12;2025-11-14;20;1407
12;2025-11-14;21;974
12;2025-11-14;22;499
12;2025-11-14;23;306
12;2025-11-15;0;74
12;2025-11-15;1;4
12;2025-11-15;2;0
12;2025-11-15;3;0
12;2025-11-15;4;2
12;2025-11-15;5;207
12;2025-11-15;6;748
12;2025-11-15;7;844
12;2025-11-15;8;950
12;2025-11-15;9;1149
12;2025-11-15;10;1437
12;2025-11-15;11;1547
12;2025-11-15;12;1565
12;2025-11-15;13;1851
12;2025-11-15;14;1644
12;2025-11-15;15;1581
12;2025-11-15;16;1667
12;2025-11-15;17;1508
12;2025-11-15;18;1450
12;2025-11-15;19;1289
12;2025-11-15;20;901
12;2025-11-15;21;665
12;2025-11-15;22;393
12;2025-11-15;23;277
12;2025-11-16;0;89
12;2025-11-16;1;6
12;2025-11-16;2;0
12;2025-11-16;3;0
12;2025-11-16;4;3
12;2025-11-16;5;138
12;2025-11-16;6;504
12;2025-11-16;7;631
12;2025-11-16;8;707
12;2025-11-16;9;924
12;2025-11-16;10;1198
12;2025-11-16;11;1336
12;2025-11-16;12;1419
12;2025-11-16;13;1669
12;2025-11-16;14;1555
12;2025-11-16;15;1500
12;2025-11-16;16;1542
12;2025-11-16;17;1480
12;2025-11-16;18;1263
12;2025-11-16;19;973
12;2025-11-16;20;738
12;2025-11-16;21;576
12;2025-11-16;22;384
12;2025-11-16;23;201
12;2025-11-17;0;52
12;2025-11-17;1;2
12;2025-11-17;2;0
12;2025-11-17;3;0
12;2025-11-17;4;6
12;2025-11-17;5;309
12;2025-11-17;6;1332
12;2025-11-17;7;2608
12;2025-11-17;8;3485
12;2025-11-17;9;2389
12;2025-11-17;10;2081
12;2025-11-17;11;1993
12;2025-11-17;12;2078
12;2025-11-17;13;2052
12;2025-11-17;14;2042
12;2025-11-17;15;2270
12;2025-11-17;16;2777
12;2025-11-17;17;2896
12;2025-11-17;18;3047
12;2025-11-17;19;2328
12;2025-11-17;20;1492
12;2025-11-17;21;902
12;2025-11-17;22;459
12;2025-11-17;23;241
12;2025-11-18;0;53
12;2025-11-18;1;2
12;2025-11-18;2;0
12;2025-11-18;3;0
12;2025-11-18;4;6
12;2025-11-18;5;317
12;2025-11-18;6;1369
12;2025-11-18;7;2679
12;2025-11-18;8;3581
12;2025-11-18;9;2455
12;2025-11-18;10;2138
12;2025-11-18;11;2048
12;2025-11-18;12;2134
12;2025-11-18;13;2108
12;2025-11-18;14;2098
12;2025-11-18;15;2333
12;2025-11-18;16;2853
12;2025-11-18;17;2976
12;2025-11-18;18;3131
12;2025-11-18;19;2392
12;2025-11-18;20;1533
12;2025-11-18;21;927
12;2025-11-18;22;471
12;2025-11-18;23;248
12;2025-11-19;0;53
12;2025-11-19;1;2
12;2025-11-19;2;0
12;2025-11-19;3;0
12;2025-11-19;4;6
12;2025-11-19;5;317
12;2025-11-19;6;1369
12;2025-11-19;7;2679
12;2025-11-19;8;3581
12;2025-11-19;9;2455
12;2025-11-19;10;2138
12;2025-11-19;11;2048
12;2025-11-19;12;2134
12;2025-11-19;13;2108
12;2025-11-19;14;2098
12;2025-11-19;15;2333
12;2025-11-19;16;2853
12;2025-11-19;17;2976
12;2025-11-19;18;3131
12;2025-11-19;19;2392
12;2025-11-19;20;1533
12;2025-11-19;21;927
12;2025-11-19;22;471
12;2025-11-19;23;248
12;2025-11-20;0;53
12;2025-11-20;1;2
12;2025-11-20;2;0
12;2025-11-20;3;0
12;2025-11-20;4;6
12;2025-11-20;5;317
12;2025-11-20;6;1369
12;2025-11-20;7;2679
12;2025-11-20;8;3581
12;2025-11-20;9;2455
12;2025-11-20;10;2138
12;2025-11-20;11;2048
12;2025-11-20;12;2134
12;2025-11-20;13;2108
12;2025-11-20;14;2098
12;2025-11-20;15;2333
12;2025-11-20;16;2853
12;2025-11-20;17;2976
12;2025-11-20;18;3131
12;2025-11-20;19;2392
12;2025-11-20;20;1533
12;2025-11-20;21;927
12;2025-11-20;22;471
12;2025-11-20;23;248
12;2025-11-21;0;58
12;2025-11-21;1;2
12;2025-11-21;2;0
12;2025-11-21;3;0
12;2025-11-21;4;4
12;2025-11-21;5;305
12;2025-11-21;6;1326
12;2025-11-21;7;2611
12;2025-11-21;8;3343
12;2025-11-21;9;2347
12;2025-11-21;10;1993
12;2025-11-21;11;2012
12;2025-11-21;12;2059
12;2025-11-21;13;2159
12;2025-11-21;14;2137
12;2025-11-21;15;2428
12;2025-11-21;16;3111
12;2025-11-21;17;2896
12;2025-11-21;18;2543
12;2025-11-21;19;2094
12;2025-11-21;20;1407
12;2025-11-21;21;974
12;2025-11-21;22;499
12;2025-11-21;23;306
12;2025-11-22;0;74
12;2025-11-22;1;4
12;2025-11-22;2;0
12;2025-11-22;3;0
12;2025-11-22;4;2
12;2025-11-22;5;207
12;2025-11-22;6;748
12;2025-11-22;7;844
12;2025-11-22;8;950
12;2025-11-22;9;1149
12;2025-11-22;10;1437
12;2025-11-22;11;1547
12;2025-11-22;12;1565
12;2025-11-22;13;1851
12;2025-11-22;14;1644
12;2025-11-22;15;1581
12;2025-11-22;16;1667
12;2025-11-22;17;1508
12;2025-11-22;18;1450
12;2025-11-22;19;1289
12;2025-11-22;20;901
12;2025-11-22;21;665
12;2025-11-22;22;393
12;2025-11-22;23;277
12;2025-11-23;0;89
12;2025-11-23;1;6
12;2025-11-23;2;0
12;2025-11-23;3;0
12;2025-11-23;4;3
12;2025-11-23;5;138
12;2025-11-23;6;504
12;2025-11-23;7;631
12;2025-11-23;8;707
12;2025-11-23;9;924
12;2025-11-23;10;1198
12;2025-11-23;11;1336
12;2025-11-23;12;1419
12;2025-11-23;13;1669
12;2025-11-23;14;1555
12;2025-11-23;15;1500
12;2025-11-23;16;1542
12;2025-11-23;17;1480
12;2025-11-23;18;1263
12;2025-11-23;19;973
12;2025-11-23;20;738
12;2025-11-23;21;576
12;2025-11-23;22;384
12;2025-11-23;23;201
12;2025-11-24;0;52
12;2025-11-24;1;2
12;2025-11-24;2;0
12;2025-11-24;3;0
12;2025-11-24;4;6
12;2025-11-24;5;309
12;2025-11-24;6;1332
12;2025-11-24;7;2608
12;2025-11-24;8;3485
12;2025-11-24;9;2389
12;2025-11-24;10;2081
12;2025-11-24;11;1993
12;2025-11-24;12;2078
12;2025-11-24;13;2052
12;2025-11-24;14;2042
12;2025-11-24;15;2270
12;2025-11-24;16;2777
12;2025-11-24;17;2896
12;2025-11-24;18;3047
12;2025-11-24;19;2328
12;2025-11-24;20;1492
12;2025-11-24;21;902
12;2025-11-24;22;459
12;2025-11-24;23;241
12;2025-11-25;0;53
12;2025-11-25;1;2
12;2025-11-25;2;0
12;2025-11-25;3;0
12;2025-11-25;4;6
12;2025-11-25;5;317
12;2025-11-25;6;1369
12;2025-11-25;7;2679
12;2025-11-25;8;3581
12;2025-11-25;9;2455
12;2025-11-25;10;2138
12;2025-11-25;11;2048
12;2025-11-25;12;2134
12;2025-11-25;13;2108
12;2025-11-25;14;2098
12;2025-11-25;15;2333
12;2025-11-25;16;2853
12;2025-11-25;17;2976
12;2025-11-25;18;3131
12;2025-11-25;19;2392
12;2025-11-25;20;1533
12;2025-11-25;21;927
12;2025-11-25;22;471
12;2025-11-25;23;248
12;2025-11-26;0;53
12;2025-11-26;1;2
12;2025-11-26;2;0
12;2025-11-26;3;0
12;2025-11-26;4;6
12;2025-11-26;5;317
12;2025-11-26;6;1369
12;2025-11-26;7;2679
12;2025-11-26;8;3581
12;2025-11-26;9;2455
12;2025-11-26;10;2138
12;2025-11-26;11;2048
12;2025-11-26;12;2134
12;2025-11-26;13;2108
12;2025-11-26;14;2098
12;2025-11-26;15;2333
12;2025-11-26;16;2853
12;2025-11-26;17;2976
12;2025-11-26;18;3131
12;2025-11-26;19;2392
12;2025-11-26;20;1533
12;2025-11-26;21;927
12;2025-11-26;22;471
12;2025-11-26;23;248
12;2025-11-27;0;53
12;2025-11-27;1;2
12;2025-11-27;2;0
12;2025-11-27;3;0
12;2025-11-27;4;6
12;2025-11-27;5;317
12;2025-11-27;6;1369
12;2025-11-27;7;2679
12;2025-11-27;8;3581
12;2025-11-27;9;2455
12;2025-11-27;10;2138
12;2025-11-27;11;2048
12;2025-11-27;12;2134
12;2025-11-27;13;2108
12;2025-11-27;14;2098
12;2025-11-27;15;2333
12;2025-11-27;16;2853
12;2025-11-27;17;2976
12;2025-11-27;18;3131
12;2025-11-27;19;2392
12;2025-11-27;20;1533
12;2025-11-27;21;927
12;2025-11-27;22;471
12;2025-11-27;23;248
12;2025-11-28;0;58
12;2025-11-28;1;2
12;2025-11-28;2;0
12;2025-11-28;3;0
12;2025-11-28;4;4
12;2025-11-28;5;305
12;2025-11-28;6;1326
12;2025-11-28;7;2611
12;2025-11-28;8;3343
12;2025-11-28;9;2347
12;2025-11-28;10;1993
12;2025-11-28;11;2012
12;2025-11-28;12;2059
12;2025-11-28;13;2159
12;2025-11-28;14;2137
12;2025-11-28;15;2428
12;2025-11-28;16;3111
12;2025-11-28;17;2896
12;2025-11-28;18;2543
12;2025-11-28;19;2094
12;2025-11-28;20;1407
12;2025-11-28;21;974
12;2025-11-28;22;499
12;2025-11-28;23;306
12;2025-11-29;0;74
12;2025-11-29;1;4
12;2025-11-29;2;0
12;2025-11-29;3;0
12;2025-11-29;4;2
12;2025-11-29;5;207
12;2025-11-29;6;748
12;2025-11-29;7;844
12;2025-11-29;8;950
12;2025-11-29;9;1149
12;2025-11-29;10;1437
12;2025-11-29;11;1547
12;2025-11-29;12;1565
12;2025-11-29;13;1851
12;2025-11-29;14;1644
12;2025-11-29;15;1581
12;2025-11-29;16;1667
12;2025-11-29;17;1508
12;2025-11-29;18;1450
12;2025-11-29;19;1289
12;2025-11-29;20;901
12;2025-11-29;21;665
12;2025-11-29;22;393
12;2025-11-29;23;277
12;2025-11-30;0;89
12;2025-11-30;1;6
12;2025-11-30;2;0
12;2025-11-30;3;0
12;2025-11-30;4;3
12;2025-11-30;5;138
12;2025-11-30;6;504
12;2025-11-30;7;631
12;2025-11-30;8;707
12;2025-11-30;9;924
12;2025-11-30;10;1198
12;2025-11-30;11;1336
12;2025-11-30;12;1419
12;2025-11-30;13;1669
12;2025-11-30;14;1555
12;2025-11-30;15;1500
12;2025-11-30;16;1542
12;2025-11-30;17;1480
12;2025-11-30;18;1263
12;2025-11-30;19;973
12;2025-11-30;20;738
12;2025-11-30;21;576
12;2025-11-30;22;384
12;2025-11-30;23;201
12;2025-12-01;0;52
12;2025-12-01;1;2
12;2025-12-01;2;0
12;2025-12-01;3;0
12;2025-12-01;4;6
12;2025-12-01;5;309
12;2025-12-01;6;1318
12;2025-12-01;7;2607
12;2025-12-01;8;3480
12;2025-12-01;9;2372
12;2025-12-01;10;2078
12;2025-12-01;11;1999
12;2025-12-01;12;2079
12;2025-12-01;13;2045
12;2025-12-01;14;2054
12;2025-12-01;15;2281
12;2025-12-01;16;2791
12;2025-12-01;17;2904
12;2025-12-01;18;3051
12;2025-12-01;19;2341
12;2025-12-01;20;1485
12;2025-12-01;21;893
12;2025-12-01;22;455
12;2025-12-01;23;240
12;2025-12-02;0;53
12;2025-12-02;1;2
12;2025-12-02;2;0
12;2025-12-02;3;0
12;2025-12-02;4;6
12;2025-12-02;5;318
12;2025-12-02;6;1354
12;2025-12-02;7;2679
12;2025-12-02;8;3576
12;2025-12-02;9;2437
12;2025-12-02;10;2134
12;2025-12-02;11;2055
12;2025-12-02;12;2136
12;2025-12-02;13;2101
12;2025-12-02;14;2110
12;2025-12-02;15;2344
12;2025-12-02;16;2868
12;2025-12-02;17;2984
12;2025-12-02;18;3136
12;2025-12-02;19;2405
12;2025-12-02;20;1526
12;2025-12-02;21;918
12;2025-12-02;22;468
12;2025-12-02;23;246
12;2025-12-03;0;53
12;2025-12-03;1;2
12;2025-12-03;2;0
12;2025-12-03;3;0
12;2025-12-03;4;6
12;2025-12-03;5;318
12;2025-12-03;6;1354
12;2025-12-03;7;2679
12;2025-12-03;8;3576
12;2025-12-03;9;2437
12;2025-12-03;10;2134
12;2025-12-03;11;2055
12;2025-12-03;12;2136
12;2025-12-03;13;2101
12;2025-12-03;14;2110
12;2025-12-03;15;2344
12;2025-12-03;16;2868
12;2025-12-03;17;2984
12;2025-12-03;18;3136
12;2025-12-03;19;2405
12;2025-12-03;20;1526
12;2025-12-03;21;918
12;2025-12-03;22;468
12;2025-12-03;23;246
12;2025-12-04;0;53
12;2025-12-04;1;2
12;2025-12-04;2;0
12;2025-12-04;3;0
12;2025-12-04;4;6
12;2025-12-04;5;318
12;2025-12-04;6;1354
12;2025-12-04;7;2679
12;2025-12-04;8;3576
12;2025-12-04;9;2437
12;2025-12-04;10;2134
12;2025-12-04;11;2055
12;2025-12-04;12;2136
12;2025-12-04;13;2101
12;2025-12-04;14;2110
12;2025-12-04;15;2344
12;2025-12-04;16;2868
12;2025-12-04;17;2984
12;2025-12-04;18;3136
12;2025-12-04;19;2405
12;2025-12-04;20;1526
12;2025-12-04;21;918
12;2025-12-04;22;468
12;2025-12-04;23;246
12;2025-12-05;0;58
12;2025-12-05;1;2
12;2025-12-05;2;0
12;2025-12-05;3;0
12;2025-12-05;4;4
12;2025-12-05;5;300
12;2025-12-05;6;1306
12;2025-12-05;7;2593
12;2025-12-05;8;3344
12;2025-12-05;9;2315
12;2025-12-05;10;1998
12;2025-12-05;11;2022
12;2025-12-05;12;2070
12;2025-12-05;13;2137
12;2025-12-05;14;2155
12;2025-12-05;15;2453
12;2025-12-05;16;3128
12;2025-12-05;17;2903
12;2025-12-05;18;2550
12;2025-12-05;19;2100
12;2025-12-05;20;1411
12;2025-12-05;21;967
12;2025-12-05;22;498
12;2025-12-05;23;301
12;2025-12-06;0;76
12;2025-12-06;1;5
12;2025-12-06;2;0
12;2025-12-06;3;0
12;2025-12-06;4;2
12;2025-12-06;5;204
12;2025-12-06;6;742
12;2025-12-06;7;838
12;2025-12-06;8;936
12;2025-12-06;9;1137
12;2025-12-06;10;1422
12;2025-12-06;11;1549
12;2025-12-06;12;1564
12;2025-12-06;13;1864
12;2025-12-06;14;1650
12;2025-12-06;15;1581
12;2025-12-06;16;1658
12;2025-12-06;17;1500
12;2025-12-06;18;1433
12;2025-12-06;19;1289
12;2025-12-06;20;895
12;2025-12-06;21;647
12;2025-12-06;22;394
12;2025-12-06;23;275
12;2025-12-07;0;89
12;2025-12-07;1;6
12;2025-12-07;2;0
12;2025-12-07;3;0
12;2025-12-07;4;2
12;2025-12-07;5;138
12;2025-12-07;6;495
12;2025-12-07;7;611
12;2025-12-07;8;698
12;2025-12-07;9;920
12;2025-12-07;10;1189
12;2025-12-07;11;1332
12;2025-12-07;12;1414
12;2025-12-07;13;1664
12;2025-12-07;14;1549
12;2025-12-07;15;1477
12;2025-12-07;16;1526
12;2025-12-07;17;1460
12;2025-12-07;18;1241
12;2025-12-07;19;963
12;2025-12-07;20;722
12;2025-12-07;21;566
12;2025-12-07;22;378
12;2025-12-07;23;200
12;2025-12-08;0;52
12;2025-12-08;1;2
12;2025-12-08;2;0
12;2025-12-08;3;0
12;2025-12-08;4;6
12;2025-12-08;5;309
12;2025-12-08;6;1318
12;2025-12-08;7;2607
12;2025-12-08;8;3480
12;2025-12-08;9;2372
12;2025-12-08;10;2078
12;2025-12-08;11;1999
12;2025-12-08;12;2079
12;2025-12-08;13;2045
12;2025-12-08;14;2054
12;2025-12-08;15;2281
12;2025-12-08;16;2791
12;2025-12-08;17;2904
12;2025-12-08;18;3051
12;2025-12-08;19;2341
12;2025-12-08;20;1485
12;2025-12-08;21;893
12;2025-12-08;22;455
12;2025-12-08;23;240
12;2025-12-09;0;53
12;2025-12-09;1;2
12;2025-12-09;2;0
12;2025-12-09;3;0
12;2025-12-09;4;6
12;2025-12-09;5;318
12;2025-12-09;6;1354
12;2025-12-09;7;2679
12;2025-12-09;8;3576
12;2025-12-09;9;2437
12;2025-12-09;10;2134
12;2025-12-09;11;2055
12;2025-12-09;12;2136
12;2025-12-09;13;2101
12;2025-12-09;14;2110
12;2025-12-09;15;2344
12;2025-12-09;16;2868
12;2025-12-09;17;2984
12;2025-12-09;18;3136
12;2025-12-09;19;2405
12;2025-12-09;20;1526
12;2025-12-09;21;918
12;2025-12-09;22;468
12;2025-12-09;23;246
12;2025-12-10;0;53
12;2025-12-10;1;2
12;2025-12-10;2;0
12;2025-12-10;3;0
12;2025-12-10;4;6
12;2025-12-10;5;318
12;2025-12-10;6;1354
12;2025-12-10;7;2679
12;2025-12-10;8;3576
12;2025-12-10;9;2437
12;2025-12-10;10;2134
12;2025-12-10;11;2055
12;2025-12-10;12;2136
12;2025-12-10;13;2101
12;2025-12-10;14;2110
12;2025-12-10;15;2344
12;2025-12-10;16;2868
12;2025-12-10;17;2984
12;2025-12-10;18;3136
12;2025-12-10;19;2405
12;2025-12-10;20;1526
12;2025-12-10;21;918
12;2025-12-10;22;468
12;2025-12-10;23;246
12;2025-12-11;0;53
12;2025-12-11;1;2
12;2025-12-11;2;0
12;2025-12-11;3;0
12;2025-12-11;4;6
12;2025-12-11;5;318
12;2025-12-11;6;1354
12;2025-12-11;7;2679
12;2025-12-11;8;3576
12;2025-12-11;9;2437
12;2025-12-11;10;2134
12;2025-12-11;11;2055
12;2025-12-11;12;2136
12;2025-12-11;13;2101
12;2025-12-11;14;2110
12;2025-12-11;15;2344
12;2025-12-11;16;2868
12;2025-12-11;17;2984
12;2025-12-11;18;3136
12;2025-12-11;19;2405
12;2025-12-11;20;1526
12;2025-12-11;21;918
12;2025-12-11;22;468
12;2025-12-11;23;246
12;2025-12-12;0;58
12;2025-12-12;1;2
12;2025-12-12;2;0
12;2025-12-12;3;0
12;2025-12-12;4;4
12;2025-12-12;5;300
12;2025-12-12;6;1306
12;2025-12-12;7;2593
12;2025-12-12;8;3344
12;2025-12-12;9;2315
12;2025-12-12;10;1998
12;2025-12-12;11;2022
12;2025-12-12;12;2070
12;2025-12-12;13;2137
12;2025-12-12;14;2155
12;2025-12-12;15;2453
12;2025-12-12;16;3128
12;2025-12-12;17;2903
12;2025-12-12;18;2550
12;2025-12-12;19;2100
12;2025-12-12;20;1411
12;2025-12-12;21;967
12;2025-12-12;22;498
12;2025-12-12;23;301
12;2025-12-13;0;76
12;2025-12-13;1;5
12;2025-12-13;2;0
12;2025-12-13;3;0
12;2025-12-13;4;2
12;2025-12-13;5;204
12;2025-12-13;6;742
12;2025-12-13;7;838
12;2025-12-13;8;936
12;2025-12-13;9;1137
12;2025-12-13;10;1422
12;2025-12-13;11;1549
12;2025-12-13;12;1564
12;2025-12-13;13;1864
12;2025-12-13;14;1650
12;2025-12-13;15;1581
12;2025-12-13;16;1658
12;2025-12-13;17;1500
12;2025-12-13;18;1433
12;2025-12-13;19;1289
12;2025-12-13;20;895
12;2025-12-13;21;647
12;2025-12-13;22;394
12;2025-12-13;23;275
12;2025-12-14;0;89
12;2025-12-14;1;6
12;2025-12-14;2;0
12;2025-12-14;3;0
12;2025-12-14;4;2
12;2025-12-14;5;138
12;2025-12-14;6;495
12;2025-12-14;7;611
12;2025-12-14;8;698
12;2025-12-14;9;920
12;2025-12-14;10;1189
12;2025-12-14;11;1332
12;2025-12-14;12;1414
12;2025-12-14;13;1664
12;2025-12-14;14;1549
12;2025-12-14;15;1477
12;2025-12-14;16;1526
12;2025-12-14;17;1460
12;2025-12-14;18;1241
12;2025-12-14;19;963
12;2025-12-14;20;722
12;2025-12-14;21;566
12;2025-12-14;22;378
12;2025-12-14;23;200
12;2025-12-15;0;52
12;2025-12-15;1;2
12;2025-12-15;2;0
12;2025-12-15;3;0
12;2025-12-15;4;6
12;2025-12-15;5;309
12;2025-12-15;6;1318
12;2025-12-15;7;2607
12;2025-12-15;8;3480
12;2025-12-15;9;2372
12;2025-12-15;10;2078
12;2025-12-15;11;1999
12;2025-12-15;12;2079
12;2025-12-15;13;2045
12;2025-12-15;14;2054
12;2025-12-15;15;2281
12;2025-12-15;16;2791
12;2025-12-15;17;2904
12;2025-12-15;18;3051
12;2025-12-15;19;2341
12;2025-12-15;20;1485
12;2025-12-15;21;893
12;2025-12-15;22;455
12;2025-12-15;23;240
12;2025-12-16;0;53
12;2025-12-16;1;2
12;2025-12-16;2;0
12;2025-12-16;3;0
12;2025-12-16;4;6
12;2025-12-16;5;318
12;2025-12-16;6;1354
12;2025-12-16;7;2679
12;2025-12-16;8;3576
12;2025-12-16;9;2437
12;2025-12-16;10;2134
12;2025-12-16;11;2055
12;2025-12-16;12;2136
12;2025-12-16;13;2101
12;2025-12-16;14;2110
12;2025-12-16;15;2344
12;2025-12-16;16;2868
12;2025-12-16;17;2984
12;2025-12-16;18;3136
12;2025-12-16;19;2405
12;2025-12-16;20;1526
12;2025-12-16;21;918
12;2025-12-16;22;468
12;2025-12-16;23;246
12;2025-12-17;0;53
12;2025-12-17;1;2
12;2025-12-17;2;0
12;2025-12-17;3;0
12;2025-12-17;4;6
12;2025-12-17;5;318
12;2025-12-17;6;1354
12;2025-12-17;7;2679
12;2025-12-17;8;3576
12;2025-12-17;9;2437
12;2025-12-17;10;2134
12;2025-12-17;11;2055
12;2025-12-17;12;2136
12;2025-12-17;13;2101
12;2025-12-17;14;2110
12;2025-12-17;15;2344
12;2025-12-17;16;2868
12;2025-12-17;17;2984
12;2025-12-17;18;3136
12;2025-12-17;19;2405
12;2025-12-17;20;1526
12;2025-12-17;21;918
12;2025-12-17;22;468
12;2025-12-17;23;246
12;2025-12-18;0;53
12;2025-12-18;1;2
12;2025-12-18;2;0
12;2025-12-18;3;0
12;2025-12-18;4;6
12;2025-12-18;5;318
12;2025-12-18;6;1354
12;2025-12-18;7;2679
12;2025-12-18;8;3576
12;2025-12-18;9;2437
12;2025-12-18;10;2134
12;2025-12-18;11;2055
12;2025-12-18;12;2136
12;2025-12-18;13;2101
12;2025-12-18;14;2110
12;2025-12-18;15;2344
12;2025-12-18;16;2868
12;2025-12-18;17;2984
12;2025-12-18;18;3136
12;2025-12-18;19;2405
12;2025-12-18;20;1526
12;2025-12-18;21;918
12;2025-12-18;22;468
12;2025-12-18;23;246
12;2025-12-19;0;58
12;2025-12-19;1;2
12;2025-12-19;2;0
12;2025-12-19;3;0
12;2025-12-19;4;4
12;2025-12-19;5;300
12;2025-12-19;6;1306
12;2025-12-19;7;2593
12;2025-12-19;8;3344
12;2025-12-19;9;2315
12;2025-12-19;10;1998
12;2025-12-19;11;2022
12;2025-12-19;12;2070
12;2025-12-19;13;2137
12;2025-12-19;14;2155
12;2025-12-19;15;2453
12;2025-12-19;16;3128
12;2025-12-19;17;2903
12;2025-12-19;18;2550
12;2025-12-19;19;2100
12;2025-12-19;20;1411
12;2025-12-19;21;967
12;2025-12-19;22;498
12;2025-12-19;23;301
12;2025-12-20;0;76
12;2025-12-20;1;5
12;2025-12-20;2;0
12;2025-12-20;3;0
12;2025-12-20;4;2
12;2025-12-20;5;204
12;2025-12-20;6;742
12;2025-12-20;7;838
12;2025-12-20;8;936
12;2025-12-20;9;1137
12;2025-12-20;10;1422
12;2025-12-20;11;1549
12;2025-12-20;12;1564
12;2025-12-20;13;1864
12;2025-12-20;14;1650
12;2025-12-20;15;1581
12;2025-12-20;16;1658
12;2025-12-20;17;1500
12;2025-12-20;18;1433
12;2025-12-20;19;1289
12;2025-12-20;20;895
12;2025-12-20;21;647
12;2025-12-20;22;394
12;2025-12-20;23;275
12;2025-12-21;0;89
12;2025-12-21;1;6
12;2025-12-21;2;0
12;2025-12-21;3;0
12;2025-12-21;4;2
12;2025-12-21;5;138
12;2025-12-21;6;495
12;2025-12-21;7;611
12;2025-12-21;8;698
12;2025-12-21;9;920
12;2025-12-21;10;1189
12;2025-12-21;11;1332
12;2025-12-21;12;1414
12;2025-12-21;13;1664
12;2025-12-21;14;1549
12;2025-12-21;15;1477
12;2025-12-21;16;1526
12;2025-12-21;17;1460
12;2025-12-21;18;1241
12;2025-12-21;19;963
12;2025-12-21;20;722
12;2025-12-21;21;566
12;2025-12-21;22;378
12;2025-12-21;23;200
12;2025-12-22;0;52
12;2025-12-22;1;2
12;2025-12-22;2;0
12;2025-12-22;3;0
12;2025-12-22;4;6
12;2025-12-22;5;309
12;2025-12-22;6;1318
12;2025-12-22;7;2607
12;2025-12-22;8;3480
12;2025-12-22;9;2372
12;2025-12-22;10;2078
12;2025-12-22;11;1999
12;2025-12-22;12;2079
12;2025-12-22;13;2045
12;2025-12-22;14;2054
12;2025-12-22;15;2281
12;2025-12-22;16;2791
12;2025-12-22;17;2904
12;2025-12-22;18;3051
12;2025-12-22;19;2341
12;2025-12-22;20;1485
12;2025-12-22;21;893
12;2025-12-22;22;455
12;2025-12-22;23;240
12;2025-12-23;0;53
12;2025-12-23;1;2
12;2025-12-23;2;0
12;2025-12-23;3;0
12;2025-12-23;4;6
12;2025-12-23;5;318
12;2025-12-23;6;1354
12;2025-12-23;7;2679
12;2025-12-23;8;3576
12;2025-12-23;9;2437
12;2025-12-23;10;2134
12;2025-12-23;11;2055
12;2025-12-23;12;2136
12;2025-12-23;13;2101
12;2025-12-23;14;2110
12;2025-12-23;15;2344
12;2025-12-23;16;2868
12;2025-12-23;17;2984
12;2025-12-23;18;3136
12;2025-12-23;19;2405
12;2025-12-23;20;1526
12;2025-12-23;21;918
12;2025-12-23;22;468
12;2025-12-23;23;246
12;2025-12-24;0;53
12;2025-12-24;1;2
12;2025-12-24;2;0
12;2025-12-24;3;0
12;2025-12-24;4;6
12;2025-12-24;5;318
12;2025-12-24;6;1354
12;2025-12-24;7;2679
12;2025-12-24;8;3576
12;2025-12-24;9;2437
12;2025-12-24;10;2134
12;2025-12-24;11;2055
12;2025-12-24;12;2136
12;2025-12-24;13;2101
12;2025-12-24;14;2110
12;2025-12-24;15;2344
12;2025-12-24;16;2868
12;2025-12-24;17;2984
12;2025-12-24;18;3136
12;2025-12-24;19;2405
12;2025-12-24;20;1526
12;2025-12-24;21;918
12;2025-12-24;22;468
12;2025-12-24;23;246
12;2025-12-25;0;53
12;2025-12-25;1;2
12;2025-12-25;2;0
12;2025-12-25;3;0
12;2025-12-25;4;6
12;2025-12-25;5;318
12;2025-12-25;6;1354
12;2025-12-25;7;2679
12;2025-12-25;8;3576
12;2025-12-25;9;2437
12;2025-12-25;10;2134
12;2025-12-25;11;2055
12;2025-12-25;12;2136
12;2025-12-25;13;2101
12;2025-12-25;14;2110
12;2025-12-25;15;2344
12;2025-12-25;16;2868
12;2025-12-25;17;2984
12;2025-12-25;18;3136
12;2025-12-25;19;2405
12;2025-12-25;20;1526
12;2025-12-25;21;918
12;2025-12-25;22;468
12;2025-12-25;23;246
12;2025-12-26;0;58
12;2025-12-26;1;2
12;2025-12-26;2;0
12;2025-12-26;3;0
12;2025-12-26;4;4
12;2025-12-26;5;300
12;2025-12-26;6;1306
12;2025-12-26;7;2593
12;2025-12-26;8;3344
12;2025-12-26;9;2315
12;2025-12-26;10;1998
12;2025-12-26;11;2022
12;2025-12-26;12;2070
12;2025-12-26;13;2137
12;2025-12-26;14;2155
12;2025-12-26;15;2453
12;2025-12-26;16;3128
12;2025-12-26;17;2903
12;2025-12-26;18;2550
12;2025-12-26;19;2100
12;2025-12-26;20;1411
12;2025-12-26;21;967
12;2025-12-26;22;498
12;2025-12-26;23;301
12;2025-12-27;0;76
12;2025-12-27;1;5
12;2025-12-27;2;0
12;2025-12-27;3;0
12;2025-12-27;4;2
12;2025-12-27;5;204
12;2025-12-27;6;742
12;2025-12-27;7;838
12;2025-12-27;8;936
12;2025-12-27;9;1137
12;2025-12-27;10;1422
12;2025-12-27;11;1549
12;2025-12-27;12;1564
12;2025-12-27;13;1864
12;2025-12-27;14;1650
12;2025-12-27;15;1581
12;2025-12-27;16;1658
12;2025-12-27;17;1500
12;2025-12-27;18;1433
12;2025-12-27;19;1289
12;2025-12-27;20;895
12;2025-12-27;21;647
12;2025-12-27;22;394
12;2025-12-27;23;275
12;2025-12-28;0;89
12;2025-12-28;1;6
12;2025-12-28;2;0
12;2025-12-28;3;0
12;2025-12-28;4;2
12;2025-12-28;5;138
12;2025-12-28;6;495
12;2025-12-28;7;611
12;2025-12-28;8;698
12;2025-12-28;9;920
12;2025-12-28;10;1189
12;2025-12-28;11;1332
12;2025-12-28;12;1414
12;2025-12-28;13;1664
12;2025-12-28;14;1549
12;2025-12-28;15;1477
12;2025-12-28;16;1526
12;2025-12-28;17;1460
12;2025-12-28;18;1241
12;2025-12-28;19;963
12;2025-12-28;20;722
12;2025-12-28;21;566
12;2025-12-28;22;378
12;2025-12-28;23;200
12;2025-12-29;0;47
12;2025-12-29;1;2
12;2025-12-29;2;0
12;2025-12-29;3;0
12;2025-12-29;4;5
12;2025-12-29;5;278
12;2025-12-29;6;1186
12;2025-12-29;7;2346
12;2025-12-29;8;3132
12;2025-12-29;9;2135
12;2025-12-29;10;1869
12;2025-12-29;11;1799
12;2025-12-29;12;1870
12;2025-12-29;13;1840
12;2025-12-29;14;1848
12;2025-12-29;15;2053
12;2025-12-29;16;2512
12;2025-12-29;17;2614
12;2025-12-29;18;2746
12;2025-12-29;19;2107
12;2025-12-29;20;1336
12;2025-12-29;21;804
12;2025-12-29;22;410
12;2025-12-29;23;216
12;2025-12-30;0;45
12;2025-12-30;1;2
12;2025-12-30;2;0
12;2025-12-30;3;0
12;2025-12-30;4;5
12;2025-12-30;5;270
12;2025-12-30;6;1151
12;2025-12-30;7;2277
12;2025-12-30;8;3040
12;2025-12-30;9;2072
12;2025-12-30;10;1815
12;2025-12-30;11;1746
12;2025-12-30;12;1816
12;2025-12-30;13;1786
12;2025-12-30;14;1794
12;2025-12-30;15;1992
12;2025-12-30;16;2438
12;2025-12-30;17;2537
12;2025-12-30;18;2665
12;2025-12-30;19;2044
12;2025-12-30;20;1297
12;2025-12-30;21;780
12;2025-12-30;22;398
12;2025-12-30;23;209
12;2025-12-31;0;41
12;2025-12-31;1;3
12;2025-12-31;2;0
12;2025-12-31;3;0
12;2025-12-31;4;1
12;2025-12-31;5;110
12;2025-12-31;6;401
12;2025-12-31;7;453
12;2025-12-31;8;506
12;2025-12-31;9;615
12;2025-12-31;10;769
12;2025-12-31;11;838
12;2025-12-31;12;846
12;2025-12-31;13;1008
12;2025-12-31;14;892
12;2025-12-31;15;855
12;2025-12-31;16;897
12;2025-12-31;17;811
12;2025-12-31;18;775
12;2025-12-31;19;697
12;2025-12-31;20;48
12;2025-12-31;21;35
12;2025-12-31;22;21
12;2025-12-31;23;15
17;2025-11-01;0;151
17;2025-11-01;1;30
17;2025-11-01;2;0
17;2025-11-01;3;0
17;2025-11-01;4;22
17;2025-11-01;5;268
17;2025-11-01;6;1311
17;2025-11-01;7;3402
17;2025-11-01;8;4442
17;2025-11-01;9;3178
17;2025-11-01;10;2638
17;2025-11-01;11;2651
17;2025-11-01;12;2692
17;2025-11-01;13;2752
17;2025-11-01;14;2830
17;2025-11-01;15;3132
17;2025-11-01;16;3758
17;2025-11-01;17;3935
17;2025-11-01;18;3669
17;2025-11-01;19;2679
17;2025-11-01;20;2009
17;2025-11-01;21;1354
17;2025-11-01;22;719
17;2025-11-01;23;396
17;2025-11-02;0;181
17;2025-11-02;1;25
17;2025-11-02;2;0
17;2025-11-02;3;0
17;2025-11-02;4;4
17;2025-11-02;5;106
17;2025-11-02;6;438
17;2025-11-02;7;791
17;2025-11-02;8;1225
17;2025-11-02;9;1674
17;2025-11-02;10;2061
17;2025-11-02;11;2624
17;2025-11-02;12;3036
17;2025-11-02;13;3321
17;2025-11-02;14;3399
17;2025-11-02;15;3373
17;2025-11-02;16;3277
17;2025-11-02;17;2950
17;2025-11-02;18;2561
17;2025-11-02;19;2062
17;2025-11-02;20;1592
17;2025-11-02;21;1142
17;2025-11-02;22;717
17;2025-11-02;23;318
17;2025-11-03;0;165
17;2025-11-03;1;22
17;2025-11-03;2;0
17;2025-11-03;3;0
17;2025-11-03;4;4
17;2025-11-03;5;104
17;2025-11-03;6;435
17;2025-11-03;7;854
17;2025-11-03;8;1274
17;2025-11-03;9;1684
17;2025-11-03;10;2012
17;2025-11-03;11;2498
17;2025-11-03;12;2847
17;2025-11-03;13;3070
17;2025-11-03;14;3131
17;2025-11-03;15;3113
17;2025-11-03;16;3077
17;2025-11-03;17;2743
17;2025-11-03;18;2411
17;2025-11-03;19;1941
17;2025-11-03;20;1517
17;2025-11-03;21;1096
17;2025-11-03;22;691
17;2025-11-03;23;333
17;2025-11-04;0;165
17;2025-11-04;1;22
17;2025-11-04;2;0
17;2025-11-04;3;0
17;2025-11-04;4;4
17;2025-11-04;5;104
17;2025-11-04;6;435
17;2025-11-04;7;854
17;2025-11-04;8;1274
17;2025-11-04;9;1684
17;2025-11-04;10;2012
17;2025-11-04;11;2498
17;2025-11-04;12;2847
17;2025-11-04;13;3070
17;2025-11-04;14;3131
17;2025-11-04;15;3113
17;2025-11-04;16;3077
17;2025-11-04;17;2743
17;2025-11-04;18;2411
17;2025-11-04;19;1941
17;2025-11-04;20;1517
17;2025-11-04;21;1096
17;2025-11-04;22;691
17;2025-11-04;23;333
17;2025-11-05;0;118
17;2025-11-05;1;12
17;2025-11-05;2;0
17;2025-11-05;3;0
17;2025-11-05;4;27
17;2025-11-05;5;325
17;2025-11-05;6;1583
17;2025-11-05;7;4138
17;2025-11-05;8;5439
17;2025-11-05;9;3849
17;2025-11-05;10;3142
17;2025-11-05;11;3113
17;2025-11-05;12;3156
17;2025-11-05;13;3219
17;2025-11-05;14;3311
17;2025-11-05;15;3441
17;2025-11-05;16;3881
17;2025-11-05;17;4496
17;2025-11-05;18;4840
17;2025-11-05;19;3342
17;2025-11-05;20;2382
17;2025-11-05;21;1468
17;2025-11-05;22;753
17;2025-11-05;23;364
17;2025-11-06;0;118
17;2025-11-06;1;12
17;2025-11-06;2;0
17;2025-11-06;3;0
17;2025-11-06;4;27
17;2025-11-06;5;325
17;2025-11-06;6;1583
17;2025-11-06;7;4138
17;2025-11-06;8;5439
17;2025-11-06;9;3849
17;2025-11-06;10;3142
17;2025-11-06;11;3113
17;2025-11-06;12;3156
17;2025-11-06;13;3219
17;2025-11-06;14;3311
17;2025-11-06;15;3441
17;2025-11-06;16;3881
17;2025-11-06;17;4496
17;2025-11-06;18;4840
17;2025-11-06;19;3342
17;2025-11-06;20;2382
17;2025-11-06;21;1468
17;2025-11-06;22;753
17;2025-11-06;23;364
17;2025-11-07;0;139
17;2025-11-07;1;16
17;2025-11-07;2;0
17;2025-11-07;3;0
17;2025-11-07;4;25
17;2025-11-07;5;305
17;2025-11-07;6;1490
17;2025-11-07;7;3868
17;2025-11-07;8;5049
17;2025-11-07;9;3612
17;2025-11-07;10;2997
17;2025-11-07;11;3013
17;2025-11-07;12;3060
17;2025-11-07;13;3128
17;2025-11-07;14;3217
17;2025-11-07;15;3561
17;2025-11-07;16;4272
17;2025-11-07;17;4473
17;2025-11-07;18;4171
17;2025-11-07;19;3045
17;2025-11-07;20;2283
17;2025-11-07;21;1539
17;2025-11-07;22;818
17;2025-11-07;23;450
17;2025-11-08;0;192
17;2025-11-08;1;26
17;2025-11-08;2;0
17;2025-11-08;3;0
17;2025-11-08;4;5
17;2025-11-08;5;130
17;2025-11-08;6;549
17;2025-11-08;7;1156
17;2025-11-08;8;1673
17;2025-11-08;9;2148
17;2025-11-08;10;2496
17;2025-11-08;11;3023
17;2025-11-08;12;3394
17;2025-11-08;13;3607
17;2025-11-08;14;3664
17;2025-11-08;15;3649
17;2025-11-08;16;3673
17;2025-11-08;17;3242
17;2025-11-08;18;2885
17;2025-11-08;19;2324
17;2025-11-08;20;1839
17;2025-11-08;21;1339
17;2025-11-08;22;846
17;2025-11-08;23;439
17;2025-11-09;0;181
17;2025-11-09;1;25
17;2025-11-09;2;0
17;2025-11-09;3;0
17;2025-11-09;4;4
17;2025-11-09;5;106
17;2025-11-09;6;438
17;2025-11-09;7;791
17;2025-11-09;8;1225
17;2025-11-09;9;1674
17;2025-11-09;10;2061
17;2025-11-09;11;2624
17;2025-11-09;12;3036
17;2025-11-09;13;3321
17;2025-11-09;14;3399
17;2025-11-09;15;3373
17;2025-11-09;16;3277
17;2025-11-09;17;2950
17;2025-11-09;18;2561
17;2025-11-09;19;2062
17;2025-11-09;20;1592
17;2025-11-09;21;1142
17;2025-11-09;22;717
17;2025-11-09;23;318
17;2025-11-10;0;115
17;2025-11-10;1;11
17;2025-11-10;2;0
17;2025-11-10;3;0
17;2025-11-10;4;27
17;2025-11-10;5;316
17;2025-11-10;6;1541
17;2025-11-10;7;4027
17;2025-11-10;8;5293
17;2025-11-10;9;3745
17;2025-11-10;10;3057
17;2025-11-10;11;3028
17;2025-11-10;12;3070
17;2025-11-10;13;3132
17;2025-11-10;14;3223
17;2025-11-10;15;3349
17;2025-11-10;16;3777
17;2025-11-10;17;4375
17;2025-11-10;18;4710
17;2025-11-10;19;3252
17;2025-11-10;20;2318
17;2025-11-10;21;1428
17;2025-11-10;22;733
17;2025-11-10;23;354
17;2025-11-11;0;118
17;2025-11-11;1;12
17;2025-11-11;2;0
17;2025-11-11;3;0
17;2025-11-11;4;27
17;2025-11-11;5;325
17;2025-11-11;6;1583
17;2025-11-11;7;4138
17;2025-11-11;8;5439
17;2025-11-11;9;3849
17;2025-11-11;10;3142
17;2025-11-11;11;3113
17;2025-11-11;12;3156
17;2025-11-11;13;3219
17;2025-11-11;14;3311
17;2025-11-11;15;3441
17;2025-11-11;16;3881
17;2025-11-11;17;4496
17;2025-11-11;18;4840
17;2025-11-11;19;3342
17;2025-11-11;20;2382
17;2025-11-11;21;1468
17;2025-11-11;22;753
17;2025-11-11;23;364
17;2025-11-12;0;118
17;2025-11-12;1;12
17;2025-11-12;2;0
17;2025-11-12;3;0
17;2025-11-12;4;27
17;2025-11-12;5;325
17;2025-11-12;6;1583
17;2025-11-12;7;4138
17;2025-11-12;8;5439
17;2025-11-12;9;3849
17;2025-11-12;10;3142
17;2025-11-12;11;3113
17;2025-11-12;12;3156
17;2025-11-12;13;3219
17;2025-11-12;14;3311
17;2025-11-12;15;3441
17;2025-11-12;16;3881
17;2025-11-12;17;4496
17;2025-11-12;18;4840
17;2025-11-12;19;3342
17;2025-11-12;20;2382
17;2025-11-12;21;1468
17;2025-11-12;22;753
17;2025-11-12;23;364
17;2025-11-13;0;118
17;2025-11-13;1;12
17;2025-11-13;2;0
17;2025-11-13;3;0
17;2025-11-13;4;27
17;2025-11-13;5;325
17;2025-11-13;6;1583
17;2025-11-13;7;4138
17;2025-11-13;8;5439
17;2025-11-13;9;3849
17;2025-11-13;10;3142
17;2025-11-13;11;3113
17;2025-11-13;12;3156
17;2025-11-13;13;3219
17;2025-11-13;14;3311
17;2025-11-13;15;3441
17;2025-11-13;16;3881
17;2025-11-13;17;4496
17;2025-11-13;18;4840
17;2025-11-13;19;3342
17;2025-11-13;20;2382
17;2025-11-13;21;1468
17;2025-11-13;22;753
17;2025-11-13;23;364
17;2025-11-14;0;139
17;2025-11-14;1;16
17;2025-11-14;2;0
17;2025-11-14;3;0
17;2025-11-14;4;25
17;2025-11-14;5;305
17;2025-11-14;6;1490
17;2025-11-14;7;3868
17;2025-11-14;8;5049
17;2025-11-14;9;3612
17;2025-11-14;10;2997
17;2025-11-14;11;3013
17;2025-11-14;12;3060
17;2025-11-14;13;3128
17;2025-11-14;14;3217
17;2025-11-14;15;3561
17;2025-11-14;16;4272
17;2025-11-14;17;4473
17;2025-11-14;18;4171
17;2025-11-14;19;3045
17;2025-11-14;20;2283
17;2025-11-14;21;1539
17;2025-11-14;22;818
17;2025-11-14;23;450
17;2025-11-15;0;192
17;2025-11-15;1;26
17;2025-11-15;2;0
17;2025-11-15;3;0
17;2025-11-15;4;5
17;2025-11-15;5;130
17;2025-11-15;6;549
17;2025-11-15;7;1156
17;2025-11-15;8;1673
17;2025-11-15;9;2148
17;2025-11-15;10;2496
17;2025-11-15;11;3023
17;2025-11-15;12;3394
17;2025-11-15;13;3607
17;2025-11-15;14;3664
17;2025-11-15;15;3649
17;2025-11-15;16;3673
17;2025-11-15;17;3242
17;2025-11-15;18;2885
17;2025-11-15;19;2324
17;2025-11-15;20;1839
17;2025-11-15;21;1339
17;2025-11-15;22;846
17;2025-11-15;23;439
17;2025-11-16;0;181
17;2025-11-16;1;25
17;2025-11-16;2;0
17;2025-11-16;3;0
17;2025-11-16;4;4
17;2025-11-16;5;106
17;2025-11-16;6;438
17;2025-11-16;7;791
17;2025-11-16;8;1225
17;2025-11-16;9;1674
17;2025-11-16;10;2061
17;2025-11-16;11;2624
17;2025-11-16;12;3036
17;2025-11-16;13;3321
17;2025-11-16;14;3399
17;2025-11-16;15;3373
17;2025-11-16;16;3277
17;2025-11-16;17;2950
17;2025-11-16;18;2561
17;2025-11-16;19;2062
17;2025-11-16;20;1592
17;2025-11-16;21;1142
17;2025-11-16;22;717
17;2025-11-16;23;318
17;2025-11-17;0;115
17;2025-11-17;1;11
17;2025-11-17;2;0
17;2025-11-17;3;0
17;2025-11-17;4;27
17;2025-11-17;5;316
17;2025-11-17;6;1541
17;2025-11-17;7;4027
17;2025-11-17;8;5293
17;2025-11-17;9;3745
17;2025-11-17;10;3057
17;2025-11-17;11;3028
17;2025-11-17;12;3070
17;2025-11-17;13;3132
17;2025-11-17;14;3223
17;2025-11-17;15;3349
17;2025-11-17;16;3777
17;2025-11-17;17;4375
17;2025-11-17;18;4710
17;2025-11-17;19;3252
17;2025-11-17;20;2318
17;2025-11-17;21;1428
17;2025-11-17;22;733
17;2025-11-17;23;354
17;2025-11-18;0;118
17;2025-11-18;1;12
17;2025-11-18;2;0
17;2025-11-18;3;0
17;2025-11-18;4;27
17;2025-11-18;5;325
17;2025-11-18;6;1583
17;2025-11-18;7;4138
17;2025-11-18;8;5439
17;2025-11-18;9;3849
17;2025-11-18;10;3142
17;2025-11-18;11;3113
17;2025-11-18;12;3156
17;2025-11-18;13;3219
17;2025-11-18;14;3311
17;2025-11-18;15;3441
17;2025-11-18;16;3881
17;2025-11-18;17;4496
17;2025-11-18;18;4840
17;2025-11-18;19;3342
17;2025-11-18;20;2382
17;2025-11-18;21;1468
17;2025-11-18;22;753
17;2025-11-18;23;364
17;2025-11-19;0;118
17;2025-11-19;1;12
17;2025-11-19;2;0
17;2025-11-19;3;0
17;2025-11-19;4;27
17;2025-11-19;5;325
17;2025-11-19;6;1583
17;2025-11-19;7;4138
17;2025-11-19;8;5439
17;2025-11-19;9;3849
17;2025-11-19;10;3142
17;2025-11-19;11;3113
17;2025-11-19;12;3156
17;2025-11-19;13;3219
17;2025-11-19;14;3311
17;2025-11-19;15;3441
17;2025-11-19;16;3881
17;2025-11-19;17;4496
17;2025-11-19;18;4840
17;2025-11-19;19;3342
17;2025-11-19;20;2382
17;2025-11-19;21;1468
17;2025-11-19;22;753
17;2025-11-19;23;364
17;2025-11-20;0;118
17;2025-11-20;1;12
17;2025-11-20;2;0
17;2025-11-20;3;0
17;2025-11-20;4;27
17;2025-11-20;5;325
17;2025-11-20;6;1583
17;2025-11-20;7;4138
17;2025-11-20;8;5439
17;2025-11-20;9;3849
17;2025-11-20;10;3142
17;2025-11-20;11;3113
17;2025-11-20;12;3156
17;2025-11-20;13;3219
17;2025-11-20;14;3311
17;2025-11-20;15;3441
17;2025-11-20;16;3881
17;2025-11-20;17;4496
17;2025-11-20;18;4840
17;2025-11-20;19;3342
17;2025-11-20;20;2382
17;2025-11-20;21;1468
17;2025-11-20;22;753
17;2025-11-20;23;364
17;2025-11-21;0;139
17;2025-11-21;1;16
17;2025-11-21;2;0
17;2025-11-21;3;0
17;2025-11-21;4;25
17;2025-11-21;5;305
17;2025-11-21;6;1490
17;2025-11-21;7;3868
17;2025-11-21;8;5049
17;2025-11-21;9;3612
17;2025-11-21;10;2997
17;2025-11-21;11;3013
17;2025-11-21;12;3060
17;2025-11-21;13;3128
17;2025-11-21;14;3217
17;2025-11-21;15;3561
17;2025-11-21;16;4272
17;2025-11-21;17;4473
17;2025-11-21;18;4171
17;2025-11-21;19;3045
17;2025-11-21;20;2283
17;2025-11-21;21;1539
17;2025-11-21;22;818
17;2025-11-21;23;450
17;2025-11-22;0;192
17;2025-11-22;1;26
17;2025-11-22;2;0
17;2025-11-22;3;0
17;2025-11-22;4;5
17;2025-11-22;5;130
17;2025-11-22;6;549
17;2025-11-22;7;1156
17;2025-11-22;8;1673
17;2025-11-22;9;2148
17;2025-11-22;10;2496
17;2025-11-22;11;3023
17;2025-11-22;12;3394
17;2025-11-22;13;3607
17;2025-11-22;14;3664
17;2025-11-22;15;3649
17;2025-11-22;16;3673
17;2025-11-22;17;3242
17;2025-11-22;18;2885
17;2025-11-22;19;2324
17;2025-11-22;20;1839
17;2025-11-22;21;1339
17;2025-11-22;22;846
17;2025-11-22;23;439
17;2025-11-23;0;181
17;2025-11-23;1;25
17;2025-11-23;2;0
17;2025-11-23;3;0
17;2025-11-23;4;4
17;2025-11-23;5;106
17;2025-11-23;6;438
17;2025-11-23;7;791
17;2025-11-23;8;1225
17;2025-11-23;9;1674
17;2025-11-23;10;2061
17;2025-11-23;11;2624
17;2025-11-23;12;3036
17;2025-11-23;13;3321
17;2025-11-23;14;3399
17;2025-11-23;15;3373
17;2025-11-23;16;3277
17;2025-11-23;17;2950
17;2025-11-23;18;2561
17;2025-11-23;19;2062
17;2025-11-23;20;1592
17;2025-11-23;21;1142
17;2025-11-23;22;717
17;2025-11-23;23;318
17;2025-11-24;0;115
17;2025-11-24;1;11
17;2025-11-24;2;0
17;2025-11-24;3;0
17;2025-11-24;4;27
17;2025-11-24;5;316
17;2025-11-24;6;1541
17;2025-11-24;7;4027
17;2025-11-24;8;5293
17;2025-11-24;9;3745
17;2025-11-24;10;3057
17;2025-11-24;11;3028
17;2025-11-24;12;3070
17;2025-11-24;13;3132
17;2025-11-24;14;3223
17;2025-11-24;15;3349
17;2025-11-24;16;3777
17;2025-11-24;17;4375
17;2025-11-24;18;4710
17;2025-11-24;19;3252
17;2025-11-24;20;2318
17;2025-11-24;21;1428
17;2025-11-24;22;733
17;2025-11-24;23;354
17;2025-11-25;0;118
17;2025-11-25;1;12
17;2025-11-25;2;0
17;2025-11-25;3;0
17;2025-11-25;4;27
17;2025-11-25;5;325
17;2025-11-25;6;1583
17;2025-11-25;7;4138
17;2025-11-25;8;5439
17;2025-11-25;9;3849
17;2025-11-25;10;3142
17;2025-11-25;11;3113
17;2025-11-25;12;3156
17;2025-11-25;13;3219
17;2025-11-25;14;3311
17;2025-11-25;15;3441
17;2025-11-25;16;3881
17;2025-11-25;17;4496
17;2025-11-25;18;4840
17;2025-11-25;19;3342
17;2025-11-25;20;2382
17;2025-11-25;21;1468
17;2025-11-25;22;753
17;2025-11-25;23;364
17;2025-11-26;0;118
17;2025-11-26;1;12
17;2025-11-26;2;0
17;2025-11-26;3;0
17;2025-11-26;4;27
17;2025-11-26;5;325
17;2025-11-26;6;1583
17;2025-11-26;7;4138
17;2025-11-26;8;5439
17;2025-11-26;9;3849
17;2025-11-26;10;3142
17;2025-11-26;11;3113
17;2025-11-26;12;3156
17;2025-11-26;13;3219
17;2025-11-26;14;3311
17;2025-11-26;15;3441
17;2025-11-26;16;3881
17;2025-11-26;17;4496
17;2025-11-26;18;4840
17;2025-11-26;19;3342
17;2025-11-26;20;2382
17;2025-11-26;21;1468
17;2025-11-26;22;753
17;2025-11-26;23;364
17;2025-11-27;0;118
17;2025-11-27;1;12
17;2025-11-27;2;0
17;2025-11-27;3;0
17;2025-11-27;4;27
17;2025-11-27;5;325
17;2025-11-27;6;1583
17;2025-11-27;7;4138
17;2025-11-27;8;5439
17;2025-11-27;9;3849
17;2025-11-27;10;3142
17;2025-11-27;11;3113
17;2025-11-27;12;3156
17;2025-11-27;13;3219
17;2025-11-27;14;3311
17;2025-11-27;15;3441
17;2025-11-27;16;3881
17;2025-11-27;17;4496
17;2025-11-27;18;4840
17;2025-11-27;19;3342
17;2025-11-27;20;2382
17;2025-11-27;21;1468
17;2025-11-27;22;753
17;2025-11-27;23;364
17;2025-11-28;0;139
17;2025-11-28;1;16
17;2025-11-28;2;0
17;2025-11-28;3;0
17;2025-11-28;4;25
17;2025-11-28;5;305
17;2025-11-28;6;1490
17;2025-11-28;7;3868
17;2025-11-28;8;5049
17;2025-11-28;9;3612
17;2025-11-28;10;2997
17;2025-11-28;11;3013
17;2025-11-28;12;3060
17;2025-11-28;13;3128
17;2025-11-28;14;3217
17;2025-11-28;15;3561
17;2025-11-28;16;4272
17;2025-11-28;17;4473
17;2025-11-28;18;4171
17;2025-11-28;19;3045
17;2025-11-28;20;2283
17;2025-11-28;21;1539
17;2025-11-28;22;818
17;2025-11-28;23;450
17;2025-11-29;0;192
17;2025-11-29;1;26
17;2025-11-29;2;0
17;2025-11-29;3;0
17;2025-11-29;4;5
17;2025-11-29;5;130
17;2025-11-29;6;549
17;2025-11-29;7;1156
17;2025-11-29;8;1673
17;2025-11-29;9;2148
17;2025-11-29;10;2496
17;2025-11-29;11;3023
17;2025-11-29;12;3394
17;2025-11-29;13;3607
17;2025-11-29;14;3664
17;2025-11-29;15;3649
17;2025-11-29;16;3673
17;2025-11-29;17;3242
17;2025-11-29;18;2885
17;2025-11-29;19;2324
17;2025-11-29;20;1839
17;2025-11-29;21;1339
17;2025-11-29;22;846
17;2025-11-29;23;439
17;2025-11-30;0;181
17;2025-11-30;1;25
17;2025-11-30;2;0
17;2025-11-30;3;0
17;2025-11-30;4;4
17;2025-11-30;5;106
17;2025-11-30;6;438
17;2025-11-30;7;791
17;2025-11-30;8;1225
17;2025-11-30;9;1674
17;2025-11-30;10;2061
17;2025-11-30;11;2624
17;2025-11-30;12;3036
17;2025-11-30;13;3321
17;2025-11-30;14;3399
17;2025-11-30;15;3373
17;2025-11-30;16;3277
17;2025-11-30;17;2950
17;2025-11-30;18;2561
17;2025-11-30;19;2062
17;2025-11-30;20;1592
17;2025-11-30;21;1142
17;2025-11-30;22;717
17;2025-11-30;23;318
17;2025-12-01;0;114
17;2025-12-01;1;11
17;2025-12-01;2;0
17;2025-12-01;3;0
17;2025-12-01;4;27
17;2025-12-01;5;318
17;2025-12-01;6;1542
17;2025-12-01;7;4008
17;2025-12-01;8;5291
17;2025-12-01;9;3735
17;2025-12-01;10;3046
17;2025-12-01;11;3018
17;2025-12-01;12;3063
17;2025-12-01;13;3125
17;2025-12-01;14;3212
17;2025-12-01;15;3351
17;2025-12-01;16;3775
17;2025-12-01;17;4377
17;2025-12-01;18;4733
17;2025-12-01;19;3282
17;2025-12-01;20;2328
17;2025-12-01;21;1430
17;2025-12-01;22;743
17;2025-12-01;23;353
17;2025-12-02;0;117
17;2025-12-02;1;11
17;2025-12-02;2;0
17;2025-12-02;3;0
17;2025-12-02;4;28
17;2025-12-02;5;326
17;2025-12-02;6;1585
17;2025-12-02;7;4119
17;2025-12-02;8;5437
17;2025-12-02;9;3838
17;2025-12-02;10;3130
17;2025-12-02;11;3101
17;2025-12-02;12;3148
17;2025-12-02;13;3212
17;2025-12-02;14;3300
17;2025-12-02;15;3442
17;2025-12-02;16;3879
17;2025-12-02;17;4498
17;2025-12-02;18;4864
17;2025-12-02;19;3373
17;2025-12-02;20;2392
17;2025-12-02;21;1469
17;2025-12-02;22;764
17;2025-12-02;23;363
17;2025-12-03;0;117
17;2025-12-03;1;11
17;2025-12-03;2;0
17;2025-12-03;3;0
17;2025-12-03;4;28
17;2025-12-03;5;326
17;2025-12-03;6;1585
17;2025-12-03;7;4119
17;2025-12-03;8;5437
17;2025-12-03;9;3838
17;2025-12-03;10;3130
17;2025-12-03;11;3101
17;2025-12-03;12;3148
17;2025-12-03;13;3212
17;2025-12-03;14;3300
17;2025-12-03;15;3442
17;2025-12-03;16;3879
17;2025-12-03;17;4498
17;2025-12-03;18;4864
17;2025-12-03;19;3373
17;2025-12-03;20;2392
17;2025-12-03;21;1469
17;2025-12-03;22;764
17;2025-12-03;23;363
17;2025-12-04;0;117
17;2025-12-04;1;11
17;2025-12-04;2;0
17;2025-12-04;3;0
17;2025-12-04;4;28
17;2025-12-04;5;326
17;2025-12-04;6;1585
17;2025-12-04;7;4119
17;2025-12-04;8;5437
17;2025-12-04;9;3838
17;2025-12-04;10;3130
17;2025-12-04;11;3101
17;2025-12-04;12;3148
17;2025-12-04;13;3212
17;2025-12-04;14;3300
17;2025-12-04;15;3442
17;2025-12-04;16;3879
17;2025-12-04;17;4498
17;2025-12-04;18;4864
17;2025-12-04;19;3373
17;2025-12-04;20;2392
17;2025-12-04;21;1469
17;2025-12-04;22;764
17;2025-12-04;23;363
17;2025-12-05;0;139
17;2025-12-05;1;16
17;2025-12-05;2;0
17;2025-12-05;3;0
17;2025-12-05;4;26
17;2025-12-05;5;305
17;2025-12-05;6;1489
17;2025-12-05;7;3843
17;2025-12-05;8;5048
17;2025-12-05;9;3604
17;2025-12-05;10;2993
17;2025-12-05;11;3000
17;2025-12-05;12;3064
17;2025-12-05;13;3128
17;2025-12-05;14;3221
17;2025-12-05;15;3577
17;2025-12-05;16;4286
17;2025-12-05;17;4463
17;2025-12-05;18;4184
17;2025-12-05;19;3047
17;2025-12-05;20;2281
17;2025-12-05;21;1538
17;2025-12-05;22;832
17;2025-12-05;23;447
17;2025-12-06;0;191
17;2025-12-06;1;25
17;2025-12-06;2;0
17;2025-12-06;3;0
17;2025-12-06;4;5
17;2025-12-06;5;130
17;2025-12-06;6;544
17;2025-12-06;7;1142
17;2025-12-06;8;1659
17;2025-12-06;9;2134
17;2025-12-06;10;2477
17;2025-12-06;11;3011
17;2025-12-06;12;3388
17;2025-12-06;13;3591
17;2025-12-06;14;3655
17;2025-12-06;15;3639
17;2025-12-06;16;3665
17;2025-12-06;17;3243
17;2025-12-06;18;2889
17;2025-12-06;19;2336
17;2025-12-06;20;1841
17;2025-12-06;21;1344
17;2025-12-06;22;857
17;2025-12-06;23;439
17;2025-12-07;0;179
17;2025-12-07;1;25
17;2025-12-07;2;0
17;2025-12-07;3;0
17;2025-12-07;4;4
17;2025-12-07;5;106
17;2025-12-07;6;436
17;2025-12-07;7;777
17;2025-12-07;8;1218
17;2025-12-07;9;1665
17;2025-12-07;10;2048
17;2025-12-07;11;2603
17;2025-12-07;12;3023
17;2025-12-07;13;3311
17;2025-12-07;14;3376
17;2025-12-07;15;3360
17;2025-12-07;16;3264
17;2025-12-07;17;2939
17;2025-12-07;18;2555
17;2025-12-07;19;2060
17;2025-12-07;20;1596
17;2025-12-07;21;1138
17;2025-12-07;22;718
17;2025-12-07;23;316
17;2025-12-08;0;114
17;2025-12-08;1;11
17;2025-12-08;2;0
17;2025-12-08;3;0
17;2025-12-08;4;27
17;2025-12-08;5;318
17;2025-12-08;6;1542
17;2025-12-08;7;4008
17;2025-12-08;8;5291
17;2025-12-08;9;3735
17;2025-12-08;10;3046
17;2025-12-08;11;3018
17;2025-12-08;12;3063
17;2025-12-08;13;3125
17;2025-12-08;14;3212
17;2025-12-08;15;3351
17;2025-12-08;16;3775
17;2025-12-08;17;4377
17;2025-12-08;18;4733
17;2025-12-08;19;3282
17;2025-12-08;20;2328
17;2025-12-08;21;1430
17;2025-12-08;22;743
17;2025-12-08;23;353
17;2025-12-09;0;117
17;2025-12-09;1;11
17;2025-12-09;2;0
17;2025-12-09;3;0
17;2025-12-09;4;28
17;2025-12-09;5;326
17;2025-12-09;6;1585
17;2025-12-09;7;4119
17;2025-12-09;8;5437
17;2025-12-09;9;3838
17;2025-12-09;10;3130
17;2025-12-09;11;3101
17;2025-12-09;12;3148
17;2025-12-09;13;3212
17;2025-12-09;14;3300
17;2025-12-09;15;3442
17;2025-12-09;16;3879
17;2025-12-09;17;4498
17;2025-12-09;18;4864
17;2025-12-09;19;3373
17;2025-12-09;20;2392
17;2025-12-09;21;1469
17;2025-12-09;22;764
17;2025-12-09;23;363
17;2025-12-10;0;117
17;2025-12-10;1;11
17;2025-12-10;2;0
17;2025-12-10;3;0
17;2025-12-10;4;28
17;2025-12-10;5;326
17;2025-12-10;6;1585
17;2025-12-10;7;4119
17;2025-12-10;8;5437
17;2025-12-10;9;3838
17;2025-12-10;10;3130
17;2025-12-10;11;3101
17;2025-12-10;12;3148
17;2025-12-10;13;3212
17;2025-12-10;14;3300
17;2025-12-10;15;3442
17;2025-12-10;16;3879
17;2025-12-10;17;4498
17;2025-12-10;18;4864
17;2025-12-10;19;3373
17;2025-12-10;20;2392
17;2025-12-10;21;1469
17;2025-12-10;22;764
17;2025-12-10;23;363
17;2025-12-11;0;117
17;2025-12-11;1;11
17;2025-12-11;2;0
17;2025-12-11;3;0
17;2025-12-11;4;28
17;2025-12-11;5;326
17;2025-12-11;6;1585
17;2025-12-11;7;4119
17;2025-12-11;8;5437
17;2025-12-11;9;3838
17;2025-12-11;10;3130
17;2025-12-11;11;3101
17;2025-12-11;12;3148
17;2025-12-11;13;3212
17;2025-12-11;14;3300
17;2025-12-11;15;3442
17;2025-12-11;16;3879
17;2025-12-11;17;4498
17;2025-12-11;18;4864
17;2025-12-11;19;3373
17;2025-12-11;20;2392
17;2025-12-11;21;1469
17;2025-12-11;22;764
17;2025-12-11;23;363
17;2025-12-12;0;139
17;2025-12-12;1;16
17;2025-12-12;2;0
17;2025-12-12;3;0
17;2025-12-12;4;26
17;2025-12-12;5;305
17;2025-12-12;6;1489
17;2025-12-12;7;3843
17;2025-12-12;8;5048
17;2025-12-12;9;3604
17;2025-12-12;10;2993
17;2025-12-12;11;3000
17;2025-12-12;12;3064
17;2025-12-12;13;3128
17;2025-12-12;14;3221
17;2025-12-12;15;3577
17;2025-12-12;16;4286
17;2025-12-12;17;4463
17;2025-12-12;18;4184
17;2025-12-12;19;3047
17;2025-12-12;20;2281
17;2025-12-12;21;1538
17;2025-12-12;22;832
17;2025-12-12;23;447
17;2025-12-13;0;191
17;2025-12-13;1;25
17;2025-12-13;2;0
17;2025-12-13;3;0
17;2025-12-13;4;5
17;2025-12-13;5;130
17;2025-12-13;6;544
17;2025-12-13;7;1142
17;2025-12-13;8;1659
17;2025-12-13;9;2134
17;2025-12-13;10;2477
17;2025-12-13;11;3011
17;2025-12-13;12;3388
17;2025-12-13;13;3591
17;2025-12-13;14;3655
17;2025-12-13;15;3639
17;2025-12-13;16;3665
17;2025-12-13;17;3243
17;2025-12-13;18;2889
17;2025-12-13;19;2336
17;2025-12-13;20;1841
17;2025-12-13;21;1344
17;2025-12-13;22;857
17;2025-12-13;23;439
17;2025-12-14;0;179
17;2025-12-14;1;25
17;2025-12-14;2;0
17;2025-12-14;3;0
17;2025-12-14;4;4
17;2025-12-14;5;106
17;2025-12-14;6;436
17;2025-12-14;7;777
17;2025-12-14;8;1218
17;2025-12-14;9;1665
17;2025-12-14;10;2048
17;2025-12-14;11;2603
17;2025-12-14;12;3023
17;2025-12-14;13;3311
17;2025-12-14;14;3376
17;2025-12-14;15;3360
17;2025-12-14;16;3264
17;2025-12-14;17;2939
17;2025-12-14;18;2555
17;2025-12-14;19;2060
17;2025-12-14;20;1596
17;2025-12-14;21;1138
17;2025-12-14;22;718
17;2025-12-14;23;316
17;2025-12-15;0;114
17;2025-12-15;1;11
17;2025-12-15;2;0
17;2025-12-15;3;0
17;2025-12-15;4;27
17;2025-12-15;5;318
17;2025-12-15;6;1542
17;2025-12-15;7;4008
17;2025-12-15;8;5291
17;2025-12-15;9;3735
17;2025-12-15;10;3046
17;2025-12-15;11;3018
17;2025-12-15;12;3063
17;2025-12-15;13;3125
17;2025-12-15;14;3212
17;2025-12-15;15;3351
17;2025-12-15;16;3775
17;2025-12-15;17;4377
17;2025-12-15;18;4733
17;2025-12-15;19;3282
17;2025-12-15;20;2328
17;2025-12-15;21;1430
17;2025-12-15;22;743
17;2025-12-15;23;353
17;2025-12-16;0;117
17;2025-12-16;1;11
17;2025-12-16;2;0
17;2025-12-16;3;0
17;2025-12-16;4;28
17;2025-12-16;5;326
17;2025-12-16;6;1585
17;2025-12-16;7;4119
17;2025-12-16;8;5437
17;2025-12-16;9;3838
17;2025-12-16;10;3130
17;2025-12-16;11;3101
17;2025-12-16;12;3148
17;2025-12-16;13;3212
17;2025-12-16;14;3300
17;2025-12-16;15;3442
17;2025-12-16;16;3879
17;2025-12-16;17;4498
17;2025-12-16;18;4864
17;2025-12-16;19;3373
17;2025-12-16;20;2392
17;2025-12-16;21;1469
17;2025-12-16;22;764
17;2025-12-16;23;363
17;2025-12-17;0;117
17;2025-12-17;1;11
17;2025-12-17;2;0
17;2025-12-17;3;0
17;2025-12-17;4;28
17;2025-12-17;5;326
17;2025-12-17;6;1585
17;2025-12-17;7;4119
17;2025-12-17;8;5437
17;2025-12-17;9;3838
17;2025-12-17;10;3130
17;2025-12-17;11;3101
17;2025-12-17;12;3148
17;2025-12-17;13;3212
17;2025-12-17;14;3300
17;2025-12-17;15;3442
17;2025-12-17;16;3879
17;2025-12-17;17;4498
17;2025-12-17;18;4864
17;2025-12-17;19;3373
17;2025-12-17;20;2392
17;2025-12-17;21;1469
17;2025-12-17;22;764
17;2025-12-17;23;363
17;2025-12-18;0;117
17;2025-12-18;1;11
17;2025-12-18;2;0
17;2025-12-18;3;0
17;2025-12-18;4;28
17;2025-12-18;5;326
17;2025-12-18;6;1585
17;2025-12-18;7;4119
17;2025-12-18;8;5437
17;2025-12-18;9;3838
17;2025-12-18;10;3130
17;2025-12-18;11;3101
17;2025-12-18;12;3148
17;2025-12-18;13;3212
17;2025-12-18;14;3300
17;2025-12-18;15;3442
17;2025-12-18;16;3879
17;2025-12-18;17;4498
17;2025-12-18;18;4864
17;2025-12-18;19;3373
17;2025-12-18;20;2392
17;2025-12-18;21;1469
17;2025-12-18;22;764
17;2025-12-18;23;363
17;2025-12-19;0;139
17;2025-12-19;1;16
17;2025-12-19;2;0
17;2025-12-19;3;0
17;2025-12-19;4;26
17;2025-12-19;5;305
17;2025-12-19;6;1489
17;2025-12-19;7;3843
17;2025-12-19;8;5048
17;2025-12-19;9;3604
17;2025-12-19;10;2993
17;2025-12-19;11;3000
17;2025-12-19;12;3064
17;2025-12-19;13;3128
17;2025-12-19;14;3221
17;2025-12-19;15;3577
17;2025-12-19;16;4286
17;2025-12-19;17;4463
17;2025-12-19;18;4184
17;2025-12-19;19;3047
17;2025-12-19;20;2281
17;2025-12-19;21;1538
17;2025-12-19;22;832
17;2025-12-19;23;447
17;2025-12-20;0;191
17;2025-12-20;1;25
17;2025-12-20;2;0
17;2025-12-20;3;0
17;2025-12-20;4;5
17;2025-12-20;5;130
17;2025-12-20;6;544
17;2025-12-20;7;1142
17;2025-12-20;8;1659
17;2025-12-20;9;2134
17;2025-12-20;10;2477
17;2025-12-20;11;3011
17;2025-12-20;12;3388
17;2025-12-20;13;3591
17;2025-12-20;14;3655
17;2025-12-20;15;3639
17;2025-12-20;16;3665
17;2025-12-20;17;3243
17;2025-12-20;18;2889
17;2025-12-20;19;2336
17;2025-12-20;20;1841
17;2025-12-20;21;1344
17;2025-12-20;22;857
17;2025-12-20;23;439
17;2025-12-21;0;179
17;2025-12-21;1;25
17;2025-12-21;2;0
17;2025-12-21;3;0
17;2025-12-21;4;4
17;2025-12-21;5;106
17;2025-12-21;6;436
17;2025-12-21;7;777
17;2025-12-21;8;1218
17;2025-12-21;9;1665
17;2025-12-21;10;2048
17;2025-12-21;11;2603
17;2025-12-21;12;3023
17;2025-12-21;13;3311
17;2025-12-21;14;3376
17;2025-12-21;15;3360
17;2025-12-21;16;3264
17;2025-12-21;17;2939
17;2025-12-21;18;2555
17;2025-12-21;19;2060
17;2025-12-21;20;1596
17;2025-12-21;21;1138
17;2025-12-21;22;718
17;2025-12-21;23;316
17;2025-12-22;0;114
17;2025-12-22;1;11
17;2025-12-22;2;0
17;2025-12-22;3;0
17;2025-12-22;4;27
17;2025-12-22;5;318
17;2025-12-22;6;1542
17;2025-12-22;7;4008
17;2025-12-22;8;5291
17;2025-12-22;9;3735
17;2025-12-22;10;3046
17;2025-12-22;11;3018
17;2025-12-22;12;3063
17;2025-12-22;13;3125
17;2025-12-22;14;3212
17;2025-12-22;15;3351
17;2025-12-22;16;3775
17;2025-12-22;17;4377
17;2025-12-22;18;4733
17;2025-12-22;19;3282
17;2025-12-22;20;2328
17;2025-12-22;21;1430
17;2025-12-22;22;743
17;2025-12-22;23;353
17;2025-12-23;0;117
17;2025-12-23;1;11
17;2025-12-23;2;0
17;2025-12-23;3;0
17;2025-12-23;4;28
17;2025-12-23;5;326
17;2025-12-23;6;1585
17;2025-12-23;7;4119
17;2025-12-23;8;5437
17;2025-12-23;9;3838
17;2025-12-23;10;3130
17;2025-12-23;11;3101
17;2025-12-23;12;3148
17;2025-12-23;13;3212
17;2025-12-23;14;3300
17;2025-12-23;15;3442
17;2025-12-23;16;3879
17;2025-12-23;17;4498
17;2025-12-23;18;4864
17;2025-12-23;19;3373
17;2025-12-23;20;2392
17;2025-12-23;21;1469
17;2025-12-23;22;764
17;2025-12-23;23;363
17;2025-12-24;0;117
17;2025-12-24;1;11
17;2025-12-24;2;0
17;2025-12-24;3;0
17;2025-12-24;4;28
17;2025-12-24;5;326
17;2025-12-24;6;1585
17;2025-12-24;7;4119
17;2025-12-24;8;5437
17;2025-12-24;9;3838
17;2025-12-24;10;3130
17;2025-12-24;11;3101
17;2025-12-24;12;3148
17;2025-12-24;13;3212
17;2025-12-24;14;3300
17;2025-12-24;15;3442
17;2025-12-24;16;3879
17;2025-12-24;17;4498
17;2025-12-24;18;4864
17;2025-12-24;19;3373
17;2025-12-24;20;2392
17;2025-12-24;21;1469
17;2025-12-24;22;764
17;2025-12-24;23;363
17;2025-12-25;0;117
17;2025-12-25;1;11
17;2025-12-25;2;0
17;2025-12-25;3;0
17;2025-12-25;4;28
17;2025-12-25;5;326
17;2025-12-25;6;1585
17;2025-12-25;7;4119
17;2025-12-25;8;5437
17;2025-12-25;9;3838
17;2025-12-25;10;3130
17;2025-12-25;11;3101
17;2025-12-25;12;3148
17;2025-12-25;13;3212
17;2025-12-25;14;3300
17;2025-12-25;15;3442
17;2025-12-25;16;3879
17;2025-12-25;17;4498
17;2025-12-25;18;4864
17;2025-12-25;19;3373
17;2025-12-25;20;2392
17;2025-12-25;21;1469
17;2025-12-25;22;764
17;2025-12-25;23;363
17;2025-12-26;0;139
17;2025-12-26;1;16
17;2025-12-26;2;0
17;2025-12-26;3;0
17;2025-12-26;4;26
17;2025-12-26;5;305
17;2025-12-26;6;1489
17;2025-12-26;7;3843
17;2025-12-26;8;5048
17;2025-12-26;9;3604
17;2025-12-26;10;2993
17;2025-12-26;11;3000
17;2025-12-26;12;3064
17;2025-12-26;13;3128
17;2025-12-26;14;3221
17;2025-12-26;15;3577
17;2025-12-26;16;4286
17;2025-12-26;17;4463
17;2025-12-26;18;4184
17;2025-12-26;19;3047
17;2025-12-26;20;2281
17;2025-12-26;21;1538
17;2025-12-26;22;832
17;2025-12-26;23;447
17;2025-12-27;0;191
17;2025-12-27;1;25
17;2025-12-27;2;0
17;2025-12-27;3;0
17;2025-12-27;4;5
17;2025-12-27;5;130
17;2025-12-27;6;544
17;2025-12-27;7;1142
17;2025-12-27;8;1659
17;2025-12-27;9;2134
17;2025-12-27;10;2477
17;2025-12-27;11;3011
17;2025-12-27;12;3388
17;2025-12-27;13;3591
17;2025-12-27;14;3655
17;2025-12-27;15;3639
17;2025-12-27;16;3665
17;2025-12-27;17;3243
17;2025-12-27;18;2889
17;2025-12-27;19;2336
17;2025-12-27;20;1841
17;2025-12-27;21;1344
17;2025-12-27;22;857
17;2025-12-27;23;439
17;2025-12-28;0;179
17;2025-12-28;1;25
17;2025-12-28;2;0
17;2025-12-28;3;0
17;2025-12-28;4;4
17;2025-12-28;5;106
17;2025-12-28;6;436
17;2025-12-28;7;777
17;2025-12-28;8;1218
17;2025-12-28;9;1665
17;2025-12-28;10;2048
17;2025-12-28;11;2603
17;2025-12-28;12;3023
17;2025-12-28;13;3311
17;2025-12-28;14;3376
17;2025-12-28;15;3360
17;2025-12-28;16;3264
17;2025-12-28;17;2939
17;2025-12-28;18;2555
17;2025-12-28;19;2060
17;2025-12-28;20;1596
17;2025-12-28;21;1138
17;2025-12-28;22;718
17;2025-12-28;23;316
17;2025-12-29;0;102
17;2025-12-29;1;10
17;2025-12-29;2;0
17;2025-12-29;3;0
17;2025-12-29;4;24
17;2025-12-29;5;286
17;2025-12-29;6;1388
17;2025-12-29;7;3607
17;2025-12-29;8;4762
17;2025-12-29;9;3361
17;2025-12-29;10;2741
17;2025-12-29;11;2716
17;2025-12-29;12;2757
17;2025-12-29;13;2813
17;2025-12-29;14;2890
17;2025-12-29;15;3016
17;2025-12-29;16;3398
17;2025-12-29;17;3939
17;2025-12-29;18;4260
17;2025-12-29;19;2954
17;2025-12-29;20;2095
17;2025-12-29;21;1287
17;2025-12-29;22;669
17;2025-12-29;23;318
17;2025-12-30;0;99
17;2025-12-30;1;10
17;2025-12-30;2;0
17;2025-12-30;3;0
17;2025-12-30;4;24
17;2025-12-30;5;277
17;2025-12-30;6;1347
17;2025-12-30;7;3501
17;2025-12-30;8;4621
17;2025-12-30;9;3262
17;2025-12-30;10;2660
17;2025-12-30;11;2636
17;2025-12-30;12;2676
17;2025-12-30;13;2730
17;2025-12-30;14;2805
17;2025-12-30;15;2926
17;2025-12-30;16;3297
17;2025-12-30;17;3823
17;2025-12-30;18;4134
17;2025-12-30;19;2867
17;2025-12-30;20;2034
17;2025-12-30;21;1249
17;2025-12-30;22;649
17;2025-12-30;23;308
17;2025-12-31;0;103
17;2025-12-31;1;14
17;2025-12-31;2;0
17;2025-12-31;3;0
17;2025-12-31;4;3
17;2025-12-31;5;70
17;2025-12-31;6;294
17;2025-12-31;7;618
17;2025-12-31;8;897
17;2025-12-31;9;1154
17;2025-12-31;10;1340
17;2025-12-31;11;1628
17;2025-12-31;12;1832
17;2025-12-31;13;1943
17;2025-12-31;14;1977
17;2025-12-31;15;1968
17;2025-12-31;16;1982
17;2025-12-31;17;1754
17;2025-12-31;18;1562
17;2025-12-31;19;1263
17;2025-12-31;20;100
17;2025-12-31;21;73
17;2025-12-31;22;46
17;2025-12-31;23;24
25;2025-11-01;0;0
25;2025-11-01;1;0
25;2025-11-01;2;0
25;2025-11-01;3;0
25;2025-11-01;4;0
25;2025-11-01;5;7
25;2025-11-01;6;185
25;2025-11-01;7;476
25;2025-11-01;8;755
25;2025-11-01;9;377
25;2025-11-01;10;345
25;2025-11-01;11;376
25;2025-11-01;12;377
25;2025-11-01;13;468
25;2025-11-01;14;430
25;2025-11-01;15;549
25;2025-11-01;16;726
25;2025-11-01;17;686
25;2025-11-01;18;580
25;2025-11-01;19;459
25;2025-11-01;20;285
25;2025-11-01;21;187
25;2025-11-01;22;118
25;2025-11-01;23;12
25;2025-11-02;0;17
25;2025-11-02;1;0
25;2025-11-02;2;0
25;2025-11-02;3;0
25;2025-11-02;4;0
25;2025-11-02;5;6
25;2025-11-02;6;80
25;2025-11-02;7;99
25;2025-11-02;8;194
25;2025-11-02;9;219
25;2025-11-02;10;233
25;2025-11-02;11;324
25;2025-11-02;12;381
25;2025-11-02;13;487
25;2025-11-02;14;545
25;2025-11-02;15;624
25;2025-11-02;16;546
25;2025-11-02;17;490
25;2025-11-02;18;406
25;2025-11-02;19;309
25;2025-11-02;20;224
25;2025-11-02;21;178
25;2025-11-02;22;104
25;2025-11-02;23;39
25;2025-11-03;0;10
25;2025-11-03;1;0
25;2025-11-03;2;0
25;2025-11-03;3;0
25;2025-11-03;4;0
25;2025-11-03;5;7
25;2025-11-03;6;75
25;2025-11-03;7;101
25;2025-11-03;8;211
25;2025-11-03;9;211
25;2025-11-03;10;229
25;2025-11-03;11;308
25;2025-11-03;12;350
25;2025-11-03;13;475
25;2025-11-03;14;504
25;2025-11-03;15;583
25;2025-11-03;16;525
25;2025-11-03;17;440
25;2025-11-03;18;377
25;2025-11-03;19;308
25;2025-11-03;20;207
25;2025-11-03;21;166
25;2025-11-03;22;101
25;2025-11-03;23;40
25;2025-11-04;0;10
25;2025-11-04;1;0
25;2025-11-04;2;0
25;2025-11-04;3;0
25;2025-11-04;4;0
25;2025-11-04;5;7
25;2025-11-04;6;75
25;2025-11-04;7;101
25;2025-11-04;8;211
25;2025-11-04;9;211
25;2025-11-04;10;229
25;2025-11-04;11;308
25;2025-11-04;12;350
25;2025-11-04;13;475
25;2025-11-04;14;504
25;2025-11-04;15;583
25;2025-11-04;16;525
25;2025-11-04;17;440
25;2025-11-04;18;377
25;2025-11-04;19;308
25;2025-11-04;20;207
25;2025-11-04;21;166
25;2025-11-04;22;101
25;2025-11-04;23;40
25;2025-11-05;0;4
25;2025-11-05;1;0
25;2025-11-05;2;0
25;2025-11-05;3;0
25;2025-11-05;4;0
25;2025-11-05;5;11
25;2025-11-05;6;224
25;2025-11-05;7;569
25;2025-11-05;8;950
25;2025-11-05;9;492
25;2025-11-05;10;394
25;2025-11-05;11;446
25;2025-11-05;12;438
25;2025-11-05;13;547
25;2025-11-05;14;478
25;2025-11-05;15;566
25;2025-11-05;16;743
25;2025-11-05;17;788
25;2025-11-05;18;822
25;2025-11-05;19;555
25;2025-11-05;20;324
25;2025-11-05;21;215
25;2025-11-05;22;117
25;2025-11-05;23;9
25;2025-11-06;0;4
25;2025-11-06;1;0
25;2025-11-06;2;0
25;2025-11-06;3;0
25;2025-11-06;4;0
25;2025-11-06;5;11
25;2025-11-06;6;224
25;2025-11-06;7;569
25;2025-11-06;8;950
25;2025-11-06;9;492
25;2025-11-06;10;394
25;2025-11-06;11;446
25;2025-11-06;12;438
25;2025-11-06;13;547
25;2025-11-06;14;478
25;2025-11-06;15;566
25;2025-11-06;16;743
25;2025-11-06;17;788
25;2025-11-06;18;822
25;2025-11-06;19;555
25;2025-11-06;20;324
25;2025-11-06;21;215
25;2025-11-06;22;117
25;2025-11-06;23;9
25;2025-11-07;0;1
25;2025-11-07;1;0
25;2025-11-07;2;0
25;2025-11-07;3;0
25;2025-11-07;4;0
25;2025-11-07;5;8
25;2025-11-07;6;210
25;2025-11-07;7;541
25;2025-11-07;8;858
25;2025-11-07;9;429
25;2025-11-07;10;392
25;2025-11-07;11;426
25;2025-11-07;12;428
25;2025-11-07;13;531
25;2025-11-07;14;488
25;2025-11-07;15;624
25;2025-11-07;16;825
25;2025-11-07;17;779
25;2025-11-07;18;660
25;2025-11-07;19;522
25;2025-11-07;20;324
25;2025-11-07;21;213
25;2025-11-07;22;134
25;2025-11-07;23;13
25;2025-11-08;0;4
25;2025-11-08;1;0
25;2025-11-08;2;0
25;2025-11-08;3;0
25;2025-11-08;4;0
25;2025-11-08;5;10
25;2025-11-08;6;89
25;2025-11-08;7;128
25;2025-11-08;8;285
25;2025-11-08;9;256
25;2025-11-08;10;282
25;2025-11-08;11;370
25;2025-11-08;12;406
25;2025-11-08;13;582
25;2025-11-08;14;588
25;2025-11-08;15;688
25;2025-11-08;16;639
25;2025-11-08;17;498
25;2025-11-08;18;442
25;2025-11-08;19;386
25;2025-11-08;20;243
25;2025-11-08;21;197
25;2025-11-08;22;125
25;2025-11-08;23;51
25;2025-11-09;0;17
25;2025-11-09;1;0
25;2025-11-09;2;0
25;2025-11-09;3;0
25;2025-11-09;4;0
25;2025-11-09;5;6
25;2025-11-09;6;80
25;2025-11-09;7;99
25;2025-11-09;8;194
25;2025-11-09;9;219
25;2025-11-09;10;233
25;2025-11-09;11;324
25;2025-11-09;12;381
25;2025-11-09;13;487
25;2025-11-09;14;545
25;2025-11-09;15;624
25;2025-11-09;16;546
25;2025-11-09;17;490
25;2025-11-09;18;406
25;2025-11-09;19;309
25;2025-11-09;20;224
25;2025-11-09;21;178
25;2025-11-09;22;104
25;2025-11-09;23;39
25;2025-11-10;0;3
25;2025-11-10;1;0
25;2025-11-10;2;0
25;2025-11-10;3;0
25;2025-11-10;4;0
25;2025-11-10;5;11
25;2025-11-10;6;218
25;2025-11-10;7;553
25;2025-11-10;8;924
25;2025-11-10;9;479
25;2025-11-10;10;383
25;2025-11-10;11;435
25;2025-11-10;12;426
25;2025-11-10;13;533
25;2025-11-10;14;465
25;2025-11-10;15;552
25;2025-11-10;16;723
25;2025-11-10;17;767
25;2025-11-10;18;800
25;2025-11-10;19;540
25;2025-11-10;20;315
25;2025-11-10;21;209
25;2025-11-10;22;114
25;2025-11-10;23;9
25;2025-11-11;0;4
25;2025-11-11;1;0
25;2025-11-11;2;0
25;2025-11-11;3;0
25;2025-11-11;4;0
25;2025-11-11;5;11
25;2025-11-11;6;224
25;2025-11-11;7;569
25;2025-11-11;8;950
25;2025-11-11;9;492
25;2025-11-11;10;394
25;2025-11-11;11;446
25;2025-11-11;12;438
25;2025-11-11;13;547
25;2025-11-11;14;478
25;2025-11-11;15;566
25;2025-11-11;16;743
25;2025-11-11;17;788
25;2025-11-11;18;822
25;2025-11-11;19;555
25;2025-11-11;20;324
25;2025-11-11;21;215
25;2025-11-11;22;117
25;2025-11-11;23;9
25;2025-11-12;0;4
25;2025-11-12;1;0
25;2025-11-12;2;0
25;2025-11-12;3;0
25;2025-11-12;4;0
25;2025-11-12;5;11
25;2025-11-12;6;224
25;2025-11-12;7;569
25;2025-11-12;8;950
25;2025-11-12;9;492
25;2025-11-12;10;394
25;2025-11-12;11;446
25;2025-11-12;12;438
25;2025-11-12;13;547
25;2025-11-12;14;478
25;2025-11-12;15;566
25;2025-11-12;16;743
25;2025-11-12;17;788
25;2025-11-12;18;822
25;2025-11-12;19;555
25;2025-11-12;20;324
25;2025-11-12;21;215
25;2025-11-12;22;117
25;2025-11-12;23;9
25;2025-11-13;0;4
25;2025-11-13;1;0
25;2025-11-13;2;0
25;2025-11-13;3;0
25;2025-11-13;4;0
25;2025-11-13;5;11
25;2025-11-13;6;224
25;2025-11-13;7;569
25;2025-11-13;8;950
25;2025-11-13;9;492
25;2025-11-13;10;394
25;2025-11-13;11;446
25;2025-11-13;12;438
25;2025-11-13;13;547
25;2025-11-13;14;478
25;2025-11-13;15;566
25;2025-11-13;16;743
25;2025-11-13;17;788
25;2025-11-13;18;822
25;2025-11-13;19;555
25;2025-11-13;20;324
25;2025-11-13;21;215
25;2025-11-13;22;117
25;2025-11-13;23;9
25;2025-11-14;0;1
25;2025-11-14;1;0
25;2025-11-14;2;0
25;2025-11-14;3;0
25;2025-11-14;4;0
25;2025-11-14;5;8
25;2025-11-14;6;210
25;2025-11-14;7;541
25;2025-11-14;8;858
25;2025-11-14;9;429
25;2025-11-14;10;392
25;2025-11-14;11;426
25;2025-11-14;12;428
25;2025-11-14;13;531
25;2025-11-14;14;488
25;2025-11-14;15;624
25;2025-11-14;16;825
25;2025-11-14;17;779
25;2025-11-14;18;660
25;2025-11-14;19;522
25;2025-11-14;20;324
25;2025-11-14;21;213
25;2025-11-14;22;134
25;2025-11-14;23;13
25;2025-11-15;0;4
25;2025-11-15;1;0
25;2025-11-15;2;0
25;2025-11-15;3;0
25;2025-11-15;4;0
25;2025-11-15;5;10
25;2025-11-15;6;89
25;2025-11-15;7;128
25;2025-11-15;8;285
25;2025-11-15;9;256
25;2025-11-15;10;282
25;2025-11-15;11;370
25;2025-11-15;12;406
25;2025-11-15;13;582
25;2025-11-15;14;588
25;2025-11-15;15;688
25;2025-11-15;16;639
25;2025-11-15;17;498
25;2025-11-15;18;442
25;2025-11-15;19;386
25;2025-11-15;20;243
25;2025-11-15;21;197
25;2025-11-15;22;125
25;2025-11-15;23;51
25;2025-11-16;0;17
25;2025-11-16;1;0
25;2025-11-16;2;0
25;2025-11-16;3;0
25;2025-11-16;4;0
25;2025-11-16;5;6
25;2025-11-16;6;80
25;2025-11-16;7;99
25;2025-11-16;8;194
25;2025-11-16;9;219
25;2025-11-16;10;233
25;2025-11-16;11;324
25;2025-11-16;12;381
25;2025-11-16;13;487
25;2025-11-16;14;545
25;2025-11-16;15;624
25;2025-11-16;16;546
25;2025-11-16;17;490
25;2025-11-16;18;406
25;2025-11-16;19;309
25;2025-11-16;20;224
25;2025-11-16;21;178
25;2025-11-16;22;104
25;2025-11-16;23;39
25;2025-11-17;0;3
25;2025-11-17;1;0
25;2025-11-17;2;0
25;2025-11-17;3;0
25;2025-11-17;4;0
25;2025-11-17;5;11
25;2025-11-17;6;218
25;2025-11-17;7;553
25;2025-11-17;8;924
25;2025-11-17;9;479
25;2025-11-17;10;383
25;2025-11-17;11;435
25;2025-11-17;12;426
25;2025-11-17;13;533
25;2025-11-17;14;465
25;2025-11-17;15;552
25;2025-11-17;16;723
25;2025-11-17;17;767
25;2025-11-17;18;800
25;2025-11-17;19;540
25;2025-11-17;20;315
25;2025-11-17;21;209
25;2025-11-17;22;114
25;2025-11-17;23;9
25;2025-11-18;0;4
25;2025-11-18;1;0
25;2025-11-18;2;0
25;2025-11-18;3;0
25;2025-11-18;4;0
25;2025-11-18;5;11
25;2025-11-18;6;224
25;2025-11-18;7;569
25;2025-11-18;8;950
25;2025-11-18;9;492
25;2025-11-18;10;394
25;2025-11-18;11;446
25;2025-11-18;12;438
25;2025-11-18;13;547
25;2025-11-18;14;478
25;2025-11-18;15;566
25;2025-11-18;16;743
25;2025-11-18;17;788
25;2025-11-18;18;822
25;2025-11-18;19;555
25;2025-11-18;20;324
25;2025-11-18;21;215
25;2025-11-18;22;117
25;2025-11-18;23;9
25;2025-11-19;0;4
25;2025-11-19;1;0
25;2025-11-19;2;0
25;2025-11-19;3;0
25;2025-11-19;4;0
25;2025-11-19;5;11
25;2025-11-19;6;224
25;2025-11-19;7;569
25;2025-11-19;8;950
25;2025-11-19;9;492
25;2025-11-19;10;394
25;2025-11-19;11;446
25;2025-11-19;12;438
25;2025-11-19;13;547
25;2025-11-19;14;478
25;2025-11-19;15;566
25;2025-11-19;16;743
25;2025-11-19;17;788
25;2025-11-19;18;822
25;2025-11-19;19;555
25;2025-11-19;20;324
25;2025-11-19;21;215
25;2025-11-19;22;117
25;2025-11-19;23;9
25;2025-11-20;0;4
25;2025-11-20;1;0
25;2025-11-20;2;0
25;2025-11-20;3;0
25;2025-11-20;4;0
25;2025-11-20;5;11
25;2025-11-20;6;224
25;2025-11-20;7;569
25;2025-11-20;8;950
25;2025-11-20;9;492
25;2025-11-20;10;394
25;2025-11-20;11;446
25;2025-11-20;12;438
25;2025-11-20;13;547
25;2025-11-20;14;478
25;2025-11-20;15;566
25;2025-11-20;16;743
25;2025-11-20;17;788
25;2025-11-20;18;822
25;2025-11-20;19;555
25;2025-11-20;20;324
25;2025-11-20;21;215
25;2025-11-20;22;117
25;2025-11-20;23;9
25;2025-11-21;0;1
25;2025-11-21;1;0
25;2025-11-21;2;0
25;2025-11-21;3;0
25;2025-11-21;4;0
25;2025-11-21;5;8
25;2025-11-21;6;210
25;2025-11-21;7;541
25;2025-11-21;8;858
25;2025-11-21;9;429
25;2025-11-21;10;392
25;2025-11-21;11;426
25;2025-11-21;12;428
25;2025-11-21;13;531
25;2025-11-21;14;488
25;2025-11-21;15;624
25;2025-11-21;16;825
25;2025-11-21;17;779
25;2025-11-21;18;660
25;2025-11-21;19;522
25;2025-11-21;20;324
25;2025-11-21;21;213
25;2025-11-21;22;134
25;2025-11-21;23;13
25;2025-11-22;0;4
25;2025-11-22;1;0
25;2025-11-22;2;0
25;2025-11-22;3;0
25;2025-11-22;4;0
25;2025-11-22;5;10
25;2025-11-22;6;89
25;2025-11-22;7;128
25;2025-11-22;8;285
25;2025-11-22;9;256
25;2025-11-22;10;282
25;2025-11-22;11;370
25;2025-11-22;12;406
25;2025-11-22;13;582
25;2025-11-22;14;588
25;2025-11-22;15;688
25;2025-11-22;16;639
25;2025-11-22;17;498
25;2025-11-22;18;442
25;2025-11-22;19;386
25;2025-11-22;20;243
25;2025-11-22;21;197
25;2025-11-22;22;125
25;2025-11-22;23;51
25;2025-11-23;0;17
25;2025-11-23;1;0
25;2025-11-23;2;0
25;2025-11-23;3;0
25;2025-11-23;4;0
25;2025-11-23;5;6
25;2025-11-23;6;80
25;2025-11-23;7;99
25;2025-11-23;8;194
25;2025-11-23;9;219
25;2025-11-23;10;233
25;2025-11-23;11;324
25;2025-11-23;12;381
25;2025-11-23;13;487
25;2025-11-23;14;545
25;2025-11-23;15;624
25;2025-11-23;16;546
25;2025-11-23;17;490
25;2025-11-23;18;406
25;2025-11-23;19;309
25;2025-11-23;20;224
25;2025-11-23;21;178
25;2025-11-23;22;104
25;2025-11-23;23;39
25;2025-11-24;0;3
25;2025-11-24;1;0
25;2025-11-24;2;0
25;2025-11-24;3;0
25;2025-11-24;4;0
25;2025-11-24;5;11
25;2025-11-24;6;218
25;2025-11-24;7;553
25;2025-11-24;8;924
25;2025-11-24;9;479
25;2025-11-24;10;383
25;2025-11-24;11;435
25;2025-11-24;12;426
25;2025-11-24;13;533
25;2025-11-24;14;465
25;2025-11-24;15;552
25;2025-11-24;16;723
25;2025-11-24;17;767
25;2025-11-24;18;800
25;2025-11-24;19;540
25;2025-11-24;20;315
25;2025-11-24;21;209
25;2025-11-24;22;114
25;2025-11-24;23;9
25;2025-11-25;0;4
25;2025-11-25;1;0
25;2025-11-25;2;0
25;2025-11-25;3;0
25;2025-11-25;4;0
25;2025-11-25;5;11
25;2025-11-25;6;224
25;2025-11-25;7;569
25;2025-11-25;8;950
25;2025-11-25;9;492
25;2025-11-25;10;394
25;2025-11-25;11;446
25;2025-11-25;12;438
25;2025-11-25;13;547
25;2025-11-25;14;478
25;2025-11-25;15;566
25;2025-11-25;16;743
25;2025-11-25;17;788
25;2025-11-25;18;822
25;2025-11-25;19;555
25;2025-11-25;20;324
25;2025-11-25;21;215
25;2025-11-25;22;117
25;2025-11-25;23;9
25;2025-11-26;0;4
25;2025-11-26;1;0
25;2025-11-26;2;0
25;2025-11-26;3;0
25;2025-11-26;4;0
25;2025-11-26;5;11
25;2025-11-26;6;224
25;2025-11-26;7;569
25;2025-11-26;8;950
25;2025-11-26;9;492
25;2025-11-26;10;394
25;2025-11-26;11;446
25;2025-11-26;12;438
25;2025-11-26;13;547
25;2025-11-26;14;478
25;2025-11-26;15;566
25;2025-11-26;16;743
25;2025-11-26;17;788
25;2025-11-26;18;822
25;2025-11-26;19;555
25;2025-11-26;20;324
25;2025-11-26;21;215
25;2025-11-26;22;117
25;2025-11-26;23;9
25;2025-11-27;0;4
25;2025-11-27;1;0
25;2025-11-27;2;0
25;2025-11-27;3;0
25;2025-11-27;4;0
25;2025-11-27;5;11
25;2025-11-27;6;224
25;2025-11-27;7;569
25;2025-11-27;8;950
25;2025-11-27;9;492
25;2025-11-27;10;394
25;2025-11-27;11;446
25;2025-11-27;12;438
25;2025-11-27;13;547
25;2025-11-27;14;478
25;2025-11-27;15;566
25;2025-11-27;16;743
25;2025-11-27;17;788
25;2025-11-27;18;822
25;2025-11-27;19;555
25;2025-11-27;20;324
25;2025-11-27;21;215
25;2025-11-27;22;117
25;2025-11-27;23;9
25;2025-11-28;0;1
25;2025-11-28;1;0
25;2025-11-28;2;0
25;2025-11-28;3;0
25;2025-11-28;4;0
25;2025-11-28;5;8
25;2025-11-28;6;210
25;2025-11-28;7;541
25;2025-11-28;8;858
25;2025-11-28;9;429
25;2025-11-28;10;392
25;2025-11-28;11;426
25;2025-11-28;12;428
25;2025-11-28;13;531
25;2025-11-28;14;488
25;2025-11-28;15;624
25;2025-11-28;16;825
25;2025-11-28;17;779
25;2025-11-28;18;660
25;2025-11-28;19;522
25;2025-11-28;20;324
25;2025-11-28;21;213
25;2025-11-28;22;134
25;2025-11-28;23;13
25;2025-11-29;0;4
25;2025-11-29;1;0
25;2025-11-29;2;0
25;2025-11-29;3;0
25;2025-11-29;4;0
25;2025-11-29;5;10
25;2025-11-29;6;89
25;2025-11-29;7;128
25;2025-11-29;8;285
25;2025-11-29;9;256
25;2025-11-29;10;282
25;2025-11-29;11;370
25;2025-11-29;12;406
25;2025-11-29;13;582
25;2025-11-29;14;588
25;2025-11-29;15;688
25;2025-11-29;16;639
25;2025-11-29;17;498
25;2025-11-29;18;442
25;2025-11-29;19;386
25;2025-11-29;20;243
25;2025-11-29;21;197
25;2025-11-29;22;125
25;2025-11-29;23;51
25;2025-11-30;0;17
25;2025-11-30;1;0
25;2025-11-30;2;0
25;2025-11-30;3;0
25;2025-11-30;4;0
25;2025-11-30;5;6
25;2025-11-30;6;80
25;2025-11-30;7;99
25;2025-11-30;8;194
25;2025-11-30;9;219
25;2025-11-30;10;233
25;2025-11-30;11;324
25;2025-11-30;12;381
25;2025-11-30;13;487
25;2025-11-30;14;545
25;2025-11-30;15;624
25;2025-11-30;16;546
25;2025-11-30;17;490
25;2025-11-30;18;406
25;2025-11-30;19;309
25;2025-11-30;20;224
25;2025-11-30;21;178
25;2025-11-30;22;104
25;2025-11-30;23;39
25;2025-12-01;0;3
25;2025-12-01;1;0
25;2025-12-01;2;0
25;2025-12-01;3;0
25;2025-12-01;4;0
25;2025-12-01;5;9
25;2025-12-01;6;209
25;2025-12-01;7;561
25;2025-12-01;8;931
25;2025-12-01;9;482
25;2025-12-01;10;383
25;2025-12-01;11;432
25;2025-12-01;12;423
25;2025-12-01;13;527
25;2025-12-01;14;464
25;2025-12-01;15;548
25;2025-12-01;16;728
25;2025-12-01;17;769
25;2025-12-01;18;808
25;2025-12-01;19;531
25;2025-12-01;20;316
25;2025-12-01;21;206
25;2025-12-01;22;119
25;2025-12-01;23;9
25;2025-12-02;0;4
25;2025-12-02;1;0
25;2025-12-02;2;0
25;2025-12-02;3;0
25;2025-12-02;4;0
25;2025-12-02;5;10
25;2025-12-02;6;214
25;2025-12-02;7;576
25;2025-12-02;8;957
25;2025-12-02;9;495
25;2025-12-02;10;393
25;2025-12-02;11;443
25;2025-12-02;12;436
25;2025-12-02;13;542
25;2025-12-02;14;477
25;2025-12-02;15;562
25;2025-12-02;16;749
25;2025-12-02;17;790
25;2025-12-02;18;831
25;2025-12-02;19;545
25;2025-12-02;20;324
25;2025-12-02;21;212
25;2025-12-02;22;123
25;2025-12-02;23;9
25;2025-12-03;0;4
25;2025-12-03;1;0
25;2025-12-03;2;0
25;2025-12-03;3;0
25;2025-12-03;4;0
25;2025-12-03;5;10
25;2025-12-03;6;214
25;2025-12-03;7;576
25;2025-12-03;8;957
25;2025-12-03;9;495
25;2025-12-03;10;393
25;2025-12-03;11;443
25;2025-12-03;12;436
25;2025-12-03;13;542
25;2025-12-03;14;477
25;2025-12-03;15;562
25;2025-12-03;16;749
25;2025-12-03;17;790
25;2025-12-03;18;831
25;2025-12-03;19;545
25;2025-12-03;20;324
25;2025-12-03;21;212
25;2025-12-03;22;123
25;2025-12-03;23;9
25;2025-12-04;0;4
25;2025-12-04;1;0
25;2025-12-04;2;0
25;2025-12-04;3;0
25;2025-12-04;4;0
25;2025-12-04;5;10
25;2025-12-04;6;214
25;2025-12-04;7;576
25;2025-12-04;8;957
25;2025-12-04;9;495
25;2025-12-04;10;393
25;2025-12-04;11;443
25;2025-12-04;12;436
25;2025-12-04;13;542
25;2025-12-04;14;477
25;2025-12-04;15;562
25;2025-12-04;16;749
25;2025-12-04;17;790
25;2025-12-04;18;831
25;2025-12-04;19;545
25;2025-12-04;20;324
25;2025-12-04;21;212
25;2025-12-04;22;123
25;2025-12-04;23;9
25;2025-12-05;0;1
25;2025-12-05;1;0
25;2025-12-05;2;0
25;2025-12-05;3;0
25;2025-12-05;4;0
25;2025-12-05;5;7
25;2025-12-05;6;199
25;2025-12-05;7;543
25;2025-12-05;8;866
25;2025-12-05;9;432
25;2025-12-05;10;391
25;2025-12-05;11;424
25;2025-12-05;12;431
25;2025-12-05;13;527
25;2025-12-05;14;493
25;2025-12-05;15;622
25;2025-12-05;16;827
25;2025-12-05;17;787
25;2025-12-05;18;661
25;2025-12-05;19;506
25;2025-12-05;20;324
25;2025-12-05;21;213
25;2025-12-05;22;140
25;2025-12-05;23;13
25;2025-12-06;0;4
25;2025-12-06;1;0
25;2025-12-06;2;0
25;2025-12-06;3;0
25;2025-12-06;4;0
25;2025-12-06;5;8
25;2025-12-06;6;81
25;2025-12-06;7;128
25;2025-12-06;8;283
25;2025-12-06;9;254
25;2025-12-06;10;281
25;2025-12-06;11;368
25;2025-12-06;12;406
25;2025-12-06;13;568
25;2025-12-06;14;574
25;2025-12-06;15;670
25;2025-12-06;16;620
25;2025-12-06;17;487
25;2025-12-06;18;433
25;2025-12-06;19;379
25;2025-12-06;20;242
25;2025-12-06;21;198
25;2025-12-06;22;128
25;2025-12-06;23;52
25;2025-12-07;0;17
25;2025-12-07;1;0
25;2025-12-07;2;0
25;2025-12-07;3;0
25;2025-12-07;4;0
25;2025-12-07;5;5
25;2025-12-07;6;74
25;2025-12-07;7;99
25;2025-12-07;8;194
25;2025-12-07;9;220
25;2025-12-07;10;234
25;2025-12-07;11;323
25;2025-12-07;12;378
25;2025-12-07;13;482
25;2025-12-07;14;533
25;2025-12-07;15;610
25;2025-12-07;16;537
25;2025-12-07;17;477
25;2025-12-07;18;401
25;2025-12-07;19;313
25;2025-12-07;20;222
25;2025-12-07;21;183
25;2025-12-07;22;106
25;2025-12-07;23;40
25;2025-12-08;0;3
25;2025-12-08;1;0
25;2025-12-08;2;0
25;2025-12-08;3;0
25;2025-12-08;4;0
25;2025-12-08;5;9
25;2025-12-08;6;209
25;2025-12-08;7;561
25;2025-12-08;8;931
25;2025-12-08;9;482
25;2025-12-08;10;383
25;2025-12-08;11;432
25;2025-12-08;12;423
25;2025-12-08;13;527
25;2025-12-08;14;464
25;2025-12-08;15;548
25;2025-12-08;16;728
25;2025-12-08;17;769
25;2025-12-08;18;808
25;2025-12-08;19;531
25;2025-12-08;20;316
25;2025-12-08;21;206
25;2025-12-08;22;119
25;2025-12-08;23;9
25;2025-12-09;0;4
25;2025-12-09;1;0
25;2025-12-09;2;0
25;2025-12-09;3;0
25;2025-12-09;4;0
25;2025-12-09;5;10
25;2025-12-09;6;214
25;2025-12-09;7;576
25;2025-12-09;8;957
25;2025-12-09;9;495
25;2025-12-09;10;393
25;2025-12-09;11;443
25;2025-12-09;12;436
25;2025-12-09;13;542
25;2025-12-09;14;477
25;2025-12-09;15;562
25;2025-12-09;16;749
25;2025-12-09;17;790
25;2025-12-09;18;831
25;2025-12-09;19;545
25;2025-12-09;20;324
25;2025-12-09;21;212
25;2025-12-09;22;123
25;2025-12-09;23;9
25;2025-12-10;0;4
25;2025-12-10;1;0
25;2025-12-10;2;0
25;2025-12-10;3;0
25;2025-12-10;4;0
25;2025-12-10;5;10
25;2025-12-10;6;214
25;2025-12-10;7;576
25;2025-12-10;8;957
25;2025-12-10;9;495
25;2025-12-10;10;393
25;2025-12-10;11;443
25;2025-12-10;12;436
25;2025-12-10;13;542
25;2025-12-10;14;477
25;2025-12-10;15;562
25;2025-12-10;16;749
25;2025-12-10;17;790
25;2025-12-10;18;831
25;2025-12-10;19;545
25;2025-12-10;20;324
25;2025-12-10;21;212
25;2025-12-10;22;123
25;2025-12-10;23;9
25;2025-12-11;0;4
25;2025-12-11;1;0
25;2025-12-11;2;0
25;2025-12-11;3;0
25;2025-12-11;4;0
25;2025-12-11;5;10
25;2025-12-11;6;214
25;2025-12-11;7;576
25;2025-12-11;8;957
25;2025-12-11;9;495
25;2025-12-11;10;393
25;2025-12-11;11;443
25;2025-12-11;12;436
25;2025-12-11;13;542
25;2025-12-11;14;477
25;2025-12-11;15;562
25;2025-12-11;16;749
25;2025-12-11;17;790
25;2025-12-11;18;831
25;2025-12-11;19;545
25;2025-12-11;20;324
25;2025-12-11;21;212
25;2025-12-11;22;123
25;2025-12-11;23;9
25;2025-12-12;0;1
25;2025-12-12;1;0
25;2025-12-12;2;0
25;2025-12-12;3;0
25;2025-12-12;4;0
25;2025-12-12;5;7
25;2025-12-12;6;199
25;2025-12-12;7;543
25;2025-12-12;8;866
25;2025-12-12;9;432
25;2025-12-12;10;391
25;2025-12-12;11;424
25;2025-12-12;12;431
25;2025-12-12;13;527
25;2025-12-12;14;493
25;2025-12-12;15;622
25;2025-12-12;16;827
25;2025-12-12;17;787
25;2025-12-12;18;661
25;2025-12-12;19;506
25;2025-12-12;20;324
25;2025-12-12;21;213
25;2025-12-12;22;140
25;2025-12-12;23;13
25;2025-12-13;0;4
25;2025-12-13;1;0
25;2025-12-13;2;0
25;2025-12-13;3;0
25;2025-12-13;4;0
25;2025-12-13;5;8
25;2025-12-13;6;81
25;2025-12-13;7;128
25;2025-12-13;8;283
25;2025-12-13;9;254
25;2025-12-13;10;281
25;2025-12-13;11;368
25;2025-12-13;12;406
25;2025-12-13;13;568
25;2025-12-13;14;574
25;2025-12-13;15;670
25;2025-12-13;16;620
25;2025-12-13;17;487
25;2025-12-13;18;433
25;2025-12-13;19;379
25;2025-12-13;20;242
25;2025-12-13;21;198
25;2025-12-13;22;128
25;2025-12-13;23;52
25;2025-12-14;0;17
25;2025-12-14;1;0
25;2025-12-14;2;0
25;2025-12-14;3;0
25;2025-12-14;4;0
25;2025-12-14;5;5
25;2025-12-14;6;74
25;2025-12-14;7;99
25;2025-12-14;8;194
25;2025-12-14;9;220
25;2025-12-14;10;234
25;2025-12-14;11;323
25;2025-12-14;12;378
25;2025-12-14;13;482
25;2025-12-14;14;533
25;2025-12-14;15;610
25;2025-12-14;16;537
25;2025-12-14;17;477
25;2025-12-14;18;401
25;2025-12-14;19;313
25;2025-12-14;20;222
25;2025-12-14;21;183
25;2025-12-14;22;106
25;2025-12-14;23;40
25;2025-12-15;0;3
25;2025-12-15;1;0
25;2025-12-15;2;0
25;2025-12-15;3;0
25;2025-12-15;4;0
25;2025-12-15;5;9
25;2025-12-15;6;209
25;2025-12-15;7;561
25;2025-12-15;8;931
25;2025-12-15;9;482
25;2025-12-15;10;383
25;2025-12-15;11;432
25;2025-12-15;12;423
25;2025-12-15;13;527
25;2025-12-15;14;464
25;2025-12-15;15;548
25;2025-12-15;16;728
25;2025-12-15;17;769
25;2025-12-15;18;808
25;2025-12-15;19;531
25;2025-12-15;20;316
25;2025-12-15;21;206
25;2025-12-15;22;119
25;2025-12-15;23;9
25;2025-12-16;0;4
25;2025-12-16;1;0
25;2025-12-16;2;0
25;2025-12-16;3;0
25;2025-12-16;4;0
25;2025-12-16;5;10
25;2025-12-16;6;214
25;2025-12-16;7;576
25;2025-12-16;8;957
25;2025-12-16;9;495
25;2025-12-16;10;393
25;2025-12-16;11;443
25;2025-12-16;12;436
25;2025-12-16;13;542
25;2025-12-16;14;477
25;2025-12-16;15;562
25;2025-12-16;16;749
25;2025-12-16;17;790
25;2025-12-16;18;831
25;2025-12-16;19;545
25;2025-12-16;20;324
25;2025-12-16;21;212
25;2025-12-16;22;123
25;2025-12-16;23;9
25;2025-12-17;0;4
25;2025-12-17;1;0
25;2025-12-17;2;0
25;2025-12-17;3;0
25;2025-12-17;4;0
25;2025-12-17;5;10
25;2025-12-17;6;214
25;2025-12-17;7;576
25;2025-12-17;8;957
25;2025-12-17;9;495
25;2025-12-17;10;393
25;2025-12-17;11;443
25;2025-12-17;12;436
25;2025-12-17;13;542
25;2025-12-17;14;477
25;2025-12-17;15;562
25;2025-12-17;16;749
25;2025-12-17;17;790
25;2025-12-17;18;831
25;2025-12-17;19;545
25;2025-12-17;20;324
25;2025-12-17;21;212
25;2025-12-17;22;123
25;2025-12-17;23;9
25;2025-12-18;0;4
25;2025-12-18;1;0
25;2025-12-18;2;0
25;2025-12-18;3;0
25;2025-12-18;4;0
25;2025-12-18;5;10
25;2025-12-18;6;214
25;2025-12-18;7;576
25;2025-12-18;8;957
25;2025-12-18;9;495
25;2025-12-18;10;393
25;2025-12-18;11;443
25;2025-12-18;12;436
25;2025-12-18;13;542
25;2025-12-18;14;477
25;2025-12-18;15;562
25;2025-12-18;16;749
25;2025-12-18;17;790
25;2025-12-18;18;831
25;2025-12-18;19;545
25;2025-12-18;20;324
25;2025-12-18;21;212
25;2025-12-18;22;123
25;2025-12-18;23;9
25;2025-12-19;0;1
25;2025-12-19;1;0
25;2025-12-19;2;0
25;2025-12-19;3;0
25;2025-12-19;4;0
25;2025-12-19;5;7
25;2025-12-19;6;199
25;2025-12-19;7;543
25;2025-12-19;8;866
25;2025-12-19;9;432
25;2025-12-19;10;391
25;2025-12-19;11;424
25;2025-12-19;12;431
25;2025-12-19;13;527
25;2025-12-19;14;493
25;2025-12-19;15;622
25;2025-12-19;16;827
25;2025-12-19;17;787
25;2025-12-19;18;661
25;2025-12-19;19;506
25;2025-12-19;20;324
25;2025-12-19;21;213
25;2025-12-19;22;140
25;2025-12-19;23;13
25;2025-12-20;0;4
25;2025-12-20;1;0
25;2025-12-20;2;0
25;2025-12-20;3;0
25;2025-12-20;4;0
25;2025-12-20;5;8
25;2025-12-20;6;81
25;2025-12-20;7;128
25;2025-12-20;8;283
25;2025-12-20;9;254
25;2025-12-20;10;281
25;2025-12-20;11;368
25;2025-12-20;12;406
25;2025-12-20;13;568
25;2025-12-20;14;574
25;2025-12-20;15;670
25;2025-12-20;16;620
25;2025-12-20;17;487
25;2025-12-20;18;433
25;2025-12-20;19;379
25;2025-12-20;20;242
25;2025-12-20;21;198
25;2025-12-20;22;128
25;2025-12-20;23;52
25;2025-12-21;0;17
25;2025-12-21;1;0
25;2025-12-21;2;0
25;2025-12-21;3;0
25;2025-12-21;4;0
25;2025-12-21;5;5
25;2025-12-21;6;74
25;2025-12-21;7;99
25;2025-12-21;8;194
25;2025-12-21;9;220
25;2025-12-21;10;234
25;2025-12-21;11;323
25;2025-12-21;12;378
25;2025-12-21;13;482
25;2025-12-21;14;533
25;2025-12-21;15;610
25;2025-12-21;16;537
25;2025-12-21;17;477
25;2025-12-21;18;401
25;2025-12-21;19;313
25;2025-12-21;20;222
25;2025-12-21;21;183
25;2025-12-21;22;106
25;2025-12-21;23;40
25;2025-12-22;0;3
25;2025-12-22;1;0
25;2025-12-22;2;0
25;2025-12-22;3;0
25;2025-12-22;4;0
25;2025-12-22;5;9
25;2025-12-22;6;209
25;2025-12-22;7;561
25;2025-12-22;8;931
25;2025-12-22;9;482
25;2025-12-22;10;383
25;2025-12-22;11;432
25;2025-12-22;12;423
25;2025-12-22;13;527
25;2025-12-22;14;464
25;2025-12-22;15;548
25;2025-12-22;16;728
25;2025-12-22;17;769
25;2025-12-22;18;808
25;2025-12-22;19;531
25;2025-12-22;20;316
25;2025-12-22;21;206
25;2025-12-22;22;119
25;2025-12-22;23;9
25;2025-12-23;0;4
25;2025-12-23;1;0
25;2025-12-23;2;0
25;2025-12-23;3;0
25;2025-12-23;4;0
25;2025-12-23;5;10
25;2025-12-23;6;214
25;2025-12-23;7;576
25;2025-12-23;8;957
25;2025-12-23;9;495
25;2025-12-23;10;393
25;2025-12-23;11;443
25;2025-12-23;12;436
25;2025-12-23;13;542
25;2025-12-23;14;477
25;2025-12-23;15;562
25;2025-12-23;16;749
25;2025-12-23;17;790
25;2025-12-23;18;831
25;2025-12-23;19;545
25;2025-12-23;20;324
25;2025-12-23;21;212
25;2025-12-23;22;123
25;2025-12-23;23;9
25;2025-12-24;0;4
25;2025-12-24;1;0
25;2025-12-24;2;0
25;2025-12-24;3;0
25;2025-12-24;4;0
25;2025-12-24;5;10
25;2025-12-24;6;214
25;2025-12-24;7;576
25;2025-12-24;8;957
25;2025-12-24;9;495
25;2025-12-24;10;393
25;2025-12-24;11;443
25;2025-12-24;12;436
25;2025-12-24;13;542
25;2025-12-24;14;477
25;2025-12-24;15;562
25;2025-12-24;16;749
25;2025-12-24;17;790
25;2025-12-24;18;831
25;2025-12-24;19;545
25;2025-12-24;20;324
25;2025-12-24;21;212
25;2025-12-24;22;123
25;2025-12-24;23;9
25;2025-12-25;0;4
25;2025-12-25;1;0
25;2025-12-25;2;0
25;2025-12-25;3;0
25;2025-12-25;4;0
25;2025-12-25;5;10
25;2025-12-25;6;214
25;2025-12-25;7;576
25;2025-12-25;8;957
25;2025-12-25;9;495
25;2025-12-25;10;393
25;2025-12-25;11;443
25;2025-12-25;12;436
25;2025-12-25;13;542
25;2025-12-25;14;477
25;2025-12-25;15;562
25;2025-12-25;16;749
25;2025-12-25;17;790
25;2025-12-25;18;831
25;2025-12-25;19;545
25;2025-12-25;20;324
25;2025-12-25;21;212
25;2025-12-25;22;123
25;2025-12-25;23;9
25;2025-12-26;0;1
25;2025-12-26;1;0
25;2025-12-26;2;0
25;2025-12-26;3;0
25;2025-12-26;4;0
25;2025-12-26;5;7
25;2025-12-26;6;199
25;2025-12-26;7;543
25;2025-12-26;8;866
25;2025-12-26;9;432
25;2025-12-26;10;391
25;2025-12-26;11;424
25;2025-12-26;12;431
25;2025-12-26;13;527
25;2025-12-26;14;493
25;2025-12-26;15;622
25;2025-12-26;16;827
25;2025-12-26;17;787
25;2025-12-26;18;661
25;2025-12-26;19;506
25;2025-12-26;20;324
25;2025-12-26;21;213
25;2025-12-26;22;140
25;2025-12-26;23;13
25;2025-12-27;0;4
25;2025-12-27;1;0
25;2025-12-27;2;0
25;2025-12-27;3;0
25;2025-12-27;4;0
25;2025-12-27;5;8
25;2025-12-27;6;81
25;2025-12-27;7;128
25;2025-12-27;8;283
25;2025-12-27;9;254
25;2025-12-27;10;281
25;2025-12-27;11;368
25;2025-12-27;12;406
25;2025-12-27;13;568
25;2025-12-27;14;574
25;2025-12-27;15;670
25;2025-12-27;16;620
25;2025-12-27;17;487
25;2025-12-27;18;433
25;2025-12-27;19;379
25;2025-12-27;20;242
25;2025-12-27;21;198
25;2025-12-27;22;128
25;2025-12-27;23;52
25;2025-12-28;0;17
25;2025-12-28;1;0
25;2025-12-28;2;0
25;2025-12-28;3;0
25;2025-12-28;4;0
25;2025-12-28;5;5
25;2025-12-28;6;74
25;2025-12-28;7;99
25;2025-12-28;8;194
25;2025-12-28;9;220
25;2025-12-28;10;234
25;2025-12-28;11;323
25;2025-12-28;12;378
25;2025-12-28;13;482
25;2025-12-28;14;533
25;2025-12-28;15;610
25;2025-12-28;16;537
25;2025-12-28;17;477
25;2025-12-28;18;401
25;2025-12-28;19;313
25;2025-12-28;20;222
25;2025-12-28;21;183
25;2025-12-28;22;106
25;2025-12-28;23;40
25;2025-12-29;0;3
25;2025-12-29;1;0
25;2025-12-29;2;0
25;2025-12-29;3;0
25;2025-12-29;4;0
25;2025-12-29;5;8
25;2025-12-29;6;188
25;2025-12-29;7;505
25;2025-12-29;8;838
25;2025-12-29;9;434
25;2025-12-29;10;345
25;2025-12-29;11;388
25;2025-12-29;12;381
25;2025-12-29;13;475
25;2025-12-29;14;417
25;2025-12-29;15;492
25;2025-12-29;16;655
25;2025-12-29;17;692
25;2025-12-29;18;727
25;2025-12-29;19;477
25;2025-12-29;20;284
25;2025-12-29;21;186
25;2025-12-29;22;107
25;2025-12-29;23;8
25;2025-12-30;0;3
25;2025-12-30;1;0
25;2025-12-30;2;0
25;2025-12-30;3;0
25;2025-12-30;4;0
25;2025-12-30;5;8
25;2025-12-30;6;182
25;2025-12-30;7;490
25;2025-12-30;8;813
25;2025-12-30;9;421
25;2025-12-30;10;335
25;2025-12-30;11;377
25;2025-12-30;12;370
25;2025-12-30;13;460
25;2025-12-30;14;405
25;2025-12-30;15;478
25;2025-12-30;16;637
25;2025-12-30;17;671
25;2025-12-30;18;706
25;2025-12-30;19;463
25;2025-12-30;20;276
25;2025-12-30;21;180
25;2025-12-30;22;104
25;2025-12-30;23;8
25;2025-12-31;0;2
25;2025-12-31;1;0
25;2025-12-31;2;0
25;2025-12-31;3;0
25;2025-12-31;4;0
25;2025-12-31;5;4
25;2025-12-31;6;44
25;2025-12-31;7;69
25;2025-12-31;8;153
25;2025-12-31;9;137
25;2025-12-31;10;152
25;2025-12-31;11;199
25;2025-12-31;12;219
25;2025-12-31;13;307
25;2025-12-31;14;310
25;2025-12-31;15;363
25;2025-12-31;16;336
25;2025-12-31;17;263
25;2025-12-31;18;234
25;2025-12-31;19;205
25;2025-12-31;20;13
25;2025-12-31;21;11
25;2025-12-31;22;7
25;2025-12-31;23;3
26;2025-11-01;0;40
26;2025-11-01;1;3
26;2025-11-01;2;0
26;2025-11-01;3;0
26;2025-11-01;4;1
26;2025-11-01;5;80
26;2025-11-01;6;472
26;2025-11-01;7;945
26;2025-11-01;8;1924
26;2025-11-01;9;1296
26;2025-11-01;10;1162
26;2025-11-01;11;1056
26;2025-11-01;12;1074
26;2025-11-01;13;1114
26;2025-11-01;14;1197
26;2025-11-01;15;1324
26;2025-11-01;16;1575
26;2025-11-01;17;1581
26;2025-11-01;18;1252
26;2025-11-01;19;968
26;2025-11-01;20;650
26;2025-11-01;21;417
26;2025-11-01;22;192
26;2025-11-01;23;137
26;2025-11-02;0;53
26;2025-11-02;1;5
26;2025-11-02;2;0
26;2025-11-02;3;0
26;2025-11-02;4;2
26;2025-11-02;5;32
26;2025-11-02;6;170
26;2025-11-02;7;259
26;2025-11-02;8;407
26;2025-11-02;9;571
26;2025-11-02;10;660
26;2025-11-02;11;926
26;2025-11-02;12;930
26;2025-11-02;13;1006
26;2025-11-02;14;968
26;2025-11-02;15;895
26;2025-11-02;16;864
26;2025-11-02;17;837
26;2025-11-02;18;759
26;2025-11-02;19;571
26;2025-11-02;20;433
26;2025-11-02;21;308
26;2025-11-02;22;199
26;2025-11-02;23;117
26;2025-11-03;0;43
26;2025-11-03;1;3
26;2025-11-03;2;0
26;2025-11-03;3;0
26;2025-11-03;4;2
26;2025-11-03;5;33
26;2025-11-03;6;183
26;2025-11-03;7;269
26;2025-11-03;8;431
26;2025-11-03;9;540
26;2025-11-03;10;651
26;2025-11-03;11;852
26;2025-11-03;12;880
26;2025-11-03;13;914
26;2025-11-03;14;905
26;2025-11-03;15;833
26;2025-11-03;16;833
26;2025-11-03;17;766
26;2025-11-03;18;708
26;2025-11-03;19;571
26;2025-11-03;20;420
26;2025-11-03;21;290
26;2025-11-03;22;178
26;2025-11-03;23;116
26;2025-11-04;0;43
26;2025-11-04;1;3
26;2025-11-04;2;0
26;2025-11-04;3;0
26;2025-11-04;4;2
26;2025-11-04;5;33
26;2025-11-04;6;183
26;2025-11-04;7;269
26;2025-11-04;8;431
26;2025-11-04;9;540
26;2025-11-04;10;651
26;2025-11-04;11;852
26;2025-11-04;12;880
26;2025-11-04;13;914
26;2025-11-04;14;905
26;2025-11-04;15;833
26;2025-11-04;16;833
26;2025-11-04;17;766
26;2025-11-04;18;708
26;2025-11-04;19;571
26;2025-11-04;20;420
26;2025-11-04;21;290
26;2025-11-04;22;178
26;2025-11-04;23;116
26;2025-11-05;0;32
26;2025-11-05;1;2
26;2025-11-05;2;0
26;2025-11-05;3;0
26;2025-11-05;4;2
26;2025-11-05;5;98
26;2025-11-05;6;521
26;2025-11-05;7;1144
26;2025-11-05;8;2272
26;2025-11-05;9;1521
26;2025-11-05;10;1318
26;2025-11-05;11;1191
26;2025-11-05;12;1237
26;2025-11-05;13;1277
26;2025-11-05;14;1349
26;2025-11-05;15;1453
26;2025-11-05;16;1608
26;2025-11-05;17;1749
26;2025-11-05;18;1948
26;2025-11-05;19;1306
26;2025-11-05;20;801
26;2025-11-05;21;498
26;2025-11-05;22;225
26;2025-11-05;23;121
26;2025-11-06;0;32
26;2025-11-06;1;2
26;2025-11-06;2;0
26;2025-11-06;3;0
26;2025-11-06;4;2
26;2025-11-06;5;98
26;2025-11-06;6;521
26;2025-11-06;7;1144
26;2025-11-06;8;2272
26;2025-11-06;9;1521
26;2025-11-06;10;1318
26;2025-11-06;11;1191
26;2025-11-06;12;1237
26;2025-11-06;13;1277
26;2025-11-06;14;1349
26;2025-11-06;15;1453
26;2025-11-06;16;1608
26;2025-11-06;17;1749
26;2025-11-06;18;1948
26;2025-11-06;19;1306
26;2025-11-06;20;801
26;2025-11-06;21;498
26;2025-11-06;22;225
26;2025-11-06;23;121
26;2025-11-07;0;32
26;2025-11-07;1;2
26;2025-11-07;2;0
26;2025-11-07;3;0
26;2025-11-07;4;1
26;2025-11-07;5;91
26;2025-11-07;6;537
26;2025-11-07;7;1075
26;2025-11-07;8;2187
26;2025-11-07;9;1474
26;2025-11-07;10;1320
26;2025-11-07;11;1200
26;2025-11-07;12;1221
26;2025-11-07;13;1267
26;2025-11-07;14;1361
26;2025-11-07;15;1505
26;2025-11-07;16;1790
26;2025-11-07;17;1797
26;2025-11-07;18;1423
26;2025-11-07;19;1101
26;2025-11-07;20;739
26;2025-11-07;21;474
26;2025-11-07;22;218
26;2025-11-07;23;155
26;2025-11-08;0;46
26;2025-11-08;1;3
26;2025-11-08;2;0
26;2025-11-08;3;0
26;2025-11-08;4;2
26;2025-11-08;5;46
26;2025-11-08;6;266
26;2025-11-08;7;377
26;2025-11-08;8;612
26;2025-11-08;9;693
26;2025-11-08;10;871
26;2025-11-08;11;1063
26;2025-11-08;12;1130
26;2025-11-08;13;1126
26;2025-11-08;14;1151
26;2025-11-08;15;1054
26;2025-11-08;16;1091
26;2025-11-08;17;951
26;2025-11-08;18;899
26;2025-11-08;19;775
26;2025-11-08;20;554
26;2025-11-08;21;370
26;2025-11-08;22;216
26;2025-11-08;23;155
26;2025-11-09;0;53
26;2025-11-09;1;5
26;2025-11-09;2;0
26;2025-11-09;3;0
26;2025-11-09;4;2
26;2025-11-09;5;32
26;2025-11-09;6;170
26;2025-11-09;7;259
26;2025-11-09;8;407
26;2025-11-09;9;571
26;2025-11-09;10;660
26;2025-11-09;11;926
26;2025-11-09;12;930
26;2025-11-09;13;1006
26;2025-11-09;14;968
26;2025-11-09;15;895
26;2025-11-09;16;864
26;2025-11-09;17;837
26;2025-11-09;18;759
26;2025-11-09;19;571
26;2025-11-09;20;433
26;2025-11-09;21;308
26;2025-11-09;22;199
26;2025-11-09;23;117
26;2025-11-10;0;31
26;2025-11-10;1;2
26;2025-11-10;2;0
26;2025-11-10;3;0
26;2025-11-10;4;2
26;2025-11-10;5;95
26;2025-11-10;6;507
26;2025-11-10;7;1114
26;2025-11-10;8;2211
26;2025-11-10;9;1480
26;2025-11-10;10;1282
26;2025-11-10;11;1159
26;2025-11-10;12;1204
26;2025-11-10;13;1242
26;2025-11-10;14;1313
26;2025-11-10;15;1414
26;2025-11-10;16;1565
26;2025-11-10;17;1702
26;2025-11-10;18;1895
26;2025-11-10;19;1271
26;2025-11-10;20;780
26;2025-11-10;21;485
26;2025-11-10;22;219
26;2025-11-10;23;118
26;2025-11-11;0;32
26;2025-11-11;1;2
26;2025-11-11;2;0
26;2025-11-11;3;0
26;2025-11-11;4;2
26;2025-11-11;5;98
26;2025-11-11;6;521
26;2025-11-11;7;1144
26;2025-11-11;8;2272
26;2025-11-11;9;1521
26;2025-11-11;10;1318
26;2025-11-11;11;1191
26;2025-11-11;12;1237
26;2025-11-11;13;1277
26;2025-11-11;14;1349
26;2025-11-11;15;1453
26;2025-11-11;16;1608
26;2025-11-11;17;1749
26;2025-11-11;18;1948
26;2025-11-11;19;1306
26;2025-11-11;20;801
26;2025-11-11;21;498
26;2025-11-11;22;225
26;2025-11-11;23;121
26;2025-11-12;0;32
26;2025-11-12;1;2
26;2025-11-12;2;0
26;2025-11-12;3;0
26;2025-11-12;4;2
26;2025-11-12;5;98
26;2025-11-12;6;521
26;2025-11-12;7;1144
26;2025-11-12;8;2272
26;2025-11-12;9;1521
26;2025-11-12;10;1318
26;2025-11-12;11;1191
26;2025-11-12;12;1237
26;2025-11-12;13;1277
26;2025-11-12;14;1349
26;2025-11-12;15;1453
26;2025-11-12;16;1608
26;2025-11-12;17;1749
26;2025-11-12;18;1948
26;2025-11-12;19;1306
26;2025-11-12;20;801
26;2025-11-12;21;498
26;2025-11-12;22;225
26;2025-11-12;23;121
26;2025-11-13;0;32
26;2025-11-13;1;2
26;2025-11-13;2;0
26;2025-11-13;3;0
26;2025-11-13;4;2
26;2025-11-13;5;98
26;2025-11-13;6;521
26;2025-11-13;7;1144
26;2025-11-13;8;2272
26;2025-11-13;9;1521
26;2025-11-13;10;1318
26;2025-11-13;11;1191
26;2025-11-13;12;1237
26;2025-11-13;13;1277
26;2025-11-13;14;1349
26;2025-11-13;15;1453
26;2025-11-13;16;1608
26;2025-11-13;17;1749
26;2025-11-13;18;1948
26;2025-11-13;19;1306
26;2025-11-13;20;801
26;2025-11-13;21;498
26;2025-11-13;22;225
26;2025-11-13;23;121
26;2025-11-14;0;32
26;2025-11-14;1;2
26;2025-11-14;2;0
26;2025-11-14;3;0
26;2025-11-14;4;1
26;2025-11-14;5;91
26;2025-11-14;6;537
26;2025-11-14;7;1075
26;2025-11-14;8;2187
26;2025-11-14;9;1474
26;2025-11-14;10;1320
26;2025-11-14;11;1200
26;2025-11-14;12;1221
26;2025-11-14;13;1267
26;2025-11-14;14;1361
26;2025-11-14;15;1505
26;2025-11-14;16;1790
26;2025-11-14;17;1797
26;2025-11-14;18;1423
26;2025-11-14;19;1101
26;2025-11-14;20;739
26;2025-11-14;21;474
26;2025-11-14;22;218
26;2025-11-14;23;155
26;2025-11-15;0;46
26;2025-11-15;1;3
26;2025-11-15;2;0
26;2025-11-15;3;0
26;2025-11-15;4;2
26;2025-11-15;5;46
26;2025-11-15;6;266
26;2025-11-15;7;377
26;2025-11-15;8;612
26;2025-11-15;9;693
26;2025-11-15;10;871
26;2025-11-15;11;1063
26;2025-11-15;12;1130
26;2025-11-15;13;1126
26;2025-11-15;14;1151
26;2025-11-15;15;1054
26;2025-11-15;16;1091
26;2025-11-15;17;951
26;2025-11-15;18;899
26;2025-11-15;19;775
26;2025-11-15;20;554
26;2025-11-15;21;370
26;2025-11-15;22;216
26;2025-11-15;23;155
26;2025-11-16;0;53
26;2025-11-16;1;5
26;2025-11-16;2;0
26;2025-11-16;3;0
26;2025-11-16;4;2
26;2025-11-16;5;32
26;2025-11-16;6;170
26;2025-11-16;7;259
26;2025-11-16;8;407
26;2025-11-16;9;571
26;2025-11-16;10;660
26;2025-11-16;11;926
26;2025-11-16;12;930
26;2025-11-16;13;1006
26;2025-11-16;14;968
26;2025-11-16;15;895
26;2025-11-16;16;864
26;2025-11-16;17;837
26;2025-11-16;18;759
26;2025-11-16;19;571
26;2025-11-16;20;433
26;2025-11-16;21;308
26;2025-11-16;22;199
26;2025-11-16;23;117
26;2025-11-17;0;31
26;2025-11-17;1;2
26;2025-11-17;2;0
26;2025-11-17;3;0
26;2025-11-17;4;2
26;2025-11-17;5;95
26;2025-11-17;6;507
26;2025-11-17;7;1114
26;2025-11-17;8;2211
26;2025-11-17;9;1480
26;2025-11-17;10;1282
26;2025-11-17;11;1159
26;2025-11-17;12;1204
26;2025-11-17;13;1242
26;2025-11-17;14;1313
26;2025-11-17;15;1414
26;2025-11-17;16;1565
26;2025-11-17;17;1702
26;2025-11-17;18;1895
26;2025-11-17;19;1271
26;2025-11-17;20;780
26;2025-11-17;21;485
26;2025-11-17;22;219
26;2025-11-17;23;118
26;2025-11-18;0;32
26;2025-11-18;1;2
26;2025-11-18;2;0
26;2025-11-18;3;0
26;2025-11-18;4;2
26;2025-11-18;5;98
26;2025-11-18;6;521
26;2025-11-18;7;1144
26;2025-11-18;8;2272
26;2025-11-18;9;1521
26;2025-11-18;10;1318
26;2025-11-18;11;1191
26;2025-11-18;12;1237
26;2025-11-18;13;1277
26;2025-11-18;14;1349
26;2025-11-18;15;1453
26;2025-11-18;16;1608
26;2025-11-18;17;1749
26;2025-11-18;18;1948
26;2025-11-18;19;1306
26;2025-11-18;20;801
26;2025-11-18;21;498
26;2025-11-18;22;225
26;2025-11-18;23;121
26;2025-11-19;0;32
26;2025-11-19;1;2
26;2025-11-19;2;0
26;2025-11-19;3;0
26;2025-11-19;4;2
26;2025-11-19;5;98
26;2025-11-19;6;521
26;2025-11-19;7;1144
26;2025-11-19;8;2272
26;2025-11-19;9;1521
26;2025-11-19;10;1318
26;2025-11-19;11;1191
26;2025-11-19;12;1237
26;2025-11-19;13;1277
26;2025-11-19;14;1349
26;2025-11-19;15;1453
26;2025-11-19;16;1608
26;2025-11-19;17;1749
26;2025-11-19;18;1948
26;2025-11-19;19;1306
26;2025-11-19;20;801
26;2025-11-19;21;498
26;2025-11-19;22;225
26;2025-11-19;23;121
26;2025-11-20;0;32
26;2025-11-20;1;2
26;2025-11-20;2;0
26;2025-11-20;3;0
26;2025-11-20;4;2
26;2025-11-20;5;98
26;2025-11-20;6;521
26;2025-11-20;7;1144
26;2025-11-20;8;2272
26;2025-11-20;9;1521
26;2025-11-20;10;1318
26;2025-11-20;11;1191
26;2025-11-20;12;1237
26;2025-11-20;13;1277
26;2025-11-20;14;1349
26;2025-11-20;15;1453
26;2025-11-20;16;1608
26;2025-11-20;17;1749
26;2025-11-20;18;1948
26;2025-11-20;19;1306
26;2025-11-20;20;801
26;2025-11-20;21;498
26;2025-11-20;22;225
26;2025-11-20;23;121
26;2025-11-21;0;32
26;2025-11-21;1;2
26;2025-11-21;2;0
26;2025-11-21;3;0
26;2025-11-21;4;1
26;2025-11-21;5;91
26;2025-11-21;6;537
26;2025-11-21;7;1075
26;2025-11-21;8;2187
26;2025-11-21;9;1474
26;2025-11-21;10;1320
26;2025-11-21;11;1200
26;2025-11-21;12;1221
26;2025-11-21;13;1267
26;2025-11-21;14;1361
26;2025-11-21;15;1505
26;2025-11-21;16;1790
26;2025-11-21;17;1797
26;2025-11-21;18;1423
26;2025-11-21;19;1101
26;2025-11-21;20;739
26;2025-11-21;21;474
26;2025-11-21;22;218
26;2025-11-21;23;155
26;2025-11-22;0;46
26;2025-11-22;1;3
26;2025-11-22;2;0
26;2025-11-22;3;0
26;2025-11-22;4;2
26;2025-11-22;5;46
26;2025-11-22;6;266
26;2025-11-22;7;377
26;2025-11-22;8;612
26;2025-11-22;9;693
26;2025-11-22;10;871
26;2025-11-22;11;1063
26;2025-11-22;12;1130
26;2025-11-22;13;1126
26;2025-11-22;14;1151
26;2025-11-22;15;1054
26;2025-11-22;16;1091
26;2025-11-22;17;951
26;2025-11-22;18;899
26;2025-11-22;19;775
26;2025-11-22;20;554
26;2025-11-22;21;370
26;2025-11-22;22;216
26;2025-11-22;23;155
26;2025-11-23;0;53
26;2025-11-23;1;5
26;2025-11-23;2;0
26;2025-11-23;3;0
26;2025-11-23;4;2
26;2025-11-23;5;32
26;2025-11-23;6;170
26;2025-11-23;7;259
26;2025-11-23;8;407
26;2025-11-23;9;571
26;2025-11-23;10;660
26;2025-11-23;11;926
26;2025-11-23;12;930
26;2025-11-23;13;1006
26;2025-11-23;14;968
26;2025-11-23;15;895
26;2025-11-23;16;864
26;2025-11-23;17;837
26;2025-11-23;18;759
26;2025-11-23;19;571
26;2025-11-23;20;433
26;2025-11-23;21;308
26;2025-11-23;22;199
26;2025-11-23;23;117
26;2025-11-24;0;31
26;2025-11-24;1;2
26;2025-11-24;2;0
26;2025-11-24;3;0
26;2025-11-24;4;2
26;2025-11-24;5;95
26;2025-11-24;6;507
26;2025-11-24;7;1114
26;2025-11-24;8;2211
26;2025-11-24;9;1480
26;2025-11-24;10;1282
26;2025-11-24;11;1159
26;2025-11-24;12;1204
26;2025-11-24;13;1242
26;2025-11-24;14;1313
26;2025-11-24;15;1414
26;2025-11-24;16;1565
26;2025-11-24;17;1702
26;2025-11-24;18;1895
26;2025-11-24;19;1271
26;2025-11-24;20;780
26;2025-11-24;21;485
26;2025-11-24;22;219
26;2025-11-24;23;118
26;2025-11-25;0;32
26;2025-11-25;1;2
26;2025-11-25;2;0
26;2025-11-25;3;0
26;2025-11-25;4;2
26;2025-11-25;5;98
26;2025-11-25;6;521
26;2025-11-25;7;1144
26;2025-11-25;8;2272
26;2025-11-25;9;1521
26;2025-11-25;10;1318
26;2025-11-25;11;1191
26;2025-11-25;12;1237
26;2025-11-25;13;1277
26;2025-11-25;14;1349
26;2025-11-25;15;1453
26;2025-11-25;16;1608
26;2025-11-25;17;1749
26;2025-11-25;18;1948
26;2025-11-25;19;1306
26;2025-11-25;20;801
26;2025-11-25;21;498
26;2025-11-25;22;225
26;2025-11-25;23;121
26;2025-11-26;0;32
26;2025-11-26;1;2
26;2025-11-26;2;0
26;2025-11-26;3;0
26;2025-11-26;4;2
26;2025-11-26;5;98
26;2025-11-26;6;521
26;2025-11-26;7;1144
26;2025-11-26;8;2272
26;2025-11-26;9;1521
26;2025-11-26;10;1318
26;2025-11-26;11;1191
26;2025-11-26;12;1237
26;2025-11-26;13;1277
26;2025-11-26;14;1349
26;2025-11-26;15;1453
26;2025-11-26;16;1608
26;2025-11-26;17;1749
26;2025-11-26;18;1948
26;2025-11-26;19;1306
26;2025-11-26;20;801
26;2025-11-26;21;498
26;2025-11-26;22;225
26;2025-11-26;23;121
26;2025-11-27;0;32
26;2025-11-27;1;2
26;2025-11-27;2;0
26;2025-11-27;3;0
26;2025-11-27;4;2
26;2025-11-27;5;98
26;2025-11-27;6;521
26;2025-11-27;7;1144
26;2025-11-27;8;2272
26;2025-11-27;9;1521
26;2025-11-27;10;1318
26;2025-11-27;11;1191
26;2025-11-27;12;1237
26;2025-11-27;13;1277
26;2025-11-27;14;1349
26;2025-11-27;15;1453
26;2025-11-27;16;1608
26;2025-11-27;17;1749
26;2025-11-27;18;1948
26;2025-11-27;19;1306
26;2025-11-27;20;801
26;2025-11-27;21;498
26;2025-11-27;22;225
26;2025-11-27;23;121
26;2025-11-28;0;32
26;2025-11-28;1;2
26;2025-11-28;2;0
26;2025-11-28;3;0
26;2025-11-28;4;1
26;2025-11-28;5;91
26;2025-11-28;6;537
26;2025-11-28;7;1075
26;2025-11-28;8;2187
26;2025-11-28;9;1474
26;2025-11-28;10;1320
26;2025-11-28;11;1200
26;2025-11-28;12;1221
26;2025-11-28;13;1267
26;2025-11-28;14;1361
26;2025-11-28;15;1505
26;2025-11-28;16;1790
26;2025-11-28;17;1797
26;2025-11-28;18;1423
26;2025-11-28;19;1101
26;2025-11-28;20;739
26;2025-11-28;21;474
26;2025-11-28;22;218
26;2025-11-28;23;155
26;2025-11-29;0;46
26;2025-11-29;1;3
26;2025-11-29;2;0
26;2025-11-29;3;0
26;2025-11-29;4;2
26;2025-11-29;5;46
26;2025-11-29;6;266
26;2025-11-29;7;377
26;2025-11-29;8;612
26;2025-11-29;9;693
26;2025-11-29;10;871
26;2025-11-29;11;1063
26;2025-11-29;12;1130
26;2025-11-29;13;1126
26;2025-11-29;14;1151
26;2025-11-29;15;1054
26;2025-11-29;16;1091
26;2025-11-29;17;951
26;2025-11-29;18;899
26;2025-11-29;19;775
26;2025-11-29;20;554
26;2025-11-29;21;370
26;2025-11-29;22;216
26;2025-11-29;23;155
26;2025-11-30;0;53
26;2025-11-30;1;5
26;2025-11-30;2;0
26;2025-11-30;3;0
26;2025-11-30;4;2
26;2025-11-30;5;32
26;2025-11-30;6;170
26;2025-11-30;7;259
26;2025-11-30;8;407
26;2025-11-30;9;571
26;2025-11-30;10;660
26;2025-11-30;11;926
26;2025-11-30;12;930
26;2025-11-30;13;1006
26;2025-11-30;14;968
26;2025-11-30;15;895
26;2025-11-30;16;864
26;2025-11-30;17;837
26;2025-11-30;18;759
26;2025-11-30;19;571
26;2025-11-30;20;433
26;2025-11-30;21;308
26;2025-11-30;22;199
26;2025-11-30;23;117
26;2025-12-01;0;31
26;2025-12-01;1;2
26;2025-12-01;2;0
26;2025-12-01;3;0
26;2025-12-01;4;2
26;2025-12-01;5;95
26;2025-12-01;6;515
26;2025-12-01;7;1115
26;2025-12-01;8;2198
26;2025-12-01;9;1482
26;2025-12-01;10;1281
26;2025-12-01;11;1160
26;2025-12-01;12;1202
26;2025-12-01;13;1245
26;2025-12-01;14;1298
26;2025-12-01;15;1408
26;2025-12-01;16;1570
26;2025-12-01;17;1702
26;2025-12-01;18;1900
26;2025-12-01;19;1280
26;2025-12-01;20;784
26;2025-12-01;21;481
26;2025-12-01;22;221
26;2025-12-01;23;117
26;2025-12-02;0;32
26;2025-12-02;1;2
26;2025-12-02;2;0
26;2025-12-02;3;0
26;2025-12-02;4;2
26;2025-12-02;5;97
26;2025-12-02;6;529
26;2025-12-02;7;1146
26;2025-12-02;8;2259
26;2025-12-02;9;1523
26;2025-12-02;10;1317
26;2025-12-02;11;1192
26;2025-12-02;12;1235
26;2025-12-02;13;1280
26;2025-12-02;14;1334
26;2025-12-02;15;1447
26;2025-12-02;16;1613
26;2025-12-02;17;1749
26;2025-12-02;18;1953
26;2025-12-02;19;1315
26;2025-12-02;20;806
26;2025-12-02;21;495
26;2025-12-02;22;227
26;2025-12-02;23;120
26;2025-12-03;0;32
26;2025-12-03;1;2
26;2025-12-03;2;0
26;2025-12-03;3;0
26;2025-12-03;4;2
26;2025-12-03;5;97
26;2025-12-03;6;529
26;2025-12-03;7;1146
26;2025-12-03;8;2259
26;2025-12-03;9;1523
26;2025-12-03;10;1317
26;2025-12-03;11;1192
26;2025-12-03;12;1235
26;2025-12-03;13;1280
26;2025-12-03;14;1334
26;2025-12-03;15;1447
26;2025-12-03;16;1613
26;2025-12-03;17;1749
26;2025-12-03;18;1953
26;2025-12-03;19;1315
26;2025-12-03;20;806
26;2025-12-03;21;495
26;2025-12-03;22;227
26;2025-12-03;23;120
26;2025-12-04;0;32
26;2025-12-04;1;2
26;2025-12-04;2;0
26;2025-12-04;3;0
26;2025-12-04;4;2
26;2025-12-04;5;97
26;2025-12-04;6;529
26;2025-12-04;7;1146
26;2025-12-04;8;2259
26;2025-12-04;9;1523
26;2025-12-04;10;1317
26;2025-12-04;11;1192
26;2025-12-04;12;1235
26;2025-12-04;13;1280
26;2025-12-04;14;1334
26;2025-12-04;15;1447
26;2025-12-04;16;1613
26;2025-12-04;17;1749
26;2025-12-04;18;1953
26;2025-12-04;19;1315
26;2025-12-04;20;806
26;2025-12-04;21;495
26;2025-12-04;22;227
26;2025-12-04;23;120
26;2025-12-05;0;32
26;2025-12-05;1;2
26;2025-12-05;2;0
26;2025-12-05;3;0
26;2025-12-05;4;1
26;2025-12-05;5;92
26;2025-12-05;6;542
26;2025-12-05;7;1077
26;2025-12-05;8;2163
26;2025-12-05;9;1479
26;2025-12-05;10;1313
26;2025-12-05;11;1198
26;2025-12-05;12;1225
26;2025-12-05;13;1272
26;2025-12-05;14;1336
26;2025-12-05;15;1512
26;2025-12-05;16;1789
26;2025-12-05;17;1790
26;2025-12-05;18;1440
26;2025-12-05;19;1111
26;2025-12-05;20;750
26;2025-12-05;21;471
26;2025-12-05;22;221
26;2025-12-05;23;154
26;2025-12-06;0;45
26;2025-12-06;1;3
26;2025-12-06;2;0
26;2025-12-06;3;0
26;2025-12-06;4;2
26;2025-12-06;5;45
26;2025-12-06;6;272
26;2025-12-06;7;378
26;2025-12-06;8;611
26;2025-12-06;9;698
26;2025-12-06;10;872
26;2025-12-06;11;1067
26;2025-12-06;12;1132
26;2025-12-06;13;1132
26;2025-12-06;14;1151
26;2025-12-06;15;1058
26;2025-12-06;16;1093
26;2025-12-06;17;954
26;2025-12-06;18;905
26;2025-12-06;19;779
26;2025-12-06;20;556
26;2025-12-06;21;373
26;2025-12-06;22;218
26;2025-12-06;23;155
26;2025-12-07;0;53
26;2025-12-07;1;5
26;2025-12-07;2;0
26;2025-12-07;3;0
26;2025-12-07;4;2
26;2025-12-07;5;34
26;2025-12-07;6;170
26;2025-12-07;7;256
26;2025-12-07;8;409
26;2025-12-07;9;576
26;2025-12-07;10;662
26;2025-12-07;11;931
26;2025-12-07;12;938
26;2025-12-07;13;1016
26;2025-12-07;14;974
26;2025-12-07;15;902
26;2025-12-07;16;874
26;2025-12-07;17;845
26;2025-12-07;18;767
26;2025-12-07;19;581
26;2025-12-07;20;436
26;2025-12-07;21;311
26;2025-12-07;22;205
26;2025-12-07;23;118
26;2025-12-08;0;31
26;2025-12-08;1;2
26;2025-12-08;2;0
26;2025-12-08;3;0
26;2025-12-08;4;2
26;2025-12-08;5;95
26;2025-12-08;6;515
26;2025-12-08;7;1115
26;2025-12-08;8;2198
26;2025-12-08;9;1482
26;2025-12-08;10;1281
26;2025-12-08;11;1160
26;2025-12-08;12;1202
26;2025-12-08;13;1245
26;2025-12-08;14;1298
26;2025-12-08;15;1408
26;2025-12-08;16;1570
26;2025-12-08;17;1702
26;2025-12-08;18;1900
26;2025-12-08;19;1280
26;2025-12-08;20;784
26;2025-12-08;21;481
26;2025-12-08;22;221
26;2025-12-08;23;117
26;2025-12-09;0;32
26;2025-12-09;1;2
26;2025-12-09;2;0
26;2025-12-09;3;0
26;2025-12-09;4;2
26;2025-12-09;5;97
26;2025-12-09;6;529
26;2025-12-09;7;1146
26;2025-12-09;8;2259
26;2025-12-09;9;1523
26;2025-12-09;10;1317
26;2025-12-09;11;1192
26;2025-12-09;12;1235
26;2025-12-09;13;1280
26;2025-12-09;14;1334
26;2025-12-09;15;1447
26;2025-12-09;16;1613
26;2025-12-09;17;1749
26;2025-12-09;18;1953
26;2025-12-09;19;1315
26;2025-12-09;20;806
26;2025-12-09;21;495
26;2025-12-09;22;227
26;2025-12-09;23;120
26;2025-12-10;0;32
26;2025-12-10;1;2
26;2025-12-10;2;0
26;2025-12-10;3;0
26;2025-12-10;4;2
26;2025-12-10;5;97
26;2025-12-10;6;529
26;2025-12-10;7;1146
26;2025-12-10;8;2259
26;2025-12-10;9;1523
26;2025-12-10;10;1317
26;2025-12-10;11;1192
26;2025-12-10;12;1235
26;2025-12-10;13;1280
26;2025-12-10;14;1334
26;2025-12-10;15;1447
26;2025-12-10;16;1613
26;2025-12-10;17;1749
26;2025-12-10;18;1953
26;2025-12-10;19;1315
26;2025-12-10;20;806
26;2025-12-10;21;495
26;2025-12-10;22;227
26;2025-12-10;23;120
26;2025-12-11;0;32
26;2025-12-11;1;2
26;2025-12-11;2;0
26;2025-12-11;3;0
26;2025-12-11;4;2
26;2025-12-11;5;97
26;2025-12-11;6;529
26;2025-12-11;7;1146
26;2025-12-11;8;2259
26;2025-12-11;9;1523
26;2025-12-11;10;1317
26;2025-12-11;11;1192
26;2025-12-11;12;1235
26;2025-12-11;13;1280
26;2025-12-11;14;1334
26;2025-12-11;15;1447
26;2025-12-11;16;1613
26;2025-12-11;17;1749
26;2025-12-11;18;1953
26;2025-12-11;19;1315
26;2025-12-11;20;806
26;2025-12-11;21;495
26;2025-12-11;22;227
26;2025-12-11;23;120
26;2025-12-12;0;32
26;2025-12-12;1;2
26;2025-12-12;2;0
26;2025-12-12;3;0
26;2025-12-12;4;1
26;2025-12-12;5;92
26;2025-12-12;6;542
26;2025-12-12;7;1077
26;2025-12-12;8;2163
26;2025-12-12;9;1479
26;2025-12-12;10;1313
26;2025-12-12;11;1198
26;2025-12-12;12;1225
26;2025-12-12;13;1272
26;2025-12-12;14;1336
26;2025-12-12;15;1512
26;2025-12-12;16;1789
26;2025-12-12;17;1790
26;2025-12-12;18;1440
26;2025-12-12;19;1111
26;2025-12-12;20;750
26;2025-12-12;21;471
26;2025-12-12;22;221
26;2025-12-12;23;154
26;2025-12-13;0;45
26;2025-12-13;1;3
26;2025-12-13;2;0
26;2025-12-13;3;0
26;2025-12-13;4;2
26;2025-12-13;5;45
26;2025-12-13;6;272
26;2025-12-13;7;378
26;2025-12-13;8;611
26;2025-12-13;9;698
26;2025-12-13;10;872
26;2025-12-13;11;1067
26;2025-12-13;12;1132
26;2025-12-13;13;1132
26;2025-12-13;14;1151
26;2025-12-13;15;1058
26;2025-12-13;16;1093
26;2025-12-13;17;954
26;2025-12-13;18;905
26;2025-12-13;19;779
26;2025-12-13;20;556
26;2025-12-13;21;373
26;2025-12-13;22;218
26;2025-12-13;23;155
26;2025-12-14;0;53
26;2025-12-14;1;5
26;2025-12-14;2;0
26;2025-12-14;3;0
26;2025-12-14;4;2
26;2025-12-14;5;34
26;2025-12-14;6;170
26;2025-12-14;7;256
26;2025-12-14;8;409
26;2025-12-14;9;576
26;2025-12-14;10;662
26;2025-12-14;11;931
26;2025-12-14;12;938
26;2025-12-14;13;1016
26;2025-12-14;14;974
26;2025-12-14;15;902
26;2025-12-14;16;874
26;2025-12-14;17;845
26;2025-12-14;18;767
26;2025-12-14;19;581
26;2025-12-14;20;436
26;2025-12-14;21;311
26;2025-12-14;22;205
26;2025-12-14;23;118
26;2025-12-15;0;31
26;2025-12-15;1;2
26;2025-12-15;2;0
26;2025-12-15;3;0
26;2025-12-15;4;2
26;2025-12-15;5;95
26;2025-12-15;6;515
26;2025-12-15;7;1115
26;2025-12-15;8;2198
26;2025-12-15;9;1482
26;2025-12-15;10;1281
26;2025-12-15;11;1160
26;2025-12-15;12;1202
26;2025-12-15;13;1245
26;2025-12-15;14;1298
26;2025-12-15;15;1408
26;2025-12-15;16;1570
26;2025-12-15;17;1702
26;2025-12-15;18;1900
26;2025-12-15;19;1280
26;2025-12-15;20;784
26;2025-12-15;21;481
26;2025-12-15;22;221
26;2025-12-15;23;117
26;2025-12-16;0;32
26;2025-12-16;1;2
26;2025-12-16;2;0
26;2025-12-16;3;0
26;2025-12-16;4;2
26;2025-12-16;5;97
26;2025-12-16;6;529
26;2025-12-16;7;1146
26;2025-12-16;8;2259
26;2025-12-16;9;1523
26;2025-12-16;10;1317
26;2025-12-16;11;1192
26;2025-12-16;12;1235
26;2025-12-16;13;1280
26;2025-12-16;14;1334
26;2025-12-16;15;1447
26;2025-12-16;16;1613
26;2025-12-16;17;1749
26;2025-12-16;18;1953
26;2025-12-16;19;1315
26;2025-12-16;20;806
26;2025-12-16;21;495
26;2025-12-16;22;227
26;2025-12-16;23;120
26;2025-12-17;0;32
26;2025-12-17;1;2
26;2025-12-17;2;0
26;2025-12-17;3;0
26;2025-12-17;4;2
26;2025-12-17;5;97
26;2025-12-17;6;529
26;2025-12-17;7;1146
26;2025-12-17;8;2259
26;2025-12-17;9;1523
26;2025-12-17;10;1317
26;2025-12-17;11;1192
26;2025-12-17;12;1235
26;2025-12-17;13;1280
26;2025-12-17;14;1334
26;2025-12-17;15;1447
26;2025-12-17;16;1613
26;2025-12-17;17;1749
26;2025-12-17;18;1953
26;2025-12-17;19;1315
26;2025-12-17;20;806
26;2025-12-17;21;495
26;2025-12-17;22;227
26;2025-12-17;23;120
26;2025-12-18;0;32
26;2025-12-18;1;2
26;2025-12-18;2;0
26;2025-12-18;3;0
26;2025-12-18;4;2
26;2025-12-18;5;97
26;2025-12-18;6;529
26;2025-12-18;7;1146
26;2025-12-18;8;2259
26;2025-12-18;9;1523
26;2025-12-18;10;1317
26;2025-12-18;11;1192
26;2025-12-18;12;1235
26;2025-12-18;13;1280
26;2025-12-18;14;1334
26;2025-12-18;15;1447
26;2025-12-18;16;1613
26;2025-12-18;17;1749
26;2025-12-18;18;1953
26;2025-12-18;19;1315
26;2025-12-18;20;806
26;2025-12-18;21;495
26;2025-12-18;22;227
26;2025-12-18;23;120
26;2025-12-19;0;32
26;2025-12-19;1;2
26;2025-12-19;2;0
26;2025-12-19;3;0
26;2025-12-19;4;1
26;2025-12-19;5;92
26;2025-12-19;6;542
26;2025-12-19;7;1077
26;2025-12-19;8;2163
26;2025-12-19;9;1479
26;2025-12-19;10;1313
26;2025-12-19;11;1198
26;2025-12-19;12;1225
26;2025-12-19;13;1272
26;2025-12-19;14;1336
26;2025-12-19;15;1512
26;2025-12-19;16;1789
26;2025-12-19;17;1790
26;2025-12-19;18;1440
26;2025-12-19;19;1111
26;2025-12-19;20;750
26;2025-12-19;21;471
26;2025-12-19;22;221
26;2025-12-19;23;154
26;2025-12-20;0;45
26;2025-12-20;1;3
26;2025-12-20;2;0
26;2025-12-20;3;0
26;2025-12-20;4;2
26;2025-12-20;5;45
26;2025-12-20;6;272
26;2025-12-20;7;378
26;2025-12-20;8;611
26;2025-12-20;9;698
26;2025-12-20;10;872
26;2025-12-20;11;1067
26;2025-12-20;12;1132
26;2025-12-20;13;1132
26;2025-12-20;14;1151
26;2025-12-20;15;1058
26;2025-12-20;16;1093
26;2025-12-20;17;954
26;2025-12-20;18;905
26;2025-12-20;19;779
26;2025-12-20;20;556
26;2025-12-20;21;373
26;2025-12-20;22;218
26;2025-12-20;23;155
26;2025-12-21;0;53
26;2025-12-21;1;5
26;2025-12-21;2;0
26;2025-12-21;3;0
26;2025-12-21;4;2
26;2025-12-21;5;34
26;2025-12-21;6;170
26;2025-12-21;7;256
26;2025-12-21;8;409
26;2025-12-21;9;576
26;2025-12-21;10;662
26;2025-12-21;11;931
26;2025-12-21;12;938
26;2025-12-21;13;1016
26;2025-12-21;14;974
26;2025-12-21;15;902
26;2025-12-21;16;874
26;2025-12-21;17;845
26;2025-12-21;18;767
26;2025-12-21;19;581
26;2025-12-21;20;436
26;2025-12-21;21;311
26;2025-12-21;22;205
26;2025-12-21;23;118
26;2025-12-22;0;31
26;2025-12-22;1;2
26;2025-12-22;2;0
26;2025-12-22;3;0
26;2025-12-22;4;2
26;2025-12-22;5;95
26;2025-12-22;6;515
26;2025-12-22;7;1115
26;2025-12-22;8;2198
26;2025-12-22;9;1482
26;2025-12-22;10;1281
26;2025-12-22;11;1160
26;2025-12-22;12;1202
26;2025-12-22;13;1245
26;2025-12-22;14;1298
26;2025-12-22;15;1408
26;2025-12-22;16;1570
26;2025-12-22;17;1702
26;2025-12-22;18;1900
26;2025-12-22;19;1280
26;2025-12-22;20;784
26;2025-12-22;21;481
26;2025-12-22;22;221
26;2025-12-22;23;117
26;2025-12-23;0;32
26;2025-12-23;1;2
26;2025-12-23;2;0
26;2025-12-23;3;0
26;2025-12-23;4;2
26;2025-12-23;5;97
26;2025-12-23;6;529
26;2025-12-23;7;1146
26;2025-12-23;8;2259
26;2025-12-23;9;1523
26;2025-12-23;10;1317
26;2025-12-23;11;1192
26;2025-12-23;12;1235
26;2025-12-23;13;1280
26;2025-12-23;14;1334
26;2025-12-23;15;1447
26;2025-12-23;16;1613
26;2025-12-23;17;1749
26;2025-12-23;18;1953
26;2025-12-23;19;1315
26;2025-12-23;20;806
26;2025-12-23;21;495
26;2025-12-23;22;227
26;2025-12-23;23;120
26;2025-12-24;0;32
26;2025-12-24;1;2
26;2025-12-24;2;0
26;2025-12-24;3;0
26;2025-12-24;4;2
26;2025-12-24;5;97
26;2025-12-24;6;529
26;2025-12-24;7;1146
26;2025-12-24;8;2259
26;2025-12-24;9;1523
26;2025-12-24;10;1317
26;2025-12-24;11;1192
26;2025-12-24;12;1235
26;2025-12-24;13;1280
26;2025-12-24;14;1334
26;2025-12-24;15;1447
26;2025-12-24;16;1613
26;2025-12-24;17;1749
26;2025-12-24;18;1953
26;2025-12-24;19;1315
26;2025-12-24;20;806
26;2025-12-24;21;495
26;2025-12-24;22;227
26;2025-12-24;23;120
26;2025-12-25;0;32
26;2025-12-25;1;2
26;2025-12-25;2;0
26;2025-12-25;3;0
26;2025-12-25;4;2
26;2025-12-25;5;97
26;2025-12-25;6;529
26;2025-12-25;7;1146
26;2025-12-25;8;2259
26;2025-12-25;9;1523
26;2025-12-25;10;1317
26;2025-12-25;11;1192
26;2025-12-25;12;1235
26;2025-12-25;13;1280
26;2025-12-25;14;1334
26;2025-12-25;15;1447
26;2025-12-25;16;1613
26;2025-12-25;17;1749
26;2025-12-25;18;1953
26;2025-12-25;19;1315
26;2025-12-25;20;806
26;2025-12-25;21;495
26;2025-12-25;22;227
26;2025-12-25;23;120
26;2025-12-26;0;32
26;2025-12-26;1;2
26;2025-12-26;2;0
26;2025-12-26;3;0
26;2025-12-26;4;1
26;2025-12-26;5;92
26;2025-12-26;6;542
26;2025-12-26;7;1077
26;2025-12-26;8;2163
26;2025-12-26;9;1479
26;2025-12-26;10;1313
26;2025-12-26;11;1198
26;2025-12-26;12;1225
26;2025-12-26;13;1272
26;2025-12-26;14;1336
26;2025-12-26;15;1512
26;2025-12-26;16;1789
26;2025-12-26;17;1790
26;2025-12-26;18;1440
26;2025-12-26;19;1111
26;2025-12-26;20;750
26;2025-12-26;21;471
26;2025-12-26;22;221
26;2025-12-26;23;154
26;2025-12-27;0;45
26;2025-12-27;1;3
26;2025-12-27;2;0
26;2025-12-27;3;0
26;2025-12-27;4;2
26;2025-12-27;5;45
26;2025-12-27;6;272
26;2025-12-27;7;378
26;2025-12-27;8;611
26;2025-12-27;9;698
26;2025-12-27;10;872
26;2025-12-27;11;1067
26;2025-12-27;12;1132
26;2025-12-27;13;1132
26;2025-12-27;14;1151
26;2025-12-27;15;1058
26;2025-12-27;16;1093
26;2025-12-27;17;954
26;2025-12-27;18;905
26;2025-12-27;19;779
26;2025-12-27;20;556
26;2025-12-27;21;373
26;2025-12-27;22;218
26;2025-12-27;23;155
26;2025-12-28;0;53
26;2025-12-28;1;5
26;2025-12-28;2;0
26;2025-12-28;3;0
26;2025-12-28;4;2
26;2025-12-28;5;34
26;2025-12-28;6;170
26;2025-12-28;7;256
26;2025-12-28;8;409
26;2025-12-28;9;576
26;2025-12-28;10;662
26;2025-12-28;11;931
26;2025-12-28;12;938
26;2025-12-28;13;1016
26;2025-12-28;14;974
26;2025-12-28;15;902
26;2025-12-28;16;874
26;2025-12-28;17;845
26;2025-12-28;18;767
26;2025-12-28;19;581
26;2025-12-28;20;436
26;2025-12-28;21;311
26;2025-12-28;22;205
26;2025-12-28;23;118
26;2025-12-29;0;28
26;2025-12-29;1;1
26;2025-12-29;2;0
26;2025-12-29;3;0
26;2025-12-29;4;2
26;2025-12-29;5;85
26;2025-12-29;6;463
26;2025-12-29;7;1003
26;2025-12-29;8;1979
26;2025-12-29;9;1334
26;2025-12-29;10;1154
26;2025-12-29;11;1043
26;2025-12-29;12;1082
26;2025-12-29;13;1122
26;2025-12-29;14;1168
26;2025-12-29;15;1267
26;2025-12-29;16;1412
26;2025-12-29;17;1532
26;2025-12-29;18;1710
26;2025-12-29;19;1152
26;2025-12-29;20;706
26;2025-12-29;21;433
26;2025-12-29;22;199
26;2025-12-29;23;105
26;2025-12-30;0;27
26;2025-12-30;1;1
26;2025-12-30;2;0
26;2025-12-30;3;0
26;2025-12-30;4;2
26;2025-12-30;5;83
26;2025-12-30;6;450
26;2025-12-30;7;974
26;2025-12-30;8;1920
26;2025-12-30;9;1295
26;2025-12-30;10;1120
26;2025-12-30;11;1012
26;2025-12-30;12;1050
26;2025-12-30;13;1088
26;2025-12-30;14;1134
26;2025-12-30;15;1230
26;2025-12-30;16;1371
26;2025-12-30;17;1486
26;2025-12-30;18;1660
26;2025-12-30;19;1118
26;2025-12-30;20;685
26;2025-12-30;21;420
26;2025-12-30;22;193
26;2025-12-30;23;102
26;2025-12-31;0;24
26;2025-12-31;1;2
26;2025-12-31;2;0
26;2025-12-31;3;0
26;2025-12-31;4;1
26;2025-12-31;5;24
26;2025-12-31;6;147
26;2025-12-31;7;204
26;2025-12-31;8;330
26;2025-12-31;9;377
26;2025-12-31;10;472
26;2025-12-31;11;577
26;2025-12-31;12;612
26;2025-12-31;13;612
26;2025-12-31;14;622
26;2025-12-31;15;572
26;2025-12-31;16;591
26;2025-12-31;17;516
26;2025-12-31;18;490
26;2025-12-31;19;421
26;2025-12-31;20;30
26;2025-12-31;21;20
26;2025-12-31;22;12
26;2025-12-31;23;8
28;2025-11-01;0;0
28;2025-11-01;1;0
28;2025-11-01;2;0
28;2025-11-01;3;0
28;2025-11-01;4;1
28;2025-11-01;5;68
28;2025-11-01;6;246
28;2025-11-01;7;744
28;2025-11-01;8;1133
28;2025-11-01;9;761
28;2025-11-01;10;605
28;2025-11-01;11;551
28;2025-11-01;12;689
28;2025-11-01;13;697
28;2025-11-01;14;676
28;2025-11-01;15;692
28;2025-11-01;16;938
28;2025-11-01;17;903
28;2025-11-01;18;764
28;2025-11-01;19;562
28;2025-11-01;20;421
28;2025-11-01;21;288
28;2025-11-01;22;129
28;2025-11-01;23;19
28;2025-11-02;0;1
28;2025-11-02;1;0
28;2025-11-02;2;0
28;2025-11-02;3;0
28;2025-11-02;4;0
28;2025-11-02;5;31
28;2025-11-02;6;84
28;2025-11-02;7;155
28;2025-11-02;8;256
28;2025-11-02;9;349
28;2025-11-02;10;411
28;2025-11-02;11;451
28;2025-11-02;12;486
28;2025-11-02;13;582
28;2025-11-02;14;546
28;2025-11-02;15;555
28;2025-11-02;16;512
28;2025-11-02;17;514
28;2025-11-02;18;429
28;2025-11-02;19;380
28;2025-11-02;20;304
28;2025-11-02;21;240
28;2025-11-02;22;113
28;2025-11-02;23;13
28;2025-11-03;0;1
28;2025-11-03;1;0
28;2025-11-03;2;0
28;2025-11-03;3;0
28;2025-11-03;4;1
28;2025-11-03;5;30
28;2025-11-03;6;81
28;2025-11-03;7;164
28;2025-11-03;8;275
28;2025-11-03;9;354
28;2025-11-03;10;405
28;2025-11-03;11;431
28;2025-11-03;12;482
28;2025-11-03;13;535
28;2025-11-03;14;509
28;2025-11-03;15;515
28;2025-11-03;16;492
28;2025-11-03;17;475
28;2025-11-03;18;407
28;2025-11-03;19;339
28;2025-11-03;20;262
28;2025-11-03;21;223
28;2025-11-03;22;100
28;2025-11-03;23;12
28;2025-11-04;0;1
28;2025-11-04;1;0
28;2025-11-04;2;0
28;2025-11-04;3;0
28;2025-11-04;4;1
28;2025-11-04;5;30
28;2025-11-04;6;81
28;2025-11-04;7;164
28;2025-11-04;8;275
28;2025-11-04;9;354
28;2025-11-04;10;405
28;2025-11-04;11;431
28;2025-11-04;12;482
28;2025-11-04;13;535
28;2025-11-04;14;509
28;2025-11-04;15;515
28;2025-11-04;16;492
28;2025-11-04;17;475
28;2025-11-04;18;407
28;2025-11-04;19;339
28;2025-11-04;20;262
28;2025-11-04;21;223
28;2025-11-04;22;100
28;2025-11-04;23;12
28;2025-11-05;0;3
28;2025-11-05;1;0
28;2025-11-05;2;0
28;2025-11-05;3;0
28;2025-11-05;4;2
28;2025-11-05;5;85
28;2025-11-05;6;284
28;2025-11-05;7;864
28;2025-11-05;8;1349
28;2025-11-05;9;916
28;2025-11-05;10;706
28;2025-11-05;11;626
28;2025-11-05;12;761
28;2025-11-05;13;785
28;2025-11-05;14;722
28;2025-11-05;15;761
28;2025-11-05;16;962
28;2025-11-05;17;1071
28;2025-11-05;18;1053
28;2025-11-05;19;782
28;2025-11-05;20;558
28;2025-11-05;21;341
28;2025-11-05;22;141
28;2025-11-05;23;21
28;2025-11-06;0;3
28;2025-11-06;1;0
28;2025-11-06;2;0
28;2025-11-06;3;0
28;2025-11-06;4;2
28;2025-11-06;5;85
28;2025-11-06;6;284
28;2025-11-06;7;864
28;2025-11-06;8;1349
28;2025-11-06;9;916
28;2025-11-06;10;706
28;2025-11-06;11;626
28;2025-11-06;12;761
28;2025-11-06;13;785
28;2025-11-06;14;722
28;2025-11-06;15;761
28;2025-11-06;16;962
28;2025-11-06;17;1071
28;2025-11-06;18;1053
28;2025-11-06;19;782
28;2025-11-06;20;558
28;2025-11-06;21;341
28;2025-11-06;22;141
28;2025-11-06;23;21
28;2025-11-07;0;2
28;2025-11-07;1;0
28;2025-11-07;2;0
28;2025-11-07;3;0
28;2025-11-07;4;1
28;2025-11-07;5;77
28;2025-11-07;6;279
28;2025-11-07;7;846
28;2025-11-07;8;1288
28;2025-11-07;9;865
28;2025-11-07;10;687
28;2025-11-07;11;626
28;2025-11-07;12;783
28;2025-11-07;13;793
28;2025-11-07;14;768
28;2025-11-07;15;787
28;2025-11-07;16;1066
28;2025-11-07;17;1026
28;2025-11-07;18;868
28;2025-11-07;19;639
28;2025-11-07;20;479
28;2025-11-07;21;327
28;2025-11-07;22;147
28;2025-11-07;23;22
28;2025-11-08;0;1
28;2025-11-08;1;0
28;2025-11-08;2;0
28;2025-11-08;3;0
28;2025-11-08;4;1
28;2025-11-08;5;38
28;2025-11-08;6;103
28;2025-11-08;7;228
28;2025-11-08;8;386
28;2025-11-08;9;474
28;2025-11-08;10;528
28;2025-11-08;11;544
28;2025-11-08;12;631
28;2025-11-08;13;649
28;2025-11-08;14;628
28;2025-11-08;15;631
28;2025-11-08;16;627
28;2025-11-08;17;581
28;2025-11-08;18;510
28;2025-11-08;19;400
28;2025-11-08;20;297
28;2025-11-08;21;273
28;2025-11-08;22;118
28;2025-11-08;23;14
28;2025-11-09;0;1
28;2025-11-09;1;0
28;2025-11-09;2;0
28;2025-11-09;3;0
28;2025-11-09;4;0
28;2025-11-09;5;31
28;2025-11-09;6;84
28;2025-11-09;7;155
28;2025-11-09;8;256
28;2025-11-09;9;349
28;2025-11-09;10;411
28;2025-11-09;11;451
28;2025-11-09;12;486
28;2025-11-09;13;582
28;2025-11-09;14;546
28;2025-11-09;15;555
28;2025-11-09;16;512
28;2025-11-09;17;514
28;2025-11-09;18;429
28;2025-11-09;19;380
28;2025-11-09;20;304
28;2025-11-09;21;240
28;2025-11-09;22;113
28;2025-11-09;23;13
28;2025-11-10;0;3
28;2025-11-10;1;0
28;2025-11-10;2;0
28;2025-11-10;3;0
28;2025-11-10;4;2
28;2025-11-10;5;83
28;2025-11-10;6;276
28;2025-11-10;7;841
28;2025-11-10;8;1313
28;2025-11-10;9;892
28;2025-11-10;10;687
28;2025-11-10;11;610
28;2025-11-10;12;741
28;2025-11-10;13;764
28;2025-11-10;14;702
28;2025-11-10;15;741
28;2025-11-10;16;935
28;2025-11-10;17;1043
28;2025-11-10;18;1024
28;2025-11-10;19;761
28;2025-11-10;20;543
28;2025-11-10;21;332
28;2025-11-10;22;137
28;2025-11-10;23;20
28;2025-11-11;0;3
28;2025-11-11;1;0
28;2025-11-11;2;0
28;2025-11-11;3;0
28;2025-11-11;4;2
28;2025-11-11;5;85
28;2025-11-11;6;284
28;2025-11-11;7;864
28;2025-11-11;8;1349
28;2025-11-11;9;916
28;2025-11-11;10;706
28;2025-11-11;11;626
28;2025-11-11;12;761
28;2025-11-11;13;785
28;2025-11-11;14;722
28;2025-11-11;15;761
28;2025-11-11;16;962
28;2025-11-11;17;1071
28;2025-11-11;18;1053
28;2025-11-11;19;782
28;2025-11-11;20;558
28;2025-11-11;21;341
28;2025-11-11;22;141
28;2025-11-11;23;21
28;2025-11-12;0;3
28;2025-11-12;1;0
28;2025-11-12;2;0
28;2025-11-12;3;0
28;2025-11-12;4;2
28;2025-11-12;5;85
28;2025-11-12;6;284
28;2025-11-12;7;864
28;2025-11-12;8;1349
28;2025-11-12;9;916
28;2025-11-12;10;706
28;2025-11-12;11;626
28;2025-11-12;12;761
28;2025-11-12;13;785
28;2025-11-12;14;722
28;2025-11-12;15;761
28;2025-11-12;16;962
28;2025-11-12;17;1071
28;2025-11-12;18;1053
28;2025-11-12;19;782
28;2025-11-12;20;558
28;2025-11-12;21;341
28;2025-11-12;22;141
28;2025-11-12;23;21
28;2025-11-13;0;3
28;2025-11-13;1;0
28;2025-11-13;2;0
28;2025-11-13;3;0
28;2025-11-13;4;2
28;2025-11-13;5;85
28;2025-11-13;6;284
28;2025-11-13;7;864
28;2025-11-13;8;1349
28;2025-11-13;9;916
28;2025-11-13;10;706
28;2025-11-13;11;626
28;2025-11-13;12;761
28;2025-11-13;13;785
28;2025-11-13;14;722
28;2025-11-13;15;761
28;2025-11-13;16;962
28;2025-11-13;17;1071
28;2025-11-13;18;1053
28;2025-11-13;19;782
28;2025-11-13;20;558
28;2025-11-13;21;341
28;2025-11-13;22;141
28;2025-11-13;23;21
28;2025-11-14;0;2
28;2025-11-14;1;0
28;2025-11-14;2;0
28;2025-11-14;3;0
28;2025-11-14;4;1
28;2025-11-14;5;77
28;2025-11-14;6;279
28;2025-11-14;7;846
28;2025-11-14;8;1288
28;2025-11-14;9;865
28;2025-11-14;10;687
28;2025-11-14;11;626
28;2025-11-14;12;783
28;2025-11-14;13;793
28;2025-11-14;14;768
28;2025-11-14;15;787
28;2025-11-14;16;1066
28;2025-11-14;17;1026
28;2025-11-14;18;868
28;2025-11-14;19;639
28;2025-11-14;20;479
28;2025-11-14;21;327
28;2025-11-14;22;147
28;2025-11-14;23;22
28;2025-11-15;0;1
28;2025-11-15;1;0
28;2025-11-15;2;0
28;2025-11-15;3;0
28;2025-11-15;4;1
28;2025-11-15;5;38
28;2025-11-15;6;103
28;2025-11-15;7;228
28;2025-11-15;8;386
28;2025-11-15;9;474
28;2025-11-15;10;528
28;2025-11-15;11;544
28;2025-11-15;12;631
28;2025-11-15;13;649
28;2025-11-15;14;628
28;2025-11-15;15;631
28;2025-11-15;16;627
28;2025-11-15;17;581
28;2025-11-15;18;510
28;2025-11-15;19;400
28;2025-11-15;20;297
28;2025-11-15;21;273
28;2025-11-15;22;118
28;2025-11-15;23;14
28;2025-11-16;0;1
28;2025-11-16;1;0
28;2025-11-16;2;0
28;2025-11-16;3;0
28;2025-11-16;4;0
28;2025-11-16;5;31
28;2025-11-16;6;84
28;2025-11-16;7;155
28;2025-11-16;8;256
28;2025-11-16;9;349
28;2025-11-16;10;411
28;2025-11-16;11;451
28;2025-11-16;12;486
28;2025-11-16;13;582
28;2025-11-16;14;546
28;2025-11-16;15;555
28;2025-11-16;16;512
28;2025-11-16;17;514
28;2025-11-16;18;429
28;2025-11-16;19;380
28;2025-11-16;20;304
28;2025-11-16;21;240
28;2025-11-16;22;113
28;2025-11-16;23;13
28;2025-11-17;0;3
28;2025-11-17;1;0
28;2025-11-17;2;0
28;2025-11-17;3;0
28;2025-11-17;4;2
28;2025-11-17;5;83
28;2025-11-17;6;276
28;2025-11-17;7;841
28;2025-11-17;8;1313
28;2025-11-17;9;892
28;2025-11-17;10;687
28;2025-11-17;11;610
28;2025-11-17;12;741
28;2025-11-17;13;764
28;2025-11-17;14;702
28;2025-11-17;15;741
28;2025-11-17;16;935
28;2025-11-17;17;1043
28;2025-11-17;18;1024
28;2025-11-17;19;761
28;2025-11-17;20;543
28;2025-11-17;21;332
28;2025-11-17;22;137
28;2025-11-17;23;20
28;2025-11-18;0;3
28;2025-11-18;1;0
28;2025-11-18;2;0
28;2025-11-18;3;0
28;2025-11-18;4;2
28;2025-11-18;5;85
28;2025-11-18;6;284
28;2025-11-18;7;864
28;2025-11-18;8;1349
28;2025-11-18;9;916
28;2025-11-18;10;706
28;2025-11-18;11;626
28;2025-11-18;12;761
28;2025-11-18;13;785
28;2025-11-18;14;722
28;2025-11-18;15;761
28;2025-11-18;16;962
28;2025-11-18;17;1071
28;2025-11-18;18;1053
28;2025-11-18;19;782
28;2025-11-18;20;558
28;2025-11-18;21;341
28;2025-11-18;22;141
28;2025-11-18;23;21
28;2025-11-19;0;3
28;2025-11-19;1;0
28;2025-11-19;2;0
28;2025-11-19;3;0
28;2025-11-19;4;2
28;2025-11-19;5;85
28;2025-11-19;6;284
28;2025-11-19;7;864
28;2025-11-19;8;1349
28;2025-11-19;9;916
28;2025-11-19;10;706
28;2025-11-19;11;626
28;2025-11-19;12;761
28;2025-11-19;13;785
28;2025-11-19;14;722
28;2025-11-19;15;761
28;2025-11-19;16;962
28;2025-11-19;17;1071
28;2025-11-19;18;1053
28;2025-11-19;19;782
28;2025-11-19;20;558
28;2025-11-19;21;341
28;2025-11-19;22;141
28;2025-11-19;23;21
28;2025-11-20;0;3
28;2025-11-20;1;0
28;2025-11-20;2;0
28;2025-11-20;3;0
28;2025-11-20;4;2
28;2025-11-20;5;85
28;2025-11-20;6;284
28;2025-11-20;7;864
28;2025-11-20;8;1349
28;2025-11-20;9;916
28;2025-11-20;10;706
28;2025-11-20;11;626
28;2025-11-20;12;761
28;2025-11-20;13;785
28;2025-11-20;14;722
28;2025-11-20;15;761
28;2025-11-20;16;962
28;2025-11-20;17;1071
28;2025-11-20;18;1053
28;2025-11-20;19;782
28;2025-11-20;20;558
28;2025-11-20;21;341
28;2025-11-20;22;141
28;2025-11-20;23;21
28;2025-11-21;0;2
28;2025-11-21;1;0
28;2025-11-21;2;0
28;2025-11-21;3;0
28;2025-11-21;4;1
28;2025-11-21;5;77
28;2025-11-21;6;279
28;2025-11-21;7;846
28;2025-11-21;8;1288
28;2025-11-21;9;865
28;2025-11-21;10;687
28;2025-11-21;11;626
28;2025-11-21;12;783
28;2025-11-21;13;793
28;2025-11-21;14;768
28;2025-11-21;15;787
28;2025-11-21;16;1066
28;2025-11-21;17;1026
28;2025-11-21;18;868
28;2025-11-21;19;639
28;2025-11-21;20;479
28;2025-11-21;21;327
28;2025-11-21;22;147
28;2025-11-21;23;22
28;2025-11-22;0;1
28;2025-11-22;1;0
28;2025-11-22;2;0
28;2025-11-22;3;0
28;2025-11-22;4;1
28;2025-11-22;5;38
28;2025-11-22;6;103
28;2025-11-22;7;228
28;2025-11-22;8;386
28;2025-11-22;9;474
28;2025-11-22;10;528
28;2025-11-22;11;544
28;2025-11-22;12;631
28;2025-11-22;13;649
28;2025-11-22;14;628
28;2025-11-22;15;631
28;2025-11-22;16;627
28;2025-11-22;17;581
28;2025-11-22;18;510
28;2025-11-22;19;400
28;2025-11-22;20;297
28;2025-11-22;21;273
28;2025-11-22;22;118
28;2025-11-22;23;14
28;2025-11-23;0;1
28;2025-11-23;1;0
28;2025-11-23;2;0
28;2025-11-23;3;0
28;2025-11-23;4;0
28;2025-11-23;5;31
28;2025-11-23;6;84
28;2025-11-23;7;155
28;2025-11-23;8;256
28;2025-11-23;9;349
28;2025-11-23;10;411
28;2025-11-23;11;451
28;2025-11-23;12;486
28;2025-11-23;13;582
28;2025-11-23;14;546
28;2025-11-23;15;555
28;2025-11-23;16;512
28;2025-11-23;17;514
28;2025-11-23;18;429
28;2025-11-23;19;380
28;2025-11-23;20;304
28;2025-11-23;21;240
28;2025-11-23;22;113
28;2025-11-23;23;13
28;2025-11-24;0;3
28;2025-11-24;1;0
28;2025-11-24;2;0
28;2025-11-24;3;0
28;2025-11-24;4;2
28;2025-11-24;5;83
28;2025-11-24;6;276
28;2025-11-24;7;841
28;2025-11-24;8;1313
28;2025-11-24;9;892
28;2025-11-24;10;687
28;2025-11-24;11;610
28;2025-11-24;12;741
28;2025-11-24;13;764
28;2025-11-24;14;702
28;2025-11-24;15;741
28;2025-11-24;16;935
28;2025-11-24;17;1043
28;2025-11-24;18;1024
28;2025-11-24;19;761
28;2025-11-24;20;543
28;2025-11-24;21;332
28;2025-11-24;22;137
28;2025-11-24;23;20
28;2025-11-25;0;3
28;2025-11-25;1;0
28;2025-11-25;2;0
28;2025-11-25;3;0
28;2025-11-25;4;2
28;2025-11-25;5;85
28;2025-11-25;6;284
28;2025-11-25;7;864
28;2025-11-25;8;1349
28;2025-11-25;9;916
28;2025-11-25;10;706
28;2025-11-25;11;626
28;2025-11-25;12;761
28;2025-11-25;13;785
28;2025-11-25;14;722
28;2025-11-25;15;761
28;2025-11-25;16;962
28;2025-11-25;17;1071
28;2025-11-25;18;1053
28;2025-11-25;19;782
28;2025-11-25;20;558
28;2025-11-25;21;341
28;2025-11-25;22;141
28;2025-11-25;23;21
28;2025-11-26;0;3
28;2025-11-26;1;0
28;2025-11-26;2;0
28;2025-11-26;3;0
28;2025-11-26;4;2
28;2025-11-26;5;85
28;2025-11-26;6;284
28;2025-11-26;7;864
28;2025-11-26;8;1349
28;2025-11-26;9;916
28;2025-11-26;10;706
28;2025-11-26;11;626
28;2025-11-26;12;761
28;2025-11-26;13;785
28;2025-11-26;14;722
28;2025-11-26;15;761
28;2025-11-26;16;962
28;2025-11-26;17;1071
28;2025-11-26;18;1053
28;2025-11-26;19;782
28;2025-11-26;20;558
28;2025-11-26;21;341
28;2025-11-26;22;141
28;2025-11-26;23;21
28;2025-11-27;0;3
28;2025-11-27;1;0
28;2025-11-27;2;0
28;2025-11-27;3;0
28;2025-11-27;4;2
28;2025-11-27;5;85
28;2025-11-27;6;284
28;2025-11-27;7;864
28;2025-11-27;8;1349
28;2025-11-27;9;916
28;2025-11-27;10;706
28;2025-11-27;11;626
28;2025-11-27;12;761
28;2025-11-27;13;785
28;2025-11-27;14;722
28;2025-11-27;15;761
28;2025-11-27;16;962
28;2025-11-27;17;1071
28;2025-11-27;18;1053
28;2025-11-27;19;782
28;2025-11-27;20;558
28;2025-11-27;21;341
28;2025-11-27;22;141
28;2025-11-27;23;21
28;2025-11-28;0;2
28;2025-11-28;1;0
28;2025-11-28;2;0
28;2025-11-28;3;0
28;2025-11-28;4;1
28;2025-11-28;5;77
28;2025-11-28;6;279
28;2025-11-28;7;846
28;2025-11-28;8;1288
28;2025-11-28;9;865
28;2025-11-28;10;687
28;2025-11-28;11;626
28;2025-11-28;12;783
28;2025-11-28;13;793
28;2025-11-28;14;768
28;2025-11-28;15;787
28;2025-11-28;16;1066
28;2025-11-28;17;1026
28;2025-11-28;18;868
28;2025-11-28;19;639
28;2025-11-28;20;479
28;2025-11-28;21;327
28;2025-11-28;22;147
28;2025-11-28;23;22
28;2025-11-29;0;1
28;2025-11-29;1;0
28;2025-11-29;2;0
28;2025-11-29;3;0
28;2025-11-29;4;1
28;2025-11-29;5;38
28;2025-11-29;6;103
28;2025-11-29;7;228
28;2025-11-29;8;386
28;2025-11-29;9;474
28;2025-11-29;10;528
28;2025-11-29;11;544
28;2025-11-29;12;631
28;2025-11-29;13;649
28;2025-11-29;14;628
28;2025-11-29;15;631
28;2025-11-29;16;627
28;2025-11-29;17;581
28;2025-11-29;18;510
28;2025-11-29;19;400
28;2025-11-29;20;297
28;2025-11-29;21;273
28;2025-11-29;22;118
28;2025-11-29;23;14
28;2025-11-30;0;1
28;2025-11-30;1;0
28;2025-11-30;2;0
28;2025-11-30;3;0
28;2025-11-30;4;0
28;2025-11-30;5;31
28;2025-11-30;6;84
28;2025-11-30;7;155
28;2025-11-30;8;256
28;2025-11-30;9;349
28;2025-11-30;10;411
28;2025-11-30;11;451
28;2025-11-30;12;486
28;2025-11-30;13;582
28;2025-11-30;14;546
28;2025-11-30;15;555
28;2025-11-30;16;512
28;2025-11-30;17;514
28;2025-11-30;18;429
28;2025-11-30;19;380
28;2025-11-30;20;304
28;2025-11-30;21;240
28;2025-11-30;22;113
28;2025-11-30;23;13
28;2025-12-01;0;3
28;2025-12-01;1;0
28;2025-12-01;2;0
28;2025-12-01;3;0
28;2025-12-01;4;2
28;2025-12-01;5;83
28;2025-12-01;6;279
28;2025-12-01;7;847
28;2025-12-01;8;1310
28;2025-12-01;9;899
28;2025-12-01;10;691
28;2025-12-01;11;610
28;2025-12-01;12;737
28;2025-12-01;13;765
28;2025-12-01;14;699
28;2025-12-01;15;740
28;2025-12-01;16;931
28;2025-12-01;17;1037
28;2025-12-01;18;1021
28;2025-12-01;19;759
28;2025-12-01;20;542
28;2025-12-01;21;331
28;2025-12-01;22;140
28;2025-12-01;23;22
28;2025-12-02;0;3
28;2025-12-02;1;0
28;2025-12-02;2;0
28;2025-12-02;3;0
28;2025-12-02;4;2
28;2025-12-02;5;85
28;2025-12-02;6;287
28;2025-12-02;7;871
28;2025-12-02;8;1346
28;2025-12-02;9;924
28;2025-12-02;10;711
28;2025-12-02;11;627
28;2025-12-02;12;757
28;2025-12-02;13;786
28;2025-12-02;14;719
28;2025-12-02;15;760
28;2025-12-02;16;957
28;2025-12-02;17;1065
28;2025-12-02;18;1050
28;2025-12-02;19;780
28;2025-12-02;20;557
28;2025-12-02;21;340
28;2025-12-02;22;144
28;2025-12-02;23;22
28;2025-12-03;0;3
28;2025-12-03;1;0
28;2025-12-03;2;0
28;2025-12-03;3;0
28;2025-12-03;4;2
28;2025-12-03;5;85
28;2025-12-03;6;287
28;2025-12-03;7;871
28;2025-12-03;8;1346
28;2025-12-03;9;924
28;2025-12-03;10;711
28;2025-12-03;11;627
28;2025-12-03;12;757
28;2025-12-03;13;786
28;2025-12-03;14;719
28;2025-12-03;15;760
28;2025-12-03;16;957
28;2025-12-03;17;1065
28;2025-12-03;18;1050
28;2025-12-03;19;780
28;2025-12-03;20;557
28;2025-12-03;21;340
28;2025-12-03;22;144
28;2025-12-03;23;22
28;2025-12-04;0;3
28;2025-12-04;1;0
28;2025-12-04;2;0
28;2025-12-04;3;0
28;2025-12-04;4;2
28;2025-12-04;5;85
28;2025-12-04;6;287
28;2025-12-04;7;871
28;2025-12-04;8;1346
28;2025-12-04;9;924
28;2025-12-04;10;711
28;2025-12-04;11;627
28;2025-12-04;12;757
28;2025-12-04;13;786
28;2025-12-04;14;719
28;2025-12-04;15;760
28;2025-12-04;16;957
28;2025-12-04;17;1065
28;2025-12-04;18;1050
28;2025-12-04;19;780
28;2025-12-04;20;557
28;2025-12-04;21;340
28;2025-12-04;22;144
28;2025-12-04;23;22
28;2025-12-05;0;2
28;2025-12-05;1;0
28;2025-12-05;2;0
28;2025-12-05;3;0
28;2025-12-05;4;1
28;2025-12-05;5;77
28;2025-12-05;6;278
28;2025-12-05;7;842
28;2025-12-05;8;1279
28;2025-12-05;9;868
28;2025-12-05;10;690
28;2025-12-05;11;623
28;2025-12-05;12;771
28;2025-12-05;13;798
28;2025-12-05;14;770
28;2025-12-05;15;790
28;2025-12-05;16;1075
28;2025-12-05;17;1029
28;2025-12-05;18;865
28;2025-12-05;19;635
28;2025-12-05;20;487
28;2025-12-05;21;324
28;2025-12-05;22;150
28;2025-12-05;23;22
28;2025-12-06;0;1
28;2025-12-06;1;0
28;2025-12-06;2;0
28;2025-12-06;3;0
28;2025-12-06;4;1
28;2025-12-06;5;37
28;2025-12-06;6;102
28;2025-12-06;7;227
28;2025-12-06;8;381
28;2025-12-06;9;475
28;2025-12-06;10;527
28;2025-12-06;11;545
28;2025-12-06;12;631
28;2025-12-06;13;650
28;2025-12-06;14;634
28;2025-12-06;15;629
28;2025-12-06;16;623
28;2025-12-06;17;580
28;2025-12-06;18;511
28;2025-12-06;19;403
28;2025-12-06;20;298
28;2025-12-06;21;275
28;2025-12-06;22;120
28;2025-12-06;23;15
28;2025-12-07;0;1
28;2025-12-07;1;0
28;2025-12-07;2;0
28;2025-12-07;3;0
28;2025-12-07;4;1
28;2025-12-07;5;31
28;2025-12-07;6;85
28;2025-12-07;7;152
28;2025-12-07;8;255
28;2025-12-07;9;346
28;2025-12-07;10;407
28;2025-12-07;11;446
28;2025-12-07;12;486
28;2025-12-07;13;579
28;2025-12-07;14;543
28;2025-12-07;15;554
28;2025-12-07;16;515
28;2025-12-07;17;515
28;2025-12-07;18;427
28;2025-12-07;19;377
28;2025-12-07;20;303
28;2025-12-07;21;239
28;2025-12-07;22;113
28;2025-12-07;23;12
28;2025-12-08;0;3
28;2025-12-08;1;0
28;2025-12-08;2;0
28;2025-12-08;3;0
28;2025-12-08;4;2
28;2025-12-08;5;83
28;2025-12-08;6;279
28;2025-12-08;7;847
28;2025-12-08;8;1310
28;2025-12-08;9;899
28;2025-12-08;10;691
28;2025-12-08;11;610
28;2025-12-08;12;737
28;2025-12-08;13;765
28;2025-12-08;14;699
28;2025-12-08;15;740
28;2025-12-08;16;931
28;2025-12-08;17;1037
28;2025-12-08;18;1021
28;2025-12-08;19;759
28;2025-12-08;20;542
28;2025-12-08;21;331
28;2025-12-08;22;140
28;2025-12-08;23;22
28;2025-12-09;0;3
28;2025-12-09;1;0
28;2025-12-09;2;0
28;2025-12-09;3;0
28;2025-12-09;4;2
28;2025-12-09;5;85
28;2025-12-09;6;287
28;2025-12-09;7;871
28;2025-12-09;8;1346
28;2025-12-09;9;924
28;2025-12-09;10;711
28;2025-12-09;11;627
28;2025-12-09;12;757
28;2025-12-09;13;786
28;2025-12-09;14;719
28;2025-12-09;15;760
28;2025-12-09;16;957
28;2025-12-09;17;1065
28;2025-12-09;18;1050
28;2025-12-09;19;780
28;2025-12-09;20;557
28;2025-12-09;21;340
28;2025-12-09;22;144
28;2025-12-09;23;22
28;2025-12-10;0;3
28;2025-12-10;1;0
28;2025-12-10;2;0
28;2025-12-10;3;0
28;2025-12-10;4;2
28;2025-12-10;5;85
28;2025-12-10;6;287
28;2025-12-10;7;871
28;2025-12-10;8;1346
28;2025-12-10;9;924
28;2025-12-10;10;711
28;2025-12-10;11;627
28;2025-12-10;12;757
28;2025-12-10;13;786
28;2025-12-10;14;719
28;2025-12-10;15;760
28;2025-12-10;16;957
28;2025-12-10;17;1065
28;2025-12-10;18;1050
28;2025-12-10;19;780
28;2025-12-10;20;557
28;2025-12-10;21;340
28;2025-12-10;22;144
28;2025-12-10;23;22
28;2025-12-11;0;3
28;2025-12-11;1;0
28;2025-12-11;2;0
28;2025-12-11;3;0
28;2025-12-11;4;2
28;2025-12-11;5;85
28;2025-12-11;6;287
28;2025-12-11;7;871
28;2025-12-11;8;1346
28;2025-12-11;9;924
28;2025-12-11;10;711
28;2025-12-11;11;627
28;2025-12-11;12;757
28;2025-12-11;13;786
28;2025-12-11;14;719
28;2025-12-11;15;760
28;2025-12-11;16;957
28;2025-12-11;17;1065
28;2025-12-11;18;1050
28;2025-12-11;19;780
28;2025-12-11;20;557
28;2025-12-11;21;340
28;2025-12-11;22;144
28;2025-12-11;23;22
28;2025-12-12;0;2
28;2025-12-12;1;0
28;2025-12-12;2;0
28;2025-12-12;3;0
28;2025-12-12;4;1
28;2025-12-12;5;77
28;2025-12-12;6;278
28;2025-12-12;7;842
28;2025-12-12;8;1279
28;2025-12-12;9;868
28;2025-12-12;10;690
28;2025-12-12;11;623
28;2025-12-12;12;771
28;2025-12-12;13;798
28;2025-12-12;14;770
28;2025-12-12;15;790
28;2025-12-12;16;1075
28;2025-12-12;17;1029
28;2025-12-12;18;865
28;2025-12-12;19;635
28;2025-12-12;20;487
28;2025-12-12;21;324
28;2025-12-12;22;150
28;2025-12-12;23;22
28;2025-12-13;0;1
28;2025-12-13;1;0
28;2025-12-13;2;0
28;2025-12-13;3;0
28;2025-12-13;4;1
28;2025-12-13;5;37
28;2025-12-13;6;102
28;2025-12-13;7;227
28;2025-12-13;8;381
28;2025-12-13;9;475
28;2025-12-13;10;527
28;2025-12-13;11;545
28;2025-12-13;12;631
28;2025-12-13;13;650
28;2025-12-13;14;634
28;2025-12-13;15;629
28;2025-12-13;16;623
28;2025-12-13;17;580
28;2025-12-13;18;511
28;2025-12-13;19;403
28;2025-12-13;20;298
28;2025-12-13;21;275
28;2025-12-13;22;120
28;2025-12-13;23;15
28;2025-12-14;0;1
28;2025-12-14;1;0
28;2025-12-14;2;0
28;2025-12-14;3;0
28;2025-12-14;4;1
28;2025-12-14;5;31
28;2025-12-14;6;85
28;2025-12-14;7;152
28;2025-12-14;8;255
28;2025-12-14;9;346
28;2025-12-14;10;407
28;2025-12-14;11;446
28;2025-12-14;12;486
28;2025-12-14;13;579
28;2025-12-14;14;543
28;2025-12-14;15;554
28;2025-12-14;16;515
28;2025-12-14;17;515
28;2025-12-14;18;427
28;2025-12-14;19;377
28;2025-12-14;20;303
28;2025-12-14;21;239
28;2025-12-14;22;113
28;2025-12-14;23;12
28;2025-12-15;0;3
28;2025-12-15;1;0
28;2025-12-15;2;0
28;2025-12-15;3;0
28;2025-12-15;4;2
28;2025-12-15;5;83
28;2025-12-15;6;279
28;2025-12-15;7;847
28;2025-12-15;8;1310
28;2025-12-15;9;899
28;2025-12-15;10;691
28;2025-12-15;11;610
28;2025-12-15;12;737
28;2025-12-15;13;765
28;2025-12-15;14;699
28;2025-12-15;15;740
28;2025-12-15;16;931
28;2025-12-15;17;1037
28;2025-12-15;18;1021
28;2025-12-15;19;759
28;2025-12-15;20;542
28;2025-12-15;21;331
28;2025-12-15;22;140
28;2025-12-15;23;22
28;2025-12-16;0;3
28;2025-12-16;1;0
28;2025-12-16;2;0
28;2025-12-16;3;0
28;2025-12-16;4;2
28;2025-12-16;5;85
28;2025-12-16;6;287
28;2025-12-16;7;871
28;2025-12-16;8;1346
28;2025-12-16;9;924
28;2025-12-16;10;711
28;2025-12-16;11;627
28;2025-12-16;12;757
28;2025-12-16;13;786
28;2025-12-16;14;719
28;2025-12-16;15;760
28;2025-12-16;16;957
28;2025-12-16;17;1065
28;2025-12-16;18;1050
28;2025-12-16;19;780
28;2025-12-16;20;557
28;2025-12-16;21;340
28;2025-12-16;22;144
28;2025-12-16;23;22
28;2025-12-17;0;3
28;2025-12-17;1;0
28;2025-12-17;2;0
28;2025-12-17;3;0
28;2025-12-17;4;2
28;2025-12-17;5;85
28;2025-12-17;6;287
28;2025-12-17;7;871
28;2025-12-17;8;1346
28;2025-12-17;9;924
28;2025-12-17;10;711
28;2025-12-17;11;627
28;2025-12-17;12;757
28;2025-12-17;13;786
28;2025-12-17;14;719
28;2025-12-17;15;760
28;2025-12-17;16;957
28;2025-12-17;17;1065
28;2025-12-17;18;1050
28;2025-12-17;19;780
28;2025-12-17;20;557
28;2025-12-17;21;340
28;2025-12-17;22;144
28;2025-12-17;23;22
28;2025-12-18;0;3
28;2025-12-18;1;0
28;2025-12-18;2;0
28;2025-12-18;3;0
28;2025-12-18;4;2
28;2025-12-18;5;85
28;2025-12-18;6;287
28;2025-12-18;7;871
28;2025-12-18;8;1346
28;2025-12-18;9;924
28;2025-12-18;10;711
28;2025-12-18;11;627
28;2025-12-18;12;757
28;2025-12-18;13;786
28;2025-12-18;14;719
28;2025-12-18;15;760
28;2025-12-18;16;957
28;2025-12-18;17;1065
28;2025-12-18;18;1050
28;2025-12-18;19;780
28;2025-12-18;20;557
28;2025-12-18;21;340
28;2025-12-18;22;144
28;2025-12-18;23;22
28;2025-12-19;0;2
28;2025-12-19;1;0
28;2025-12-19;2;0
28;2025-12-19;3;0
28;2025-12-19;4;1
28;2025-12-19;5;77
28;2025-12-19;6;278
28;2025-12-19;7;842
28;2025-12-19;8;1279
28;2025-12-19;9;868
28;2025-12-19;10;690
28;2025-12-19;11;623
28;2025-12-19;12;771
28;2025-12-19;13;798
28;2025-12-19;14;770
28;2025-12-19;15;790
28;2025-12-19;16;1075
28;2025-12-19;17;1029
28;2025-12-19;18;865
28;2025-12-19;19;635
28;2025-12-19;20;487
28;2025-12-19;21;324
28;2025-12-19;22;150
28;2025-12-19;23;22
28;2025-12-20;0;1
28;2025-12-20;1;0
28;2025-12-20;2;0
28;2025-12-20;3;0
28;2025-12-20;4;1
28;2025-12-20;5;37
28;2025-12-20;6;102
28;2025-12-20;7;227
28;2025-12-20;8;381
28;2025-12-20;9;475
28;2025-12-20;10;527
28;2025-12-20;11;545
28;2025-12-20;12;631
28;2025-12-20;13;650
28;2025-12-20;14;634
28;2025-12-20;15;629
28;2025-12-20;16;623
28;2025-12-20;17;580
28;2025-12-20;18;511
28;2025-12-20;19;403
28;2025-12-20;20;298
28;2025-12-20;21;275
28;2025-12-20;22;120
28;2025-12-20;23;15
28;2025-12-21;0;1
28;2025-12-21;1;0
28;2025-12-21;2;0
28;2025-12-21;3;0
28;2025-12-21;4;1
28;2025-12-21;5;31
28;2025-12-21;6;85
28;2025-12-21;7;152
28;2025-12-21;8;255
28;2025-12-21;9;346
28;2025-12-21;10;407
28;2025-12-21;11;446
28;2025-12-21;12;486
28;2025-12-21;13;579
28;2025-12-21;14;543
28;2025-12-21;15;554
28;2025-12-21;16;515
28;2025-12-21;17;515
28;2025-12-21;18;427
28;2025-12-21;19;377
28;2025-12-21;20;303
28;2025-12-21;21;239
28;2025-12-21;22;113
28;2025-12-21;23;12
28;2025-12-22;0;3
28;2025-12-22;1;0
28;2025-12-22;2;0
28;2025-12-22;3;0
28;2025-12-22;4;2
28;2025-12-22;5;83
28;2025-12-22;6;279
28;2025-12-22;7;847
28;2025-12-22;8;1310
28;2025-12-22;9;899
28;2025-12-22;10;691
28;2025-12-22;11;610
28;2025-12-22;12;737
28;2025-12-22;13;765
28;2025-12-22;14;699
28;2025-12-22;15;740
28;2025-12-22;16;931
28;2025-12-22;17;1037
28;2025-12-22;18;1021
28;2025-12-22;19;759
28;2025-12-22;20;542
28;2025-12-22;21;331
28;2025-12-22;22;140
28;2025-12-22;23;22
28;2025-12-23;0;3
28;2025-12-23;1;0
28;2025-12-23;2;0
28;2025-12-23;3;0
28;2025-12-23;4;2
28;2025-12-23;5;85
28;2025-12-23;6;287
28;2025-12-23;7;871
28;2025-12-23;8;1346
28;2025-12-23;9;924
28;2025-12-23;10;711
28;2025-12-23;11;627
28;2025-12-23;12;757
28;2025-12-23;13;786
28;2025-12-23;14;719
28;2025-12-23;15;760
28;2025-12-23;16;957
28;2025-12-23;17;1065
28;2025-12-23;18;1050
28;2025-12-23;19;780
28;2025-12-23;20;557
28;2025-12-23;21;340
28;2025-12-23;22;144
28;2025-12-23;23;22
28;2025-12-24;0;3
28;2025-12-24;1;0
28;2025-12-24;2;0
28;2025-12-24;3;0
28;2025-12-24;4;2
28;2025-12-24;5;85
28;2025-12-24;6;287
28;2025-12-24;7;871
28;2025-12-24;8;1346
28;2025-12-24;9;924
28;2025-12-24;10;711
28;2025-12-24;11;627
28;2025-12-24;12;757
28;2025-12-24;13;786
28;2025-12-24;14;719
28;2025-12-24;15;760
28;2025-12-24;16;957
28;2025-12-24;17;1065
28;2025-12-24;18;1050
28;2025-12-24;19;780
28;2025-12-24;20;557
28;2025-12-24;21;340
28;2025-12-24;22;144
28;2025-12-24;23;22
28;2025-12-25;0;3
28;2025-12-25;1;0
28;2025-12-25;2;0
28;2025-12-25;3;0
28;2025-12-25;4;2
28;2025-12-25;5;85
28;2025-12-25;6;287
28;2025-12-25;7;871
28;2025-12-25;8;1346
28;2025-12-25;9;924
28;2025-12-25;10;711
28;2025-12-25;11;627
28;2025-12-25;12;757
28;2025-12-25;13;786
28;2025-12-25;14;719
28;2025-12-25;15;760
28;2025-12-25;16;957
28;2025-12-25;17;1065
28;2025-12-25;18;1050
28;2025-12-25;19;780
28;2025-12-25;20;557
28;2025-12-25;21;340
28;2025-12-25;22;144
28;2025-12-25;23;22
28;2025-12-26;0;2
28;2025-12-26;1;0
28;2025-12-26;2;0
28;2025-12-26;3;0
28;2025-12-26;4;1
28;2025-12-26;5;77
28;2025-12-26;6;278
28;2025-12-26;7;842
28;2025-12-26;8;1279
28;2025-12-26;9;868
28;2025-12-26;10;690
28;2025-12-26;11;623
28;2025-12-26;12;771
28;2025-12-26;13;798
28;2025-12-26;14;770
28;2025-12-26;15;790
28;2025-12-26;16;1075
28;2025-12-26;17;1029
28;2025-12-26;18;865
28;2025-12-26;19;635
28;2025-12-26;20;487
28;2025-12-26;21;324
28;2025-12-26;22;150
28;2025-12-26;23;22
28;2025-12-27;0;1
28;2025-12-27;1;0
28;2025-12-27;2;0
28;2025-12-27;3;0
28;2025-12-27;4;1
28;2025-12-27;5;37
28;2025-12-27;6;102
28;2025-12-27;7;227
28;2025-12-27;8;381
28;2025-12-27;9;475
28;2025-12-27;10;527
28;2025-12-27;11;545
28;2025-12-27;12;631
28;2025-12-27;13;650
28;2025-12-27;14;634
28;2025-12-27;15;629
28;2025-12-27;16;623
28;2025-12-27;17;580
28;2025-12-27;18;511
28;2025-12-27;19;403
28;2025-12-27;20;298
28;2025-12-27;21;275
28;2025-12-27;22;120
28;2025-12-27;23;15
28;2025-12-28;0;1
28;2025-12-28;1;0
28;2025-12-28;2;0
28;2025-12-28;3;0
28;2025-12-28;4;1
28;2025-12-28;5;31
28;2025-12-28;6;85
28;2025-12-28;7;152
28;2025-12-28;8;255
28;2025-12-28;9;346
28;2025-12-28;10;407
28;2025-12-28;11;446
28;2025-12-28;12;486
28;2025-12-28;13;579
28;2025-12-28;14;543
28;2025-12-28;15;554
28;2025-12-28;16;515
28;2025-12-28;17;515
28;2025-12-28;18;427
28;2025-12-28;19;377
28;2025-12-28;20;303
28;2025-12-28;21;239
28;2025-12-28;22;113
28;2025-12-28;23;12
28;2025-12-29;0;2
28;2025-12-29;1;0
28;2025-12-29;2;0
28;2025-12-29;3;0
28;2025-12-29;4;2
28;2025-12-29;5;75
28;2025-12-29;6;251
28;2025-12-29;7;762
28;2025-12-29;8;1179
28;2025-12-29;9;809
28;2025-12-29;10;622
28;2025-12-29;11;549
28;2025-12-29;12;663
28;2025-12-29;13;689
28;2025-12-29;14;629
28;2025-12-29;15;665
28;2025-12-29;16;837
28;2025-12-29;17;933
28;2025-12-29;18;919
28;2025-12-29;19;683
28;2025-12-29;20;488
28;2025-12-29;21;298
28;2025-12-29;22;126
28;2025-12-29;23;19
28;2025-12-30;0;2
28;2025-12-30;1;0
28;2025-12-30;2;0
28;2025-12-30;3;0
28;2025-12-30;4;2
28;2025-12-30;5;72
28;2025-12-30;6;244
28;2025-12-30;7;740
28;2025-12-30;8;1144
28;2025-12-30;9;785
28;2025-12-30;10;604
28;2025-12-30;11;533
28;2025-12-30;12;644
28;2025-12-30;13;668
28;2025-12-30;14;611
28;2025-12-30;15;646
28;2025-12-30;16;813
28;2025-12-30;17;905
28;2025-12-30;18;892
28;2025-12-30;19;663
28;2025-12-30;20;474
28;2025-12-30;21;289
28;2025-12-30;22;123
28;2025-12-30;23;19
28;2025-12-31;0;1
28;2025-12-31;1;0
28;2025-12-31;2;0
28;2025-12-31;3;0
28;2025-12-31;4;1
28;2025-12-31;5;20
28;2025-12-31;6;55
28;2025-12-31;7;123
28;2025-12-31;8;206
28;2025-12-31;9;257
28;2025-12-31;10;285
28;2025-12-31;11;295
28;2025-12-31;12;342
28;2025-12-31;13;351
28;2025-12-31;14;343
28;2025-12-31;15;340
28;2025-12-31;16;337
28;2025-12-31;17;314
28;2025-12-31;18;276
28;2025-12-31;19;218
28;2025-12-31;20;16
28;2025-12-31;21;15
28;2025-12-31;22;6
28;2025-12-31;23;1
50;2025-11-01;0;55
50;2025-11-01;1;6
50;2025-11-01;2;0
50;2025-11-01;3;0
50;2025-11-01;4;3
50;2025-11-01;5;60
50;2025-11-01;6;497
50;2025-11-01;7;1575
50;2025-11-01;8;2474
50;2025-11-01;9;1904
50;2025-11-01;10;1463
50;2025-11-01;11;1518
50;2025-11-01;12;1430
50;2025-11-01;13;1453
50;2025-11-01;14;1386
50;2025-11-01;15;1706
50;2025-11-01;16;2061
50;2025-11-01;17;1953
50;2025-11-01;18;1586
50;2025-11-01;19;1103
50;2025-11-01;20;771
50;2025-11-01;21;528
50;2025-11-01;22;275
50;2025-11-01;23;159
50;2025-11-02;0;0
50;2025-11-02;1;0
50;2025-11-02;2;0
50;2025-11-02;3;0
50;2025-11-02;4;0
50;2025-11-02;5;0
50;2025-11-02;6;1
50;2025-11-02;7;1
50;2025-11-02;8;2
50;2025-11-02;9;1
50;2025-11-02;10;4
50;2025-11-02;11;13
50;2025-11-02;12;10
50;2025-11-02;13;12
50;2025-11-02;14;22
50;2025-11-02;15;18
50;2025-11-02;16;21
50;2025-11-02;17;18
50;2025-11-02;18;10
50;2025-11-02;19;11
50;2025-11-02;20;8
50;2025-11-02;21;5
50;2025-11-02;22;6
50;2025-11-02;23;2
50;2025-11-03;0;6
50;2025-11-03;1;1
50;2025-11-03;2;0
50;2025-11-03;3;0
50;2025-11-03;4;0
50;2025-11-03;5;1
50;2025-11-03;6;1
50;2025-11-03;7;2
50;2025-11-03;8;5
50;2025-11-03;9;8
50;2025-11-03;10;5
50;2025-11-03;11;11
50;2025-11-03;12;13
50;2025-11-03;13;11
50;2025-11-03;14;18
50;2025-11-03;15;19
50;2025-11-03;16;16
50;2025-11-03;17;14
50;2025-11-03;18;6
50;2025-11-03;19;7
50;2025-11-03;20;5
50;2025-11-03;21;4
50;2025-11-03;22;4
50;2025-11-03;23;1
50;2025-11-04;0;6
50;2025-11-04;1;1
50;2025-11-04;2;0
50;2025-11-04;3;0
50;2025-11-04;4;0
50;2025-11-04;5;1
50;2025-11-04;6;1
50;2025-11-04;7;2
50;2025-11-04;8;5
50;2025-11-04;9;8
50;2025-11-04;10;5
50;2025-11-04;11;11
50;2025-11-04;12;13
50;2025-11-04;13;11
50;2025-11-04;14;18
50;2025-11-04;15;19
50;2025-11-04;16;16
50;2025-11-04;17;14
50;2025-11-04;18;6
50;2025-11-04;19;7
50;2025-11-04;20;5
50;2025-11-04;21;4
50;2025-11-04;22;4
50;2025-11-04;23;1
50;2025-11-05;0;33
50;2025-11-05;1;4
50;2025-11-05;2;0
50;2025-11-05;3;0
50;2025-11-05;4;3
50;2025-11-05;5;74
50;2025-11-05;6;565
50;2025-11-05;7;1806
50;2025-11-05;8;2855
50;2025-11-05;9;2236
50;2025-11-05;10;1813
50;2025-11-05;11;1690
50;2025-11-05;12;1584
50;2025-11-05;13;1594
50;2025-11-05;14;1541
50;2025-11-05;15;1822
50;2025-11-05;16;1813
50;2025-11-05;17;2487
50;2025-11-05;18;2625
50;2025-11-05;19;1515
50;2025-11-05;20;961
50;2025-11-05;21;660
50;2025-11-05;22;284
50;2025-11-05;23;146
50;2025-11-06;0;33
50;2025-11-06;1;4
50;2025-11-06;2;0
50;2025-11-06;3;0
50;2025-11-06;4;3
50;2025-11-06;5;74
50;2025-11-06;6;565
50;2025-11-06;7;1806
50;2025-11-06;8;2855
50;2025-11-06;9;2236
50;2025-11-06;10;1813
50;2025-11-06;11;1690
50;2025-11-06;12;1584
50;2025-11-06;13;1594
50;2025-11-06;14;1541
50;2025-11-06;15;1822
50;2025-11-06;16;1813
50;2025-11-06;17;2487
50;2025-11-06;18;2625
50;2025-11-06;19;1515
50;2025-11-06;20;961
50;2025-11-06;21;660
50;2025-11-06;22;284
50;2025-11-06;23;146
50;2025-11-07;0;42
50;2025-11-07;1;3
50;2025-11-07;2;0
50;2025-11-07;3;0
50;2025-11-07;4;3
50;2025-11-07;5;68
50;2025-11-07;6;565
50;2025-11-07;7;1791
50;2025-11-07;8;2812
50;2025-11-07;9;2164
50;2025-11-07;10;1662
50;2025-11-07;11;1726
50;2025-11-07;12;1624
50;2025-11-07;13;1652
50;2025-11-07;14;1575
50;2025-11-07;15;1938
50;2025-11-07;16;2343
50;2025-11-07;17;2220
50;2025-11-07;18;1803
50;2025-11-07;19;1254
50;2025-11-07;20;876
50;2025-11-07;21;601
50;2025-11-07;22;312
50;2025-11-07;23;180
50;2025-11-08;0;20
50;2025-11-08;1;2
50;2025-11-08;2;0
50;2025-11-08;3;1
50;2025-11-08;4;0
50;2025-11-08;5;3
50;2025-11-08;6;4
50;2025-11-08;7;6
50;2025-11-08;8;13
50;2025-11-08;9;25
50;2025-11-08;10;9
50;2025-11-08;11;16
50;2025-11-08;12;30
50;2025-11-08;13;20
50;2025-11-08;14;24
50;2025-11-08;15;35
50;2025-11-08;16;23
50;2025-11-08;17;21
50;2025-11-08;18;5
50;2025-11-08;19;5
50;2025-11-08;20;3
50;2025-11-08;21;4
50;2025-11-08;22;4
50;2025-11-08;23;1
50;2025-11-09;0;0
50;2025-11-09;1;0
50;2025-11-09;2;0
50;2025-11-09;3;0
50;2025-11-09;4;0
50;2025-11-09;5;0
50;2025-11-09;6;1
50;2025-11-09;7;1
50;2025-11-09;8;2
50;2025-11-09;9;1
50;2025-11-09;10;4
50;2025-11-09;11;13
50;2025-11-09;12;10
50;2025-11-09;13;12
50;2025-11-09;14;22
50;2025-11-09;15;18
50;2025-11-09;16;21
50;2025-11-09;17;18
50;2025-11-09;18;10
50;2025-11-09;19;11
50;2025-11-09;20;8
50;2025-11-09;21;5
50;2025-11-09;22;6
50;2025-11-09;23;2
50;2025-11-10;0;32
50;2025-11-10;1;4
50;2025-11-10;2;0
50;2025-11-10;3;0
50;2025-11-10;4;3
50;2025-11-10;5;72
50;2025-11-10;6;549
50;2025-11-10;7;1758
50;2025-11-10;8;2778
50;2025-11-10;9;2176
50;2025-11-10;10;1764
50;2025-11-10;11;1645
50;2025-11-10;12;1541
50;2025-11-10;13;1551
50;2025-11-10;14;1500
50;2025-11-10;15;1773
50;2025-11-10;16;1763
50;2025-11-10;17;2420
50;2025-11-10;18;2555
50;2025-11-10;19;1474
50;2025-11-10;20;935
50;2025-11-10;21;642
50;2025-11-10;22;276
50;2025-11-10;23;142
50;2025-11-11;0;33
50;2025-11-11;1;4
50;2025-11-11;2;0
50;2025-11-11;3;0
50;2025-11-11;4;3
50;2025-11-11;5;74
50;2025-11-11;6;565
50;2025-11-11;7;1806
50;2025-11-11;8;2855
50;2025-11-11;9;2236
50;2025-11-11;10;1813
50;2025-11-11;11;1690
50;2025-11-11;12;1584
50;2025-11-11;13;1594
50;2025-11-11;14;1541
50;2025-11-11;15;1822
50;2025-11-11;16;1813
50;2025-11-11;17;2487
50;2025-11-11;18;2625
50;2025-11-11;19;1515
50;2025-11-11;20;961
50;2025-11-11;21;660
50;2025-11-11;22;284
50;2025-11-11;23;146
50;2025-11-12;0;33
50;2025-11-12;1;4
50;2025-11-12;2;0
50;2025-11-12;3;0
50;2025-11-12;4;3
50;2025-11-12;5;74
50;2025-11-12;6;565
50;2025-11-12;7;1806
50;2025-11-12;8;2855
50;2025-11-12;9;2236
50;2025-11-12;10;1813
50;2025-11-12;11;1690
50;2025-11-12;12;1584
50;2025-11-12;13;1594
50;2025-11-12;14;1541
50;2025-11-12;15;1822
50;2025-11-12;16;1813
50;2025-11-12;17;2487
50;2025-11-12;18;2625
50;2025-11-12;19;1515
50;2025-11-12;20;961
50;2025-11-12;21;660
50;2025-11-12;22;284
50;2025-11-12;23;146
50;2025-11-13;0;33
50;2025-11-13;1;4
50;2025-11-13;2;0
50;2025-11-13;3;0
50;2025-11-13;4;3
50;2025-11-13;5;74
50;2025-11-13;6;565
50;2025-11-13;7;1806
50;2025-11-13;8;2855
50;2025-11-13;9;2236
50;2025-11-13;10;1813
50;2025-11-13;11;1690
50;2025-11-13;12;1584
50;2025-11-13;13;1594
50;2025-11-13;14;1541
50;2025-11-13;15;1822
50;2025-11-13;16;1813
50;2025-11-13;17;2487
50;2025-11-13;18;2625
50;2025-11-13;19;1515
50;2025-11-13;20;961
50;2025-11-13;21;660
50;2025-11-13;22;284
50;2025-11-13;23;146
50;2025-11-14;0;42
50;2025-11-14;1;3
50;2025-11-14;2;0
50;2025-11-14;3;0
50;2025-11-14;4;3
50;2025-11-14;5;68
50;2025-11-14;6;565
50;2025-11-14;7;1791
50;2025-11-14;8;2812
50;2025-11-14;9;2164
50;2025-11-14;10;1662
50;2025-11-14;11;1726
50;2025-11-14;12;1624
50;2025-11-14;13;1652
50;2025-11-14;14;1575
50;2025-11-14;15;1938
50;2025-11-14;16;2343
50;2025-11-14;17;2220
50;2025-11-14;18;1803
50;2025-11-14;19;1254
50;2025-11-14;20;876
50;2025-11-14;21;601
50;2025-11-14;22;312
50;2025-11-14;23;180
50;2025-11-15;0;66
50;2025-11-15;1;4
50;2025-11-15;2;0
50;2025-11-15;3;0
50;2025-11-15;4;1
50;2025-11-15;5;30
50;2025-11-15;6;168
50;2025-11-15;7;395
50;2025-11-15;8;612
50;2025-11-15;9;659
50;2025-11-15;10;660
50;2025-11-15;11;866
50;2025-11-15;12;888
50;2025-11-15;13;935
50;2025-11-15;14;951
50;2025-11-15;15;907
50;2025-11-15;16;871
50;2025-11-15;17;816
50;2025-11-15;18;714
50;2025-11-15;19;611
50;2025-11-15;20;461
50;2025-11-15;21;378
50;2025-11-15;22;244
50;2025-11-15;23;142
50;2025-11-16;0;53
50;2025-11-16;1;7
50;2025-11-16;2;0
50;2025-11-16;3;0
50;2025-11-16;4;1
50;2025-11-16;5;25
50;2025-11-16;6;119
50;2025-11-16;7;223
50;2025-11-16;8;337
50;2025-11-16;9;437
50;2025-11-16;10;512
50;2025-11-16;11;647
50;2025-11-16;12;758
50;2025-11-16;13;821
50;2025-11-16;14;872
50;2025-11-16;15;759
50;2025-11-16;16;805
50;2025-11-16;17;726
50;2025-11-16;18;655
50;2025-11-16;19;551
50;2025-11-16;20;460
50;2025-11-16;21;354
50;2025-11-16;22;231
50;2025-11-16;23;108
50;2025-11-17;0;32
50;2025-11-17;1;4
50;2025-11-17;2;0
50;2025-11-17;3;0
50;2025-11-17;4;3
50;2025-11-17;5;72
50;2025-11-17;6;549
50;2025-11-17;7;1758
50;2025-11-17;8;2778
50;2025-11-17;9;2176
50;2025-11-17;10;1764
50;2025-11-17;11;1645
50;2025-11-17;12;1541
50;2025-11-17;13;1551
50;2025-11-17;14;1500
50;2025-11-17;15;1773
50;2025-11-17;16;1763
50;2025-11-17;17;2420
50;2025-11-17;18;2555
50;2025-11-17;19;1474
50;2025-11-17;20;935
50;2025-11-17;21;642
50;2025-11-17;22;276
50;2025-11-17;23;142
50;2025-11-18;0;33
50;2025-11-18;1;4
50;2025-11-18;2;0
50;2025-11-18;3;0
50;2025-11-18;4;3
50;2025-11-18;5;74
50;2025-11-18;6;565
50;2025-11-18;7;1806
50;2025-11-18;8;2855
50;2025-11-18;9;2236
50;2025-11-18;10;1813
50;2025-11-18;11;1690
50;2025-11-18;12;1584
50;2025-11-18;13;1594
50;2025-11-18;14;1541
50;2025-11-18;15;1822
50;2025-11-18;16;1813
50;2025-11-18;17;2487
50;2025-11-18;18;2625
50;2025-11-18;19;1515
50;2025-11-18;20;961
50;2025-11-18;21;660
50;2025-11-18;22;284
50;2025-11-18;23;146
50;2025-11-19;0;33
50;2025-11-19;1;4
50;2025-11-19;2;0
50;2025-11-19;3;0
50;2025-11-19;4;3
50;2025-11-19;5;74
50;2025-11-19;6;565
50;2025-11-19;7;1806
50;2025-11-19;8;2855
50;2025-11-19;9;2236
50;2025-11-19;10;1813
50;2025-11-19;11;1690
50;2025-11-19;12;1584
50;2025-11-19;13;1594
50;2025-11-19;14;1541
50;2025-11-19;15;1822
50;2025-11-19;16;1813
50;2025-11-19;17;2487
50;2025-11-19;18;2625
50;2025-11-19;19;1515
50;2025-11-19;20;961
50;2025-11-19;21;660
50;2025-11-19;22;284
50;2025-11-19;23;146
50;2025-11-20;0;33
50;2025-11-20;1;4
50;2025-11-20;2;0
50;2025-11-20;3;0
50;2025-11-20;4;3
50;2025-11-20;5;74
50;2025-11-20;6;565
50;2025-11-20;7;1806
50;2025-11-20;8;2855
50;2025-11-20;9;2236
50;2025-11-20;10;1813
50;2025-11-20;11;1690
50;2025-11-20;12;1584
50;2025-11-20;13;1594
50;2025-11-20;14;1541
50;2025-11-20;15;1822
50;2025-11-20;16;1813
50;2025-11-20;17;2487
50;2025-11-20;18;2625
50;2025-11-20;19;1515
50;2025-11-20;20;961
50;2025-11-20;21;660
50;2025-11-20;22;284
50;2025-11-20;23;146
50;2025-11-21;0;42
50;2025-11-21;1;3
50;2025-11-21;2;0
50;2025-11-21;3;0
50;2025-11-21;4;3
50;2025-11-21;5;68
50;2025-11-21;6;565
50;2025-11-21;7;1791
50;2025-11-21;8;2812
50;2025-11-21;9;2164
50;2025-11-21;10;1662
50;2025-11-21;11;1726
50;2025-11-21;12;1624
50;2025-11-21;13;1652
50;2025-11-21;14;1575
50;2025-11-21;15;1938
50;2025-11-21;16;2343
50;2025-11-21;17;2220
50;2025-11-21;18;1803
50;2025-11-21;19;1254
50;2025-11-21;20;876
50;2025-11-21;21;601
50;2025-11-21;22;312
50;2025-11-21;23;180
50;2025-11-22;0;66
50;2025-11-22;1;4
50;2025-11-22;2;0
50;2025-11-22;3;0
50;2025-11-22;4;1
50;2025-11-22;5;30
50;2025-11-22;6;168
50;2025-11-22;7;395
50;2025-11-22;8;612
50;2025-11-22;9;659
50;2025-11-22;10;660
50;2025-11-22;11;866
50;2025-11-22;12;888
50;2025-11-22;13;935
50;2025-11-22;14;951
50;2025-11-22;15;907
50;2025-11-22;16;871
50;2025-11-22;17;816
50;2025-11-22;18;714
50;2025-11-22;19;611
50;2025-11-22;20;461
50;2025-11-22;21;378
50;2025-11-22;22;244
50;2025-11-22;23;142
50;2025-11-23;0;53
50;2025-11-23;1;7
50;2025-11-23;2;0
50;2025-11-23;3;0
50;2025-11-23;4;1
50;2025-11-23;5;25
50;2025-11-23;6;119
50;2025-11-23;7;223
50;2025-11-23;8;337
50;2025-11-23;9;437
50;2025-11-23;10;512
50;2025-11-23;11;647
50;2025-11-23;12;758
50;2025-11-23;13;821
50;2025-11-23;14;872
50;2025-11-23;15;759
50;2025-11-23;16;805
50;2025-11-23;17;726
50;2025-11-23;18;655
50;2025-11-23;19;551
50;2025-11-23;20;460
50;2025-11-23;21;354
50;2025-11-23;22;231
50;2025-11-23;23;108
50;2025-11-24;0;32
50;2025-11-24;1;4
50;2025-11-24;2;0
50;2025-11-24;3;0
50;2025-11-24;4;3
50;2025-11-24;5;72
50;2025-11-24;6;549
50;2025-11-24;7;1758
50;2025-11-24;8;2778
50;2025-11-24;9;2176
50;2025-11-24;10;1764
50;2025-11-24;11;1645
50;2025-11-24;12;1541
50;2025-11-24;13;1551
50;2025-11-24;14;1500
50;2025-11-24;15;1773
50;2025-11-24;16;1763
50;2025-11-24;17;2420
50;2025-11-24;18;2555
50;2025-11-24;19;1474
50;2025-11-24;20;935
50;2025-11-24;21;642
50;2025-11-24;22;276
50;2025-11-24;23;142
50;2025-11-25;0;33
50;2025-11-25;1;4
50;2025-11-25;2;0
50;2025-11-25;3;0
50;2025-11-25;4;3
50;2025-11-25;5;74
50;2025-11-25;6;565
50;2025-11-25;7;1806
50;2025-11-25;8;2855
50;2025-11-25;9;2236
50;2025-11-25;10;1813
50;2025-11-25;11;1690
50;2025-11-25;12;1584
50;2025-11-25;13;1594
50;2025-11-25;14;1541
50;2025-11-25;15;1822
50;2025-11-25;16;1813
50;2025-11-25;17;2487
50;2025-11-25;18;2625
50;2025-11-25;19;1515
50;2025-11-25;20;961
50;2025-11-25;21;660
50;2025-11-25;22;284
50;2025-11-25;23;146
50;2025-11-26;0;33
50;2025-11-26;1;4
50;2025-11-26;2;0
50;2025-11-26;3;0
50;2025-11-26;4;3
50;2025-11-26;5;74
50;2025-11-26;6;565
50;2025-11-26;7;1806
50;2025-11-26;8;2855
50;2025-11-26;9;2236
50;2025-11-26;10;1813
50;2025-11-26;11;1690
50;2025-11-26;12;1584
50;2025-11-26;13;1594
50;2025-11-26;14;1541
50;2025-11-26;15;1822
50;2025-11-26;16;1813
50;2025-11-26;17;2487
50;2025-11-26;18;2625
50;2025-11-26;19;1515
50;2025-11-26;20;961
50;2025-11-26;21;660
50;2025-11-26;22;284
50;2025-11-26;23;146
50;2025-11-27;0;33
50;2025-11-27;1;4
50;2025-11-27;2;0
50;2025-11-27;3;0
50;2025-11-27;4;3
50;2025-11-27;5;74
50;2025-11-27;6;565
50;2025-11-27;7;1806
50;2025-11-27;8;2855
50;2025-11-27;9;2236
50;2025-11-27;10;1813
50;2025-11-27;11;1690
50;2025-11-27;12;1584
50;2025-11-27;13;1594
50;2025-11-27;14;1541
50;2025-11-27;15;1822
50;2025-11-27;16;1813
50;2025-11-27;17;2487
50;2025-11-27;18;2625
50;2025-11-27;19;1515
50;2025-11-27;20;961
50;2025-11-27;21;660
50;2025-11-27;22;284
50;2025-11-27;23;146
50;2025-11-28;0;42
50;2025-11-28;1;3
50;2025-11-28;2;0
50;2025-11-28;3;0
50;2025-11-28;4;3
50;2025-11-28;5;68
50;2025-11-28;6;565
50;2025-11-28;7;1791
50;2025-11-28;8;2812
50;2025-11-28;9;2164
50;2025-11-28;10;1662
50;2025-11-28;11;1726
50;2025-11-28;12;1624
50;2025-11-28;13;1652
50;2025-11-28;14;1575
50;2025-11-28;15;1938
50;2025-11-28;16;2343
50;2025-11-28;17;2220
50;2025-11-28;18;1803
50;2025-11-28;19;1254
50;2025-11-28;20;876
50;2025-11-28;21;601
50;2025-11-28;22;312
50;2025-11-28;23;180
50;2025-11-29;0;66
50;2025-11-29;1;4
50;2025-11-29;2;0
50;2025-11-29;3;0
50;2025-11-29;4;1
50;2025-11-29;5;30
50;2025-11-29;6;168
50;2025-11-29;7;395
50;2025-11-29;8;612
50;2025-11-29;9;659
50;2025-11-29;10;660
50;2025-11-29;11;866
50;2025-11-29;12;888
50;2025-11-29;13;935
50;2025-11-29;14;951
50;2025-11-29;15;907
50;2025-11-29;16;871
50;2025-11-29;17;816
50;2025-11-29;18;714
50;2025-11-29;19;611
50;2025-11-29;20;461
50;2025-11-29;21;378
50;2025-11-29;22;244
50;2025-11-29;23;142
50;2025-11-30;0;53
50;2025-11-30;1;7
50;2025-11-30;2;0
50;2025-11-30;3;0
50;2025-11-30;4;1
50;2025-11-30;5;25
50;2025-11-30;6;119
50;2025-11-30;7;223
50;2025-11-30;8;337
50;2025-11-30;9;437
50;2025-11-30;10;512
50;2025-11-30;11;647
50;2025-11-30;12;758
50;2025-11-30;13;821
50;2025-11-30;14;872
50;2025-11-30;15;759
50;2025-11-30;16;805
50;2025-11-30;17;726
50;2025-11-30;18;655
50;2025-11-30;19;551
50;2025-11-30;20;460
50;2025-11-30;21;354
50;2025-11-30;22;231
50;2025-11-30;23;108
50;2025-12-01;0;34
50;2025-12-01;1;4
50;2025-12-01;2;0
50;2025-12-01;3;0
50;2025-12-01;4;3
50;2025-12-01;5;72
50;2025-12-01;6;552
50;2025-12-01;7;1765
50;2025-12-01;8;2766
50;2025-12-01;9;2162
50;2025-12-01;10;1753
50;2025-12-01;11;1653
50;2025-12-01;12;1546
50;2025-12-01;13;1543
50;2025-12-01;14;1497
50;2025-12-01;15;1777
50;2025-12-01;16;1762
50;2025-12-01;17;2421
50;2025-12-01;18;2569
50;2025-12-01;19;1487
50;2025-12-01;20;928
50;2025-12-01;21;639
50;2025-12-01;22;281
50;2025-12-01;23;141
50;2025-12-02;0;35
50;2025-12-02;1;4
50;2025-12-02;2;0
50;2025-12-02;3;0
50;2025-12-02;4;3
50;2025-12-02;5;74
50;2025-12-02;6;567
50;2025-12-02;7;1814
50;2025-12-02;8;2843
50;2025-12-02;9;2222
50;2025-12-02;10;1801
50;2025-12-02;11;1698
50;2025-12-02;12;1589
50;2025-12-02;13;1585
50;2025-12-02;14;1538
50;2025-12-02;15;1826
50;2025-12-02;16;1811
50;2025-12-02;17;2488
50;2025-12-02;18;2640
50;2025-12-02;19;1528
50;2025-12-02;20;954
50;2025-12-02;21;656
50;2025-12-02;22;289
50;2025-12-02;23;144
50;2025-12-03;0;35
50;2025-12-03;1;4
50;2025-12-03;2;0
50;2025-12-03;3;0
50;2025-12-03;4;3
50;2025-12-03;5;74
50;2025-12-03;6;567
50;2025-12-03;7;1814
50;2025-12-03;8;2843
50;2025-12-03;9;2222
50;2025-12-03;10;1801
50;2025-12-03;11;1698
50;2025-12-03;12;1589
50;2025-12-03;13;1585
50;2025-12-03;14;1538
50;2025-12-03;15;1826
50;2025-12-03;16;1811
50;2025-12-03;17;2488
50;2025-12-03;18;2640
50;2025-12-03;19;1528
50;2025-12-03;20;954
50;2025-12-03;21;656
50;2025-12-03;22;289
50;2025-12-03;23;144
50;2025-12-04;0;35
50;2025-12-04;1;4
50;2025-12-04;2;0
50;2025-12-04;3;0
50;2025-12-04;4;3
50;2025-12-04;5;74
50;2025-12-04;6;567
50;2025-12-04;7;1814
50;2025-12-04;8;2843
50;2025-12-04;9;2222
50;2025-12-04;10;1801
50;2025-12-04;11;1698
50;2025-12-04;12;1589
50;2025-12-04;13;1585
50;2025-12-04;14;1538
50;2025-12-04;15;1826
50;2025-12-04;16;1811
50;2025-12-04;17;2488
50;2025-12-04;18;2640
50;2025-12-04;19;1528
50;2025-12-04;20;954
50;2025-12-04;21;656
50;2025-12-04;22;289
50;2025-12-04;23;144
50;2025-12-05;0;43
50;2025-12-05;1;3
50;2025-12-05;2;0
50;2025-12-05;3;0
50;2025-12-05;4;3
50;2025-12-05;5;67
50;2025-12-05;6;570
50;2025-12-05;7;1781
50;2025-12-05;8;2793
50;2025-12-05;9;2144
50;2025-12-05;10;1666
50;2025-12-05;11;1740
50;2025-12-05;12;1642
50;2025-12-05;13;1649
50;2025-12-05;14;1573
50;2025-12-05;15;1947
50;2025-12-05;16;2314
50;2025-12-05;17;2218
50;2025-12-05;18;1832
50;2025-12-05;19;1258
50;2025-12-05;20;869
50;2025-12-05;21;605
50;2025-12-05;22;317
50;2025-12-05;23;182
50;2025-12-06;0;66
50;2025-12-06;1;4
50;2025-12-06;2;0
50;2025-12-06;3;0
50;2025-12-06;4;1
50;2025-12-06;5;30
50;2025-12-06;6;168
50;2025-12-06;7;395
50;2025-12-06;8;612
50;2025-12-06;9;659
50;2025-12-06;10;660
50;2025-12-06;11;866
50;2025-12-06;12;888
50;2025-12-06;13;935
50;2025-12-06;14;951
50;2025-12-06;15;907
50;2025-12-06;16;871
50;2025-12-06;17;816
50;2025-12-06;18;714
50;2025-12-06;19;611
50;2025-12-06;20;461
50;2025-12-06;21;378
50;2025-12-06;22;244
50;2025-12-06;23;142
50;2025-12-07;0;53
50;2025-12-07;1;7
50;2025-12-07;2;0
50;2025-12-07;3;0
50;2025-12-07;4;1
50;2025-12-07;5;25
50;2025-12-07;6;119
50;2025-12-07;7;223
50;2025-12-07;8;337
50;2025-12-07;9;437
50;2025-12-07;10;512
50;2025-12-07;11;647
50;2025-12-07;12;758
50;2025-12-07;13;821
50;2025-12-07;14;872
50;2025-12-07;15;759
50;2025-12-07;16;805
50;2025-12-07;17;726
50;2025-12-07;18;655
50;2025-12-07;19;551
50;2025-12-07;20;460
50;2025-12-07;21;354
50;2025-12-07;22;231
50;2025-12-07;23;108
50;2025-12-08;0;34
50;2025-12-08;1;4
50;2025-12-08;2;0
50;2025-12-08;3;0
50;2025-12-08;4;3
50;2025-12-08;5;72
50;2025-12-08;6;552
50;2025-12-08;7;1765
50;2025-12-08;8;2766
50;2025-12-08;9;2162
50;2025-12-08;10;1753
50;2025-12-08;11;1653
50;2025-12-08;12;1546
50;2025-12-08;13;1543
50;2025-12-08;14;1497
50;2025-12-08;15;1777
50;2025-12-08;16;1762
50;2025-12-08;17;2421
50;2025-12-08;18;2569
50;2025-12-08;19;1487
50;2025-12-08;20;928
50;2025-12-08;21;639
50;2025-12-08;22;281
50;2025-12-08;23;141
50;2025-12-09;0;35
50;2025-12-09;1;4
50;2025-12-09;2;0
50;2025-12-09;3;0
50;2025-12-09;4;3
50;2025-12-09;5;74
50;2025-12-09;6;567
50;2025-12-09;7;1814
50;2025-12-09;8;2843
50;2025-12-09;9;2222
50;2025-12-09;10;1801
50;2025-12-09;11;1698
50;2025-12-09;12;1589
50;2025-12-09;13;1585
50;2025-12-09;14;1538
50;2025-12-09;15;1826
50;2025-12-09;16;1811
50;2025-12-09;17;2488
50;2025-12-09;18;2640
50;2025-12-09;19;1528
50;2025-12-09;20;954
50;2025-12-09;21;656
50;2025-12-09;22;289
50;2025-12-09;23;144
50;2025-12-10;0;35
50;2025-12-10;1;4
50;2025-12-10;2;0
50;2025-12-10;3;0
50;2025-12-10;4;3
50;2025-12-10;5;74
50;2025-12-10;6;567
50;2025-12-10;7;1814
50;2025-12-10;8;2843
50;2025-12-10;9;2222
50;2025-12-10;10;1801
50;2025-12-10;11;1698
50;2025-12-10;12;1589
50;2025-12-10;13;1585
50;2025-12-10;14;1538
50;2025-12-10;15;1826
50;2025-12-10;16;1811
50;2025-12-10;17;2488
50;2025-12-10;18;2640
50;2025-12-10;19;1528
50;2025-12-10;20;954
50;2025-12-10;21;656
50;2025-12-10;22;289
50;2025-12-10;23;144
50;2025-12-11;0;35
50;2025-12-11;1;4
50;2025-12-11;2;0
50;2025-12-11;3;0
50;2025-12-11;4;3
50;2025-12-11;5;74
50;2025-12-11;6;567
50;2025-12-11;7;1814
50;2025-12-11;8;2843
50;2025-12-11;9;2222
50;2025-12-11;10;1801
50;2025-12-11;11;1698
50;2025-12-11;12;1589
50;2025-12-11;13;1585
50;2025-12-11;14;1538
50;2025-12-11;15;1826
50;2025-12-11;16;1811
50;2025-12-11;17;2488
50;2025-12-11;18;2640
50;2025-12-11;19;1528
50;2025-12-11;20;954
50;2025-12-11;21;656
50;2025-12-11;22;289
50;2025-12-11;23;144
50;2025-12-12;0;43
50;2025-12-12;1;3
50;2025-12-12;2;0
50;2025-12-12;3;0
50;2025-12-12;4;3
50;2025-12-12;5;67
50;2025-12-12;6;570
50;2025-12-12;7;1781
50;2025-12-12;8;2793
50;2025-12-12;9;2144
50;2025-12-12;10;1666
50;2025-12-12;11;1740
50;2025-12-12;12;1642
50;2025-12-12;13;1649
50;2025-12-12;14;1573
50;2025-12-12;15;1947
50;2025-12-12;16;2314
50;2025-12-12;17;2218
50;2025-12-12;18;1832
50;2025-12-12;19;1258
50;2025-12-12;20;869
50;2025-12-12;21;605
50;2025-12-12;22;317
50;2025-12-12;23;182
50;2025-12-13;0;66
50;2025-12-13;1;4
50;2025-12-13;2;0
50;2025-12-13;3;0
50;2025-12-13;4;1
50;2025-12-13;5;30
50;2025-12-13;6;168
50;2025-12-13;7;395
50;2025-12-13;8;612
50;2025-12-13;9;659
50;2025-12-13;10;660
50;2025-12-13;11;866
50;2025-12-13;12;888
50;2025-12-13;13;935
50;2025-12-13;14;951
50;2025-12-13;15;907
50;2025-12-13;16;871
50;2025-12-13;17;816
50;2025-12-13;18;714
50;2025-12-13;19;611
50;2025-12-13;20;461
50;2025-12-13;21;378
50;2025-12-13;22;244
50;2025-12-13;23;142
50;2025-12-14;0;53
50;2025-12-14;1;7
50;2025-12-14;2;0
50;2025-12-14;3;0
50;2025-12-14;4;1
50;2025-12-14;5;25
50;2025-12-14;6;119
50;2025-12-14;7;223
50;2025-12-14;8;337
50;2025-12-14;9;437
50;2025-12-14;10;512
50;2025-12-14;11;647
50;2025-12-14;12;758
50;2025-12-14;13;821
50;2025-12-14;14;872
50;2025-12-14;15;759
50;2025-12-14;16;805
50;2025-12-14;17;726
50;2025-12-14;18;655
50;2025-12-14;19;551
50;2025-12-14;20;460
50;2025-12-14;21;354
50;2025-12-14;22;231
50;2025-12-14;23;108
50;2025-12-15;0;34
50;2025-12-15;1;4
50;2025-12-15;2;0
50;2025-12-15;3;0
50;2025-12-15;4;3
50;2025-12-15;5;72
50;2025-12-15;6;552
50;2025-12-15;7;1765
50;2025-12-15;8;2766
50;2025-12-15;9;2162
50;2025-12-15;10;1753
50;2025-12-15;11;1653
50;2025-12-15;12;1546
50;2025-12-15;13;1543
50;2025-12-15;14;1497
50;2025-12-15;15;1777
50;2025-12-15;16;1762
50;2025-12-15;17;2421
50;2025-12-15;18;2569
50;2025-12-15;19;1487
50;2025-12-15;20;928
50;2025-12-15;21;639
50;2025-12-15;22;281
50;2025-12-15;23;141
50;2025-12-16;0;35
50;2025-12-16;1;4
50;2025-12-16;2;0
50;2025-12-16;3;0
50;2025-12-16;4;3
50;2025-12-16;5;74
50;2025-12-16;6;567
50;2025-12-16;7;1814
50;2025-12-16;8;2843
50;2025-12-16;9;2222
50;2025-12-16;10;1801
50;2025-12-16;11;1698
50;2025-12-16;12;1589
50;2025-12-16;13;1585
50;2025-12-16;14;1538
50;2025-12-16;15;1826
50;2025-12-16;16;1811
50;2025-12-16;17;2488
50;2025-12-16;18;2640
50;2025-12-16;19;1528
50;2025-12-16;20;954
50;2025-12-16;21;656
50;2025-12-16;22;289
50;2025-12-16;23;144
50;2025-12-17;0;35
50;2025-12-17;1;4
50;2025-12-17;2;0
50;2025-12-17;3;0
50;2025-12-17;4;3
50;2025-12-17;5;74
50;2025-12-17;6;567
50;2025-12-17;7;1814
50;2025-12-17;8;2843
50;2025-12-17;9;2222
50;2025-12-17;10;1801
50;2025-12-17;11;1698
50;2025-12-17;12;1589
50;2025-12-17;13;1585
50;2025-12-17;14;1538
50;2025-12-17;15;1826
50;2025-12-17;16;1811
50;2025-12-17;17;2488
50;2025-12-17;18;2640
50;2025-12-17;19;1528
50;2025-12-17;20;954
50;2025-12-17;21;656
50;2025-12-17;22;289
50;2025-12-17;23;144
50;2025-12-18;0;35
50;2025-12-18;1;4
50;2025-12-18;2;0
50;2025-12-18;3;0
50;2025-12-18;4;3
50;2025-12-18;5;74
50;2025-12-18;6;567
50;2025-12-18;7;1814
50;2025-12-18;8;2843
50;2025-12-18;9;2222
50;2025-12-18;10;1801
50;2025-12-18;11;1698
50;2025-12-18;12;1589
50;2025-12-18;13;1585
50;2025-12-18;14;1538
50;2025-12-18;15;1826
50;2025-12-18;16;1811
50;2025-12-18;17;2488
50;2025-12-18;18;2640
50;2025-12-18;19;1528
50;2025-12-18;20;954
50;2025-12-18;21;656
50;2025-12-18;22;289
50;2025-12-18;23;144
50;2025-12-19;0;43
50;2025-12-19;1;3
50;2025-12-19;2;0
50;2025-12-19;3;0
50;2025-12-19;4;3
50;2025-12-19;5;67
50;2025-12-19;6;570
50;2025-12-19;7;1781
50;2025-12-19;8;2793
50;2025-12-19;9;2144
50;2025-12-19;10;1666
50;2025-12-19;11;1740
50;2025-12-19;12;1642
50;2025-12-19;13;1649
50;2025-12-19;14;1573
50;2025-12-19;15;1947
50;2025-12-19;16;2314
50;2025-12-19;17;2218
50;2025-12-19;18;1832
50;2025-12-19;19;1258
50;2025-12-19;20;869
50;2025-12-19;21;605
50;2025-12-19;22;317
50;2025-12-19;23;182
50;2025-12-20;0;66
50;2025-12-20;1;4
50;2025-12-20;2;0
50;2025-12-20;3;0
50;2025-12-20;4;1
50;2025-12-20;5;30
50;2025-12-20;6;168
50;2025-12-20;7;395
50;2025-12-20;8;612
50;2025-12-20;9;659
50;2025-12-20;10;660
50;2025-12-20;11;866
50;2025-12-20;12;888
50;2025-12-20;13;935
50;2025-12-20;14;951
50;2025-12-20;15;907
50;2025-12-20;16;871
50;2025-12-20;17;816
50;2025-12-20;18;714
50;2025-12-20;19;611
50;2025-12-20;20;461
50;2025-12-20;21;378
50;2025-12-20;22;244
50;2025-12-20;23;142
50;2025-12-21;0;53
50;2025-12-21;1;7
50;2025-12-21;2;0
50;2025-12-21;3;0
50;2025-12-21;4;1
50;2025-12-21;5;25
50;2025-12-21;6;119
50;2025-12-21;7;223
50;2025-12-21;8;337
50;2025-12-21;9;437
50;2025-12-21;10;512
50;2025-12-21;11;647
50;2025-12-21;12;758
50;2025-12-21;13;821
50;2025-12-21;14;872
50;2025-12-21;15;759
50;2025-12-21;16;805
50;2025-12-21;17;726
50;2025-12-21;18;655
50;2025-12-21;19;551
50;2025-12-21;20;460
50;2025-12-21;21;354
50;2025-12-21;22;231
50;2025-12-21;23;108
50;2025-12-22;0;34
50;2025-12-22;1;4
50;2025-12-22;2;0
50;2025-12-22;3;0
50;2025-12-22;4;3
50;2025-12-22;5;72
50;2025-12-22;6;552
50;2025-12-22;7;1765
50;2025-12-22;8;2766
50;2025-12-22;9;2162
50;2025-12-22;10;1753
50;2025-12-22;11;1653
50;2025-12-22;12;1546
50;2025-12-22;13;1543
50;2025-12-22;14;1497
50;2025-12-22;15;1777
50;2025-12-22;16;1762
50;2025-12-22;17;2421
50;2025-12-22;18;2569
50;2025-12-22;19;1487
50;2025-12-22;20;928
50;2025-12-22;21;639
50;2025-12-22;22;281
50;2025-12-22;23;141
50;2025-12-23;0;35
50;2025-12-23;1;4
50;2025-12-23;2;0
50;2025-12-23;3;0
50;2025-12-23;4;3
50;2025-12-23;5;74
50;2025-12-23;6;567
50;2025-12-23;7;1814
50;2025-12-23;8;2843
50;2025-12-23;9;2222
50;2025-12-23;10;1801
50;2025-12-23;11;1698
50;2025-12-23;12;1589
50;2025-12-23;13;1585
50;2025-12-23;14;1538
50;2025-12-23;15;1826
50;2025-12-23;16;1811
50;2025-12-23;17;2488
50;2025-12-23;18;2640
50;2025-12-23;19;1528
50;2025-12-23;20;954
50;2025-12-23;21;656
50;2025-12-23;22;289
50;2025-12-23;23;144
50;2025-12-24;0;35
50;2025-12-24;1;4
50;2025-12-24;2;0
50;2025-12-24;3;0
50;2025-12-24;4;3
50;2025-12-24;5;74
50;2025-12-24;6;567
50;2025-12-24;7;1814
50;2025-12-24;8;2843
50;2025-12-24;9;2222
50;2025-12-24;10;1801
50;2025-12-24;11;1698
50;2025-12-24;12;1589
50;2025-12-24;13;1585
50;2025-12-24;14;1538
50;2025-12-24;15;1826
50;2025-12-24;16;1811
50;2025-12-24;17;2488
50;2025-12-24;18;2640
50;2025-12-24;19;1528
50;2025-12-24;20;954
50;2025-12-24;21;656
50;2025-12-24;22;289
50;2025-12-24;23;144
50;2025-12-25;0;35
50;2025-12-25;1;4
50;2025-12-25;2;0
50;2025-12-25;3;0
50;2025-12-25;4;3
50;2025-12-25;5;74
50;2025-12-25;6;567
50;2025-12-25;7;1814
50;2025-12-25;8;2843
50;2025-12-25;9;2222
50;2025-12-25;10;1801
50;2025-12-25;11;1698
50;2025-12-25;12;1589
50;2025-12-25;13;1585
50;2025-12-25;14;1538
50;2025-12-25;15;1826
50;2025-12-25;16;1811
50;2025-12-25;17;2488
50;2025-12-25;18;2640
50;2025-12-25;19;1528
50;2025-12-25;20;954
50;2025-12-25;21;656
50;2025-12-25;22;289
50;2025-12-25;23;144
50;2025-12-26;0;43
50;2025-12-26;1;3
50;2025-12-26;2;0
50;2025-12-26;3;0
50;2025-12-26;4;3
50;2025-12-26;5;67
50;2025-12-26;6;570
50;2025-12-26;7;1781
50;2025-12-26;8;2793
50;2025-12-26;9;2144
50;2025-12-26;10;1666
50;2025-12-26;11;1740
50;2025-12-26;12;1642
50;2025-12-26;13;1649
50;2025-12-26;14;1573
50;2025-12-26;15;1947
50;2025-12-26;16;2314
50;2025-12-26;17;2218
50;2025-12-26;18;1832
50;2025-12-26;19;1258
50;2025-12-26;20;869
50;2025-12-26;21;605
50;2025-12-26;22;317
50;2025-12-26;23;182
50;2025-12-27;0;66
50;2025-12-27;1;4
50;2025-12-27;2;0
50;2025-12-27;3;0
50;2025-12-27;4;1
50;2025-12-27;5;30
50;2025-12-27;6;168
50;2025-12-27;7;395
50;2025-12-27;8;612
50;2025-12-27;9;659
50;2025-12-27;10;660
50;2025-12-27;11;866
50;2025-12-27;12;888
50;2025-12-27;13;935
50;2025-12-27;14;951
50;2025-12-27;15;907
50;2025-12-27;16;871
50;2025-12-27;17;816
50;2025-12-27;18;714
50;2025-12-27;19;611
50;2025-12-27;20;461
50;2025-12-27;21;378
50;2025-12-27;22;244
50;2025-12-27;23;142
50;2025-12-28;0;53
50;2025-12-28;1;7
50;2025-12-28;2;0
50;2025-12-28;3;0
50;2025-12-28;4;1
50;2025-12-28;5;25
50;2025-12-28;6;119
50;2025-12-28;7;223
50;2025-12-28;8;337
50;2025-12-28;9;437
50;2025-12-28;10;512
50;2025-12-28;11;647
50;2025-12-28;12;758
50;2025-12-28;13;821
50;2025-12-28;14;872
50;2025-12-28;15;759
50;2025-12-28;16;805
50;2025-12-28;17;726
50;2025-12-28;18;655
50;2025-12-28;19;551
50;2025-12-28;20;460
50;2025-12-28;21;354
50;2025-12-28;22;231
50;2025-12-28;23;108
50;2025-12-29;0;30
50;2025-12-29;1;3
50;2025-12-29;2;0
50;2025-12-29;3;0
50;2025-12-29;4;3
50;2025-12-29;5;64
50;2025-12-29;6;497
50;2025-12-29;7;1589
50;2025-12-29;8;2490
50;2025-12-29;9;1946
50;2025-12-29;10;1578
50;2025-12-29;11;1488
50;2025-12-29;12;1392
50;2025-12-29;13;1388
50;2025-12-29;14;1347
50;2025-12-29;15;1600
50;2025-12-29;16;1586
50;2025-12-29;17;2179
50;2025-12-29;18;2312
50;2025-12-29;19;1338
50;2025-12-29;20;835
50;2025-12-29;21;575
50;2025-12-29;22;253
50;2025-12-29;23;126
50;2025-12-30;0;30
50;2025-12-30;1;3
50;2025-12-30;2;0
50;2025-12-30;3;0
50;2025-12-30;4;2
50;2025-12-30;5;63
50;2025-12-30;6;482
50;2025-12-30;7;1542
50;2025-12-30;8;2416
50;2025-12-30;9;1889
50;2025-12-30;10;1532
50;2025-12-30;11;1444
50;2025-12-30;12;1350
50;2025-12-30;13;1347
50;2025-12-30;14;1307
50;2025-12-30;15;1552
50;2025-12-30;16;1540
50;2025-12-30;17;2114
50;2025-12-30;18;2244
50;2025-12-30;19;1299
50;2025-12-30;20;811
50;2025-12-30;21;558
50;2025-12-30;22;245
50;2025-12-30;23;123
50;2025-12-31;0;36
50;2025-12-31;1;2
50;2025-12-31;2;0
50;2025-12-31;3;0
50;2025-12-31;4;1
50;2025-12-31;5;16
50;2025-12-31;6;91
50;2025-12-31;7;213
50;2025-12-31;8;331
50;2025-12-31;9;356
50;2025-12-31;10;357
50;2025-12-31;11;469
50;2025-12-31;12;480
50;2025-12-31;13;506
50;2025-12-31;14;514
50;2025-12-31;15;490
50;2025-12-31;16;472
50;2025-12-31;17;441
50;2025-12-31;18;386
50;2025-12-31;19;330
50;2025-12-31;20;25
50;2025-12-31;21;20
50;2025-12-31;22;13
50;2025-12-31;23;8
