route;date;hour;prediction
1;2025-11-01;0;2
1;2025-11-01;1;0
1;2025-11-01;2;0
1;2025-11-01;3;0
1;2025-11-01;4;5
1;2025-11-01;5;125
1;2025-11-01;6;489
1;2025-11-01;7;1388
1;2025-11-01;8;1656
1;2025-11-01;9;1298
1;2025-11-01;10;1195
1;2025-11-01;11;1321
1;2025-11-01;12;1297
1;2025-11-01;13;1344
1;2025-11-01;14;1261
1;2025-11-01;15;1423
1;2025-11-01;16;1504
1;2025-11-01;17;1581
1;2025-11-01;18;1373
1;2025-11-01;19;1088
1;2025-11-01;20;763
1;2025-11-01;21;483
1;2025-11-01;22;211
1;2025-11-01;23;56
1;2025-11-02;0;0
1;2025-11-02;1;0
1;2025-11-02;2;0
1;2025-11-02;3;0
1;2025-11-02;4;0
1;2025-11-02;5;26
1;2025-11-02;6;130
1;2025-11-02;7;254
1;2025-11-02;8;354
1;2025-11-02;9;612
1;2025-11-02;10;739
1;2025-11-02;11;759
1;2025-11-02;12;900
1;2025-11-02;13;951
1;2025-11-02;14;849
1;2025-11-02;15;769
1;2025-11-02;16;698
1;2025-11-02;17;607
1;2025-11-02;18;520
1;2025-11-02;19;437
1;2025-11-02;20;367
1;2025-11-02;21;285
1;2025-11-02;22;115
1;2025-11-02;23;33
1;2025-11-03;0;3
1;2025-11-03;1;0
1;2025-11-03;2;0
1;2025-11-03;3;0
1;2025-11-03;4;0
1;2025-11-03;5;25
1;2025-11-03;6;127
1;2025-11-03;7;256
1;2025-11-03;8;353
1;2025-11-03;9;584
1;2025-11-03;10;707
1;2025-11-03;11;706
1;2025-11-03;12;856
1;2025-11-03;13;894
1;2025-11-03;14;821
1;2025-11-03;15;722
1;2025-11-03;16;649
1;2025-11-03;17;575
1;2025-11-03;18;492
1;2025-11-03;19;422
1;2025-11-03;20;346
1;2025-11-03;21;257
1;2025-11-03;22;108
1;2025-11-03;23;30
1;2025-11-04;0;3
1;2025-11-04;1;0
1;2025-11-04;2;0
1;2025-11-04;3;0
1;2025-11-04;4;0
1;2025-11-04;5;25
1;2025-11-04;6;127
1;2025-11-04;7;256
1;2025-11-04;8;353
1;2025-11-04;9;584
1;2025-11-04;10;707
1;2025-11-04;11;706
1;2025-11-04;12;856
1;2025-11-04;13;894
1;2025-11-04;14;821
1;2025-11-04;15;722
1;2025-11-04;16;649
1;2025-11-04;17;575
1;2025-11-04;18;492
1;2025-11-04;19;422
1;2025-11-04;20;346
1;2025-11-04;21;257
1;2025-11-04;22;108
1;2025-11-04;23;30
1;2025-11-05;0;4
1;2025-11-05;1;0
1;2025-11-05;2;0
1;2025-11-05;3;0
1;2025-11-05;4;9
1;2025-11-05;5;137
1;2025-11-05;6;578
1;2025-11-05;7;1564
1;2025-11-05;8;1989
1;2025-11-05;9;1534
1;2025-11-05;10;1411
1;2025-11-05;11;1450
1;2025-11-05;12;1507
1;2025-11-05;13;1533
1;2025-11-05;14;1480
1;2025-11-05;15;1648
1;2025-11-05;16;1636
1;2025-11-05;17;1825
1;2025-11-05;18;1882
1;2025-11-05;19;1404
1;2025-11-05;20;956
1;2025-11-05;21;526
1;2025-11-05;22;233
1;2025-11-05;23;52
1;2025-11-06;0;4
1;2025-11-06;1;0
1;2025-11-06;2;0
1;2025-11-06;3;0
1;2025-11-06;4;9
1;2025-11-06;5;137
1;2025-11-06;6;578
1;2025-11-06;7;1564
1;2025-11-06;8;1989
1;2025-11-06;9;1534
1;2025-11-06;10;1411
1;2025-11-06;11;1450
1;2025-11-06;12;1507
1;2025-11-06;13;1533
1;2025-11-06;14;1480
1;2025-11-06;15;1648
1;2025-11-06;16;1636
1;2025-11-06;17;1825
1;2025-11-06;18;1882
1;2025-11-06;19;1404
1;2025-11-06;20;956
1;2025-11-06;21;526
1;2025-11-06;22;233
1;2025-11-06;23;52
1;2025-11-07;0;6
1;2025-11-07;1;0
1;2025-11-07;2;0
1;2025-11-07;3;0
1;2025-11-07;4;6
1;2025-11-07;5;142
1;2025-11-07;6;556
1;2025-11-07;7;1578
1;2025-11-07;8;1883
1;2025-11-07;9;1476
1;2025-11-07;10;1358
1;2025-11-07;11;1502
1;2025-11-07;12;1475
1;2025-11-07;13;1528
1;2025-11-07;14;1433
1;2025-11-07;15;1617
1;2025-11-07;16;1709
1;2025-11-07;17;1797
1;2025-11-07;18;1561
1;2025-11-07;19;1236
1;2025-11-07;20;867
1;2025-11-07;21;549
1;2025-11-07;22;240
1;2025-11-07;23;64
1;2025-11-08;0;8
1;2025-11-08;1;0
1;2025-11-08;2;0
1;2025-11-08;3;0
1;2025-11-08;4;0
1;2025-11-08;5;33
1;2025-11-08;6;167
1;2025-11-08;7;348
1;2025-11-08;8;475
1;2025-11-08;9;754
1;2025-11-08;10;916
1;2025-11-08;11;889
1;2025-11-08;12;1103
1;2025-11-08;13;1138
1;2025-11-08;14;1075
1;2025-11-08;15;917
1;2025-11-08;16;816
1;2025-11-08;17;739
1;2025-11-08;18;630
1;2025-11-08;19;552
1;2025-11-08;20;440
1;2025-11-08;21;312
1;2025-11-08;22;138
1;2025-11-08;23;36
1;2025-11-09;0;0
1;2025-11-09;1;0
1;2025-11-09;2;0
1;2025-11-09;3;0
1;2025-11-09;4;0
1;2025-11-09;5;26
1;2025-11-09;6;130
1;2025-11-09;7;254
1;2025-11-09;8;354
1;2025-11-09;9;612
1;2025-11-09;10;739
1;2025-11-09;11;759
1;2025-11-09;12;900
1;2025-11-09;13;951
1;2025-11-09;14;849
1;2025-11-09;15;769
1;2025-11-09;16;698
1;2025-11-09;17;607
1;2025-11-09;18;520
1;2025-11-09;19;437
1;2025-11-09;20;367
1;2025-11-09;21;285
1;2025-11-09;22;115
1;2025-11-09;23;33
1;2025-11-10;0;4
1;2025-11-10;1;0
1;2025-11-10;2;0
1;2025-11-10;3;0
1;2025-11-10;4;8
1;2025-11-10;5;134
1;2025-11-10;6;562
1;2025-11-10;7;1522
1;2025-11-10;8;1936
1;2025-11-10;9;1493
1;2025-11-10;10;1373
1;2025-11-10;11;1411
1;2025-11-10;12;1467
1;2025-11-10;13;1492
1;2025-11-10;14;1440
1;2025-11-10;15;1604
1;2025-11-10;16;1592
1;2025-11-10;17;1776
1;2025-11-10;18;1831
1;2025-11-10;19;1366
1;2025-11-10;20;931
1;2025-11-10;21;512
1;2025-11-10;22;226
1;2025-11-10;23;51
1;2025-11-11;0;4
1;2025-11-11;1;0
1;2025-11-11;2;0
1;2025-11-11;3;0
1;2025-11-11;4;9
1;2025-11-11;5;137
1;2025-11-11;6;578
1;2025-11-11;7;1564
1;2025-11-11;8;1989
1;2025-11-11;9;1534
1;2025-11-11;10;1411
1;2025-11-11;11;1450
1;2025-11-11;12;1507
1;2025-11-11;13;1533
1;2025-11-11;14;1480
1;2025-11-11;15;1648
1;2025-11-11;16;1636
1;2025-11-11;17;1825
1;2025-11-11;18;1882
1;2025-11-11;19;1404
1;2025-11-11;20;956
1;2025-11-11;21;526
1;2025-11-11;22;233
1;2025-11-11;23;52
1;2025-11-12;0;4
1;2025-11-12;1;0
1;2025-11-12;2;0
1;2025-11-12;3;0
1;2025-11-12;4;9
1;2025-11-12;5;137
1;2025-11-12;6;578
1;2025-11-12;7;1564
1;2025-11-12;8;1989
1;2025-11-12;9;1534
1;2025-11-12;10;1411
1;2025-11-12;11;1450
1;2025-11-12;12;1507
1;2025-11-12;13;1533
1;2025-11-12;14;1480
1;2025-11-12;15;1648
1;2025-11-12;16;1636
1;2025-11-12;17;1825
1;2025-11-12;18;1882
1;2025-11-12;19;1404
1;2025-11-12;20;956
1;2025-11-12;21;526
1;2025-11-12;22;233
1;2025-11-12;23;52
1;2025-11-13;0;4
1;2025-11-13;1;0
1;2025-11-13;2;0
1;2025-11-13;3;0
1;2025-11-13;4;9
1;2025-11-13;5;137
1;2025-11-13;6;578
1;2025-11-13;7;1564
1;2025-11-13;8;1989
1;2025-11-13;9;1534
1;2025-11-13;10;1411
1;2025-11-13;11;1450
1;2025-11-13;12;1507
1;2025-11-13;13;1533
1;2025-11-13;14;1480
1;2025-11-13;15;1648
1;2025-11-13;16;1636
1;2025-11-13;17;1825
1;2025-11-13;18;1882
1;2025-11-13;19;1404
1;2025-11-13;20;956
1;2025-11-13;21;526
1;2025-11-13;22;233
1;2025-11-13;23;52
1;2025-11-14;0;6
1;2025-11-14;1;0
1;2025-11-14;2;0
1;2025-11-14;3;0
1;2025-11-14;4;6
1;2025-11-14;5;142
1;2025-11-14;6;556
1;2025-11-14;7;1578
1;2025-11-14;8;1883
1;2025-11-14;9;1476
1;2025-11-14;10;1358
1;2025-11-14;11;1502
1;2025-11-14;12;1475
1;2025-11-14;13;1528
1;2025-11-14;14;1433
1;2025-11-14;15;1617
1;2025-11-14;16;1709
1;2025-11-14;17;1797
1;2025-11-14;18;1561
1;2025-11-14;19;1236
1;2025-11-14;20;867
1;2025-11-14;21;549
1;2025-11-14;22;240
1;2025-11-14;23;64
1;2025-11-15;0;8
1;2025-11-15;1;0
1;2025-11-15;2;0
1;2025-11-15;3;0
1;2025-11-15;4;0
1;2025-11-15;5;33
1;2025-11-15;6;167
1;2025-11-15;7;348
1;2025-11-15;8;475
1;2025-11-15;9;754
1;2025-11-15;10;916
1;2025-11-15;11;889
1;2025-11-15;12;1103
1;2025-11-15;13;1138
1;2025-11-15;14;1075
1;2025-11-15;15;917
1;2025-11-15;16;816
1;2025-11-15;17;739
1;2025-11-15;18;630
1;2025-11-15;19;552
1;2025-11-15;20;440
1;2025-11-15;21;312
1;2025-11-15;22;138
1;2025-11-15;23;36
1;2025-11-16;0;0
1;2025-11-16;1;0
1;2025-11-16;2;0
1;2025-11-16;3;0
1;2025-11-16;4;0
1;2025-11-16;5;26
1;2025-11-16;6;130
1;2025-11-16;7;254
1;2025-11-16;8;354
1;2025-11-16;9;612
1;2025-11-16;10;739
1;2025-11-16;11;759
1;2025-11-16;12;900
1;2025-11-16;13;951
1;2025-11-16;14;849
1;2025-11-16;15;769
1;2025-11-16;16;698
1;2025-11-16;17;607
1;2025-11-16;18;520
1;2025-11-16;19;437
1;2025-11-16;20;367
1;2025-11-16;21;285
1;2025-11-16;22;115
1;2025-11-16;23;33
1;2025-11-17;0;4
1;2025-11-17;1;0
1;2025-11-17;2;0
1;2025-11-17;3;0
1;2025-11-17;4;8
1;2025-11-17;5;134
1;2025-11-17;6;562
1;2025-11-17;7;1522
1;2025-11-17;8;1936
1;2025-11-17;9;1493
1;2025-11-17;10;1373
1;2025-11-17;11;1411
1;2025-11-17;12;1467
1;2025-11-17;13;1492
1;2025-11-17;14;1440
1;2025-11-17;15;1604
1;2025-11-17;16;1592
1;2025-11-17;17;1776
1;2025-11-17;18;1831
1;2025-11-17;19;1366
1;2025-11-17;20;931
1;2025-11-17;21;512
1;2025-11-17;22;226
1;2025-11-17;23;51
1;2025-11-18;0;4
1;2025-11-18;1;0
1;2025-11-18;2;0
1;2025-11-18;3;0
1;2025-11-18;4;9
1;2025-11-18;5;137
1;2025-11-18;6;578
1;2025-11-18;7;1564
1;2025-11-18;8;1989
1;2025-11-18;9;1534
1;2025-11-18;10;1411
1;2025-11-18;11;1450
1;2025-11-18;12;1507
1;2025-11-18;13;1533
1;2025-11-18;14;1480
1;2025-11-18;15;1648
1;2025-11-18;16;1636
1;2025-11-18;17;1825
1;2025-11-18;18;1882
1;2025-11-18;19;1404
1;2025-11-18;20;956
1;2025-11-18;21;526
1;2025-11-18;22;233
1;2025-11-18;23;52
1;2025-11-19;0;4
1;2025-11-19;1;0
1;2025-11-19;2;0
1;2025-11-19;3;0
1;2025-11-19;4;9
1;2025-11-19;5;137
1;2025-11-19;6;578
1;2025-11-19;7;1564
1;2025-11-19;8;1989
1;2025-11-19;9;1534
1;2025-11-19;10;1411
1;2025-11-19;11;1450
1;2025-11-19;12;1507
1;2025-11-19;13;1533
1;2025-11-19;14;1480
1;2025-11-19;15;1648
1;2025-11-19;16;1636
1;2025-11-19;17;1825
1;2025-11-19;18;1882
1;2025-11-19;19;1404
1;2025-11-19;20;956
1;2025-11-19;21;526
1;2025-11-19;22;233
1;2025-11-19;23;52
1;2025-11-20;0;4
1;2025-11-20;1;0
1;2025-11-20;2;0
1;2025-11-20;3;0
1;2025-11-20;4;9
1;2025-11-20;5;137
1;2025-11-20;6;578
1;2025-11-20;7;1564
1;2025-11-20;8;1989
1;2025-11-20;9;1534
1;2025-11-20;10;1411
1;2025-11-20;11;1450
1;2025-11-20;12;1507
1;2025-11-20;13;1533
1;2025-11-20;14;1480
1;2025-11-20;15;1648
1;2025-11-20;16;1636
1;2025-11-20;17;1825
1;2025-11-20;18;1882
1;2025-11-20;19;1404
1;2025-11-20;20;956
1;2025-11-20;21;526
1;2025-11-20;22;233
1;2025-11-20;23;52
1;2025-11-21;0;6
1;2025-11-21;1;0
1;2025-11-21;2;0
1;2025-11-21;3;0
1;2025-11-21;4;6
1;2025-11-21;5;142
1;2025-11-21;6;556
1;2025-11-21;7;1578
1;2025-11-21;8;1883
1;2025-11-21;9;1476
1;2025-11-21;10;1358
1;2025-11-21;11;1502
1;2025-11-21;12;1475
1;2025-11-21;13;1528
1;2025-11-21;14;1433
1;2025-11-21;15;1617
1;2025-11-21;16;1709
1;2025-11-21;17;1797
1;2025-11-21;18;1561
1;2025-11-21;19;1236
1;2025-11-21;20;867
1;2025-11-21;21;549
1;2025-11-21;22;240
1;2025-11-21;23;64
1;2025-11-22;0;8
1;2025-11-22;1;0
1;2025-11-22;2;0
1;2025-11-22;3;0
1;2025-11-22;4;0
1;2025-11-22;5;33
1;2025-11-22;6;167
1;2025-11-22;7;348
1;2025-11-22;8;475
1;2025-11-22;9;754
1;2025-11-22;10;916
1;2025-11-22;11;889
1;2025-11-22;12;1103
1;2025-11-22;13;1138
1;2025-11-22;14;1075
1;2025-11-22;15;917
1;2025-11-22;16;816
1;2025-11-22;17;739
1;2025-11-22;18;630
1;2025-11-22;19;552
1;2025-11-22;20;440
1;2025-11-22;21;312
1;2025-11-22;22;138
1;2025-11-22;23;36
1;2025-11-23;0;0
1;2025-11-23;1;0
1;2025-11-23;2;0
1;2025-11-23;3;0
1;2025-11-23;4;0
1;2025-11-23;5;26
1;2025-11-23;6;130
1;2025-11-23;7;254
1;2025-11-23;8;354
1;2025-11-23;9;612
1;2025-11-23;10;739
1;2025-11-23;11;759
1;2025-11-23;12;900
1;2025-11-23;13;951
1;2025-11-23;14;849
1;2025-11-23;15;769
1;2025-11-23;16;698
1;2025-11-23;17;607
1;2025-11-23;18;520
1;2025-11-23;19;437
1;2025-11-23;20;367
1;2025-11-23;21;285
1;2025-11-23;22;115
1;2025-11-23;23;33
1;2025-11-24;0;4
1;2025-11-24;1;0
1;2025-11-24;2;0
1;2025-11-24;3;0
1;2025-11-24;4;8
1;2025-11-24;5;134
1;2025-11-24;6;562
1;2025-11-24;7;1522
1;2025-11-24;8;1936
1;2025-11-24;9;1493
1;2025-11-24;10;1373
1;2025-11-24;11;1411
1;2025-11-24;12;1467
1;2025-11-24;13;1492
1;2025-11-24;14;1440
1;2025-11-24;15;1604
1;2025-11-24;16;1592
1;2025-11-24;17;1776
1;2025-11-24;18;1831
1;2025-11-24;19;1366
1;2025-11-24;20;931
1;2025-11-24;21;512
1;2025-11-24;22;226
1;2025-11-24;23;51
1;2025-11-25;0;4
1;2025-11-25;1;0
1;2025-11-25;2;0
1;2025-11-25;3;0
1;2025-11-25;4;9
1;2025-11-25;5;137
1;2025-11-25;6;578
1;2025-11-25;7;1564
1;2025-11-25;8;1989
1;2025-11-25;9;1534
1;2025-11-25;10;1411
1;2025-11-25;11;1450
1;2025-11-25;12;1507
1;2025-11-25;13;1533
1;2025-11-25;14;1480
1;2025-11-25;15;1648
1;2025-11-25;16;1636
1;2025-11-25;17;1825
1;2025-11-25;18;1882
1;2025-11-25;19;1404
1;2025-11-25;20;956
1;2025-11-25;21;526
1;2025-11-25;22;233
1;2025-11-25;23;52
1;2025-11-26;0;4
1;2025-11-26;1;0
1;2025-11-26;2;0
1;2025-11-26;3;0
1;2025-11-26;4;9
1;2025-11-26;5;137
1;2025-11-26;6;578
1;2025-11-26;7;1564
1;2025-11-26;8;1989
1;2025-11-26;9;1534
1;2025-11-26;10;1411
1;2025-11-26;11;1450
1;2025-11-26;12;1507
1;2025-11-26;13;1533
1;2025-11-26;14;1480
1;2025-11-26;15;1648
1;2025-11-26;16;1636
1;2025-11-26;17;1825
1;2025-11-26;18;1882
1;2025-11-26;19;1404
1;2025-11-26;20;956
1;2025-11-26;21;526
1;2025-11-26;22;233
1;2025-11-26;23;52
1;2025-11-27;0;4
1;2025-11-27;1;0
1;2025-11-27;2;0
1;2025-11-27;3;0
1;2025-11-27;4;9
1;2025-11-27;5;137
1;2025-11-27;6;578
1;2025-11-27;7;1564
1;2025-11-27;8;1989
1;2025-11-27;9;1534
1;2025-11-27;10;1411
1;2025-11-27;11;1450
1;2025-11-27;12;1507
1;2025-11-27;13;1533
1;2025-11-27;14;1480
1;2025-11-27;15;1648
1;2025-11-27;16;1636
1;2025-11-27;17;1825
1;2025-11-27;18;1882
1;2025-11-27;19;1404
1;2025-11-27;20;956
1;2025-11-27;21;526
1;2025-11-27;22;233
1;2025-11-27;23;52
1;2025-11-28;0;6
1;2025-11-28;1;0
1;2025-11-28;2;0
1;2025-11-28;3;0
1;2025-11-28;4;6
1;2025-11-28;5;142
1;2025-11-28;6;556
1;2025-11-28;7;1578
1;2025-11-28;8;1883
1;2025-11-28;9;1476
1;2025-11-28;10;1358
1;2025-11-28;11;1502
1;2025-11-28;12;1475
1;2025-11-28;13;1528
1;2025-11-28;14;1433
1;2025-11-28;15;1617
1;2025-11-28;16;1709
1;2025-11-28;17;1797
1;2025-11-28;18;1561
1;2025-11-28;19;1236
1;2025-11-28;20;867
1;2025-11-28;21;549
1;2025-11-28;22;240
1;2025-11-28;23;64
1;2025-11-29;0;8
1;2025-11-29;1;0
1;2025-11-29;2;0
1;2025-11-29;3;0
1;2025-11-29;4;0
1;2025-11-29;5;33
1;2025-11-29;6;167
1;2025-11-29;7;348
1;2025-11-29;8;475
1;2025-11-29;9;754
1;2025-11-29;10;916
1;2025-11-29;11;889
1;2025-11-29;12;1103
1;2025-11-29;13;1138
1;2025-11-29;14;1075
1;2025-11-29;15;917
1;2025-11-29;16;816
1;2025-11-29;17;739
1;2025-11-29;18;630
1;2025-11-29;19;552
1;2025-11-29;20;440
1;2025-11-29;21;312
1;2025-11-29;22;138
1;2025-11-29;23;36
1;2025-11-30;0;0
1;2025-11-30;1;0
1;2025-11-30;2;0
1;2025-11-30;3;0
1;2025-11-30;4;0
1;2025-11-30;5;26
1;2025-11-30;6;130
1;2025-11-30;7;254
1;2025-11-30;8;354
1;2025-11-30;9;612
1;2025-11-30;10;739
1;2025-11-30;11;759
1;2025-11-30;12;900
1;2025-11-30;13;951
1;2025-11-30;14;849
1;2025-11-30;15;769
1;2025-11-30;16;698
1;2025-11-30;17;607
1;2025-11-30;18;520
1;2025-11-30;19;437
1;2025-11-30;20;367
1;2025-11-30;21;285
1;2025-11-30;22;115
1;2025-11-30;23;33
1;2025-12-01;0;4
1;2025-12-01;1;0
1;2025-12-01;2;0
1;2025-12-01;3;0
1;2025-12-01;4;8
1;2025-12-01;5;133
1;2025-12-01;6;561
1;2025-12-01;7;1495
1;2025-12-01;8;1886
1;2025-12-01;9;1463
1;2025-12-01;10;1341
1;2025-12-01;11;1388
1;2025-12-01;12;1441
1;2025-12-01;13;1458
1;2025-12-01;14;1409
1;2025-12-01;15;1576
1;2025-12-01;16;1559
1;2025-12-01;17;1734
1;2025-12-01;18;1787
1;2025-12-01;19;1338
1;2025-12-01;20;911
1;2025-12-01;21;506
1;2025-12-01;22;228
1;2025-12-01;23;52
1;2025-12-02;0;4
1;2025-12-02;1;0
1;2025-12-02;2;0
1;2025-12-02;3;0
1;2025-12-02;4;8
1;2025-12-02;5;136
1;2025-12-02;6;576
1;2025-12-02;7;1537
1;2025-12-02;8;1937
1;2025-12-02;9;1503
1;2025-12-02;10;1378
1;2025-12-02;11;1426
1;2025-12-02;12;1480
1;2025-12-02;13;1498
1;2025-12-02;14;1448
1;2025-12-02;15;1619
1;2025-12-02;16;1601
1;2025-12-02;17;1782
1;2025-12-02;18;1836
1;2025-12-02;19;1375
1;2025-12-02;20;937
1;2025-12-02;21;520
1;2025-12-02;22;235
1;2025-12-02;23;53
1;2025-12-03;0;4
1;2025-12-03;1;0
1;2025-12-03;2;0
1;2025-12-03;3;0
1;2025-12-03;4;8
1;2025-12-03;5;136
1;2025-12-03;6;576
1;2025-12-03;7;1537
1;2025-12-03;8;1937
1;2025-12-03;9;1503
1;2025-12-03;10;1378
1;2025-12-03;11;1426
1;2025-12-03;12;1480
1;2025-12-03;13;1498
1;2025-12-03;14;1448
1;2025-12-03;15;1619
1;2025-12-03;16;1601
1;2025-12-03;17;1782
1;2025-12-03;18;1836
1;2025-12-03;19;1375
1;2025-12-03;20;937
1;2025-12-03;21;520
1;2025-12-03;22;235
1;2025-12-03;23;53
1;2025-12-04;0;4
1;2025-12-04;1;0
1;2025-12-04;2;0
1;2025-12-04;3;0
1;2025-12-04;4;8
1;2025-12-04;5;136
1;2025-12-04;6;576
1;2025-12-04;7;1537
1;2025-12-04;8;1937
1;2025-12-04;9;1503
1;2025-12-04;10;1378
1;2025-12-04;11;1426
1;2025-12-04;12;1480
1;2025-12-04;13;1498
1;2025-12-04;14;1448
1;2025-12-04;15;1619
1;2025-12-04;16;1601
1;2025-12-04;17;1782
1;2025-12-04;18;1836
1;2025-12-04;19;1375
1;2025-12-04;20;937
1;2025-12-04;21;520
1;2025-12-04;22;235
1;2025-12-04;23;53
1;2025-12-05;0;6
1;2025-12-05;1;0
1;2025-12-05;2;0
1;2025-12-05;3;0
1;2025-12-05;4;6
1;2025-12-05;5;138
1;2025-12-05;6;554
1;2025-12-05;7;1544
1;2025-12-05;8;1837
1;2025-12-05;9;1442
1;2025-12-05;10;1328
1;2025-12-05;11;1479
1;2025-12-05;12;1447
1;2025-12-05;13;1499
1;2025-12-05;14;1407
1;2025-12-05;15;1588
1;2025-12-05;16;1672
1;2025-12-05;17;1742
1;2025-12-05;18;1535
1;2025-12-05;19;1202
1;2025-12-05;20;851
1;2025-12-05;21;543
1;2025-12-05;22;244
1;2025-12-05;23;67
1;2025-12-06;0;9
1;2025-12-06;1;0
1;2025-12-06;2;0
1;2025-12-06;3;0
1;2025-12-06;4;0
1;2025-12-06;5;33
1;2025-12-06;6;167
1;2025-12-06;7;340
1;2025-12-06;8;464
1;2025-12-06;9;740
1;2025-12-06;10;892
1;2025-12-06;11;864
1;2025-12-06;12;1079
1;2025-12-06;13;1109
1;2025-12-06;14;1052
1;2025-12-06;15;895
1;2025-12-06;16;803
1;2025-12-06;17;727
1;2025-12-06;18;616
1;2025-12-06;19;542
1;2025-12-06;20;432
1;2025-12-06;21;307
1;2025-12-06;22;138
1;2025-12-06;23;37
1;2025-12-07;0;0
1;2025-12-07;1;0
1;2025-12-07;2;0
1;2025-12-07;3;0
1;2025-12-07;4;0
1;2025-12-07;5;26
1;2025-12-07;6;130
1;2025-12-07;7;247
1;2025-12-07;8;347
1;2025-12-07;9;600
1;2025-12-07;10;732
1;2025-12-07;11;748
1;2025-12-07;12;891
1;2025-12-07;13;945
1;2025-12-07;14;837
1;2025-12-07;15;760
1;2025-12-07;16;688
1;2025-12-07;17;602
1;2025-12-07;18;515
1;2025-12-07;19;429
1;2025-12-07;20;365
1;2025-12-07;21;279
1;2025-12-07;22;116
1;2025-12-07;23;33
1;2025-12-08;0;4
1;2025-12-08;1;0
1;2025-12-08;2;0
1;2025-12-08;3;0
1;2025-12-08;4;8
1;2025-12-08;5;133
1;2025-12-08;6;561
1;2025-12-08;7;1495
1;2025-12-08;8;1886
1;2025-12-08;9;1463
1;2025-12-08;10;1341
1;2025-12-08;11;1388
1;2025-12-08;12;1441
1;2025-12-08;13;1458
1;2025-12-08;14;1409
1;2025-12-08;15;1576
1;2025-12-08;16;1559
1;2025-12-08;17;1734
1;2025-12-08;18;1787
1;2025-12-08;19;1338
1;2025-12-08;20;911
1;2025-12-08;21;506
1;2025-12-08;22;228
1;2025-12-08;23;52
1;2025-12-09;0;4
1;2025-12-09;1;0
1;2025-12-09;2;0
1;2025-12-09;3;0
1;2025-12-09;4;8
1;2025-12-09;5;136
1;2025-12-09;6;576
1;2025-12-09;7;1537
1;2025-12-09;8;1937
1;2025-12-09;9;1503
1;2025-12-09;10;1378
1;2025-12-09;11;1426
1;2025-12-09;12;1480
1;2025-12-09;13;1498
1;2025-12-09;14;1448
1;2025-12-09;15;1619
1;2025-12-09;16;1601
1;2025-12-09;17;1782
1;2025-12-09;18;1836
1;2025-12-09;19;1375
1;2025-12-09;20;937
1;2025-12-09;21;520
1;2025-12-09;22;235
1;2025-12-09;23;53
1;2025-12-10;0;4
1;2025-12-10;1;0
1;2025-12-10;2;0
1;2025-12-10;3;0
1;2025-12-10;4;8
1;2025-12-10;5;136
1;2025-12-10;6;576
1;2025-12-10;7;1537
1;2025-12-10;8;1937
1;2025-12-10;9;1503
1;2025-12-10;10;1378
1;2025-12-10;11;1426
1;2025-12-10;12;1480
1;2025-12-10;13;1498
1;2025-12-10;14;1448
1;2025-12-10;15;1619
1;2025-12-10;16;1601
1;2025-12-10;17;1782
1;2025-12-10;18;1836
1;2025-12-10;19;1375
1;2025-12-10;20;937
1;2025-12-10;21;520
1;2025-12-10;22;235
1;2025-12-10;23;53
1;2025-12-11;0;4
1;2025-12-11;1;0
1;2025-12-11;2;0
1;2025-12-11;3;0
1;2025-12-11;4;8
1;2025-12-11;5;136
1;2025-12-11;6;576
1;2025-12-11;7;1537
1;2025-12-11;8;1937
1;2025-12-11;9;1503
1;2025-12-11;10;1378
1;2025-12-11;11;1426
1;2025-12-11;12;1480
1;2025-12-11;13;1498
1;2025-12-11;14;1448
1;2025-12-11;15;1619
1;2025-12-11;16;1601
1;2025-12-11;17;1782
1;2025-12-11;18;1836
1;2025-12-11;19;1375
1;2025-12-11;20;937
1;2025-12-11;21;520
1;2025-12-11;22;235
1;2025-12-11;23;53
1;2025-12-12;0;6
1;2025-12-12;1;0
1;2025-12-12;2;0
1;2025-12-12;3;0
1;2025-12-12;4;6
1;2025-12-12;5;138
1;2025-12-12;6;554
1;2025-12-12;7;1544
1;2025-12-12;8;1837
1;2025-12-12;9;1442
1;2025-12-12;10;1328
1;2025-12-12;11;1479
1;2025-12-12;12;1447
1;2025-12-12;13;1499
1;2025-12-12;14;1407
1;2025-12-12;15;1588
1;2025-12-12;16;1672
1;2025-12-12;17;1742
1;2025-12-12;18;1535
1;2025-12-12;19;1202
1;2025-12-12;20;851
1;2025-12-12;21;543
1;2025-12-12;22;244
1;2025-12-12;23;67
1;2025-12-13;0;9
1;2025-12-13;1;0
1;2025-12-13;2;0
1;2025-12-13;3;0
1;2025-12-13;4;0
1;2025-12-13;5;33
1;2025-12-13;6;167
1;2025-12-13;7;340
1;2025-12-13;8;464
1;2025-12-13;9;740
1;2025-12-13;10;892
1;2025-12-13;11;864
1;2025-12-13;12;1079
1;2025-12-13;13;1109
1;2025-12-13;14;1052
1;2025-12-13;15;895
1;2025-12-13;16;803
1;2025-12-13;17;727
1;2025-12-13;18;616
1;2025-12-13;19;542
1;2025-12-13;20;432
1;2025-12-13;21;307
1;2025-12-13;22;138
1;2025-12-13;23;37
1;2025-12-14;0;0
1;2025-12-14;1;0
1;2025-12-14;2;0
1;2025-12-14;3;0
1;2025-12-14;4;0
1;2025-12-14;5;26
1;2025-12-14;6;130
1;2025-12-14;7;247
1;2025-12-14;8;347
1;2025-12-14;9;600
1;2025-12-14;10;732
1;2025-12-14;11;748
1;2025-12-14;12;891
1;2025-12-14;13;945
1;2025-12-14;14;837
1;2025-12-14;15;760
1;2025-12-14;16;688
1;2025-12-14;17;602
1;2025-12-14;18;515
1;2025-12-14;19;429
1;2025-12-14;20;365
1;2025-12-14;21;279
1;2025-12-14;22;116
1;2025-12-14;23;33
1;2025-12-15;0;4
1;2025-12-15;1;0
1;2025-12-15;2;0
1;2025-12-15;3;0
1;2025-12-15;4;8
1;2025-12-15;5;133
1;2025-12-15;6;561
1;2025-12-15;7;1495
1;2025-12-15;8;1886
1;2025-12-15;9;1463
1;2025-12-15;10;1341
1;2025-12-15;11;1388
1;2025-12-15;12;1441
1;2025-12-15;13;1458
1;2025-12-15;14;1409
1;2025-12-15;15;1576
1;2025-12-15;16;1559
1;2025-12-15;17;1734
1;2025-12-15;18;1787
1;2025-12-15;19;1338
1;2025-12-15;20;911
1;2025-12-15;21;506
1;2025-12-15;22;228
1;2025-12-15;23;52
1;2025-12-16;0;4
1;2025-12-16;1;0
1;2025-12-16;2;0
1;2025-12-16;3;0
1;2025-12-16;4;8
1;2025-12-16;5;136
1;2025-12-16;6;576
1;2025-12-16;7;1537
1;2025-12-16;8;1937
1;2025-12-16;9;1503
1;2025-12-16;10;1378
1;2025-12-16;11;1426
1;2025-12-16;12;1480
1;2025-12-16;13;1498
1;2025-12-16;14;1448
1;2025-12-16;15;1619
1;2025-12-16;16;1601
1;2025-12-16;17;1782
1;2025-12-16;18;1836
1;2025-12-16;19;1375
1;2025-12-16;20;937
1;2025-12-16;21;520
1;2025-12-16;22;235
1;2025-12-16;23;53
1;2025-12-17;0;4
1;2025-12-17;1;0
1;2025-12-17;2;0
1;2025-12-17;3;0
1;2025-12-17;4;8
1;2025-12-17;5;136
1;2025-12-17;6;576
1;2025-12-17;7;1537
1;2025-12-17;8;1937
1;2025-12-17;9;1503
1;2025-12-17;10;1378
1;2025-12-17;11;1426
1;2025-12-17;12;1480
1;2025-12-17;13;1498
1;2025-12-17;14;1448
1;2025-12-17;15;1619
1;2025-12-17;16;1601
1;2025-12-17;17;1782
1;2025-12-17;18;1836
1;2025-12-17;19;1375
1;2025-12-17;20;937
1;2025-12-17;21;520
1;2025-12-17;22;235
1;2025-12-17;23;53
1;2025-12-18;0;4
1;2025-12-18;1;0
1;2025-12-18;2;0
1;2025-12-18;3;0
1;2025-12-18;4;8
1;2025-12-18;5;136
1;2025-12-18;6;576
1;2025-12-18;7;1537
1;2025-12-18;8;1937
1;2025-12-18;9;1503
1;2025-12-18;10;1378
1;2025-12-18;11;1426
1;2025-12-18;12;1480
1;2025-12-18;13;1498
1;2025-12-18;14;1448
1;2025-12-18;15;1619
1;2025-12-18;16;1601
1;2025-12-18;17;1782
1;2025-12-18;18;1836
1;2025-12-18;19;1375
1;2025-12-18;20;937
1;2025-12-18;21;520
1;2025-12-18;22;235
1;2025-12-18;23;53
1;2025-12-19;0;6
1;2025-12-19;1;0
1;2025-12-19;2;0
1;2025-12-19;3;0
1;2025-12-19;4;6
1;2025-12-19;5;138
1;2025-12-19;6;554
1;2025-12-19;7;1544
1;2025-12-19;8;1837
1;2025-12-19;9;1442
1;2025-12-19;10;1328
1;2025-12-19;11;1479
1;2025-12-19;12;1447
1;2025-12-19;13;1499
1;2025-12-19;14;1407
1;2025-12-19;15;1588
1;2025-12-19;16;1672
1;2025-12-19;17;1742
1;2025-12-19;18;1535
1;2025-12-19;19;1202
1;2025-12-19;20;851
1;2025-12-19;21;543
1;2025-12-19;22;244
1;2025-12-19;23;67
1;2025-12-20;0;9
1;2025-12-20;1;0
1;2025-12-20;2;0
1;2025-12-20;3;0
1;2025-12-20;4;0
1;2025-12-20;5;33
1;2025-12-20;6;167
1;2025-12-20;7;340
1;2025-12-20;8;464
1;2025-12-20;9;740
1;2025-12-20;10;892
1;2025-12-20;11;864
1;2025-12-20;12;1079
1;2025-12-20;13;1109
1;2025-12-20;14;1052
1;2025-12-20;15;895
1;2025-12-20;16;803
1;2025-12-20;17;727
1;2025-12-20;18;616
1;2025-12-20;19;542
1;2025-12-20;20;432
1;2025-12-20;21;307
1;2025-12-20;22;138
1;2025-12-20;23;37
1;2025-12-21;0;0
1;2025-12-21;1;0
1;2025-12-21;2;0
1;2025-12-21;3;0
1;2025-12-21;4;0
1;2025-12-21;5;26
1;2025-12-21;6;130
1;2025-12-21;7;247
1;2025-12-21;8;347
1;2025-12-21;9;600
1;2025-12-21;10;732
1;2025-12-21;11;748
1;2025-12-21;12;891
1;2025-12-21;13;945
1;2025-12-21;14;837
1;2025-12-21;15;760
1;2025-12-21;16;688
1;2025-12-21;17;602
1;2025-12-21;18;515
1;2025-12-21;19;429
1;2025-12-21;20;365
1;2025-12-21;21;279
1;2025-12-21;22;116
1;2025-12-21;23;33
1;2025-12-22;0;4
1;2025-12-22;1;0
1;2025-12-22;2;0
1;2025-12-22;3;0
1;2025-12-22;4;8
1;2025-12-22;5;133
1;2025-12-22;6;561
1;2025-12-22;7;1495
1;2025-12-22;8;1886
1;2025-12-22;9;1463
1;2025-12-22;10;1341
1;2025-12-22;11;1388
1;2025-12-22;12;1441
1;2025-12-22;13;1458
1;2025-12-22;14;1409
1;2025-12-22;15;1576
1;2025-12-22;16;1559
1;2025-12-22;17;1734
1;2025-12-22;18;1787
1;2025-12-22;19;1338
1;2025-12-22;20;911
1;2025-12-22;21;506
1;2025-12-22;22;228
1;2025-12-22;23;52
1;2025-12-23;0;4
1;2025-12-23;1;0
1;2025-12-23;2;0
1;2025-12-23;3;0
1;2025-12-23;4;8
1;2025-12-23;5;136
1;2025-12-23;6;576
1;2025-12-23;7;1537
1;2025-12-23;8;1937
1;2025-12-23;9;1503
1;2025-12-23;10;1378
1;2025-12-23;11;1426
1;2025-12-23;12;1480
1;2025-12-23;13;1498
1;2025-12-23;14;1448
1;2025-12-23;15;1619
1;2025-12-23;16;1601
1;2025-12-23;17;1782
1;2025-12-23;18;1836
1;2025-12-23;19;1375
1;2025-12-23;20;937
1;2025-12-23;21;520
1;2025-12-23;22;235
1;2025-12-23;23;53
1;2025-12-24;0;4
1;2025-12-24;1;0
1;2025-12-24;2;0
1;2025-12-24;3;0
1;2025-12-24;4;8
1;2025-12-24;5;136
1;2025-12-24;6;576
1;2025-12-24;7;1537
1;2025-12-24;8;1937
1;2025-12-24;9;1503
1;2025-12-24;10;1378
1;2025-12-24;11;1426
1;2025-12-24;12;1480
1;2025-12-24;13;1498
1;2025-12-24;14;1448
1;2025-12-24;15;1619
1;2025-12-24;16;1601
1;2025-12-24;17;1782
1;2025-12-24;18;1836
1;2025-12-24;19;1375
1;2025-12-24;20;937
1;2025-12-24;21;520
1;2025-12-24;22;235
1;2025-12-24;23;53
1;2025-12-25;0;4
1;2025-12-25;1;0
1;2025-12-25;2;0
1;2025-12-25;3;0
1;2025-12-25;4;8
1;2025-12-25;5;136
1;2025-12-25;6;576
1;2025-12-25;7;1537
1;2025-12-25;8;1937
1;2025-12-25;9;1503
1;2025-12-25;10;1378
1;2025-12-25;11;1426
1;2025-12-25;12;1480
1;2025-12-25;13;1498
1;2025-12-25;14;1448
1;2025-12-25;15;1619
1;2025-12-25;16;1601
1;2025-12-25;17;1782
1;2025-12-25;18;1836
1;2025-12-25;19;1375
1;2025-12-25;20;937
1;2025-12-25;21;520
1;2025-12-25;22;235
1;2025-12-25;23;53
1;2025-12-26;0;6
1;2025-12-26;1;0
1;2025-12-26;2;0
1;2025-12-26;3;0
1;2025-12-26;4;6
1;2025-12-26;5;138
1;2025-12-26;6;554
1;2025-12-26;7;1544
1;2025-12-26;8;1837
1;2025-12-26;9;1442
1;2025-12-26;10;1328
1;2025-12-26;11;1479
1;2025-12-26;12;1447
1;2025-12-26;13;1499
1;2025-12-26;14;1407
1;2025-12-26;15;1588
1;2025-12-26;16;1672
1;2025-12-26;17;1742
1;2025-12-26;18;1535
1;2025-12-26;19;1202
1;2025-12-26;20;851
1;2025-12-26;21;543
1;2025-12-26;22;244
1;2025-12-26;23;67
1;2025-12-27;0;9
1;2025-12-27;1;0
1;2025-12-27;2;0
1;2025-12-27;3;0
1;2025-12-27;4;0
1;2025-12-27;5;33
1;2025-12-27;6;167
1;2025-12-27;7;340
1;2025-12-27;8;464
1;2025-12-27;9;740
1;2025-12-27;10;892
1;2025-12-27;11;864
1;2025-12-27;12;1079
1;2025-12-27;13;1109
1;2025-12-27;14;1052
1;2025-12-27;15;895
1;2025-12-27;16;803
1;2025-12-27;17;727
1;2025-12-27;18;616
1;2025-12-27;19;542
1;2025-12-27;20;432
1;2025-12-27;21;307
1;2025-12-27;22;138
1;2025-12-27;23;37
1;2025-12-28;0;0
1;2025-12-28;1;0
1;2025-12-28;2;0
1;2025-12-28;3;0
1;2025-12-28;4;0
1;2025-12-28;5;26
1;2025-12-28;6;130
1;2025-12-28;7;247
1;2025-12-28;8;347
1;2025-12-28;9;600
1;2025-12-28;10;732
1;2025-12-28;11;748
1;2025-12-28;12;891
1;2025-12-28;13;945
1;2025-12-28;14;837
1;2025-12-28;15;760
1;2025-12-28;16;688
1;2025-12-28;17;602
1;2025-12-28;18;515
1;2025-12-28;19;429
1;2025-12-28;20;365
1;2025-12-28;21;279
1;2025-12-28;22;116
1;2025-12-28;23;33
1;2025-12-29;0;4
1;2025-12-29;1;0
1;2025-12-29;2;0
1;2025-12-29;3;0
1;2025-12-29;4;7
1;2025-12-29;5;120
1;2025-12-29;6;505
1;2025-12-29;7;1346
1;2025-12-29;8;1697
1;2025-12-29;9;1316
1;2025-12-29;10;1206
1;2025-12-29;11;1250
1;2025-12-29;12;1297
1;2025-12-29;13;1312
1;2025-12-29;14;1269
1;2025-12-29;15;1418
1;2025-12-29;16;1402
1;2025-12-29;17;1561
1;2025-12-29;18;1608
1;2025-12-29;19;1203
1;2025-12-29;20;820
1;2025-12-29;21;456
1;2025-12-29;22;206
1;2025-12-29;23;47
1;2025-12-30;0;4
1;2025-12-30;1;0
1;2025-12-30;2;0
1;2025-12-30;3;0
1;2025-12-30;4;7
1;2025-12-30;5;116
1;2025-12-30;6;490
1;2025-12-30;7;1306
1;2025-12-30;8;1646
1;2025-12-30;9;1278
1;2025-12-30;10;1171
1;2025-12-30;11;1212
1;2025-12-30;12;1258
1;2025-12-30;13;1274
1;2025-12-30;14;1231
1;2025-12-30;15;1377
1;2025-12-30;16;1361
1;2025-12-30;17;1515
1;2025-12-30;18;1560
1;2025-12-30;19;1168
1;2025-12-30;20;797
1;2025-12-30;21;442
1;2025-12-30;22;200
1;2025-12-30;23;45
1;2025-12-31;0;5
1;2025-12-31;1;0
1;2025-12-31;2;0
1;2025-12-31;3;0
1;2025-12-31;4;0
1;2025-12-31;5;18
1;2025-12-31;6;90
1;2025-12-31;7;184
1;2025-12-31;8;251
1;2025-12-31;9;401
1;2025-12-31;10;482
1;2025-12-31;11;467
1;2025-12-31;12;583
1;2025-12-31;13;600
1;2025-12-31;14;568
1;2025-12-31;15;484
1;2025-12-31;16;434
1;2025-12-31;17;393
1;2025-12-31;18;333
1;2025-12-31;19;293
1;2025-12-31;20;23
1;2025-12-31;21;17
1;2025-12-31;22;7
1;2025-12-31;23;2
5;2025-11-01;0;0
5;2025-11-01;1;0
5;2025-11-01;2;0
5;2025-11-01;3;0
5;2025-11-01;4;0
5;2025-11-01;5;0
5;2025-11-01;6;0
5;2025-11-01;7;0
5;2025-11-01;8;0
5;2025-11-01;9;0
5;2025-11-01;10;0
5;2025-11-01;11;0
5;2025-11-01;12;0
5;2025-11-01;13;0
5;2025-11-01;14;0
5;2025-11-01;15;0
5;2025-11-01;16;0
5;2025-11-01;17;0
5;2025-11-01;18;0
5;2025-11-01;19;0
5;2025-11-01;20;0
5;2025-11-01;21;0
5;2025-11-01;22;0
5;2025-11-01;23;0
5;2025-11-02;0;0
5;2025-11-02;1;0
5;2025-11-02;2;0
5;2025-11-02;3;0
5;2025-11-02;4;0
5;2025-11-02;5;0
5;2025-11-02;6;0
5;2025-11-02;7;0
5;2025-11-02;8;0
5;2025-11-02;9;0
5;2025-11-02;10;0
5;2025-11-02;11;0
5;2025-11-02;12;0
5;2025-11-02;13;0
5;2025-11-02;14;0
5;2025-11-02;15;0
5;2025-11-02;16;0
5;2025-11-02;17;0
5;2025-11-02;18;0
5;2025-11-02;19;0
5;2025-11-02;20;0
5;2025-11-02;21;0
5;2025-11-02;22;0
5;2025-11-02;23;0
5;2025-11-03;0;0
5;2025-11-03;1;0
5;2025-11-03;2;0
5;2025-11-03;3;0
5;2025-11-03;4;0
5;2025-11-03;5;0
5;2025-11-03;6;0
5;2025-11-03;7;0
5;2025-11-03;8;0
5;2025-11-03;9;0
5;2025-11-03;10;0
5;2025-11-03;11;0
5;2025-11-03;12;0
5;2025-11-03;13;0
5;2025-11-03;14;0
5;2025-11-03;15;0
5;2025-11-03;16;0
5;2025-11-03;17;0
5;2025-11-03;18;0
5;2025-11-03;19;0
5;2025-11-03;20;0
5;2025-11-03;21;0
5;2025-11-03;22;0
5;2025-11-03;23;0
5;2025-11-04;0;0
5;2025-11-04;1;0
5;2025-11-04;2;0
5;2025-11-04;3;0
5;2025-11-04;4;0
5;2025-11-04;5;0
5;2025-11-04;6;0
5;2025-11-04;7;0
5;2025-11-04;8;0
5;2025-11-04;9;0
5;2025-11-04;10;0
5;2025-11-04;11;0
5;2025-11-04;12;0
5;2025-11-04;13;0
5;2025-11-04;14;0
5;2025-11-04;15;0
5;2025-11-04;16;0
5;2025-11-04;17;0
5;2025-11-04;18;0
5;2025-11-04;19;0
5;2025-11-04;20;0
5;2025-11-04;21;0
5;2025-11-04;22;0
5;2025-11-04;23;0
5;2025-11-05;0;0
5;2025-11-05;1;0
5;2025-11-05;2;0
5;2025-11-05;3;0
5;2025-11-05;4;0
5;2025-11-05;5;0
5;2025-11-05;6;0
5;2025-11-05;7;0
5;2025-11-05;8;0
5;2025-11-05;9;0
5;2025-11-05;10;0
5;2025-11-05;11;0
5;2025-11-05;12;0
5;2025-11-05;13;0
5;2025-11-05;14;0
5;2025-11-05;15;0
5;2025-11-05;16;0
5;2025-11-05;17;0
5;2025-11-05;18;0
5;2025-11-05;19;0
5;2025-11-05;20;0
5;2025-11-05;21;0
5;2025-11-05;22;0
5;2025-11-05;23;0
5;2025-11-06;0;0
5;2025-11-06;1;0
5;2025-11-06;2;0
5;2025-11-06;3;0
5;2025-11-06;4;0
5;2025-11-06;5;0
5;2025-11-06;6;0
5;2025-11-06;7;0
5;2025-11-06;8;0
5;2025-11-06;9;0
5;2025-11-06;10;0
5;2025-11-06;11;0
5;2025-11-06;12;0
5;2025-11-06;13;0
5;2025-11-06;14;0
5;2025-11-06;15;0
5;2025-11-06;16;0
5;2025-11-06;17;0
5;2025-11-06;18;0
5;2025-11-06;19;0
5;2025-11-06;20;0
5;2025-11-06;21;0
5;2025-11-06;22;0
5;2025-11-06;23;0
5;2025-11-07;0;0
5;2025-11-07;1;0
5;2025-11-07;2;0
5;2025-11-07;3;0
5;2025-11-07;4;0
5;2025-11-07;5;0
5;2025-11-07;6;0
5;2025-11-07;7;0
5;2025-11-07;8;0
5;2025-11-07;9;0
5;2025-11-07;10;0
5;2025-11-07;11;0
5;2025-11-07;12;0
5;2025-11-07;13;0
5;2025-11-07;14;0
5;2025-11-07;15;0
5;2025-11-07;16;0
5;2025-11-07;17;0
5;2025-11-07;18;0
5;2025-11-07;19;0
5;2025-11-07;20;0
5;2025-11-07;21;0
5;2025-11-07;22;0
5;2025-11-07;23;0
5;2025-11-08;0;0
5;2025-11-08;1;0
5;2025-11-08;2;0
5;2025-11-08;3;0
5;2025-11-08;4;0
5;2025-11-08;5;0
5;2025-11-08;6;0
5;2025-11-08;7;0
5;2025-11-08;8;0
5;2025-11-08;9;0
5;2025-11-08;10;0
5;2025-11-08;11;0
5;2025-11-08;12;0
5;2025-11-08;13;0
5;2025-11-08;14;0
5;2025-11-08;15;0
5;2025-11-08;16;0
5;2025-11-08;17;0
5;2025-11-08;18;0
5;2025-11-08;19;0
5;2025-11-08;20;0
5;2025-11-08;21;0
5;2025-11-08;22;0
5;2025-11-08;23;0
5;2025-11-09;0;0
5;2025-11-09;1;0
5;2025-11-09;2;0
5;2025-11-09;3;0
5;2025-11-09;4;0
5;2025-11-09;5;0
5;2025-11-09;6;0
5;2025-11-09;7;0
5;2025-11-09;8;0
5;2025-11-09;9;0
5;2025-11-09;10;0
5;2025-11-09;11;0
5;2025-11-09;12;0
5;2025-11-09;13;0
5;2025-11-09;14;0
5;2025-11-09;15;0
5;2025-11-09;16;0
5;2025-11-09;17;0
5;2025-11-09;18;0
5;2025-11-09;19;0
5;2025-11-09;20;0
5;2025-11-09;21;0
5;2025-11-09;22;0
5;2025-11-09;23;0
5;2025-11-10;0;0
5;2025-11-10;1;0
5;2025-11-10;2;0
5;2025-11-10;3;0
5;2025-11-10;4;0
5;2025-11-10;5;0
5;2025-11-10;6;0
5;2025-11-10;7;0
5;2025-11-10;8;0
5;2025-11-10;9;0
5;2025-11-10;10;0
5;2025-11-10;11;0
5;2025-11-10;12;0
5;2025-11-10;13;0
5;2025-11-10;14;0
5;2025-11-10;15;0
5;2025-11-10;16;0
5;2025-11-10;17;0
5;2025-11-10;18;0
5;2025-11-10;19;0
5;2025-11-10;20;0
5;2025-11-10;21;0
5;2025-11-10;22;0
5;2025-11-10;23;0
5;2025-11-11;0;0
5;2025-11-11;1;0
5;2025-11-11;2;0
5;2025-11-11;3;0
5;2025-11-11;4;0
5;2025-11-11;5;0
5;2025-11-11;6;0
5;2025-11-11;7;0
5;2025-11-11;8;0
5;2025-11-11;9;0
5;2025-11-11;10;0
5;2025-11-11;11;0
5;2025-11-11;12;0
5;2025-11-11;13;0
5;2025-11-11;14;0
5;2025-11-11;15;0
5;2025-11-11;16;0
5;2025-11-11;17;0
5;2025-11-11;18;0
5;2025-11-11;19;0
5;2025-11-11;20;0
5;2025-11-11;21;0
5;2025-11-11;22;0
5;2025-11-11;23;0
5;2025-11-12;0;0
5;2025-11-12;1;0
5;2025-11-12;2;0
5;2025-11-12;3;0
5;2025-11-12;4;0
5;2025-11-12;5;0
5;2025-11-12;6;0
5;2025-11-12;7;0
5;2025-11-12;8;0
5;2025-11-12;9;0
5;2025-11-12;10;0
5;2025-11-12;11;0
5;2025-11-12;12;0
5;2025-11-12;13;0
5;2025-11-12;14;0
5;2025-11-12;15;0
5;2025-11-12;16;0
5;2025-11-12;17;0
5;2025-11-12;18;0
5;2025-11-12;19;0
5;2025-11-12;20;0
5;2025-11-12;21;0
5;2025-11-12;22;0
5;2025-11-12;23;0
5;2025-11-13;0;0
5;2025-11-13;1;0
5;2025-11-13;2;0
5;2025-11-13;3;0
5;2025-11-13;4;0
5;2025-11-13;5;0
5;2025-11-13;6;0
5;2025-11-13;7;0
5;2025-11-13;8;0
5;2025-11-13;9;0
5;2025-11-13;10;0
5;2025-11-13;11;0
5;2025-11-13;12;0
5;2025-11-13;13;0
5;2025-11-13;14;0
5;2025-11-13;15;0
5;2025-11-13;16;0
5;2025-11-13;17;0
5;2025-11-13;18;0
5;2025-11-13;19;0
5;2025-11-13;20;0
5;2025-11-13;21;0
5;2025-11-13;22;0
5;2025-11-13;23;0
5;2025-11-14;0;0
5;2025-11-14;1;0
5;2025-11-14;2;0
5;2025-11-14;3;0
5;2025-11-14;4;0
5;2025-11-14;5;0
5;2025-11-14;6;0
5;2025-11-14;7;0
5;2025-11-14;8;0
5;2025-11-14;9;0
5;2025-11-14;10;0
5;2025-11-14;11;0
5;2025-11-14;12;0
5;2025-11-14;13;0
5;2025-11-14;14;0
5;2025-11-14;15;0
5;2025-11-14;16;0
5;2025-11-14;17;0
5;2025-11-14;18;0
5;2025-11-14;19;0
5;2025-11-14;20;0
5;2025-11-14;21;0
5;2025-11-14;22;0
5;2025-11-14;23;0
5;2025-11-15;0;0
5;2025-11-15;1;0
5;2025-11-15;2;0
5;2025-11-15;3;0
5;2025-11-15;4;0
5;2025-11-15;5;0
5;2025-11-15;6;0
5;2025-11-15;7;0
5;2025-11-15;8;0
5;2025-11-15;9;0
5;2025-11-15;10;0
5;2025-11-15;11;0
5;2025-11-15;12;0
5;2025-11-15;13;0
5;2025-11-15;14;0
5;2025-11-15;15;0
5;2025-11-15;16;0
5;2025-11-15;17;0
5;2025-11-15;18;0
5;2025-11-15;19;0
5;2025-11-15;20;0
5;2025-11-15;21;0
5;2025-11-15;22;0
5;2025-11-15;23;0
5;2025-11-16;0;0
5;2025-11-16;1;0
5;2025-11-16;2;0
5;2025-11-16;3;0
5;2025-11-16;4;0
5;2025-11-16;5;0
5;2025-11-16;6;0
5;2025-11-16;7;0
5;2025-11-16;8;0
5;2025-11-16;9;0
5;2025-11-16;10;0
5;2025-11-16;11;0
5;2025-11-16;12;0
5;2025-11-16;13;0
5;2025-11-16;14;0
5;2025-11-16;15;0
5;2025-11-16;16;0
5;2025-11-16;17;0
5;2025-11-16;18;0
5;2025-11-16;19;0
5;2025-11-16;20;0
5;2025-11-16;21;0
5;2025-11-16;22;0
5;2025-11-16;23;0
5;2025-11-17;0;0
5;2025-11-17;1;0
5;2025-11-17;2;0
5;2025-11-17;3;0
5;2025-11-17;4;0
5;2025-11-17;5;0
5;2025-11-17;6;0
5;2025-11-17;7;0
5;2025-11-17;8;0
5;2025-11-17;9;0
5;2025-11-17;10;0
5;2025-11-17;11;0
5;2025-11-17;12;0
5;2025-11-17;13;0
5;2025-11-17;14;0
5;2025-11-17;15;0
5;2025-11-17;16;0
5;2025-11-17;17;0
5;2025-11-17;18;0
5;2025-11-17;19;0
5;2025-11-17;20;0
5;2025-11-17;21;0
5;2025-11-17;22;0
5;2025-11-17;23;0
5;2025-11-18;0;0
5;2025-11-18;1;0
5;2025-11-18;2;0
5;2025-11-18;3;0
5;2025-11-18;4;0
5;2025-11-18;5;0
5;2025-11-18;6;0
5;2025-11-18;7;0
5;2025-11-18;8;0
5;2025-11-18;9;0
5;2025-11-18;10;0
5;2025-11-18;11;0
5;2025-11-18;12;0
5;2025-11-18;13;0
5;2025-11-18;14;0
5;2025-11-18;15;0
5;2025-11-18;16;0
5;2025-11-18;17;0
5;2025-11-18;18;0
5;2025-11-18;19;0
5;2025-11-18;20;0
5;2025-11-18;21;0
5;2025-11-18;22;0
5;2025-11-18;23;0
5;2025-11-19;0;0
5;2025-11-19;1;0
5;2025-11-19;2;0
5;2025-11-19;3;0
5;2025-11-19;4;0
5;2025-11-19;5;0
5;2025-11-19;6;0
5;2025-11-19;7;0
5;2025-11-19;8;0
5;2025-11-19;9;0
5;2025-11-19;10;0
5;2025-11-19;11;0
5;2025-11-19;12;0
5;2025-11-19;13;0
5;2025-11-19;14;0
5;2025-11-19;15;0
5;2025-11-19;16;0
5;2025-11-19;17;0
5;2025-11-19;18;0
5;2025-11-19;19;0
5;2025-11-19;20;0
5;2025-11-19;21;0
5;2025-11-19;22;0
5;2025-11-19;23;0
5;2025-11-20;0;0
5;2025-11-20;1;0
5;2025-11-20;2;0
5;2025-11-20;3;0
5;2025-11-20;4;0
5;2025-11-20;5;0
5;2025-11-20;6;0
5;2025-11-20;7;0
5;2025-11-20;8;0
5;2025-11-20;9;0
5;2025-11-20;10;0
5;2025-11-20;11;0
5;2025-11-20;12;0
5;2025-11-20;13;0
5;2025-11-20;14;0
5;2025-11-20;15;0
5;2025-11-20;16;0
5;2025-11-20;17;0
5;2025-11-20;18;0
5;2025-11-20;19;0
5;2025-11-20;20;0
5;2025-11-20;21;0
5;2025-11-20;22;0
5;2025-11-20;23;0
5;2025-11-21;0;0
5;2025-11-21;1;0
5;2025-11-21;2;0
5;2025-11-21;3;0
5;2025-11-21;4;0
5;2025-11-21;5;0
5;2025-11-21;6;0
5;2025-11-21;7;0
5;2025-11-21;8;0
5;2025-11-21;9;0
5;2025-11-21;10;0
5;2025-11-21;11;0
5;2025-11-21;12;0
5;2025-11-21;13;0
5;2025-11-21;14;0
5;2025-11-21;15;0
5;2025-11-21;16;0
5;2025-11-21;17;0
5;2025-11-21;18;0
5;2025-11-21;19;0
5;2025-11-21;20;0
5;2025-11-21;21;0
5;2025-11-21;22;0
5;2025-11-21;23;0
5;2025-11-22;0;0
5;2025-11-22;1;0
5;2025-11-22;2;0
5;2025-11-22;3;0
5;2025-11-22;4;0
5;2025-11-22;5;0
5;2025-11-22;6;0
5;2025-11-22;7;0
5;2025-11-22;8;0
5;2025-11-22;9;0
5;2025-11-22;10;0
5;2025-11-22;11;0
5;2025-11-22;12;0
5;2025-11-22;13;0
5;2025-11-22;14;0
5;2025-11-22;15;0
5;2025-11-22;16;0
5;2025-11-22;17;0
5;2025-11-22;18;0
5;2025-11-22;19;0
5;2025-11-22;20;0
5;2025-11-22;21;0
5;2025-11-22;22;0
5;2025-11-22;23;0
5;2025-11-23;0;0
5;2025-11-23;1;0
5;2025-11-23;2;0
5;2025-11-23;3;0
5;2025-11-23;4;0
5;2025-11-23;5;0
5;2025-11-23;6;0
5;2025-11-23;7;0
5;2025-11-23;8;0
5;2025-11-23;9;0
5;2025-11-23;10;0
5;2025-11-23;11;0
5;2025-11-23;12;0
5;2025-11-23;13;0
5;2025-11-23;14;0
5;2025-11-23;15;0
5;2025-11-23;16;0
5;2025-11-23;17;0
5;2025-11-23;18;0
5;2025-11-23;19;0
5;2025-11-23;20;0
5;2025-11-23;21;0
5;2025-11-23;22;0
5;2025-11-23;23;0
5;2025-11-24;0;0
5;2025-11-24;1;0
5;2025-11-24;2;0
5;2025-11-24;3;0
5;2025-11-24;4;0
5;2025-11-24;5;0
5;2025-11-24;6;0
5;2025-11-24;7;0
5;2025-11-24;8;0
5;2025-11-24;9;0
5;2025-11-24;10;0
5;2025-11-24;11;0
5;2025-11-24;12;0
5;2025-11-24;13;0
5;2025-11-24;14;0
5;2025-11-24;15;0
5;2025-11-24;16;0
5;2025-11-24;17;0
5;2025-11-24;18;0
5;2025-11-24;19;0
5;2025-11-24;20;0
5;2025-11-24;21;0
5;2025-11-24;22;0
5;2025-11-24;23;0
5;2025-11-25;0;0
5;2025-11-25;1;0
5;2025-11-25;2;0
5;2025-11-25;3;0
5;2025-11-25;4;0
5;2025-11-25;5;0
5;2025-11-25;6;0
5;2025-11-25;7;0
5;2025-11-25;8;0
5;2025-11-25;9;0
5;2025-11-25;10;0
5;2025-11-25;11;0
5;2025-11-25;12;0
5;2025-11-25;13;0
5;2025-11-25;14;0
5;2025-11-25;15;0
5;2025-11-25;16;0
5;2025-11-25;17;0
5;2025-11-25;18;0
5;2025-11-25;19;0
5;2025-11-25;20;0
5;2025-11-25;21;0
5;2025-11-25;22;0
5;2025-11-25;23;0
5;2025-11-26;0;0
5;2025-11-26;1;0
5;2025-11-26;2;0
5;2025-11-26;3;0
5;2025-11-26;4;0
5;2025-11-26;5;0
5;2025-11-26;6;0
5;2025-11-26;7;0
5;2025-11-26;8;0
5;2025-11-26;9;0
5;2025-11-26;10;0
5;2025-11-26;11;0
5;2025-11-26;12;0
5;2025-11-26;13;0
5;2025-11-26;14;0
5;2025-11-26;15;0
5;2025-11-26;16;0
5;2025-11-26;17;0
5;2025-11-26;18;0
5;2025-11-26;19;0
5;2025-11-26;20;0
5;2025-11-26;21;0
5;2025-11-26;22;0
5;2025-11-26;23;0
5;2025-11-27;0;0
5;2025-11-27;1;0
5;2025-11-27;2;0
5;2025-11-27;3;0
5;2025-11-27;4;0
5;2025-11-27;5;0
5;2025-11-27;6;0
5;2025-11-27;7;0
5;2025-11-27;8;0
5;2025-11-27;9;0
5;2025-11-27;10;0
5;2025-11-27;11;0
5;2025-11-27;12;0
5;2025-11-27;13;0
5;2025-11-27;14;0
5;2025-11-27;15;0
5;2025-11-27;16;0
5;2025-11-27;17;0
5;2025-11-27;18;0
5;2025-11-27;19;0
5;2025-11-27;20;0
5;2025-11-27;21;0
5;2025-11-27;22;0
5;2025-11-27;23;0
5;2025-11-28;0;0
5;2025-11-28;1;0
5;2025-11-28;2;0
5;2025-11-28;3;0
5;2025-11-28;4;0
5;2025-11-28;5;0
5;2025-11-28;6;0
5;2025-11-28;7;0
5;2025-11-28;8;0
5;2025-11-28;9;0
5;2025-11-28;10;0
5;2025-11-28;11;0
5;2025-11-28;12;0
5;2025-11-28;13;0
5;2025-11-28;14;0
5;2025-11-28;15;0
5;2025-11-28;16;0
5;2025-11-28;17;0
5;2025-11-28;18;0
5;2025-11-28;19;0
5;2025-11-28;20;0
5;2025-11-28;21;0
5;2025-11-28;22;0
5;2025-11-28;23;0
5;2025-11-29;0;0
5;2025-11-29;1;0
5;2025-11-29;2;0
5;2025-11-29;3;0
5;2025-11-29;4;0
5;2025-11-29;5;0
5;2025-11-29;6;0
5;2025-11-29;7;0
5;2025-11-29;8;0
5;2025-11-29;9;0
5;2025-11-29;10;0
5;2025-11-29;11;0
5;2025-11-29;12;0
5;2025-11-29;13;0
5;2025-11-29;14;0
5;2025-11-29;15;0
5;2025-11-29;16;0
5;2025-11-29;17;0
5;2025-11-29;18;0
5;2025-11-29;19;0
5;2025-11-29;20;0
5;2025-11-29;21;0
5;2025-11-29;22;0
5;2025-11-29;23;0
5;2025-11-30;0;0
5;2025-11-30;1;0
5;2025-11-30;2;0
5;2025-11-30;3;0
5;2025-11-30;4;0
5;2025-11-30;5;0
5;2025-11-30;6;0
5;2025-11-30;7;0
5;2025-11-30;8;0
5;2025-11-30;9;0
5;2025-11-30;10;0
5;2025-11-30;11;0
5;2025-11-30;12;0
5;2025-11-30;13;0
5;2025-11-30;14;0
5;2025-11-30;15;0
5;2025-11-30;16;0
5;2025-11-30;17;0
5;2025-11-30;18;0
5;2025-11-30;19;0
5;2025-11-30;20;0
5;2025-11-30;21;0
5;2025-11-30;22;0
5;2025-11-30;23;0
5;2025-12-01;0;0
5;2025-12-01;1;0
5;2025-12-01;2;0
5;2025-12-01;3;0
5;2025-12-01;4;0
5;2025-12-01;5;0
5;2025-12-01;6;0
5;2025-12-01;7;0
5;2025-12-01;8;0
5;2025-12-01;9;0
5;2025-12-01;10;0
5;2025-12-01;11;0
5;2025-12-01;12;0
5;2025-12-01;13;0
5;2025-12-01;14;0
5;2025-12-01;15;0
5;2025-12-01;16;0
5;2025-12-01;17;0
5;2025-12-01;18;0
5;2025-12-01;19;0
5;2025-12-01;20;0
5;2025-12-01;21;0
5;2025-12-01;22;0
5;2025-12-01;23;0
5;2025-12-02;0;0
5;2025-12-02;1;0
5;2025-12-02;2;0
5;2025-12-02;3;0
5;2025-12-02;4;0
5;2025-12-02;5;0
5;2025-12-02;6;0
5;2025-12-02;7;0
5;2025-12-02;8;0
5;2025-12-02;9;0
5;2025-12-02;10;0
5;2025-12-02;11;0
5;2025-12-02;12;0
5;2025-12-02;13;0
5;2025-12-02;14;0
5;2025-12-02;15;0
5;2025-12-02;16;0
5;2025-12-02;17;0
5;2025-12-02;18;0
5;2025-12-02;19;0
5;2025-12-02;20;0
5;2025-12-02;21;0
5;2025-12-02;22;0
5;2025-12-02;23;0
5;2025-12-03;0;0
5;2025-12-03;1;0
5;2025-12-03;2;0
5;2025-12-03;3;0
5;2025-12-03;4;0
5;2025-12-03;5;0
5;2025-12-03;6;0
5;2025-12-03;7;0
5;2025-12-03;8;0
5;2025-12-03;9;0
5;2025-12-03;10;0
5;2025-12-03;11;0
5;2025-12-03;12;0
5;2025-12-03;13;0
5;2025-12-03;14;0
5;2025-12-03;15;0
5;2025-12-03;16;0
5;2025-12-03;17;0
5;2025-12-03;18;0
5;2025-12-03;19;0
5;2025-12-03;20;0
5;2025-12-03;21;0
5;2025-12-03;22;0
5;2025-12-03;23;0
5;2025-12-04;0;0
5;2025-12-04;1;0
5;2025-12-04;2;0
5;2025-12-04;3;0
5;2025-12-04;4;0
5;2025-12-04;5;0
5;2025-12-04;6;0
5;2025-12-04;7;0
5;2025-12-04;8;0
5;2025-12-04;9;0
5;2025-12-04;10;0
5;2025-12-04;11;0
5;2025-12-04;12;0
5;2025-12-04;13;0
5;2025-12-04;14;0
5;2025-12-04;15;0
5;2025-12-04;16;0
5;2025-12-04;17;0
5;2025-12-04;18;0
5;2025-12-04;19;0
5;2025-12-04;20;0
5;2025-12-04;21;0
5;2025-12-04;22;0
5;2025-12-04;23;0
5;2025-12-05;0;0
5;2025-12-05;1;0
5;2025-12-05;2;0
5;2025-12-05;3;0
5;2025-12-05;4;0
5;2025-12-05;5;0
5;2025-12-05;6;0
5;2025-12-05;7;0
5;2025-12-05;8;0
5;2025-12-05;9;0
5;2025-12-05;10;0
5;2025-12-05;11;0
5;2025-12-05;12;0
5;2025-12-05;13;0
5;2025-12-05;14;0
5;2025-12-05;15;0
5;2025-12-05;16;0
5;2025-12-05;17;0
5;2025-12-05;18;0
5;2025-12-05;19;0
5;2025-12-05;20;0
5;2025-12-05;21;0
5;2025-12-05;22;0
5;2025-12-05;23;0
5;2025-12-06;0;0
5;2025-12-06;1;0
5;2025-12-06;2;0
5;2025-12-06;3;0
5;2025-12-06;4;0
5;2025-12-06;5;0
5;2025-12-06;6;0
5;2025-12-06;7;0
5;2025-12-06;8;0
5;2025-12-06;9;0
5;2025-12-06;10;0
5;2025-12-06;11;0
5;2025-12-06;12;0
5;2025-12-06;13;0
5;2025-12-06;14;0
5;2025-12-06;15;0
5;2025-12-06;16;0
5;2025-12-06;17;0
5;2025-12-06;18;0
5;2025-12-06;19;0
5;2025-12-06;20;0
5;2025-12-06;21;0
5;2025-12-06;22;0
5;2025-12-06;23;0
5;2025-12-07;0;0
5;2025-12-07;1;0
5;2025-12-07;2;0
5;2025-12-07;3;0
5;2025-12-07;4;0
5;2025-12-07;5;0
5;2025-12-07;6;0
5;2025-12-07;7;0
5;2025-12-07;8;0
5;2025-12-07;9;0
5;2025-12-07;10;0
5;2025-12-07;11;0
5;2025-12-07;12;0
5;2025-12-07;13;0
5;2025-12-07;14;0
5;2025-12-07;15;0
5;2025-12-07;16;0
5;2025-12-07;17;0
5;2025-12-07;18;0
5;2025-12-07;19;0
5;2025-12-07;20;0
5;2025-12-07;21;0
5;2025-12-07;22;0
5;2025-12-07;23;0
5;2025-12-08;0;0
5;2025-12-08;1;0
5;2025-12-08;2;0
5;2025-12-08;3;0
5;2025-12-08;4;0
5;2025-12-08;5;0
5;2025-12-08;6;0
5;2025-12-08;7;0
5;2025-12-08;8;0
5;2025-12-08;9;0
5;2025-12-08;10;0
5;2025-12-08;11;0
5;2025-12-08;12;0
5;2025-12-08;13;0
5;2025-12-08;14;0
5;2025-12-08;15;0
5;2025-12-08;16;0
5;2025-12-08;17;0
5;2025-12-08;18;0
5;2025-12-08;19;0
5;2025-12-08;20;0
5;2025-12-08;21;0
5;2025-12-08;22;0
5;2025-12-08;23;0
5;2025-12-09;0;0
5;2025-12-09;1;0
5;2025-12-09;2;0
5;2025-12-09;3;0
5;2025-12-09;4;0
5;2025-12-09;5;0
5;2025-12-09;6;0
5;2025-12-09;7;0
5;2025-12-09;8;0
5;2025-12-09;9;0
5;2025-12-09;10;0
5;2025-12-09;11;0
5;2025-12-09;12;0
5;2025-12-09;13;0
5;2025-12-09;14;0
5;2025-12-09;15;0
5;2025-12-09;16;0
5;2025-12-09;17;0
5;2025-12-09;18;0
5;2025-12-09;19;0
5;2025-12-09;20;0
5;2025-12-09;21;0
5;2025-12-09;22;0
5;2025-12-09;23;0
5;2025-12-10;0;0
5;2025-12-10;1;0
5;2025-12-10;2;0
5;2025-12-10;3;0
5;2025-12-10;4;0
5;2025-12-10;5;0
5;2025-12-10;6;0
5;2025-12-10;7;0
5;2025-12-10;8;0
5;2025-12-10;9;0
5;2025-12-10;10;0
5;2025-12-10;11;0
5;2025-12-10;12;0
5;2025-12-10;13;0
5;2025-12-10;14;0
5;2025-12-10;15;0
5;2025-12-10;16;0
5;2025-12-10;17;0
5;2025-12-10;18;0
5;2025-12-10;19;0
5;2025-12-10;20;0
5;2025-12-10;21;0
5;2025-12-10;22;0
5;2025-12-10;23;0
5;2025-12-11;0;0
5;2025-12-11;1;0
5;2025-12-11;2;0
5;2025-12-11;3;0
5;2025-12-11;4;0
5;2025-12-11;5;0
5;2025-12-11;6;0
5;2025-12-11;7;0
5;2025-12-11;8;0
5;2025-12-11;9;0
5;2025-12-11;10;0
5;2025-12-11;11;0
5;2025-12-11;12;0
5;2025-12-11;13;0
5;2025-12-11;14;0
5;2025-12-11;15;0
5;2025-12-11;16;0
5;2025-12-11;17;0
5;2025-12-11;18;0
5;2025-12-11;19;0
5;2025-12-11;20;0
5;2025-12-11;21;0
5;2025-12-11;22;0
5;2025-12-11;23;0
5;2025-12-12;0;0
5;2025-12-12;1;0
5;2025-12-12;2;0
5;2025-12-12;3;0
5;2025-12-12;4;0
5;2025-12-12;5;0
5;2025-12-12;6;0
5;2025-12-12;7;0
5;2025-12-12;8;0
5;2025-12-12;9;0
5;2025-12-12;10;0
5;2025-12-12;11;0
5;2025-12-12;12;0
5;2025-12-12;13;0
5;2025-12-12;14;0
5;2025-12-12;15;0
5;2025-12-12;16;0
5;2025-12-12;17;0
5;2025-12-12;18;0
5;2025-12-12;19;0
5;2025-12-12;20;0
5;2025-12-12;21;0
5;2025-12-12;22;0
5;2025-12-12;23;0
5;2025-12-13;0;0
5;2025-12-13;1;0
5;2025-12-13;2;0
5;2025-12-13;3;0
5;2025-12-13;4;0
5;2025-12-13;5;0
5;2025-12-13;6;0
5;2025-12-13;7;0
5;2025-12-13;8;0
5;2025-12-13;9;0
5;2025-12-13;10;0
5;2025-12-13;11;0
5;2025-12-13;12;0
5;2025-12-13;13;0
5;2025-12-13;14;0
5;2025-12-13;15;0
5;2025-12-13;16;0
5;2025-12-13;17;0
5;2025-12-13;18;0
5;2025-12-13;19;0
5;2025-12-13;20;0
5;2025-12-13;21;0
5;2025-12-13;22;0
5;2025-12-13;23;0
5;2025-12-14;0;0
5;2025-12-14;1;0
5;2025-12-14;2;0
5;2025-12-14;3;0
5;2025-12-14;4;0
5;2025-12-14;5;0
5;2025-12-14;6;0
5;2025-12-14;7;0
5;2025-12-14;8;0
5;2025-12-14;9;0
5;2025-12-14;10;0
5;2025-12-14;11;0
5;2025-12-14;12;0
5;2025-12-14;13;0
5;2025-12-14;14;0
5;2025-12-14;15;0
5;2025-12-14;16;0
5;2025-12-14;17;0
5;2025-12-14;18;0
5;2025-12-14;19;0
5;2025-12-14;20;0
5;2025-12-14;21;0
5;2025-12-14;22;0
5;2025-12-14;23;0
5;2025-12-15;0;0
5;2025-12-15;1;0
5;2025-12-15;2;0
5;2025-12-15;3;0
5;2025-12-15;4;0
5;2025-12-15;5;0
5;2025-12-15;6;0
5;2025-12-15;7;0
5;2025-12-15;8;0
5;2025-12-15;9;0
5;2025-12-15;10;0
5;2025-12-15;11;0
5;2025-12-15;12;0
5;2025-12-15;13;0
5;2025-12-15;14;0
5;2025-12-15;15;0
5;2025-12-15;16;0
5;2025-12-15;17;0
5;2025-12-15;18;0
5;2025-12-15;19;0
5;2025-12-15;20;0
5;2025-12-15;21;0
5;2025-12-15;22;0
5;2025-12-15;23;0
5;2025-12-16;0;8
5;2025-12-16;1;1
5;2025-12-16;2;0
5;2025-12-16;3;0
5;2025-12-16;4;0
5;2025-12-16;5;25
5;2025-12-16;6;96
5;2025-12-16;7;213
5;2025-12-16;8;322
5;2025-12-16;9;247
5;2025-12-16;10;214
5;2025-12-16;11;186
5;2025-12-16;12;197
5;2025-12-16;13;194
5;2025-12-16;14;208
5;2025-12-16;15;227
5;2025-12-16;16;243
5;2025-12-16;17;300
5;2025-12-16;18;331
5;2025-12-16;19;223
5;2025-12-16;20;140
5;2025-12-16;21;82
5;2025-12-16;22;39
5;2025-12-16;23;24
5;2025-12-17;0;13
5;2025-12-17;1;2
5;2025-12-17;2;0
5;2025-12-17;3;0
5;2025-12-17;4;0
5;2025-12-17;5;42
5;2025-12-17;6;161
5;2025-12-17;7;354
5;2025-12-17;8;537
5;2025-12-17;9;412
5;2025-12-17;10;356
5;2025-12-17;11;311
5;2025-12-17;12;328
5;2025-12-17;13;323
5;2025-12-17;14;347
5;2025-12-17;15;378
5;2025-12-17;16;405
5;2025-12-17;17;500
5;2025-12-17;18;552
5;2025-12-17;19;372
5;2025-12-17;20;233
5;2025-12-17;21;137
5;2025-12-17;22;66
5;2025-12-17;23;39
5;2025-12-18;0;13
5;2025-12-18;1;2
5;2025-12-18;2;0
5;2025-12-18;3;0
5;2025-12-18;4;0
5;2025-12-18;5;42
5;2025-12-18;6;161
5;2025-12-18;7;354
5;2025-12-18;8;537
5;2025-12-18;9;412
5;2025-12-18;10;356
5;2025-12-18;11;311
5;2025-12-18;12;328
5;2025-12-18;13;323
5;2025-12-18;14;347
5;2025-12-18;15;378
5;2025-12-18;16;405
5;2025-12-18;17;500
5;2025-12-18;18;552
5;2025-12-18;19;372
5;2025-12-18;20;233
5;2025-12-18;21;137
5;2025-12-18;22;66
5;2025-12-18;23;39
5;2025-12-19;0;14
5;2025-12-19;1;2
5;2025-12-19;2;0
5;2025-12-19;3;0
5;2025-12-19;4;0
5;2025-12-19;5;41
5;2025-12-19;6;151
5;2025-12-19;7;342
5;2025-12-19;8;499
5;2025-12-19;9;390
5;2025-12-19;10;358
5;2025-12-19;11;337
5;2025-12-19;12;345
5;2025-12-19;13;368
5;2025-12-19;14;383
5;2025-12-19;15;406
5;2025-12-19;16;479
5;2025-12-19;17;495
5;2025-12-19;18;449
5;2025-12-19;19;330
5;2025-12-19;20;225
5;2025-12-19;21;139
5;2025-12-19;22;75
5;2025-12-19;23;49
5;2025-12-20;0;19
5;2025-12-20;1;5
5;2025-12-20;2;0
5;2025-12-20;3;0
5;2025-12-20;4;0
5;2025-12-20;5;10
5;2025-12-20;6;64
5;2025-12-20;7;95
5;2025-12-20;8;155
5;2025-12-20;9;188
5;2025-12-20;10;203
5;2025-12-20;11;257
5;2025-12-20;12;290
5;2025-12-20;13;284
5;2025-12-20;14;304
5;2025-12-20;15;270
5;2025-12-20;16;266
5;2025-12-20;17;243
5;2025-12-20;18;227
5;2025-12-20;19;217
5;2025-12-20;20;179
5;2025-12-20;21;134
5;2025-12-20;22;72
5;2025-12-20;23;46
5;2025-12-21;0;21
5;2025-12-21;1;5
5;2025-12-21;2;0
5;2025-12-21;3;0
5;2025-12-21;4;0
5;2025-12-21;5;9
5;2025-12-21;6;48
5;2025-12-21;7;67
5;2025-12-21;8;110
5;2025-12-21;9;137
5;2025-12-21;10;168
5;2025-12-21;11;221
5;2025-12-21;12;244
5;2025-12-21;13;258
5;2025-12-21;14;270
5;2025-12-21;15;258
5;2025-12-21;16;241
5;2025-12-21;17;233
5;2025-12-21;18;195
5;2025-12-21;19;164
5;2025-12-21;20;150
5;2025-12-21;21;114
5;2025-12-21;22;64
5;2025-12-21;23;35
5;2025-12-22;0;13
5;2025-12-22;1;2
5;2025-12-22;2;0
5;2025-12-22;3;0
5;2025-12-22;4;0
5;2025-12-22;5;42
5;2025-12-22;6;161
5;2025-12-22;7;354
5;2025-12-22;8;537
5;2025-12-22;9;412
5;2025-12-22;10;356
5;2025-12-22;11;311
5;2025-12-22;12;328
5;2025-12-22;13;323
5;2025-12-22;14;347
5;2025-12-22;15;378
5;2025-12-22;16;405
5;2025-12-22;17;500
5;2025-12-22;18;552
5;2025-12-22;19;372
5;2025-12-22;20;233
5;2025-12-22;21;137
5;2025-12-22;22;66
5;2025-12-22;23;39
5;2025-12-23;0;13
5;2025-12-23;1;2
5;2025-12-23;2;0
5;2025-12-23;3;0
5;2025-12-23;4;0
5;2025-12-23;5;42
5;2025-12-23;6;161
5;2025-12-23;7;354
5;2025-12-23;8;537
5;2025-12-23;9;412
5;2025-12-23;10;356
5;2025-12-23;11;311
5;2025-12-23;12;328
5;2025-12-23;13;323
5;2025-12-23;14;347
5;2025-12-23;15;378
5;2025-12-23;16;405
5;2025-12-23;17;500
5;2025-12-23;18;552
5;2025-12-23;19;372
5;2025-12-23;20;233
5;2025-12-23;21;137
5;2025-12-23;22;66
5;2025-12-23;23;39
5;2025-12-24;0;13
5;2025-12-24;1;2
5;2025-12-24;2;0
5;2025-12-24;3;0
5;2025-12-24;4;0
5;2025-12-24;5;42
5;2025-12-24;6;161
5;2025-12-24;7;354
5;2025-12-24;8;537
5;2025-12-24;9;412
5;2025-12-24;10;356
5;2025-12-24;11;311
5;2025-12-24;12;328
5;2025-12-24;13;323
5;2025-12-24;14;347
5;2025-12-24;15;378
5;2025-12-24;16;405
5;2025-12-24;17;500
5;2025-12-24;18;552
5;2025-12-24;19;372
5;2025-12-24;20;233
5;2025-12-24;21;137
5;2025-12-24;22;66
5;2025-12-24;23;39
5;2025-12-25;0;13
5;2025-12-25;1;2
5;2025-12-25;2;0
5;2025-12-25;3;0
5;2025-12-25;4;0
5;2025-12-25;5;42
5;2025-12-25;6;161
5;2025-12-25;7;354
5;2025-12-25;8;537
5;2025-12-25;9;412
5;2025-12-25;10;356
5;2025-12-25;11;311
5;2025-12-25;12;328
5;2025-12-25;13;323
5;2025-12-25;14;347
5;2025-12-25;15;378
5;2025-12-25;16;405
5;2025-12-25;17;500
5;2025-12-25;18;552
5;2025-12-25;19;372
5;2025-12-25;20;233
5;2025-12-25;21;137
5;2025-12-25;22;66
5;2025-12-25;23;39
5;2025-12-26;0;14
5;2025-12-26;1;2
5;2025-12-26;2;0
5;2025-12-26;3;0
5;2025-12-26;4;0
5;2025-12-26;5;41
5;2025-12-26;6;151
5;2025-12-26;7;342
5;2025-12-26;8;499
5;2025-12-26;9;390
5;2025-12-26;10;358
5;2025-12-26;11;337
5;2025-12-26;12;345
5;2025-12-26;13;368
5;2025-12-26;14;383
5;2025-12-26;15;406
5;2025-12-26;16;479
5;2025-12-26;17;495
5;2025-12-26;18;449
5;2025-12-26;19;330
5;2025-12-26;20;225
5;2025-12-26;21;139
5;2025-12-26;22;75
5;2025-12-26;23;49
5;2025-12-27;0;19
5;2025-12-27;1;5
5;2025-12-27;2;0
5;2025-12-27;3;0
5;2025-12-27;4;0
5;2025-12-27;5;10
5;2025-12-27;6;64
5;2025-12-27;7;95
5;2025-12-27;8;155
5;2025-12-27;9;188
5;2025-12-27;10;203
5;2025-12-27;11;257
5;2025-12-27;12;290
5;2025-12-27;13;284
5;2025-12-27;14;304
5;2025-12-27;15;270
5;2025-12-27;16;266
5;2025-12-27;17;243
5;2025-12-27;18;227
5;2025-12-27;19;217
5;2025-12-27;20;179
5;2025-12-27;21;134
5;2025-12-27;22;72
5;2025-12-27;23;46
5;2025-12-28;0;21
5;2025-12-28;1;5
5;2025-12-28;2;0
5;2025-12-28;3;0
5;2025-12-28;4;0
5;2025-12-28;5;9
5;2025-12-28;6;48
5;2025-12-28;7;67
5;2025-12-28;8;110
5;2025-12-28;9;137
5;2025-12-28;10;168
5;2025-12-28;11;221
5;2025-12-28;12;244
5;2025-12-28;13;258
5;2025-12-28;14;270
5;2025-12-28;15;258
5;2025-12-28;16;241
5;2025-12-28;17;233
5;2025-12-28;18;195
5;2025-12-28;19;164
5;2025-12-28;20;150
5;2025-12-28;21;114
5;2025-12-28;22;64
5;2025-12-28;23;35
5;2025-12-29;0;12
5;2025-12-29;1;2
5;2025-12-29;2;0
5;2025-12-29;3;0
5;2025-12-29;4;0
5;2025-12-29;5;38
5;2025-12-29;6;144
5;2025-12-29;7;318
5;2025-12-29;8;483
5;2025-12-29;9;370
5;2025-12-29;10;320
5;2025-12-29;11;280
5;2025-12-29;12;296
5;2025-12-29;13;291
5;2025-12-29;14;313
5;2025-12-29;15;341
5;2025-12-29;16;365
5;2025-12-29;17;450
5;2025-12-29;18;497
5;2025-12-29;19;335
5;2025-12-29;20;210
5;2025-12-29;21;123
5;2025-12-29;22;59
5;2025-12-29;23;35
5;2025-12-30;0;11
5;2025-12-30;1;2
5;2025-12-30;2;0
5;2025-12-30;3;0
5;2025-12-30;4;0
5;2025-12-30;5;36
5;2025-12-30;6;136
5;2025-12-30;7;301
5;2025-12-30;8;457
5;2025-12-30;9;350
5;2025-12-30;10;302
5;2025-12-30;11;265
5;2025-12-30;12;279
5;2025-12-30;13;275
5;2025-12-30;14;295
5;2025-12-30;15;321
5;2025-12-30;16;344
5;2025-12-30;17;425
5;2025-12-30;18;469
5;2025-12-30;19;317
5;2025-12-30;20;198
5;2025-12-30;21;117
5;2025-12-30;22;56
5;2025-12-30;23;33
5;2025-12-31;0;10
5;2025-12-31;1;3
5;2025-12-31;2;0
5;2025-12-31;3;0
5;2025-12-31;4;0
5;2025-12-31;5;6
5;2025-12-31;6;34
5;2025-12-31;7;51
5;2025-12-31;8;84
5;2025-12-31;9;102
5;2025-12-31;10;110
5;2025-12-31;11;138
5;2025-12-31;12;157
5;2025-12-31;13;154
5;2025-12-31;14;165
5;2025-12-31;15;146
5;2025-12-31;16;144
5;2025-12-31;17;131
5;2025-12-31;18;123
5;2025-12-31;19;118
5;2025-12-31;20;10
5;2025-12-31;21;7
5;2025-12-31;22;4
5;2025-12-31;23;2
7;2025-11-01;0;109
7;2025-11-01;1;25
7;2025-11-01;2;0
7;2025-11-01;3;0
7;2025-11-01;4;1
7;2025-11-01;5;167
7;2025-11-01;6;606
7;2025-11-01;7;1388
7;2025-11-01;8;2037
7;2025-11-01;9;1579
7;2025-11-01;10;1484
7;2025-11-01;11;1392
7;2025-11-01;12;1431
7;2025-11-01;13;1511
7;2025-11-01;14;1572
7;2025-11-01;15;1671
7;2025-11-01;16;1956
7;2025-11-01;17;2027
7;2025-11-01;18;1825
7;2025-11-01;19;1325
7;2025-11-01;20;921
7;2025-11-01;21;565
7;2025-11-01;22;306
7;2025-11-01;23;204
7;2025-11-02;0;102
7;2025-11-02;1;24
7;2025-11-02;2;0
7;2025-11-02;3;0
7;2025-11-02;4;1
7;2025-11-02;5;29
7;2025-11-02;6;128
7;2025-11-02;7;169
7;2025-11-02;8;381
7;2025-11-02;9;504
7;2025-11-02;10;402
7;2025-11-02;11;598
7;2025-11-02;12;646
7;2025-11-02;13;642
7;2025-11-02;14;670
7;2025-11-02;15;726
7;2025-11-02;16;625
7;2025-11-02;17;611
7;2025-11-02;18;634
7;2025-11-02;19;470
7;2025-11-02;20;406
7;2025-11-02;21;298
7;2025-11-02;22;154
7;2025-11-02;23;123
7;2025-11-03;0;91
7;2025-11-03;1;21
7;2025-11-03;2;0
7;2025-11-03;3;0
7;2025-11-03;4;1
7;2025-11-03;5;32
7;2025-11-03;6;155
7;2025-11-03;7;184
7;2025-11-03;8;429
7;2025-11-03;9;439
7;2025-11-03;10;420
7;2025-11-03;11;526
7;2025-11-03;12;644
7;2025-11-03;13;622
7;2025-11-03;14;622
7;2025-11-03;15;643
7;2025-11-03;16;594
7;2025-11-03;17;572
7;2025-11-03;18;565
7;2025-11-03;19;432
7;2025-11-03;20;387
7;2025-11-03;21;277
7;2025-11-03;22;149
7;2025-11-03;23;120
7;2025-11-04;0;91
7;2025-11-04;1;21
7;2025-11-04;2;0
7;2025-11-04;3;0
7;2025-11-04;4;1
7;2025-11-04;5;32
7;2025-11-04;6;155
7;2025-11-04;7;184
7;2025-11-04;8;429
7;2025-11-04;9;439
7;2025-11-04;10;420
7;2025-11-04;11;526
7;2025-11-04;12;644
7;2025-11-04;13;622
7;2025-11-04;14;622
7;2025-11-04;15;643
7;2025-11-04;16;594
7;2025-11-04;17;572
7;2025-11-04;18;565
7;2025-11-04;19;432
7;2025-11-04;20;387
7;2025-11-04;21;277
7;2025-11-04;22;149
7;2025-11-04;23;120
7;2025-11-05;0;60
7;2025-11-05;1;12
7;2025-11-05;2;0
7;2025-11-05;3;0
7;2025-11-05;4;1
7;2025-11-05;5;202
7;2025-11-05;6;745
7;2025-11-05;7;1690
7;2025-11-05;8;2575
7;2025-11-05;9;1964
7;2025-11-05;10;1717
7;2025-11-05;11;1520
7;2025-11-05;12;1612
7;2025-11-05;13;1573
7;2025-11-05;14;1674
7;2025-11-05;15;1826
7;2025-11-05;16;1946
7;2025-11-05;17;2405
7;2025-11-05;18;2650
7;2025-11-05;19;1775
7;2025-11-05;20;1123
7;2025-11-05;21;663
7;2025-11-05;22;316
7;2025-11-05;23;190
7;2025-11-06;0;60
7;2025-11-06;1;12
7;2025-11-06;2;0
7;2025-11-06;3;0
7;2025-11-06;4;1
7;2025-11-06;5;202
7;2025-11-06;6;745
7;2025-11-06;7;1690
7;2025-11-06;8;2575
7;2025-11-06;9;1964
7;2025-11-06;10;1717
7;2025-11-06;11;1520
7;2025-11-06;12;1612
7;2025-11-06;13;1573
7;2025-11-06;14;1674
7;2025-11-06;15;1826
7;2025-11-06;16;1946
7;2025-11-06;17;2405
7;2025-11-06;18;2650
7;2025-11-06;19;1775
7;2025-11-06;20;1123
7;2025-11-06;21;663
7;2025-11-06;22;316
7;2025-11-06;23;190
7;2025-11-07;0;67
7;2025-11-07;1;12
7;2025-11-07;2;0
7;2025-11-07;3;0
7;2025-11-07;4;1
7;2025-11-07;5;190
7;2025-11-07;6;689
7;2025-11-07;7;1578
7;2025-11-07;8;2315
7;2025-11-07;9;1795
7;2025-11-07;10;1687
7;2025-11-07;11;1582
7;2025-11-07;12;1627
7;2025-11-07;13;1718
7;2025-11-07;14;1787
7;2025-11-07;15;1900
7;2025-11-07;16;2223
7;2025-11-07;17;2304
7;2025-11-07;18;2074
7;2025-11-07;19;1506
7;2025-11-07;20;1047
7;2025-11-07;21;643
7;2025-11-07;22;348
7;2025-11-07;23;232
7;2025-11-08;0;116
7;2025-11-08;1;26
7;2025-11-08;2;0
7;2025-11-08;3;0
7;2025-11-08;4;1
7;2025-11-08;5;47
7;2025-11-08;6;256
7;2025-11-08;7;280
7;2025-11-08;8;668
7;2025-11-08;9;539
7;2025-11-08;10;617
7;2025-11-08;11;654
7;2025-11-08;12;911
7;2025-11-08;13;857
7;2025-11-08;14;818
7;2025-11-08;15;803
7;2025-11-08;16;802
7;2025-11-08;17;759
7;2025-11-08;18;713
7;2025-11-08;19;564
7;2025-11-08;20;523
7;2025-11-08;21;366
7;2025-11-08;22;206
7;2025-11-08;23;167
7;2025-11-09;0;102
7;2025-11-09;1;24
7;2025-11-09;2;0
7;2025-11-09;3;0
7;2025-11-09;4;1
7;2025-11-09;5;29
7;2025-11-09;6;128
7;2025-11-09;7;169
7;2025-11-09;8;381
7;2025-11-09;9;504
7;2025-11-09;10;402
7;2025-11-09;11;598
7;2025-11-09;12;646
7;2025-11-09;13;642
7;2025-11-09;14;670
7;2025-11-09;15;726
7;2025-11-09;16;625
7;2025-11-09;17;611
7;2025-11-09;18;634
7;2025-11-09;19;470
7;2025-11-09;20;406
7;2025-11-09;21;298
7;2025-11-09;22;154
7;2025-11-09;23;123
7;2025-11-10;0;59
7;2025-11-10;1;12
7;2025-11-10;2;0
7;2025-11-10;3;0
7;2025-11-10;4;1
7;2025-11-10;5;196
7;2025-11-10;6;725
7;2025-11-10;7;1645
7;2025-11-10;8;2506
7;2025-11-10;9;1911
7;2025-11-10;10;1671
7;2025-11-10;11;1479
7;2025-11-10;12;1569
7;2025-11-10;13;1530
7;2025-11-10;14;1629
7;2025-11-10;15;1777
7;2025-11-10;16;1894
7;2025-11-10;17;2340
7;2025-11-10;18;2579
7;2025-11-10;19;1727
7;2025-11-10;20;1093
7;2025-11-10;21;645
7;2025-11-10;22;308
7;2025-11-10;23;185
7;2025-11-11;0;60
7;2025-11-11;1;12
7;2025-11-11;2;0
7;2025-11-11;3;0
7;2025-11-11;4;1
7;2025-11-11;5;202
7;2025-11-11;6;745
7;2025-11-11;7;1690
7;2025-11-11;8;2575
7;2025-11-11;9;1964
7;2025-11-11;10;1717
7;2025-11-11;11;1520
7;2025-11-11;12;1612
7;2025-11-11;13;1573
7;2025-11-11;14;1674
7;2025-11-11;15;1826
7;2025-11-11;16;1946
7;2025-11-11;17;2405
7;2025-11-11;18;2650
7;2025-11-11;19;1775
7;2025-11-11;20;1123
7;2025-11-11;21;663
7;2025-11-11;22;316
7;2025-11-11;23;190
7;2025-11-12;0;57
7;2025-11-12;1;11
7;2025-11-12;2;0
7;2025-11-12;3;0
7;2025-11-12;4;1
7;2025-11-12;5;190
7;2025-11-12;6;700
7;2025-11-12;7;1589
7;2025-11-12;8;2420
7;2025-11-12;9;1846
7;2025-11-12;10;1614
7;2025-11-12;11;1429
7;2025-11-12;12;1515
7;2025-11-12;13;1478
7;2025-11-12;14;1574
7;2025-11-12;15;1716
7;2025-11-12;16;1829
7;2025-11-12;17;2260
7;2025-11-12;18;2491
7;2025-11-12;19;1668
7;2025-11-12;20;1056
7;2025-11-12;21;623
7;2025-11-12;22;297
7;2025-11-12;23;179
7;2025-11-13;0;57
7;2025-11-13;1;11
7;2025-11-13;2;0
7;2025-11-13;3;0
7;2025-11-13;4;1
7;2025-11-13;5;190
7;2025-11-13;6;700
7;2025-11-13;7;1589
7;2025-11-13;8;2420
7;2025-11-13;9;1846
7;2025-11-13;10;1614
7;2025-11-13;11;1429
7;2025-11-13;12;1515
7;2025-11-13;13;1478
7;2025-11-13;14;1574
7;2025-11-13;15;1716
7;2025-11-13;16;1829
7;2025-11-13;17;2260
7;2025-11-13;18;2491
7;2025-11-13;19;1668
7;2025-11-13;20;1056
7;2025-11-13;21;623
7;2025-11-13;22;297
7;2025-11-13;23;179
7;2025-11-14;0;63
7;2025-11-14;1;11
7;2025-11-14;2;0
7;2025-11-14;3;0
7;2025-11-14;4;1
7;2025-11-14;5;178
7;2025-11-14;6;648
7;2025-11-14;7;1483
7;2025-11-14;8;2176
7;2025-11-14;9;1687
7;2025-11-14;10;1586
7;2025-11-14;11;1487
7;2025-11-14;12;1529
7;2025-11-14;13;1615
7;2025-11-14;14;1680
7;2025-11-14;15;1786
7;2025-11-14;16;2090
7;2025-11-14;17;2166
7;2025-11-14;18;1950
7;2025-11-14;19;1416
7;2025-11-14;20;984
7;2025-11-14;21;604
7;2025-11-14;22;327
7;2025-11-14;23;218
7;2025-11-15;0;89
7;2025-11-15;1;26
7;2025-11-15;2;0
7;2025-11-15;3;0
7;2025-11-15;4;1
7;2025-11-15;5;49
7;2025-11-15;6;310
7;2025-11-15;7;461
7;2025-11-15;8;753
7;2025-11-15;9;911
7;2025-11-15;10;982
7;2025-11-15;11;1244
7;2025-11-15;12;1409
7;2025-11-15;13;1378
7;2025-11-15;14;1474
7;2025-11-15;15;1314
7;2025-11-15;16;1289
7;2025-11-15;17;1179
7;2025-11-15;18;1105
7;2025-11-15;19;1052
7;2025-11-15;20;869
7;2025-11-15;21;652
7;2025-11-15;22;346
7;2025-11-15;23;223
7;2025-11-16;0;98
7;2025-11-16;1;22
7;2025-11-16;2;0
7;2025-11-16;3;0
7;2025-11-16;4;0
7;2025-11-16;5;41
7;2025-11-16;6;224
7;2025-11-16;7;312
7;2025-11-16;8;515
7;2025-11-16;9;645
7;2025-11-16;10;788
7;2025-11-16;11;1039
7;2025-11-16;12;1147
7;2025-11-16;13;1210
7;2025-11-16;14;1268
7;2025-11-16;15;1209
7;2025-11-16;16;1133
7;2025-11-16;17;1094
7;2025-11-16;18;915
7;2025-11-16;19;770
7;2025-11-16;20;705
7;2025-11-16;21;535
7;2025-11-16;22;299
7;2025-11-16;23;164
7;2025-11-17;0;55
7;2025-11-17;1;11
7;2025-11-17;2;0
7;2025-11-17;3;0
7;2025-11-17;4;1
7;2025-11-17;5;185
7;2025-11-17;6;682
7;2025-11-17;7;1546
7;2025-11-17;8;2355
7;2025-11-17;9;1797
7;2025-11-17;10;1571
7;2025-11-17;11;1391
7;2025-11-17;12;1475
7;2025-11-17;13;1439
7;2025-11-17;14;1532
7;2025-11-17;15;1670
7;2025-11-17;16;1780
7;2025-11-17;17;2200
7;2025-11-17;18;2424
7;2025-11-17;19;1624
7;2025-11-17;20;1027
7;2025-11-17;21;607
7;2025-11-17;22;289
7;2025-11-17;23;174
7;2025-11-18;0;57
7;2025-11-18;1;11
7;2025-11-18;2;0
7;2025-11-18;3;0
7;2025-11-18;4;1
7;2025-11-18;5;190
7;2025-11-18;6;700
7;2025-11-18;7;1589
7;2025-11-18;8;2420
7;2025-11-18;9;1846
7;2025-11-18;10;1614
7;2025-11-18;11;1429
7;2025-11-18;12;1515
7;2025-11-18;13;1478
7;2025-11-18;14;1574
7;2025-11-18;15;1716
7;2025-11-18;16;1829
7;2025-11-18;17;2260
7;2025-11-18;18;2491
7;2025-11-18;19;1668
7;2025-11-18;20;1056
7;2025-11-18;21;623
7;2025-11-18;22;297
7;2025-11-18;23;179
7;2025-11-19;0;57
7;2025-11-19;1;11
7;2025-11-19;2;0
7;2025-11-19;3;0
7;2025-11-19;4;1
7;2025-11-19;5;190
7;2025-11-19;6;700
7;2025-11-19;7;1589
7;2025-11-19;8;2420
7;2025-11-19;9;1846
7;2025-11-19;10;1614
7;2025-11-19;11;1429
7;2025-11-19;12;1515
7;2025-11-19;13;1478
7;2025-11-19;14;1574
7;2025-11-19;15;1716
7;2025-11-19;16;1829
7;2025-11-19;17;2260
7;2025-11-19;18;2491
7;2025-11-19;19;1668
7;2025-11-19;20;1056
7;2025-11-19;21;623
7;2025-11-19;22;297
7;2025-11-19;23;179
7;2025-11-20;0;57
7;2025-11-20;1;11
7;2025-11-20;2;0
7;2025-11-20;3;0
7;2025-11-20;4;1
7;2025-11-20;5;190
7;2025-11-20;6;700
7;2025-11-20;7;1589
7;2025-11-20;8;2420
7;2025-11-20;9;1846
7;2025-11-20;10;1614
7;2025-11-20;11;1429
7;2025-11-20;12;1515
7;2025-11-20;13;1478
7;2025-11-20;14;1574
7;2025-11-20;15;1716
7;2025-11-20;16;1829
7;2025-11-20;17;2260
7;2025-11-20;18;2491
7;2025-11-20;19;1668
7;2025-11-20;20;1056
7;2025-11-20;21;623
7;2025-11-20;22;297
7;2025-11-20;23;179
7;2025-11-21;0;63
7;2025-11-21;1;11
7;2025-11-21;2;0
7;2025-11-21;3;0
7;2025-11-21;4;1
7;2025-11-21;5;178
7;2025-11-21;6;648
7;2025-11-21;7;1483
7;2025-11-21;8;2176
7;2025-11-21;9;1687
7;2025-11-21;10;1586
7;2025-11-21;11;1487
7;2025-11-21;12;1529
7;2025-11-21;13;1615
7;2025-11-21;14;1680
7;2025-11-21;15;1786
7;2025-11-21;16;2090
7;2025-11-21;17;2166
7;2025-11-21;18;1950
7;2025-11-21;19;1416
7;2025-11-21;20;984
7;2025-11-21;21;604
7;2025-11-21;22;327
7;2025-11-21;23;218
7;2025-11-22;0;89
7;2025-11-22;1;26
7;2025-11-22;2;0
7;2025-11-22;3;0
7;2025-11-22;4;1
7;2025-11-22;5;49
7;2025-11-22;6;310
7;2025-11-22;7;461
7;2025-11-22;8;753
7;2025-11-22;9;911
7;2025-11-22;10;982
7;2025-11-22;11;1244
7;2025-11-22;12;1409
7;2025-11-22;13;1378
7;2025-11-22;14;1474
7;2025-11-22;15;1314
7;2025-11-22;16;1289
7;2025-11-22;17;1179
7;2025-11-22;18;1105
7;2025-11-22;19;1052
7;2025-11-22;20;869
7;2025-11-22;21;652
7;2025-11-22;22;346
7;2025-11-22;23;223
7;2025-11-23;0;98
7;2025-11-23;1;22
7;2025-11-23;2;0
7;2025-11-23;3;0
7;2025-11-23;4;0
7;2025-11-23;5;41
7;2025-11-23;6;224
7;2025-11-23;7;312
7;2025-11-23;8;515
7;2025-11-23;9;645
7;2025-11-23;10;788
7;2025-11-23;11;1039
7;2025-11-23;12;1147
7;2025-11-23;13;1210
7;2025-11-23;14;1268
7;2025-11-23;15;1209
7;2025-11-23;16;1133
7;2025-11-23;17;1094
7;2025-11-23;18;915
7;2025-11-23;19;770
7;2025-11-23;20;705
7;2025-11-23;21;535
7;2025-11-23;22;299
7;2025-11-23;23;164
7;2025-11-24;0;55
7;2025-11-24;1;11
7;2025-11-24;2;0
7;2025-11-24;3;0
7;2025-11-24;4;1
7;2025-11-24;5;185
7;2025-11-24;6;682
7;2025-11-24;7;1546
7;2025-11-24;8;2355
7;2025-11-24;9;1797
7;2025-11-24;10;1571
7;2025-11-24;11;1391
7;2025-11-24;12;1475
7;2025-11-24;13;1439
7;2025-11-24;14;1532
7;2025-11-24;15;1670
7;2025-11-24;16;1780
7;2025-11-24;17;2200
7;2025-11-24;18;2424
7;2025-11-24;19;1624
7;2025-11-24;20;1027
7;2025-11-24;21;607
7;2025-11-24;22;289
7;2025-11-24;23;174
7;2025-11-25;0;57
7;2025-11-25;1;11
7;2025-11-25;2;0
7;2025-11-25;3;0
7;2025-11-25;4;1
7;2025-11-25;5;190
7;2025-11-25;6;700
7;2025-11-25;7;1589
7;2025-11-25;8;2420
7;2025-11-25;9;1846
7;2025-11-25;10;1614
7;2025-11-25;11;1429
7;2025-11-25;12;1515
7;2025-11-25;13;1478
7;2025-11-25;14;1574
7;2025-11-25;15;1716
7;2025-11-25;16;1829
7;2025-11-25;17;2260
7;2025-11-25;18;2491
7;2025-11-25;19;1668
7;2025-11-25;20;1056
7;2025-11-25;21;623
7;2025-11-25;22;297
7;2025-11-25;23;179
7;2025-11-26;0;57
7;2025-11-26;1;11
7;2025-11-26;2;0
7;2025-11-26;3;0
7;2025-11-26;4;1
7;2025-11-26;5;190
7;2025-11-26;6;700
7;2025-11-26;7;1589
7;2025-11-26;8;2420
7;2025-11-26;9;1846
7;2025-11-26;10;1614
7;2025-11-26;11;1429
7;2025-11-26;12;1515
7;2025-11-26;13;1478
7;2025-11-26;14;1574
7;2025-11-26;15;1716
7;2025-11-26;16;1829
7;2025-11-26;17;2260
7;2025-11-26;18;2491
7;2025-11-26;19;1668
7;2025-11-26;20;1056
7;2025-11-26;21;623
7;2025-11-26;22;297
7;2025-11-26;23;179
7;2025-11-27;0;57
7;2025-11-27;1;11
7;2025-11-27;2;0
7;2025-11-27;3;0
7;2025-11-27;4;1
7;2025-11-27;5;190
7;2025-11-27;6;700
7;2025-11-27;7;1589
7;2025-11-27;8;2420
7;2025-11-27;9;1846
7;2025-11-27;10;1614
7;2025-11-27;11;1429
7;2025-11-27;12;1515
7;2025-11-27;13;1478
7;2025-11-27;14;1574
7;2025-11-27;15;1716
7;2025-11-27;16;1829
7;2025-11-27;17;2260
7;2025-11-27;18;2491
7;2025-11-27;19;1668
7;2025-11-27;20;1056
7;2025-11-27;21;623
7;2025-11-27;22;297
7;2025-11-27;23;179
7;2025-11-28;0;63
7;2025-11-28;1;11
7;2025-11-28;2;0
7;2025-11-28;3;0
7;2025-11-28;4;1
7;2025-11-28;5;178
7;2025-11-28;6;648
7;2025-11-28;7;1483
7;2025-11-28;8;2176
7;2025-11-28;9;1687
7;2025-11-28;10;1586
7;2025-11-28;11;1487
7;2025-11-28;12;1529
7;2025-11-28;13;1615
7;2025-11-28;14;1680
7;2025-11-28;15;1786
7;2025-11-28;16;2090
7;2025-11-28;17;2166
7;2025-11-28;18;1950
7;2025-11-28;19;1416
7;2025-11-28;20;984
7;2025-11-28;21;604
7;2025-11-28;22;327
7;2025-11-28;23;218
7;2025-11-29;0;89
7;2025-11-29;1;26
7;2025-11-29;2;0
7;2025-11-29;3;0
7;2025-11-29;4;1
7;2025-11-29;5;49
7;2025-11-29;6;310
7;2025-11-29;7;461
7;2025-11-29;8;753
7;2025-11-29;9;911
7;2025-11-29;10;982
7;2025-11-29;11;1244
7;2025-11-29;12;1409
7;2025-11-29;13;1378
7;2025-11-29;14;1474
7;2025-11-29;15;1314
7;2025-11-29;16;1289
7;2025-11-29;17;1179
7;2025-11-29;18;1105
7;2025-11-29;19;1052
7;2025-11-29;20;869
7;2025-11-29;21;652
7;2025-11-29;22;346
7;2025-11-29;23;223
7;2025-11-30;0;98
7;2025-11-30;1;22
7;2025-11-30;2;0
7;2025-11-30;3;0
7;2025-11-30;4;0
7;2025-11-30;5;41
7;2025-11-30;6;224
7;2025-11-30;7;312
7;2025-11-30;8;515
7;2025-11-30;9;645
7;2025-11-30;10;788
7;2025-11-30;11;1039
7;2025-11-30;12;1147
7;2025-11-30;13;1210
7;2025-11-30;14;1268
7;2025-11-30;15;1209
7;2025-11-30;16;1133
7;2025-11-30;17;1094
7;2025-11-30;18;915
7;2025-11-30;19;770
7;2025-11-30;20;705
7;2025-11-30;21;535
7;2025-11-30;22;299
7;2025-11-30;23;164
7;2025-12-01;0;54
7;2025-12-01;1;11
7;2025-12-01;2;0
7;2025-12-01;3;0
7;2025-12-01;4;1
7;2025-12-01;5;182
7;2025-12-01;6;692
7;2025-12-01;7;1525
7;2025-12-01;8;2315
7;2025-12-01;9;1775
7;2025-12-01;10;1534
7;2025-12-01;11;1342
7;2025-12-01;12;1417
7;2025-12-01;13;1396
7;2025-12-01;14;1496
7;2025-12-01;15;1633
7;2025-12-01;16;1747
7;2025-12-01;17;2156
7;2025-12-01;18;2381
7;2025-12-01;19;1606
7;2025-12-01;20;1005
7;2025-12-01;21;593
7;2025-12-01;22;282
7;2025-12-01;23;168
7;2025-12-02;0;56
7;2025-12-02;1;11
7;2025-12-02;2;0
7;2025-12-02;3;0
7;2025-12-02;4;1
7;2025-12-02;5;188
7;2025-12-02;6;711
7;2025-12-02;7;1567
7;2025-12-02;8;2378
7;2025-12-02;9;1824
7;2025-12-02;10;1576
7;2025-12-02;11;1379
7;2025-12-02;12;1455
7;2025-12-02;13;1435
7;2025-12-02;14;1538
7;2025-12-02;15;1678
7;2025-12-02;16;1795
7;2025-12-02;17;2215
7;2025-12-02;18;2447
7;2025-12-02;19;1650
7;2025-12-02;20;1033
7;2025-12-02;21;610
7;2025-12-02;22;290
7;2025-12-02;23;172
7;2025-12-03;0;56
7;2025-12-03;1;11
7;2025-12-03;2;0
7;2025-12-03;3;0
7;2025-12-03;4;1
7;2025-12-03;5;188
7;2025-12-03;6;711
7;2025-12-03;7;1567
7;2025-12-03;8;2378
7;2025-12-03;9;1824
7;2025-12-03;10;1576
7;2025-12-03;11;1379
7;2025-12-03;12;1455
7;2025-12-03;13;1435
7;2025-12-03;14;1538
7;2025-12-03;15;1678
7;2025-12-03;16;1795
7;2025-12-03;17;2215
7;2025-12-03;18;2447
7;2025-12-03;19;1650
7;2025-12-03;20;1033
7;2025-12-03;21;610
7;2025-12-03;22;290
7;2025-12-03;23;172
7;2025-12-04;0;56
7;2025-12-04;1;11
7;2025-12-04;2;0
7;2025-12-04;3;0
7;2025-12-04;4;1
7;2025-12-04;5;188
7;2025-12-04;6;711
7;2025-12-04;7;1567
7;2025-12-04;8;2378
7;2025-12-04;9;1824
7;2025-12-04;10;1576
7;2025-12-04;11;1379
7;2025-12-04;12;1455
7;2025-12-04;13;1435
7;2025-12-04;14;1538
7;2025-12-04;15;1678
7;2025-12-04;16;1795
7;2025-12-04;17;2215
7;2025-12-04;18;2447
7;2025-12-04;19;1650
7;2025-12-04;20;1033
7;2025-12-04;21;610
7;2025-12-04;22;290
7;2025-12-04;23;172
7;2025-12-05;0;59
7;2025-12-05;1;11
7;2025-12-05;2;0
7;2025-12-05;3;0
7;2025-12-05;4;1
7;2025-12-05;5;176
7;2025-12-05;6;648
7;2025-12-05;7;1464
7;2025-12-05;8;2135
7;2025-12-05;9;1669
7;2025-12-05;10;1533
7;2025-12-05;11;1445
7;2025-12-05;12;1477
7;2025-12-05;13;1575
7;2025-12-05;14;1641
7;2025-12-05;15;1737
7;2025-12-05;16;2052
7;2025-12-05;17;2118
7;2025-12-05;18;1923
7;2025-12-05;19;1413
7;2025-12-05;20;967
7;2025-12-05;21;596
7;2025-12-05;22;321
7;2025-12-05;23;208
7;2025-12-06;0;87
7;2025-12-06;1;25
7;2025-12-06;2;0
7;2025-12-06;3;0
7;2025-12-06;4;1
7;2025-12-06;5;48
7;2025-12-06;6;304
7;2025-12-06;7;452
7;2025-12-06;8;738
7;2025-12-06;9;893
7;2025-12-06;10;962
7;2025-12-06;11;1219
7;2025-12-06;12;1381
7;2025-12-06;13;1350
7;2025-12-06;14;1445
7;2025-12-06;15;1288
7;2025-12-06;16;1263
7;2025-12-06;17;1155
7;2025-12-06;18;1083
7;2025-12-06;19;1031
7;2025-12-06;20;852
7;2025-12-06;21;639
7;2025-12-06;22;339
7;2025-12-06;23;219
7;2025-12-07;0;96
7;2025-12-07;1;22
7;2025-12-07;2;0
7;2025-12-07;3;0
7;2025-12-07;4;0
7;2025-12-07;5;40
7;2025-12-07;6;220
7;2025-12-07;7;306
7;2025-12-07;8;505
7;2025-12-07;9;632
7;2025-12-07;10;772
7;2025-12-07;11;1018
7;2025-12-07;12;1124
7;2025-12-07;13;1186
7;2025-12-07;14;1243
7;2025-12-07;15;1185
7;2025-12-07;16;1110
7;2025-12-07;17;1072
7;2025-12-07;18;897
7;2025-12-07;19;755
7;2025-12-07;20;691
7;2025-12-07;21;524
7;2025-12-07;22;293
7;2025-12-07;23;161
7;2025-12-08;0;54
7;2025-12-08;1;11
7;2025-12-08;2;0
7;2025-12-08;3;0
7;2025-12-08;4;1
7;2025-12-08;5;182
7;2025-12-08;6;692
7;2025-12-08;7;1525
7;2025-12-08;8;2315
7;2025-12-08;9;1775
7;2025-12-08;10;1534
7;2025-12-08;11;1342
7;2025-12-08;12;1417
7;2025-12-08;13;1396
7;2025-12-08;14;1496
7;2025-12-08;15;1633
7;2025-12-08;16;1747
7;2025-12-08;17;2156
7;2025-12-08;18;2381
7;2025-12-08;19;1606
7;2025-12-08;20;1005
7;2025-12-08;21;593
7;2025-12-08;22;282
7;2025-12-08;23;168
7;2025-12-09;0;56
7;2025-12-09;1;11
7;2025-12-09;2;0
7;2025-12-09;3;0
7;2025-12-09;4;1
7;2025-12-09;5;188
7;2025-12-09;6;711
7;2025-12-09;7;1567
7;2025-12-09;8;2378
7;2025-12-09;9;1824
7;2025-12-09;10;1576
7;2025-12-09;11;1379
7;2025-12-09;12;1455
7;2025-12-09;13;1435
7;2025-12-09;14;1538
7;2025-12-09;15;1678
7;2025-12-09;16;1795
7;2025-12-09;17;2215
7;2025-12-09;18;2447
7;2025-12-09;19;1650
7;2025-12-09;20;1033
7;2025-12-09;21;610
7;2025-12-09;22;290
7;2025-12-09;23;172
7;2025-12-10;0;56
7;2025-12-10;1;11
7;2025-12-10;2;0
7;2025-12-10;3;0
7;2025-12-10;4;1
7;2025-12-10;5;188
7;2025-12-10;6;711
7;2025-12-10;7;1567
7;2025-12-10;8;2378
7;2025-12-10;9;1824
7;2025-12-10;10;1576
7;2025-12-10;11;1379
7;2025-12-10;12;1455
7;2025-12-10;13;1435
7;2025-12-10;14;1538
7;2025-12-10;15;1678
7;2025-12-10;16;1795
7;2025-12-10;17;2215
7;2025-12-10;18;2447
7;2025-12-10;19;1650
7;2025-12-10;20;1033
7;2025-12-10;21;610
7;2025-12-10;22;290
7;2025-12-10;23;172
7;2025-12-11;0;56
7;2025-12-11;1;11
7;2025-12-11;2;0
7;2025-12-11;3;0
7;2025-12-11;4;1
7;2025-12-11;5;188
7;2025-12-11;6;711
7;2025-12-11;7;1567
7;2025-12-11;8;2378
7;2025-12-11;9;1824
7;2025-12-11;10;1576
7;2025-12-11;11;1379
7;2025-12-11;12;1455
7;2025-12-11;13;1435
7;2025-12-11;14;1538
7;2025-12-11;15;1678
7;2025-12-11;16;1795
7;2025-12-11;17;2215
7;2025-12-11;18;2447
7;2025-12-11;19;1650
7;2025-12-11;20;1033
7;2025-12-11;21;610
7;2025-12-11;22;290
7;2025-12-11;23;172
7;2025-12-12;0;59
7;2025-12-12;1;11
7;2025-12-12;2;0
7;2025-12-12;3;0
7;2025-12-12;4;1
7;2025-12-12;5;176
7;2025-12-12;6;648
7;2025-12-12;7;1464
7;2025-12-12;8;2135
7;2025-12-12;9;1669
7;2025-12-12;10;1533
7;2025-12-12;11;1445
7;2025-12-12;12;1477
7;2025-12-12;13;1575
7;2025-12-12;14;1641
7;2025-12-12;15;1737
7;2025-12-12;16;2052
7;2025-12-12;17;2118
7;2025-12-12;18;1923
7;2025-12-12;19;1413
7;2025-12-12;20;967
7;2025-12-12;21;596
7;2025-12-12;22;321
7;2025-12-12;23;208
7;2025-12-13;0;87
7;2025-12-13;1;25
7;2025-12-13;2;0
7;2025-12-13;3;0
7;2025-12-13;4;1
7;2025-12-13;5;48
7;2025-12-13;6;304
7;2025-12-13;7;452
7;2025-12-13;8;738
7;2025-12-13;9;893
7;2025-12-13;10;962
7;2025-12-13;11;1219
7;2025-12-13;12;1381
7;2025-12-13;13;1350
7;2025-12-13;14;1445
7;2025-12-13;15;1288
7;2025-12-13;16;1263
7;2025-12-13;17;1155
7;2025-12-13;18;1083
7;2025-12-13;19;1031
7;2025-12-13;20;852
7;2025-12-13;21;639
7;2025-12-13;22;339
7;2025-12-13;23;219
7;2025-12-14;0;96
7;2025-12-14;1;22
7;2025-12-14;2;0
7;2025-12-14;3;0
7;2025-12-14;4;0
7;2025-12-14;5;40
7;2025-12-14;6;220
7;2025-12-14;7;306
7;2025-12-14;8;505
7;2025-12-14;9;632
7;2025-12-14;10;772
7;2025-12-14;11;1018
7;2025-12-14;12;1124
7;2025-12-14;13;1186
7;2025-12-14;14;1243
7;2025-12-14;15;1185
7;2025-12-14;16;1110
7;2025-12-14;17;1072
7;2025-12-14;18;897
7;2025-12-14;19;755
7;2025-12-14;20;691
7;2025-12-14;21;524
7;2025-12-14;22;293
7;2025-12-14;23;161
7;2025-12-15;0;54
7;2025-12-15;1;11
7;2025-12-15;2;0
7;2025-12-15;3;0
7;2025-12-15;4;1
7;2025-12-15;5;182
7;2025-12-15;6;692
7;2025-12-15;7;1525
7;2025-12-15;8;2315
7;2025-12-15;9;1775
7;2025-12-15;10;1534
7;2025-12-15;11;1342
7;2025-12-15;12;1417
7;2025-12-15;13;1396
7;2025-12-15;14;1496
7;2025-12-15;15;1633
7;2025-12-15;16;1747
7;2025-12-15;17;2156
7;2025-12-15;18;2381
7;2025-12-15;19;1606
7;2025-12-15;20;1005
7;2025-12-15;21;593
7;2025-12-15;22;282
7;2025-12-15;23;168
7;2025-12-16;0;56
7;2025-12-16;1;11
7;2025-12-16;2;0
7;2025-12-16;3;0
7;2025-12-16;4;1
7;2025-12-16;5;188
7;2025-12-16;6;711
7;2025-12-16;7;1567
7;2025-12-16;8;2378
7;2025-12-16;9;1824
7;2025-12-16;10;1576
7;2025-12-16;11;1379
7;2025-12-16;12;1455
7;2025-12-16;13;1435
7;2025-12-16;14;1538
7;2025-12-16;15;1678
7;2025-12-16;16;1795
7;2025-12-16;17;2215
7;2025-12-16;18;2447
7;2025-12-16;19;1650
7;2025-12-16;20;1033
7;2025-12-16;21;610
7;2025-12-16;22;290
7;2025-12-16;23;172
7;2025-12-17;0;56
7;2025-12-17;1;11
7;2025-12-17;2;0
7;2025-12-17;3;0
7;2025-12-17;4;1
7;2025-12-17;5;188
7;2025-12-17;6;711
7;2025-12-17;7;1567
7;2025-12-17;8;2378
7;2025-12-17;9;1824
7;2025-12-17;10;1576
7;2025-12-17;11;1379
7;2025-12-17;12;1455
7;2025-12-17;13;1435
7;2025-12-17;14;1538
7;2025-12-17;15;1678
7;2025-12-17;16;1795
7;2025-12-17;17;2215
7;2025-12-17;18;2447
7;2025-12-17;19;1650
7;2025-12-17;20;1033
7;2025-12-17;21;610
7;2025-12-17;22;290
7;2025-12-17;23;172
7;2025-12-18;0;56
7;2025-12-18;1;11
7;2025-12-18;2;0
7;2025-12-18;3;0
7;2025-12-18;4;1
7;2025-12-18;5;188
7;2025-12-18;6;711
7;2025-12-18;7;1567
7;2025-12-18;8;2378
7;2025-12-18;9;1824
7;2025-12-18;10;1576
7;2025-12-18;11;1379
7;2025-12-18;12;1455
7;2025-12-18;13;1435
7;2025-12-18;14;1538
7;2025-12-18;15;1678
7;2025-12-18;16;1795
7;2025-12-18;17;2215
7;2025-12-18;18;2447
7;2025-12-18;19;1650
7;2025-12-18;20;1033
7;2025-12-18;21;610
7;2025-12-18;22;290
7;2025-12-18;23;172
7;2025-12-19;0;59
7;2025-12-19;1;11
7;2025-12-19;2;0
7;2025-12-19;3;0
7;2025-12-19;4;1
7;2025-12-19;5;176
7;2025-12-19;6;648
7;2025-12-19;7;1464
7;2025-12-19;8;2135
7;2025-12-19;9;1669
7;2025-12-19;10;1533
7;2025-12-19;11;1445
7;2025-12-19;12;1477
7;2025-12-19;13;1575
7;2025-12-19;14;1641
7;2025-12-19;15;1737
7;2025-12-19;16;2052
7;2025-12-19;17;2118
7;2025-12-19;18;1923
7;2025-12-19;19;1413
7;2025-12-19;20;967
7;2025-12-19;21;596
7;2025-12-19;22;321
7;2025-12-19;23;208
7;2025-12-20;0;87
7;2025-12-20;1;25
7;2025-12-20;2;0
7;2025-12-20;3;0
7;2025-12-20;4;1
7;2025-12-20;5;48
7;2025-12-20;6;304
7;2025-12-20;7;452
7;2025-12-20;8;738
7;2025-12-20;9;893
7;2025-12-20;10;962
7;2025-12-20;11;1219
7;2025-12-20;12;1381
7;2025-12-20;13;1350
7;2025-12-20;14;1445
7;2025-12-20;15;1288
7;2025-12-20;16;1263
7;2025-12-20;17;1155
7;2025-12-20;18;1083
7;2025-12-20;19;1031
7;2025-12-20;20;852
7;2025-12-20;21;639
7;2025-12-20;22;339
7;2025-12-20;23;219
7;2025-12-21;0;96
7;2025-12-21;1;22
7;2025-12-21;2;0
7;2025-12-21;3;0
7;2025-12-21;4;0
7;2025-12-21;5;40
7;2025-12-21;6;220
7;2025-12-21;7;306
7;2025-12-21;8;505
7;2025-12-21;9;632
7;2025-12-21;10;772
7;2025-12-21;11;1018
7;2025-12-21;12;1124
7;2025-12-21;13;1186
7;2025-12-21;14;1243
7;2025-12-21;15;1185
7;2025-12-21;16;1110
7;2025-12-21;17;1072
7;2025-12-21;18;897
7;2025-12-21;19;755
7;2025-12-21;20;691
7;2025-12-21;21;524
7;2025-12-21;22;293
7;2025-12-21;23;161
7;2025-12-22;0;54
7;2025-12-22;1;11
7;2025-12-22;2;0
7;2025-12-22;3;0
7;2025-12-22;4;1
7;2025-12-22;5;182
7;2025-12-22;6;692
7;2025-12-22;7;1525
7;2025-12-22;8;2315
7;2025-12-22;9;1775
7;2025-12-22;10;1534
7;2025-12-22;11;1342
7;2025-12-22;12;1417
7;2025-12-22;13;1396
7;2025-12-22;14;1496
7;2025-12-22;15;1633
7;2025-12-22;16;1747
7;2025-12-22;17;2156
7;2025-12-22;18;2381
7;2025-12-22;19;1606
7;2025-12-22;20;1005
7;2025-12-22;21;593
7;2025-12-22;22;282
7;2025-12-22;23;168
7;2025-12-23;0;56
7;2025-12-23;1;11
7;2025-12-23;2;0
7;2025-12-23;3;0
7;2025-12-23;4;1
7;2025-12-23;5;188
7;2025-12-23;6;711
7;2025-12-23;7;1567
7;2025-12-23;8;2378
7;2025-12-23;9;1824
7;2025-12-23;10;1576
7;2025-12-23;11;1379
7;2025-12-23;12;1455
7;2025-12-23;13;1435
7;2025-12-23;14;1538
7;2025-12-23;15;1678
7;2025-12-23;16;1795
7;2025-12-23;17;2215
7;2025-12-23;18;2447
7;2025-12-23;19;1650
7;2025-12-23;20;1033
7;2025-12-23;21;610
7;2025-12-23;22;290
7;2025-12-23;23;172
7;2025-12-24;0;56
7;2025-12-24;1;11
7;2025-12-24;2;0
7;2025-12-24;3;0
7;2025-12-24;4;1
7;2025-12-24;5;188
7;2025-12-24;6;711
7;2025-12-24;7;1567
7;2025-12-24;8;2378
7;2025-12-24;9;1824
7;2025-12-24;10;1576
7;2025-12-24;11;1379
7;2025-12-24;12;1455
7;2025-12-24;13;1435
7;2025-12-24;14;1538
7;2025-12-24;15;1678
7;2025-12-24;16;1795
7;2025-12-24;17;2215
7;2025-12-24;18;2447
7;2025-12-24;19;1650
7;2025-12-24;20;1033
7;2025-12-24;21;610
7;2025-12-24;22;290
7;2025-12-24;23;172
7;2025-12-25;0;56
7;2025-12-25;1;11
7;2025-12-25;2;0
7;2025-12-25;3;0
7;2025-12-25;4;1
7;2025-12-25;5;188
7;2025-12-25;6;711
7;2025-12-25;7;1567
7;2025-12-25;8;2378
7;2025-12-25;9;1824
7;2025-12-25;10;1576
7;2025-12-25;11;1379
7;2025-12-25;12;1455
7;2025-12-25;13;1435
7;2025-12-25;14;1538
7;2025-12-25;15;1678
7;2025-12-25;16;1795
7;2025-12-25;17;2215
7;2025-12-25;18;2447
7;2025-12-25;19;1650
7;2025-12-25;20;1033
7;2025-12-25;21;610
7;2025-12-25;22;290
7;2025-12-25;23;172
7;2025-12-26;0;59
7;2025-12-26;1;11
7;2025-12-26;2;0
7;2025-12-26;3;0
7;2025-12-26;4;1
7;2025-12-26;5;176
7;2025-12-26;6;648
7;2025-12-26;7;1464
7;2025-12-26;8;2135
7;2025-12-26;9;1669
7;2025-12-26;10;1533
7;2025-12-26;11;1445
7;2025-12-26;12;1477
7;2025-12-26;13;1575
7;2025-12-26;14;1641
7;2025-12-26;15;1737
7;2025-12-26;16;2052
7;2025-12-26;17;2118
7;2025-12-26;18;1923
7;2025-12-26;19;1413
7;2025-12-26;20;967
7;2025-12-26;21;596
7;2025-12-26;22;321
7;2025-12-26;23;208
7;2025-12-27;0;87
7;2025-12-27;1;25
7;2025-12-27;2;0
7;2025-12-27;3;0
7;2025-12-27;4;1
7;2025-12-27;5;48
7;2025-12-27;6;304
7;2025-12-27;7;452
7;2025-12-27;8;738
7;2025-12-27;9;893
7;2025-12-27;10;962
7;2025-12-27;11;1219
7;2025-12-27;12;1381
7;2025-12-27;13;1350
7;2025-12-27;14;1445
7;2025-12-27;15;1288
7;2025-12-27;16;1263
7;2025-12-27;17;1155
7;2025-12-27;18;1083
7;2025-12-27;19;1031
7;2025-12-27;20;852
7;2025-12-27;21;639
7;2025-12-27;22;339
7;2025-12-27;23;219
7;2025-12-28;0;96
7;2025-12-28;1;22
7;2025-12-28;2;0
7;2025-12-28;3;0
7;2025-12-28;4;0
7;2025-12-28;5;40
7;2025-12-28;6;220
7;2025-12-28;7;306
7;2025-12-28;8;505
7;2025-12-28;9;632
7;2025-12-28;10;772
7;2025-12-28;11;1018
7;2025-12-28;12;1124
7;2025-12-28;13;1186
7;2025-12-28;14;1243
7;2025-12-28;15;1185
7;2025-12-28;16;1110
7;2025-12-28;17;1072
7;2025-12-28;18;897
7;2025-12-28;19;755
7;2025-12-28;20;691
7;2025-12-28;21;524
7;2025-12-28;22;293
7;2025-12-28;23;161
7;2025-12-29;0;49
7;2025-12-29;1;10
7;2025-12-29;2;0
7;2025-12-29;3;0
7;2025-12-29;4;1
7;2025-12-29;5;165
7;2025-12-29;6;623
7;2025-12-29;7;1373
7;2025-12-29;8;2083
7;2025-12-29;9;1597
7;2025-12-29;10;1381
7;2025-12-29;11;1207
7;2025-12-29;12;1275
7;2025-12-29;13;1256
7;2025-12-29;14;1347
7;2025-12-29;15;1469
7;2025-12-29;16;1573
7;2025-12-29;17;1940
7;2025-12-29;18;2143
7;2025-12-29;19;1446
7;2025-12-29;20;906
7;2025-12-29;21;534
7;2025-12-29;22;255
7;2025-12-29;23;151
7;2025-12-30;0;47
7;2025-12-30;1;9
7;2025-12-30;2;0
7;2025-12-30;3;0
7;2025-12-30;4;1
7;2025-12-30;5;160
7;2025-12-30;6;605
7;2025-12-30;7;1332
7;2025-12-30;8;2022
7;2025-12-30;9;1550
7;2025-12-30;10;1340
7;2025-12-30;11;1172
7;2025-12-30;12;1238
7;2025-12-30;13;1220
7;2025-12-30;14;1306
7;2025-12-30;15;1426
7;2025-12-30;16;1526
7;2025-12-30;17;1883
7;2025-12-30;18;2081
7;2025-12-30;19;1403
7;2025-12-30;20;878
7;2025-12-30;21;518
7;2025-12-30;22;247
7;2025-12-30;23;147
7;2025-12-31;0;47
7;2025-12-31;1;14
7;2025-12-31;2;0
7;2025-12-31;3;0
7;2025-12-31;4;0
7;2025-12-31;5;26
7;2025-12-31;6;164
7;2025-12-31;7;244
7;2025-12-31;8;399
7;2025-12-31;9;483
7;2025-12-31;10;520
7;2025-12-31;11;660
7;2025-12-31;12;747
7;2025-12-31;13;730
7;2025-12-31;14;781
7;2025-12-31;15;696
7;2025-12-31;16;683
7;2025-12-31;17;625
7;2025-12-31;18;586
7;2025-12-31;19;558
7;2025-12-31;20;45
7;2025-12-31;21;34
7;2025-12-31;22;18
7;2025-12-31;23;12
11;2025-11-01;0;108
11;2025-11-01;1;0
11;2025-11-01;2;0
11;2025-11-01;3;0
11;2025-11-01;4;2
11;2025-11-01;5;261
11;2025-11-01;6;1182
11;2025-11-01;7;2097
11;2025-11-01;8;2789
11;2025-11-01;9;2080
11;2025-11-01;10;1713
11;2025-11-01;11;1658
11;2025-11-01;12;1728
11;2025-11-01;13;1789
11;2025-11-01;14;1902
11;2025-11-01;15;2003
11;2025-11-01;16;2232
11;2025-11-01;17;2587
11;2025-11-01;18;2218
11;2025-11-01;19;1719
11;2025-11-01;20;1265
11;2025-11-01;21;794
11;2025-11-01;22;396
11;2025-11-01;23;282
11;2025-11-02;0;113
11;2025-11-02;1;14
11;2025-11-02;2;0
11;2025-11-02;3;0
11;2025-11-02;4;2
11;2025-11-02;5;122
11;2025-11-02;6;492
11;2025-11-02;7;512
11;2025-11-02;8;686
11;2025-11-02;9;951
11;2025-11-02;10;1087
11;2025-11-02;11;1579
11;2025-11-02;12;1710
11;2025-11-02;13;1642
11;2025-11-02;14;1766
11;2025-11-02;15;1747
11;2025-11-02;16;1662
11;2025-11-02;17;1696
11;2025-11-02;18;1285
11;2025-11-02;19;1052
11;2025-11-02;20;869
11;2025-11-02;21;649
11;2025-11-02;22;368
11;2025-11-02;23;262
11;2025-11-03;0;99
11;2025-11-03;1;8
11;2025-11-03;2;0
11;2025-11-03;3;0
11;2025-11-03;4;2
11;2025-11-03;5;130
11;2025-11-03;6;541
11;2025-11-03;7;538
11;2025-11-03;8;724
11;2025-11-03;9;914
11;2025-11-03;10;1061
11;2025-11-03;11;1461
11;2025-11-03;12;1597
11;2025-11-03;13;1519
11;2025-11-03;14;1648
11;2025-11-03;15;1593
11;2025-11-03;16;1548
11;2025-11-03;17;1542
11;2025-11-03;18;1219
11;2025-11-03;19;1056
11;2025-11-03;20;839
11;2025-11-03;21;614
11;2025-11-03;22;351
11;2025-11-03;23;246
11;2025-11-04;0;99
11;2025-11-04;1;8
11;2025-11-04;2;0
11;2025-11-04;3;0
11;2025-11-04;4;2
11;2025-11-04;5;130
11;2025-11-04;6;541
11;2025-11-04;7;538
11;2025-11-04;8;724
11;2025-11-04;9;914
11;2025-11-04;10;1061
11;2025-11-04;11;1461
11;2025-11-04;12;1597
11;2025-11-04;13;1519
11;2025-11-04;14;1648
11;2025-11-04;15;1593
11;2025-11-04;16;1548
11;2025-11-04;17;1542
11;2025-11-04;18;1219
11;2025-11-04;19;1056
11;2025-11-04;20;839
11;2025-11-04;21;614
11;2025-11-04;22;351
11;2025-11-04;23;246
11;2025-11-05;0;68
11;2025-11-05;1;3
11;2025-11-05;2;0
11;2025-11-05;3;0
11;2025-11-05;4;3
11;2025-11-05;5;297
11;2025-11-05;6;1351
11;2025-11-05;7;2485
11;2025-11-05;8;3255
11;2025-11-05;9;2510
11;2025-11-05;10;2022
11;2025-11-05;11;1958
11;2025-11-05;12;1982
11;2025-11-05;13;2170
11;2025-11-05;14;2123
11;2025-11-05;15;2174
11;2025-11-05;16;2390
11;2025-11-05;17;2849
11;2025-11-05;18;3179
11;2025-11-05;19;2269
11;2025-11-05;20;1508
11;2025-11-05;21;907
11;2025-11-05;22;439
11;2025-11-05;23;233
11;2025-11-06;0;68
11;2025-11-06;1;3
11;2025-11-06;2;0
11;2025-11-06;3;0
11;2025-11-06;4;3
11;2025-11-06;5;297
11;2025-11-06;6;1351
11;2025-11-06;7;2485
11;2025-11-06;8;3255
11;2025-11-06;9;2510
11;2025-11-06;10;2022
11;2025-11-06;11;1958
11;2025-11-06;12;1982
11;2025-11-06;13;2170
11;2025-11-06;14;2123
11;2025-11-06;15;2174
11;2025-11-06;16;2390
11;2025-11-06;17;2849
11;2025-11-06;18;3179
11;2025-11-06;19;2269
11;2025-11-06;20;1508
11;2025-11-06;21;907
11;2025-11-06;22;439
11;2025-11-06;23;233
11;2025-11-07;0;81
11;2025-11-07;1;3
11;2025-11-07;2;0
11;2025-11-07;3;0
11;2025-11-07;4;3
11;2025-11-07;5;297
11;2025-11-07;6;1344
11;2025-11-07;7;2383
11;2025-11-07;8;3171
11;2025-11-07;9;2365
11;2025-11-07;10;1948
11;2025-11-07;11;1885
11;2025-11-07;12;1964
11;2025-11-07;13;2033
11;2025-11-07;14;2162
11;2025-11-07;15;2276
11;2025-11-07;16;2537
11;2025-11-07;17;2940
11;2025-11-07;18;2521
11;2025-11-07;19;1954
11;2025-11-07;20;1438
11;2025-11-07;21;902
11;2025-11-07;22;450
11;2025-11-07;23;320
11;2025-11-08;0;113
11;2025-11-08;1;3
11;2025-11-08;2;0
11;2025-11-08;3;0
11;2025-11-08;4;3
11;2025-11-08;5;182
11;2025-11-08;6;767
11;2025-11-08;7;738
11;2025-11-08;8;995
11;2025-11-08;9;1156
11;2025-11-08;10;1362
11;2025-11-08;11;1776
11;2025-11-08;12;1963
11;2025-11-08;13;1848
11;2025-11-08;14;2023
11;2025-11-08;15;1908
11;2025-11-08;16;1895
11;2025-11-08;17;1839
11;2025-11-08;18;1521
11;2025-11-08;19;1390
11;2025-11-08;20;1066
11;2025-11-08;21;764
11;2025-11-08;22;442
11;2025-11-08;23;303
11;2025-11-09;0;113
11;2025-11-09;1;14
11;2025-11-09;2;0
11;2025-11-09;3;0
11;2025-11-09;4;2
11;2025-11-09;5;122
11;2025-11-09;6;492
11;2025-11-09;7;512
11;2025-11-09;8;686
11;2025-11-09;9;951
11;2025-11-09;10;1087
11;2025-11-09;11;1579
11;2025-11-09;12;1710
11;2025-11-09;13;1642
11;2025-11-09;14;1766
11;2025-11-09;15;1747
11;2025-11-09;16;1662
11;2025-11-09;17;1696
11;2025-11-09;18;1285
11;2025-11-09;19;1052
11;2025-11-09;20;869
11;2025-11-09;21;649
11;2025-11-09;22;368
11;2025-11-09;23;262
11;2025-11-10;0;66
11;2025-11-10;1;3
11;2025-11-10;2;0
11;2025-11-10;3;0
11;2025-11-10;4;3
11;2025-11-10;5;289
11;2025-11-10;6;1315
11;2025-11-10;7;2418
11;2025-11-10;8;3167
11;2025-11-10;9;2443
11;2025-11-10;10;1967
11;2025-11-10;11;1906
11;2025-11-10;12;1929
11;2025-11-10;13;2112
11;2025-11-10;14;2066
11;2025-11-10;15;2115
11;2025-11-10;16;2326
11;2025-11-10;17;2772
11;2025-11-10;18;3094
11;2025-11-10;19;2208
11;2025-11-10;20;1468
11;2025-11-10;21;882
11;2025-11-10;22;427
11;2025-11-10;23;227
11;2025-11-11;0;68
11;2025-11-11;1;3
11;2025-11-11;2;0
11;2025-11-11;3;0
11;2025-11-11;4;3
11;2025-11-11;5;297
11;2025-11-11;6;1351
11;2025-11-11;7;2485
11;2025-11-11;8;3255
11;2025-11-11;9;2510
11;2025-11-11;10;2022
11;2025-11-11;11;1958
11;2025-11-11;12;1982
11;2025-11-11;13;2170
11;2025-11-11;14;2123
11;2025-11-11;15;2174
11;2025-11-11;16;2390
11;2025-11-11;17;2849
11;2025-11-11;18;3179
11;2025-11-11;19;2269
11;2025-11-11;20;1508
11;2025-11-11;21;907
11;2025-11-11;22;439
11;2025-11-11;23;233
11;2025-11-12;0;68
11;2025-11-12;1;3
11;2025-11-12;2;0
11;2025-11-12;3;0
11;2025-11-12;4;3
11;2025-11-12;5;297
11;2025-11-12;6;1351
11;2025-11-12;7;2485
11;2025-11-12;8;3255
11;2025-11-12;9;2510
11;2025-11-12;10;2022
11;2025-11-12;11;1958
11;2025-11-12;12;1982
11;2025-11-12;13;2170
11;2025-11-12;14;2123
11;2025-11-12;15;2174
11;2025-11-12;16;2390
11;2025-11-12;17;2849
11;2025-11-12;18;3179
11;2025-11-12;19;2269
11;2025-11-12;20;1508
11;2025-11-12;21;907
11;2025-11-12;22;439
11;2025-11-12;23;233
11;2025-11-13;0;68
11;2025-11-13;1;3
11;2025-11-13;2;0
11;2025-11-13;3;0
11;2025-11-13;4;3
11;2025-11-13;5;297
11;2025-11-13;6;1351
11;2025-11-13;7;2485
11;2025-11-13;8;3255
11;2025-11-13;9;2510
11;2025-11-13;10;2022
11;2025-11-13;11;1958
11;2025-11-13;12;1982
11;2025-11-13;13;2170
11;2025-11-13;14;2123
11;2025-11-13;15;2174
11;2025-11-13;16;2390
11;2025-11-13;17;2849
11;2025-11-13;18;3179
11;2025-11-13;19;2269
11;2025-11-13;20;1508
11;2025-11-13;21;907
11;2025-11-13;22;439
11;2025-11-13;23;233
11;2025-11-14;0;81
11;2025-11-14;1;3
11;2025-11-14;2;0
11;2025-11-14;3;0
11;2025-11-14;4;3
11;2025-11-14;5;297
11;2025-11-14;6;1344
11;2025-11-14;7;2383
11;2025-11-14;8;3171
11;2025-11-14;9;2365
11;2025-11-14;10;1948
11;2025-11-14;11;1885
11;2025-11-14;12;1964
11;2025-11-14;13;2033
11;2025-11-14;14;2162
11;2025-11-14;15;2276
11;2025-11-14;16;2537
11;2025-11-14;17;2940
11;2025-11-14;18;2521
11;2025-11-14;19;1954
11;2025-11-14;20;1438
11;2025-11-14;21;902
11;2025-11-14;22;450
11;2025-11-14;23;320
11;2025-11-15;0;113
11;2025-11-15;1;3
11;2025-11-15;2;0
11;2025-11-15;3;0
11;2025-11-15;4;3
11;2025-11-15;5;182
11;2025-11-15;6;767
11;2025-11-15;7;738
11;2025-11-15;8;995
11;2025-11-15;9;1156
11;2025-11-15;10;1362
11;2025-11-15;11;1776
11;2025-11-15;12;1963
11;2025-11-15;13;1848
11;2025-11-15;14;2023
11;2025-11-15;15;1908
11;2025-11-15;16;1895
11;2025-11-15;17;1839
11;2025-11-15;18;1521
11;2025-11-15;19;1390
11;2025-11-15;20;1066
11;2025-11-15;21;764
11;2025-11-15;22;442
11;2025-11-15;23;303
11;2025-11-16;0;113
11;2025-11-16;1;14
11;2025-11-16;2;0
11;2025-11-16;3;0
11;2025-11-16;4;2
11;2025-11-16;5;122
11;2025-11-16;6;492
11;2025-11-16;7;512
11;2025-11-16;8;686
11;2025-11-16;9;951
11;2025-11-16;10;1087
11;2025-11-16;11;1579
11;2025-11-16;12;1710
11;2025-11-16;13;1642
11;2025-11-16;14;1766
11;2025-11-16;15;1747
11;2025-11-16;16;1662
11;2025-11-16;17;1696
11;2025-11-16;18;1285
11;2025-11-16;19;1052
11;2025-11-16;20;869
11;2025-11-16;21;649
11;2025-11-16;22;368
11;2025-11-16;23;262
11;2025-11-17;0;66
11;2025-11-17;1;3
11;2025-11-17;2;0
11;2025-11-17;3;0
11;2025-11-17;4;3
11;2025-11-17;5;289
11;2025-11-17;6;1315
11;2025-11-17;7;2418
11;2025-11-17;8;3167
11;2025-11-17;9;2443
11;2025-11-17;10;1967
11;2025-11-17;11;1906
11;2025-11-17;12;1929
11;2025-11-17;13;2112
11;2025-11-17;14;2066
11;2025-11-17;15;2115
11;2025-11-17;16;2326
11;2025-11-17;17;2772
11;2025-11-17;18;3094
11;2025-11-17;19;2208
11;2025-11-17;20;1468
11;2025-11-17;21;882
11;2025-11-17;22;427
11;2025-11-17;23;227
11;2025-11-18;0;68
11;2025-11-18;1;3
11;2025-11-18;2;0
11;2025-11-18;3;0
11;2025-11-18;4;3
11;2025-11-18;5;297
11;2025-11-18;6;1351
11;2025-11-18;7;2485
11;2025-11-18;8;3255
11;2025-11-18;9;2510
11;2025-11-18;10;2022
11;2025-11-18;11;1958
11;2025-11-18;12;1982
11;2025-11-18;13;2170
11;2025-11-18;14;2123
11;2025-11-18;15;2174
11;2025-11-18;16;2390
11;2025-11-18;17;2849
11;2025-11-18;18;3179
11;2025-11-18;19;2269
11;2025-11-18;20;1508
11;2025-11-18;21;907
11;2025-11-18;22;439
11;2025-11-18;23;233
11;2025-11-19;0;68
11;2025-11-19;1;3
11;2025-11-19;2;0
11;2025-11-19;3;0
11;2025-11-19;4;3
11;2025-11-19;5;297
11;2025-11-19;6;1351
11;2025-11-19;7;2485
11;2025-11-19;8;3255
11;2025-11-19;9;2510
11;2025-11-19;10;2022
11;2025-11-19;11;1958
11;2025-11-19;12;1982
11;2025-11-19;13;2170
11;2025-11-19;14;2123
11;2025-11-19;15;2174
11;2025-11-19;16;2390
11;2025-11-19;17;2849
11;2025-11-19;18;3179
11;2025-11-19;19;2269
11;2025-11-19;20;1508
11;2025-11-19;21;907
11;2025-11-19;22;439
11;2025-11-19;23;233
11;2025-11-20;0;68
11;2025-11-20;1;3
11;2025-11-20;2;0
11;2025-11-20;3;0
11;2025-11-20;4;3
11;2025-11-20;5;297
11;2025-11-20;6;1351
11;2025-11-20;7;2485
11;2025-11-20;8;3255
11;2025-11-20;9;2510
11;2025-11-20;10;2022
11;2025-11-20;11;1958
11;2025-11-20;12;1982
11;2025-11-20;13;2170
11;2025-11-20;14;2123
11;2025-11-20;15;2174
11;2025-11-20;16;2390
11;2025-11-20;17;2849
11;2025-11-20;18;3179
11;2025-11-20;19;2269
11;2025-11-20;20;1508
11;2025-11-20;21;907
11;2025-11-20;22;439
11;2025-11-20;23;233
11;2025-11-21;0;81
11;2025-11-21;1;3
11;2025-11-21;2;0
11;2025-11-21;3;0
11;2025-11-21;4;3
11;2025-11-21;5;297
11;2025-11-21;6;1344
11;2025-11-21;7;2383
11;2025-11-21;8;3171
11;2025-11-21;9;2365
11;2025-11-21;10;1948
11;2025-11-21;11;1885
11;2025-11-21;12;1964
11;2025-11-21;13;2033
11;2025-11-21;14;2162
11;2025-11-21;15;2276
11;2025-11-21;16;2537
11;2025-11-21;17;2940
11;2025-11-21;18;2521
11;2025-11-21;19;1954
11;2025-11-21;20;1438
11;2025-11-21;21;902
11;2025-11-21;22;450
11;2025-11-21;23;320
11;2025-11-22;0;113
11;2025-11-22;1;3
11;2025-11-22;2;0
11;2025-11-22;3;0
11;2025-11-22;4;3
11;2025-11-22;5;182
11;2025-11-22;6;767
11;2025-11-22;7;738
11;2025-11-22;8;995
11;2025-11-22;9;1156
11;2025-11-22;10;1362
11;2025-11-22;11;1776
11;2025-11-22;12;1963
11;2025-11-22;13;1848
11;2025-11-22;14;2023
11;2025-11-22;15;1908
11;2025-11-22;16;1895
11;2025-11-22;17;1839
11;2025-11-22;18;1521
11;2025-11-22;19;1390
11;2025-11-22;20;1066
11;2025-11-22;21;764
11;2025-11-22;22;442
11;2025-11-22;23;303
11;2025-11-23;0;113
11;2025-11-23;1;14
11;2025-11-23;2;0
11;2025-11-23;3;0
11;2025-11-23;4;2
11;2025-11-23;5;122
11;2025-11-23;6;492
11;2025-11-23;7;512
11;2025-11-23;8;686
11;2025-11-23;9;951
11;2025-11-23;10;1087
11;2025-11-23;11;1579
11;2025-11-23;12;1710
11;2025-11-23;13;1642
11;2025-11-23;14;1766
11;2025-11-23;15;1747
11;2025-11-23;16;1662
11;2025-11-23;17;1696
11;2025-11-23;18;1285
11;2025-11-23;19;1052
11;2025-11-23;20;869
11;2025-11-23;21;649
11;2025-11-23;22;368
11;2025-11-23;23;262
11;2025-11-24;0;66
11;2025-11-24;1;3
11;2025-11-24;2;0
11;2025-11-24;3;0
11;2025-11-24;4;3
11;2025-11-24;5;289
11;2025-11-24;6;1315
11;2025-11-24;7;2418
11;2025-11-24;8;3167
11;2025-11-24;9;2443
11;2025-11-24;10;1967
11;2025-11-24;11;1906
11;2025-11-24;12;1929
11;2025-11-24;13;2112
11;2025-11-24;14;2066
11;2025-11-24;15;2115
11;2025-11-24;16;2326
11;2025-11-24;17;2772
11;2025-11-24;18;3094
11;2025-11-24;19;2208
11;2025-11-24;20;1468
11;2025-11-24;21;882
11;2025-11-24;22;427
11;2025-11-24;23;227
11;2025-11-25;0;68
11;2025-11-25;1;3
11;2025-11-25;2;0
11;2025-11-25;3;0
11;2025-11-25;4;3
11;2025-11-25;5;297
11;2025-11-25;6;1351
11;2025-11-25;7;2485
11;2025-11-25;8;3255
11;2025-11-25;9;2510
11;2025-11-25;10;2022
11;2025-11-25;11;1958
11;2025-11-25;12;1982
11;2025-11-25;13;2170
11;2025-11-25;14;2123
11;2025-11-25;15;2174
11;2025-11-25;16;2390
11;2025-11-25;17;2849
11;2025-11-25;18;3179
11;2025-11-25;19;2269
11;2025-11-25;20;1508
11;2025-11-25;21;907
11;2025-11-25;22;439
11;2025-11-25;23;233
11;2025-11-26;0;68
11;2025-11-26;1;3
11;2025-11-26;2;0
11;2025-11-26;3;0
11;2025-11-26;4;3
11;2025-11-26;5;297
11;2025-11-26;6;1351
11;2025-11-26;7;2485
11;2025-11-26;8;3255
11;2025-11-26;9;2510
11;2025-11-26;10;2022
11;2025-11-26;11;1958
11;2025-11-26;12;1982
11;2025-11-26;13;2170
11;2025-11-26;14;2123
11;2025-11-26;15;2174
11;2025-11-26;16;2390
11;2025-11-26;17;2849
11;2025-11-26;18;3179
11;2025-11-26;19;2269
11;2025-11-26;20;1508
11;2025-11-26;21;907
11;2025-11-26;22;439
11;2025-11-26;23;233
11;2025-11-27;0;68
11;2025-11-27;1;3
11;2025-11-27;2;0
11;2025-11-27;3;0
11;2025-11-27;4;3
11;2025-11-27;5;297
11;2025-11-27;6;1351
11;2025-11-27;7;2485
11;2025-11-27;8;3255
11;2025-11-27;9;2510
11;2025-11-27;10;2022
11;2025-11-27;11;1958
11;2025-11-27;12;1982
11;2025-11-27;13;2170
11;2025-11-27;14;2123
11;2025-11-27;15;2174
11;2025-11-27;16;2390
11;2025-11-27;17;2849
11;2025-11-27;18;3179
11;2025-11-27;19;2269
11;2025-11-27;20;1508
11;2025-11-27;21;907
11;2025-11-27;22;439
11;2025-11-27;23;233
11;2025-11-28;0;81
11;2025-11-28;1;3
11;2025-11-28;2;0
11;2025-11-28;3;0
11;2025-11-28;4;3
11;2025-11-28;5;297
11;2025-11-28;6;1344
11;2025-11-28;7;2383
11;2025-11-28;8;3171
11;2025-11-28;9;2365
11;2025-11-28;10;1948
11;2025-11-28;11;1885
11;2025-11-28;12;1964
11;2025-11-28;13;2033
11;2025-11-28;14;2162
11;2025-11-28;15;2276
11;2025-11-28;16;2537
11;2025-11-28;17;2940
11;2025-11-28;18;2521
11;2025-11-28;19;1954
11;2025-11-28;20;1438
11;2025-11-28;21;902
11;2025-11-28;22;450
11;2025-11-28;23;320
11;2025-11-29;0;113
11;2025-11-29;1;3
11;2025-11-29;2;0
11;2025-11-29;3;0
11;2025-11-29;4;3
11;2025-11-29;5;182
11;2025-11-29;6;767
11;2025-11-29;7;738
11;2025-11-29;8;995
11;2025-11-29;9;1156
11;2025-11-29;10;1362
11;2025-11-29;11;1776
11;2025-11-29;12;1963
11;2025-11-29;13;1848
11;2025-11-29;14;2023
11;2025-11-29;15;1908
11;2025-11-29;16;1895
11;2025-11-29;17;1839
11;2025-11-29;18;1521
11;2025-11-29;19;1390
11;2025-11-29;20;1066
11;2025-11-29;21;764
11;2025-11-29;22;442
11;2025-11-29;23;303
11;2025-11-30;0;113
11;2025-11-30;1;14
11;2025-11-30;2;0
11;2025-11-30;3;0
11;2025-11-30;4;2
11;2025-11-30;5;122
11;2025-11-30;6;492
11;2025-11-30;7;512
11;2025-11-30;8;686
11;2025-11-30;9;951
11;2025-11-30;10;1087
11;2025-11-30;11;1579
11;2025-11-30;12;1710
11;2025-11-30;13;1642
11;2025-11-30;14;1766
11;2025-11-30;15;1747
11;2025-11-30;16;1662
11;2025-11-30;17;1696
11;2025-11-30;18;1285
11;2025-11-30;19;1052
11;2025-11-30;20;869
11;2025-11-30;21;649
11;2025-11-30;22;368
11;2025-11-30;23;262
11;2025-12-01;0;66
11;2025-12-01;1;3
11;2025-12-01;2;0
11;2025-12-01;3;0
11;2025-12-01;4;4
11;2025-12-01;5;291
11;2025-12-01;6;1284
11;2025-12-01;7;2358
11;2025-12-01;8;3091
11;2025-12-01;9;2395
11;2025-12-01;10;1904
11;2025-12-01;11;1857
11;2025-12-01;12;1874
11;2025-12-01;13;2065
11;2025-12-01;14;2017
11;2025-12-01;15;2094
11;2025-12-01;16;2294
11;2025-12-01;17;2725
11;2025-12-01;18;3040
11;2025-12-01;19;2168
11;2025-12-01;20;1446
11;2025-12-01;21;875
11;2025-12-01;22;428
11;2025-12-01;23;220
11;2025-12-02;0;68
11;2025-12-02;1;3
11;2025-12-02;2;0
11;2025-12-02;3;0
11;2025-12-02;4;4
11;2025-12-02;5;299
11;2025-12-02;6;1319
11;2025-12-02;7;2423
11;2025-12-02;8;3176
11;2025-12-02;9;2461
11;2025-12-02;10;1957
11;2025-12-02;11;1909
11;2025-12-02;12;1926
11;2025-12-02;13;2122
11;2025-12-02;14;2072
11;2025-12-02;15;2152
11;2025-12-02;16;2357
11;2025-12-02;17;2801
11;2025-12-02;18;3123
11;2025-12-02;19;2228
11;2025-12-02;20;1487
11;2025-12-02;21;900
11;2025-12-02;22;440
11;2025-12-02;23;225
11;2025-12-03;0;68
11;2025-12-03;1;3
11;2025-12-03;2;0
11;2025-12-03;3;0
11;2025-12-03;4;4
11;2025-12-03;5;299
11;2025-12-03;6;1319
11;2025-12-03;7;2423
11;2025-12-03;8;3176
11;2025-12-03;9;2461
11;2025-12-03;10;1957
11;2025-12-03;11;1909
11;2025-12-03;12;1926
11;2025-12-03;13;2122
11;2025-12-03;14;2072
11;2025-12-03;15;2152
11;2025-12-03;16;2357
11;2025-12-03;17;2801
11;2025-12-03;18;3123
11;2025-12-03;19;2228
11;2025-12-03;20;1487
11;2025-12-03;21;900
11;2025-12-03;22;440
11;2025-12-03;23;225
11;2025-12-04;0;68
11;2025-12-04;1;3
11;2025-12-04;2;0
11;2025-12-04;3;0
11;2025-12-04;4;4
11;2025-12-04;5;299
11;2025-12-04;6;1319
11;2025-12-04;7;2423
11;2025-12-04;8;3176
11;2025-12-04;9;2461
11;2025-12-04;10;1957
11;2025-12-04;11;1909
11;2025-12-04;12;1926
11;2025-12-04;13;2122
11;2025-12-04;14;2072
11;2025-12-04;15;2152
11;2025-12-04;16;2357
11;2025-12-04;17;2801
11;2025-12-04;18;3123
11;2025-12-04;19;2228
11;2025-12-04;20;1487
11;2025-12-04;21;900
11;2025-12-04;22;440
11;2025-12-04;23;225
11;2025-12-05;0;80
11;2025-12-05;1;4
11;2025-12-05;2;0
11;2025-12-05;3;0
11;2025-12-05;4;3
11;2025-12-05;5;296
11;2025-12-05;6;1312
11;2025-12-05;7;2310
11;2025-12-05;8;3061
11;2025-12-05;9;2329
11;2025-12-05;10;1904
11;2025-12-05;11;1851
11;2025-12-05;12;1913
11;2025-12-05;13;2001
11;2025-12-05;14;2108
11;2025-12-05;15;2246
11;2025-12-05;16;2506
11;2025-12-05;17;2876
11;2025-12-05;18;2479
11;2025-12-05;19;1935
11;2025-12-05;20;1414
11;2025-12-05;21;889
11;2025-12-05;22;452
11;2025-12-05;23;306
11;2025-12-06;0;111
11;2025-12-06;1;3
11;2025-12-06;2;0
11;2025-12-06;3;0
11;2025-12-06;4;3
11;2025-12-06;5;179
11;2025-12-06;6;731
11;2025-12-06;7;714
11;2025-12-06;8;959
11;2025-12-06;9;1124
11;2025-12-06;10;1311
11;2025-12-06;11;1731
11;2025-12-06;12;1901
11;2025-12-06;13;1794
11;2025-12-06;14;1950
11;2025-12-06;15;1846
11;2025-12-06;16;1855
11;2025-12-06;17;1784
11;2025-12-06;18;1487
11;2025-12-06;19;1343
11;2025-12-06;20;1049
11;2025-12-06;21;750
11;2025-12-06;22;432
11;2025-12-06;23;298
11;2025-12-07;0;109
11;2025-12-07;1;14
11;2025-12-07;2;0
11;2025-12-07;3;0
11;2025-12-07;4;2
11;2025-12-07;5;120
11;2025-12-07;6;471
11;2025-12-07;7;497
11;2025-12-07;8;659
11;2025-12-07;9;917
11;2025-12-07;10;1050
11;2025-12-07;11;1521
11;2025-12-07;12;1657
11;2025-12-07;13;1591
11;2025-12-07;14;1712
11;2025-12-07;15;1696
11;2025-12-07;16;1617
11;2025-12-07;17;1635
11;2025-12-07;18;1246
11;2025-12-07;19;1025
11;2025-12-07;20;851
11;2025-12-07;21;632
11;2025-12-07;22;356
11;2025-12-07;23;255
11;2025-12-08;0;66
11;2025-12-08;1;3
11;2025-12-08;2;0
11;2025-12-08;3;0
11;2025-12-08;4;4
11;2025-12-08;5;291
11;2025-12-08;6;1284
11;2025-12-08;7;2358
11;2025-12-08;8;3091
11;2025-12-08;9;2395
11;2025-12-08;10;1904
11;2025-12-08;11;1857
11;2025-12-08;12;1874
11;2025-12-08;13;2065
11;2025-12-08;14;2017
11;2025-12-08;15;2094
11;2025-12-08;16;2294
11;2025-12-08;17;2725
11;2025-12-08;18;3040
11;2025-12-08;19;2168
11;2025-12-08;20;1446
11;2025-12-08;21;875
11;2025-12-08;22;428
11;2025-12-08;23;220
11;2025-12-09;0;68
11;2025-12-09;1;3
11;2025-12-09;2;0
11;2025-12-09;3;0
11;2025-12-09;4;4
11;2025-12-09;5;299
11;2025-12-09;6;1319
11;2025-12-09;7;2423
11;2025-12-09;8;3176
11;2025-12-09;9;2461
11;2025-12-09;10;1957
11;2025-12-09;11;1909
11;2025-12-09;12;1926
11;2025-12-09;13;2122
11;2025-12-09;14;2072
11;2025-12-09;15;2152
11;2025-12-09;16;2357
11;2025-12-09;17;2801
11;2025-12-09;18;3123
11;2025-12-09;19;2228
11;2025-12-09;20;1487
11;2025-12-09;21;900
11;2025-12-09;22;440
11;2025-12-09;23;225
11;2025-12-10;0;68
11;2025-12-10;1;3
11;2025-12-10;2;0
11;2025-12-10;3;0
11;2025-12-10;4;4
11;2025-12-10;5;299
11;2025-12-10;6;1319
11;2025-12-10;7;2423
11;2025-12-10;8;3176
11;2025-12-10;9;2461
11;2025-12-10;10;1957
11;2025-12-10;11;1909
11;2025-12-10;12;1926
11;2025-12-10;13;2122
11;2025-12-10;14;2072
11;2025-12-10;15;2152
11;2025-12-10;16;2357
11;2025-12-10;17;2801
11;2025-12-10;18;3123
11;2025-12-10;19;2228
11;2025-12-10;20;1487
11;2025-12-10;21;900
11;2025-12-10;22;440
11;2025-12-10;23;225
11;2025-12-11;0;68
11;2025-12-11;1;3
11;2025-12-11;2;0
11;2025-12-11;3;0
11;2025-12-11;4;4
11;2025-12-11;5;299
11;2025-12-11;6;1319
11;2025-12-11;7;2423
11;2025-12-11;8;3176
11;2025-12-11;9;2461
11;2025-12-11;10;1957
11;2025-12-11;11;1909
11;2025-12-11;12;1926
11;2025-12-11;13;2122
11;2025-12-11;14;2072
11;2025-12-11;15;2152
11;2025-12-11;16;2357
11;2025-12-11;17;2801
11;2025-12-11;18;3123
11;2025-12-11;19;2228
11;2025-12-11;20;1487
11;2025-12-11;21;900
11;2025-12-11;22;440
11;2025-12-11;23;225
11;2025-12-12;0;80
11;2025-12-12;1;4
11;2025-12-12;2;0
11;2025-12-12;3;0
11;2025-12-12;4;3
11;2025-12-12;5;296
11;2025-12-12;6;1312
11;2025-12-12;7;2310
11;2025-12-12;8;3061
11;2025-12-12;9;2329
11;2025-12-12;10;1904
11;2025-12-12;11;1851
11;2025-12-12;12;1913
11;2025-12-12;13;2001
11;2025-12-12;14;2108
11;2025-12-12;15;2246
11;2025-12-12;16;2506
11;2025-12-12;17;2876
11;2025-12-12;18;2479
11;2025-12-12;19;1935
11;2025-12-12;20;1414
11;2025-12-12;21;889
11;2025-12-12;22;452
11;2025-12-12;23;306
11;2025-12-13;0;111
11;2025-12-13;1;3
11;2025-12-13;2;0
11;2025-12-13;3;0
11;2025-12-13;4;3
11;2025-12-13;5;179
11;2025-12-13;6;731
11;2025-12-13;7;714
11;2025-12-13;8;959
11;2025-12-13;9;1124
11;2025-12-13;10;1311
11;2025-12-13;11;1731
11;2025-12-13;12;1901
11;2025-12-13;13;1794
11;2025-12-13;14;1950
11;2025-12-13;15;1846
11;2025-12-13;16;1855
11;2025-12-13;17;1784
11;2025-12-13;18;1487
11;2025-12-13;19;1343
11;2025-12-13;20;1049
11;2025-12-13;21;750
11;2025-12-13;22;432
11;2025-12-13;23;298
11;2025-12-14;0;109
11;2025-12-14;1;14
11;2025-12-14;2;0
11;2025-12-14;3;0
11;2025-12-14;4;2
11;2025-12-14;5;120
11;2025-12-14;6;471
11;2025-12-14;7;497
11;2025-12-14;8;659
11;2025-12-14;9;917
11;2025-12-14;10;1050
11;2025-12-14;11;1521
11;2025-12-14;12;1657
11;2025-12-14;13;1591
11;2025-12-14;14;1712
11;2025-12-14;15;1696
11;2025-12-14;16;1617
11;2025-12-14;17;1635
11;2025-12-14;18;1246
11;2025-12-14;19;1025
11;2025-12-14;20;851
11;2025-12-14;21;632
11;2025-12-14;22;356
11;2025-12-14;23;255
11;2025-12-15;0;66
11;2025-12-15;1;3
11;2025-12-15;2;0
11;2025-12-15;3;0
11;2025-12-15;4;4
11;2025-12-15;5;291
11;2025-12-15;6;1284
11;2025-12-15;7;2358
11;2025-12-15;8;3091
11;2025-12-15;9;2395
11;2025-12-15;10;1904
11;2025-12-15;11;1857
11;2025-12-15;12;1874
11;2025-12-15;13;2065
11;2025-12-15;14;2017
11;2025-12-15;15;2094
11;2025-12-15;16;2294
11;2025-12-15;17;2725
11;2025-12-15;18;3040
11;2025-12-15;19;2168
11;2025-12-15;20;1446
11;2025-12-15;21;875
11;2025-12-15;22;428
11;2025-12-15;23;220
11;2025-12-16;0;68
11;2025-12-16;1;3
11;2025-12-16;2;0
11;2025-12-16;3;0
11;2025-12-16;4;4
11;2025-12-16;5;299
11;2025-12-16;6;1319
11;2025-12-16;7;2423
11;2025-12-16;8;3176
11;2025-12-16;9;2461
11;2025-12-16;10;1957
11;2025-12-16;11;1909
11;2025-12-16;12;1926
11;2025-12-16;13;2122
11;2025-12-16;14;2072
11;2025-12-16;15;2152
11;2025-12-16;16;2357
11;2025-12-16;17;2801
11;2025-12-16;18;3123
11;2025-12-16;19;2228
11;2025-12-16;20;1487
11;2025-12-16;21;900
11;2025-12-16;22;440
11;2025-12-16;23;225
11;2025-12-17;0;68
11;2025-12-17;1;3
11;2025-12-17;2;0
11;2025-12-17;3;0
11;2025-12-17;4;4
11;2025-12-17;5;299
11;2025-12-17;6;1319
11;2025-12-17;7;2423
11;2025-12-17;8;3176
11;2025-12-17;9;2461
11;2025-12-17;10;1957
11;2025-12-17;11;1909
11;2025-12-17;12;1926
11;2025-12-17;13;2122
11;2025-12-17;14;2072
11;2025-12-17;15;2152
11;2025-12-17;16;2357
11;2025-12-17;17;2801
11;2025-12-17;18;3123
11;2025-12-17;19;2228
11;2025-12-17;20;1487
11;2025-12-17;21;900
11;2025-12-17;22;440
11;2025-12-17;23;225
11;2025-12-18;0;68
11;2025-12-18;1;3
11;2025-12-18;2;0
11;2025-12-18;3;0
11;2025-12-18;4;4
11;2025-12-18;5;299
11;2025-12-18;6;1319
11;2025-12-18;7;2423
11;2025-12-18;8;3176
11;2025-12-18;9;2461
11;2025-12-18;10;1957
11;2025-12-18;11;1909
11;2025-12-18;12;1926
11;2025-12-18;13;2122
11;2025-12-18;14;2072
11;2025-12-18;15;2152
11;2025-12-18;16;2357
11;2025-12-18;17;2801
11;2025-12-18;18;3123
11;2025-12-18;19;2228
11;2025-12-18;20;1487
11;2025-12-18;21;900
11;2025-12-18;22;440
11;2025-12-18;23;225
11;2025-12-19;0;80
11;2025-12-19;1;4
11;2025-12-19;2;0
11;2025-12-19;3;0
11;2025-12-19;4;3
11;2025-12-19;5;296
11;2025-12-19;6;1312
11;2025-12-19;7;2310
11;2025-12-19;8;3061
11;2025-12-19;9;2329
11;2025-12-19;10;1904
11;2025-12-19;11;1851
11;2025-12-19;12;1913
11;2025-12-19;13;2001
11;2025-12-19;14;2108
11;2025-12-19;15;2246
11;2025-12-19;16;2506
11;2025-12-19;17;2876
11;2025-12-19;18;2479
11;2025-12-19;19;1935
11;2025-12-19;20;1414
11;2025-12-19;21;889
11;2025-12-19;22;452
11;2025-12-19;23;306
11;2025-12-20;0;111
11;2025-12-20;1;3
11;2025-12-20;2;0
11;2025-12-20;3;0
11;2025-12-20;4;3
11;2025-12-20;5;179
11;2025-12-20;6;731
11;2025-12-20;7;714
11;2025-12-20;8;959
11;2025-12-20;9;1124
11;2025-12-20;10;1311
11;2025-12-20;11;1731
11;2025-12-20;12;1901
11;2025-12-20;13;1794
11;2025-12-20;14;1950
11;2025-12-20;15;1846
11;2025-12-20;16;1855
11;2025-12-20;17;1784
11;2025-12-20;18;1487
11;2025-12-20;19;1343
11;2025-12-20;20;1049
11;2025-12-20;21;750
11;2025-12-20;22;432
11;2025-12-20;23;298
11;2025-12-21;0;109
11;2025-12-21;1;14
11;2025-12-21;2;0
11;2025-12-21;3;0
11;2025-12-21;4;2
11;2025-12-21;5;120
11;2025-12-21;6;471
11;2025-12-21;7;497
11;2025-12-21;8;659
11;2025-12-21;9;917
11;2025-12-21;10;1050
11;2025-12-21;11;1521
11;2025-12-21;12;1657
11;2025-12-21;13;1591
11;2025-12-21;14;1712
11;2025-12-21;15;1696
11;2025-12-21;16;1617
11;2025-12-21;17;1635
11;2025-12-21;18;1246
11;2025-12-21;19;1025
11;2025-12-21;20;851
11;2025-12-21;21;632
11;2025-12-21;22;356
11;2025-12-21;23;255
11;2025-12-22;0;66
11;2025-12-22;1;3
11;2025-12-22;2;0
11;2025-12-22;3;0
11;2025-12-22;4;4
11;2025-12-22;5;291
11;2025-12-22;6;1284
11;2025-12-22;7;2358
11;2025-12-22;8;3091
11;2025-12-22;9;2395
11;2025-12-22;10;1904
11;2025-12-22;11;1857
11;2025-12-22;12;1874
11;2025-12-22;13;2065
11;2025-12-22;14;2017
11;2025-12-22;15;2094
11;2025-12-22;16;2294
11;2025-12-22;17;2725
11;2025-12-22;18;3040
11;2025-12-22;19;2168
11;2025-12-22;20;1446
11;2025-12-22;21;875
11;2025-12-22;22;428
11;2025-12-22;23;220
11;2025-12-23;0;68
11;2025-12-23;1;3
11;2025-12-23;2;0
11;2025-12-23;3;0
11;2025-12-23;4;4
11;2025-12-23;5;299
11;2025-12-23;6;1319
11;2025-12-23;7;2423
11;2025-12-23;8;3176
11;2025-12-23;9;2461
11;2025-12-23;10;1957
11;2025-12-23;11;1909
11;2025-12-23;12;1926
11;2025-12-23;13;2122
11;2025-12-23;14;2072
11;2025-12-23;15;2152
11;2025-12-23;16;2357
11;2025-12-23;17;2801
11;2025-12-23;18;3123
11;2025-12-23;19;2228
11;2025-12-23;20;1487
11;2025-12-23;21;900
11;2025-12-23;22;440
11;2025-12-23;23;225
11;2025-12-24;0;68
11;2025-12-24;1;3
11;2025-12-24;2;0
11;2025-12-24;3;0
11;2025-12-24;4;4
11;2025-12-24;5;299
11;2025-12-24;6;1319
11;2025-12-24;7;2423
11;2025-12-24;8;3176
11;2025-12-24;9;2461
11;2025-12-24;10;1957
11;2025-12-24;11;1909
11;2025-12-24;12;1926
11;2025-12-24;13;2122
11;2025-12-24;14;2072
11;2025-12-24;15;2152
11;2025-12-24;16;2357
11;2025-12-24;17;2801
11;2025-12-24;18;3123
11;2025-12-24;19;2228
11;2025-12-24;20;1487
11;2025-12-24;21;900
11;2025-12-24;22;440
11;2025-12-24;23;225
11;2025-12-25;0;68
11;2025-12-25;1;3
11;2025-12-25;2;0
11;2025-12-25;3;0
11;2025-12-25;4;4
11;2025-12-25;5;299
11;2025-12-25;6;1319
11;2025-12-25;7;2423
11;2025-12-25;8;3176
11;2025-12-25;9;2461
11;2025-12-25;10;1957
11;2025-12-25;11;1909
11;2025-12-25;12;1926
11;2025-12-25;13;2122
11;2025-12-25;14;2072
11;2025-12-25;15;2152
11;2025-12-25;16;2357
11;2025-12-25;17;2801
11;2025-12-25;18;3123
11;2025-12-25;19;2228
11;2025-12-25;20;1487
11;2025-12-25;21;900
11;2025-12-25;22;440
11;2025-12-25;23;225
11;2025-12-26;0;80
11;2025-12-26;1;4
11;2025-12-26;2;0
11;2025-12-26;3;0
11;2025-12-26;4;3
11;2025-12-26;5;296
11;2025-12-26;6;1312
11;2025-12-26;7;2310
11;2025-12-26;8;3061
11;2025-12-26;9;2329
11;2025-12-26;10;1904
11;2025-12-26;11;1851
11;2025-12-26;12;1913
11;2025-12-26;13;2001
11;2025-12-26;14;2108
11;2025-12-26;15;2246
11;2025-12-26;16;2506
11;2025-12-26;17;2876
11;2025-12-26;18;2479
11;2025-12-26;19;1935
11;2025-12-26;20;1414
11;2025-12-26;21;889
11;2025-12-26;22;452
11;2025-12-26;23;306
11;2025-12-27;0;111
11;2025-12-27;1;3
11;2025-12-27;2;0
11;2025-12-27;3;0
11;2025-12-27;4;3
11;2025-12-27;5;179
11;2025-12-27;6;731
11;2025-12-27;7;714
11;2025-12-27;8;959
11;2025-12-27;9;1124
11;2025-12-27;10;1311
11;2025-12-27;11;1731
11;2025-12-27;12;1901
11;2025-12-27;13;1794
11;2025-12-27;14;1950
11;2025-12-27;15;1846
11;2025-12-27;16;1855
11;2025-12-27;17;1784
11;2025-12-27;18;1487
11;2025-12-27;19;1343
11;2025-12-27;20;1049
11;2025-12-27;21;750
11;2025-12-27;22;432
11;2025-12-27;23;298
11;2025-12-28;0;109
11;2025-12-28;1;14
11;2025-12-28;2;0
11;2025-12-28;3;0
11;2025-12-28;4;2
11;2025-12-28;5;120
11;2025-12-28;6;471
11;2025-12-28;7;497
11;2025-12-28;8;659
11;2025-12-28;9;917
11;2025-12-28;10;1050
11;2025-12-28;11;1521
11;2025-12-28;12;1657
11;2025-12-28;13;1591
11;2025-12-28;14;1712
11;2025-12-28;15;1696
11;2025-12-28;16;1617
11;2025-12-28;17;1635
11;2025-12-28;18;1246
11;2025-12-28;19;1025
11;2025-12-28;20;851
11;2025-12-28;21;632
11;2025-12-28;22;356
11;2025-12-28;23;255
11;2025-12-29;0;59
11;2025-12-29;1;2
11;2025-12-29;2;0
11;2025-12-29;3;0
11;2025-12-29;4;3
11;2025-12-29;5;262
11;2025-12-29;6;1155
11;2025-12-29;7;2122
11;2025-12-29;8;2782
11;2025-12-29;9;2156
11;2025-12-29;10;1714
11;2025-12-29;11;1672
11;2025-12-29;12;1687
11;2025-12-29;13;1858
11;2025-12-29;14;1815
11;2025-12-29;15;1886
11;2025-12-29;16;2065
11;2025-12-29;17;2453
11;2025-12-29;18;2736
11;2025-12-29;19;1951
11;2025-12-29;20;1302
11;2025-12-29;21;788
11;2025-12-29;22;385
11;2025-12-29;23;197
11;2025-12-30;0;58
11;2025-12-30;1;2
11;2025-12-30;2;0
11;2025-12-30;3;0
11;2025-12-30;4;3
11;2025-12-30;5;254
11;2025-12-30;6;1121
11;2025-12-30;7;2059
11;2025-12-30;8;2700
11;2025-12-30;9;2092
11;2025-12-30;10;1663
11;2025-12-30;11;1622
11;2025-12-30;12;1637
11;2025-12-30;13;1803
11;2025-12-30;14;1761
11;2025-12-30;15;1830
11;2025-12-30;16;2003
11;2025-12-30;17;2380
11;2025-12-30;18;2655
11;2025-12-30;19;1893
11;2025-12-30;20;1263
11;2025-12-30;21;764
11;2025-12-30;22;373
11;2025-12-30;23;191
11;2025-12-31;0;60
11;2025-12-31;1;2
11;2025-12-31;2;0
11;2025-12-31;3;0
11;2025-12-31;4;2
11;2025-12-31;5;97
11;2025-12-31;6;395
11;2025-12-31;7;386
11;2025-12-31;8;518
11;2025-12-31;9;608
11;2025-12-31;10;710
11;2025-12-31;11;936
11;2025-12-31;12;1028
11;2025-12-31;13;970
11;2025-12-31;14;1054
11;2025-12-31;15;999
11;2025-12-31;16;1004
11;2025-12-31;17;964
11;2025-12-31;18;805
11;2025-12-31;19;726
11;2025-12-31;20;56
11;2025-12-31;21;40
11;2025-12-31;22;23
11;2025-12-31;23;16
12;2025-11-01;0;30
12;2025-11-01;1;3
12;2025-11-01;2;0
12;2025-11-01;3;0
12;2025-11-01;4;4
12;2025-11-01;5;268
12;2025-11-01;6;1167
12;2025-11-01;7;2297
12;2025-11-01;8;2941
12;2025-11-01;9;2065
12;2025-11-01;10;1728
12;2025-11-01;11;1744
12;2025-11-01;12;1785
12;2025-11-01;13;1871
12;2025-11-01;14;1853
12;2025-11-01;15;2105
12;2025-11-01;16;2697
12;2025-11-01;17;2548
12;2025-11-01;18;2237
12;2025-11-01;19;1842
12;2025-11-01;20;1263
12;2025-11-01;21;874
12;2025-11-01;22;448
12;2025-11-01;23;275
12;2025-11-02;0;89
12;2025-11-02;1;6
12;2025-11-02;2;0
12;2025-11-02;3;0
12;2025-11-02;4;3
12;2025-11-02;5;138
12;2025-11-02;6;504
12;2025-11-02;7;631
12;2025-11-02;8;707
12;2025-11-02;9;924
12;2025-11-02;10;1181
12;2025-11-02;11;1317
12;2025-11-02;12;1398
12;2025-11-02;13;1644
12;2025-11-02;14;1532
12;2025-11-02;15;1478
12;2025-11-02;16;1520
12;2025-11-02;17;1480
12;2025-11-02;18;1263
12;2025-11-02;19;973
12;2025-11-02;20;753
12;2025-11-02;21;587
12;2025-11-02;22;391
12;2025-11-02;23;205
12;2025-11-03;0;73
12;2025-11-03;1;5
12;2025-11-03;2;0
12;2025-11-03;3;0
12;2025-11-03;4;2
12;2025-11-03;5;150
12;2025-11-03;6;547
12;2025-11-03;7;647
12;2025-11-03;8;726
12;2025-11-03;9;911
12;2025-11-03;10;1143
12;2025-11-03;11;1252
12;2025-11-03;12;1298
12;2025-11-03;13;1531
12;2025-11-03;14;1393
12;2025-11-03;15;1342
12;2025-11-03;16;1397
12;2025-11-03;17;1323
12;2025-11-03;18;1196
12;2025-11-03;19;992
12;2025-11-03;20;735
12;2025-11-03;21;558
12;2025-11-03;22;350
12;2025-11-03;23;214
12;2025-11-04;0;73
12;2025-11-04;1;5
12;2025-11-04;2;0
12;2025-11-04;3;0
12;2025-11-04;4;2
12;2025-11-04;5;150
12;2025-11-04;6;547
12;2025-11-04;7;647
12;2025-11-04;8;726
12;2025-11-04;9;911
12;2025-11-04;10;1143
12;2025-11-04;11;1252
12;2025-11-04;12;1298
12;2025-11-04;13;1531
12;2025-11-04;14;1393
12;2025-11-04;15;1342
12;2025-11-04;16;1397
12;2025-11-04;17;1323
12;2025-11-04;18;1196
12;2025-11-04;19;992
12;2025-11-04;20;735
12;2025-11-04;21;558
12;2025-11-04;22;350
12;2025-11-04;23;214
12;2025-11-05;0;53
12;2025-11-05;1;2
12;2025-11-05;2;0
12;2025-11-05;3;0
12;2025-11-05;4;6
12;2025-11-05;5;317
12;2025-11-05;6;1369
12;2025-11-05;7;2679
12;2025-11-05;8;3581
12;2025-11-05;9;2455
12;2025-11-05;10;2107
12;2025-11-05;11;2018
12;2025-11-05;12;2103
12;2025-11-05;13;2078
12;2025-11-05;14;2068
12;2025-11-05;15;2299
12;2025-11-05;16;2812
12;2025-11-05;17;2976
12;2025-11-05;18;3131
12;2025-11-05;19;2392
12;2025-11-05;20;1563
12;2025-11-05;21;945
12;2025-11-05;22;481
12;2025-11-05;23;253
12;2025-11-06;0;53
12;2025-11-06;1;2
12;2025-11-06;2;0
12;2025-11-06;3;0
12;2025-11-06;4;6
12;2025-11-06;5;317
12;2025-11-06;6;1369
12;2025-11-06;7;2679
12;2025-11-06;8;3581
12;2025-11-06;9;2455
12;2025-11-06;10;2107
12;2025-11-06;11;2018
12;2025-11-06;12;2103
12;2025-11-06;13;2078
12;2025-11-06;14;2068
12;2025-11-06;15;2299
12;2025-11-06;16;2812
12;2025-11-06;17;2976
12;2025-11-06;18;3131
12;2025-11-06;19;2392
12;2025-11-06;20;1563
12;2025-11-06;21;945
12;2025-11-06;22;481
12;2025-11-06;23;253
12;2025-11-07;0;58
12;2025-11-07;1;2
12;2025-11-07;2;0
12;2025-11-07;3;0
12;2025-11-07;4;4
12;2025-11-07;5;305
12;2025-11-07;6;1326
12;2025-11-07;7;2611
12;2025-11-07;8;3343
12;2025-11-07;9;2347
12;2025-11-07;10;1964
12;2025-11-07;11;1982
12;2025-11-07;12;2029
12;2025-11-07;13;2127
12;2025-11-07;14;2106
12;2025-11-07;15;2392
12;2025-11-07;16;3065
12;2025-11-07;17;2896
12;2025-11-07;18;2543
12;2025-11-07;19;2094
12;2025-11-07;20;1436
12;2025-11-07;21;994
12;2025-11-07;22;509
12;2025-11-07;23;312
12;2025-11-08;0;74
12;2025-11-08;1;4
12;2025-11-08;2;0
12;2025-11-08;3;0
12;2025-11-08;4;2
12;2025-11-08;5;207
12;2025-11-08;6;748
12;2025-11-08;7;844
12;2025-11-08;8;950
12;2025-11-08;9;1149
12;2025-11-08;10;1416
12;2025-11-08;11;1524
12;2025-11-08;12;1542
12;2025-11-08;13;1824
12;2025-11-08;14;1620
12;2025-11-08;15;1558
12;2025-11-08;16;1642
12;2025-11-08;17;1508
12;2025-11-08;18;1450
12;2025-11-08;19;1289
12;2025-11-08;20;919
12;2025-11-08;21;678
12;2025-11-08;22;400
12;2025-11-08;23;283
12;2025-11-09;0;89
12;2025-11-09;1;6
12;2025-11-09;2;0
12;2025-11-09;3;0
12;2025-11-09;4;3
12;2025-11-09;5;138
12;2025-11-09;6;504
12;2025-11-09;7;631
12;2025-11-09;8;707
12;2025-11-09;9;924
12;2025-11-09;10;1181
12;2025-11-09;11;1317
12;2025-11-09;12;1398
12;2025-11-09;13;1644
12;2025-11-09;14;1532
12;2025-11-09;15;1478
12;2025-11-09;16;1520
12;2025-11-09;17;1480
12;2025-11-09;18;1263
12;2025-11-09;19;973
12;2025-11-09;20;753
12;2025-11-09;21;587
12;2025-11-09;22;391
12;2025-11-09;23;205
12;2025-11-10;0;52
12;2025-11-10;1;2
12;2025-11-10;2;0
12;2025-11-10;3;0
12;2025-11-10;4;6
12;2025-11-10;5;309
12;2025-11-10;6;1332
12;2025-11-10;7;2608
12;2025-11-10;8;3485
12;2025-11-10;9;2389
12;2025-11-10;10;2050
12;2025-11-10;11;1964
12;2025-11-10;12;2047
12;2025-11-10;13;2022
12;2025-11-10;14;2012
12;2025-11-10;15;2237
12;2025-11-10;16;2736
12;2025-11-10;17;2896
12;2025-11-10;18;3047
12;2025-11-10;19;2328
12;2025-11-10;20;1521
12;2025-11-10;21;920
12;2025-11-10;22;468
12;2025-11-10;23;246
12;2025-11-11;0;53
12;2025-11-11;1;2
12;2025-11-11;2;0
12;2025-11-11;3;0
12;2025-11-11;4;6
12;2025-11-11;5;317
12;2025-11-11;6;1369
12;2025-11-11;7;2679
12;2025-11-11;8;3581
12;2025-11-11;9;2455
12;2025-11-11;10;2107
12;2025-11-11;11;2018
12;2025-11-11;12;2103
12;2025-11-11;13;2078
12;2025-11-11;14;2068
12;2025-11-11;15;2299
12;2025-11-11;16;2812
12;2025-11-11;17;2976
12;2025-11-11;18;3131
12;2025-11-11;19;2392
12;2025-11-11;20;1563
12;2025-11-11;21;945
12;2025-11-11;22;481
12;2025-11-11;23;253
12;2025-11-12;0;53
12;2025-11-12;1;2
12;2025-11-12;2;0
12;2025-11-12;3;0
12;2025-11-12;4;6
12;2025-11-12;5;317
12;2025-11-12;6;1369
12;2025-11-12;7;2679
12;2025-11-12;8;3581
12;2025-11-12;9;2455
12;2025-11-12;10;2107
12;2025-11-12;11;2018
12;2025-11-12;12;2103
12;2025-11-12;13;2078
12;2025-11-12;14;2068
12;2025-11-12;15;2299
12;2025-11-12;16;2812
12;2025-11-12;17;2976
12;2025-11-12;18;3131
12;2025-11-12;19;2392
12;2025-11-12;20;1563
12;2025-11-12;21;945
12;2025-11-12;22;481
12;2025-11-12;23;253
12;2025-11-13;0;53
12;2025-11-13;1;2
12;2025-11-13;2;0
12;2025-11-13;3;0
12;2025-11-13;4;6
12;2025-11-13;5;317
12;2025-11-13;6;1369
12;2025-11-13;7;2679
12;2025-11-13;8;3581
12;2025-11-13;9;2455
12;2025-11-13;10;2107
12;2025-11-13;11;2018
12;2025-11-13;12;2103
12;2025-11-13;13;2078
12;2025-11-13;14;2068
12;2025-11-13;15;2299
12;2025-11-13;16;2812
12;2025-11-13;17;2976
12;2025-11-13;18;3131
12;2025-11-13;19;2392
12;2025-11-13;20;1563
12;2025-11-13;21;945
12;2025-11-13;22;481
12;2025-11-13;23;253
12;2025-11-14;0;58
12;2025-11-14;1;2
12;2025-11-14;2;0
12;2025-11-14;3;0
12;2025-11-14;4;4
12;2025-11-14;5;305
12;2025-11-14;6;1326
12;2025-11-14;7;2611
12;2025-11-14;8;3343
12;2025-11-14;9;2347
12;2025-11-14;10;1964
12;2025-11-14;11;1982
12;2025-11-14;12;2029
12;2025-11-14;13;2127
12;2025-11-14;14;2106
12;2025-11-14;15;2392
12;2025-11-14;16;3065
12;2025-11-14;17;2896
12;2025-11-14;18;2543
12;2025-11-14;19;2094
12;2025-11-14;20;1436
12;2025-11-14;21;994
12;2025-11-14;22;509
12;2025-11-14;23;312
12;2025-11-15;0;74
12;2025-11-15;1;4
12;2025-11-15;2;0
12;2025-11-15;3;0
12;2025-11-15;4;2
12;2025-11-15;5;207
12;2025-11-15;6;748
12;2025-11-15;7;844
12;2025-11-15;8;950
12;2025-11-15;9;1149
12;2025-11-15;10;1416
12;2025-11-15;11;1524
12;2025-11-15;12;1542
12;2025-11-15;13;1824
12;2025-11-15;14;1620
12;2025-11-15;15;1558
12;2025-11-15;16;1642
12;2025-11-15;17;1508
12;2025-11-15;18;1450
12;2025-11-15;19;1289
12;2025-11-15;20;919
12;2025-11-15;21;678
12;2025-11-15;22;400
12;2025-11-15;23;283
12;2025-11-16;0;89
12;2025-11-16;1;6
12;2025-11-16;2;0
12;2025-11-16;3;0
12;2025-11-16;4;3
12;2025-11-16;5;138
12;2025-11-16;6;504
12;2025-11-16;7;631
12;2025-11-16;8;707
12;2025-11-16;9;924
12;2025-11-16;10;1181
12;2025-11-16;11;1317
12;2025-11-16;12;1398
12;2025-11-16;13;1644
12;2025-11-16;14;1532
12;2025-11-16;15;1478
12;2025-11-16;16;1520
12;2025-11-16;17;1480
12;2025-11-16;18;1263
12;2025-11-16;19;973
12;2025-11-16;20;753
12;2025-11-16;21;587
12;2025-11-16;22;391
12;2025-11-16;23;205
12;2025-11-17;0;52
12;2025-11-17;1;2
12;2025-11-17;2;0
12;2025-11-17;3;0
12;2025-11-17;4;6
12;2025-11-17;5;309
12;2025-11-17;6;1332
12;2025-11-17;7;2608
12;2025-11-17;8;3485
12;2025-11-17;9;2389
12;2025-11-17;10;2050
12;2025-11-17;11;1964
12;2025-11-17;12;2047
12;2025-11-17;13;2022
12;2025-11-17;14;2012
12;2025-11-17;15;2237
12;2025-11-17;16;2736
12;2025-11-17;17;2896
12;2025-11-17;18;3047
12;2025-11-17;19;2328
12;2025-11-17;20;1521
12;2025-11-17;21;920
12;2025-11-17;22;468
12;2025-11-17;23;246
12;2025-11-18;0;53
12;2025-11-18;1;2
12;2025-11-18;2;0
12;2025-11-18;3;0
12;2025-11-18;4;6
12;2025-11-18;5;317
12;2025-11-18;6;1369
12;2025-11-18;7;2679
12;2025-11-18;8;3581
12;2025-11-18;9;2455
12;2025-11-18;10;2107
12;2025-11-18;11;2018
12;2025-11-18;12;2103
12;2025-11-18;13;2078
12;2025-11-18;14;2068
12;2025-11-18;15;2299
12;2025-11-18;16;2812
12;2025-11-18;17;2976
12;2025-11-18;18;3131
12;2025-11-18;19;2392
12;2025-11-18;20;1563
12;2025-11-18;21;945
12;2025-11-18;22;481
12;2025-11-18;23;253
12;2025-11-19;0;53
12;2025-11-19;1;2
12;2025-11-19;2;0
12;2025-11-19;3;0
12;2025-11-19;4;6
12;2025-11-19;5;317
12;2025-11-19;6;1369
12;2025-11-19;7;2679
12;2025-11-19;8;3581
12;2025-11-19;9;2455
12;2025-11-19;10;2107
12;2025-11-19;11;2018
12;2025-11-19;12;2103
12;2025-11-19;13;2078
12;2025-11-19;14;2068
12;2025-11-19;15;2299
12;2025-11-19;16;2812
12;2025-11-19;17;2976
12;2025-11-19;18;3131
12;2025-11-19;19;2392
12;2025-11-19;20;1563
12;2025-11-19;21;945
12;2025-11-19;22;481
12;2025-11-19;23;253
12;2025-11-20;0;53
12;2025-11-20;1;2
12;2025-11-20;2;0
12;2025-11-20;3;0
12;2025-11-20;4;6
12;2025-11-20;5;317
12;2025-11-20;6;1369
12;2025-11-20;7;2679
12;2025-11-20;8;3581
12;2025-11-20;9;2455
12;2025-11-20;10;2107
12;2025-11-20;11;2018
12;2025-11-20;12;2103
12;2025-11-20;13;2078
12;2025-11-20;14;2068
12;2025-11-20;15;2299
12;2025-11-20;16;2812
12;2025-11-20;17;2976
12;2025-11-20;18;3131
12;2025-11-20;19;2392
12;2025-11-20;20;1563
12;2025-11-20;21;945
12;2025-11-20;22;481
12;2025-11-20;23;253
12;2025-11-21;0;58
12;2025-11-21;1;2
12;2025-11-21;2;0
12;2025-11-21;3;0
12;2025-11-21;4;4
12;2025-11-21;5;305
12;2025-11-21;6;1326
12;2025-11-21;7;2611
12;2025-11-21;8;3343
12;2025-11-21;9;2347
12;2025-11-21;10;1964
12;2025-11-21;11;1982
12;2025-11-21;12;2029
12;2025-11-21;13;2127
12;2025-11-21;14;2106
12;2025-11-21;15;2392
12;2025-11-21;16;3065
12;2025-11-21;17;2896
12;2025-11-21;18;2543
12;2025-11-21;19;2094
12;2025-11-21;20;1436
12;2025-11-21;21;994
12;2025-11-21;22;509
12;2025-11-21;23;312
12;2025-11-22;0;74
12;2025-11-22;1;4
12;2025-11-22;2;0
12;2025-11-22;3;0
12;2025-11-22;4;2
12;2025-11-22;5;207
12;2025-11-22;6;748
12;2025-11-22;7;844
12;2025-11-22;8;950
12;2025-11-22;9;1149
12;2025-11-22;10;1416
12;2025-11-22;11;1524
12;2025-11-22;12;1542
12;2025-11-22;13;1824
12;2025-11-22;14;1620
12;2025-11-22;15;1558
12;2025-11-22;16;1642
12;2025-11-22;17;1508
12;2025-11-22;18;1450
12;2025-11-22;19;1289
12;2025-11-22;20;919
12;2025-11-22;21;678
12;2025-11-22;22;400
12;2025-11-22;23;283
12;2025-11-23;0;89
12;2025-11-23;1;6
12;2025-11-23;2;0
12;2025-11-23;3;0
12;2025-11-23;4;3
12;2025-11-23;5;138
12;2025-11-23;6;504
12;2025-11-23;7;631
12;2025-11-23;8;707
12;2025-11-23;9;924
12;2025-11-23;10;1181
12;2025-11-23;11;1317
12;2025-11-23;12;1398
12;2025-11-23;13;1644
12;2025-11-23;14;1532
12;2025-11-23;15;1478
12;2025-11-23;16;1520
12;2025-11-23;17;1480
12;2025-11-23;18;1263
12;2025-11-23;19;973
12;2025-11-23;20;753
12;2025-11-23;21;587
12;2025-11-23;22;391
12;2025-11-23;23;205
12;2025-11-24;0;52
12;2025-11-24;1;2
12;2025-11-24;2;0
12;2025-11-24;3;0
12;2025-11-24;4;6
12;2025-11-24;5;309
12;2025-11-24;6;1332
12;2025-11-24;7;2608
12;2025-11-24;8;3485
12;2025-11-24;9;2389
12;2025-11-24;10;2050
12;2025-11-24;11;1964
12;2025-11-24;12;2047
12;2025-11-24;13;2022
12;2025-11-24;14;2012
12;2025-11-24;15;2237
12;2025-11-24;16;2736
12;2025-11-24;17;2896
12;2025-11-24;18;3047
12;2025-11-24;19;2328
12;2025-11-24;20;1521
12;2025-11-24;21;920
12;2025-11-24;22;468
12;2025-11-24;23;246
12;2025-11-25;0;53
12;2025-11-25;1;2
12;2025-11-25;2;0
12;2025-11-25;3;0
12;2025-11-25;4;6
12;2025-11-25;5;317
12;2025-11-25;6;1369
12;2025-11-25;7;2679
12;2025-11-25;8;3581
12;2025-11-25;9;2455
12;2025-11-25;10;2107
12;2025-11-25;11;2018
12;2025-11-25;12;2103
12;2025-11-25;13;2078
12;2025-11-25;14;2068
12;2025-11-25;15;2299
12;2025-11-25;16;2812
12;2025-11-25;17;2976
12;2025-11-25;18;3131
12;2025-11-25;19;2392
12;2025-11-25;20;1563
12;2025-11-25;21;945
12;2025-11-25;22;481
12;2025-11-25;23;253
12;2025-11-26;0;53
12;2025-11-26;1;2
12;2025-11-26;2;0
12;2025-11-26;3;0
12;2025-11-26;4;6
12;2025-11-26;5;317
12;2025-11-26;6;1369
12;2025-11-26;7;2679
12;2025-11-26;8;3581
12;2025-11-26;9;2455
12;2025-11-26;10;2107
12;2025-11-26;11;2018
12;2025-11-26;12;2103
12;2025-11-26;13;2078
12;2025-11-26;14;2068
12;2025-11-26;15;2299
12;2025-11-26;16;2812
12;2025-11-26;17;2976
12;2025-11-26;18;3131
12;2025-11-26;19;2392
12;2025-11-26;20;1563
12;2025-11-26;21;945
12;2025-11-26;22;481
12;2025-11-26;23;253
12;2025-11-27;0;53
12;2025-11-27;1;2
12;2025-11-27;2;0
12;2025-11-27;3;0
12;2025-11-27;4;6
12;2025-11-27;5;317
12;2025-11-27;6;1369
12;2025-11-27;7;2679
12;2025-11-27;8;3581
12;2025-11-27;9;2455
12;2025-11-27;10;2107
12;2025-11-27;11;2018
12;2025-11-27;12;2103
12;2025-11-27;13;2078
12;2025-11-27;14;2068
12;2025-11-27;15;2299
12;2025-11-27;16;2812
12;2025-11-27;17;2976
12;2025-11-27;18;3131
12;2025-11-27;19;2392
12;2025-11-27;20;1563
12;2025-11-27;21;945
12;2025-11-27;22;481
12;2025-11-27;23;253
12;2025-11-28;0;58
12;2025-11-28;1;2
12;2025-11-28;2;0
12;2025-11-28;3;0
12;2025-11-28;4;4
12;2025-11-28;5;305
12;2025-11-28;6;1326
12;2025-11-28;7;2611
12;2025-11-28;8;3343
12;2025-11-28;9;2347
12;2025-11-28;10;1964
12;2025-11-28;11;1982
12;2025-11-28;12;2029
12;2025-11-28;13;2127
12;2025-11-28;14;2106
12;2025-11-28;15;2392
12;2025-11-28;16;3065
12;2025-11-28;17;2896
12;2025-11-28;18;2543
12;2025-11-28;19;2094
12;2025-11-28;20;1436
12;2025-11-28;21;994
12;2025-11-28;22;509
12;2025-11-28;23;312
12;2025-11-29;0;74
12;2025-11-29;1;4
12;2025-11-29;2;0
12;2025-11-29;3;0
12;2025-11-29;4;2
12;2025-11-29;5;207
12;2025-11-29;6;748
12;2025-11-29;7;844
12;2025-11-29;8;950
12;2025-11-29;9;1149
12;2025-11-29;10;1416
12;2025-11-29;11;1524
12;2025-11-29;12;1542
12;2025-11-29;13;1824
12;2025-11-29;14;1620
12;2025-11-29;15;1558
12;2025-11-29;16;1642
12;2025-11-29;17;1508
12;2025-11-29;18;1450
12;2025-11-29;19;1289
12;2025-11-29;20;919
12;2025-11-29;21;678
12;2025-11-29;22;400
12;2025-11-29;23;283
12;2025-11-30;0;89
12;2025-11-30;1;6
12;2025-11-30;2;0
12;2025-11-30;3;0
12;2025-11-30;4;3
12;2025-11-30;5;138
12;2025-11-30;6;504
12;2025-11-30;7;631
12;2025-11-30;8;707
12;2025-11-30;9;924
12;2025-11-30;10;1181
12;2025-11-30;11;1317
12;2025-11-30;12;1398
12;2025-11-30;13;1644
12;2025-11-30;14;1532
12;2025-11-30;15;1478
12;2025-11-30;16;1520
12;2025-11-30;17;1480
12;2025-11-30;18;1263
12;2025-11-30;19;973
12;2025-11-30;20;753
12;2025-11-30;21;587
12;2025-11-30;22;391
12;2025-11-30;23;205
12;2025-12-01;0;51
12;2025-12-01;1;2
12;2025-12-01;2;0
12;2025-12-01;3;0
12;2025-12-01;4;6
12;2025-12-01;5;303
12;2025-12-01;6;1292
12;2025-12-01;7;2555
12;2025-12-01;8;3410
12;2025-12-01;9;2325
12;2025-12-01;10;2006
12;2025-12-01;11;1931
12;2025-12-01;12;2007
12;2025-12-01;13;1975
12;2025-12-01;14;1984
12;2025-12-01;15;2203
12;2025-12-01;16;2695
12;2025-12-01;17;2846
12;2025-12-01;18;2990
12;2025-12-01;19;2294
12;2025-12-01;20;1484
12;2025-12-01;21;893
12;2025-12-01;22;455
12;2025-12-01;23;239
12;2025-12-02;0;52
12;2025-12-02;1;2
12;2025-12-02;2;0
12;2025-12-02;3;0
12;2025-12-02;4;6
12;2025-12-02;5;312
12;2025-12-02;6;1327
12;2025-12-02;7;2625
12;2025-12-02;8;3504
12;2025-12-02;9;2388
12;2025-12-02;10;2061
12;2025-12-02;11;1984
12;2025-12-02;12;2063
12;2025-12-02;13;2029
12;2025-12-02;14;2038
12;2025-12-02;15;2264
12;2025-12-02;16;2769
12;2025-12-02;17;2924
12;2025-12-02;18;3073
12;2025-12-02;19;2357
12;2025-12-02;20;1525
12;2025-12-02;21;917
12;2025-12-02;22;467
12;2025-12-02;23;246
12;2025-12-03;0;52
12;2025-12-03;1;2
12;2025-12-03;2;0
12;2025-12-03;3;0
12;2025-12-03;4;6
12;2025-12-03;5;312
12;2025-12-03;6;1327
12;2025-12-03;7;2625
12;2025-12-03;8;3504
12;2025-12-03;9;2388
12;2025-12-03;10;2061
12;2025-12-03;11;1984
12;2025-12-03;12;2063
12;2025-12-03;13;2029
12;2025-12-03;14;2038
12;2025-12-03;15;2264
12;2025-12-03;16;2769
12;2025-12-03;17;2924
12;2025-12-03;18;3073
12;2025-12-03;19;2357
12;2025-12-03;20;1525
12;2025-12-03;21;917
12;2025-12-03;22;467
12;2025-12-03;23;246
12;2025-12-04;0;52
12;2025-12-04;1;2
12;2025-12-04;2;0
12;2025-12-04;3;0
12;2025-12-04;4;6
12;2025-12-04;5;312
12;2025-12-04;6;1327
12;2025-12-04;7;2625
12;2025-12-04;8;3504
12;2025-12-04;9;2388
12;2025-12-04;10;2061
12;2025-12-04;11;1984
12;2025-12-04;12;2063
12;2025-12-04;13;2029
12;2025-12-04;14;2038
12;2025-12-04;15;2264
12;2025-12-04;16;2769
12;2025-12-04;17;2924
12;2025-12-04;18;3073
12;2025-12-04;19;2357
12;2025-12-04;20;1525
12;2025-12-04;21;917
12;2025-12-04;22;467
12;2025-12-04;23;246
12;2025-12-05;0;57
12;2025-12-05;1;2
12;2025-12-05;2;0
12;2025-12-05;3;0
12;2025-12-05;4;4
12;2025-12-05;5;294
12;2025-12-05;6;1280
12;2025-12-05;7;2541
12;2025-12-05;8;3277
12;2025-12-05;9;2269
12;2025-12-05;10;1930
12;2025-12-05;11;1953
12;2025-12-05;12;2000
12;2025-12-05;13;2064
12;2025-12-05;14;2082
12;2025-12-05;15;2369
12;2025-12-05;16;3021
12;2025-12-05;17;2845
12;2025-12-05;18;2499
12;2025-12-05;19;2058
12;2025-12-05;20;1411
12;2025-12-05;21;967
12;2025-12-05;22;498
12;2025-12-05;23;301
12;2025-12-06;0;74
12;2025-12-06;1;5
12;2025-12-06;2;0
12;2025-12-06;3;0
12;2025-12-06;4;2
12;2025-12-06;5;200
12;2025-12-06;6;727
12;2025-12-06;7;821
12;2025-12-06;8;917
12;2025-12-06;9;1114
12;2025-12-06;10;1374
12;2025-12-06;11;1496
12;2025-12-06;12;1509
12;2025-12-06;13;1800
12;2025-12-06;14;1593
12;2025-12-06;15;1527
12;2025-12-06;16;1601
12;2025-12-06;17;1470
12;2025-12-06;18;1404
12;2025-12-06;19;1263
12;2025-12-06;20;895
12;2025-12-06;21;647
12;2025-12-06;22;394
12;2025-12-06;23;275
12;2025-12-07;0;87
12;2025-12-07;1;6
12;2025-12-07;2;0
12;2025-12-07;3;0
12;2025-12-07;4;2
12;2025-12-07;5;135
12;2025-12-07;6;485
12;2025-12-07;7;599
12;2025-12-07;8;684
12;2025-12-07;9;902
12;2025-12-07;10;1149
12;2025-12-07;11;1287
12;2025-12-07;12;1366
12;2025-12-07;13;1607
12;2025-12-07;14;1496
12;2025-12-07;15;1427
12;2025-12-07;16;1475
12;2025-12-07;17;1431
12;2025-12-07;18;1216
12;2025-12-07;19;944
12;2025-12-07;20;722
12;2025-12-07;21;565
12;2025-12-07;22;378
12;2025-12-07;23;200
12;2025-12-08;0;51
12;2025-12-08;1;2
12;2025-12-08;2;0
12;2025-12-08;3;0
12;2025-12-08;4;6
12;2025-12-08;5;303
12;2025-12-08;6;1292
12;2025-12-08;7;2555
12;2025-12-08;8;3410
12;2025-12-08;9;2325
12;2025-12-08;10;2006
12;2025-12-08;11;1931
12;2025-12-08;12;2007
12;2025-12-08;13;1975
12;2025-12-08;14;1984
12;2025-12-08;15;2203
12;2025-12-08;16;2695
12;2025-12-08;17;2846
12;2025-12-08;18;2990
12;2025-12-08;19;2294
12;2025-12-08;20;1484
12;2025-12-08;21;893
12;2025-12-08;22;455
12;2025-12-08;23;239
12;2025-12-09;0;52
12;2025-12-09;1;2
12;2025-12-09;2;0
12;2025-12-09;3;0
12;2025-12-09;4;6
12;2025-12-09;5;312
12;2025-12-09;6;1327
12;2025-12-09;7;2625
12;2025-12-09;8;3504
12;2025-12-09;9;2388
12;2025-12-09;10;2061
12;2025-12-09;11;1984
12;2025-12-09;12;2063
12;2025-12-09;13;2029
12;2025-12-09;14;2038
12;2025-12-09;15;2264
12;2025-12-09;16;2769
12;2025-12-09;17;2924
12;2025-12-09;18;3073
12;2025-12-09;19;2357
12;2025-12-09;20;1525
12;2025-12-09;21;917
12;2025-12-09;22;467
12;2025-12-09;23;246
12;2025-12-10;0;52
12;2025-12-10;1;2
12;2025-12-10;2;0
12;2025-12-10;3;0
12;2025-12-10;4;6
12;2025-12-10;5;312
12;2025-12-10;6;1327
12;2025-12-10;7;2625
12;2025-12-10;8;3504
12;2025-12-10;9;2388
12;2025-12-10;10;2061
12;2025-12-10;11;1984
12;2025-12-10;12;2063
12;2025-12-10;13;2029
12;2025-12-10;14;2038
12;2025-12-10;15;2264
12;2025-12-10;16;2769
12;2025-12-10;17;2924
12;2025-12-10;18;3073
12;2025-12-10;19;2357
12;2025-12-10;20;1525
12;2025-12-10;21;917
12;2025-12-10;22;467
12;2025-12-10;23;246
12;2025-12-11;0;52
12;2025-12-11;1;2
12;2025-12-11;2;0
12;2025-12-11;3;0
12;2025-12-11;4;6
12;2025-12-11;5;312
12;2025-12-11;6;1327
12;2025-12-11;7;2625
12;2025-12-11;8;3504
12;2025-12-11;9;2388
12;2025-12-11;10;2061
12;2025-12-11;11;1984
12;2025-12-11;12;2063
12;2025-12-11;13;2029
12;2025-12-11;14;2038
12;2025-12-11;15;2264
12;2025-12-11;16;2769
12;2025-12-11;17;2924
12;2025-12-11;18;3073
12;2025-12-11;19;2357
12;2025-12-11;20;1525
12;2025-12-11;21;917
12;2025-12-11;22;467
12;2025-12-11;23;246
12;2025-12-12;0;57
12;2025-12-12;1;2
12;2025-12-12;2;0
12;2025-12-12;3;0
12;2025-12-12;4;4
12;2025-12-12;5;294
12;2025-12-12;6;1280
12;2025-12-12;7;2541
12;2025-12-12;8;3277
12;2025-12-12;9;2269
12;2025-12-12;10;1930
12;2025-12-12;11;1953
12;2025-12-12;12;2000
12;2025-12-12;13;2064
12;2025-12-12;14;2082
12;2025-12-12;15;2369
12;2025-12-12;16;3021
12;2025-12-12;17;2845
12;2025-12-12;18;2499
12;2025-12-12;19;2058
12;2025-12-12;20;1411
12;2025-12-12;21;967
12;2025-12-12;22;498
12;2025-12-12;23;301
12;2025-12-13;0;74
12;2025-12-13;1;5
12;2025-12-13;2;0
12;2025-12-13;3;0
12;2025-12-13;4;2
12;2025-12-13;5;200
12;2025-12-13;6;727
12;2025-12-13;7;821
12;2025-12-13;8;917
12;2025-12-13;9;1114
12;2025-12-13;10;1374
12;2025-12-13;11;1496
12;2025-12-13;12;1509
12;2025-12-13;13;1800
12;2025-12-13;14;1593
12;2025-12-13;15;1527
12;2025-12-13;16;1601
12;2025-12-13;17;1470
12;2025-12-13;18;1404
12;2025-12-13;19;1263
12;2025-12-13;20;895
12;2025-12-13;21;647
12;2025-12-13;22;394
12;2025-12-13;23;275
12;2025-12-14;0;87
12;2025-12-14;1;6
12;2025-12-14;2;0
12;2025-12-14;3;0
12;2025-12-14;4;2
12;2025-12-14;5;135
12;2025-12-14;6;485
12;2025-12-14;7;599
12;2025-12-14;8;684
12;2025-12-14;9;902
12;2025-12-14;10;1149
12;2025-12-14;11;1287
12;2025-12-14;12;1366
12;2025-12-14;13;1607
12;2025-12-14;14;1496
12;2025-12-14;15;1427
12;2025-12-14;16;1475
12;2025-12-14;17;1431
12;2025-12-14;18;1216
12;2025-12-14;19;944
12;2025-12-14;20;722
12;2025-12-14;21;565
12;2025-12-14;22;378
12;2025-12-14;23;200
12;2025-12-15;0;51
12;2025-12-15;1;2
12;2025-12-15;2;0
12;2025-12-15;3;0
12;2025-12-15;4;6
12;2025-12-15;5;303
12;2025-12-15;6;1292
12;2025-12-15;7;2555
12;2025-12-15;8;3410
12;2025-12-15;9;2325
12;2025-12-15;10;2006
12;2025-12-15;11;1931
12;2025-12-15;12;2007
12;2025-12-15;13;1975
12;2025-12-15;14;1984
12;2025-12-15;15;2203
12;2025-12-15;16;2695
12;2025-12-15;17;2846
12;2025-12-15;18;2990
12;2025-12-15;19;2294
12;2025-12-15;20;1484
12;2025-12-15;21;893
12;2025-12-15;22;455
12;2025-12-15;23;239
12;2025-12-16;0;52
12;2025-12-16;1;2
12;2025-12-16;2;0
12;2025-12-16;3;0
12;2025-12-16;4;6
12;2025-12-16;5;312
12;2025-12-16;6;1327
12;2025-12-16;7;2625
12;2025-12-16;8;3504
12;2025-12-16;9;2388
12;2025-12-16;10;2061
12;2025-12-16;11;1984
12;2025-12-16;12;2063
12;2025-12-16;13;2029
12;2025-12-16;14;2038
12;2025-12-16;15;2264
12;2025-12-16;16;2769
12;2025-12-16;17;2924
12;2025-12-16;18;3073
12;2025-12-16;19;2357
12;2025-12-16;20;1525
12;2025-12-16;21;917
12;2025-12-16;22;467
12;2025-12-16;23;246
12;2025-12-17;0;52
12;2025-12-17;1;2
12;2025-12-17;2;0
12;2025-12-17;3;0
12;2025-12-17;4;6
12;2025-12-17;5;312
12;2025-12-17;6;1327
12;2025-12-17;7;2625
12;2025-12-17;8;3504
12;2025-12-17;9;2388
12;2025-12-17;10;2061
12;2025-12-17;11;1984
12;2025-12-17;12;2063
12;2025-12-17;13;2029
12;2025-12-17;14;2038
12;2025-12-17;15;2264
12;2025-12-17;16;2769
12;2025-12-17;17;2924
12;2025-12-17;18;3073
12;2025-12-17;19;2357
12;2025-12-17;20;1525
12;2025-12-17;21;917
12;2025-12-17;22;467
12;2025-12-17;23;246
12;2025-12-18;0;52
12;2025-12-18;1;2
12;2025-12-18;2;0
12;2025-12-18;3;0
12;2025-12-18;4;6
12;2025-12-18;5;312
12;2025-12-18;6;1327
12;2025-12-18;7;2625
12;2025-12-18;8;3504
12;2025-12-18;9;2388
12;2025-12-18;10;2061
12;2025-12-18;11;1984
12;2025-12-18;12;2063
12;2025-12-18;13;2029
12;2025-12-18;14;2038
12;2025-12-18;15;2264
12;2025-12-18;16;2769
12;2025-12-18;17;2924
12;2025-12-18;18;3073
12;2025-12-18;19;2357
12;2025-12-18;20;1525
12;2025-12-18;21;917
12;2025-12-18;22;467
12;2025-12-18;23;246
12;2025-12-19;0;57
12;2025-12-19;1;2
12;2025-12-19;2;0
12;2025-12-19;3;0
12;2025-12-19;4;4
12;2025-12-19;5;294
12;2025-12-19;6;1280
12;2025-12-19;7;2541
12;2025-12-19;8;3277
12;2025-12-19;9;2269
12;2025-12-19;10;1930
12;2025-12-19;11;1953
12;2025-12-19;12;2000
12;2025-12-19;13;2064
12;2025-12-19;14;2082
12;2025-12-19;15;2369
12;2025-12-19;16;3021
12;2025-12-19;17;2845
12;2025-12-19;18;2499
12;2025-12-19;19;2058
12;2025-12-19;20;1411
12;2025-12-19;21;967
12;2025-12-19;22;498
12;2025-12-19;23;301
12;2025-12-20;0;74
12;2025-12-20;1;5
12;2025-12-20;2;0
12;2025-12-20;3;0
12;2025-12-20;4;2
12;2025-12-20;5;200
12;2025-12-20;6;727
12;2025-12-20;7;821
12;2025-12-20;8;917
12;2025-12-20;9;1114
12;2025-12-20;10;1374
12;2025-12-20;11;1496
12;2025-12-20;12;1509
12;2025-12-20;13;1800
12;2025-12-20;14;1593
12;2025-12-20;15;1527
12;2025-12-20;16;1601
12;2025-12-20;17;1470
12;2025-12-20;18;1404
12;2025-12-20;19;1263
12;2025-12-20;20;895
12;2025-12-20;21;647
12;2025-12-20;22;394
12;2025-12-20;23;275
12;2025-12-21;0;87
12;2025-12-21;1;6
12;2025-12-21;2;0
12;2025-12-21;3;0
12;2025-12-21;4;2
12;2025-12-21;5;135
12;2025-12-21;6;485
12;2025-12-21;7;599
12;2025-12-21;8;684
12;2025-12-21;9;902
12;2025-12-21;10;1149
12;2025-12-21;11;1287
12;2025-12-21;12;1366
12;2025-12-21;13;1607
12;2025-12-21;14;1496
12;2025-12-21;15;1427
12;2025-12-21;16;1475
12;2025-12-21;17;1431
12;2025-12-21;18;1216
12;2025-12-21;19;944
12;2025-12-21;20;722
12;2025-12-21;21;565
12;2025-12-21;22;378
12;2025-12-21;23;200
12;2025-12-22;0;51
12;2025-12-22;1;2
12;2025-12-22;2;0
12;2025-12-22;3;0
12;2025-12-22;4;6
12;2025-12-22;5;303
12;2025-12-22;6;1292
12;2025-12-22;7;2555
12;2025-12-22;8;3410
12;2025-12-22;9;2325
12;2025-12-22;10;2006
12;2025-12-22;11;1931
12;2025-12-22;12;2007
12;2025-12-22;13;1975
12;2025-12-22;14;1984
12;2025-12-22;15;2203
12;2025-12-22;16;2695
12;2025-12-22;17;2846
12;2025-12-22;18;2990
12;2025-12-22;19;2294
12;2025-12-22;20;1484
12;2025-12-22;21;893
12;2025-12-22;22;455
12;2025-12-22;23;239
12;2025-12-23;0;52
12;2025-12-23;1;2
12;2025-12-23;2;0
12;2025-12-23;3;0
12;2025-12-23;4;6
12;2025-12-23;5;312
12;2025-12-23;6;1327
12;2025-12-23;7;2625
12;2025-12-23;8;3504
12;2025-12-23;9;2388
12;2025-12-23;10;2061
12;2025-12-23;11;1984
12;2025-12-23;12;2063
12;2025-12-23;13;2029
12;2025-12-23;14;2038
12;2025-12-23;15;2264
12;2025-12-23;16;2769
12;2025-12-23;17;2924
12;2025-12-23;18;3073
12;2025-12-23;19;2357
12;2025-12-23;20;1525
12;2025-12-23;21;917
12;2025-12-23;22;467
12;2025-12-23;23;246
12;2025-12-24;0;52
12;2025-12-24;1;2
12;2025-12-24;2;0
12;2025-12-24;3;0
12;2025-12-24;4;6
12;2025-12-24;5;312
12;2025-12-24;6;1327
12;2025-12-24;7;2625
12;2025-12-24;8;3504
12;2025-12-24;9;2388
12;2025-12-24;10;2061
12;2025-12-24;11;1984
12;2025-12-24;12;2063
12;2025-12-24;13;2029
12;2025-12-24;14;2038
12;2025-12-24;15;2264
12;2025-12-24;16;2769
12;2025-12-24;17;2924
12;2025-12-24;18;3073
12;2025-12-24;19;2357
12;2025-12-24;20;1525
12;2025-12-24;21;917
12;2025-12-24;22;467
12;2025-12-24;23;246
12;2025-12-25;0;52
12;2025-12-25;1;2
12;2025-12-25;2;0
12;2025-12-25;3;0
12;2025-12-25;4;6
12;2025-12-25;5;312
12;2025-12-25;6;1327
12;2025-12-25;7;2625
12;2025-12-25;8;3504
12;2025-12-25;9;2388
12;2025-12-25;10;2061
12;2025-12-25;11;1984
12;2025-12-25;12;2063
12;2025-12-25;13;2029
12;2025-12-25;14;2038
12;2025-12-25;15;2264
12;2025-12-25;16;2769
12;2025-12-25;17;2924
12;2025-12-25;18;3073
12;2025-12-25;19;2357
12;2025-12-25;20;1525
12;2025-12-25;21;917
12;2025-12-25;22;467
12;2025-12-25;23;246
12;2025-12-26;0;57
12;2025-12-26;1;2
12;2025-12-26;2;0
12;2025-12-26;3;0
12;2025-12-26;4;4
12;2025-12-26;5;294
12;2025-12-26;6;1280
12;2025-12-26;7;2541
12;2025-12-26;8;3277
12;2025-12-26;9;2269
12;2025-12-26;10;1930
12;2025-12-26;11;1953
12;2025-12-26;12;2000
12;2025-12-26;13;2064
12;2025-12-26;14;2082
12;2025-12-26;15;2369
12;2025-12-26;16;3021
12;2025-12-26;17;2845
12;2025-12-26;18;2499
12;2025-12-26;19;2058
12;2025-12-26;20;1411
12;2025-12-26;21;967
12;2025-12-26;22;498
12;2025-12-26;23;301
12;2025-12-27;0;74
12;2025-12-27;1;5
12;2025-12-27;2;0
12;2025-12-27;3;0
12;2025-12-27;4;2
12;2025-12-27;5;200
12;2025-12-27;6;727
12;2025-12-27;7;821
12;2025-12-27;8;917
12;2025-12-27;9;1114
12;2025-12-27;10;1374
12;2025-12-27;11;1496
12;2025-12-27;12;1509
12;2025-12-27;13;1800
12;2025-12-27;14;1593
12;2025-12-27;15;1527
12;2025-12-27;16;1601
12;2025-12-27;17;1470
12;2025-12-27;18;1404
12;2025-12-27;19;1263
12;2025-12-27;20;895
12;2025-12-27;21;647
12;2025-12-27;22;394
12;2025-12-27;23;275
12;2025-12-28;0;87
12;2025-12-28;1;6
12;2025-12-28;2;0
12;2025-12-28;3;0
12;2025-12-28;4;2
12;2025-12-28;5;135
12;2025-12-28;6;485
12;2025-12-28;7;599
12;2025-12-28;8;684
12;2025-12-28;9;902
12;2025-12-28;10;1149
12;2025-12-28;11;1287
12;2025-12-28;12;1366
12;2025-12-28;13;1607
12;2025-12-28;14;1496
12;2025-12-28;15;1427
12;2025-12-28;16;1475
12;2025-12-28;17;1431
12;2025-12-28;18;1216
12;2025-12-28;19;944
12;2025-12-28;20;722
12;2025-12-28;21;565
12;2025-12-28;22;378
12;2025-12-28;23;200
12;2025-12-29;0;46
12;2025-12-29;1;2
12;2025-12-29;2;0
12;2025-12-29;3;0
12;2025-12-29;4;5
12;2025-12-29;5;272
12;2025-12-29;6;1162
12;2025-12-29;7;2299
12;2025-12-29;8;3069
12;2025-12-29;9;2092
12;2025-12-29;10;1805
12;2025-12-29;11;1738
12;2025-12-29;12;1807
12;2025-12-29;13;1777
12;2025-12-29;14;1785
12;2025-12-29;15;1983
12;2025-12-29;16;2426
12;2025-12-29;17;2562
12;2025-12-29;18;2691
12;2025-12-29;19;2065
12;2025-12-29;20;1336
12;2025-12-29;21;804
12;2025-12-29;22;410
12;2025-12-29;23;216
12;2025-12-30;0;44
12;2025-12-30;1;2
12;2025-12-30;2;0
12;2025-12-30;3;0
12;2025-12-30;4;5
12;2025-12-30;5;265
12;2025-12-30;6;1128
12;2025-12-30;7;2231
12;2025-12-30;8;2979
12;2025-12-30;9;2031
12;2025-12-30;10;1752
12;2025-12-30;11;1687
12;2025-12-30;12;1753
12;2025-12-30;13;1725
12;2025-12-30;14;1733
12;2025-12-30;15;1924
12;2025-12-30;16;2354
12;2025-12-30;17;2486
12;2025-12-30;18;2612
12;2025-12-30;19;2003
12;2025-12-30;20;1297
12;2025-12-30;21;780
12;2025-12-30;22;398
12;2025-12-30;23;209
12;2025-12-31;0;40
12;2025-12-31;1;3
12;2025-12-31;2;0
12;2025-12-31;3;0
12;2025-12-31;4;1
12;2025-12-31;5;108
12;2025-12-31;6;393
12;2025-12-31;7;444
12;2025-12-31;8;496
12;2025-12-31;9;603
12;2025-12-31;10;743
12;2025-12-31;11;809
12;2025-12-31;12;816
12;2025-12-31;13;973
12;2025-12-31;14;861
12;2025-12-31;15;825
12;2025-12-31;16;866
12;2025-12-31;17;795
12;2025-12-31;18;760
12;2025-12-31;19;683
12;2025-12-31;20;47
12;2025-12-31;21;34
12;2025-12-31;22;21
12;2025-12-31;23;15
17;2025-11-01;0;151
17;2025-11-01;1;30
17;2025-11-01;2;0
17;2025-11-01;3;0
17;2025-11-01;4;22
17;2025-11-01;5;268
17;2025-11-01;6;1311
17;2025-11-01;7;3402
17;2025-11-01;8;4442
17;2025-11-01;9;3178
17;2025-11-01;10;2599
17;2025-11-01;11;2612
17;2025-11-01;12;2653
17;2025-11-01;13;2712
17;2025-11-01;14;2789
17;2025-11-01;15;3087
17;2025-11-01;16;3704
17;2025-11-01;17;3935
17;2025-11-01;18;3669
17;2025-11-01;19;2679
17;2025-11-01;20;2049
17;2025-11-01;21;1381
17;2025-11-01;22;734
17;2025-11-01;23;404
17;2025-11-02;0;181
17;2025-11-02;1;25
17;2025-11-02;2;0
17;2025-11-02;3;0
17;2025-11-02;4;4
17;2025-11-02;5;106
17;2025-11-02;6;438
17;2025-11-02;7;791
17;2025-11-02;8;1225
17;2025-11-02;9;1674
17;2025-11-02;10;2031
17;2025-11-02;11;2586
17;2025-11-02;12;2992
17;2025-11-02;13;3273
17;2025-11-02;14;3350
17;2025-11-02;15;3324
17;2025-11-02;16;3230
17;2025-11-02;17;2950
17;2025-11-02;18;2561
17;2025-11-02;19;2062
17;2025-11-02;20;1623
17;2025-11-02;21;1165
17;2025-11-02;22;731
17;2025-11-02;23;324
17;2025-11-03;0;165
17;2025-11-03;1;22
17;2025-11-03;2;0
17;2025-11-03;3;0
17;2025-11-03;4;4
17;2025-11-03;5;104
17;2025-11-03;6;435
17;2025-11-03;7;854
17;2025-11-03;8;1274
17;2025-11-03;9;1684
17;2025-11-03;10;1983
17;2025-11-03;11;2462
17;2025-11-03;12;2805
17;2025-11-03;13;3026
17;2025-11-03;14;3085
17;2025-11-03;15;3067
17;2025-11-03;16;3032
17;2025-11-03;17;2743
17;2025-11-03;18;2411
17;2025-11-03;19;1941
17;2025-11-03;20;1547
17;2025-11-03;21;1118
17;2025-11-03;22;705
17;2025-11-03;23;339
17;2025-11-04;0;165
17;2025-11-04;1;22
17;2025-11-04;2;0
17;2025-11-04;3;0
17;2025-11-04;4;4
17;2025-11-04;5;104
17;2025-11-04;6;435
17;2025-11-04;7;854
17;2025-11-04;8;1274
17;2025-11-04;9;1684
17;2025-11-04;10;1983
17;2025-11-04;11;2462
17;2025-11-04;12;2805
17;2025-11-04;13;3026
17;2025-11-04;14;3085
17;2025-11-04;15;3067
17;2025-11-04;16;3032
17;2025-11-04;17;2743
17;2025-11-04;18;2411
17;2025-11-04;19;1941
17;2025-11-04;20;1547
17;2025-11-04;21;1118
17;2025-11-04;22;705
17;2025-11-04;23;339
17;2025-11-05;0;118
17;2025-11-05;1;12
17;2025-11-05;2;0
17;2025-11-05;3;0
17;2025-11-05;4;27
17;2025-11-05;5;325
17;2025-11-05;6;1583
17;2025-11-05;7;4138
17;2025-11-05;8;5439
17;2025-11-05;9;3849
17;2025-11-05;10;3095
17;2025-11-05;11;3067
17;2025-11-05;12;3110
17;2025-11-05;13;3171
17;2025-11-05;14;3264
17;2025-11-05;15;3391
17;2025-11-05;16;3824
17;2025-11-05;17;4496
17;2025-11-05;18;4840
17;2025-11-05;19;3342
17;2025-11-05;20;2429
17;2025-11-05;21;1497
17;2025-11-05;22;768
17;2025-11-05;23;371
17;2025-11-06;0;118
17;2025-11-06;1;12
17;2025-11-06;2;0
17;2025-11-06;3;0
17;2025-11-06;4;27
17;2025-11-06;5;325
17;2025-11-06;6;1583
17;2025-11-06;7;4138
17;2025-11-06;8;5439
17;2025-11-06;9;3849
17;2025-11-06;10;3095
17;2025-11-06;11;3067
17;2025-11-06;12;3110
17;2025-11-06;13;3171
17;2025-11-06;14;3264
17;2025-11-06;15;3391
17;2025-11-06;16;3824
17;2025-11-06;17;4496
17;2025-11-06;18;4840
17;2025-11-06;19;3342
17;2025-11-06;20;2429
17;2025-11-06;21;1497
17;2025-11-06;22;768
17;2025-11-06;23;371
17;2025-11-07;0;139
17;2025-11-07;1;16
17;2025-11-07;2;0
17;2025-11-07;3;0
17;2025-11-07;4;25
17;2025-11-07;5;305
17;2025-11-07;6;1490
17;2025-11-07;7;3868
17;2025-11-07;8;5049
17;2025-11-07;9;3612
17;2025-11-07;10;2954
17;2025-11-07;11;2969
17;2025-11-07;12;3015
17;2025-11-07;13;3083
17;2025-11-07;14;3170
17;2025-11-07;15;3508
17;2025-11-07;16;4210
17;2025-11-07;17;4473
17;2025-11-07;18;4171
17;2025-11-07;19;3045
17;2025-11-07;20;2329
17;2025-11-07;21;1570
17;2025-11-07;22;834
17;2025-11-07;23;459
17;2025-11-08;0;192
17;2025-11-08;1;26
17;2025-11-08;2;0
17;2025-11-08;3;0
17;2025-11-08;4;5
17;2025-11-08;5;130
17;2025-11-08;6;549
17;2025-11-08;7;1156
17;2025-11-08;8;1673
17;2025-11-08;9;2148
17;2025-11-08;10;2460
17;2025-11-08;11;2979
17;2025-11-08;12;3344
17;2025-11-08;13;3555
17;2025-11-08;14;3610
17;2025-11-08;15;3596
17;2025-11-08;16;3620
17;2025-11-08;17;3242
17;2025-11-08;18;2885
17;2025-11-08;19;2324
17;2025-11-08;20;1875
17;2025-11-08;21;1366
17;2025-11-08;22;863
17;2025-11-08;23;448
17;2025-11-09;0;181
17;2025-11-09;1;25
17;2025-11-09;2;0
17;2025-11-09;3;0
17;2025-11-09;4;4
17;2025-11-09;5;106
17;2025-11-09;6;438
17;2025-11-09;7;791
17;2025-11-09;8;1225
17;2025-11-09;9;1674
17;2025-11-09;10;2031
17;2025-11-09;11;2586
17;2025-11-09;12;2992
17;2025-11-09;13;3273
17;2025-11-09;14;3350
17;2025-11-09;15;3324
17;2025-11-09;16;3230
17;2025-11-09;17;2950
17;2025-11-09;18;2561
17;2025-11-09;19;2062
17;2025-11-09;20;1623
17;2025-11-09;21;1165
17;2025-11-09;22;731
17;2025-11-09;23;324
17;2025-11-10;0;115
17;2025-11-10;1;11
17;2025-11-10;2;0
17;2025-11-10;3;0
17;2025-11-10;4;27
17;2025-11-10;5;316
17;2025-11-10;6;1541
17;2025-11-10;7;4027
17;2025-11-10;8;5293
17;2025-11-10;9;3745
17;2025-11-10;10;3012
17;2025-11-10;11;2985
17;2025-11-10;12;3026
17;2025-11-10;13;3086
17;2025-11-10;14;3176
17;2025-11-10;15;3300
17;2025-11-10;16;3722
17;2025-11-10;17;4375
17;2025-11-10;18;4710
17;2025-11-10;19;3252
17;2025-11-10;20;2364
17;2025-11-10;21;1457
17;2025-11-10;22;748
17;2025-11-10;23;361
17;2025-11-11;0;118
17;2025-11-11;1;12
17;2025-11-11;2;0
17;2025-11-11;3;0
17;2025-11-11;4;27
17;2025-11-11;5;325
17;2025-11-11;6;1583
17;2025-11-11;7;4138
17;2025-11-11;8;5439
17;2025-11-11;9;3849
17;2025-11-11;10;3095
17;2025-11-11;11;3067
17;2025-11-11;12;3110
17;2025-11-11;13;3171
17;2025-11-11;14;3264
17;2025-11-11;15;3391
17;2025-11-11;16;3824
17;2025-11-11;17;4496
17;2025-11-11;18;4840
17;2025-11-11;19;3342
17;2025-11-11;20;2429
17;2025-11-11;21;1497
17;2025-11-11;22;768
17;2025-11-11;23;371
17;2025-11-12;0;118
17;2025-11-12;1;12
17;2025-11-12;2;0
17;2025-11-12;3;0
17;2025-11-12;4;27
17;2025-11-12;5;325
17;2025-11-12;6;1583
17;2025-11-12;7;4138
17;2025-11-12;8;5439
17;2025-11-12;9;3849
17;2025-11-12;10;3095
17;2025-11-12;11;3067
17;2025-11-12;12;3110
17;2025-11-12;13;3171
17;2025-11-12;14;3264
17;2025-11-12;15;3391
17;2025-11-12;16;3824
17;2025-11-12;17;4496
17;2025-11-12;18;4840
17;2025-11-12;19;3342
17;2025-11-12;20;2429
17;2025-11-12;21;1497
17;2025-11-12;22;768
17;2025-11-12;23;371
17;2025-11-13;0;118
17;2025-11-13;1;12
17;2025-11-13;2;0
17;2025-11-13;3;0
17;2025-11-13;4;27
17;2025-11-13;5;325
17;2025-11-13;6;1583
17;2025-11-13;7;4138
17;2025-11-13;8;5439
17;2025-11-13;9;3849
17;2025-11-13;10;3095
17;2025-11-13;11;3067
17;2025-11-13;12;3110
17;2025-11-13;13;3171
17;2025-11-13;14;3264
17;2025-11-13;15;3391
17;2025-11-13;16;3824
17;2025-11-13;17;4496
17;2025-11-13;18;4840
17;2025-11-13;19;3342
17;2025-11-13;20;2429
17;2025-11-13;21;1497
17;2025-11-13;22;768
17;2025-11-13;23;371
17;2025-11-14;0;139
17;2025-11-14;1;16
17;2025-11-14;2;0
17;2025-11-14;3;0
17;2025-11-14;4;25
17;2025-11-14;5;305
17;2025-11-14;6;1490
17;2025-11-14;7;3868
17;2025-11-14;8;5049
17;2025-11-14;9;3612
17;2025-11-14;10;2954
17;2025-11-14;11;2969
17;2025-11-14;12;3015
17;2025-11-14;13;3083
17;2025-11-14;14;3170
17;2025-11-14;15;3508
17;2025-11-14;16;4210
17;2025-11-14;17;4473
17;2025-11-14;18;4171
17;2025-11-14;19;3045
17;2025-11-14;20;2329
17;2025-11-14;21;1570
17;2025-11-14;22;834
17;2025-11-14;23;459
17;2025-11-15;0;192
17;2025-11-15;1;26
17;2025-11-15;2;0
17;2025-11-15;3;0
17;2025-11-15;4;5
17;2025-11-15;5;130
17;2025-11-15;6;549
17;2025-11-15;7;1156
17;2025-11-15;8;1673
17;2025-11-15;9;2148
17;2025-11-15;10;2460
17;2025-11-15;11;2979
17;2025-11-15;12;3344
17;2025-11-15;13;3555
17;2025-11-15;14;3610
17;2025-11-15;15;3596
17;2025-11-15;16;3620
17;2025-11-15;17;3242
17;2025-11-15;18;2885
17;2025-11-15;19;2324
17;2025-11-15;20;1875
17;2025-11-15;21;1366
17;2025-11-15;22;863
17;2025-11-15;23;448
17;2025-11-16;0;181
17;2025-11-16;1;25
17;2025-11-16;2;0
17;2025-11-16;3;0
17;2025-11-16;4;4
17;2025-11-16;5;106
17;2025-11-16;6;438
17;2025-11-16;7;791
17;2025-11-16;8;1225
17;2025-11-16;9;1674
17;2025-11-16;10;2031
17;2025-11-16;11;2586
17;2025-11-16;12;2992
17;2025-11-16;13;3273
17;2025-11-16;14;3350
17;2025-11-16;15;3324
17;2025-11-16;16;3230
17;2025-11-16;17;2950
17;2025-11-16;18;2561
17;2025-11-16;19;2062
17;2025-11-16;20;1623
17;2025-11-16;21;1165
17;2025-11-16;22;731
17;2025-11-16;23;324
17;2025-11-17;0;115
17;2025-11-17;1;11
17;2025-11-17;2;0
17;2025-11-17;3;0
17;2025-11-17;4;27
17;2025-11-17;5;316
17;2025-11-17;6;1541
17;2025-11-17;7;4027
17;2025-11-17;8;5293
17;2025-11-17;9;3745
17;2025-11-17;10;3012
17;2025-11-17;11;2985
17;2025-11-17;12;3026
17;2025-11-17;13;3086
17;2025-11-17;14;3176
17;2025-11-17;15;3300
17;2025-11-17;16;3722
17;2025-11-17;17;4375
17;2025-11-17;18;4710
17;2025-11-17;19;3252
17;2025-11-17;20;2364
17;2025-11-17;21;1457
17;2025-11-17;22;748
17;2025-11-17;23;361
17;2025-11-18;0;118
17;2025-11-18;1;12
17;2025-11-18;2;0
17;2025-11-18;3;0
17;2025-11-18;4;27
17;2025-11-18;5;325
17;2025-11-18;6;1583
17;2025-11-18;7;4138
17;2025-11-18;8;5439
17;2025-11-18;9;3849
17;2025-11-18;10;3095
17;2025-11-18;11;3067
17;2025-11-18;12;3110
17;2025-11-18;13;3171
17;2025-11-18;14;3264
17;2025-11-18;15;3391
17;2025-11-18;16;3824
17;2025-11-18;17;4496
17;2025-11-18;18;4840
17;2025-11-18;19;3342
17;2025-11-18;20;2429
17;2025-11-18;21;1497
17;2025-11-18;22;768
17;2025-11-18;23;371
17;2025-11-19;0;118
17;2025-11-19;1;12
17;2025-11-19;2;0
17;2025-11-19;3;0
17;2025-11-19;4;27
17;2025-11-19;5;325
17;2025-11-19;6;1583
17;2025-11-19;7;4138
17;2025-11-19;8;5439
17;2025-11-19;9;3849
17;2025-11-19;10;3095
17;2025-11-19;11;3067
17;2025-11-19;12;3110
17;2025-11-19;13;3171
17;2025-11-19;14;3264
17;2025-11-19;15;3391
17;2025-11-19;16;3824
17;2025-11-19;17;4496
17;2025-11-19;18;4840
17;2025-11-19;19;3342
17;2025-11-19;20;2429
17;2025-11-19;21;1497
17;2025-11-19;22;768
17;2025-11-19;23;371
17;2025-11-20;0;118
17;2025-11-20;1;12
17;2025-11-20;2;0
17;2025-11-20;3;0
17;2025-11-20;4;27
17;2025-11-20;5;325
17;2025-11-20;6;1583
17;2025-11-20;7;4138
17;2025-11-20;8;5439
17;2025-11-20;9;3849
17;2025-11-20;10;3095
17;2025-11-20;11;3067
17;2025-11-20;12;3110
17;2025-11-20;13;3171
17;2025-11-20;14;3264
17;2025-11-20;15;3391
17;2025-11-20;16;3824
17;2025-11-20;17;4496
17;2025-11-20;18;4840
17;2025-11-20;19;3342
17;2025-11-20;20;2429
17;2025-11-20;21;1497
17;2025-11-20;22;768
17;2025-11-20;23;371
17;2025-11-21;0;139
17;2025-11-21;1;16
17;2025-11-21;2;0
17;2025-11-21;3;0
17;2025-11-21;4;25
17;2025-11-21;5;305
17;2025-11-21;6;1490
17;2025-11-21;7;3868
17;2025-11-21;8;5049
17;2025-11-21;9;3612
17;2025-11-21;10;2954
17;2025-11-21;11;2969
17;2025-11-21;12;3015
17;2025-11-21;13;3083
17;2025-11-21;14;3170
17;2025-11-21;15;3508
17;2025-11-21;16;4210
17;2025-11-21;17;4473
17;2025-11-21;18;4171
17;2025-11-21;19;3045
17;2025-11-21;20;2329
17;2025-11-21;21;1570
17;2025-11-21;22;834
17;2025-11-21;23;459
17;2025-11-22;0;192
17;2025-11-22;1;26
17;2025-11-22;2;0
17;2025-11-22;3;0
17;2025-11-22;4;5
17;2025-11-22;5;130
17;2025-11-22;6;549
17;2025-11-22;7;1156
17;2025-11-22;8;1673
17;2025-11-22;9;2148
17;2025-11-22;10;2460
17;2025-11-22;11;2979
17;2025-11-22;12;3344
17;2025-11-22;13;3555
17;2025-11-22;14;3610
17;2025-11-22;15;3596
17;2025-11-22;16;3620
17;2025-11-22;17;3242
17;2025-11-22;18;2885
17;2025-11-22;19;2324
17;2025-11-22;20;1875
17;2025-11-22;21;1366
17;2025-11-22;22;863
17;2025-11-22;23;448
17;2025-11-23;0;181
17;2025-11-23;1;25
17;2025-11-23;2;0
17;2025-11-23;3;0
17;2025-11-23;4;4
17;2025-11-23;5;106
17;2025-11-23;6;438
17;2025-11-23;7;791
17;2025-11-23;8;1225
17;2025-11-23;9;1674
17;2025-11-23;10;2031
17;2025-11-23;11;2586
17;2025-11-23;12;2992
17;2025-11-23;13;3273
17;2025-11-23;14;3350
17;2025-11-23;15;3324
17;2025-11-23;16;3230
17;2025-11-23;17;2950
17;2025-11-23;18;2561
17;2025-11-23;19;2062
17;2025-11-23;20;1623
17;2025-11-23;21;1165
17;2025-11-23;22;731
17;2025-11-23;23;324
17;2025-11-24;0;115
17;2025-11-24;1;11
17;2025-11-24;2;0
17;2025-11-24;3;0
17;2025-11-24;4;27
17;2025-11-24;5;316
17;2025-11-24;6;1541
17;2025-11-24;7;4027
17;2025-11-24;8;5293
17;2025-11-24;9;3745
17;2025-11-24;10;3012
17;2025-11-24;11;2985
17;2025-11-24;12;3026
17;2025-11-24;13;3086
17;2025-11-24;14;3176
17;2025-11-24;15;3300
17;2025-11-24;16;3722
17;2025-11-24;17;4375
17;2025-11-24;18;4710
17;2025-11-24;19;3252
17;2025-11-24;20;2364
17;2025-11-24;21;1457
17;2025-11-24;22;748
17;2025-11-24;23;361
17;2025-11-25;0;118
17;2025-11-25;1;12
17;2025-11-25;2;0
17;2025-11-25;3;0
17;2025-11-25;4;27
17;2025-11-25;5;325
17;2025-11-25;6;1583
17;2025-11-25;7;4138
17;2025-11-25;8;5439
17;2025-11-25;9;3849
17;2025-11-25;10;3095
17;2025-11-25;11;3067
17;2025-11-25;12;3110
17;2025-11-25;13;3171
17;2025-11-25;14;3264
17;2025-11-25;15;3391
17;2025-11-25;16;3824
17;2025-11-25;17;4496
17;2025-11-25;18;4840
17;2025-11-25;19;3342
17;2025-11-25;20;2429
17;2025-11-25;21;1497
17;2025-11-25;22;768
17;2025-11-25;23;371
17;2025-11-26;0;118
17;2025-11-26;1;12
17;2025-11-26;2;0
17;2025-11-26;3;0
17;2025-11-26;4;27
17;2025-11-26;5;325
17;2025-11-26;6;1583
17;2025-11-26;7;4138
17;2025-11-26;8;5439
17;2025-11-26;9;3849
17;2025-11-26;10;3095
17;2025-11-26;11;3067
17;2025-11-26;12;3110
17;2025-11-26;13;3171
17;2025-11-26;14;3264
17;2025-11-26;15;3391
17;2025-11-26;16;3824
17;2025-11-26;17;4496
17;2025-11-26;18;4840
17;2025-11-26;19;3342
17;2025-11-26;20;2429
17;2025-11-26;21;1497
17;2025-11-26;22;768
17;2025-11-26;23;371
17;2025-11-27;0;118
17;2025-11-27;1;12
17;2025-11-27;2;0
17;2025-11-27;3;0
17;2025-11-27;4;27
17;2025-11-27;5;325
17;2025-11-27;6;1583
17;2025-11-27;7;4138
17;2025-11-27;8;5439
17;2025-11-27;9;3849
17;2025-11-27;10;3095
17;2025-11-27;11;3067
17;2025-11-27;12;3110
17;2025-11-27;13;3171
17;2025-11-27;14;3264
17;2025-11-27;15;3391
17;2025-11-27;16;3824
17;2025-11-27;17;4496
17;2025-11-27;18;4840
17;2025-11-27;19;3342
17;2025-11-27;20;2429
17;2025-11-27;21;1497
17;2025-11-27;22;768
17;2025-11-27;23;371
17;2025-11-28;0;139
17;2025-11-28;1;16
17;2025-11-28;2;0
17;2025-11-28;3;0
17;2025-11-28;4;25
17;2025-11-28;5;305
17;2025-11-28;6;1490
17;2025-11-28;7;3868
17;2025-11-28;8;5049
17;2025-11-28;9;3612
17;2025-11-28;10;2954
17;2025-11-28;11;2969
17;2025-11-28;12;3015
17;2025-11-28;13;3083
17;2025-11-28;14;3170
17;2025-11-28;15;3508
17;2025-11-28;16;4210
17;2025-11-28;17;4473
17;2025-11-28;18;4171
17;2025-11-28;19;3045
17;2025-11-28;20;2329
17;2025-11-28;21;1570
17;2025-11-28;22;834
17;2025-11-28;23;459
17;2025-11-29;0;192
17;2025-11-29;1;26
17;2025-11-29;2;0
17;2025-11-29;3;0
17;2025-11-29;4;5
17;2025-11-29;5;130
17;2025-11-29;6;549
17;2025-11-29;7;1156
17;2025-11-29;8;1673
17;2025-11-29;9;2148
17;2025-11-29;10;2460
17;2025-11-29;11;2979
17;2025-11-29;12;3344
17;2025-11-29;13;3555
17;2025-11-29;14;3610
17;2025-11-29;15;3596
17;2025-11-29;16;3620
17;2025-11-29;17;3242
17;2025-11-29;18;2885
17;2025-11-29;19;2324
17;2025-11-29;20;1875
17;2025-11-29;21;1366
17;2025-11-29;22;863
17;2025-11-29;23;448
17;2025-11-30;0;181
17;2025-11-30;1;25
17;2025-11-30;2;0
17;2025-11-30;3;0
17;2025-11-30;4;4
17;2025-11-30;5;106
17;2025-11-30;6;438
17;2025-11-30;7;791
17;2025-11-30;8;1225
17;2025-11-30;9;1674
17;2025-11-30;10;2031
17;2025-11-30;11;2586
17;2025-11-30;12;2992
17;2025-11-30;13;3273
17;2025-11-30;14;3350
17;2025-11-30;15;3324
17;2025-11-30;16;3230
17;2025-11-30;17;2950
17;2025-11-30;18;2561
17;2025-11-30;19;2062
17;2025-11-30;20;1623
17;2025-11-30;21;1165
17;2025-11-30;22;731
17;2025-11-30;23;324
17;2025-12-01;0;112
17;2025-12-01;1;11
17;2025-12-01;2;0
17;2025-12-01;3;0
17;2025-12-01;4;26
17;2025-12-01;5;312
17;2025-12-01;6;1511
17;2025-12-01;7;3928
17;2025-12-01;8;5185
17;2025-12-01;9;3660
17;2025-12-01;10;2942
17;2025-12-01;11;2915
17;2025-12-01;12;2959
17;2025-12-01;13;3017
17;2025-12-01;14;3102
17;2025-12-01;15;3236
17;2025-12-01;16;3646
17;2025-12-01;17;4289
17;2025-12-01;18;4638
17;2025-12-01;19;3216
17;2025-12-01;20;2328
17;2025-12-01;21;1429
17;2025-12-01;22;743
17;2025-12-01;23;353
17;2025-12-02;0;115
17;2025-12-02;1;11
17;2025-12-02;2;0
17;2025-12-02;3;0
17;2025-12-02;4;27
17;2025-12-02;5;319
17;2025-12-02;6;1553
17;2025-12-02;7;4037
17;2025-12-02;8;5328
17;2025-12-02;9;3761
17;2025-12-02;10;3022
17;2025-12-02;11;2995
17;2025-12-02;12;3040
17;2025-12-02;13;3101
17;2025-12-02;14;3187
17;2025-12-02;15;3325
17;2025-12-02;16;3747
17;2025-12-02;17;4408
17;2025-12-02;18;4767
17;2025-12-02;19;3306
17;2025-12-02;20;2391
17;2025-12-02;21;1469
17;2025-12-02;22;763
17;2025-12-02;23;363
17;2025-12-03;0;115
17;2025-12-03;1;11
17;2025-12-03;2;0
17;2025-12-03;3;0
17;2025-12-03;4;27
17;2025-12-03;5;319
17;2025-12-03;6;1553
17;2025-12-03;7;4037
17;2025-12-03;8;5328
17;2025-12-03;9;3761
17;2025-12-03;10;3022
17;2025-12-03;11;2995
17;2025-12-03;12;3040
17;2025-12-03;13;3101
17;2025-12-03;14;3187
17;2025-12-03;15;3325
17;2025-12-03;16;3747
17;2025-12-03;17;4408
17;2025-12-03;18;4767
17;2025-12-03;19;3306
17;2025-12-03;20;2391
17;2025-12-03;21;1469
17;2025-12-03;22;763
17;2025-12-03;23;363
17;2025-12-04;0;115
17;2025-12-04;1;11
17;2025-12-04;2;0
17;2025-12-04;3;0
17;2025-12-04;4;27
17;2025-12-04;5;319
17;2025-12-04;6;1553
17;2025-12-04;7;4037
17;2025-12-04;8;5328
17;2025-12-04;9;3761
17;2025-12-04;10;3022
17;2025-12-04;11;2995
17;2025-12-04;12;3040
17;2025-12-04;13;3101
17;2025-12-04;14;3187
17;2025-12-04;15;3325
17;2025-12-04;16;3747
17;2025-12-04;17;4408
17;2025-12-04;18;4767
17;2025-12-04;19;3306
17;2025-12-04;20;2391
17;2025-12-04;21;1469
17;2025-12-04;22;763
17;2025-12-04;23;363
17;2025-12-05;0;136
17;2025-12-05;1;16
17;2025-12-05;2;0
17;2025-12-05;3;0
17;2025-12-05;4;25
17;2025-12-05;5;299
17;2025-12-05;6;1459
17;2025-12-05;7;3766
17;2025-12-05;8;4947
17;2025-12-05;9;3532
17;2025-12-05;10;2890
17;2025-12-05;11;2898
17;2025-12-05;12;2959
17;2025-12-05;13;3021
17;2025-12-05;14;3111
17;2025-12-05;15;3454
17;2025-12-05;16;4140
17;2025-12-05;17;4374
17;2025-12-05;18;4100
17;2025-12-05;19;2986
17;2025-12-05;20;2280
17;2025-12-05;21;1538
17;2025-12-05;22;832
17;2025-12-05;23;447
17;2025-12-06;0;187
17;2025-12-06;1;24
17;2025-12-06;2;0
17;2025-12-06;3;0
17;2025-12-06;4;5
17;2025-12-06;5;127
17;2025-12-06;6;533
17;2025-12-06;7;1119
17;2025-12-06;8;1626
17;2025-12-06;9;2091
17;2025-12-06;10;2392
17;2025-12-06;11;2908
17;2025-12-06;12;3272
17;2025-12-06;13;3468
17;2025-12-06;14;3530
17;2025-12-06;15;3514
17;2025-12-06;16;3540
17;2025-12-06;17;3178
17;2025-12-06;18;2831
17;2025-12-06;19;2289
17;2025-12-06;20;1839
17;2025-12-06;21;1344
17;2025-12-06;22;857
17;2025-12-06;23;438
17;2025-12-07;0;175
17;2025-12-07;1;24
17;2025-12-07;2;0
17;2025-12-07;3;0
17;2025-12-07;4;4
17;2025-12-07;5;104
17;2025-12-07;6;427
17;2025-12-07;7;761
17;2025-12-07;8;1194
17;2025-12-07;9;1632
17;2025-12-07;10;1978
17;2025-12-07;11;2514
17;2025-12-07;12;2919
17;2025-12-07;13;3198
17;2025-12-07;14;3261
17;2025-12-07;15;3245
17;2025-12-07;16;3152
17;2025-12-07;17;2880
17;2025-12-07;18;2504
17;2025-12-07;19;2019
17;2025-12-07;20;1595
17;2025-12-07;21;1138
17;2025-12-07;22;718
17;2025-12-07;23;316
17;2025-12-08;0;112
17;2025-12-08;1;11
17;2025-12-08;2;0
17;2025-12-08;3;0
17;2025-12-08;4;26
17;2025-12-08;5;312
17;2025-12-08;6;1511
17;2025-12-08;7;3928
17;2025-12-08;8;5185
17;2025-12-08;9;3660
17;2025-12-08;10;2942
17;2025-12-08;11;2915
17;2025-12-08;12;2959
17;2025-12-08;13;3017
17;2025-12-08;14;3102
17;2025-12-08;15;3236
17;2025-12-08;16;3646
17;2025-12-08;17;4289
17;2025-12-08;18;4638
17;2025-12-08;19;3216
17;2025-12-08;20;2328
17;2025-12-08;21;1429
17;2025-12-08;22;743
17;2025-12-08;23;353
17;2025-12-09;0;115
17;2025-12-09;1;11
17;2025-12-09;2;0
17;2025-12-09;3;0
17;2025-12-09;4;27
17;2025-12-09;5;319
17;2025-12-09;6;1553
17;2025-12-09;7;4037
17;2025-12-09;8;5328
17;2025-12-09;9;3761
17;2025-12-09;10;3022
17;2025-12-09;11;2995
17;2025-12-09;12;3040
17;2025-12-09;13;3101
17;2025-12-09;14;3187
17;2025-12-09;15;3325
17;2025-12-09;16;3747
17;2025-12-09;17;4408
17;2025-12-09;18;4767
17;2025-12-09;19;3306
17;2025-12-09;20;2391
17;2025-12-09;21;1469
17;2025-12-09;22;763
17;2025-12-09;23;363
17;2025-12-10;0;115
17;2025-12-10;1;11
17;2025-12-10;2;0
17;2025-12-10;3;0
17;2025-12-10;4;27
17;2025-12-10;5;319
17;2025-12-10;6;1553
17;2025-12-10;7;4037
17;2025-12-10;8;5328
17;2025-12-10;9;3761
17;2025-12-10;10;3022
17;2025-12-10;11;2995
17;2025-12-10;12;3040
17;2025-12-10;13;3101
17;2025-12-10;14;3187
17;2025-12-10;15;3325
17;2025-12-10;16;3747
17;2025-12-10;17;4408
17;2025-12-10;18;4767
17;2025-12-10;19;3306
17;2025-12-10;20;2391
17;2025-12-10;21;1469
17;2025-12-10;22;763
17;2025-12-10;23;363
17;2025-12-11;0;115
17;2025-12-11;1;11
17;2025-12-11;2;0
17;2025-12-11;3;0
17;2025-12-11;4;27
17;2025-12-11;5;319
17;2025-12-11;6;1553
17;2025-12-11;7;4037
17;2025-12-11;8;5328
17;2025-12-11;9;3761
17;2025-12-11;10;3022
17;2025-12-11;11;2995
17;2025-12-11;12;3040
17;2025-12-11;13;3101
17;2025-12-11;14;3187
17;2025-12-11;15;3325
17;2025-12-11;16;3747
17;2025-12-11;17;4408
17;2025-12-11;18;4767
17;2025-12-11;19;3306
17;2025-12-11;20;2391
17;2025-12-11;21;1469
17;2025-12-11;22;763
17;2025-12-11;23;363
17;2025-12-12;0;136
17;2025-12-12;1;16
17;2025-12-12;2;0
17;2025-12-12;3;0
17;2025-12-12;4;25
17;2025-12-12;5;299
17;2025-12-12;6;1459
17;2025-12-12;7;3766
17;2025-12-12;8;4947
17;2025-12-12;9;3532
17;2025-12-12;10;2890
17;2025-12-12;11;2898
17;2025-12-12;12;2959
17;2025-12-12;13;3021
17;2025-12-12;14;3111
17;2025-12-12;15;3454
17;2025-12-12;16;4140
17;2025-12-12;17;4374
17;2025-12-12;18;4100
17;2025-12-12;19;2986
17;2025-12-12;20;2280
17;2025-12-12;21;1538
17;2025-12-12;22;832
17;2025-12-12;23;447
17;2025-12-13;0;187
17;2025-12-13;1;24
17;2025-12-13;2;0
17;2025-12-13;3;0
17;2025-12-13;4;5
17;2025-12-13;5;127
17;2025-12-13;6;533
17;2025-12-13;7;1119
17;2025-12-13;8;1626
17;2025-12-13;9;2091
17;2025-12-13;10;2392
17;2025-12-13;11;2908
17;2025-12-13;12;3272
17;2025-12-13;13;3468
17;2025-12-13;14;3530
17;2025-12-13;15;3514
17;2025-12-13;16;3540
17;2025-12-13;17;3178
17;2025-12-13;18;2831
17;2025-12-13;19;2289
17;2025-12-13;20;1839
17;2025-12-13;21;1344
17;2025-12-13;22;857
17;2025-12-13;23;438
17;2025-12-14;0;175
17;2025-12-14;1;24
17;2025-12-14;2;0
17;2025-12-14;3;0
17;2025-12-14;4;4
17;2025-12-14;5;104
17;2025-12-14;6;427
17;2025-12-14;7;761
17;2025-12-14;8;1194
17;2025-12-14;9;1632
17;2025-12-14;10;1978
17;2025-12-14;11;2514
17;2025-12-14;12;2919
17;2025-12-14;13;3198
17;2025-12-14;14;3261
17;2025-12-14;15;3245
17;2025-12-14;16;3152
17;2025-12-14;17;2880
17;2025-12-14;18;2504
17;2025-12-14;19;2019
17;2025-12-14;20;1595
17;2025-12-14;21;1138
17;2025-12-14;22;718
17;2025-12-14;23;316
17;2025-12-15;0;112
17;2025-12-15;1;11
17;2025-12-15;2;0
17;2025-12-15;3;0
17;2025-12-15;4;26
17;2025-12-15;5;312
17;2025-12-15;6;1511
17;2025-12-15;7;3928
17;2025-12-15;8;5185
17;2025-12-15;9;3660
17;2025-12-15;10;2942
17;2025-12-15;11;2915
17;2025-12-15;12;2959
17;2025-12-15;13;3017
17;2025-12-15;14;3102
17;2025-12-15;15;3236
17;2025-12-15;16;3646
17;2025-12-15;17;4289
17;2025-12-15;18;4638
17;2025-12-15;19;3216
17;2025-12-15;20;2328
17;2025-12-15;21;1429
17;2025-12-15;22;743
17;2025-12-15;23;353
17;2025-12-16;0;115
17;2025-12-16;1;11
17;2025-12-16;2;0
17;2025-12-16;3;0
17;2025-12-16;4;27
17;2025-12-16;5;319
17;2025-12-16;6;1553
17;2025-12-16;7;4037
17;2025-12-16;8;5328
17;2025-12-16;9;3761
17;2025-12-16;10;3022
17;2025-12-16;11;2995
17;2025-12-16;12;3040
17;2025-12-16;13;3101
17;2025-12-16;14;3187
17;2025-12-16;15;3325
17;2025-12-16;16;3747
17;2025-12-16;17;4408
17;2025-12-16;18;4767
17;2025-12-16;19;3306
17;2025-12-16;20;2391
17;2025-12-16;21;1469
17;2025-12-16;22;763
17;2025-12-16;23;363
17;2025-12-17;0;115
17;2025-12-17;1;11
17;2025-12-17;2;0
17;2025-12-17;3;0
17;2025-12-17;4;27
17;2025-12-17;5;319
17;2025-12-17;6;1553
17;2025-12-17;7;4037
17;2025-12-17;8;5328
17;2025-12-17;9;3761
17;2025-12-17;10;3022
17;2025-12-17;11;2995
17;2025-12-17;12;3040
17;2025-12-17;13;3101
17;2025-12-17;14;3187
17;2025-12-17;15;3325
17;2025-12-17;16;3747
17;2025-12-17;17;4408
17;2025-12-17;18;4767
17;2025-12-17;19;3306
17;2025-12-17;20;2391
17;2025-12-17;21;1469
17;2025-12-17;22;763
17;2025-12-17;23;363
17;2025-12-18;0;115
17;2025-12-18;1;11
17;2025-12-18;2;0
17;2025-12-18;3;0
17;2025-12-18;4;27
17;2025-12-18;5;319
17;2025-12-18;6;1553
17;2025-12-18;7;4037
17;2025-12-18;8;5328
17;2025-12-18;9;3761
17;2025-12-18;10;3022
17;2025-12-18;11;2995
17;2025-12-18;12;3040
17;2025-12-18;13;3101
17;2025-12-18;14;3187
17;2025-12-18;15;3325
17;2025-12-18;16;3747
17;2025-12-18;17;4408
17;2025-12-18;18;4767
17;2025-12-18;19;3306
17;2025-12-18;20;2391
17;2025-12-18;21;1469
17;2025-12-18;22;763
17;2025-12-18;23;363
17;2025-12-19;0;136
17;2025-12-19;1;16
17;2025-12-19;2;0
17;2025-12-19;3;0
17;2025-12-19;4;25
17;2025-12-19;5;299
17;2025-12-19;6;1459
17;2025-12-19;7;3766
17;2025-12-19;8;4947
17;2025-12-19;9;3532
17;2025-12-19;10;2890
17;2025-12-19;11;2898
17;2025-12-19;12;2959
17;2025-12-19;13;3021
17;2025-12-19;14;3111
17;2025-12-19;15;3454
17;2025-12-19;16;4140
17;2025-12-19;17;4374
17;2025-12-19;18;4100
17;2025-12-19;19;2986
17;2025-12-19;20;2280
17;2025-12-19;21;1538
17;2025-12-19;22;832
17;2025-12-19;23;447
17;2025-12-20;0;187
17;2025-12-20;1;24
17;2025-12-20;2;0
17;2025-12-20;3;0
17;2025-12-20;4;5
17;2025-12-20;5;127
17;2025-12-20;6;533
17;2025-12-20;7;1119
17;2025-12-20;8;1626
17;2025-12-20;9;2091
17;2025-12-20;10;2392
17;2025-12-20;11;2908
17;2025-12-20;12;3272
17;2025-12-20;13;3468
17;2025-12-20;14;3530
17;2025-12-20;15;3514
17;2025-12-20;16;3540
17;2025-12-20;17;3178
17;2025-12-20;18;2831
17;2025-12-20;19;2289
17;2025-12-20;20;1839
17;2025-12-20;21;1344
17;2025-12-20;22;857
17;2025-12-20;23;438
17;2025-12-21;0;175
17;2025-12-21;1;24
17;2025-12-21;2;0
17;2025-12-21;3;0
17;2025-12-21;4;4
17;2025-12-21;5;104
17;2025-12-21;6;427
17;2025-12-21;7;761
17;2025-12-21;8;1194
17;2025-12-21;9;1632
17;2025-12-21;10;1978
17;2025-12-21;11;2514
17;2025-12-21;12;2919
17;2025-12-21;13;3198
17;2025-12-21;14;3261
17;2025-12-21;15;3245
17;2025-12-21;16;3152
17;2025-12-21;17;2880
17;2025-12-21;18;2504
17;2025-12-21;19;2019
17;2025-12-21;20;1595
17;2025-12-21;21;1138
17;2025-12-21;22;718
17;2025-12-21;23;316
17;2025-12-22;0;112
17;2025-12-22;1;11
17;2025-12-22;2;0
17;2025-12-22;3;0
17;2025-12-22;4;26
17;2025-12-22;5;312
17;2025-12-22;6;1511
17;2025-12-22;7;3928
17;2025-12-22;8;5185
17;2025-12-22;9;3660
17;2025-12-22;10;2942
17;2025-12-22;11;2915
17;2025-12-22;12;2959
17;2025-12-22;13;3017
17;2025-12-22;14;3102
17;2025-12-22;15;3236
17;2025-12-22;16;3646
17;2025-12-22;17;4289
17;2025-12-22;18;4638
17;2025-12-22;19;3216
17;2025-12-22;20;2328
17;2025-12-22;21;1429
17;2025-12-22;22;743
17;2025-12-22;23;353
17;2025-12-23;0;115
17;2025-12-23;1;11
17;2025-12-23;2;0
17;2025-12-23;3;0
17;2025-12-23;4;27
17;2025-12-23;5;319
17;2025-12-23;6;1553
17;2025-12-23;7;4037
17;2025-12-23;8;5328
17;2025-12-23;9;3761
17;2025-12-23;10;3022
17;2025-12-23;11;2995
17;2025-12-23;12;3040
17;2025-12-23;13;3101
17;2025-12-23;14;3187
17;2025-12-23;15;3325
17;2025-12-23;16;3747
17;2025-12-23;17;4408
17;2025-12-23;18;4767
17;2025-12-23;19;3306
17;2025-12-23;20;2391
17;2025-12-23;21;1469
17;2025-12-23;22;763
17;2025-12-23;23;363
17;2025-12-24;0;115
17;2025-12-24;1;11
17;2025-12-24;2;0
17;2025-12-24;3;0
17;2025-12-24;4;27
17;2025-12-24;5;319
17;2025-12-24;6;1553
17;2025-12-24;7;4037
17;2025-12-24;8;5328
17;2025-12-24;9;3761
17;2025-12-24;10;3022
17;2025-12-24;11;2995
17;2025-12-24;12;3040
17;2025-12-24;13;3101
17;2025-12-24;14;3187
17;2025-12-24;15;3325
17;2025-12-24;16;3747
17;2025-12-24;17;4408
17;2025-12-24;18;4767
17;2025-12-24;19;3306
17;2025-12-24;20;2391
17;2025-12-24;21;1469
17;2025-12-24;22;763
17;2025-12-24;23;363
17;2025-12-25;0;115
17;2025-12-25;1;11
17;2025-12-25;2;0
17;2025-12-25;3;0
17;2025-12-25;4;27
17;2025-12-25;5;319
17;2025-12-25;6;1553
17;2025-12-25;7;4037
17;2025-12-25;8;5328
17;2025-12-25;9;3761
17;2025-12-25;10;3022
17;2025-12-25;11;2995
17;2025-12-25;12;3040
17;2025-12-25;13;3101
17;2025-12-25;14;3187
17;2025-12-25;15;3325
17;2025-12-25;16;3747
17;2025-12-25;17;4408
17;2025-12-25;18;4767
17;2025-12-25;19;3306
17;2025-12-25;20;2391
17;2025-12-25;21;1469
17;2025-12-25;22;763
17;2025-12-25;23;363
17;2025-12-26;0;136
17;2025-12-26;1;16
17;2025-12-26;2;0
17;2025-12-26;3;0
17;2025-12-26;4;25
17;2025-12-26;5;299
17;2025-12-26;6;1459
17;2025-12-26;7;3766
17;2025-12-26;8;4947
17;2025-12-26;9;3532
17;2025-12-26;10;2890
17;2025-12-26;11;2898
17;2025-12-26;12;2959
17;2025-12-26;13;3021
17;2025-12-26;14;3111
17;2025-12-26;15;3454
17;2025-12-26;16;4140
17;2025-12-26;17;4374
17;2025-12-26;18;4100
17;2025-12-26;19;2986
17;2025-12-26;20;2280
17;2025-12-26;21;1538
17;2025-12-26;22;832
17;2025-12-26;23;447
17;2025-12-27;0;187
17;2025-12-27;1;24
17;2025-12-27;2;0
17;2025-12-27;3;0
17;2025-12-27;4;5
17;2025-12-27;5;127
17;2025-12-27;6;533
17;2025-12-27;7;1119
17;2025-12-27;8;1626
17;2025-12-27;9;2091
17;2025-12-27;10;2392
17;2025-12-27;11;2908
17;2025-12-27;12;3272
17;2025-12-27;13;3468
17;2025-12-27;14;3530
17;2025-12-27;15;3514
17;2025-12-27;16;3540
17;2025-12-27;17;3178
17;2025-12-27;18;2831
17;2025-12-27;19;2289
17;2025-12-27;20;1839
17;2025-12-27;21;1344
17;2025-12-27;22;857
17;2025-12-27;23;438
17;2025-12-28;0;175
17;2025-12-28;1;24
17;2025-12-28;2;0
17;2025-12-28;3;0
17;2025-12-28;4;4
17;2025-12-28;5;104
17;2025-12-28;6;427
17;2025-12-28;7;761
17;2025-12-28;8;1194
17;2025-12-28;9;1632
17;2025-12-28;10;1978
17;2025-12-28;11;2514
17;2025-12-28;12;2919
17;2025-12-28;13;3198
17;2025-12-28;14;3261
17;2025-12-28;15;3245
17;2025-12-28;16;3152
17;2025-12-28;17;2880
17;2025-12-28;18;2504
17;2025-12-28;19;2019
17;2025-12-28;20;1595
17;2025-12-28;21;1138
17;2025-12-28;22;718
17;2025-12-28;23;316
17;2025-12-29;0;100
17;2025-12-29;1;10
17;2025-12-29;2;0
17;2025-12-29;3;0
17;2025-12-29;4;24
17;2025-12-29;5;280
17;2025-12-29;6;1360
17;2025-12-29;7;3535
17;2025-12-29;8;4667
17;2025-12-29;9;3294
17;2025-12-29;10;2647
17;2025-12-29;11;2622
17;2025-12-29;12;2663
17;2025-12-29;13;2717
17;2025-12-29;14;2791
17;2025-12-29;15;2912
17;2025-12-29;16;3281
17;2025-12-29;17;3860
17;2025-12-29;18;4175
17;2025-12-29;19;2895
17;2025-12-29;20;2094
17;2025-12-29;21;1287
17;2025-12-29;22;668
17;2025-12-29;23;318
17;2025-12-30;0;97
17;2025-12-30;1;10
17;2025-12-30;2;0
17;2025-12-30;3;0
17;2025-12-30;4;24
17;2025-12-30;5;271
17;2025-12-30;6;1320
17;2025-12-30;7;3431
17;2025-12-30;8;4529
17;2025-12-30;9;3197
17;2025-12-30;10;2570
17;2025-12-30;11;2545
17;2025-12-30;12;2583
17;2025-12-30;13;2636
17;2025-12-30;14;2709
17;2025-12-30;15;2826
17;2025-12-30;16;3184
17;2025-12-30;17;3747
17;2025-12-30;18;4051
17;2025-12-30;19;2810
17;2025-12-30;20;2033
17;2025-12-30;21;1249
17;2025-12-30;22;649
17;2025-12-30;23;309
17;2025-12-31;0;101
17;2025-12-31;1;14
17;2025-12-31;2;0
17;2025-12-31;3;0
17;2025-12-31;4;3
17;2025-12-31;5;69
17;2025-12-31;6;288
17;2025-12-31;7;606
17;2025-12-31;8;879
17;2025-12-31;9;1131
17;2025-12-31;10;1294
17;2025-12-31;11;1572
17;2025-12-31;12;1770
17;2025-12-31;13;1876
17;2025-12-31;14;1909
17;2025-12-31;15;1901
17;2025-12-31;16;1914
17;2025-12-31;17;1719
17;2025-12-31;18;1531
17;2025-12-31;19;1238
17;2025-12-31;20;98
17;2025-12-31;21;72
17;2025-12-31;22;45
17;2025-12-31;23;24
25;2025-11-01;0;0
25;2025-11-01;1;0
25;2025-11-01;2;0
25;2025-11-01;3;0
25;2025-11-01;4;0
25;2025-11-01;5;7
25;2025-11-01;6;185
25;2025-11-01;7;476
25;2025-11-01;8;755
25;2025-11-01;9;377
25;2025-11-01;10;340
25;2025-11-01;11;370
25;2025-11-01;12;372
25;2025-11-01;13;461
25;2025-11-01;14;423
25;2025-11-01;15;541
25;2025-11-01;16;715
25;2025-11-01;17;686
25;2025-11-01;18;580
25;2025-11-01;19;459
25;2025-11-01;20;291
25;2025-11-01;21;191
25;2025-11-01;22;120
25;2025-11-01;23;12
25;2025-11-02;0;17
25;2025-11-02;1;0
25;2025-11-02;2;0
25;2025-11-02;3;0
25;2025-11-02;4;0
25;2025-11-02;5;6
25;2025-11-02;6;80
25;2025-11-02;7;99
25;2025-11-02;8;194
25;2025-11-02;9;219
25;2025-11-02;10;229
25;2025-11-02;11;320
25;2025-11-02;12;375
25;2025-11-02;13;480
25;2025-11-02;14;537
25;2025-11-02;15;615
25;2025-11-02;16;538
25;2025-11-02;17;490
25;2025-11-02;18;406
25;2025-11-02;19;309
25;2025-11-02;20;228
25;2025-11-02;21;181
25;2025-11-02;22;106
25;2025-11-02;23;40
25;2025-11-03;0;10
25;2025-11-03;1;0
25;2025-11-03;2;0
25;2025-11-03;3;0
25;2025-11-03;4;0
25;2025-11-03;5;7
25;2025-11-03;6;75
25;2025-11-03;7;101
25;2025-11-03;8;211
25;2025-11-03;9;211
25;2025-11-03;10;225
25;2025-11-03;11;304
25;2025-11-03;12;345
25;2025-11-03;13;468
25;2025-11-03;14;497
25;2025-11-03;15;575
25;2025-11-03;16;518
25;2025-11-03;17;440
25;2025-11-03;18;377
25;2025-11-03;19;308
25;2025-11-03;20;212
25;2025-11-03;21;170
25;2025-11-03;22;103
25;2025-11-03;23;40
25;2025-11-04;0;10
25;2025-11-04;1;0
25;2025-11-04;2;0
25;2025-11-04;3;0
25;2025-11-04;4;0
25;2025-11-04;5;7
25;2025-11-04;6;75
25;2025-11-04;7;101
25;2025-11-04;8;211
25;2025-11-04;9;211
25;2025-11-04;10;225
25;2025-11-04;11;304
25;2025-11-04;12;345
25;2025-11-04;13;468
25;2025-11-04;14;497
25;2025-11-04;15;575
25;2025-11-04;16;518
25;2025-11-04;17;440
25;2025-11-04;18;377
25;2025-11-04;19;308
25;2025-11-04;20;212
25;2025-11-04;21;170
25;2025-11-04;22;103
25;2025-11-04;23;40
25;2025-11-05;0;4
25;2025-11-05;1;0
25;2025-11-05;2;0
25;2025-11-05;3;0
25;2025-11-05;4;0
25;2025-11-05;5;11
25;2025-11-05;6;224
25;2025-11-05;7;569
25;2025-11-05;8;950
25;2025-11-05;9;492
25;2025-11-05;10;388
25;2025-11-05;11;440
25;2025-11-05;12;432
25;2025-11-05;13;539
25;2025-11-05;14;471
25;2025-11-05;15;559
25;2025-11-05;16;732
25;2025-11-05;17;788
25;2025-11-05;18;822
25;2025-11-05;19;555
25;2025-11-05;20;330
25;2025-11-05;21;219
25;2025-11-05;22;120
25;2025-11-05;23;9
25;2025-11-06;0;4
25;2025-11-06;1;0
25;2025-11-06;2;0
25;2025-11-06;3;0
25;2025-11-06;4;0
25;2025-11-06;5;11
25;2025-11-06;6;224
25;2025-11-06;7;569
25;2025-11-06;8;950
25;2025-11-06;9;492
25;2025-11-06;10;388
25;2025-11-06;11;440
25;2025-11-06;12;432
25;2025-11-06;13;539
25;2025-11-06;14;471
25;2025-11-06;15;559
25;2025-11-06;16;732
25;2025-11-06;17;788
25;2025-11-06;18;822
25;2025-11-06;19;555
25;2025-11-06;20;330
25;2025-11-06;21;219
25;2025-11-06;22;120
25;2025-11-06;23;9
25;2025-11-07;0;1
25;2025-11-07;1;0
25;2025-11-07;2;0
25;2025-11-07;3;0
25;2025-11-07;4;0
25;2025-11-07;5;8
25;2025-11-07;6;210
25;2025-11-07;7;541
25;2025-11-07;8;858
25;2025-11-07;9;429
25;2025-11-07;10;387
25;2025-11-07;11;421
25;2025-11-07;12;422
25;2025-11-07;13;524
25;2025-11-07;14;481
25;2025-11-07;15;615
25;2025-11-07;16;813
25;2025-11-07;17;779
25;2025-11-07;18;660
25;2025-11-07;19;522
25;2025-11-07;20;331
25;2025-11-07;21;217
25;2025-11-07;22;136
25;2025-11-07;23;14
25;2025-11-08;0;4
25;2025-11-08;1;0
25;2025-11-08;2;0
25;2025-11-08;3;0
25;2025-11-08;4;0
25;2025-11-08;5;10
25;2025-11-08;6;89
25;2025-11-08;7;128
25;2025-11-08;8;285
25;2025-11-08;9;256
25;2025-11-08;10;278
25;2025-11-08;11;364
25;2025-11-08;12;400
25;2025-11-08;13;574
25;2025-11-08;14;580
25;2025-11-08;15;678
25;2025-11-08;16;629
25;2025-11-08;17;498
25;2025-11-08;18;442
25;2025-11-08;19;386
25;2025-11-08;20;248
25;2025-11-08;21;201
25;2025-11-08;22;127
25;2025-11-08;23;52
25;2025-11-09;0;17
25;2025-11-09;1;0
25;2025-11-09;2;0
25;2025-11-09;3;0
25;2025-11-09;4;0
25;2025-11-09;5;6
25;2025-11-09;6;80
25;2025-11-09;7;99
25;2025-11-09;8;194
25;2025-11-09;9;219
25;2025-11-09;10;229
25;2025-11-09;11;320
25;2025-11-09;12;375
25;2025-11-09;13;480
25;2025-11-09;14;537
25;2025-11-09;15;615
25;2025-11-09;16;538
25;2025-11-09;17;490
25;2025-11-09;18;406
25;2025-11-09;19;309
25;2025-11-09;20;228
25;2025-11-09;21;181
25;2025-11-09;22;106
25;2025-11-09;23;40
25;2025-11-10;0;3
25;2025-11-10;1;0
25;2025-11-10;2;0
25;2025-11-10;3;0
25;2025-11-10;4;0
25;2025-11-10;5;11
25;2025-11-10;6;218
25;2025-11-10;7;553
25;2025-11-10;8;924
25;2025-11-10;9;479
25;2025-11-10;10;378
25;2025-11-10;11;428
25;2025-11-10;12;420
25;2025-11-10;13;525
25;2025-11-10;14;458
25;2025-11-10;15;544
25;2025-11-10;16;712
25;2025-11-10;17;767
25;2025-11-10;18;800
25;2025-11-10;19;540
25;2025-11-10;20;321
25;2025-11-10;21;213
25;2025-11-10;22;116
25;2025-11-10;23;9
25;2025-11-11;0;4
25;2025-11-11;1;0
25;2025-11-11;2;0
25;2025-11-11;3;0
25;2025-11-11;4;0
25;2025-11-11;5;11
25;2025-11-11;6;224
25;2025-11-11;7;569
25;2025-11-11;8;950
25;2025-11-11;9;492
25;2025-11-11;10;388
25;2025-11-11;11;440
25;2025-11-11;12;432
25;2025-11-11;13;539
25;2025-11-11;14;471
25;2025-11-11;15;559
25;2025-11-11;16;732
25;2025-11-11;17;788
25;2025-11-11;18;822
25;2025-11-11;19;555
25;2025-11-11;20;330
25;2025-11-11;21;219
25;2025-11-11;22;120
25;2025-11-11;23;9
25;2025-11-12;0;4
25;2025-11-12;1;0
25;2025-11-12;2;0
25;2025-11-12;3;0
25;2025-11-12;4;0
25;2025-11-12;5;11
25;2025-11-12;6;224
25;2025-11-12;7;569
25;2025-11-12;8;950
25;2025-11-12;9;492
25;2025-11-12;10;388
25;2025-11-12;11;440
25;2025-11-12;12;432
25;2025-11-12;13;539
25;2025-11-12;14;471
25;2025-11-12;15;559
25;2025-11-12;16;732
25;2025-11-12;17;788
25;2025-11-12;18;822
25;2025-11-12;19;555
25;2025-11-12;20;330
25;2025-11-12;21;219
25;2025-11-12;22;120
25;2025-11-12;23;9
25;2025-11-13;0;4
25;2025-11-13;1;0
25;2025-11-13;2;0
25;2025-11-13;3;0
25;2025-11-13;4;0
25;2025-11-13;5;11
25;2025-11-13;6;224
25;2025-11-13;7;569
25;2025-11-13;8;950
25;2025-11-13;9;492
25;2025-11-13;10;388
25;2025-11-13;11;440
25;2025-11-13;12;432
25;2025-11-13;13;539
25;2025-11-13;14;471
25;2025-11-13;15;559
25;2025-11-13;16;732
25;2025-11-13;17;788
25;2025-11-13;18;822
25;2025-11-13;19;555
25;2025-11-13;20;330
25;2025-11-13;21;219
25;2025-11-13;22;120
25;2025-11-13;23;9
25;2025-11-14;0;1
25;2025-11-14;1;0
25;2025-11-14;2;0
25;2025-11-14;3;0
25;2025-11-14;4;0
25;2025-11-14;5;8
25;2025-11-14;6;210
25;2025-11-14;7;541
25;2025-11-14;8;858
25;2025-11-14;9;429
25;2025-11-14;10;387
25;2025-11-14;11;421
25;2025-11-14;12;422
25;2025-11-14;13;524
25;2025-11-14;14;481
25;2025-11-14;15;615
25;2025-11-14;16;813
25;2025-11-14;17;779
25;2025-11-14;18;660
25;2025-11-14;19;522
25;2025-11-14;20;331
25;2025-11-14;21;217
25;2025-11-14;22;136
25;2025-11-14;23;14
25;2025-11-15;0;4
25;2025-11-15;1;0
25;2025-11-15;2;0
25;2025-11-15;3;0
25;2025-11-15;4;0
25;2025-11-15;5;10
25;2025-11-15;6;89
25;2025-11-15;7;128
25;2025-11-15;8;285
25;2025-11-15;9;256
25;2025-11-15;10;278
25;2025-11-15;11;364
25;2025-11-15;12;400
25;2025-11-15;13;574
25;2025-11-15;14;580
25;2025-11-15;15;678
25;2025-11-15;16;629
25;2025-11-15;17;498
25;2025-11-15;18;442
25;2025-11-15;19;386
25;2025-11-15;20;248
25;2025-11-15;21;201
25;2025-11-15;22;127
25;2025-11-15;23;52
25;2025-11-16;0;17
25;2025-11-16;1;0
25;2025-11-16;2;0
25;2025-11-16;3;0
25;2025-11-16;4;0
25;2025-11-16;5;6
25;2025-11-16;6;80
25;2025-11-16;7;99
25;2025-11-16;8;194
25;2025-11-16;9;219
25;2025-11-16;10;229
25;2025-11-16;11;320
25;2025-11-16;12;375
25;2025-11-16;13;480
25;2025-11-16;14;537
25;2025-11-16;15;615
25;2025-11-16;16;538
25;2025-11-16;17;490
25;2025-11-16;18;406
25;2025-11-16;19;309
25;2025-11-16;20;228
25;2025-11-16;21;181
25;2025-11-16;22;106
25;2025-11-16;23;40
25;2025-11-17;0;3
25;2025-11-17;1;0
25;2025-11-17;2;0
25;2025-11-17;3;0
25;2025-11-17;4;0
25;2025-11-17;5;11
25;2025-11-17;6;218
25;2025-11-17;7;553
25;2025-11-17;8;924
25;2025-11-17;9;479
25;2025-11-17;10;378
25;2025-11-17;11;428
25;2025-11-17;12;420
25;2025-11-17;13;525
25;2025-11-17;14;458
25;2025-11-17;15;544
25;2025-11-17;16;712
25;2025-11-17;17;767
25;2025-11-17;18;800
25;2025-11-17;19;540
25;2025-11-17;20;321
25;2025-11-17;21;213
25;2025-11-17;22;116
25;2025-11-17;23;9
25;2025-11-18;0;4
25;2025-11-18;1;0
25;2025-11-18;2;0
25;2025-11-18;3;0
25;2025-11-18;4;0
25;2025-11-18;5;11
25;2025-11-18;6;224
25;2025-11-18;7;569
25;2025-11-18;8;950
25;2025-11-18;9;492
25;2025-11-18;10;388
25;2025-11-18;11;440
25;2025-11-18;12;432
25;2025-11-18;13;539
25;2025-11-18;14;471
25;2025-11-18;15;559
25;2025-11-18;16;732
25;2025-11-18;17;788
25;2025-11-18;18;822
25;2025-11-18;19;555
25;2025-11-18;20;330
25;2025-11-18;21;219
25;2025-11-18;22;120
25;2025-11-18;23;9
25;2025-11-19;0;4
25;2025-11-19;1;0
25;2025-11-19;2;0
25;2025-11-19;3;0
25;2025-11-19;4;0
25;2025-11-19;5;11
25;2025-11-19;6;224
25;2025-11-19;7;569
25;2025-11-19;8;950
25;2025-11-19;9;492
25;2025-11-19;10;388
25;2025-11-19;11;440
25;2025-11-19;12;432
25;2025-11-19;13;539
25;2025-11-19;14;471
25;2025-11-19;15;559
25;2025-11-19;16;732
25;2025-11-19;17;788
25;2025-11-19;18;822
25;2025-11-19;19;555
25;2025-11-19;20;330
25;2025-11-19;21;219
25;2025-11-19;22;120
25;2025-11-19;23;9
25;2025-11-20;0;4
25;2025-11-20;1;0
25;2025-11-20;2;0
25;2025-11-20;3;0
25;2025-11-20;4;0
25;2025-11-20;5;11
25;2025-11-20;6;224
25;2025-11-20;7;569
25;2025-11-20;8;950
25;2025-11-20;9;492
25;2025-11-20;10;388
25;2025-11-20;11;440
25;2025-11-20;12;432
25;2025-11-20;13;539
25;2025-11-20;14;471
25;2025-11-20;15;559
25;2025-11-20;16;732
25;2025-11-20;17;788
25;2025-11-20;18;822
25;2025-11-20;19;555
25;2025-11-20;20;330
25;2025-11-20;21;219
25;2025-11-20;22;120
25;2025-11-20;23;9
25;2025-11-21;0;1
25;2025-11-21;1;0
25;2025-11-21;2;0
25;2025-11-21;3;0
25;2025-11-21;4;0
25;2025-11-21;5;8
25;2025-11-21;6;210
25;2025-11-21;7;541
25;2025-11-21;8;858
25;2025-11-21;9;429
25;2025-11-21;10;387
25;2025-11-21;11;421
25;2025-11-21;12;422
25;2025-11-21;13;524
25;2025-11-21;14;481
25;2025-11-21;15;615
25;2025-11-21;16;813
25;2025-11-21;17;779
25;2025-11-21;18;660
25;2025-11-21;19;522
25;2025-11-21;20;331
25;2025-11-21;21;217
25;2025-11-21;22;136
25;2025-11-21;23;14
25;2025-11-22;0;4
25;2025-11-22;1;0
25;2025-11-22;2;0
25;2025-11-22;3;0
25;2025-11-22;4;0
25;2025-11-22;5;10
25;2025-11-22;6;89
25;2025-11-22;7;128
25;2025-11-22;8;285
25;2025-11-22;9;256
25;2025-11-22;10;278
25;2025-11-22;11;364
25;2025-11-22;12;400
25;2025-11-22;13;574
25;2025-11-22;14;580
25;2025-11-22;15;678
25;2025-11-22;16;629
25;2025-11-22;17;498
25;2025-11-22;18;442
25;2025-11-22;19;386
25;2025-11-22;20;248
25;2025-11-22;21;201
25;2025-11-22;22;127
25;2025-11-22;23;52
25;2025-11-23;0;17
25;2025-11-23;1;0
25;2025-11-23;2;0
25;2025-11-23;3;0
25;2025-11-23;4;0
25;2025-11-23;5;6
25;2025-11-23;6;80
25;2025-11-23;7;99
25;2025-11-23;8;194
25;2025-11-23;9;219
25;2025-11-23;10;229
25;2025-11-23;11;320
25;2025-11-23;12;375
25;2025-11-23;13;480
25;2025-11-23;14;537
25;2025-11-23;15;615
25;2025-11-23;16;538
25;2025-11-23;17;490
25;2025-11-23;18;406
25;2025-11-23;19;309
25;2025-11-23;20;228
25;2025-11-23;21;181
25;2025-11-23;22;106
25;2025-11-23;23;40
25;2025-11-24;0;3
25;2025-11-24;1;0
25;2025-11-24;2;0
25;2025-11-24;3;0
25;2025-11-24;4;0
25;2025-11-24;5;11
25;2025-11-24;6;218
25;2025-11-24;7;553
25;2025-11-24;8;924
25;2025-11-24;9;479
25;2025-11-24;10;378
25;2025-11-24;11;428
25;2025-11-24;12;420
25;2025-11-24;13;525
25;2025-11-24;14;458
25;2025-11-24;15;544
25;2025-11-24;16;712
25;2025-11-24;17;767
25;2025-11-24;18;800
25;2025-11-24;19;540
25;2025-11-24;20;321
25;2025-11-24;21;213
25;2025-11-24;22;116
25;2025-11-24;23;9
25;2025-11-25;0;4
25;2025-11-25;1;0
25;2025-11-25;2;0
25;2025-11-25;3;0
25;2025-11-25;4;0
25;2025-11-25;5;11
25;2025-11-25;6;224
25;2025-11-25;7;569
25;2025-11-25;8;950
25;2025-11-25;9;492
25;2025-11-25;10;388
25;2025-11-25;11;440
25;2025-11-25;12;432
25;2025-11-25;13;539
25;2025-11-25;14;471
25;2025-11-25;15;559
25;2025-11-25;16;732
25;2025-11-25;17;788
25;2025-11-25;18;822
25;2025-11-25;19;555
25;2025-11-25;20;330
25;2025-11-25;21;219
25;2025-11-25;22;120
25;2025-11-25;23;9
25;2025-11-26;0;4
25;2025-11-26;1;0
25;2025-11-26;2;0
25;2025-11-26;3;0
25;2025-11-26;4;0
25;2025-11-26;5;11
25;2025-11-26;6;224
25;2025-11-26;7;569
25;2025-11-26;8;950
25;2025-11-26;9;492
25;2025-11-26;10;388
25;2025-11-26;11;440
25;2025-11-26;12;432
25;2025-11-26;13;539
25;2025-11-26;14;471
25;2025-11-26;15;559
25;2025-11-26;16;732
25;2025-11-26;17;788
25;2025-11-26;18;822
25;2025-11-26;19;555
25;2025-11-26;20;330
25;2025-11-26;21;219
25;2025-11-26;22;120
25;2025-11-26;23;9
25;2025-11-27;0;4
25;2025-11-27;1;0
25;2025-11-27;2;0
25;2025-11-27;3;0
25;2025-11-27;4;0
25;2025-11-27;5;11
25;2025-11-27;6;224
25;2025-11-27;7;569
25;2025-11-27;8;950
25;2025-11-27;9;492
25;2025-11-27;10;388
25;2025-11-27;11;440
25;2025-11-27;12;432
25;2025-11-27;13;539
25;2025-11-27;14;471
25;2025-11-27;15;559
25;2025-11-27;16;732
25;2025-11-27;17;788
25;2025-11-27;18;822
25;2025-11-27;19;555
25;2025-11-27;20;330
25;2025-11-27;21;219
25;2025-11-27;22;120
25;2025-11-27;23;9
25;2025-11-28;0;1
25;2025-11-28;1;0
25;2025-11-28;2;0
25;2025-11-28;3;0
25;2025-11-28;4;0
25;2025-11-28;5;8
25;2025-11-28;6;210
25;2025-11-28;7;541
25;2025-11-28;8;858
25;2025-11-28;9;429
25;2025-11-28;10;387
25;2025-11-28;11;421
25;2025-11-28;12;422
25;2025-11-28;13;524
25;2025-11-28;14;481
25;2025-11-28;15;615
25;2025-11-28;16;813
25;2025-11-28;17;779
25;2025-11-28;18;660
25;2025-11-28;19;522
25;2025-11-28;20;331
25;2025-11-28;21;217
25;2025-11-28;22;136
25;2025-11-28;23;14
25;2025-11-29;0;4
25;2025-11-29;1;0
25;2025-11-29;2;0
25;2025-11-29;3;0
25;2025-11-29;4;0
25;2025-11-29;5;10
25;2025-11-29;6;89
25;2025-11-29;7;128
25;2025-11-29;8;285
25;2025-11-29;9;256
25;2025-11-29;10;278
25;2025-11-29;11;364
25;2025-11-29;12;400
25;2025-11-29;13;574
25;2025-11-29;14;580
25;2025-11-29;15;678
25;2025-11-29;16;629
25;2025-11-29;17;498
25;2025-11-29;18;442
25;2025-11-29;19;386
25;2025-11-29;20;248
25;2025-11-29;21;201
25;2025-11-29;22;127
25;2025-11-29;23;52
25;2025-11-30;0;17
25;2025-11-30;1;0
25;2025-11-30;2;0
25;2025-11-30;3;0
25;2025-11-30;4;0
25;2025-11-30;5;6
25;2025-11-30;6;80
25;2025-11-30;7;99
25;2025-11-30;8;194
25;2025-11-30;9;219
25;2025-11-30;10;229
25;2025-11-30;11;320
25;2025-11-30;12;375
25;2025-11-30;13;480
25;2025-11-30;14;537
25;2025-11-30;15;615
25;2025-11-30;16;538
25;2025-11-30;17;490
25;2025-11-30;18;406
25;2025-11-30;19;309
25;2025-11-30;20;228
25;2025-11-30;21;181
25;2025-11-30;22;106
25;2025-11-30;23;40
25;2025-12-01;0;3
25;2025-12-01;1;0
25;2025-12-01;2;0
25;2025-12-01;3;0
25;2025-12-01;4;0
25;2025-12-01;5;9
25;2025-12-01;6;205
25;2025-12-01;7;550
25;2025-12-01;8;912
25;2025-12-01;9;472
25;2025-12-01;10;369
25;2025-12-01;11;416
25;2025-12-01;12;410
25;2025-12-01;13;510
25;2025-12-01;14;448
25;2025-12-01;15;528
25;2025-12-01;16;704
25;2025-12-01;17;754
25;2025-12-01;18;792
25;2025-12-01;19;520
25;2025-12-01;20;316
25;2025-12-01;21;206
25;2025-12-01;22;120
25;2025-12-01;23;9
25;2025-12-02;0;4
25;2025-12-02;1;0
25;2025-12-02;2;0
25;2025-12-02;3;0
25;2025-12-02;4;0
25;2025-12-02;5;10
25;2025-12-02;6;210
25;2025-12-02;7;564
25;2025-12-02;8;938
25;2025-12-02;9;485
25;2025-12-02;10;380
25;2025-12-02;11;428
25;2025-12-02;12;420
25;2025-12-02;13;523
25;2025-12-02;14;461
25;2025-12-02;15;543
25;2025-12-02;16;723
25;2025-12-02;17;774
25;2025-12-02;18;814
25;2025-12-02;19;534
25;2025-12-02;20;324
25;2025-12-02;21;212
25;2025-12-02;22;122
25;2025-12-02;23;10
25;2025-12-03;0;4
25;2025-12-03;1;0
25;2025-12-03;2;0
25;2025-12-03;3;0
25;2025-12-03;4;0
25;2025-12-03;5;10
25;2025-12-03;6;210
25;2025-12-03;7;564
25;2025-12-03;8;938
25;2025-12-03;9;485
25;2025-12-03;10;380
25;2025-12-03;11;428
25;2025-12-03;12;420
25;2025-12-03;13;523
25;2025-12-03;14;461
25;2025-12-03;15;543
25;2025-12-03;16;723
25;2025-12-03;17;774
25;2025-12-03;18;814
25;2025-12-03;19;534
25;2025-12-03;20;324
25;2025-12-03;21;212
25;2025-12-03;22;122
25;2025-12-03;23;10
25;2025-12-04;0;4
25;2025-12-04;1;0
25;2025-12-04;2;0
25;2025-12-04;3;0
25;2025-12-04;4;0
25;2025-12-04;5;10
25;2025-12-04;6;210
25;2025-12-04;7;564
25;2025-12-04;8;938
25;2025-12-04;9;485
25;2025-12-04;10;380
25;2025-12-04;11;428
25;2025-12-04;12;420
25;2025-12-04;13;523
25;2025-12-04;14;461
25;2025-12-04;15;543
25;2025-12-04;16;723
25;2025-12-04;17;774
25;2025-12-04;18;814
25;2025-12-04;19;534
25;2025-12-04;20;324
25;2025-12-04;21;212
25;2025-12-04;22;122
25;2025-12-04;23;10
25;2025-12-05;0;1
25;2025-12-05;1;0
25;2025-12-05;2;0
25;2025-12-05;3;0
25;2025-12-05;4;0
25;2025-12-05;5;7
25;2025-12-05;6;195
25;2025-12-05;7;532
25;2025-12-05;8;849
25;2025-12-05;9;423
25;2025-12-05;10;378
25;2025-12-05;11;410
25;2025-12-05;12;416
25;2025-12-05;13;510
25;2025-12-05;14;477
25;2025-12-05;15;601
25;2025-12-05;16;799
25;2025-12-05;17;771
25;2025-12-05;18;648
25;2025-12-05;19;496
25;2025-12-05;20;323
25;2025-12-05;21;213
25;2025-12-05;22;139
25;2025-12-05;23;14
25;2025-12-06;0;4
25;2025-12-06;1;0
25;2025-12-06;2;0
25;2025-12-06;3;0
25;2025-12-06;4;0
25;2025-12-06;5;8
25;2025-12-06;6;79
25;2025-12-06;7;125
25;2025-12-06;8;277
25;2025-12-06;9;249
25;2025-12-06;10;271
25;2025-12-06;11;355
25;2025-12-06;12;392
25;2025-12-06;13;548
25;2025-12-06;14;554
25;2025-12-06;15;647
25;2025-12-06;16;599
25;2025-12-06;17;477
25;2025-12-06;18;424
25;2025-12-06;19;371
25;2025-12-06;20;242
25;2025-12-06;21;198
25;2025-12-06;22;127
25;2025-12-06;23;52
25;2025-12-07;0;17
25;2025-12-07;1;0
25;2025-12-07;2;0
25;2025-12-07;3;0
25;2025-12-07;4;0
25;2025-12-07;5;5
25;2025-12-07;6;73
25;2025-12-07;7;97
25;2025-12-07;8;190
25;2025-12-07;9;216
25;2025-12-07;10;225
25;2025-12-07;11;313
25;2025-12-07;12;366
25;2025-12-07;13;466
25;2025-12-07;14;514
25;2025-12-07;15;589
25;2025-12-07;16;518
25;2025-12-07;17;467
25;2025-12-07;18;393
25;2025-12-07;19;307
25;2025-12-07;20;221
25;2025-12-07;21;183
25;2025-12-07;22;106
25;2025-12-07;23;40
25;2025-12-08;0;3
25;2025-12-08;1;0
25;2025-12-08;2;0
25;2025-12-08;3;0
25;2025-12-08;4;0
25;2025-12-08;5;9
25;2025-12-08;6;205
25;2025-12-08;7;550
25;2025-12-08;8;912
25;2025-12-08;9;472
25;2025-12-08;10;369
25;2025-12-08;11;416
25;2025-12-08;12;410
25;2025-12-08;13;510
25;2025-12-08;14;448
25;2025-12-08;15;528
25;2025-12-08;16;704
25;2025-12-08;17;754
25;2025-12-08;18;792
25;2025-12-08;19;520
25;2025-12-08;20;316
25;2025-12-08;21;206
25;2025-12-08;22;120
25;2025-12-08;23;9
25;2025-12-09;0;4
25;2025-12-09;1;0
25;2025-12-09;2;0
25;2025-12-09;3;0
25;2025-12-09;4;0
25;2025-12-09;5;10
25;2025-12-09;6;210
25;2025-12-09;7;564
25;2025-12-09;8;938
25;2025-12-09;9;485
25;2025-12-09;10;380
25;2025-12-09;11;428
25;2025-12-09;12;420
25;2025-12-09;13;523
25;2025-12-09;14;461
25;2025-12-09;15;543
25;2025-12-09;16;723
25;2025-12-09;17;774
25;2025-12-09;18;814
25;2025-12-09;19;534
25;2025-12-09;20;324
25;2025-12-09;21;212
25;2025-12-09;22;122
25;2025-12-09;23;10
25;2025-12-10;0;4
25;2025-12-10;1;0
25;2025-12-10;2;0
25;2025-12-10;3;0
25;2025-12-10;4;0
25;2025-12-10;5;10
25;2025-12-10;6;210
25;2025-12-10;7;564
25;2025-12-10;8;938
25;2025-12-10;9;485
25;2025-12-10;10;380
25;2025-12-10;11;428
25;2025-12-10;12;420
25;2025-12-10;13;523
25;2025-12-10;14;461
25;2025-12-10;15;543
25;2025-12-10;16;723
25;2025-12-10;17;774
25;2025-12-10;18;814
25;2025-12-10;19;534
25;2025-12-10;20;324
25;2025-12-10;21;212
25;2025-12-10;22;122
25;2025-12-10;23;10
25;2025-12-11;0;4
25;2025-12-11;1;0
25;2025-12-11;2;0
25;2025-12-11;3;0
25;2025-12-11;4;0
25;2025-12-11;5;10
25;2025-12-11;6;210
25;2025-12-11;7;564
25;2025-12-11;8;938
25;2025-12-11;9;485
25;2025-12-11;10;380
25;2025-12-11;11;428
25;2025-12-11;12;420
25;2025-12-11;13;523
25;2025-12-11;14;461
25;2025-12-11;15;543
25;2025-12-11;16;723
25;2025-12-11;17;774
25;2025-12-11;18;814
25;2025-12-11;19;534
25;2025-12-11;20;324
25;2025-12-11;21;212
25;2025-12-11;22;122
25;2025-12-11;23;10
25;2025-12-12;0;1
25;2025-12-12;1;0
25;2025-12-12;2;0
25;2025-12-12;3;0
25;2025-12-12;4;0
25;2025-12-12;5;7
25;2025-12-12;6;195
25;2025-12-12;7;532
25;2025-12-12;8;849
25;2025-12-12;9;423
25;2025-12-12;10;378
25;2025-12-12;11;410
25;2025-12-12;12;416
25;2025-12-12;13;510
25;2025-12-12;14;477
25;2025-12-12;15;601
25;2025-12-12;16;799
25;2025-12-12;17;771
25;2025-12-12;18;648
25;2025-12-12;19;496
25;2025-12-12;20;323
25;2025-12-12;21;213
25;2025-12-12;22;139
25;2025-12-12;23;14
25;2025-12-13;0;4
25;2025-12-13;1;0
25;2025-12-13;2;0
25;2025-12-13;3;0
25;2025-12-13;4;0
25;2025-12-13;5;8
25;2025-12-13;6;79
25;2025-12-13;7;125
25;2025-12-13;8;277
25;2025-12-13;9;249
25;2025-12-13;10;271
25;2025-12-13;11;355
25;2025-12-13;12;392
25;2025-12-13;13;548
25;2025-12-13;14;554
25;2025-12-13;15;647
25;2025-12-13;16;599
25;2025-12-13;17;477
25;2025-12-13;18;424
25;2025-12-13;19;371
25;2025-12-13;20;242
25;2025-12-13;21;198
25;2025-12-13;22;127
25;2025-12-13;23;52
25;2025-12-14;0;17
25;2025-12-14;1;0
25;2025-12-14;2;0
25;2025-12-14;3;0
25;2025-12-14;4;0
25;2025-12-14;5;5
25;2025-12-14;6;73
25;2025-12-14;7;97
25;2025-12-14;8;190
25;2025-12-14;9;216
25;2025-12-14;10;225
25;2025-12-14;11;313
25;2025-12-14;12;366
25;2025-12-14;13;466
25;2025-12-14;14;514
25;2025-12-14;15;589
25;2025-12-14;16;518
25;2025-12-14;17;467
25;2025-12-14;18;393
25;2025-12-14;19;307
25;2025-12-14;20;221
25;2025-12-14;21;183
25;2025-12-14;22;106
25;2025-12-14;23;40
25;2025-12-15;0;3
25;2025-12-15;1;0
25;2025-12-15;2;0
25;2025-12-15;3;0
25;2025-12-15;4;0
25;2025-12-15;5;9
25;2025-12-15;6;205
25;2025-12-15;7;550
25;2025-12-15;8;912
25;2025-12-15;9;472
25;2025-12-15;10;369
25;2025-12-15;11;416
25;2025-12-15;12;410
25;2025-12-15;13;510
25;2025-12-15;14;448
25;2025-12-15;15;528
25;2025-12-15;16;704
25;2025-12-15;17;754
25;2025-12-15;18;792
25;2025-12-15;19;520
25;2025-12-15;20;316
25;2025-12-15;21;206
25;2025-12-15;22;120
25;2025-12-15;23;9
25;2025-12-16;0;4
25;2025-12-16;1;0
25;2025-12-16;2;0
25;2025-12-16;3;0
25;2025-12-16;4;0
25;2025-12-16;5;10
25;2025-12-16;6;210
25;2025-12-16;7;564
25;2025-12-16;8;938
25;2025-12-16;9;485
25;2025-12-16;10;380
25;2025-12-16;11;428
25;2025-12-16;12;420
25;2025-12-16;13;523
25;2025-12-16;14;461
25;2025-12-16;15;543
25;2025-12-16;16;723
25;2025-12-16;17;774
25;2025-12-16;18;814
25;2025-12-16;19;534
25;2025-12-16;20;324
25;2025-12-16;21;212
25;2025-12-16;22;122
25;2025-12-16;23;10
25;2025-12-17;0;4
25;2025-12-17;1;0
25;2025-12-17;2;0
25;2025-12-17;3;0
25;2025-12-17;4;0
25;2025-12-17;5;10
25;2025-12-17;6;210
25;2025-12-17;7;564
25;2025-12-17;8;938
25;2025-12-17;9;485
25;2025-12-17;10;380
25;2025-12-17;11;428
25;2025-12-17;12;420
25;2025-12-17;13;523
25;2025-12-17;14;461
25;2025-12-17;15;543
25;2025-12-17;16;723
25;2025-12-17;17;774
25;2025-12-17;18;814
25;2025-12-17;19;534
25;2025-12-17;20;324
25;2025-12-17;21;212
25;2025-12-17;22;122
25;2025-12-17;23;10
25;2025-12-18;0;4
25;2025-12-18;1;0
25;2025-12-18;2;0
25;2025-12-18;3;0
25;2025-12-18;4;0
25;2025-12-18;5;10
25;2025-12-18;6;210
25;2025-12-18;7;564
25;2025-12-18;8;938
25;2025-12-18;9;485
25;2025-12-18;10;380
25;2025-12-18;11;428
25;2025-12-18;12;420
25;2025-12-18;13;523
25;2025-12-18;14;461
25;2025-12-18;15;543
25;2025-12-18;16;723
25;2025-12-18;17;774
25;2025-12-18;18;814
25;2025-12-18;19;534
25;2025-12-18;20;324
25;2025-12-18;21;212
25;2025-12-18;22;122
25;2025-12-18;23;10
25;2025-12-19;0;1
25;2025-12-19;1;0
25;2025-12-19;2;0
25;2025-12-19;3;0
25;2025-12-19;4;0
25;2025-12-19;5;7
25;2025-12-19;6;195
25;2025-12-19;7;532
25;2025-12-19;8;849
25;2025-12-19;9;423
25;2025-12-19;10;378
25;2025-12-19;11;410
25;2025-12-19;12;416
25;2025-12-19;13;510
25;2025-12-19;14;477
25;2025-12-19;15;601
25;2025-12-19;16;799
25;2025-12-19;17;771
25;2025-12-19;18;648
25;2025-12-19;19;496
25;2025-12-19;20;323
25;2025-12-19;21;213
25;2025-12-19;22;139
25;2025-12-19;23;14
25;2025-12-20;0;4
25;2025-12-20;1;0
25;2025-12-20;2;0
25;2025-12-20;3;0
25;2025-12-20;4;0
25;2025-12-20;5;8
25;2025-12-20;6;79
25;2025-12-20;7;125
25;2025-12-20;8;277
25;2025-12-20;9;249
25;2025-12-20;10;271
25;2025-12-20;11;355
25;2025-12-20;12;392
25;2025-12-20;13;548
25;2025-12-20;14;554
25;2025-12-20;15;647
25;2025-12-20;16;599
25;2025-12-20;17;477
25;2025-12-20;18;424
25;2025-12-20;19;371
25;2025-12-20;20;242
25;2025-12-20;21;198
25;2025-12-20;22;127
25;2025-12-20;23;52
25;2025-12-21;0;17
25;2025-12-21;1;0
25;2025-12-21;2;0
25;2025-12-21;3;0
25;2025-12-21;4;0
25;2025-12-21;5;5
25;2025-12-21;6;73
25;2025-12-21;7;97
25;2025-12-21;8;190
25;2025-12-21;9;216
25;2025-12-21;10;225
25;2025-12-21;11;313
25;2025-12-21;12;366
25;2025-12-21;13;466
25;2025-12-21;14;514
25;2025-12-21;15;589
25;2025-12-21;16;518
25;2025-12-21;17;467
25;2025-12-21;18;393
25;2025-12-21;19;307
25;2025-12-21;20;221
25;2025-12-21;21;183
25;2025-12-21;22;106
25;2025-12-21;23;40
25;2025-12-22;0;3
25;2025-12-22;1;0
25;2025-12-22;2;0
25;2025-12-22;3;0
25;2025-12-22;4;0
25;2025-12-22;5;9
25;2025-12-22;6;205
25;2025-12-22;7;550
25;2025-12-22;8;912
25;2025-12-22;9;472
25;2025-12-22;10;369
25;2025-12-22;11;416
25;2025-12-22;12;410
25;2025-12-22;13;510
25;2025-12-22;14;448
25;2025-12-22;15;528
25;2025-12-22;16;704
25;2025-12-22;17;754
25;2025-12-22;18;792
25;2025-12-22;19;520
25;2025-12-22;20;316
25;2025-12-22;21;206
25;2025-12-22;22;120
25;2025-12-22;23;9
25;2025-12-23;0;4
25;2025-12-23;1;0
25;2025-12-23;2;0
25;2025-12-23;3;0
25;2025-12-23;4;0
25;2025-12-23;5;10
25;2025-12-23;6;210
25;2025-12-23;7;564
25;2025-12-23;8;938
25;2025-12-23;9;485
25;2025-12-23;10;380
25;2025-12-23;11;428
25;2025-12-23;12;420
25;2025-12-23;13;523
25;2025-12-23;14;461
25;2025-12-23;15;543
25;2025-12-23;16;723
25;2025-12-23;17;774
25;2025-12-23;18;814
25;2025-12-23;19;534
25;2025-12-23;20;324
25;2025-12-23;21;212
25;2025-12-23;22;122
25;2025-12-23;23;10
25;2025-12-24;0;4
25;2025-12-24;1;0
25;2025-12-24;2;0
25;2025-12-24;3;0
25;2025-12-24;4;0
25;2025-12-24;5;10
25;2025-12-24;6;210
25;2025-12-24;7;564
25;2025-12-24;8;938
25;2025-12-24;9;485
25;2025-12-24;10;380
25;2025-12-24;11;428
25;2025-12-24;12;420
25;2025-12-24;13;523
25;2025-12-24;14;461
25;2025-12-24;15;543
25;2025-12-24;16;723
25;2025-12-24;17;774
25;2025-12-24;18;814
25;2025-12-24;19;534
25;2025-12-24;20;324
25;2025-12-24;21;212
25;2025-12-24;22;122
25;2025-12-24;23;10
25;2025-12-25;0;4
25;2025-12-25;1;0
25;2025-12-25;2;0
25;2025-12-25;3;0
25;2025-12-25;4;0
25;2025-12-25;5;10
25;2025-12-25;6;210
25;2025-12-25;7;564
25;2025-12-25;8;938
25;2025-12-25;9;485
25;2025-12-25;10;380
25;2025-12-25;11;428
25;2025-12-25;12;420
25;2025-12-25;13;523
25;2025-12-25;14;461
25;2025-12-25;15;543
25;2025-12-25;16;723
25;2025-12-25;17;774
25;2025-12-25;18;814
25;2025-12-25;19;534
25;2025-12-25;20;324
25;2025-12-25;21;212
25;2025-12-25;22;122
25;2025-12-25;23;10
25;2025-12-26;0;1
25;2025-12-26;1;0
25;2025-12-26;2;0
25;2025-12-26;3;0
25;2025-12-26;4;0
25;2025-12-26;5;7
25;2025-12-26;6;195
25;2025-12-26;7;532
25;2025-12-26;8;849
25;2025-12-26;9;423
25;2025-12-26;10;378
25;2025-12-26;11;410
25;2025-12-26;12;416
25;2025-12-26;13;510
25;2025-12-26;14;477
25;2025-12-26;15;601
25;2025-12-26;16;799
25;2025-12-26;17;771
25;2025-12-26;18;648
25;2025-12-26;19;496
25;2025-12-26;20;323
25;2025-12-26;21;213
25;2025-12-26;22;139
25;2025-12-26;23;14
25;2025-12-27;0;4
25;2025-12-27;1;0
25;2025-12-27;2;0
25;2025-12-27;3;0
25;2025-12-27;4;0
25;2025-12-27;5;8
25;2025-12-27;6;79
25;2025-12-27;7;125
25;2025-12-27;8;277
25;2025-12-27;9;249
25;2025-12-27;10;271
25;2025-12-27;11;355
25;2025-12-27;12;392
25;2025-12-27;13;548
25;2025-12-27;14;554
25;2025-12-27;15;647
25;2025-12-27;16;599
25;2025-12-27;17;477
25;2025-12-27;18;424
25;2025-12-27;19;371
25;2025-12-27;20;242
25;2025-12-27;21;198
25;2025-12-27;22;127
25;2025-12-27;23;52
25;2025-12-28;0;17
25;2025-12-28;1;0
25;2025-12-28;2;0
25;2025-12-28;3;0
25;2025-12-28;4;0
25;2025-12-28;5;5
25;2025-12-28;6;73
25;2025-12-28;7;97
25;2025-12-28;8;190
25;2025-12-28;9;216
25;2025-12-28;10;225
25;2025-12-28;11;313
25;2025-12-28;12;366
25;2025-12-28;13;466
25;2025-12-28;14;514
25;2025-12-28;15;589
25;2025-12-28;16;518
25;2025-12-28;17;467
25;2025-12-28;18;393
25;2025-12-28;19;307
25;2025-12-28;20;221
25;2025-12-28;21;183
25;2025-12-28;22;106
25;2025-12-28;23;40
25;2025-12-29;0;3
25;2025-12-29;1;0
25;2025-12-29;2;0
25;2025-12-29;3;0
25;2025-12-29;4;0
25;2025-12-29;5;8
25;2025-12-29;6;184
25;2025-12-29;7;495
25;2025-12-29;8;821
25;2025-12-29;9;425
25;2025-12-29;10;333
25;2025-12-29;11;375
25;2025-12-29;12;368
25;2025-12-29;13;459
25;2025-12-29;14;403
25;2025-12-29;15;476
25;2025-12-29;16;633
25;2025-12-29;17;678
25;2025-12-29;18;712
25;2025-12-29;19;467
25;2025-12-29;20;284
25;2025-12-29;21;185
25;2025-12-29;22;108
25;2025-12-29;23;8
25;2025-12-30;0;3
25;2025-12-30;1;0
25;2025-12-30;2;0
25;2025-12-30;3;0
25;2025-12-30;4;0
25;2025-12-30;5;8
25;2025-12-30;6;178
25;2025-12-30;7;480
25;2025-12-30;8;797
25;2025-12-30;9;413
25;2025-12-30;10;323
25;2025-12-30;11;364
25;2025-12-30;12;358
25;2025-12-30;13;445
25;2025-12-30;14;391
25;2025-12-30;15;462
25;2025-12-30;16;614
25;2025-12-30;17;658
25;2025-12-30;18;692
25;2025-12-30;19;454
25;2025-12-30;20;275
25;2025-12-30;21;180
25;2025-12-30;22;104
25;2025-12-30;23;8
25;2025-12-31;0;2
25;2025-12-31;1;0
25;2025-12-31;2;0
25;2025-12-31;3;0
25;2025-12-31;4;0
25;2025-12-31;5;4
25;2025-12-31;6;43
25;2025-12-31;7;68
25;2025-12-31;8;150
25;2025-12-31;9;134
25;2025-12-31;10;147
25;2025-12-31;11;192
25;2025-12-31;12;212
25;2025-12-31;13;296
25;2025-12-31;14;300
25;2025-12-31;15;350
25;2025-12-31;16;323
25;2025-12-31;17;258
25;2025-12-31;18;229
25;2025-12-31;19;201
25;2025-12-31;20;13
25;2025-12-31;21;11
25;2025-12-31;22;7
25;2025-12-31;23;3
26;2025-11-01;0;40
26;2025-11-01;1;3
26;2025-11-01;2;0
26;2025-11-01;3;0
26;2025-11-01;4;1
26;2025-11-01;5;80
26;2025-11-01;6;472
26;2025-11-01;7;945
26;2025-11-01;8;1924
26;2025-11-01;9;1296
26;2025-11-01;10;1145
26;2025-11-01;11;1040
26;2025-11-01;12;1058
26;2025-11-01;13;1098
26;2025-11-01;14;1180
26;2025-11-01;15;1304
26;2025-11-01;16;1552
26;2025-11-01;17;1581
26;2025-11-01;18;1252
26;2025-11-01;19;968
26;2025-11-01;20;663
26;2025-11-01;21;425
26;2025-11-01;22;196
26;2025-11-01;23;139
26;2025-11-02;0;53
26;2025-11-02;1;5
26;2025-11-02;2;0
26;2025-11-02;3;0
26;2025-11-02;4;2
26;2025-11-02;5;32
26;2025-11-02;6;170
26;2025-11-02;7;259
26;2025-11-02;8;407
26;2025-11-02;9;571
26;2025-11-02;10;650
26;2025-11-02;11;913
26;2025-11-02;12;916
26;2025-11-02;13;991
26;2025-11-02;14;954
26;2025-11-02;15;882
26;2025-11-02;16;852
26;2025-11-02;17;837
26;2025-11-02;18;759
26;2025-11-02;19;571
26;2025-11-02;20;442
26;2025-11-02;21;314
26;2025-11-02;22;203
26;2025-11-02;23;119
26;2025-11-03;0;43
26;2025-11-03;1;3
26;2025-11-03;2;0
26;2025-11-03;3;0
26;2025-11-03;4;2
26;2025-11-03;5;33
26;2025-11-03;6;183
26;2025-11-03;7;269
26;2025-11-03;8;431
26;2025-11-03;9;540
26;2025-11-03;10;641
26;2025-11-03;11;839
26;2025-11-03;12;867
26;2025-11-03;13;900
26;2025-11-03;14;892
26;2025-11-03;15;821
26;2025-11-03;16;821
26;2025-11-03;17;766
26;2025-11-03;18;708
26;2025-11-03;19;571
26;2025-11-03;20;429
26;2025-11-03;21;295
26;2025-11-03;22;182
26;2025-11-03;23;118
26;2025-11-04;0;43
26;2025-11-04;1;3
26;2025-11-04;2;0
26;2025-11-04;3;0
26;2025-11-04;4;2
26;2025-11-04;5;33
26;2025-11-04;6;183
26;2025-11-04;7;269
26;2025-11-04;8;431
26;2025-11-04;9;540
26;2025-11-04;10;641
26;2025-11-04;11;839
26;2025-11-04;12;867
26;2025-11-04;13;900
26;2025-11-04;14;892
26;2025-11-04;15;821
26;2025-11-04;16;821
26;2025-11-04;17;766
26;2025-11-04;18;708
26;2025-11-04;19;571
26;2025-11-04;20;429
26;2025-11-04;21;295
26;2025-11-04;22;182
26;2025-11-04;23;118
26;2025-11-05;0;32
26;2025-11-05;1;2
26;2025-11-05;2;0
26;2025-11-05;3;0
26;2025-11-05;4;2
26;2025-11-05;5;98
26;2025-11-05;6;521
26;2025-11-05;7;1144
26;2025-11-05;8;2272
26;2025-11-05;9;1521
26;2025-11-05;10;1299
26;2025-11-05;11;1173
26;2025-11-05;12;1219
26;2025-11-05;13;1258
26;2025-11-05;14;1330
26;2025-11-05;15;1432
26;2025-11-05;16;1584
26;2025-11-05;17;1749
26;2025-11-05;18;1948
26;2025-11-05;19;1306
26;2025-11-05;20;817
26;2025-11-05;21;508
26;2025-11-05;22;229
26;2025-11-05;23;123
26;2025-11-06;0;32
26;2025-11-06;1;2
26;2025-11-06;2;0
26;2025-11-06;3;0
26;2025-11-06;4;2
26;2025-11-06;5;98
26;2025-11-06;6;521
26;2025-11-06;7;1144
26;2025-11-06;8;2272
26;2025-11-06;9;1521
26;2025-11-06;10;1299
26;2025-11-06;11;1173
26;2025-11-06;12;1219
26;2025-11-06;13;1258
26;2025-11-06;14;1330
26;2025-11-06;15;1432
26;2025-11-06;16;1584
26;2025-11-06;17;1749
26;2025-11-06;18;1948
26;2025-11-06;19;1306
26;2025-11-06;20;817
26;2025-11-06;21;508
26;2025-11-06;22;229
26;2025-11-06;23;123
26;2025-11-07;0;32
26;2025-11-07;1;2
26;2025-11-07;2;0
26;2025-11-07;3;0
26;2025-11-07;4;1
26;2025-11-07;5;91
26;2025-11-07;6;537
26;2025-11-07;7;1075
26;2025-11-07;8;2187
26;2025-11-07;9;1474
26;2025-11-07;10;1301
26;2025-11-07;11;1182
26;2025-11-07;12;1203
26;2025-11-07;13;1248
26;2025-11-07;14;1341
26;2025-11-07;15;1483
26;2025-11-07;16;1764
26;2025-11-07;17;1797
26;2025-11-07;18;1423
26;2025-11-07;19;1101
26;2025-11-07;20;754
26;2025-11-07;21;483
26;2025-11-07;22;223
26;2025-11-07;23;158
26;2025-11-08;0;46
26;2025-11-08;1;3
26;2025-11-08;2;0
26;2025-11-08;3;0
26;2025-11-08;4;2
26;2025-11-08;5;46
26;2025-11-08;6;266
26;2025-11-08;7;377
26;2025-11-08;8;612
26;2025-11-08;9;693
26;2025-11-08;10;859
26;2025-11-08;11;1047
26;2025-11-08;12;1114
26;2025-11-08;13;1109
26;2025-11-08;14;1134
26;2025-11-08;15;1038
26;2025-11-08;16;1075
26;2025-11-08;17;951
26;2025-11-08;18;899
26;2025-11-08;19;775
26;2025-11-08;20;565
26;2025-11-08;21;378
26;2025-11-08;22;220
26;2025-11-08;23;158
26;2025-11-09;0;53
26;2025-11-09;1;5
26;2025-11-09;2;0
26;2025-11-09;3;0
26;2025-11-09;4;2
26;2025-11-09;5;32
26;2025-11-09;6;170
26;2025-11-09;7;259
26;2025-11-09;8;407
26;2025-11-09;9;571
26;2025-11-09;10;650
26;2025-11-09;11;913
26;2025-11-09;12;916
26;2025-11-09;13;991
26;2025-11-09;14;954
26;2025-11-09;15;882
26;2025-11-09;16;852
26;2025-11-09;17;837
26;2025-11-09;18;759
26;2025-11-09;19;571
26;2025-11-09;20;442
26;2025-11-09;21;314
26;2025-11-09;22;203
26;2025-11-09;23;119
26;2025-11-10;0;31
26;2025-11-10;1;2
26;2025-11-10;2;0
26;2025-11-10;3;0
26;2025-11-10;4;2
26;2025-11-10;5;95
26;2025-11-10;6;507
26;2025-11-10;7;1114
26;2025-11-10;8;2211
26;2025-11-10;9;1480
26;2025-11-10;10;1264
26;2025-11-10;11;1142
26;2025-11-10;12;1186
26;2025-11-10;13;1225
26;2025-11-10;14;1294
26;2025-11-10;15;1394
26;2025-11-10;16;1542
26;2025-11-10;17;1702
26;2025-11-10;18;1895
26;2025-11-10;19;1271
26;2025-11-10;20;795
26;2025-11-10;21;495
26;2025-11-10;22;223
26;2025-11-10;23;120
26;2025-11-11;0;32
26;2025-11-11;1;2
26;2025-11-11;2;0
26;2025-11-11;3;0
26;2025-11-11;4;2
26;2025-11-11;5;98
26;2025-11-11;6;521
26;2025-11-11;7;1144
26;2025-11-11;8;2272
26;2025-11-11;9;1521
26;2025-11-11;10;1299
26;2025-11-11;11;1173
26;2025-11-11;12;1219
26;2025-11-11;13;1258
26;2025-11-11;14;1330
26;2025-11-11;15;1432
26;2025-11-11;16;1584
26;2025-11-11;17;1749
26;2025-11-11;18;1948
26;2025-11-11;19;1306
26;2025-11-11;20;817
26;2025-11-11;21;508
26;2025-11-11;22;229
26;2025-11-11;23;123
26;2025-11-12;0;32
26;2025-11-12;1;2
26;2025-11-12;2;0
26;2025-11-12;3;0
26;2025-11-12;4;2
26;2025-11-12;5;98
26;2025-11-12;6;521
26;2025-11-12;7;1144
26;2025-11-12;8;2272
26;2025-11-12;9;1521
26;2025-11-12;10;1299
26;2025-11-12;11;1173
26;2025-11-12;12;1219
26;2025-11-12;13;1258
26;2025-11-12;14;1330
26;2025-11-12;15;1432
26;2025-11-12;16;1584
26;2025-11-12;17;1749
26;2025-11-12;18;1948
26;2025-11-12;19;1306
26;2025-11-12;20;817
26;2025-11-12;21;508
26;2025-11-12;22;229
26;2025-11-12;23;123
26;2025-11-13;0;32
26;2025-11-13;1;2
26;2025-11-13;2;0
26;2025-11-13;3;0
26;2025-11-13;4;2
26;2025-11-13;5;98
26;2025-11-13;6;521
26;2025-11-13;7;1144
26;2025-11-13;8;2272
26;2025-11-13;9;1521
26;2025-11-13;10;1299
26;2025-11-13;11;1173
26;2025-11-13;12;1219
26;2025-11-13;13;1258
26;2025-11-13;14;1330
26;2025-11-13;15;1432
26;2025-11-13;16;1584
26;2025-11-13;17;1749
26;2025-11-13;18;1948
26;2025-11-13;19;1306
26;2025-11-13;20;817
26;2025-11-13;21;508
26;2025-11-13;22;229
26;2025-11-13;23;123
26;2025-11-14;0;32
26;2025-11-14;1;2
26;2025-11-14;2;0
26;2025-11-14;3;0
26;2025-11-14;4;1
26;2025-11-14;5;91
26;2025-11-14;6;537
26;2025-11-14;7;1075
26;2025-11-14;8;2187
26;2025-11-14;9;1474
26;2025-11-14;10;1301
26;2025-11-14;11;1182
26;2025-11-14;12;1203
26;2025-11-14;13;1248
26;2025-11-14;14;1341
26;2025-11-14;15;1483
26;2025-11-14;16;1764
26;2025-11-14;17;1797
26;2025-11-14;18;1423
26;2025-11-14;19;1101
26;2025-11-14;20;754
26;2025-11-14;21;483
26;2025-11-14;22;223
26;2025-11-14;23;158
26;2025-11-15;0;46
26;2025-11-15;1;3
26;2025-11-15;2;0
26;2025-11-15;3;0
26;2025-11-15;4;2
26;2025-11-15;5;46
26;2025-11-15;6;266
26;2025-11-15;7;377
26;2025-11-15;8;612
26;2025-11-15;9;693
26;2025-11-15;10;859
26;2025-11-15;11;1047
26;2025-11-15;12;1114
26;2025-11-15;13;1109
26;2025-11-15;14;1134
26;2025-11-15;15;1038
26;2025-11-15;16;1075
26;2025-11-15;17;951
26;2025-11-15;18;899
26;2025-11-15;19;775
26;2025-11-15;20;565
26;2025-11-15;21;378
26;2025-11-15;22;220
26;2025-11-15;23;158
26;2025-11-16;0;53
26;2025-11-16;1;5
26;2025-11-16;2;0
26;2025-11-16;3;0
26;2025-11-16;4;2
26;2025-11-16;5;32
26;2025-11-16;6;170
26;2025-11-16;7;259
26;2025-11-16;8;407
26;2025-11-16;9;571
26;2025-11-16;10;650
26;2025-11-16;11;913
26;2025-11-16;12;916
26;2025-11-16;13;991
26;2025-11-16;14;954
26;2025-11-16;15;882
26;2025-11-16;16;852
26;2025-11-16;17;837
26;2025-11-16;18;759
26;2025-11-16;19;571
26;2025-11-16;20;442
26;2025-11-16;21;314
26;2025-11-16;22;203
26;2025-11-16;23;119
26;2025-11-17;0;31
26;2025-11-17;1;2
26;2025-11-17;2;0
26;2025-11-17;3;0
26;2025-11-17;4;2
26;2025-11-17;5;95
26;2025-11-17;6;507
26;2025-11-17;7;1114
26;2025-11-17;8;2211
26;2025-11-17;9;1480
26;2025-11-17;10;1264
26;2025-11-17;11;1142
26;2025-11-17;12;1186
26;2025-11-17;13;1225
26;2025-11-17;14;1294
26;2025-11-17;15;1394
26;2025-11-17;16;1542
26;2025-11-17;17;1702
26;2025-11-17;18;1895
26;2025-11-17;19;1271
26;2025-11-17;20;795
26;2025-11-17;21;495
26;2025-11-17;22;223
26;2025-11-17;23;120
26;2025-11-18;0;32
26;2025-11-18;1;2
26;2025-11-18;2;0
26;2025-11-18;3;0
26;2025-11-18;4;2
26;2025-11-18;5;98
26;2025-11-18;6;521
26;2025-11-18;7;1144
26;2025-11-18;8;2272
26;2025-11-18;9;1521
26;2025-11-18;10;1299
26;2025-11-18;11;1173
26;2025-11-18;12;1219
26;2025-11-18;13;1258
26;2025-11-18;14;1330
26;2025-11-18;15;1432
26;2025-11-18;16;1584
26;2025-11-18;17;1749
26;2025-11-18;18;1948
26;2025-11-18;19;1306
26;2025-11-18;20;817
26;2025-11-18;21;508
26;2025-11-18;22;229
26;2025-11-18;23;123
26;2025-11-19;0;32
26;2025-11-19;1;2
26;2025-11-19;2;0
26;2025-11-19;3;0
26;2025-11-19;4;2
26;2025-11-19;5;98
26;2025-11-19;6;521
26;2025-11-19;7;1144
26;2025-11-19;8;2272
26;2025-11-19;9;1521
26;2025-11-19;10;1299
26;2025-11-19;11;1173
26;2025-11-19;12;1219
26;2025-11-19;13;1258
26;2025-11-19;14;1330
26;2025-11-19;15;1432
26;2025-11-19;16;1584
26;2025-11-19;17;1749
26;2025-11-19;18;1948
26;2025-11-19;19;1306
26;2025-11-19;20;817
26;2025-11-19;21;508
26;2025-11-19;22;229
26;2025-11-19;23;123
26;2025-11-20;0;32
26;2025-11-20;1;2
26;2025-11-20;2;0
26;2025-11-20;3;0
26;2025-11-20;4;2
26;2025-11-20;5;98
26;2025-11-20;6;521
26;2025-11-20;7;1144
26;2025-11-20;8;2272
26;2025-11-20;9;1521
26;2025-11-20;10;1299
26;2025-11-20;11;1173
26;2025-11-20;12;1219
26;2025-11-20;13;1258
26;2025-11-20;14;1330
26;2025-11-20;15;1432
26;2025-11-20;16;1584
26;2025-11-20;17;1749
26;2025-11-20;18;1948
26;2025-11-20;19;1306
26;2025-11-20;20;817
26;2025-11-20;21;508
26;2025-11-20;22;229
26;2025-11-20;23;123
26;2025-11-21;0;32
26;2025-11-21;1;2
26;2025-11-21;2;0
26;2025-11-21;3;0
26;2025-11-21;4;1
26;2025-11-21;5;91
26;2025-11-21;6;537
26;2025-11-21;7;1075
26;2025-11-21;8;2187
26;2025-11-21;9;1474
26;2025-11-21;10;1301
26;2025-11-21;11;1182
26;2025-11-21;12;1203
26;2025-11-21;13;1248
26;2025-11-21;14;1341
26;2025-11-21;15;1483
26;2025-11-21;16;1764
26;2025-11-21;17;1797
26;2025-11-21;18;1423
26;2025-11-21;19;1101
26;2025-11-21;20;754
26;2025-11-21;21;483
26;2025-11-21;22;223
26;2025-11-21;23;158
26;2025-11-22;0;46
26;2025-11-22;1;3
26;2025-11-22;2;0
26;2025-11-22;3;0
26;2025-11-22;4;2
26;2025-11-22;5;46
26;2025-11-22;6;266
26;2025-11-22;7;377
26;2025-11-22;8;612
26;2025-11-22;9;693
26;2025-11-22;10;859
26;2025-11-22;11;1047
26;2025-11-22;12;1114
26;2025-11-22;13;1109
26;2025-11-22;14;1134
26;2025-11-22;15;1038
26;2025-11-22;16;1075
26;2025-11-22;17;951
26;2025-11-22;18;899
26;2025-11-22;19;775
26;2025-11-22;20;565
26;2025-11-22;21;378
26;2025-11-22;22;220
26;2025-11-22;23;158
26;2025-11-23;0;53
26;2025-11-23;1;5
26;2025-11-23;2;0
26;2025-11-23;3;0
26;2025-11-23;4;2
26;2025-11-23;5;32
26;2025-11-23;6;170
26;2025-11-23;7;259
26;2025-11-23;8;407
26;2025-11-23;9;571
26;2025-11-23;10;650
26;2025-11-23;11;913
26;2025-11-23;12;916
26;2025-11-23;13;991
26;2025-11-23;14;954
26;2025-11-23;15;882
26;2025-11-23;16;852
26;2025-11-23;17;837
26;2025-11-23;18;759
26;2025-11-23;19;571
26;2025-11-23;20;442
26;2025-11-23;21;314
26;2025-11-23;22;203
26;2025-11-23;23;119
26;2025-11-24;0;31
26;2025-11-24;1;2
26;2025-11-24;2;0
26;2025-11-24;3;0
26;2025-11-24;4;2
26;2025-11-24;5;95
26;2025-11-24;6;507
26;2025-11-24;7;1114
26;2025-11-24;8;2211
26;2025-11-24;9;1480
26;2025-11-24;10;1264
26;2025-11-24;11;1142
26;2025-11-24;12;1186
26;2025-11-24;13;1225
26;2025-11-24;14;1294
26;2025-11-24;15;1394
26;2025-11-24;16;1542
26;2025-11-24;17;1702
26;2025-11-24;18;1895
26;2025-11-24;19;1271
26;2025-11-24;20;795
26;2025-11-24;21;495
26;2025-11-24;22;223
26;2025-11-24;23;120
26;2025-11-25;0;32
26;2025-11-25;1;2
26;2025-11-25;2;0
26;2025-11-25;3;0
26;2025-11-25;4;2
26;2025-11-25;5;98
26;2025-11-25;6;521
26;2025-11-25;7;1144
26;2025-11-25;8;2272
26;2025-11-25;9;1521
26;2025-11-25;10;1299
26;2025-11-25;11;1173
26;2025-11-25;12;1219
26;2025-11-25;13;1258
26;2025-11-25;14;1330
26;2025-11-25;15;1432
26;2025-11-25;16;1584
26;2025-11-25;17;1749
26;2025-11-25;18;1948
26;2025-11-25;19;1306
26;2025-11-25;20;817
26;2025-11-25;21;508
26;2025-11-25;22;229
26;2025-11-25;23;123
26;2025-11-26;0;32
26;2025-11-26;1;2
26;2025-11-26;2;0
26;2025-11-26;3;0
26;2025-11-26;4;2
26;2025-11-26;5;98
26;2025-11-26;6;521
26;2025-11-26;7;1144
26;2025-11-26;8;2272
26;2025-11-26;9;1521
26;2025-11-26;10;1299
26;2025-11-26;11;1173
26;2025-11-26;12;1219
26;2025-11-26;13;1258
26;2025-11-26;14;1330
26;2025-11-26;15;1432
26;2025-11-26;16;1584
26;2025-11-26;17;1749
26;2025-11-26;18;1948
26;2025-11-26;19;1306
26;2025-11-26;20;817
26;2025-11-26;21;508
26;2025-11-26;22;229
26;2025-11-26;23;123
26;2025-11-27;0;32
26;2025-11-27;1;2
26;2025-11-27;2;0
26;2025-11-27;3;0
26;2025-11-27;4;2
26;2025-11-27;5;98
26;2025-11-27;6;521
26;2025-11-27;7;1144
26;2025-11-27;8;2272
26;2025-11-27;9;1521
26;2025-11-27;10;1299
26;2025-11-27;11;1173
26;2025-11-27;12;1219
26;2025-11-27;13;1258
26;2025-11-27;14;1330
26;2025-11-27;15;1432
26;2025-11-27;16;1584
26;2025-11-27;17;1749
26;2025-11-27;18;1948
26;2025-11-27;19;1306
26;2025-11-27;20;817
26;2025-11-27;21;508
26;2025-11-27;22;229
26;2025-11-27;23;123
26;2025-11-28;0;32
26;2025-11-28;1;2
26;2025-11-28;2;0
26;2025-11-28;3;0
26;2025-11-28;4;1
26;2025-11-28;5;91
26;2025-11-28;6;537
26;2025-11-28;7;1075
26;2025-11-28;8;2187
26;2025-11-28;9;1474
26;2025-11-28;10;1301
26;2025-11-28;11;1182
26;2025-11-28;12;1203
26;2025-11-28;13;1248
26;2025-11-28;14;1341
26;2025-11-28;15;1483
26;2025-11-28;16;1764
26;2025-11-28;17;1797
26;2025-11-28;18;1423
26;2025-11-28;19;1101
26;2025-11-28;20;754
26;2025-11-28;21;483
26;2025-11-28;22;223
26;2025-11-28;23;158
26;2025-11-29;0;46
26;2025-11-29;1;3
26;2025-11-29;2;0
26;2025-11-29;3;0
26;2025-11-29;4;2
26;2025-11-29;5;46
26;2025-11-29;6;266
26;2025-11-29;7;377
26;2025-11-29;8;612
26;2025-11-29;9;693
26;2025-11-29;10;859
26;2025-11-29;11;1047
26;2025-11-29;12;1114
26;2025-11-29;13;1109
26;2025-11-29;14;1134
26;2025-11-29;15;1038
26;2025-11-29;16;1075
26;2025-11-29;17;951
26;2025-11-29;18;899
26;2025-11-29;19;775
26;2025-11-29;20;565
26;2025-11-29;21;378
26;2025-11-29;22;220
26;2025-11-29;23;158
26;2025-11-30;0;53
26;2025-11-30;1;5
26;2025-11-30;2;0
26;2025-11-30;3;0
26;2025-11-30;4;2
26;2025-11-30;5;32
26;2025-11-30;6;170
26;2025-11-30;7;259
26;2025-11-30;8;407
26;2025-11-30;9;571
26;2025-11-30;10;650
26;2025-11-30;11;913
26;2025-11-30;12;916
26;2025-11-30;13;991
26;2025-11-30;14;954
26;2025-11-30;15;882
26;2025-11-30;16;852
26;2025-11-30;17;837
26;2025-11-30;18;759
26;2025-11-30;19;571
26;2025-11-30;20;442
26;2025-11-30;21;314
26;2025-11-30;22;203
26;2025-11-30;23;119
26;2025-12-01;0;30
26;2025-12-01;1;2
26;2025-12-01;2;0
26;2025-12-01;3;0
26;2025-12-01;4;2
26;2025-12-01;5;93
26;2025-12-01;6;505
26;2025-12-01;7;1093
26;2025-12-01;8;2154
26;2025-12-01;9;1452
26;2025-12-01;10;1238
26;2025-12-01;11;1120
26;2025-12-01;12;1160
26;2025-12-01;13;1203
26;2025-12-01;14;1253
26;2025-12-01;15;1360
26;2025-12-01;16;1515
26;2025-12-01;17;1668
26;2025-12-01;18;1862
26;2025-12-01;19;1254
26;2025-12-01;20;784
26;2025-12-01;21;481
26;2025-12-01;22;221
26;2025-12-01;23;117
26;2025-12-02;0;31
26;2025-12-02;1;2
26;2025-12-02;2;0
26;2025-12-02;3;0
26;2025-12-02;4;2
26;2025-12-02;5;95
26;2025-12-02;6;518
26;2025-12-02;7;1123
26;2025-12-02;8;2214
26;2025-12-02;9;1493
26;2025-12-02;10;1272
26;2025-12-02;11;1151
26;2025-12-02;12;1193
26;2025-12-02;13;1236
26;2025-12-02;14;1288
26;2025-12-02;15;1397
26;2025-12-02;16;1557
26;2025-12-02;17;1714
26;2025-12-02;18;1914
26;2025-12-02;19;1289
26;2025-12-02;20;806
26;2025-12-02;21;494
26;2025-12-02;22;227
26;2025-12-02;23;120
26;2025-12-03;0;31
26;2025-12-03;1;2
26;2025-12-03;2;0
26;2025-12-03;3;0
26;2025-12-03;4;2
26;2025-12-03;5;95
26;2025-12-03;6;518
26;2025-12-03;7;1123
26;2025-12-03;8;2214
26;2025-12-03;9;1493
26;2025-12-03;10;1272
26;2025-12-03;11;1151
26;2025-12-03;12;1193
26;2025-12-03;13;1236
26;2025-12-03;14;1288
26;2025-12-03;15;1397
26;2025-12-03;16;1557
26;2025-12-03;17;1714
26;2025-12-03;18;1914
26;2025-12-03;19;1289
26;2025-12-03;20;806
26;2025-12-03;21;494
26;2025-12-03;22;227
26;2025-12-03;23;120
26;2025-12-04;0;31
26;2025-12-04;1;2
26;2025-12-04;2;0
26;2025-12-04;3;0
26;2025-12-04;4;2
26;2025-12-04;5;95
26;2025-12-04;6;518
26;2025-12-04;7;1123
26;2025-12-04;8;2214
26;2025-12-04;9;1493
26;2025-12-04;10;1272
26;2025-12-04;11;1151
26;2025-12-04;12;1193
26;2025-12-04;13;1236
26;2025-12-04;14;1288
26;2025-12-04;15;1397
26;2025-12-04;16;1557
26;2025-12-04;17;1714
26;2025-12-04;18;1914
26;2025-12-04;19;1289
26;2025-12-04;20;806
26;2025-12-04;21;494
26;2025-12-04;22;227
26;2025-12-04;23;120
26;2025-12-05;0;31
26;2025-12-05;1;2
26;2025-12-05;2;0
26;2025-12-05;3;0
26;2025-12-05;4;1
26;2025-12-05;5;90
26;2025-12-05;6;531
26;2025-12-05;7;1055
26;2025-12-05;8;2120
26;2025-12-05;9;1449
26;2025-12-05;10;1268
26;2025-12-05;11;1156
26;2025-12-05;12;1182
26;2025-12-05;13;1229
26;2025-12-05;14;1291
26;2025-12-05;15;1460
26;2025-12-05;16;1728
26;2025-12-05;17;1754
26;2025-12-05;18;1411
26;2025-12-05;19;1089
26;2025-12-05;20;750
26;2025-12-05;21;470
26;2025-12-05;22;220
26;2025-12-05;23;154
26;2025-12-06;0;44
26;2025-12-06;1;3
26;2025-12-06;2;0
26;2025-12-06;3;0
26;2025-12-06;4;2
26;2025-12-06;5;44
26;2025-12-06;6;267
26;2025-12-06;7;370
26;2025-12-06;8;599
26;2025-12-06;9;684
26;2025-12-06;10;842
26;2025-12-06;11;1031
26;2025-12-06;12;1093
26;2025-12-06;13;1093
26;2025-12-06;14;1111
26;2025-12-06;15;1021
26;2025-12-06;16;1054
26;2025-12-06;17;935
26;2025-12-06;18;887
26;2025-12-06;19;763
26;2025-12-06;20;556
26;2025-12-06;21;373
26;2025-12-06;22;219
26;2025-12-06;23;155
26;2025-12-07;0;52
26;2025-12-07;1;5
26;2025-12-07;2;0
26;2025-12-07;3;0
26;2025-12-07;4;2
26;2025-12-07;5;33
26;2025-12-07;6;167
26;2025-12-07;7;251
26;2025-12-07;8;401
26;2025-12-07;9;564
26;2025-12-07;10;640
26;2025-12-07;11;900
26;2025-12-07;12;906
26;2025-12-07;13;981
26;2025-12-07;14;941
26;2025-12-07;15;872
26;2025-12-07;16;844
26;2025-12-07;17;828
26;2025-12-07;18;752
26;2025-12-07;19;569
26;2025-12-07;20;435
26;2025-12-07;21;311
26;2025-12-07;22;206
26;2025-12-07;23;118
26;2025-12-08;0;30
26;2025-12-08;1;2
26;2025-12-08;2;0
26;2025-12-08;3;0
26;2025-12-08;4;2
26;2025-12-08;5;93
26;2025-12-08;6;505
26;2025-12-08;7;1093
26;2025-12-08;8;2154
26;2025-12-08;9;1452
26;2025-12-08;10;1238
26;2025-12-08;11;1120
26;2025-12-08;12;1160
26;2025-12-08;13;1203
26;2025-12-08;14;1253
26;2025-12-08;15;1360
26;2025-12-08;16;1515
26;2025-12-08;17;1668
26;2025-12-08;18;1862
26;2025-12-08;19;1254
26;2025-12-08;20;784
26;2025-12-08;21;481
26;2025-12-08;22;221
26;2025-12-08;23;117
26;2025-12-09;0;31
26;2025-12-09;1;2
26;2025-12-09;2;0
26;2025-12-09;3;0
26;2025-12-09;4;2
26;2025-12-09;5;95
26;2025-12-09;6;518
26;2025-12-09;7;1123
26;2025-12-09;8;2214
26;2025-12-09;9;1493
26;2025-12-09;10;1272
26;2025-12-09;11;1151
26;2025-12-09;12;1193
26;2025-12-09;13;1236
26;2025-12-09;14;1288
26;2025-12-09;15;1397
26;2025-12-09;16;1557
26;2025-12-09;17;1714
26;2025-12-09;18;1914
26;2025-12-09;19;1289
26;2025-12-09;20;806
26;2025-12-09;21;494
26;2025-12-09;22;227
26;2025-12-09;23;120
26;2025-12-10;0;31
26;2025-12-10;1;2
26;2025-12-10;2;0
26;2025-12-10;3;0
26;2025-12-10;4;2
26;2025-12-10;5;95
26;2025-12-10;6;518
26;2025-12-10;7;1123
26;2025-12-10;8;2214
26;2025-12-10;9;1493
26;2025-12-10;10;1272
26;2025-12-10;11;1151
26;2025-12-10;12;1193
26;2025-12-10;13;1236
26;2025-12-10;14;1288
26;2025-12-10;15;1397
26;2025-12-10;16;1557
26;2025-12-10;17;1714
26;2025-12-10;18;1914
26;2025-12-10;19;1289
26;2025-12-10;20;806
26;2025-12-10;21;494
26;2025-12-10;22;227
26;2025-12-10;23;120
26;2025-12-11;0;31
26;2025-12-11;1;2
26;2025-12-11;2;0
26;2025-12-11;3;0
26;2025-12-11;4;2
26;2025-12-11;5;95
26;2025-12-11;6;518
26;2025-12-11;7;1123
26;2025-12-11;8;2214
26;2025-12-11;9;1493
26;2025-12-11;10;1272
26;2025-12-11;11;1151
26;2025-12-11;12;1193
26;2025-12-11;13;1236
26;2025-12-11;14;1288
26;2025-12-11;15;1397
26;2025-12-11;16;1557
26;2025-12-11;17;1714
26;2025-12-11;18;1914
26;2025-12-11;19;1289
26;2025-12-11;20;806
26;2025-12-11;21;494
26;2025-12-11;22;227
26;2025-12-11;23;120
26;2025-12-12;0;31
26;2025-12-12;1;2
26;2025-12-12;2;0
26;2025-12-12;3;0
26;2025-12-12;4;1
26;2025-12-12;5;90
26;2025-12-12;6;531
26;2025-12-12;7;1055
26;2025-12-12;8;2120
26;2025-12-12;9;1449
26;2025-12-12;10;1268
26;2025-12-12;11;1156
26;2025-12-12;12;1182
26;2025-12-12;13;1229
26;2025-12-12;14;1291
26;2025-12-12;15;1460
26;2025-12-12;16;1728
26;2025-12-12;17;1754
26;2025-12-12;18;1411
26;2025-12-12;19;1089
26;2025-12-12;20;750
26;2025-12-12;21;470
26;2025-12-12;22;220
26;2025-12-12;23;154
26;2025-12-13;0;44
26;2025-12-13;1;3
26;2025-12-13;2;0
26;2025-12-13;3;0
26;2025-12-13;4;2
26;2025-12-13;5;44
26;2025-12-13;6;267
26;2025-12-13;7;370
26;2025-12-13;8;599
26;2025-12-13;9;684
26;2025-12-13;10;842
26;2025-12-13;11;1031
26;2025-12-13;12;1093
26;2025-12-13;13;1093
26;2025-12-13;14;1111
26;2025-12-13;15;1021
26;2025-12-13;16;1054
26;2025-12-13;17;935
26;2025-12-13;18;887
26;2025-12-13;19;763
26;2025-12-13;20;556
26;2025-12-13;21;373
26;2025-12-13;22;219
26;2025-12-13;23;155
26;2025-12-14;0;52
26;2025-12-14;1;5
26;2025-12-14;2;0
26;2025-12-14;3;0
26;2025-12-14;4;2
26;2025-12-14;5;33
26;2025-12-14;6;167
26;2025-12-14;7;251
26;2025-12-14;8;401
26;2025-12-14;9;564
26;2025-12-14;10;640
26;2025-12-14;11;900
26;2025-12-14;12;906
26;2025-12-14;13;981
26;2025-12-14;14;941
26;2025-12-14;15;872
26;2025-12-14;16;844
26;2025-12-14;17;828
26;2025-12-14;18;752
26;2025-12-14;19;569
26;2025-12-14;20;435
26;2025-12-14;21;311
26;2025-12-14;22;206
26;2025-12-14;23;118
26;2025-12-15;0;30
26;2025-12-15;1;2
26;2025-12-15;2;0
26;2025-12-15;3;0
26;2025-12-15;4;2
26;2025-12-15;5;93
26;2025-12-15;6;505
26;2025-12-15;7;1093
26;2025-12-15;8;2154
26;2025-12-15;9;1452
26;2025-12-15;10;1238
26;2025-12-15;11;1120
26;2025-12-15;12;1160
26;2025-12-15;13;1203
26;2025-12-15;14;1253
26;2025-12-15;15;1360
26;2025-12-15;16;1515
26;2025-12-15;17;1668
26;2025-12-15;18;1862
26;2025-12-15;19;1254
26;2025-12-15;20;784
26;2025-12-15;21;481
26;2025-12-15;22;221
26;2025-12-15;23;117
26;2025-12-16;0;31
26;2025-12-16;1;2
26;2025-12-16;2;0
26;2025-12-16;3;0
26;2025-12-16;4;2
26;2025-12-16;5;95
26;2025-12-16;6;518
26;2025-12-16;7;1123
26;2025-12-16;8;2214
26;2025-12-16;9;1493
26;2025-12-16;10;1272
26;2025-12-16;11;1151
26;2025-12-16;12;1193
26;2025-12-16;13;1236
26;2025-12-16;14;1288
26;2025-12-16;15;1397
26;2025-12-16;16;1557
26;2025-12-16;17;1714
26;2025-12-16;18;1914
26;2025-12-16;19;1289
26;2025-12-16;20;806
26;2025-12-16;21;494
26;2025-12-16;22;227
26;2025-12-16;23;120
26;2025-12-17;0;31
26;2025-12-17;1;2
26;2025-12-17;2;0
26;2025-12-17;3;0
26;2025-12-17;4;2
26;2025-12-17;5;95
26;2025-12-17;6;518
26;2025-12-17;7;1123
26;2025-12-17;8;2214
26;2025-12-17;9;1493
26;2025-12-17;10;1272
26;2025-12-17;11;1151
26;2025-12-17;12;1193
26;2025-12-17;13;1236
26;2025-12-17;14;1288
26;2025-12-17;15;1397
26;2025-12-17;16;1557
26;2025-12-17;17;1714
26;2025-12-17;18;1914
26;2025-12-17;19;1289
26;2025-12-17;20;806
26;2025-12-17;21;494
26;2025-12-17;22;227
26;2025-12-17;23;120
26;2025-12-18;0;31
26;2025-12-18;1;2
26;2025-12-18;2;0
26;2025-12-18;3;0
26;2025-12-18;4;2
26;2025-12-18;5;95
26;2025-12-18;6;518
26;2025-12-18;7;1123
26;2025-12-18;8;2214
26;2025-12-18;9;1493
26;2025-12-18;10;1272
26;2025-12-18;11;1151
26;2025-12-18;12;1193
26;2025-12-18;13;1236
26;2025-12-18;14;1288
26;2025-12-18;15;1397
26;2025-12-18;16;1557
26;2025-12-18;17;1714
26;2025-12-18;18;1914
26;2025-12-18;19;1289
26;2025-12-18;20;806
26;2025-12-18;21;494
26;2025-12-18;22;227
26;2025-12-18;23;120
26;2025-12-19;0;31
26;2025-12-19;1;2
26;2025-12-19;2;0
26;2025-12-19;3;0
26;2025-12-19;4;1
26;2025-12-19;5;90
26;2025-12-19;6;531
26;2025-12-19;7;1055
26;2025-12-19;8;2120
26;2025-12-19;9;1449
26;2025-12-19;10;1268
26;2025-12-19;11;1156
26;2025-12-19;12;1182
26;2025-12-19;13;1229
26;2025-12-19;14;1291
26;2025-12-19;15;1460
26;2025-12-19;16;1728
26;2025-12-19;17;1754
26;2025-12-19;18;1411
26;2025-12-19;19;1089
26;2025-12-19;20;750
26;2025-12-19;21;470
26;2025-12-19;22;220
26;2025-12-19;23;154
26;2025-12-20;0;44
26;2025-12-20;1;3
26;2025-12-20;2;0
26;2025-12-20;3;0
26;2025-12-20;4;2
26;2025-12-20;5;44
26;2025-12-20;6;267
26;2025-12-20;7;370
26;2025-12-20;8;599
26;2025-12-20;9;684
26;2025-12-20;10;842
26;2025-12-20;11;1031
26;2025-12-20;12;1093
26;2025-12-20;13;1093
26;2025-12-20;14;1111
26;2025-12-20;15;1021
26;2025-12-20;16;1054
26;2025-12-20;17;935
26;2025-12-20;18;887
26;2025-12-20;19;763
26;2025-12-20;20;556
26;2025-12-20;21;373
26;2025-12-20;22;219
26;2025-12-20;23;155
26;2025-12-21;0;52
26;2025-12-21;1;5
26;2025-12-21;2;0
26;2025-12-21;3;0
26;2025-12-21;4;2
26;2025-12-21;5;33
26;2025-12-21;6;167
26;2025-12-21;7;251
26;2025-12-21;8;401
26;2025-12-21;9;564
26;2025-12-21;10;640
26;2025-12-21;11;900
26;2025-12-21;12;906
26;2025-12-21;13;981
26;2025-12-21;14;941
26;2025-12-21;15;872
26;2025-12-21;16;844
26;2025-12-21;17;828
26;2025-12-21;18;752
26;2025-12-21;19;569
26;2025-12-21;20;435
26;2025-12-21;21;311
26;2025-12-21;22;206
26;2025-12-21;23;118
26;2025-12-22;0;30
26;2025-12-22;1;2
26;2025-12-22;2;0
26;2025-12-22;3;0
26;2025-12-22;4;2
26;2025-12-22;5;93
26;2025-12-22;6;505
26;2025-12-22;7;1093
26;2025-12-22;8;2154
26;2025-12-22;9;1452
26;2025-12-22;10;1238
26;2025-12-22;11;1120
26;2025-12-22;12;1160
26;2025-12-22;13;1203
26;2025-12-22;14;1253
26;2025-12-22;15;1360
26;2025-12-22;16;1515
26;2025-12-22;17;1668
26;2025-12-22;18;1862
26;2025-12-22;19;1254
26;2025-12-22;20;784
26;2025-12-22;21;481
26;2025-12-22;22;221
26;2025-12-22;23;117
26;2025-12-23;0;31
26;2025-12-23;1;2
26;2025-12-23;2;0
26;2025-12-23;3;0
26;2025-12-23;4;2
26;2025-12-23;5;95
26;2025-12-23;6;518
26;2025-12-23;7;1123
26;2025-12-23;8;2214
26;2025-12-23;9;1493
26;2025-12-23;10;1272
26;2025-12-23;11;1151
26;2025-12-23;12;1193
26;2025-12-23;13;1236
26;2025-12-23;14;1288
26;2025-12-23;15;1397
26;2025-12-23;16;1557
26;2025-12-23;17;1714
26;2025-12-23;18;1914
26;2025-12-23;19;1289
26;2025-12-23;20;806
26;2025-12-23;21;494
26;2025-12-23;22;227
26;2025-12-23;23;120
26;2025-12-24;0;31
26;2025-12-24;1;2
26;2025-12-24;2;0
26;2025-12-24;3;0
26;2025-12-24;4;2
26;2025-12-24;5;95
26;2025-12-24;6;518
26;2025-12-24;7;1123
26;2025-12-24;8;2214
26;2025-12-24;9;1493
26;2025-12-24;10;1272
26;2025-12-24;11;1151
26;2025-12-24;12;1193
26;2025-12-24;13;1236
26;2025-12-24;14;1288
26;2025-12-24;15;1397
26;2025-12-24;16;1557
26;2025-12-24;17;1714
26;2025-12-24;18;1914
26;2025-12-24;19;1289
26;2025-12-24;20;806
26;2025-12-24;21;494
26;2025-12-24;22;227
26;2025-12-24;23;120
26;2025-12-25;0;31
26;2025-12-25;1;2
26;2025-12-25;2;0
26;2025-12-25;3;0
26;2025-12-25;4;2
26;2025-12-25;5;95
26;2025-12-25;6;518
26;2025-12-25;7;1123
26;2025-12-25;8;2214
26;2025-12-25;9;1493
26;2025-12-25;10;1272
26;2025-12-25;11;1151
26;2025-12-25;12;1193
26;2025-12-25;13;1236
26;2025-12-25;14;1288
26;2025-12-25;15;1397
26;2025-12-25;16;1557
26;2025-12-25;17;1714
26;2025-12-25;18;1914
26;2025-12-25;19;1289
26;2025-12-25;20;806
26;2025-12-25;21;494
26;2025-12-25;22;227
26;2025-12-25;23;120
26;2025-12-26;0;31
26;2025-12-26;1;2
26;2025-12-26;2;0
26;2025-12-26;3;0
26;2025-12-26;4;1
26;2025-12-26;5;90
26;2025-12-26;6;531
26;2025-12-26;7;1055
26;2025-12-26;8;2120
26;2025-12-26;9;1449
26;2025-12-26;10;1268
26;2025-12-26;11;1156
26;2025-12-26;12;1182
26;2025-12-26;13;1229
26;2025-12-26;14;1291
26;2025-12-26;15;1460
26;2025-12-26;16;1728
26;2025-12-26;17;1754
26;2025-12-26;18;1411
26;2025-12-26;19;1089
26;2025-12-26;20;750
26;2025-12-26;21;470
26;2025-12-26;22;220
26;2025-12-26;23;154
26;2025-12-27;0;44
26;2025-12-27;1;3
26;2025-12-27;2;0
26;2025-12-27;3;0
26;2025-12-27;4;2
26;2025-12-27;5;44
26;2025-12-27;6;267
26;2025-12-27;7;370
26;2025-12-27;8;599
26;2025-12-27;9;684
26;2025-12-27;10;842
26;2025-12-27;11;1031
26;2025-12-27;12;1093
26;2025-12-27;13;1093
26;2025-12-27;14;1111
26;2025-12-27;15;1021
26;2025-12-27;16;1054
26;2025-12-27;17;935
26;2025-12-27;18;887
26;2025-12-27;19;763
26;2025-12-27;20;556
26;2025-12-27;21;373
26;2025-12-27;22;219
26;2025-12-27;23;155
26;2025-12-28;0;52
26;2025-12-28;1;5
26;2025-12-28;2;0
26;2025-12-28;3;0
26;2025-12-28;4;2
26;2025-12-28;5;33
26;2025-12-28;6;167
26;2025-12-28;7;251
26;2025-12-28;8;401
26;2025-12-28;9;564
26;2025-12-28;10;640
26;2025-12-28;11;900
26;2025-12-28;12;906
26;2025-12-28;13;981
26;2025-12-28;14;941
26;2025-12-28;15;872
26;2025-12-28;16;844
26;2025-12-28;17;828
26;2025-12-28;18;752
26;2025-12-28;19;569
26;2025-12-28;20;435
26;2025-12-28;21;311
26;2025-12-28;22;206
26;2025-12-28;23;118
26;2025-12-29;0;27
26;2025-12-29;1;1
26;2025-12-29;2;0
26;2025-12-29;3;0
26;2025-12-29;4;2
26;2025-12-29;5;83
26;2025-12-29;6;454
26;2025-12-29;7;983
26;2025-12-29;8;1939
26;2025-12-29;9;1307
26;2025-12-29;10;1114
26;2025-12-29;11;1008
26;2025-12-29;12;1045
26;2025-12-29;13;1083
26;2025-12-29;14;1128
26;2025-12-29;15;1224
26;2025-12-29;16;1364
26;2025-12-29;17;1501
26;2025-12-29;18;1676
26;2025-12-29;19;1129
26;2025-12-29;20;706
26;2025-12-29;21;433
26;2025-12-29;22;199
26;2025-12-29;23;105
26;2025-12-30;0;26
26;2025-12-30;1;1
26;2025-12-30;2;0
26;2025-12-30;3;0
26;2025-12-30;4;2
26;2025-12-30;5;81
26;2025-12-30;6;441
26;2025-12-30;7;955
26;2025-12-30;8;1882
26;2025-12-30;9;1269
26;2025-12-30;10;1081
26;2025-12-30;11;978
26;2025-12-30;12;1013
26;2025-12-30;13;1051
26;2025-12-30;14;1095
26;2025-12-30;15;1188
26;2025-12-30;16;1324
26;2025-12-30;17;1456
26;2025-12-30;18;1627
26;2025-12-30;19;1096
26;2025-12-30;20;685
26;2025-12-30;21;420
26;2025-12-30;22;193
26;2025-12-30;23;102
26;2025-12-31;0;24
26;2025-12-31;1;2
26;2025-12-31;2;0
26;2025-12-31;3;0
26;2025-12-31;4;1
26;2025-12-31;5;24
26;2025-12-31;6;144
26;2025-12-31;7;200
26;2025-12-31;8;323
26;2025-12-31;9;369
26;2025-12-31;10;456
26;2025-12-31;11;558
26;2025-12-31;12;591
26;2025-12-31;13;591
26;2025-12-31;14;601
26;2025-12-31;15;553
26;2025-12-31;16;570
26;2025-12-31;17;506
26;2025-12-31;18;480
26;2025-12-31;19;413
26;2025-12-31;20;29
26;2025-12-31;21;20
26;2025-12-31;22;12
26;2025-12-31;23;8
28;2025-11-01;0;0
28;2025-11-01;1;0
28;2025-11-01;2;0
28;2025-11-01;3;0
28;2025-11-01;4;1
28;2025-11-01;5;68
28;2025-11-01;6;246
28;2025-11-01;7;744
28;2025-11-01;8;1133
28;2025-11-01;9;761
28;2025-11-01;10;596
28;2025-11-01;11;543
28;2025-11-01;12;679
28;2025-11-01;13;687
28;2025-11-01;14;666
28;2025-11-01;15;683
28;2025-11-01;16;924
28;2025-11-01;17;903
28;2025-11-01;18;764
28;2025-11-01;19;562
28;2025-11-01;20;430
28;2025-11-01;21;294
28;2025-11-01;22;132
28;2025-11-01;23;20
28;2025-11-02;0;1
28;2025-11-02;1;0
28;2025-11-02;2;0
28;2025-11-02;3;0
28;2025-11-02;4;0
28;2025-11-02;5;31
28;2025-11-02;6;84
28;2025-11-02;7;155
28;2025-11-02;8;256
28;2025-11-02;9;349
28;2025-11-02;10;405
28;2025-11-02;11;444
28;2025-11-02;12;479
28;2025-11-02;13;573
28;2025-11-02;14;538
28;2025-11-02;15;547
28;2025-11-02;16;505
28;2025-11-02;17;514
28;2025-11-02;18;429
28;2025-11-02;19;380
28;2025-11-02;20;310
28;2025-11-02;21;245
28;2025-11-02;22;115
28;2025-11-02;23;13
28;2025-11-03;0;1
28;2025-11-03;1;0
28;2025-11-03;2;0
28;2025-11-03;3;0
28;2025-11-03;4;1
28;2025-11-03;5;30
28;2025-11-03;6;81
28;2025-11-03;7;164
28;2025-11-03;8;275
28;2025-11-03;9;354
28;2025-11-03;10;399
28;2025-11-03;11;424
28;2025-11-03;12;475
28;2025-11-03;13;526
28;2025-11-03;14;502
28;2025-11-03;15;507
28;2025-11-03;16;486
28;2025-11-03;17;475
28;2025-11-03;18;407
28;2025-11-03;19;339
28;2025-11-03;20;268
28;2025-11-03;21;227
28;2025-11-03;22;102
28;2025-11-03;23;12
28;2025-11-04;0;1
28;2025-11-04;1;0
28;2025-11-04;2;0
28;2025-11-04;3;0
28;2025-11-04;4;1
28;2025-11-04;5;30
28;2025-11-04;6;81
28;2025-11-04;7;164
28;2025-11-04;8;275
28;2025-11-04;9;354
28;2025-11-04;10;399
28;2025-11-04;11;424
28;2025-11-04;12;475
28;2025-11-04;13;526
28;2025-11-04;14;502
28;2025-11-04;15;507
28;2025-11-04;16;486
28;2025-11-04;17;475
28;2025-11-04;18;407
28;2025-11-04;19;339
28;2025-11-04;20;268
28;2025-11-04;21;227
28;2025-11-04;22;102
28;2025-11-04;23;12
28;2025-11-05;0;3
28;2025-11-05;1;0
28;2025-11-05;2;0
28;2025-11-05;3;0
28;2025-11-05;4;2
28;2025-11-05;5;85
28;2025-11-05;6;284
28;2025-11-05;7;864
28;2025-11-05;8;1349
28;2025-11-05;9;916
28;2025-11-05;10;695
28;2025-11-05;11;617
28;2025-11-05;12;750
28;2025-11-05;13;774
28;2025-11-05;14;711
28;2025-11-05;15;750
28;2025-11-05;16;948
28;2025-11-05;17;1071
28;2025-11-05;18;1053
28;2025-11-05;19;782
28;2025-11-05;20;569
28;2025-11-05;21;348
28;2025-11-05;22;144
28;2025-11-05;23;21
28;2025-11-06;0;3
28;2025-11-06;1;0
28;2025-11-06;2;0
28;2025-11-06;3;0
28;2025-11-06;4;2
28;2025-11-06;5;85
28;2025-11-06;6;284
28;2025-11-06;7;864
28;2025-11-06;8;1349
28;2025-11-06;9;916
28;2025-11-06;10;695
28;2025-11-06;11;617
28;2025-11-06;12;750
28;2025-11-06;13;774
28;2025-11-06;14;711
28;2025-11-06;15;750
28;2025-11-06;16;948
28;2025-11-06;17;1071
28;2025-11-06;18;1053
28;2025-11-06;19;782
28;2025-11-06;20;569
28;2025-11-06;21;348
28;2025-11-06;22;144
28;2025-11-06;23;21
28;2025-11-07;0;2
28;2025-11-07;1;0
28;2025-11-07;2;0
28;2025-11-07;3;0
28;2025-11-07;4;1
28;2025-11-07;5;77
28;2025-11-07;6;279
28;2025-11-07;7;846
28;2025-11-07;8;1288
28;2025-11-07;9;865
28;2025-11-07;10;677
28;2025-11-07;11;617
28;2025-11-07;12;772
28;2025-11-07;13;781
28;2025-11-07;14;757
28;2025-11-07;15;776
28;2025-11-07;16;1051
28;2025-11-07;17;1026
28;2025-11-07;18;868
28;2025-11-07;19;639
28;2025-11-07;20;489
28;2025-11-07;21;334
28;2025-11-07;22;150
28;2025-11-07;23;22
28;2025-11-08;0;1
28;2025-11-08;1;0
28;2025-11-08;2;0
28;2025-11-08;3;0
28;2025-11-08;4;1
28;2025-11-08;5;38
28;2025-11-08;6;103
28;2025-11-08;7;228
28;2025-11-08;8;386
28;2025-11-08;9;474
28;2025-11-08;10;520
28;2025-11-08;11;536
28;2025-11-08;12;623
28;2025-11-08;13;639
28;2025-11-08;14;619
28;2025-11-08;15;622
28;2025-11-08;16;618
28;2025-11-08;17;581
28;2025-11-08;18;510
28;2025-11-08;19;400
28;2025-11-08;20;303
28;2025-11-08;21;279
28;2025-11-08;22;120
28;2025-11-08;23;15
28;2025-11-09;0;1
28;2025-11-09;1;0
28;2025-11-09;2;0
28;2025-11-09;3;0
28;2025-11-09;4;0
28;2025-11-09;5;31
28;2025-11-09;6;84
28;2025-11-09;7;155
28;2025-11-09;8;256
28;2025-11-09;9;349
28;2025-11-09;10;405
28;2025-11-09;11;444
28;2025-11-09;12;479
28;2025-11-09;13;573
28;2025-11-09;14;538
28;2025-11-09;15;547
28;2025-11-09;16;505
28;2025-11-09;17;514
28;2025-11-09;18;429
28;2025-11-09;19;380
28;2025-11-09;20;310
28;2025-11-09;21;245
28;2025-11-09;22;115
28;2025-11-09;23;13
28;2025-11-10;0;3
28;2025-11-10;1;0
28;2025-11-10;2;0
28;2025-11-10;3;0
28;2025-11-10;4;2
28;2025-11-10;5;83
28;2025-11-10;6;276
28;2025-11-10;7;841
28;2025-11-10;8;1313
28;2025-11-10;9;892
28;2025-11-10;10;677
28;2025-11-10;11;600
28;2025-11-10;12;730
28;2025-11-10;13;753
28;2025-11-10;14;692
28;2025-11-10;15;730
28;2025-11-10;16;922
28;2025-11-10;17;1043
28;2025-11-10;18;1024
28;2025-11-10;19;761
28;2025-11-10;20;553
28;2025-11-10;21;339
28;2025-11-10;22;140
28;2025-11-10;23;20
28;2025-11-11;0;3
28;2025-11-11;1;0
28;2025-11-11;2;0
28;2025-11-11;3;0
28;2025-11-11;4;2
28;2025-11-11;5;85
28;2025-11-11;6;284
28;2025-11-11;7;864
28;2025-11-11;8;1349
28;2025-11-11;9;916
28;2025-11-11;10;695
28;2025-11-11;11;617
28;2025-11-11;12;750
28;2025-11-11;13;774
28;2025-11-11;14;711
28;2025-11-11;15;750
28;2025-11-11;16;948
28;2025-11-11;17;1071
28;2025-11-11;18;1053
28;2025-11-11;19;782
28;2025-11-11;20;569
28;2025-11-11;21;348
28;2025-11-11;22;144
28;2025-11-11;23;21
28;2025-11-12;0;3
28;2025-11-12;1;0
28;2025-11-12;2;0
28;2025-11-12;3;0
28;2025-11-12;4;2
28;2025-11-12;5;85
28;2025-11-12;6;284
28;2025-11-12;7;864
28;2025-11-12;8;1349
28;2025-11-12;9;916
28;2025-11-12;10;695
28;2025-11-12;11;617
28;2025-11-12;12;750
28;2025-11-12;13;774
28;2025-11-12;14;711
28;2025-11-12;15;750
28;2025-11-12;16;948
28;2025-11-12;17;1071
28;2025-11-12;18;1053
28;2025-11-12;19;782
28;2025-11-12;20;569
28;2025-11-12;21;348
28;2025-11-12;22;144
28;2025-11-12;23;21
28;2025-11-13;0;3
28;2025-11-13;1;0
28;2025-11-13;2;0
28;2025-11-13;3;0
28;2025-11-13;4;2
28;2025-11-13;5;85
28;2025-11-13;6;284
28;2025-11-13;7;864
28;2025-11-13;8;1349
28;2025-11-13;9;916
28;2025-11-13;10;695
28;2025-11-13;11;617
28;2025-11-13;12;750
28;2025-11-13;13;774
28;2025-11-13;14;711
28;2025-11-13;15;750
28;2025-11-13;16;948
28;2025-11-13;17;1071
28;2025-11-13;18;1053
28;2025-11-13;19;782
28;2025-11-13;20;569
28;2025-11-13;21;348
28;2025-11-13;22;144
28;2025-11-13;23;21
28;2025-11-14;0;2
28;2025-11-14;1;0
28;2025-11-14;2;0
28;2025-11-14;3;0
28;2025-11-14;4;1
28;2025-11-14;5;77
28;2025-11-14;6;279
28;2025-11-14;7;846
28;2025-11-14;8;1288
28;2025-11-14;9;865
28;2025-11-14;10;677
28;2025-11-14;11;617
28;2025-11-14;12;772
28;2025-11-14;13;781
28;2025-11-14;14;757
28;2025-11-14;15;776
28;2025-11-14;16;1051
28;2025-11-14;17;1026
28;2025-11-14;18;868
28;2025-11-14;19;639
28;2025-11-14;20;489
28;2025-11-14;21;334
28;2025-11-14;22;150
28;2025-11-14;23;22
28;2025-11-15;0;1
28;2025-11-15;1;0
28;2025-11-15;2;0
28;2025-11-15;3;0
28;2025-11-15;4;1
28;2025-11-15;5;38
28;2025-11-15;6;103
28;2025-11-15;7;228
28;2025-11-15;8;386
28;2025-11-15;9;474
28;2025-11-15;10;520
28;2025-11-15;11;536
28;2025-11-15;12;623
28;2025-11-15;13;639
28;2025-11-15;14;619
28;2025-11-15;15;622
28;2025-11-15;16;618
28;2025-11-15;17;581
28;2025-11-15;18;510
28;2025-11-15;19;400
28;2025-11-15;20;303
28;2025-11-15;21;279
28;2025-11-15;22;120
28;2025-11-15;23;15
28;2025-11-16;0;1
28;2025-11-16;1;0
28;2025-11-16;2;0
28;2025-11-16;3;0
28;2025-11-16;4;0
28;2025-11-16;5;31
28;2025-11-16;6;84
28;2025-11-16;7;155
28;2025-11-16;8;256
28;2025-11-16;9;349
28;2025-11-16;10;405
28;2025-11-16;11;444
28;2025-11-16;12;479
28;2025-11-16;13;573
28;2025-11-16;14;538
28;2025-11-16;15;547
28;2025-11-16;16;505
28;2025-11-16;17;514
28;2025-11-16;18;429
28;2025-11-16;19;380
28;2025-11-16;20;310
28;2025-11-16;21;245
28;2025-11-16;22;115
28;2025-11-16;23;13
28;2025-11-17;0;3
28;2025-11-17;1;0
28;2025-11-17;2;0
28;2025-11-17;3;0
28;2025-11-17;4;2
28;2025-11-17;5;83
28;2025-11-17;6;276
28;2025-11-17;7;841
28;2025-11-17;8;1313
28;2025-11-17;9;892
28;2025-11-17;10;677
28;2025-11-17;11;600
28;2025-11-17;12;730
28;2025-11-17;13;753
28;2025-11-17;14;692
28;2025-11-17;15;730
28;2025-11-17;16;922
28;2025-11-17;17;1043
28;2025-11-17;18;1024
28;2025-11-17;19;761
28;2025-11-17;20;553
28;2025-11-17;21;339
28;2025-11-17;22;140
28;2025-11-17;23;20
28;2025-11-18;0;3
28;2025-11-18;1;0
28;2025-11-18;2;0
28;2025-11-18;3;0
28;2025-11-18;4;2
28;2025-11-18;5;85
28;2025-11-18;6;284
28;2025-11-18;7;864
28;2025-11-18;8;1349
28;2025-11-18;9;916
28;2025-11-18;10;695
28;2025-11-18;11;617
28;2025-11-18;12;750
28;2025-11-18;13;774
28;2025-11-18;14;711
28;2025-11-18;15;750
28;2025-11-18;16;948
28;2025-11-18;17;1071
28;2025-11-18;18;1053
28;2025-11-18;19;782
28;2025-11-18;20;569
28;2025-11-18;21;348
28;2025-11-18;22;144
28;2025-11-18;23;21
28;2025-11-19;0;3
28;2025-11-19;1;0
28;2025-11-19;2;0
28;2025-11-19;3;0
28;2025-11-19;4;2
28;2025-11-19;5;85
28;2025-11-19;6;284
28;2025-11-19;7;864
28;2025-11-19;8;1349
28;2025-11-19;9;916
28;2025-11-19;10;695
28;2025-11-19;11;617
28;2025-11-19;12;750
28;2025-11-19;13;774
28;2025-11-19;14;711
28;2025-11-19;15;750
28;2025-11-19;16;948
28;2025-11-19;17;1071
28;2025-11-19;18;1053
28;2025-11-19;19;782
28;2025-11-19;20;569
28;2025-11-19;21;348
28;2025-11-19;22;144
28;2025-11-19;23;21
28;2025-11-20;0;3
28;2025-11-20;1;0
28;2025-11-20;2;0
28;2025-11-20;3;0
28;2025-11-20;4;2
28;2025-11-20;5;85
28;2025-11-20;6;284
28;2025-11-20;7;864
28;2025-11-20;8;1349
28;2025-11-20;9;916
28;2025-11-20;10;695
28;2025-11-20;11;617
28;2025-11-20;12;750
28;2025-11-20;13;774
28;2025-11-20;14;711
28;2025-11-20;15;750
28;2025-11-20;16;948
28;2025-11-20;17;1071
28;2025-11-20;18;1053
28;2025-11-20;19;782
28;2025-11-20;20;569
28;2025-11-20;21;348
28;2025-11-20;22;144
28;2025-11-20;23;21
28;2025-11-21;0;2
28;2025-11-21;1;0
28;2025-11-21;2;0
28;2025-11-21;3;0
28;2025-11-21;4;1
28;2025-11-21;5;77
28;2025-11-21;6;279
28;2025-11-21;7;846
28;2025-11-21;8;1288
28;2025-11-21;9;865
28;2025-11-21;10;677
28;2025-11-21;11;617
28;2025-11-21;12;772
28;2025-11-21;13;781
28;2025-11-21;14;757
28;2025-11-21;15;776
28;2025-11-21;16;1051
28;2025-11-21;17;1026
28;2025-11-21;18;868
28;2025-11-21;19;639
28;2025-11-21;20;489
28;2025-11-21;21;334
28;2025-11-21;22;150
28;2025-11-21;23;22
28;2025-11-22;0;1
28;2025-11-22;1;0
28;2025-11-22;2;0
28;2025-11-22;3;0
28;2025-11-22;4;1
28;2025-11-22;5;38
28;2025-11-22;6;103
28;2025-11-22;7;228
28;2025-11-22;8;386
28;2025-11-22;9;474
28;2025-11-22;10;520
28;2025-11-22;11;536
28;2025-11-22;12;623
28;2025-11-22;13;639
28;2025-11-22;14;619
28;2025-11-22;15;622
28;2025-11-22;16;618
28;2025-11-22;17;581
28;2025-11-22;18;510
28;2025-11-22;19;400
28;2025-11-22;20;303
28;2025-11-22;21;279
28;2025-11-22;22;120
28;2025-11-22;23;15
28;2025-11-23;0;1
28;2025-11-23;1;0
28;2025-11-23;2;0
28;2025-11-23;3;0
28;2025-11-23;4;0
28;2025-11-23;5;31
28;2025-11-23;6;84
28;2025-11-23;7;155
28;2025-11-23;8;256
28;2025-11-23;9;349
28;2025-11-23;10;405
28;2025-11-23;11;444
28;2025-11-23;12;479
28;2025-11-23;13;573
28;2025-11-23;14;538
28;2025-11-23;15;547
28;2025-11-23;16;505
28;2025-11-23;17;514
28;2025-11-23;18;429
28;2025-11-23;19;380
28;2025-11-23;20;310
28;2025-11-23;21;245
28;2025-11-23;22;115
28;2025-11-23;23;13
28;2025-11-24;0;3
28;2025-11-24;1;0
28;2025-11-24;2;0
28;2025-11-24;3;0
28;2025-11-24;4;2
28;2025-11-24;5;83
28;2025-11-24;6;276
28;2025-11-24;7;841
28;2025-11-24;8;1313
28;2025-11-24;9;892
28;2025-11-24;10;677
28;2025-11-24;11;600
28;2025-11-24;12;730
28;2025-11-24;13;753
28;2025-11-24;14;692
28;2025-11-24;15;730
28;2025-11-24;16;922
28;2025-11-24;17;1043
28;2025-11-24;18;1024
28;2025-11-24;19;761
28;2025-11-24;20;553
28;2025-11-24;21;339
28;2025-11-24;22;140
28;2025-11-24;23;20
28;2025-11-25;0;3
28;2025-11-25;1;0
28;2025-11-25;2;0
28;2025-11-25;3;0
28;2025-11-25;4;2
28;2025-11-25;5;85
28;2025-11-25;6;284
28;2025-11-25;7;864
28;2025-11-25;8;1349
28;2025-11-25;9;916
28;2025-11-25;10;695
28;2025-11-25;11;617
28;2025-11-25;12;750
28;2025-11-25;13;774
28;2025-11-25;14;711
28;2025-11-25;15;750
28;2025-11-25;16;948
28;2025-11-25;17;1071
28;2025-11-25;18;1053
28;2025-11-25;19;782
28;2025-11-25;20;569
28;2025-11-25;21;348
28;2025-11-25;22;144
28;2025-11-25;23;21
28;2025-11-26;0;3
28;2025-11-26;1;0
28;2025-11-26;2;0
28;2025-11-26;3;0
28;2025-11-26;4;2
28;2025-11-26;5;85
28;2025-11-26;6;284
28;2025-11-26;7;864
28;2025-11-26;8;1349
28;2025-11-26;9;916
28;2025-11-26;10;695
28;2025-11-26;11;617
28;2025-11-26;12;750
28;2025-11-26;13;774
28;2025-11-26;14;711
28;2025-11-26;15;750
28;2025-11-26;16;948
28;2025-11-26;17;1071
28;2025-11-26;18;1053
28;2025-11-26;19;782
28;2025-11-26;20;569
28;2025-11-26;21;348
28;2025-11-26;22;144
28;2025-11-26;23;21
28;2025-11-27;0;3
28;2025-11-27;1;0
28;2025-11-27;2;0
28;2025-11-27;3;0
28;2025-11-27;4;2
28;2025-11-27;5;85
28;2025-11-27;6;284
28;2025-11-27;7;864
28;2025-11-27;8;1349
28;2025-11-27;9;916
28;2025-11-27;10;695
28;2025-11-27;11;617
28;2025-11-27;12;750
28;2025-11-27;13;774
28;2025-11-27;14;711
28;2025-11-27;15;750
28;2025-11-27;16;948
28;2025-11-27;17;1071
28;2025-11-27;18;1053
28;2025-11-27;19;782
28;2025-11-27;20;569
28;2025-11-27;21;348
28;2025-11-27;22;144
28;2025-11-27;23;21
28;2025-11-28;0;2
28;2025-11-28;1;0
28;2025-11-28;2;0
28;2025-11-28;3;0
28;2025-11-28;4;1
28;2025-11-28;5;77
28;2025-11-28;6;279
28;2025-11-28;7;846
28;2025-11-28;8;1288
28;2025-11-28;9;865
28;2025-11-28;10;677
28;2025-11-28;11;617
28;2025-11-28;12;772
28;2025-11-28;13;781
28;2025-11-28;14;757
28;2025-11-28;15;776
28;2025-11-28;16;1051
28;2025-11-28;17;1026
28;2025-11-28;18;868
28;2025-11-28;19;639
28;2025-11-28;20;489
28;2025-11-28;21;334
28;2025-11-28;22;150
28;2025-11-28;23;22
28;2025-11-29;0;1
28;2025-11-29;1;0
28;2025-11-29;2;0
28;2025-11-29;3;0
28;2025-11-29;4;1
28;2025-11-29;5;38
28;2025-11-29;6;103
28;2025-11-29;7;228
28;2025-11-29;8;386
28;2025-11-29;9;474
28;2025-11-29;10;520
28;2025-11-29;11;536
28;2025-11-29;12;623
28;2025-11-29;13;639
28;2025-11-29;14;619
28;2025-11-29;15;622
28;2025-11-29;16;618
28;2025-11-29;17;581
28;2025-11-29;18;510
28;2025-11-29;19;400
28;2025-11-29;20;303
28;2025-11-29;21;279
28;2025-11-29;22;120
28;2025-11-29;23;15
28;2025-11-30;0;1
28;2025-11-30;1;0
28;2025-11-30;2;0
28;2025-11-30;3;0
28;2025-11-30;4;0
28;2025-11-30;5;31
28;2025-11-30;6;84
28;2025-11-30;7;155
28;2025-11-30;8;256
28;2025-11-30;9;349
28;2025-11-30;10;405
28;2025-11-30;11;444
28;2025-11-30;12;479
28;2025-11-30;13;573
28;2025-11-30;14;538
28;2025-11-30;15;547
28;2025-11-30;16;505
28;2025-11-30;17;514
28;2025-11-30;18;429
28;2025-11-30;19;380
28;2025-11-30;20;310
28;2025-11-30;21;245
28;2025-11-30;22;115
28;2025-11-30;23;13
28;2025-12-01;0;3
28;2025-12-01;1;0
28;2025-12-01;2;0
28;2025-12-01;3;0
28;2025-12-01;4;2
28;2025-12-01;5;81
28;2025-12-01;6;273
28;2025-12-01;7;830
28;2025-12-01;8;1284
28;2025-12-01;9;881
28;2025-12-01;10;667
28;2025-12-01;11;589
28;2025-12-01;12;711
28;2025-12-01;13;739
28;2025-12-01;14;675
28;2025-12-01;15;714
28;2025-12-01;16;899
28;2025-12-01;17;1016
28;2025-12-01;18;1001
28;2025-12-01;19;744
28;2025-12-01;20;542
28;2025-12-01;21;331
28;2025-12-01;22;140
28;2025-12-01;23;22
28;2025-12-02;0;3
28;2025-12-02;1;0
28;2025-12-02;2;0
28;2025-12-02;3;0
28;2025-12-02;4;2
28;2025-12-02;5;83
28;2025-12-02;6;281
28;2025-12-02;7;854
28;2025-12-02;8;1319
28;2025-12-02;9;906
28;2025-12-02;10;686
28;2025-12-02;11;606
28;2025-12-02;12;731
28;2025-12-02;13;760
28;2025-12-02;14;694
28;2025-12-02;15;734
28;2025-12-02;16;923
28;2025-12-02;17;1044
28;2025-12-02;18;1029
28;2025-12-02;19;764
28;2025-12-02;20;557
28;2025-12-02;21;340
28;2025-12-02;22;144
28;2025-12-02;23;23
28;2025-12-03;0;3
28;2025-12-03;1;0
28;2025-12-03;2;0
28;2025-12-03;3;0
28;2025-12-03;4;2
28;2025-12-03;5;83
28;2025-12-03;6;281
28;2025-12-03;7;854
28;2025-12-03;8;1319
28;2025-12-03;9;906
28;2025-12-03;10;686
28;2025-12-03;11;606
28;2025-12-03;12;731
28;2025-12-03;13;760
28;2025-12-03;14;694
28;2025-12-03;15;734
28;2025-12-03;16;923
28;2025-12-03;17;1044
28;2025-12-03;18;1029
28;2025-12-03;19;764
28;2025-12-03;20;557
28;2025-12-03;21;340
28;2025-12-03;22;144
28;2025-12-03;23;23
28;2025-12-04;0;3
28;2025-12-04;1;0
28;2025-12-04;2;0
28;2025-12-04;3;0
28;2025-12-04;4;2
28;2025-12-04;5;83
28;2025-12-04;6;281
28;2025-12-04;7;854
28;2025-12-04;8;1319
28;2025-12-04;9;906
28;2025-12-04;10;686
28;2025-12-04;11;606
28;2025-12-04;12;731
28;2025-12-04;13;760
28;2025-12-04;14;694
28;2025-12-04;15;734
28;2025-12-04;16;923
28;2025-12-04;17;1044
28;2025-12-04;18;1029
28;2025-12-04;19;764
28;2025-12-04;20;557
28;2025-12-04;21;340
28;2025-12-04;22;144
28;2025-12-04;23;23
28;2025-12-05;0;2
28;2025-12-05;1;0
28;2025-12-05;2;0
28;2025-12-05;3;0
28;2025-12-05;4;1
28;2025-12-05;5;75
28;2025-12-05;6;272
28;2025-12-05;7;825
28;2025-12-05;8;1253
28;2025-12-05;9;851
28;2025-12-05;10;666
28;2025-12-05;11;602
28;2025-12-05;12;745
28;2025-12-05;13;770
28;2025-12-05;14;744
28;2025-12-05;15;762
28;2025-12-05;16;1039
28;2025-12-05;17;1008
28;2025-12-05;18;848
28;2025-12-05;19;622
28;2025-12-05;20;487
28;2025-12-05;21;324
28;2025-12-05;22;150
28;2025-12-05;23;23
28;2025-12-06;0;1
28;2025-12-06;1;0
28;2025-12-06;2;0
28;2025-12-06;3;0
28;2025-12-06;4;1
28;2025-12-06;5;36
28;2025-12-06;6;100
28;2025-12-06;7;222
28;2025-12-06;8;373
28;2025-12-06;9;466
28;2025-12-06;10;510
28;2025-12-06;11;526
28;2025-12-06;12;610
28;2025-12-06;13;628
28;2025-12-06;14;613
28;2025-12-06;15;608
28;2025-12-06;16;603
28;2025-12-06;17;568
28;2025-12-06;18;501
28;2025-12-06;19;395
28;2025-12-06;20;298
28;2025-12-06;21;275
28;2025-12-06;22;120
28;2025-12-06;23;15
28;2025-12-07;0;1
28;2025-12-07;1;0
28;2025-12-07;2;0
28;2025-12-07;3;0
28;2025-12-07;4;1
28;2025-12-07;5;30
28;2025-12-07;6;83
28;2025-12-07;7;149
28;2025-12-07;8;250
28;2025-12-07;9;339
28;2025-12-07;10;393
28;2025-12-07;11;431
28;2025-12-07;12;469
28;2025-12-07;13;560
28;2025-12-07;14;524
28;2025-12-07;15;535
28;2025-12-07;16;497
28;2025-12-07;17;505
28;2025-12-07;18;418
28;2025-12-07;19;369
28;2025-12-07;20;303
28;2025-12-07;21;239
28;2025-12-07;22;113
28;2025-12-07;23;13
28;2025-12-08;0;3
28;2025-12-08;1;0
28;2025-12-08;2;0
28;2025-12-08;3;0
28;2025-12-08;4;2
28;2025-12-08;5;81
28;2025-12-08;6;273
28;2025-12-08;7;830
28;2025-12-08;8;1284
28;2025-12-08;9;881
28;2025-12-08;10;667
28;2025-12-08;11;589
28;2025-12-08;12;711
28;2025-12-08;13;739
28;2025-12-08;14;675
28;2025-12-08;15;714
28;2025-12-08;16;899
28;2025-12-08;17;1016
28;2025-12-08;18;1001
28;2025-12-08;19;744
28;2025-12-08;20;542
28;2025-12-08;21;331
28;2025-12-08;22;140
28;2025-12-08;23;22
28;2025-12-09;0;3
28;2025-12-09;1;0
28;2025-12-09;2;0
28;2025-12-09;3;0
28;2025-12-09;4;2
28;2025-12-09;5;83
28;2025-12-09;6;281
28;2025-12-09;7;854
28;2025-12-09;8;1319
28;2025-12-09;9;906
28;2025-12-09;10;686
28;2025-12-09;11;606
28;2025-12-09;12;731
28;2025-12-09;13;760
28;2025-12-09;14;694
28;2025-12-09;15;734
28;2025-12-09;16;923
28;2025-12-09;17;1044
28;2025-12-09;18;1029
28;2025-12-09;19;764
28;2025-12-09;20;557
28;2025-12-09;21;340
28;2025-12-09;22;144
28;2025-12-09;23;23
28;2025-12-10;0;3
28;2025-12-10;1;0
28;2025-12-10;2;0
28;2025-12-10;3;0
28;2025-12-10;4;2
28;2025-12-10;5;83
28;2025-12-10;6;281
28;2025-12-10;7;854
28;2025-12-10;8;1319
28;2025-12-10;9;906
28;2025-12-10;10;686
28;2025-12-10;11;606
28;2025-12-10;12;731
28;2025-12-10;13;760
28;2025-12-10;14;694
28;2025-12-10;15;734
28;2025-12-10;16;923
28;2025-12-10;17;1044
28;2025-12-10;18;1029
28;2025-12-10;19;764
28;2025-12-10;20;557
28;2025-12-10;21;340
28;2025-12-10;22;144
28;2025-12-10;23;23
28;2025-12-11;0;3
28;2025-12-11;1;0
28;2025-12-11;2;0
28;2025-12-11;3;0
28;2025-12-11;4;2
28;2025-12-11;5;83
28;2025-12-11;6;281
28;2025-12-11;7;854
28;2025-12-11;8;1319
28;2025-12-11;9;906
28;2025-12-11;10;686
28;2025-12-11;11;606
28;2025-12-11;12;731
28;2025-12-11;13;760
28;2025-12-11;14;694
28;2025-12-11;15;734
28;2025-12-11;16;923
28;2025-12-11;17;1044
28;2025-12-11;18;1029
28;2025-12-11;19;764
28;2025-12-11;20;557
28;2025-12-11;21;340
28;2025-12-11;22;144
28;2025-12-11;23;23
28;2025-12-12;0;2
28;2025-12-12;1;0
28;2025-12-12;2;0
28;2025-12-12;3;0
28;2025-12-12;4;1
28;2025-12-12;5;75
28;2025-12-12;6;272
28;2025-12-12;7;825
28;2025-12-12;8;1253
28;2025-12-12;9;851
28;2025-12-12;10;666
28;2025-12-12;11;602
28;2025-12-12;12;745
28;2025-12-12;13;770
28;2025-12-12;14;744
28;2025-12-12;15;762
28;2025-12-12;16;1039
28;2025-12-12;17;1008
28;2025-12-12;18;848
28;2025-12-12;19;622
28;2025-12-12;20;487
28;2025-12-12;21;324
28;2025-12-12;22;150
28;2025-12-12;23;23
28;2025-12-13;0;1
28;2025-12-13;1;0
28;2025-12-13;2;0
28;2025-12-13;3;0
28;2025-12-13;4;1
28;2025-12-13;5;36
28;2025-12-13;6;100
28;2025-12-13;7;222
28;2025-12-13;8;373
28;2025-12-13;9;466
28;2025-12-13;10;510
28;2025-12-13;11;526
28;2025-12-13;12;610
28;2025-12-13;13;628
28;2025-12-13;14;613
28;2025-12-13;15;608
28;2025-12-13;16;603
28;2025-12-13;17;568
28;2025-12-13;18;501
28;2025-12-13;19;395
28;2025-12-13;20;298
28;2025-12-13;21;275
28;2025-12-13;22;120
28;2025-12-13;23;15
28;2025-12-14;0;1
28;2025-12-14;1;0
28;2025-12-14;2;0
28;2025-12-14;3;0
28;2025-12-14;4;1
28;2025-12-14;5;30
28;2025-12-14;6;83
28;2025-12-14;7;149
28;2025-12-14;8;250
28;2025-12-14;9;339
28;2025-12-14;10;393
28;2025-12-14;11;431
28;2025-12-14;12;469
28;2025-12-14;13;560
28;2025-12-14;14;524
28;2025-12-14;15;535
28;2025-12-14;16;497
28;2025-12-14;17;505
28;2025-12-14;18;418
28;2025-12-14;19;369
28;2025-12-14;20;303
28;2025-12-14;21;239
28;2025-12-14;22;113
28;2025-12-14;23;13
28;2025-12-15;0;3
28;2025-12-15;1;0
28;2025-12-15;2;0
28;2025-12-15;3;0
28;2025-12-15;4;2
28;2025-12-15;5;81
28;2025-12-15;6;273
28;2025-12-15;7;830
28;2025-12-15;8;1284
28;2025-12-15;9;881
28;2025-12-15;10;667
28;2025-12-15;11;589
28;2025-12-15;12;711
28;2025-12-15;13;739
28;2025-12-15;14;675
28;2025-12-15;15;714
28;2025-12-15;16;899
28;2025-12-15;17;1016
28;2025-12-15;18;1001
28;2025-12-15;19;744
28;2025-12-15;20;542
28;2025-12-15;21;331
28;2025-12-15;22;140
28;2025-12-15;23;22
28;2025-12-16;0;3
28;2025-12-16;1;0
28;2025-12-16;2;0
28;2025-12-16;3;0
28;2025-12-16;4;2
28;2025-12-16;5;83
28;2025-12-16;6;281
28;2025-12-16;7;854
28;2025-12-16;8;1319
28;2025-12-16;9;906
28;2025-12-16;10;686
28;2025-12-16;11;606
28;2025-12-16;12;731
28;2025-12-16;13;760
28;2025-12-16;14;694
28;2025-12-16;15;734
28;2025-12-16;16;923
28;2025-12-16;17;1044
28;2025-12-16;18;1029
28;2025-12-16;19;764
28;2025-12-16;20;557
28;2025-12-16;21;340
28;2025-12-16;22;144
28;2025-12-16;23;23
28;2025-12-17;0;3
28;2025-12-17;1;0
28;2025-12-17;2;0
28;2025-12-17;3;0
28;2025-12-17;4;2
28;2025-12-17;5;83
28;2025-12-17;6;281
28;2025-12-17;7;854
28;2025-12-17;8;1319
28;2025-12-17;9;906
28;2025-12-17;10;686
28;2025-12-17;11;606
28;2025-12-17;12;731
28;2025-12-17;13;760
28;2025-12-17;14;694
28;2025-12-17;15;734
28;2025-12-17;16;923
28;2025-12-17;17;1044
28;2025-12-17;18;1029
28;2025-12-17;19;764
28;2025-12-17;20;557
28;2025-12-17;21;340
28;2025-12-17;22;144
28;2025-12-17;23;23
28;2025-12-18;0;3
28;2025-12-18;1;0
28;2025-12-18;2;0
28;2025-12-18;3;0
28;2025-12-18;4;2
28;2025-12-18;5;83
28;2025-12-18;6;281
28;2025-12-18;7;854
28;2025-12-18;8;1319
28;2025-12-18;9;906
28;2025-12-18;10;686
28;2025-12-18;11;606
28;2025-12-18;12;731
28;2025-12-18;13;760
28;2025-12-18;14;694
28;2025-12-18;15;734
28;2025-12-18;16;923
28;2025-12-18;17;1044
28;2025-12-18;18;1029
28;2025-12-18;19;764
28;2025-12-18;20;557
28;2025-12-18;21;340
28;2025-12-18;22;144
28;2025-12-18;23;23
28;2025-12-19;0;2
28;2025-12-19;1;0
28;2025-12-19;2;0
28;2025-12-19;3;0
28;2025-12-19;4;1
28;2025-12-19;5;75
28;2025-12-19;6;272
28;2025-12-19;7;825
28;2025-12-19;8;1253
28;2025-12-19;9;851
28;2025-12-19;10;666
28;2025-12-19;11;602
28;2025-12-19;12;745
28;2025-12-19;13;770
28;2025-12-19;14;744
28;2025-12-19;15;762
28;2025-12-19;16;1039
28;2025-12-19;17;1008
28;2025-12-19;18;848
28;2025-12-19;19;622
28;2025-12-19;20;487
28;2025-12-19;21;324
28;2025-12-19;22;150
28;2025-12-19;23;23
28;2025-12-20;0;1
28;2025-12-20;1;0
28;2025-12-20;2;0
28;2025-12-20;3;0
28;2025-12-20;4;1
28;2025-12-20;5;36
28;2025-12-20;6;100
28;2025-12-20;7;222
28;2025-12-20;8;373
28;2025-12-20;9;466
28;2025-12-20;10;510
28;2025-12-20;11;526
28;2025-12-20;12;610
28;2025-12-20;13;628
28;2025-12-20;14;613
28;2025-12-20;15;608
28;2025-12-20;16;603
28;2025-12-20;17;568
28;2025-12-20;18;501
28;2025-12-20;19;395
28;2025-12-20;20;298
28;2025-12-20;21;275
28;2025-12-20;22;120
28;2025-12-20;23;15
28;2025-12-21;0;1
28;2025-12-21;1;0
28;2025-12-21;2;0
28;2025-12-21;3;0
28;2025-12-21;4;1
28;2025-12-21;5;30
28;2025-12-21;6;83
28;2025-12-21;7;149
28;2025-12-21;8;250
28;2025-12-21;9;339
28;2025-12-21;10;393
28;2025-12-21;11;431
28;2025-12-21;12;469
28;2025-12-21;13;560
28;2025-12-21;14;524
28;2025-12-21;15;535
28;2025-12-21;16;497
28;2025-12-21;17;505
28;2025-12-21;18;418
28;2025-12-21;19;369
28;2025-12-21;20;303
28;2025-12-21;21;239
28;2025-12-21;22;113
28;2025-12-21;23;13
28;2025-12-22;0;3
28;2025-12-22;1;0
28;2025-12-22;2;0
28;2025-12-22;3;0
28;2025-12-22;4;2
28;2025-12-22;5;81
28;2025-12-22;6;273
28;2025-12-22;7;830
28;2025-12-22;8;1284
28;2025-12-22;9;881
28;2025-12-22;10;667
28;2025-12-22;11;589
28;2025-12-22;12;711
28;2025-12-22;13;739
28;2025-12-22;14;675
28;2025-12-22;15;714
28;2025-12-22;16;899
28;2025-12-22;17;1016
28;2025-12-22;18;1001
28;2025-12-22;19;744
28;2025-12-22;20;542
28;2025-12-22;21;331
28;2025-12-22;22;140
28;2025-12-22;23;22
28;2025-12-23;0;3
28;2025-12-23;1;0
28;2025-12-23;2;0
28;2025-12-23;3;0
28;2025-12-23;4;2
28;2025-12-23;5;83
28;2025-12-23;6;281
28;2025-12-23;7;854
28;2025-12-23;8;1319
28;2025-12-23;9;906
28;2025-12-23;10;686
28;2025-12-23;11;606
28;2025-12-23;12;731
28;2025-12-23;13;760
28;2025-12-23;14;694
28;2025-12-23;15;734
28;2025-12-23;16;923
28;2025-12-23;17;1044
28;2025-12-23;18;1029
28;2025-12-23;19;764
28;2025-12-23;20;557
28;2025-12-23;21;340
28;2025-12-23;22;144
28;2025-12-23;23;23
28;2025-12-24;0;3
28;2025-12-24;1;0
28;2025-12-24;2;0
28;2025-12-24;3;0
28;2025-12-24;4;2
28;2025-12-24;5;83
28;2025-12-24;6;281
28;2025-12-24;7;854
28;2025-12-24;8;1319
28;2025-12-24;9;906
28;2025-12-24;10;686
28;2025-12-24;11;606
28;2025-12-24;12;731
28;2025-12-24;13;760
28;2025-12-24;14;694
28;2025-12-24;15;734
28;2025-12-24;16;923
28;2025-12-24;17;1044
28;2025-12-24;18;1029
28;2025-12-24;19;764
28;2025-12-24;20;557
28;2025-12-24;21;340
28;2025-12-24;22;144
28;2025-12-24;23;23
28;2025-12-25;0;3
28;2025-12-25;1;0
28;2025-12-25;2;0
28;2025-12-25;3;0
28;2025-12-25;4;2
28;2025-12-25;5;83
28;2025-12-25;6;281
28;2025-12-25;7;854
28;2025-12-25;8;1319
28;2025-12-25;9;906
28;2025-12-25;10;686
28;2025-12-25;11;606
28;2025-12-25;12;731
28;2025-12-25;13;760
28;2025-12-25;14;694
28;2025-12-25;15;734
28;2025-12-25;16;923
28;2025-12-25;17;1044
28;2025-12-25;18;1029
28;2025-12-25;19;764
28;2025-12-25;20;557
28;2025-12-25;21;340
28;2025-12-25;22;144
28;2025-12-25;23;23
28;2025-12-26;0;2
28;2025-12-26;1;0
28;2025-12-26;2;0
28;2025-12-26;3;0
28;2025-12-26;4;1
28;2025-12-26;5;75
28;2025-12-26;6;272
28;2025-12-26;7;825
28;2025-12-26;8;1253
28;2025-12-26;9;851
28;2025-12-26;10;666
28;2025-12-26;11;602
28;2025-12-26;12;745
28;2025-12-26;13;770
28;2025-12-26;14;744
28;2025-12-26;15;762
28;2025-12-26;16;1039
28;2025-12-26;17;1008
28;2025-12-26;18;848
28;2025-12-26;19;622
28;2025-12-26;20;487
28;2025-12-26;21;324
28;2025-12-26;22;150
28;2025-12-26;23;23
28;2025-12-27;0;1
28;2025-12-27;1;0
28;2025-12-27;2;0
28;2025-12-27;3;0
28;2025-12-27;4;1
28;2025-12-27;5;36
28;2025-12-27;6;100
28;2025-12-27;7;222
28;2025-12-27;8;373
28;2025-12-27;9;466
28;2025-12-27;10;510
28;2025-12-27;11;526
28;2025-12-27;12;610
28;2025-12-27;13;628
28;2025-12-27;14;613
28;2025-12-27;15;608
28;2025-12-27;16;603
28;2025-12-27;17;568
28;2025-12-27;18;501
28;2025-12-27;19;395
28;2025-12-27;20;298
28;2025-12-27;21;275
28;2025-12-27;22;120
28;2025-12-27;23;15
28;2025-12-28;0;1
28;2025-12-28;1;0
28;2025-12-28;2;0
28;2025-12-28;3;0
28;2025-12-28;4;1
28;2025-12-28;5;30
28;2025-12-28;6;83
28;2025-12-28;7;149
28;2025-12-28;8;250
28;2025-12-28;9;339
28;2025-12-28;10;393
28;2025-12-28;11;431
28;2025-12-28;12;469
28;2025-12-28;13;560
28;2025-12-28;14;524
28;2025-12-28;15;535
28;2025-12-28;16;497
28;2025-12-28;17;505
28;2025-12-28;18;418
28;2025-12-28;19;369
28;2025-12-28;20;303
28;2025-12-28;21;239
28;2025-12-28;22;113
28;2025-12-28;23;13
28;2025-12-29;0;2
28;2025-12-29;1;0
28;2025-12-29;2;0
28;2025-12-29;3;0
28;2025-12-29;4;2
28;2025-12-29;5;74
28;2025-12-29;6;246
28;2025-12-29;7;747
28;2025-12-29;8;1155
28;2025-12-29;9;793
28;2025-12-29;10;601
28;2025-12-29;11;530
28;2025-12-29;12;641
28;2025-12-29;13;665
28;2025-12-29;14;608
28;2025-12-29;15;643
28;2025-12-29;16;808
28;2025-12-29;17;914
28;2025-12-29;18;901
28;2025-12-29;19;669
28;2025-12-29;20;488
28;2025-12-29;21;298
28;2025-12-29;22;126
28;2025-12-29;23;20
28;2025-12-30;0;2
28;2025-12-30;1;0
28;2025-12-30;2;0
28;2025-12-30;3;0
28;2025-12-30;4;2
28;2025-12-30;5;71
28;2025-12-30;6;239
28;2025-12-30;7;725
28;2025-12-30;8;1121
28;2025-12-30;9;769
28;2025-12-30;10;583
28;2025-12-30;11;514
28;2025-12-30;12;621
28;2025-12-30;13;646
28;2025-12-30;14;590
28;2025-12-30;15;623
28;2025-12-30;16;785
28;2025-12-30;17;887
28;2025-12-30;18;874
28;2025-12-30;19;650
28;2025-12-30;20;473
28;2025-12-30;21;289
28;2025-12-30;22;122
28;2025-12-30;23;19
28;2025-12-31;0;1
28;2025-12-31;1;0
28;2025-12-31;2;0
28;2025-12-31;3;0
28;2025-12-31;4;1
28;2025-12-31;5;20
28;2025-12-31;6;54
28;2025-12-31;7;121
28;2025-12-31;8;202
28;2025-12-31;9;252
28;2025-12-31;10;275
28;2025-12-31;11;285
28;2025-12-31;12;329
28;2025-12-31;13;340
28;2025-12-31;14;331
28;2025-12-31;15;328
28;2025-12-31;16;325
28;2025-12-31;17;308
28;2025-12-31;18;270
28;2025-12-31;19;214
28;2025-12-31;20;16
28;2025-12-31;21;15
28;2025-12-31;22;6
28;2025-12-31;23;1
50;2025-11-01;0;55
50;2025-11-01;1;6
50;2025-11-01;2;0
50;2025-11-01;3;0
50;2025-11-01;4;3
50;2025-11-01;5;60
50;2025-11-01;6;497
50;2025-11-01;7;1575
50;2025-11-01;8;2474
50;2025-11-01;9;1904
50;2025-11-01;10;1441
50;2025-11-01;11;1496
50;2025-11-01;12;1409
50;2025-11-01;13;1433
50;2025-11-01;14;1366
50;2025-11-01;15;1680
50;2025-11-01;16;2031
50;2025-11-01;17;1953
50;2025-11-01;18;1586
50;2025-11-01;19;1103
50;2025-11-01;20;786
50;2025-11-01;21;539
50;2025-11-01;22;280
50;2025-11-01;23;162
50;2025-11-02;0;0
50;2025-11-02;1;0
50;2025-11-02;2;0
50;2025-11-02;3;0
50;2025-11-02;4;0
50;2025-11-02;5;0
50;2025-11-02;6;1
50;2025-11-02;7;1
50;2025-11-02;8;2
50;2025-11-02;9;1
50;2025-11-02;10;4
50;2025-11-02;11;13
50;2025-11-02;12;10
50;2025-11-02;13;13
50;2025-11-02;14;21
50;2025-11-02;15;17
50;2025-11-02;16;20
50;2025-11-02;17;18
50;2025-11-02;18;10
50;2025-11-02;19;11
50;2025-11-02;20;9
50;2025-11-02;21;6
50;2025-11-02;22;6
50;2025-11-02;23;2
50;2025-11-03;0;6
50;2025-11-03;1;1
50;2025-11-03;2;0
50;2025-11-03;3;0
50;2025-11-03;4;0
50;2025-11-03;5;1
50;2025-11-03;6;1
50;2025-11-03;7;2
50;2025-11-03;8;5
50;2025-11-03;9;8
50;2025-11-03;10;5
50;2025-11-03;11;11
50;2025-11-03;12;13
50;2025-11-03;13;12
50;2025-11-03;14;17
50;2025-11-03;15;18
50;2025-11-03;16;16
50;2025-11-03;17;14
50;2025-11-03;18;6
50;2025-11-03;19;7
50;2025-11-03;20;5
50;2025-11-03;21;4
50;2025-11-03;22;4
50;2025-11-03;23;1
50;2025-11-04;0;6
50;2025-11-04;1;1
50;2025-11-04;2;0
50;2025-11-04;3;0
50;2025-11-04;4;0
50;2025-11-04;5;1
50;2025-11-04;6;1
50;2025-11-04;7;2
50;2025-11-04;8;5
50;2025-11-04;9;8
50;2025-11-04;10;5
50;2025-11-04;11;11
50;2025-11-04;12;13
50;2025-11-04;13;12
50;2025-11-04;14;17
50;2025-11-04;15;18
50;2025-11-04;16;16
50;2025-11-04;17;14
50;2025-11-04;18;6
50;2025-11-04;19;7
50;2025-11-04;20;5
50;2025-11-04;21;4
50;2025-11-04;22;4
50;2025-11-04;23;1
50;2025-11-05;0;33
50;2025-11-05;1;4
50;2025-11-05;2;0
50;2025-11-05;3;0
50;2025-11-05;4;3
50;2025-11-05;5;74
50;2025-11-05;6;565
50;2025-11-05;7;1806
50;2025-11-05;8;2855
50;2025-11-05;9;2236
50;2025-11-05;10;1786
50;2025-11-05;11;1666
50;2025-11-05;12;1561
50;2025-11-05;13;1571
50;2025-11-05;14;1519
50;2025-11-05;15;1795
50;2025-11-05;16;1786
50;2025-11-05;17;2487
50;2025-11-05;18;2625
50;2025-11-05;19;1515
50;2025-11-05;20;980
50;2025-11-05;21;673
50;2025-11-05;22;289
50;2025-11-05;23;148
50;2025-11-06;0;33
50;2025-11-06;1;4
50;2025-11-06;2;0
50;2025-11-06;3;0
50;2025-11-06;4;3
50;2025-11-06;5;74
50;2025-11-06;6;565
50;2025-11-06;7;1806
50;2025-11-06;8;2855
50;2025-11-06;9;2236
50;2025-11-06;10;1786
50;2025-11-06;11;1666
50;2025-11-06;12;1561
50;2025-11-06;13;1571
50;2025-11-06;14;1519
50;2025-11-06;15;1795
50;2025-11-06;16;1786
50;2025-11-06;17;2487
50;2025-11-06;18;2625
50;2025-11-06;19;1515
50;2025-11-06;20;980
50;2025-11-06;21;673
50;2025-11-06;22;289
50;2025-11-06;23;148
50;2025-11-07;0;42
50;2025-11-07;1;3
50;2025-11-07;2;0
50;2025-11-07;3;0
50;2025-11-07;4;3
50;2025-11-07;5;68
50;2025-11-07;6;565
50;2025-11-07;7;1791
50;2025-11-07;8;2812
50;2025-11-07;9;2164
50;2025-11-07;10;1638
50;2025-11-07;11;1701
50;2025-11-07;12;1601
50;2025-11-07;13;1628
50;2025-11-07;14;1552
50;2025-11-07;15;1910
50;2025-11-07;16;2309
50;2025-11-07;17;2220
50;2025-11-07;18;1803
50;2025-11-07;19;1254
50;2025-11-07;20;894
50;2025-11-07;21;613
50;2025-11-07;22;318
50;2025-11-07;23;184
50;2025-11-08;0;20
50;2025-11-08;1;2
50;2025-11-08;2;0
50;2025-11-08;3;1
50;2025-11-08;4;0
50;2025-11-08;5;3
50;2025-11-08;6;4
50;2025-11-08;7;6
50;2025-11-08;8;13
50;2025-11-08;9;25
50;2025-11-08;10;10
50;2025-11-08;11;16
50;2025-11-08;12;29
50;2025-11-08;13;19
50;2025-11-08;14;24
50;2025-11-08;15;35
50;2025-11-08;16;22
50;2025-11-08;17;21
50;2025-11-08;18;5
50;2025-11-08;19;5
50;2025-11-08;20;3
50;2025-11-08;21;4
50;2025-11-08;22;4
50;2025-11-08;23;1
50;2025-11-09;0;0
50;2025-11-09;1;0
50;2025-11-09;2;0
50;2025-11-09;3;0
50;2025-11-09;4;0
50;2025-11-09;5;0
50;2025-11-09;6;1
50;2025-11-09;7;1
50;2025-11-09;8;2
50;2025-11-09;9;1
50;2025-11-09;10;4
50;2025-11-09;11;13
50;2025-11-09;12;10
50;2025-11-09;13;13
50;2025-11-09;14;21
50;2025-11-09;15;17
50;2025-11-09;16;20
50;2025-11-09;17;18
50;2025-11-09;18;10
50;2025-11-09;19;11
50;2025-11-09;20;9
50;2025-11-09;21;6
50;2025-11-09;22;6
50;2025-11-09;23;2
50;2025-11-10;0;32
50;2025-11-10;1;4
50;2025-11-10;2;0
50;2025-11-10;3;0
50;2025-11-10;4;3
50;2025-11-10;5;72
50;2025-11-10;6;549
50;2025-11-10;7;1758
50;2025-11-10;8;2778
50;2025-11-10;9;2176
50;2025-11-10;10;1738
50;2025-11-10;11;1621
50;2025-11-10;12;1519
50;2025-11-10;13;1529
50;2025-11-10;14;1478
50;2025-11-10;15;1747
50;2025-11-10;16;1738
50;2025-11-10;17;2420
50;2025-11-10;18;2555
50;2025-11-10;19;1474
50;2025-11-10;20;954
50;2025-11-10;21;655
50;2025-11-10;22;282
50;2025-11-10;23;145
50;2025-11-11;0;33
50;2025-11-11;1;4
50;2025-11-11;2;0
50;2025-11-11;3;0
50;2025-11-11;4;3
50;2025-11-11;5;74
50;2025-11-11;6;565
50;2025-11-11;7;1806
50;2025-11-11;8;2855
50;2025-11-11;9;2236
50;2025-11-11;10;1786
50;2025-11-11;11;1666
50;2025-11-11;12;1561
50;2025-11-11;13;1571
50;2025-11-11;14;1519
50;2025-11-11;15;1795
50;2025-11-11;16;1786
50;2025-11-11;17;2487
50;2025-11-11;18;2625
50;2025-11-11;19;1515
50;2025-11-11;20;980
50;2025-11-11;21;673
50;2025-11-11;22;289
50;2025-11-11;23;148
50;2025-11-12;0;33
50;2025-11-12;1;4
50;2025-11-12;2;0
50;2025-11-12;3;0
50;2025-11-12;4;3
50;2025-11-12;5;74
50;2025-11-12;6;565
50;2025-11-12;7;1806
50;2025-11-12;8;2855
50;2025-11-12;9;2236
50;2025-11-12;10;1786
50;2025-11-12;11;1666
50;2025-11-12;12;1561
50;2025-11-12;13;1571
50;2025-11-12;14;1519
50;2025-11-12;15;1795
50;2025-11-12;16;1786
50;2025-11-12;17;2487
50;2025-11-12;18;2625
50;2025-11-12;19;1515
50;2025-11-12;20;980
50;2025-11-12;21;673
50;2025-11-12;22;289
50;2025-11-12;23;148
50;2025-11-13;0;33
50;2025-11-13;1;4
50;2025-11-13;2;0
50;2025-11-13;3;0
50;2025-11-13;4;3
50;2025-11-13;5;74
50;2025-11-13;6;565
50;2025-11-13;7;1806
50;2025-11-13;8;2855
50;2025-11-13;9;2236
50;2025-11-13;10;1786
50;2025-11-13;11;1666
50;2025-11-13;12;1561
50;2025-11-13;13;1571
50;2025-11-13;14;1519
50;2025-11-13;15;1795
50;2025-11-13;16;1786
50;2025-11-13;17;2487
50;2025-11-13;18;2625
50;2025-11-13;19;1515
50;2025-11-13;20;980
50;2025-11-13;21;673
50;2025-11-13;22;289
50;2025-11-13;23;148
50;2025-11-14;0;42
50;2025-11-14;1;3
50;2025-11-14;2;0
50;2025-11-14;3;0
50;2025-11-14;4;3
50;2025-11-14;5;68
50;2025-11-14;6;565
50;2025-11-14;7;1791
50;2025-11-14;8;2812
50;2025-11-14;9;2164
50;2025-11-14;10;1638
50;2025-11-14;11;1701
50;2025-11-14;12;1601
50;2025-11-14;13;1628
50;2025-11-14;14;1552
50;2025-11-14;15;1910
50;2025-11-14;16;2309
50;2025-11-14;17;2220
50;2025-11-14;18;1803
50;2025-11-14;19;1254
50;2025-11-14;20;894
50;2025-11-14;21;613
50;2025-11-14;22;318
50;2025-11-14;23;184
50;2025-11-15;0;66
50;2025-11-15;1;4
50;2025-11-15;2;0
50;2025-11-15;3;0
50;2025-11-15;4;1
50;2025-11-15;5;30
50;2025-11-15;6;168
50;2025-11-15;7;395
50;2025-11-15;8;612
50;2025-11-15;9;659
50;2025-11-15;10;651
50;2025-11-15;11;854
50;2025-11-15;12;875
50;2025-11-15;13;922
50;2025-11-15;14;937
50;2025-11-15;15;894
50;2025-11-15;16;859
50;2025-11-15;17;816
50;2025-11-15;18;714
50;2025-11-15;19;611
50;2025-11-15;20;470
50;2025-11-15;21;386
50;2025-11-15;22;249
50;2025-11-15;23;144
50;2025-11-16;0;53
50;2025-11-16;1;7
50;2025-11-16;2;0
50;2025-11-16;3;0
50;2025-11-16;4;1
50;2025-11-16;5;25
50;2025-11-16;6;119
50;2025-11-16;7;223
50;2025-11-16;8;337
50;2025-11-16;9;437
50;2025-11-16;10;505
50;2025-11-16;11;638
50;2025-11-16;12;747
50;2025-11-16;13;809
50;2025-11-16;14;860
50;2025-11-16;15;748
50;2025-11-16;16;794
50;2025-11-16;17;726
50;2025-11-16;18;655
50;2025-11-16;19;551
50;2025-11-16;20;470
50;2025-11-16;21;361
50;2025-11-16;22;235
50;2025-11-16;23;110
50;2025-11-17;0;32
50;2025-11-17;1;4
50;2025-11-17;2;0
50;2025-11-17;3;0
50;2025-11-17;4;3
50;2025-11-17;5;72
50;2025-11-17;6;549
50;2025-11-17;7;1758
50;2025-11-17;8;2778
50;2025-11-17;9;2176
50;2025-11-17;10;1738
50;2025-11-17;11;1621
50;2025-11-17;12;1519
50;2025-11-17;13;1529
50;2025-11-17;14;1478
50;2025-11-17;15;1747
50;2025-11-17;16;1738
50;2025-11-17;17;2420
50;2025-11-17;18;2555
50;2025-11-17;19;1474
50;2025-11-17;20;954
50;2025-11-17;21;655
50;2025-11-17;22;282
50;2025-11-17;23;145
50;2025-11-18;0;33
50;2025-11-18;1;4
50;2025-11-18;2;0
50;2025-11-18;3;0
50;2025-11-18;4;3
50;2025-11-18;5;74
50;2025-11-18;6;565
50;2025-11-18;7;1806
50;2025-11-18;8;2855
50;2025-11-18;9;2236
50;2025-11-18;10;1786
50;2025-11-18;11;1666
50;2025-11-18;12;1561
50;2025-11-18;13;1571
50;2025-11-18;14;1519
50;2025-11-18;15;1795
50;2025-11-18;16;1786
50;2025-11-18;17;2487
50;2025-11-18;18;2625
50;2025-11-18;19;1515
50;2025-11-18;20;980
50;2025-11-18;21;673
50;2025-11-18;22;289
50;2025-11-18;23;148
50;2025-11-19;0;33
50;2025-11-19;1;4
50;2025-11-19;2;0
50;2025-11-19;3;0
50;2025-11-19;4;3
50;2025-11-19;5;74
50;2025-11-19;6;565
50;2025-11-19;7;1806
50;2025-11-19;8;2855
50;2025-11-19;9;2236
50;2025-11-19;10;1786
50;2025-11-19;11;1666
50;2025-11-19;12;1561
50;2025-11-19;13;1571
50;2025-11-19;14;1519
50;2025-11-19;15;1795
50;2025-11-19;16;1786
50;2025-11-19;17;2487
50;2025-11-19;18;2625
50;2025-11-19;19;1515
50;2025-11-19;20;980
50;2025-11-19;21;673
50;2025-11-19;22;289
50;2025-11-19;23;148
50;2025-11-20;0;33
50;2025-11-20;1;4
50;2025-11-20;2;0
50;2025-11-20;3;0
50;2025-11-20;4;3
50;2025-11-20;5;74
50;2025-11-20;6;565
50;2025-11-20;7;1806
50;2025-11-20;8;2855
50;2025-11-20;9;2236
50;2025-11-20;10;1786
50;2025-11-20;11;1666
50;2025-11-20;12;1561
50;2025-11-20;13;1571
50;2025-11-20;14;1519
50;2025-11-20;15;1795
50;2025-11-20;16;1786
50;2025-11-20;17;2487
50;2025-11-20;18;2625
50;2025-11-20;19;1515
50;2025-11-20;20;980
50;2025-11-20;21;673
50;2025-11-20;22;289
50;2025-11-20;23;148
50;2025-11-21;0;42
50;2025-11-21;1;3
50;2025-11-21;2;0
50;2025-11-21;3;0
50;2025-11-21;4;3
50;2025-11-21;5;68
50;2025-11-21;6;565
50;2025-11-21;7;1791
50;2025-11-21;8;2812
50;2025-11-21;9;2164
50;2025-11-21;10;1638
50;2025-11-21;11;1701
50;2025-11-21;12;1601
50;2025-11-21;13;1628
50;2025-11-21;14;1552
50;2025-11-21;15;1910
50;2025-11-21;16;2309
50;2025-11-21;17;2220
50;2025-11-21;18;1803
50;2025-11-21;19;1254
50;2025-11-21;20;894
50;2025-11-21;21;613
50;2025-11-21;22;318
50;2025-11-21;23;184
50;2025-11-22;0;66
50;2025-11-22;1;4
50;2025-11-22;2;0
50;2025-11-22;3;0
50;2025-11-22;4;1
50;2025-11-22;5;30
50;2025-11-22;6;168
50;2025-11-22;7;395
50;2025-11-22;8;612
50;2025-11-22;9;659
50;2025-11-22;10;651
50;2025-11-22;11;854
50;2025-11-22;12;875
50;2025-11-22;13;922
50;2025-11-22;14;937
50;2025-11-22;15;894
50;2025-11-22;16;859
50;2025-11-22;17;816
50;2025-11-22;18;714
50;2025-11-22;19;611
50;2025-11-22;20;470
50;2025-11-22;21;386
50;2025-11-22;22;249
50;2025-11-22;23;144
50;2025-11-23;0;53
50;2025-11-23;1;7
50;2025-11-23;2;0
50;2025-11-23;3;0
50;2025-11-23;4;1
50;2025-11-23;5;25
50;2025-11-23;6;119
50;2025-11-23;7;223
50;2025-11-23;8;337
50;2025-11-23;9;437
50;2025-11-23;10;505
50;2025-11-23;11;638
50;2025-11-23;12;747
50;2025-11-23;13;809
50;2025-11-23;14;860
50;2025-11-23;15;748
50;2025-11-23;16;794
50;2025-11-23;17;726
50;2025-11-23;18;655
50;2025-11-23;19;551
50;2025-11-23;20;470
50;2025-11-23;21;361
50;2025-11-23;22;235
50;2025-11-23;23;110
50;2025-11-24;0;32
50;2025-11-24;1;4
50;2025-11-24;2;0
50;2025-11-24;3;0
50;2025-11-24;4;3
50;2025-11-24;5;72
50;2025-11-24;6;549
50;2025-11-24;7;1758
50;2025-11-24;8;2778
50;2025-11-24;9;2176
50;2025-11-24;10;1738
50;2025-11-24;11;1621
50;2025-11-24;12;1519
50;2025-11-24;13;1529
50;2025-11-24;14;1478
50;2025-11-24;15;1747
50;2025-11-24;16;1738
50;2025-11-24;17;2420
50;2025-11-24;18;2555
50;2025-11-24;19;1474
50;2025-11-24;20;954
50;2025-11-24;21;655
50;2025-11-24;22;282
50;2025-11-24;23;145
50;2025-11-25;0;33
50;2025-11-25;1;4
50;2025-11-25;2;0
50;2025-11-25;3;0
50;2025-11-25;4;3
50;2025-11-25;5;74
50;2025-11-25;6;565
50;2025-11-25;7;1806
50;2025-11-25;8;2855
50;2025-11-25;9;2236
50;2025-11-25;10;1786
50;2025-11-25;11;1666
50;2025-11-25;12;1561
50;2025-11-25;13;1571
50;2025-11-25;14;1519
50;2025-11-25;15;1795
50;2025-11-25;16;1786
50;2025-11-25;17;2487
50;2025-11-25;18;2625
50;2025-11-25;19;1515
50;2025-11-25;20;980
50;2025-11-25;21;673
50;2025-11-25;22;289
50;2025-11-25;23;148
50;2025-11-26;0;33
50;2025-11-26;1;4
50;2025-11-26;2;0
50;2025-11-26;3;0
50;2025-11-26;4;3
50;2025-11-26;5;74
50;2025-11-26;6;565
50;2025-11-26;7;1806
50;2025-11-26;8;2855
50;2025-11-26;9;2236
50;2025-11-26;10;1786
50;2025-11-26;11;1666
50;2025-11-26;12;1561
50;2025-11-26;13;1571
50;2025-11-26;14;1519
50;2025-11-26;15;1795
50;2025-11-26;16;1786
50;2025-11-26;17;2487
50;2025-11-26;18;2625
50;2025-11-26;19;1515
50;2025-11-26;20;980
50;2025-11-26;21;673
50;2025-11-26;22;289
50;2025-11-26;23;148
50;2025-11-27;0;33
50;2025-11-27;1;4
50;2025-11-27;2;0
50;2025-11-27;3;0
50;2025-11-27;4;3
50;2025-11-27;5;74
50;2025-11-27;6;565
50;2025-11-27;7;1806
50;2025-11-27;8;2855
50;2025-11-27;9;2236
50;2025-11-27;10;1786
50;2025-11-27;11;1666
50;2025-11-27;12;1561
50;2025-11-27;13;1571
50;2025-11-27;14;1519
50;2025-11-27;15;1795
50;2025-11-27;16;1786
50;2025-11-27;17;2487
50;2025-11-27;18;2625
50;2025-11-27;19;1515
50;2025-11-27;20;980
50;2025-11-27;21;673
50;2025-11-27;22;289
50;2025-11-27;23;148
50;2025-11-28;0;42
50;2025-11-28;1;3
50;2025-11-28;2;0
50;2025-11-28;3;0
50;2025-11-28;4;3
50;2025-11-28;5;68
50;2025-11-28;6;565
50;2025-11-28;7;1791
50;2025-11-28;8;2812
50;2025-11-28;9;2164
50;2025-11-28;10;1638
50;2025-11-28;11;1701
50;2025-11-28;12;1601
50;2025-11-28;13;1628
50;2025-11-28;14;1552
50;2025-11-28;15;1910
50;2025-11-28;16;2309
50;2025-11-28;17;2220
50;2025-11-28;18;1803
50;2025-11-28;19;1254
50;2025-11-28;20;894
50;2025-11-28;21;613
50;2025-11-28;22;318
50;2025-11-28;23;184
50;2025-11-29;0;66
50;2025-11-29;1;4
50;2025-11-29;2;0
50;2025-11-29;3;0
50;2025-11-29;4;1
50;2025-11-29;5;30
50;2025-11-29;6;168
50;2025-11-29;7;395
50;2025-11-29;8;612
50;2025-11-29;9;659
50;2025-11-29;10;651
50;2025-11-29;11;854
50;2025-11-29;12;875
50;2025-11-29;13;922
50;2025-11-29;14;937
50;2025-11-29;15;894
50;2025-11-29;16;859
50;2025-11-29;17;816
50;2025-11-29;18;714
50;2025-11-29;19;611
50;2025-11-29;20;470
50;2025-11-29;21;386
50;2025-11-29;22;249
50;2025-11-29;23;144
50;2025-11-30;0;53
50;2025-11-30;1;7
50;2025-11-30;2;0
50;2025-11-30;3;0
50;2025-11-30;4;1
50;2025-11-30;5;25
50;2025-11-30;6;119
50;2025-11-30;7;223
50;2025-11-30;8;337
50;2025-11-30;9;437
50;2025-11-30;10;505
50;2025-11-30;11;638
50;2025-11-30;12;747
50;2025-11-30;13;809
50;2025-11-30;14;860
50;2025-11-30;15;748
50;2025-11-30;16;794
50;2025-11-30;17;726
50;2025-11-30;18;655
50;2025-11-30;19;551
50;2025-11-30;20;470
50;2025-11-30;21;361
50;2025-11-30;22;235
50;2025-11-30;23;110
50;2025-12-01;0;33
50;2025-12-01;1;4
50;2025-12-01;2;0
50;2025-12-01;3;0
50;2025-12-01;4;3
50;2025-12-01;5;71
50;2025-12-01;6;541
50;2025-12-01;7;1730
50;2025-12-01;8;2711
50;2025-12-01;9;2119
50;2025-12-01;10;1693
50;2025-12-01;11;1596
50;2025-12-01;12;1494
50;2025-12-01;13;1490
50;2025-12-01;14;1446
50;2025-12-01;15;1716
50;2025-12-01;16;1702
50;2025-12-01;17;2373
50;2025-12-01;18;2518
50;2025-12-01;19;1457
50;2025-12-01;20;928
50;2025-12-01;21;638
50;2025-12-01;22;281
50;2025-12-01;23;140
50;2025-12-02;0;34
50;2025-12-02;1;4
50;2025-12-02;2;0
50;2025-12-02;3;0
50;2025-12-02;4;3
50;2025-12-02;5;73
50;2025-12-02;6;556
50;2025-12-02;7;1778
50;2025-12-02;8;2786
50;2025-12-02;9;2178
50;2025-12-02;10;1740
50;2025-12-02;11;1641
50;2025-12-02;12;1535
50;2025-12-02;13;1531
50;2025-12-02;14;1485
50;2025-12-02;15;1763
50;2025-12-02;16;1749
50;2025-12-02;17;2438
50;2025-12-02;18;2587
50;2025-12-02;19;1497
50;2025-12-02;20;954
50;2025-12-02;21;656
50;2025-12-02;22;288
50;2025-12-02;23;144
50;2025-12-03;0;34
50;2025-12-03;1;4
50;2025-12-03;2;0
50;2025-12-03;3;0
50;2025-12-03;4;3
50;2025-12-03;5;73
50;2025-12-03;6;556
50;2025-12-03;7;1778
50;2025-12-03;8;2786
50;2025-12-03;9;2178
50;2025-12-03;10;1740
50;2025-12-03;11;1641
50;2025-12-03;12;1535
50;2025-12-03;13;1531
50;2025-12-03;14;1485
50;2025-12-03;15;1763
50;2025-12-03;16;1749
50;2025-12-03;17;2438
50;2025-12-03;18;2587
50;2025-12-03;19;1497
50;2025-12-03;20;954
50;2025-12-03;21;656
50;2025-12-03;22;288
50;2025-12-03;23;144
50;2025-12-04;0;34
50;2025-12-04;1;4
50;2025-12-04;2;0
50;2025-12-04;3;0
50;2025-12-04;4;3
50;2025-12-04;5;73
50;2025-12-04;6;556
50;2025-12-04;7;1778
50;2025-12-04;8;2786
50;2025-12-04;9;2178
50;2025-12-04;10;1740
50;2025-12-04;11;1641
50;2025-12-04;12;1535
50;2025-12-04;13;1531
50;2025-12-04;14;1485
50;2025-12-04;15;1763
50;2025-12-04;16;1749
50;2025-12-04;17;2438
50;2025-12-04;18;2587
50;2025-12-04;19;1497
50;2025-12-04;20;954
50;2025-12-04;21;656
50;2025-12-04;22;288
50;2025-12-04;23;144
50;2025-12-05;0;42
50;2025-12-05;1;3
50;2025-12-05;2;0
50;2025-12-05;3;0
50;2025-12-05;4;3
50;2025-12-05;5;66
50;2025-12-05;6;559
50;2025-12-05;7;1745
50;2025-12-05;8;2737
50;2025-12-05;9;2101
50;2025-12-05;10;1608
50;2025-12-05;11;1681
50;2025-12-05;12;1586
50;2025-12-05;13;1592
50;2025-12-05;14;1519
50;2025-12-05;15;1881
50;2025-12-05;16;2235
50;2025-12-05;17;2174
50;2025-12-05;18;1795
50;2025-12-05;19;1233
50;2025-12-05;20;869
50;2025-12-05;21;605
50;2025-12-05;22;317
50;2025-12-05;23;181
50;2025-12-06;0;65
50;2025-12-06;1;4
50;2025-12-06;2;0
50;2025-12-06;3;0
50;2025-12-06;4;1
50;2025-12-06;5;29
50;2025-12-06;6;165
50;2025-12-06;7;387
50;2025-12-06;8;600
50;2025-12-06;9;646
50;2025-12-06;10;638
50;2025-12-06;11;837
50;2025-12-06;12;858
50;2025-12-06;13;904
50;2025-12-06;14;918
50;2025-12-06;15;876
50;2025-12-06;16;842
50;2025-12-06;17;800
50;2025-12-06;18;700
50;2025-12-06;19;599
50;2025-12-06;20;461
50;2025-12-06;21;378
50;2025-12-06;22;244
50;2025-12-06;23;141
50;2025-12-07;0;52
50;2025-12-07;1;7
50;2025-12-07;2;0
50;2025-12-07;3;0
50;2025-12-07;4;1
50;2025-12-07;5;24
50;2025-12-07;6;117
50;2025-12-07;7;219
50;2025-12-07;8;330
50;2025-12-07;9;428
50;2025-12-07;10;495
50;2025-12-07;11;625
50;2025-12-07;12;732
50;2025-12-07;13;793
50;2025-12-07;14;843
50;2025-12-07;15;733
50;2025-12-07;16;778
50;2025-12-07;17;711
50;2025-12-07;18;642
50;2025-12-07;19;540
50;2025-12-07;20;461
50;2025-12-07;21;354
50;2025-12-07;22;230
50;2025-12-07;23;108
50;2025-12-08;0;33
50;2025-12-08;1;4
50;2025-12-08;2;0
50;2025-12-08;3;0
50;2025-12-08;4;3
50;2025-12-08;5;71
50;2025-12-08;6;541
50;2025-12-08;7;1730
50;2025-12-08;8;2711
50;2025-12-08;9;2119
50;2025-12-08;10;1693
50;2025-12-08;11;1596
50;2025-12-08;12;1494
50;2025-12-08;13;1490
50;2025-12-08;14;1446
50;2025-12-08;15;1716
50;2025-12-08;16;1702
50;2025-12-08;17;2373
50;2025-12-08;18;2518
50;2025-12-08;19;1457
50;2025-12-08;20;928
50;2025-12-08;21;638
50;2025-12-08;22;281
50;2025-12-08;23;140
50;2025-12-09;0;34
50;2025-12-09;1;4
50;2025-12-09;2;0
50;2025-12-09;3;0
50;2025-12-09;4;3
50;2025-12-09;5;73
50;2025-12-09;6;556
50;2025-12-09;7;1778
50;2025-12-09;8;2786
50;2025-12-09;9;2178
50;2025-12-09;10;1740
50;2025-12-09;11;1641
50;2025-12-09;12;1535
50;2025-12-09;13;1531
50;2025-12-09;14;1485
50;2025-12-09;15;1763
50;2025-12-09;16;1749
50;2025-12-09;17;2438
50;2025-12-09;18;2587
50;2025-12-09;19;1497
50;2025-12-09;20;954
50;2025-12-09;21;656
50;2025-12-09;22;288
50;2025-12-09;23;144
50;2025-12-10;0;34
50;2025-12-10;1;4
50;2025-12-10;2;0
50;2025-12-10;3;0
50;2025-12-10;4;3
50;2025-12-10;5;73
50;2025-12-10;6;556
50;2025-12-10;7;1778
50;2025-12-10;8;2786
50;2025-12-10;9;2178
50;2025-12-10;10;1740
50;2025-12-10;11;1641
50;2025-12-10;12;1535
50;2025-12-10;13;1531
50;2025-12-10;14;1485
50;2025-12-10;15;1763
50;2025-12-10;16;1749
50;2025-12-10;17;2438
50;2025-12-10;18;2587
50;2025-12-10;19;1497
50;2025-12-10;20;954
50;2025-12-10;21;656
50;2025-12-10;22;288
50;2025-12-10;23;144
50;2025-12-11;0;34
50;2025-12-11;1;4
50;2025-12-11;2;0
50;2025-12-11;3;0
50;2025-12-11;4;3
50;2025-12-11;5;73
50;2025-12-11;6;556
50;2025-12-11;7;1778
50;2025-12-11;8;2786
50;2025-12-11;9;2178
50;2025-12-11;10;1740
50;2025-12-11;11;1641
50;2025-12-11;12;1535
50;2025-12-11;13;1531
50;2025-12-11;14;1485
50;2025-12-11;15;1763
50;2025-12-11;16;1749
50;2025-12-11;17;2438
50;2025-12-11;18;2587
50;2025-12-11;19;1497
50;2025-12-11;20;954
50;2025-12-11;21;656
50;2025-12-11;22;288
50;2025-12-11;23;144
50;2025-12-12;0;42
50;2025-12-12;1;3
50;2025-12-12;2;0
50;2025-12-12;3;0
50;2025-12-12;4;3
50;2025-12-12;5;66
50;2025-12-12;6;559
50;2025-12-12;7;1745
50;2025-12-12;8;2737
50;2025-12-12;9;2101
50;2025-12-12;10;1608
50;2025-12-12;11;1681
50;2025-12-12;12;1586
50;2025-12-12;13;1592
50;2025-12-12;14;1519
50;2025-12-12;15;1881
50;2025-12-12;16;2235
50;2025-12-12;17;2174
50;2025-12-12;18;1795
50;2025-12-12;19;1233
50;2025-12-12;20;869
50;2025-12-12;21;605
50;2025-12-12;22;317
50;2025-12-12;23;181
50;2025-12-13;0;65
50;2025-12-13;1;4
50;2025-12-13;2;0
50;2025-12-13;3;0
50;2025-12-13;4;1
50;2025-12-13;5;29
50;2025-12-13;6;165
50;2025-12-13;7;387
50;2025-12-13;8;600
50;2025-12-13;9;646
50;2025-12-13;10;638
50;2025-12-13;11;837
50;2025-12-13;12;858
50;2025-12-13;13;904
50;2025-12-13;14;918
50;2025-12-13;15;876
50;2025-12-13;16;842
50;2025-12-13;17;800
50;2025-12-13;18;700
50;2025-12-13;19;599
50;2025-12-13;20;461
50;2025-12-13;21;378
50;2025-12-13;22;244
50;2025-12-13;23;141
50;2025-12-14;0;52
50;2025-12-14;1;7
50;2025-12-14;2;0
50;2025-12-14;3;0
50;2025-12-14;4;1
50;2025-12-14;5;24
50;2025-12-14;6;117
50;2025-12-14;7;219
50;2025-12-14;8;330
50;2025-12-14;9;428
50;2025-12-14;10;495
50;2025-12-14;11;625
50;2025-12-14;12;732
50;2025-12-14;13;793
50;2025-12-14;14;843
50;2025-12-14;15;733
50;2025-12-14;16;778
50;2025-12-14;17;711
50;2025-12-14;18;642
50;2025-12-14;19;540
50;2025-12-14;20;461
50;2025-12-14;21;354
50;2025-12-14;22;230
50;2025-12-14;23;108
50;2025-12-15;0;33
50;2025-12-15;1;4
50;2025-12-15;2;0
50;2025-12-15;3;0
50;2025-12-15;4;3
50;2025-12-15;5;71
50;2025-12-15;6;541
50;2025-12-15;7;1730
50;2025-12-15;8;2711
50;2025-12-15;9;2119
50;2025-12-15;10;1693
50;2025-12-15;11;1596
50;2025-12-15;12;1494
50;2025-12-15;13;1490
50;2025-12-15;14;1446
50;2025-12-15;15;1716
50;2025-12-15;16;1702
50;2025-12-15;17;2373
50;2025-12-15;18;2518
50;2025-12-15;19;1457
50;2025-12-15;20;928
50;2025-12-15;21;638
50;2025-12-15;22;281
50;2025-12-15;23;140
50;2025-12-16;0;34
50;2025-12-16;1;4
50;2025-12-16;2;0
50;2025-12-16;3;0
50;2025-12-16;4;3
50;2025-12-16;5;73
50;2025-12-16;6;556
50;2025-12-16;7;1778
50;2025-12-16;8;2786
50;2025-12-16;9;2178
50;2025-12-16;10;1740
50;2025-12-16;11;1641
50;2025-12-16;12;1535
50;2025-12-16;13;1531
50;2025-12-16;14;1485
50;2025-12-16;15;1763
50;2025-12-16;16;1749
50;2025-12-16;17;2438
50;2025-12-16;18;2587
50;2025-12-16;19;1497
50;2025-12-16;20;954
50;2025-12-16;21;656
50;2025-12-16;22;288
50;2025-12-16;23;144
50;2025-12-17;0;34
50;2025-12-17;1;4
50;2025-12-17;2;0
50;2025-12-17;3;0
50;2025-12-17;4;3
50;2025-12-17;5;73
50;2025-12-17;6;556
50;2025-12-17;7;1778
50;2025-12-17;8;2786
50;2025-12-17;9;2178
50;2025-12-17;10;1740
50;2025-12-17;11;1641
50;2025-12-17;12;1535
50;2025-12-17;13;1531
50;2025-12-17;14;1485
50;2025-12-17;15;1763
50;2025-12-17;16;1749
50;2025-12-17;17;2438
50;2025-12-17;18;2587
50;2025-12-17;19;1497
50;2025-12-17;20;954
50;2025-12-17;21;656
50;2025-12-17;22;288
50;2025-12-17;23;144
50;2025-12-18;0;34
50;2025-12-18;1;4
50;2025-12-18;2;0
50;2025-12-18;3;0
50;2025-12-18;4;3
50;2025-12-18;5;73
50;2025-12-18;6;556
50;2025-12-18;7;1778
50;2025-12-18;8;2786
50;2025-12-18;9;2178
50;2025-12-18;10;1740
50;2025-12-18;11;1641
50;2025-12-18;12;1535
50;2025-12-18;13;1531
50;2025-12-18;14;1485
50;2025-12-18;15;1763
50;2025-12-18;16;1749
50;2025-12-18;17;2438
50;2025-12-18;18;2587
50;2025-12-18;19;1497
50;2025-12-18;20;954
50;2025-12-18;21;656
50;2025-12-18;22;288
50;2025-12-18;23;144
50;2025-12-19;0;42
50;2025-12-19;1;3
50;2025-12-19;2;0
50;2025-12-19;3;0
50;2025-12-19;4;3
50;2025-12-19;5;66
50;2025-12-19;6;559
50;2025-12-19;7;1745
50;2025-12-19;8;2737
50;2025-12-19;9;2101
50;2025-12-19;10;1608
50;2025-12-19;11;1681
50;2025-12-19;12;1586
50;2025-12-19;13;1592
50;2025-12-19;14;1519
50;2025-12-19;15;1881
50;2025-12-19;16;2235
50;2025-12-19;17;2174
50;2025-12-19;18;1795
50;2025-12-19;19;1233
50;2025-12-19;20;869
50;2025-12-19;21;605
50;2025-12-19;22;317
50;2025-12-19;23;181
50;2025-12-20;0;65
50;2025-12-20;1;4
50;2025-12-20;2;0
50;2025-12-20;3;0
50;2025-12-20;4;1
50;2025-12-20;5;29
50;2025-12-20;6;165
50;2025-12-20;7;387
50;2025-12-20;8;600
50;2025-12-20;9;646
50;2025-12-20;10;638
50;2025-12-20;11;837
50;2025-12-20;12;858
50;2025-12-20;13;904
50;2025-12-20;14;918
50;2025-12-20;15;876
50;2025-12-20;16;842
50;2025-12-20;17;800
50;2025-12-20;18;700
50;2025-12-20;19;599
50;2025-12-20;20;461
50;2025-12-20;21;378
50;2025-12-20;22;244
50;2025-12-20;23;141
50;2025-12-21;0;52
50;2025-12-21;1;7
50;2025-12-21;2;0
50;2025-12-21;3;0
50;2025-12-21;4;1
50;2025-12-21;5;24
50;2025-12-21;6;117
50;2025-12-21;7;219
50;2025-12-21;8;330
50;2025-12-21;9;428
50;2025-12-21;10;495
50;2025-12-21;11;625
50;2025-12-21;12;732
50;2025-12-21;13;793
50;2025-12-21;14;843
50;2025-12-21;15;733
50;2025-12-21;16;778
50;2025-12-21;17;711
50;2025-12-21;18;642
50;2025-12-21;19;540
50;2025-12-21;20;461
50;2025-12-21;21;354
50;2025-12-21;22;230
50;2025-12-21;23;108
50;2025-12-22;0;33
50;2025-12-22;1;4
50;2025-12-22;2;0
50;2025-12-22;3;0
50;2025-12-22;4;3
50;2025-12-22;5;71
50;2025-12-22;6;541
50;2025-12-22;7;1730
50;2025-12-22;8;2711
50;2025-12-22;9;2119
50;2025-12-22;10;1693
50;2025-12-22;11;1596
50;2025-12-22;12;1494
50;2025-12-22;13;1490
50;2025-12-22;14;1446
50;2025-12-22;15;1716
50;2025-12-22;16;1702
50;2025-12-22;17;2373
50;2025-12-22;18;2518
50;2025-12-22;19;1457
50;2025-12-22;20;928
50;2025-12-22;21;638
50;2025-12-22;22;281
50;2025-12-22;23;140
50;2025-12-23;0;34
50;2025-12-23;1;4
50;2025-12-23;2;0
50;2025-12-23;3;0
50;2025-12-23;4;3
50;2025-12-23;5;73
50;2025-12-23;6;556
50;2025-12-23;7;1778
50;2025-12-23;8;2786
50;2025-12-23;9;2178
50;2025-12-23;10;1740
50;2025-12-23;11;1641
50;2025-12-23;12;1535
50;2025-12-23;13;1531
50;2025-12-23;14;1485
50;2025-12-23;15;1763
50;2025-12-23;16;1749
50;2025-12-23;17;2438
50;2025-12-23;18;2587
50;2025-12-23;19;1497
50;2025-12-23;20;954
50;2025-12-23;21;656
50;2025-12-23;22;288
50;2025-12-23;23;144
50;2025-12-24;0;34
50;2025-12-24;1;4
50;2025-12-24;2;0
50;2025-12-24;3;0
50;2025-12-24;4;3
50;2025-12-24;5;73
50;2025-12-24;6;556
50;2025-12-24;7;1778
50;2025-12-24;8;2786
50;2025-12-24;9;2178
50;2025-12-24;10;1740
50;2025-12-24;11;1641
50;2025-12-24;12;1535
50;2025-12-24;13;1531
50;2025-12-24;14;1485
50;2025-12-24;15;1763
50;2025-12-24;16;1749
50;2025-12-24;17;2438
50;2025-12-24;18;2587
50;2025-12-24;19;1497
50;2025-12-24;20;954
50;2025-12-24;21;656
50;2025-12-24;22;288
50;2025-12-24;23;144
50;2025-12-25;0;34
50;2025-12-25;1;4
50;2025-12-25;2;0
50;2025-12-25;3;0
50;2025-12-25;4;3
50;2025-12-25;5;73
50;2025-12-25;6;556
50;2025-12-25;7;1778
50;2025-12-25;8;2786
50;2025-12-25;9;2178
50;2025-12-25;10;1740
50;2025-12-25;11;1641
50;2025-12-25;12;1535
50;2025-12-25;13;1531
50;2025-12-25;14;1485
50;2025-12-25;15;1763
50;2025-12-25;16;1749
50;2025-12-25;17;2438
50;2025-12-25;18;2587
50;2025-12-25;19;1497
50;2025-12-25;20;954
50;2025-12-25;21;656
50;2025-12-25;22;288
50;2025-12-25;23;144
50;2025-12-26;0;42
50;2025-12-26;1;3
50;2025-12-26;2;0
50;2025-12-26;3;0
50;2025-12-26;4;3
50;2025-12-26;5;66
50;2025-12-26;6;559
50;2025-12-26;7;1745
50;2025-12-26;8;2737
50;2025-12-26;9;2101
50;2025-12-26;10;1608
50;2025-12-26;11;1681
50;2025-12-26;12;1586
50;2025-12-26;13;1592
50;2025-12-26;14;1519
50;2025-12-26;15;1881
50;2025-12-26;16;2235
50;2025-12-26;17;2174
50;2025-12-26;18;1795
50;2025-12-26;19;1233
50;2025-12-26;20;869
50;2025-12-26;21;605
50;2025-12-26;22;317
50;2025-12-26;23;181
50;2025-12-27;0;65
50;2025-12-27;1;4
50;2025-12-27;2;0
50;2025-12-27;3;0
50;2025-12-27;4;1
50;2025-12-27;5;29
50;2025-12-27;6;165
50;2025-12-27;7;387
50;2025-12-27;8;600
50;2025-12-27;9;646
50;2025-12-27;10;638
50;2025-12-27;11;837
50;2025-12-27;12;858
50;2025-12-27;13;904
50;2025-12-27;14;918
50;2025-12-27;15;876
50;2025-12-27;16;842
50;2025-12-27;17;800
50;2025-12-27;18;700
50;2025-12-27;19;599
50;2025-12-27;20;461
50;2025-12-27;21;378
50;2025-12-27;22;244
50;2025-12-27;23;141
50;2025-12-28;0;52
50;2025-12-28;1;7
50;2025-12-28;2;0
50;2025-12-28;3;0
50;2025-12-28;4;1
50;2025-12-28;5;24
50;2025-12-28;6;117
50;2025-12-28;7;219
50;2025-12-28;8;330
50;2025-12-28;9;428
50;2025-12-28;10;495
50;2025-12-28;11;625
50;2025-12-28;12;732
50;2025-12-28;13;793
50;2025-12-28;14;843
50;2025-12-28;15;733
50;2025-12-28;16;778
50;2025-12-28;17;711
50;2025-12-28;18;642
50;2025-12-28;19;540
50;2025-12-28;20;461
50;2025-12-28;21;354
50;2025-12-28;22;230
50;2025-12-28;23;108
50;2025-12-29;0;29
50;2025-12-29;1;3
50;2025-12-29;2;0
50;2025-12-29;3;0
50;2025-12-29;4;3
50;2025-12-29;5;63
50;2025-12-29;6;487
50;2025-12-29;7;1557
50;2025-12-29;8;2440
50;2025-12-29;9;1907
50;2025-12-29;10;1524
50;2025-12-29;11;1437
50;2025-12-29;12;1344
50;2025-12-29;13;1341
50;2025-12-29;14;1300
50;2025-12-29;15;1544
50;2025-12-29;16;1532
50;2025-12-29;17;2135
50;2025-12-29;18;2266
50;2025-12-29;19;1311
50;2025-12-29;20;835
50;2025-12-29;21;574
50;2025-12-29;22;253
50;2025-12-29;23;126
50;2025-12-30;0;29
50;2025-12-30;1;3
50;2025-12-30;2;0
50;2025-12-30;3;0
50;2025-12-30;4;2
50;2025-12-30;5;62
50;2025-12-30;6;472
50;2025-12-30;7;1511
50;2025-12-30;8;2368
50;2025-12-30;9;1851
50;2025-12-30;10;1479
50;2025-12-30;11;1395
50;2025-12-30;12;1304
50;2025-12-30;13;1301
50;2025-12-30;14;1262
50;2025-12-30;15;1498
50;2025-12-30;16;1487
50;2025-12-30;17;2072
50;2025-12-30;18;2199
50;2025-12-30;19;1273
50;2025-12-30;20;810
50;2025-12-30;21;558
50;2025-12-30;22;245
50;2025-12-30;23;122
50;2025-12-31;0;35
50;2025-12-31;1;2
50;2025-12-31;2;0
50;2025-12-31;3;0
50;2025-12-31;4;1
50;2025-12-31;5;16
50;2025-12-31;6;89
50;2025-12-31;7;209
50;2025-12-31;8;324
50;2025-12-31;9;349
50;2025-12-31;10;345
50;2025-12-31;11;453
50;2025-12-31;12;464
50;2025-12-31;13;488
50;2025-12-31;14;497
50;2025-12-31;15;473
50;2025-12-31;16;455
50;2025-12-31;17;432
50;2025-12-31;18;378
50;2025-12-31;19;323
50;2025-12-31;20;24
50;2025-12-31;21;20
50;2025-12-31;22;13
50;2025-12-31;23;8
