route,date,pred,lo,hi
1,2026-01-01,8793,7553,10033
1,2026-01-02,8793,7553,10033
1,2026-01-03,8793,7553,10033
1,2026-01-04,8793,7553,10033
1,2026-01-05,8793,7553,10033
1,2026-01-06,8793,7553,10033
1,2026-01-07,8793,7553,10033
1,2026-01-08,8793,7553,10033
1,2026-01-09,8793,7553,10033
1,2026-01-10,10384,8920,11848
1,2026-01-11,9256,7951,10561
1,2026-01-12,20430,17549,23311
1,2026-01-13,21050,18082,24018
1,2026-01-14,21050,18082,24018
1,2026-01-15,21050,18082,24018
1,2026-01-16,21128,18149,24107
1,2026-01-17,10384,8920,11848
1,2026-01-18,9256,7951,10561
1,2026-01-19,20430,17549,23311
1,2026-01-20,21050,18082,24018
1,2026-01-21,21050,18082,24018
1,2026-01-22,21050,18082,24018
1,2026-01-23,21128,18149,24107
1,2026-01-24,10384,8920,11848
1,2026-01-25,9256,7951,10561
1,2026-01-26,20430,17549,23311
1,2026-01-27,21050,18082,24018
1,2026-01-28,21050,18082,24018
1,2026-01-29,21050,18082,24018
1,2026-01-30,21128,18149,24107
1,2026-01-31,10384,8920,11848
1,2026-02-01,8902,7647,10157
1,2026-02-02,20706,17786,23626
1,2026-02-03,21369,18356,24382
1,2026-02-04,21369,18356,24382
1,2026-02-05,21369,18356,24382
1,2026-02-06,21307,18303,24311
1,2026-02-07,10643,9142,12144
1,2026-02-08,8902,7647,10157
1,2026-02-09,20706,17786,23626
1,2026-02-10,21369,18356,24382
1,2026-02-11,21369,18356,24382
1,2026-02-12,21369,18356,24382
1,2026-02-13,21307,18303,24311
1,2026-02-14,10643,9142,12144
1,2026-02-15,8902,7647,10157
1,2026-02-16,20706,17786,23626
1,2026-02-17,21369,18356,24382
1,2026-02-18,21369,18356,24382
1,2026-02-19,21369,18356,24382
1,2026-02-20,21307,18303,24311
1,2026-02-21,10643,9142,12144
1,2026-02-22,8902,7647,10157
1,2026-02-23,8457,7265,9649
1,2026-02-24,21369,18356,24382
1,2026-02-25,21369,18356,24382
1,2026-02-26,21369,18356,24382
1,2026-02-27,21307,18303,24311
1,2026-02-28,10643,9142,12144
1,2026-03-01,9278,7970,10586
1,2026-03-02,21101,18126,24076
1,2026-03-03,21861,18779,24943
1,2026-03-04,21861,18779,24943
1,2026-03-05,21861,18779,24943
1,2026-03-06,21747,18681,24813
1,2026-03-07,10897,9361,12433
1,2026-03-08,9278,7970,10586
1,2026-03-09,8814,7571,10057
1,2026-03-10,21861,18779,24943
1,2026-03-11,21861,18779,24943
1,2026-03-12,21861,18779,24943
1,2026-03-13,21747,18681,24813
1,2026-03-14,10897,9361,12433
1,2026-03-15,9278,7970,10586
1,2026-03-16,21101,18126,24076
1,2026-03-17,21861,18779,24943
1,2026-03-18,21861,18779,24943
1,2026-03-19,21861,18779,24943
1,2026-03-20,21747,18681,24813
1,2026-03-21,10897,9361,12433
1,2026-03-22,9278,7970,10586
1,2026-03-23,21101,18126,24076
1,2026-03-24,21861,18779,24943
1,2026-03-25,21861,18779,24943
1,2026-03-26,21861,18779,24943
1,2026-03-27,21747,18681,24813
1,2026-03-28,10897,9361,12433
1,2026-03-29,9278,7970,10586
1,2026-03-30,21101,18126,24076
1,2026-03-31,21861,18779,24943
1,2026-04-01,23296,20011,26581
1,2026-04-02,23296,20011,26581
1,2026-04-03,23207,19935,26479
1,2026-04-04,11715,10063,13367
1,2026-04-05,9521,8179,10863
1,2026-04-06,22519,19344,25694
1,2026-04-07,23296,20011,26581
1,2026-04-08,23296,20011,26581
1,2026-04-09,23296,20011,26581
1,2026-04-10,23207,19935,26479
1,2026-04-11,11715,10063,13367
1,2026-04-12,9521,8179,10863
1,2026-04-13,22519,19344,25694
1,2026-04-14,23296,20011,26581
1,2026-04-15,23296,20011,26581
1,2026-04-16,23296,20011,26581
1,2026-04-17,23207,19935,26479
1,2026-04-18,11715,10063,13367
1,2026-04-19,9521,8179,10863
1,2026-04-20,22519,19344,25694
1,2026-04-21,23296,20011,26581
1,2026-04-22,23296,20011,26581
1,2026-04-23,23296,20011,26581
1,2026-04-24,23207,19935,26479
1,2026-04-25,11715,10063,13367
1,2026-04-26,9521,8179,10863
1,2026-04-27,22519,19344,25694
1,2026-04-28,23296,20011,26581
1,2026-04-29,23296,20011,26581
1,2026-04-30,22131,19011,25251
1,2026-05-01,8484,7288,9680
1,2026-05-02,10339,8881,11797
1,2026-05-03,8931,7672,10190
1,2026-05-04,21497,18466,24528
1,2026-05-05,22263,19124,25402
1,2026-05-06,22263,19124,25402
1,2026-05-07,22263,19124,25402
1,2026-05-08,19961,17146,22776
1,2026-05-09,10339,8881,11797
1,2026-05-10,8931,7672,10190
1,2026-05-11,8484,7288,9680
1,2026-05-12,22263,19124,25402
1,2026-05-13,22263,19124,25402
1,2026-05-14,22263,19124,25402
1,2026-05-15,21011,18048,23974
1,2026-05-16,10339,8881,11797
1,2026-05-17,8931,7672,10190
1,2026-05-18,21497,18466,24528
1,2026-05-19,22263,19124,25402
1,2026-05-20,22263,19124,25402
1,2026-05-21,22263,19124,25402
1,2026-05-22,21011,18048,23974
1,2026-05-23,10339,8881,11797
1,2026-05-24,8931,7672,10190
1,2026-05-25,21497,18466,24528
1,2026-05-26,22263,19124,25402
1,2026-05-27,22263,19124,25402
1,2026-05-28,22263,19124,25402
1,2026-05-29,21011,18048,23974
1,2026-05-30,10339,8881,11797
1,2026-05-31,8931,7672,10190
1,2026-06-01,18581,15961,21201
1,2026-06-02,19094,16402,21786
1,2026-06-03,19094,16402,21786
1,2026-06-04,19094,16402,21786
1,2026-06-05,18269,15693,20845
1,2026-06-06,9329,8014,10644
1,2026-06-07,7894,6781,9007
1,2026-06-08,18581,15961,21201
1,2026-06-09,19094,16402,21786
1,2026-06-10,19094,16402,21786
1,2026-06-11,18139,15581,20697
1,2026-06-12,7499,6442,8556
1,2026-06-13,9329,8014,10644
1,2026-06-14,7894,6781,9007
1,2026-06-15,18581,15961,21201
1,2026-06-16,19094,16402,21786
1,2026-06-17,19094,16402,21786
1,2026-06-18,19094,16402,21786
1,2026-06-19,18269,15693,20845
1,2026-06-20,9329,8014,10644
1,2026-06-21,7894,6781,9007
1,2026-06-22,18581,15961,21201
1,2026-06-23,19094,16402,21786
1,2026-06-24,19094,16402,21786
1,2026-06-25,19094,16402,21786
1,2026-06-26,18269,15693,20845
1,2026-06-27,9329,8014,10644
1,2026-06-28,7894,6781,9007
1,2026-06-29,18581,15961,21201
1,2026-06-30,19094,16402,21786
1,2026-07-01,17043,14640,19446
1,2026-07-02,17043,14640,19446
1,2026-07-03,16398,14086,18710
1,2026-07-04,8611,7397,9825
1,2026-07-05,7690,6606,8774
1,2026-07-06,16654,14306,19002
1,2026-07-07,17043,14640,19446
1,2026-07-08,17043,14640,19446
1,2026-07-09,17043,14640,19446
1,2026-07-10,16398,14086,18710
1,2026-07-11,8611,7397,9825
1,2026-07-12,7690,6606,8774
1,2026-07-13,16654,14306,19002
1,2026-07-14,17043,14640,19446
1,2026-07-15,17043,14640,19446
1,2026-07-16,17043,14640,19446
1,2026-07-17,16398,14086,18710
1,2026-07-18,8611,7397,9825
1,2026-07-19,7690,6606,8774
1,2026-07-20,16654,14306,19002
1,2026-07-21,17043,14640,19446
1,2026-07-22,17043,14640,19446
1,2026-07-23,17043,14640,19446
1,2026-07-24,16398,14086,18710
1,2026-07-25,8611,7397,9825
1,2026-07-26,7690,6606,8774
1,2026-07-27,16654,14306,19002
1,2026-07-28,17043,14640,19446
1,2026-07-29,17043,14640,19446
1,2026-07-30,17043,14640,19446
1,2026-07-31,16398,14086,18710
1,2026-08-01,8616,7401,9831
1,2026-08-02,8478,7283,9673
1,2026-08-03,16861,14484,19238
1,2026-08-04,18327,15743,20911
1,2026-08-05,18327,15743,20911
1,2026-08-06,18327,15743,20911
1,2026-08-07,17403,14949,19857
1,2026-08-08,8616,7401,9831
1,2026-08-09,8478,7283,9673
1,2026-08-10,16861,14484,19238
1,2026-08-11,18327,15743,20911
1,2026-08-12,18327,15743,20911
1,2026-08-13,18327,15743,20911
1,2026-08-14,17403,14949,19857
1,2026-08-15,8616,7401,9831
1,2026-08-16,8478,7283,9673
1,2026-08-17,16861,14484,19238
1,2026-08-18,18327,15743,20911
1,2026-08-19,18327,15743,20911
1,2026-08-20,18327,15743,20911
1,2026-08-21,17403,14949,19857
1,2026-08-22,8616,7401,9831
1,2026-08-23,8478,7283,9673
1,2026-08-24,16861,14484,19238
1,2026-08-25,18327,15743,20911
1,2026-08-26,18327,15743,20911
1,2026-08-27,18327,15743,20911
1,2026-08-28,17403,14949,19857
1,2026-08-29,8616,7401,9831
1,2026-08-30,8478,7283,9673
1,2026-08-31,16861,14484,19238
1,2026-09-01,21951,18856,25046
1,2026-09-02,21951,18856,25046
1,2026-09-03,21951,18856,25046
1,2026-09-04,21750,18683,24817
1,2026-09-05,9970,8564,11376
1,2026-09-06,8676,7453,9899
1,2026-09-07,21346,18336,24356
1,2026-09-08,21951,18856,25046
1,2026-09-09,21951,18856,25046
1,2026-09-10,21951,18856,25046
1,2026-09-11,21750,18683,24817
1,2026-09-12,9970,8564,11376
1,2026-09-13,8676,7453,9899
1,2026-09-14,21346,18336,24356
1,2026-09-15,21951,18856,25046
1,2026-09-16,21951,18856,25046
1,2026-09-17,21951,18856,25046
1,2026-09-18,21750,18683,24817
1,2026-09-19,9970,8564,11376
1,2026-09-20,8676,7453,9899
1,2026-09-21,21346,18336,24356
1,2026-09-22,21951,18856,25046
1,2026-09-23,21951,18856,25046
1,2026-09-24,21951,18856,25046
1,2026-09-25,21750,18683,24817
1,2026-09-26,9970,8564,11376
1,2026-09-27,8676,7453,9899
1,2026-09-28,21346,18336,24356
1,2026-09-29,21951,18856,25046
1,2026-09-30,21951,18856,25046
1,2026-10-01,22249,19112,25386
1,2026-10-02,21496,18465,24527
1,2026-10-03,11140,9569,12711
1,2026-10-04,8556,7350,9762
1,2026-10-05,21652,18599,24705
1,2026-10-06,22249,19112,25386
1,2026-10-07,22249,19112,25386
1,2026-10-08,22249,19112,25386
1,2026-10-09,21496,18465,24527
1,2026-10-10,11140,9569,12711
1,2026-10-11,8556,7350,9762
1,2026-10-12,21652,18599,24705
1,2026-10-13,22249,19112,25386
1,2026-10-14,22249,19112,25386
1,2026-10-15,22249,19112,25386
1,2026-10-16,21496,18465,24527
1,2026-10-17,11140,9569,12711
1,2026-10-18,8556,7350,9762
1,2026-10-19,21652,18599,24705
1,2026-10-20,22249,19112,25386
1,2026-10-21,22249,19112,25386
1,2026-10-22,22249,19112,25386
1,2026-10-23,21496,18465,24527
1,2026-10-24,11140,9569,12711
1,2026-10-25,8556,7350,9762
1,2026-10-26,21652,18599,24705
1,2026-10-27,22249,19112,25386
1,2026-10-28,22249,19112,25386
1,2026-10-29,22249,19112,25386
1,2026-10-30,21496,18465,24527
1,2026-10-31,11140,9569,12711
1,2026-11-01,9363,8043,10683
1,2026-11-02,22748,19541,25955
1,2026-11-03,22206,19075,25337
1,2026-11-04,8895,7641,10149
1,2026-11-05,23375,20079,26671
1,2026-11-06,22584,19400,25768
1,2026-11-07,11674,10028,13320
1,2026-11-08,9363,8043,10683
1,2026-11-09,22748,19541,25955
1,2026-11-10,23375,20079,26671
1,2026-11-11,23375,20079,26671
1,2026-11-12,23375,20079,26671
1,2026-11-13,22584,19400,25768
1,2026-11-14,11674,10028,13320
1,2026-11-15,9363,8043,10683
1,2026-11-16,22748,19541,25955
1,2026-11-17,23375,20079,26671
1,2026-11-18,23375,20079,26671
1,2026-11-19,23375,20079,26671
1,2026-11-20,22584,19400,25768
1,2026-11-21,11674,10028,13320
1,2026-11-22,9363,8043,10683
1,2026-11-23,22748,19541,25955
1,2026-11-24,23375,20079,26671
1,2026-11-25,23375,20079,26671
1,2026-11-26,23375,20079,26671
1,2026-11-27,22584,19400,25768
1,2026-11-28,11674,10028,13320
1,2026-11-29,9363,8043,10683
1,2026-11-30,22748,19541,25955
1,2026-12-01,23375,20079,26671
1,2026-12-02,23375,20079,26671
1,2026-12-03,23375,20079,26671
1,2026-12-04,22584,19400,25768
1,2026-12-05,11668,10023,13313
1,2026-12-06,9438,8107,10769
1,2026-12-07,22748,19541,25955
1,2026-12-08,23375,20079,26671
1,2026-12-09,23375,20079,26671
1,2026-12-10,23375,20079,26671
1,2026-12-11,22584,19400,25768
1,2026-12-12,11668,10023,13313
1,2026-12-13,9438,8107,10769
1,2026-12-14,22748,19541,25955
1,2026-12-15,23375,20079,26671
1,2026-12-16,23375,20079,26671
1,2026-12-17,23375,20079,26671
1,2026-12-18,22584,19400,25768
1,2026-12-19,11668,10023,13313
1,2026-12-20,9438,8107,10769
1,2026-12-21,22748,19541,25955
1,2026-12-22,23375,20079,26671
1,2026-12-23,23375,20079,26671
1,2026-12-24,23375,20079,26671
1,2026-12-25,22584,19400,25768
1,2026-12-26,11668,10023,13313
1,2026-12-27,9438,8107,10769
1,2026-12-28,22748,19541,25955
1,2026-12-29,21037,18071,24003
1,2026-12-30,19868,17067,22669
1,2026-12-31,5738,4929,6547
5,2026-01-01,2815,2418,3212
5,2026-01-02,2815,2418,3212
5,2026-01-03,2815,2418,3212
5,2026-01-04,2815,2418,3212
5,2026-01-05,2815,2418,3212
5,2026-01-06,2815,2418,3212
5,2026-01-07,2815,2418,3212
5,2026-01-08,2815,2418,3212
5,2026-01-09,2815,2418,3212
5,2026-01-10,3484,2993,3975
5,2026-01-11,2963,2545,3381
5,2026-01-12,5341,4588,6094
5,2026-01-13,5503,4727,6279
5,2026-01-14,5503,4727,6279
5,2026-01-15,5503,4727,6279
5,2026-01-16,5523,4744,6302
5,2026-01-17,3484,2993,3975
5,2026-01-18,2963,2545,3381
5,2026-01-19,5341,4588,6094
5,2026-01-20,5503,4727,6279
5,2026-01-21,5503,4727,6279
5,2026-01-22,5503,4727,6279
5,2026-01-23,5523,4744,6302
5,2026-01-24,3484,2993,3975
5,2026-01-25,2963,2545,3381
5,2026-01-26,5341,4588,6094
5,2026-01-27,5503,4727,6279
5,2026-01-28,5503,4727,6279
5,2026-01-29,5503,4727,6279
5,2026-01-30,5523,4744,6302
5,2026-01-31,3484,2993,3975
5,2026-02-01,3155,2710,3600
5,2026-02-02,5774,4960,6588
5,2026-02-03,5959,5119,6799
5,2026-02-04,5959,5119,6799
5,2026-02-05,5959,5119,6799
5,2026-02-06,5942,5104,6780
5,2026-02-07,3757,3227,4287
5,2026-02-08,3155,2710,3600
5,2026-02-09,5774,4960,6588
5,2026-02-10,5959,5119,6799
5,2026-02-11,5959,5119,6799
5,2026-02-12,5959,5119,6799
5,2026-02-13,5942,5104,6780
5,2026-02-14,3757,3227,4287
5,2026-02-15,3155,2710,3600
5,2026-02-16,5774,4960,6588
5,2026-02-17,5959,5119,6799
5,2026-02-18,5959,5119,6799
5,2026-02-19,5959,5119,6799
5,2026-02-20,5942,5104,6780
5,2026-02-21,3757,3227,4287
5,2026-02-22,3155,2710,3600
5,2026-02-23,2997,2574,3420
5,2026-02-24,5959,5119,6799
5,2026-02-25,5959,5119,6799
5,2026-02-26,5959,5119,6799
5,2026-02-27,5942,5104,6780
5,2026-02-28,3757,3227,4287
5,2026-03-01,3103,2665,3541
5,2026-03-02,5753,4942,6564
5,2026-03-03,5960,5120,6800
5,2026-03-04,5960,5120,6800
5,2026-03-05,5960,5120,6800
5,2026-03-06,5929,5093,6765
5,2026-03-07,3830,3290,4370
5,2026-03-08,3103,2665,3541
5,2026-03-09,2948,2532,3364
5,2026-03-10,5960,5120,6800
5,2026-03-11,5960,5120,6800
5,2026-03-12,5960,5120,6800
5,2026-03-13,5929,5093,6765
5,2026-03-14,3830,3290,4370
5,2026-03-15,3103,2665,3541
5,2026-03-16,5753,4942,6564
5,2026-03-17,5960,5120,6800
5,2026-03-18,5960,5120,6800
5,2026-03-19,5960,5120,6800
5,2026-03-20,5929,5093,6765
5,2026-03-21,3830,3290,4370
5,2026-03-22,3103,2665,3541
5,2026-03-23,5753,4942,6564
5,2026-03-24,5960,5120,6800
5,2026-03-25,5960,5120,6800
5,2026-03-26,5960,5120,6800
5,2026-03-27,5929,5093,6765
5,2026-03-28,3830,3290,4370
5,2026-03-29,3103,2665,3541
5,2026-03-30,5753,4942,6564
5,2026-03-31,5960,5120,6800
5,2026-04-01,6461,5550,7372
5,2026-04-02,6461,5550,7372
5,2026-04-03,6436,5529,7343
5,2026-04-04,4196,3604,4788
5,2026-04-05,3333,2863,3803
5,2026-04-06,6246,5365,7127
5,2026-04-07,6461,5550,7372
5,2026-04-08,6461,5550,7372
5,2026-04-09,6461,5550,7372
5,2026-04-10,6436,5529,7343
5,2026-04-11,4196,3604,4788
5,2026-04-12,3333,2863,3803
5,2026-04-13,6246,5365,7127
5,2026-04-14,6461,5550,7372
5,2026-04-15,6461,5550,7372
5,2026-04-16,6461,5550,7372
5,2026-04-17,6436,5529,7343
5,2026-04-18,4196,3604,4788
5,2026-04-19,3333,2863,3803
5,2026-04-20,6246,5365,7127
5,2026-04-21,6461,5550,7372
5,2026-04-22,6461,5550,7372
5,2026-04-23,6461,5550,7372
5,2026-04-24,6436,5529,7343
5,2026-04-25,4196,3604,4788
5,2026-04-26,3333,2863,3803
5,2026-04-27,6246,5365,7127
5,2026-04-28,6461,5550,7372
5,2026-04-29,6461,5550,7372
5,2026-04-30,6138,5273,7003
5,2026-05-01,2997,2574,3420
5,2026-05-02,3828,3288,4368
5,2026-05-03,3155,2710,3600
5,2026-05-04,6099,5239,6959
5,2026-05-05,6317,5426,7208
5,2026-05-06,6317,5426,7208
5,2026-05-07,6317,5426,7208
5,2026-05-08,5663,4865,6461
5,2026-05-09,3828,3288,4368
5,2026-05-10,3155,2710,3600
5,2026-05-11,2997,2574,3420
5,2026-05-12,6317,5426,7208
5,2026-05-13,6317,5426,7208
5,2026-05-14,6317,5426,7208
5,2026-05-15,5961,5120,6802
5,2026-05-16,3828,3288,4368
5,2026-05-17,3155,2710,3600
5,2026-05-18,6099,5239,6959
5,2026-05-19,6317,5426,7208
5,2026-05-20,6317,5426,7208
5,2026-05-21,6317,5426,7208
5,2026-05-22,5961,5120,6802
5,2026-05-23,3828,3288,4368
5,2026-05-24,3155,2710,3600
5,2026-05-25,6099,5239,6959
5,2026-05-26,6317,5426,7208
5,2026-05-27,6317,5426,7208
5,2026-05-28,6317,5426,7208
5,2026-05-29,5961,5120,6802
5,2026-05-30,3828,3288,4368
5,2026-05-31,3155,2710,3600
5,2026-06-01,5316,4566,6066
5,2026-06-02,5463,4693,6233
5,2026-06-03,5463,4693,6233
5,2026-06-04,5463,4693,6233
5,2026-06-05,5227,4490,5964
5,2026-06-06,3222,2768,3676
5,2026-06-07,2602,2235,2969
5,2026-06-08,5316,4566,6066
5,2026-06-09,5463,4693,6233
5,2026-06-10,5463,4693,6233
5,2026-06-11,5190,4458,5922
5,2026-06-12,2472,2123,2821
5,2026-06-13,3222,2768,3676
5,2026-06-14,2602,2235,2969
5,2026-06-15,5316,4566,6066
5,2026-06-16,5463,4693,6233
5,2026-06-17,5463,4693,6233
5,2026-06-18,5463,4693,6233
5,2026-06-19,5227,4490,5964
5,2026-06-20,3222,2768,3676
5,2026-06-21,2602,2235,2969
5,2026-06-22,5316,4566,6066
5,2026-06-23,5463,4693,6233
5,2026-06-24,5463,4693,6233
5,2026-06-25,5463,4693,6233
5,2026-06-26,5227,4490,5964
5,2026-06-27,3222,2768,3676
5,2026-06-28,2602,2235,2969
5,2026-06-29,5316,4566,6066
5,2026-06-30,5463,4693,6233
5,2026-07-01,5166,4438,5894
5,2026-07-02,5166,4438,5894
5,2026-07-03,4970,4269,5671
5,2026-07-04,2973,2554,3392
5,2026-07-05,2497,2145,2849
5,2026-07-06,5048,4336,5760
5,2026-07-07,5166,4438,5894
5,2026-07-08,5166,4438,5894
5,2026-07-09,5166,4438,5894
5,2026-07-10,4970,4269,5671
5,2026-07-11,2973,2554,3392
5,2026-07-12,2497,2145,2849
5,2026-07-13,5048,4336,5760
5,2026-07-14,5166,4438,5894
5,2026-07-15,5166,4438,5894
5,2026-07-16,5166,4438,5894
5,2026-07-17,4970,4269,5671
5,2026-07-18,2973,2554,3392
5,2026-07-19,2497,2145,2849
5,2026-07-20,5048,4336,5760
5,2026-07-21,5166,4438,5894
5,2026-07-22,5166,4438,5894
5,2026-07-23,5166,4438,5894
5,2026-07-24,4970,4269,5671
5,2026-07-25,2973,2554,3392
5,2026-07-26,2497,2145,2849
5,2026-07-27,5048,4336,5760
5,2026-07-28,5166,4438,5894
5,2026-07-29,5166,4438,5894
5,2026-07-30,5166,4438,5894
5,2026-07-31,4970,4269,5671
5,2026-08-01,2465,2117,2813
5,2026-08-02,2264,1945,2583
5,2026-08-03,4156,3570,4742
5,2026-08-04,4517,3880,5154
5,2026-08-05,4517,3880,5154
5,2026-08-06,4517,3880,5154
5,2026-08-07,4289,3684,4894
5,2026-08-08,2465,2117,2813
5,2026-08-09,2264,1945,2583
5,2026-08-10,4156,3570,4742
5,2026-08-11,4517,3880,5154
5,2026-08-12,4517,3880,5154
5,2026-08-13,4517,3880,5154
5,2026-08-14,4289,3684,4894
5,2026-08-15,2465,2117,2813
5,2026-08-16,2264,1945,2583
5,2026-08-17,4156,3570,4742
5,2026-08-18,4517,3880,5154
5,2026-08-19,4517,3880,5154
5,2026-08-20,4517,3880,5154
5,2026-08-21,4289,3684,4894
5,2026-08-22,2465,2117,2813
5,2026-08-23,2264,1945,2583
5,2026-08-24,4156,3570,4742
5,2026-08-25,4517,3880,5154
5,2026-08-26,4517,3880,5154
5,2026-08-27,4517,3880,5154
5,2026-08-28,4289,3684,4894
5,2026-08-29,2465,2117,2813
5,2026-08-30,2264,1945,2583
5,2026-08-31,4156,3570,4742
5,2026-09-01,5552,4769,6335
5,2026-09-02,5552,4769,6335
5,2026-09-03,5552,4769,6335
5,2026-09-04,5502,4726,6278
5,2026-09-05,3031,2604,3458
5,2026-09-06,2783,2391,3175
5,2026-09-07,5399,4638,6160
5,2026-09-08,5552,4769,6335
5,2026-09-09,5552,4769,6335
5,2026-09-10,5552,4769,6335
5,2026-09-11,5502,4726,6278
5,2026-09-12,3031,2604,3458
5,2026-09-13,2783,2391,3175
5,2026-09-14,5399,4638,6160
5,2026-09-15,5552,4769,6335
5,2026-09-16,5552,4769,6335
5,2026-09-17,5552,4769,6335
5,2026-09-18,5502,4726,6278
5,2026-09-19,3031,2604,3458
5,2026-09-20,2783,2391,3175
5,2026-09-21,5399,4638,6160
5,2026-09-22,5552,4769,6335
5,2026-09-23,5552,4769,6335
5,2026-09-24,5552,4769,6335
5,2026-09-25,5502,4726,6278
5,2026-09-26,3031,2604,3458
5,2026-09-27,2783,2391,3175
5,2026-09-28,5399,4638,6160
5,2026-09-29,5552,4769,6335
5,2026-09-30,5552,4769,6335
5,2026-10-01,5882,5053,6711
5,2026-10-02,5683,4882,6484
5,2026-10-03,3850,3307,4393
5,2026-10-04,3115,2676,3554
5,2026-10-05,5725,4918,6532
5,2026-10-06,5882,5053,6711
5,2026-10-07,5882,5053,6711
5,2026-10-08,5882,5053,6711
5,2026-10-09,5683,4882,6484
5,2026-10-10,3850,3307,4393
5,2026-10-11,3115,2676,3554
5,2026-10-12,5725,4918,6532
5,2026-10-13,5882,5053,6711
5,2026-10-14,5882,5053,6711
5,2026-10-15,5882,5053,6711
5,2026-10-16,5683,4882,6484
5,2026-10-17,3850,3307,4393
5,2026-10-18,3115,2676,3554
5,2026-10-19,5725,4918,6532
5,2026-10-20,5882,5053,6711
5,2026-10-21,5882,5053,6711
5,2026-10-22,5882,5053,6711
5,2026-10-23,5683,4882,6484
5,2026-10-24,3850,3307,4393
5,2026-10-25,3115,2676,3554
5,2026-10-26,5725,4918,6532
5,2026-10-27,5882,5053,6711
5,2026-10-28,5882,5053,6711
5,2026-10-29,5882,5053,6711
5,2026-10-30,5683,4882,6484
5,2026-10-31,3850,3307,4393
5,2026-11-01,3177,2729,3625
5,2026-11-02,5839,5016,6662
5,2026-11-03,5700,4896,6504
5,2026-11-04,3018,2592,3444
5,2026-11-05,6000,5154,6846
5,2026-11-06,5797,4980,6614
5,2026-11-07,3927,3373,4481
5,2026-11-08,3177,2729,3625
5,2026-11-09,5839,5016,6662
5,2026-11-10,6000,5154,6846
5,2026-11-11,6000,5154,6846
5,2026-11-12,6000,5154,6846
5,2026-11-13,5797,4980,6614
5,2026-11-14,3927,3373,4481
5,2026-11-15,3177,2729,3625
5,2026-11-16,5839,5016,6662
5,2026-11-17,6000,5154,6846
5,2026-11-18,6000,5154,6846
5,2026-11-19,6000,5154,6846
5,2026-11-20,5797,4980,6614
5,2026-11-21,3927,3373,4481
5,2026-11-22,3177,2729,3625
5,2026-11-23,5839,5016,6662
5,2026-11-24,6000,5154,6846
5,2026-11-25,6000,5154,6846
5,2026-11-26,6000,5154,6846
5,2026-11-27,5797,4980,6614
5,2026-11-28,3927,3373,4481
5,2026-11-29,3177,2729,3625
5,2026-11-30,5839,5016,6662
5,2026-12-01,6000,5154,6846
5,2026-12-02,6000,5154,6846
5,2026-12-03,6000,5154,6846
5,2026-12-04,5797,4980,6614
5,2026-12-05,3927,3373,4481
5,2026-12-06,3177,2729,3625
5,2026-12-07,5839,5016,6662
5,2026-12-08,6000,5154,6846
5,2026-12-09,6000,5154,6846
5,2026-12-10,6000,5154,6846
5,2026-12-11,5797,4980,6614
5,2026-12-12,3927,3373,4481
5,2026-12-13,3177,2729,3625
5,2026-12-14,5839,5016,6662
5,2026-12-15,6000,5154,6846
5,2026-12-16,6000,5154,6846
5,2026-12-17,6000,5154,6846
5,2026-12-18,5797,4980,6614
5,2026-12-19,3927,3373,4481
5,2026-12-20,3177,2729,3625
5,2026-12-21,5839,5016,6662
5,2026-12-22,6000,5154,6846
5,2026-12-23,6000,5154,6846
5,2026-12-24,6000,5154,6846
5,2026-12-25,5797,4980,6614
5,2026-12-26,3927,3373,4481
5,2026-12-27,3177,2729,3625
5,2026-12-28,5839,5016,6662
5,2026-12-29,5400,4639,6161
5,2026-12-30,5100,4381,5819
5,2026-12-31,1856,1594,2118
7,2026-01-01,12474,10715,14233
7,2026-01-02,12474,10715,14233
7,2026-01-03,12474,10715,14233
7,2026-01-04,12474,10715,14233
7,2026-01-05,12474,10715,14233
7,2026-01-06,12474,10715,14233
7,2026-01-07,12474,10715,14233
7,2026-01-08,12474,10715,14233
7,2026-01-09,12474,10715,14233
7,2026-01-10,15439,13262,17616
7,2026-01-11,13131,11280,14982
7,2026-01-12,23669,20332,27006
7,2026-01-13,24387,20948,27826
7,2026-01-14,24387,20948,27826
7,2026-01-15,24387,20948,27826
7,2026-01-16,24477,21026,27928
7,2026-01-17,15439,13262,17616
7,2026-01-18,13131,11280,14982
7,2026-01-19,23669,20332,27006
7,2026-01-20,24387,20948,27826
7,2026-01-21,24387,20948,27826
7,2026-01-22,24387,20948,27826
7,2026-01-23,24477,21026,27928
7,2026-01-24,15439,13262,17616
7,2026-01-25,13131,11280,14982
7,2026-01-26,23669,20332,27006
7,2026-01-27,24387,20948,27826
7,2026-01-28,24387,20948,27826
7,2026-01-29,24387,20948,27826
7,2026-01-30,24477,21026,27928
7,2026-01-31,15439,13262,17616
7,2026-02-01,13983,12011,15955
7,2026-02-02,25589,21981,29197
7,2026-02-03,26409,22685,30133
7,2026-02-04,26409,22685,30133
7,2026-02-05,26409,22685,30133
7,2026-02-06,26333,22620,30046
7,2026-02-07,16651,14303,18999
7,2026-02-08,13983,12011,15955
7,2026-02-09,25589,21981,29197
7,2026-02-10,26409,22685,30133
7,2026-02-11,26409,22685,30133
7,2026-02-12,26409,22685,30133
7,2026-02-13,26333,22620,30046
7,2026-02-14,16651,14303,18999
7,2026-02-15,13983,12011,15955
7,2026-02-16,25589,21981,29197
7,2026-02-17,26409,22685,30133
7,2026-02-18,26409,22685,30133
7,2026-02-19,26409,22685,30133
7,2026-02-20,26333,22620,30046
7,2026-02-21,16651,14303,18999
7,2026-02-22,13983,12011,15955
7,2026-02-23,13284,11411,15157
7,2026-02-24,26409,22685,30133
7,2026-02-25,26409,22685,30133
7,2026-02-26,26409,22685,30133
7,2026-02-27,26333,22620,30046
7,2026-02-28,16651,14303,18999
7,2026-03-01,13751,11812,15690
7,2026-03-02,25496,21901,29091
7,2026-03-03,26415,22690,30140
7,2026-03-04,26415,22690,30140
7,2026-03-05,26415,22690,30140
7,2026-03-06,26277,22572,29982
7,2026-03-07,16972,14579,19365
7,2026-03-08,13751,11812,15690
7,2026-03-09,13063,11221,14905
7,2026-03-10,26415,22690,30140
7,2026-03-11,26415,22690,30140
7,2026-03-12,26415,22690,30140
7,2026-03-13,26277,22572,29982
7,2026-03-14,16972,14579,19365
7,2026-03-15,13751,11812,15690
7,2026-03-16,25496,21901,29091
7,2026-03-17,26415,22690,30140
7,2026-03-18,26415,22690,30140
7,2026-03-19,26415,22690,30140
7,2026-03-20,26277,22572,29982
7,2026-03-21,16972,14579,19365
7,2026-03-22,13751,11812,15690
7,2026-03-23,25496,21901,29091
7,2026-03-24,26415,22690,30140
7,2026-03-25,26415,22690,30140
7,2026-03-26,26415,22690,30140
7,2026-03-27,26277,22572,29982
7,2026-03-28,16972,14579,19365
7,2026-03-29,13751,11812,15690
7,2026-03-30,25496,21901,29091
7,2026-03-31,26415,22690,30140
7,2026-04-01,28635,24597,32673
7,2026-04-02,28635,24597,32673
7,2026-04-03,28526,24504,32548
7,2026-04-04,18598,15976,21220
7,2026-04-05,14772,12689,16855
7,2026-04-06,27680,23777,31583
7,2026-04-07,28635,24597,32673
7,2026-04-08,28635,24597,32673
7,2026-04-09,28635,24597,32673
7,2026-04-10,28526,24504,32548
7,2026-04-11,18598,15976,21220
7,2026-04-12,14772,12689,16855
7,2026-04-13,27680,23777,31583
7,2026-04-14,28635,24597,32673
7,2026-04-15,28635,24597,32673
7,2026-04-16,28635,24597,32673
7,2026-04-17,28526,24504,32548
7,2026-04-18,18598,15976,21220
7,2026-04-19,14772,12689,16855
7,2026-04-20,27680,23777,31583
7,2026-04-21,28635,24597,32673
7,2026-04-22,28635,24597,32673
7,2026-04-23,28635,24597,32673
7,2026-04-24,28526,24504,32548
7,2026-04-25,18598,15976,21220
7,2026-04-26,14772,12689,16855
7,2026-04-27,27680,23777,31583
7,2026-04-28,28635,24597,32673
7,2026-04-29,28635,24597,32673
7,2026-04-30,27203,23367,31039
7,2026-05-01,13282,11409,15155
7,2026-05-02,16965,14573,19357
7,2026-05-03,13981,12010,15952
7,2026-05-04,27031,23220,30842
7,2026-05-05,27994,24047,31941
7,2026-05-06,27994,24047,31941
7,2026-05-07,27994,24047,31941
7,2026-05-08,25099,21560,28638
7,2026-05-09,16965,14573,19357
7,2026-05-10,13981,12010,15952
7,2026-05-11,13282,11409,15155
7,2026-05-12,27994,24047,31941
7,2026-05-13,27994,24047,31941
7,2026-05-14,27994,24047,31941
7,2026-05-15,26421,22696,30146
7,2026-05-16,16965,14573,19357
7,2026-05-17,13981,12010,15952
7,2026-05-18,27031,23220,30842
7,2026-05-19,27994,24047,31941
7,2026-05-20,27994,24047,31941
7,2026-05-21,27994,24047,31941
7,2026-05-22,26421,22696,30146
7,2026-05-23,16965,14573,19357
7,2026-05-24,13981,12010,15952
7,2026-05-25,27031,23220,30842
7,2026-05-26,27994,24047,31941
7,2026-05-27,27994,24047,31941
7,2026-05-28,27994,24047,31941
7,2026-05-29,26421,22696,30146
7,2026-05-30,16965,14573,19357
7,2026-05-31,13981,12010,15952
7,2026-06-01,23559,20237,26881
7,2026-06-02,24210,20796,27624
7,2026-06-03,24210,20796,27624
7,2026-06-04,24210,20796,27624
7,2026-06-05,23165,19899,26431
7,2026-06-06,14282,12268,16296
7,2026-06-07,11531,9905,13157
7,2026-06-08,23559,20237,26881
7,2026-06-09,24210,20796,27624
7,2026-06-10,24210,20796,27624
7,2026-06-11,23000,19757,26243
7,2026-06-12,10955,9410,12500
7,2026-06-13,14282,12268,16296
7,2026-06-14,11531,9905,13157
7,2026-06-15,23559,20237,26881
7,2026-06-16,24210,20796,27624
7,2026-06-17,24210,20796,27624
7,2026-06-18,24210,20796,27624
7,2026-06-19,23165,19899,26431
7,2026-06-20,14282,12268,16296
7,2026-06-21,11531,9905,13157
7,2026-06-22,23559,20237,26881
7,2026-06-23,24210,20796,27624
7,2026-06-24,24210,20796,27624
7,2026-06-25,24210,20796,27624
7,2026-06-26,23165,19899,26431
7,2026-06-27,14282,12268,16296
7,2026-06-28,11531,9905,13157
7,2026-06-29,23559,20237,26881
7,2026-06-30,24210,20796,27624
7,2026-07-01,22893,19665,26121
7,2026-07-02,22893,19665,26121
7,2026-07-03,22027,18921,25133
7,2026-07-04,13178,11320,15036
7,2026-07-05,11066,9506,12626
7,2026-07-06,22371,19217,25525
7,2026-07-07,22893,19665,26121
7,2026-07-08,22893,19665,26121
7,2026-07-09,22893,19665,26121
7,2026-07-10,22027,18921,25133
7,2026-07-11,13178,11320,15036
7,2026-07-12,11066,9506,12626
7,2026-07-13,22371,19217,25525
7,2026-07-14,22893,19665,26121
7,2026-07-15,22893,19665,26121
7,2026-07-16,22893,19665,26121
7,2026-07-17,22027,18921,25133
7,2026-07-18,13178,11320,15036
7,2026-07-19,11066,9506,12626
7,2026-07-20,22371,19217,25525
7,2026-07-21,22893,19665,26121
7,2026-07-22,22893,19665,26121
7,2026-07-23,22893,19665,26121
7,2026-07-24,22027,18921,25133
7,2026-07-25,13178,11320,15036
7,2026-07-26,11066,9506,12626
7,2026-07-27,22371,19217,25525
7,2026-07-28,22893,19665,26121
7,2026-07-29,22893,19665,26121
7,2026-07-30,22893,19665,26121
7,2026-07-31,22027,18921,25133
7,2026-08-01,10926,9385,12467
7,2026-08-02,10034,8619,11449
7,2026-08-03,18417,15820,21014
7,2026-08-04,20019,17196,22842
7,2026-08-05,20019,17196,22842
7,2026-08-06,20019,17196,22842
7,2026-08-07,19009,16329,21689
7,2026-08-08,10926,9385,12467
7,2026-08-09,10034,8619,11449
7,2026-08-10,18417,15820,21014
7,2026-08-11,20019,17196,22842
7,2026-08-12,20019,17196,22842
7,2026-08-13,20019,17196,22842
7,2026-08-14,19009,16329,21689
7,2026-08-15,10926,9385,12467
7,2026-08-16,10034,8619,11449
7,2026-08-17,18417,15820,21014
7,2026-08-18,20019,17196,22842
7,2026-08-19,20019,17196,22842
7,2026-08-20,20019,17196,22842
7,2026-08-21,19009,16329,21689
7,2026-08-22,10926,9385,12467
7,2026-08-23,10034,8619,11449
7,2026-08-24,18417,15820,21014
7,2026-08-25,20019,17196,22842
7,2026-08-26,20019,17196,22842
7,2026-08-27,20019,17196,22842
7,2026-08-28,19009,16329,21689
7,2026-08-29,10926,9385,12467
7,2026-08-30,10034,8619,11449
7,2026-08-31,18417,15820,21014
7,2026-09-01,24608,21138,28078
7,2026-09-02,24608,21138,28078
7,2026-09-03,24608,21138,28078
7,2026-09-04,24382,20944,27820
7,2026-09-05,13431,11537,15325
7,2026-09-06,12334,10595,14073
7,2026-09-07,23930,20556,27304
7,2026-09-08,24608,21138,28078
7,2026-09-09,24608,21138,28078
7,2026-09-10,24608,21138,28078
7,2026-09-11,24382,20944,27820
7,2026-09-12,13431,11537,15325
7,2026-09-13,12334,10595,14073
7,2026-09-14,23930,20556,27304
7,2026-09-15,24608,21138,28078
7,2026-09-16,24608,21138,28078
7,2026-09-17,24608,21138,28078
7,2026-09-18,24382,20944,27820
7,2026-09-19,13431,11537,15325
7,2026-09-20,12334,10595,14073
7,2026-09-21,23930,20556,27304
7,2026-09-22,24608,21138,28078
7,2026-09-23,24608,21138,28078
7,2026-09-24,24608,21138,28078
7,2026-09-25,24382,20944,27820
7,2026-09-26,13431,11537,15325
7,2026-09-27,12334,10595,14073
7,2026-09-28,23930,20556,27304
7,2026-09-29,24608,21138,28078
7,2026-09-30,24608,21138,28078
7,2026-10-01,26070,22394,29746
7,2026-10-02,25188,21636,28740
7,2026-10-03,17064,14658,19470
7,2026-10-04,13803,11857,15749
7,2026-10-05,25371,21794,28948
7,2026-10-06,26070,22394,29746
7,2026-10-07,26070,22394,29746
7,2026-10-08,26070,22394,29746
7,2026-10-09,25188,21636,28740
7,2026-10-10,17064,14658,19470
7,2026-10-11,13803,11857,15749
7,2026-10-12,25371,21794,28948
7,2026-10-13,26070,22394,29746
7,2026-10-14,26070,22394,29746
7,2026-10-15,26070,22394,29746
7,2026-10-16,25188,21636,28740
7,2026-10-17,17064,14658,19470
7,2026-10-18,13803,11857,15749
7,2026-10-19,25371,21794,28948
7,2026-10-20,26070,22394,29746
7,2026-10-21,26070,22394,29746
7,2026-10-22,26070,22394,29746
7,2026-10-23,25188,21636,28740
7,2026-10-24,17064,14658,19470
7,2026-10-25,13803,11857,15749
7,2026-10-26,25371,21794,28948
7,2026-10-27,26070,22394,29746
7,2026-10-28,26070,22394,29746
7,2026-10-29,26070,22394,29746
7,2026-10-30,25188,21636,28740
7,2026-10-31,17064,14658,19470
7,2026-11-01,14080,12095,16065
7,2026-11-02,25878,22229,29527
7,2026-11-03,25262,21700,28824
7,2026-11-04,13376,11490,15262
7,2026-11-05,26591,22842,30340
7,2026-11-06,25692,22069,29315
7,2026-11-07,17405,14951,19859
7,2026-11-08,14080,12095,16065
7,2026-11-09,25878,22229,29527
7,2026-11-10,26591,22842,30340
7,2026-11-11,26591,22842,30340
7,2026-11-12,26591,22842,30340
7,2026-11-13,25692,22069,29315
7,2026-11-14,17405,14951,19859
7,2026-11-15,14080,12095,16065
7,2026-11-16,25878,22229,29527
7,2026-11-17,26591,22842,30340
7,2026-11-18,26591,22842,30340
7,2026-11-19,26591,22842,30340
7,2026-11-20,25692,22069,29315
7,2026-11-21,17405,14951,19859
7,2026-11-22,14080,12095,16065
7,2026-11-23,25878,22229,29527
7,2026-11-24,26591,22842,30340
7,2026-11-25,26591,22842,30340
7,2026-11-26,26591,22842,30340
7,2026-11-27,25692,22069,29315
7,2026-11-28,17405,14951,19859
7,2026-11-29,14080,12095,16065
7,2026-11-30,25878,22229,29527
7,2026-12-01,26591,22842,30340
7,2026-12-02,26591,22842,30340
7,2026-12-03,26591,22842,30340
7,2026-12-04,25692,22069,29315
7,2026-12-05,17405,14951,19859
7,2026-12-06,14080,12095,16065
7,2026-12-07,25878,22229,29527
7,2026-12-08,26591,22842,30340
7,2026-12-09,26591,22842,30340
7,2026-12-10,26591,22842,30340
7,2026-12-11,25692,22069,29315
7,2026-12-12,17405,14951,19859
7,2026-12-13,14080,12095,16065
7,2026-12-14,25878,22229,29527
7,2026-12-15,26591,22842,30340
7,2026-12-16,26591,22842,30340
7,2026-12-17,26591,22842,30340
7,2026-12-18,25692,22069,29315
7,2026-12-19,17405,14951,19859
7,2026-12-20,14080,12095,16065
7,2026-12-21,25878,22229,29527
7,2026-12-22,26591,22842,30340
7,2026-12-23,26591,22842,30340
7,2026-12-24,26591,22842,30340
7,2026-12-25,25692,22069,29315
7,2026-12-26,17405,14951,19859
7,2026-12-27,14080,12095,16065
7,2026-12-28,25878,22229,29527
7,2026-12-29,23932,20558,27306
7,2026-12-30,22603,19416,25790
7,2026-12-31,8227,7067,9387
11,2026-01-01,17964,15431,20497
11,2026-01-02,17964,15431,20497
11,2026-01-03,17964,15431,20497
11,2026-01-04,17964,15431,20497
11,2026-01-05,17964,15431,20497
11,2026-01-06,17964,15431,20497
11,2026-01-07,17964,15431,20497
11,2026-01-08,17964,15431,20497
11,2026-01-09,17964,15431,20497
11,2026-01-10,22166,19041,25291
11,2026-01-11,18909,16243,21575
11,2026-01-12,33590,28854,38326
11,2026-01-13,34609,29729,39489
11,2026-01-14,34609,29729,39489
11,2026-01-15,34609,29729,39489
11,2026-01-16,34737,29839,39635
11,2026-01-17,22166,19041,25291
11,2026-01-18,18909,16243,21575
11,2026-01-19,33590,28854,38326
11,2026-01-20,34609,29729,39489
11,2026-01-21,34609,29729,39489
11,2026-01-22,34609,29729,39489
11,2026-01-23,34737,29839,39635
11,2026-01-24,22166,19041,25291
11,2026-01-25,18909,16243,21575
11,2026-01-26,33590,28854,38326
11,2026-01-27,34609,29729,39489
11,2026-01-28,34609,29729,39489
11,2026-01-29,34609,29729,39489
11,2026-01-30,34737,29839,39635
11,2026-01-31,22166,19041,25291
11,2026-02-01,19458,16714,22202
11,2026-02-02,35924,30859,40989
11,2026-02-03,37076,31848,42304
11,2026-02-04,37076,31848,42304
11,2026-02-05,37076,31848,42304
11,2026-02-06,36969,31756,42182
11,2026-02-07,22831,19612,26050
11,2026-02-08,19458,16714,22202
11,2026-02-09,35924,30859,40989
11,2026-02-10,37076,31848,42304
11,2026-02-11,37076,31848,42304
11,2026-02-12,37076,31848,42304
11,2026-02-13,36969,31756,42182
11,2026-02-14,22831,19612,26050
11,2026-02-15,19458,16714,22202
11,2026-02-16,35924,30859,40989
11,2026-02-17,37076,31848,42304
11,2026-02-18,37076,31848,42304
11,2026-02-19,37076,31848,42304
11,2026-02-20,36969,31756,42182
11,2026-02-21,22831,19612,26050
11,2026-02-22,19458,16714,22202
11,2026-02-23,18485,15879,21091
11,2026-02-24,37076,31848,42304
11,2026-02-25,37076,31848,42304
11,2026-02-26,37076,31848,42304
11,2026-02-27,36969,31756,42182
11,2026-02-28,22831,19612,26050
11,2026-03-01,18891,16227,21555
11,2026-03-02,35777,30732,40822
11,2026-03-03,37066,31840,42292
11,2026-03-04,37066,31840,42292
11,2026-03-05,37066,31840,42292
11,2026-03-06,36873,31674,42072
11,2026-03-07,24115,20715,27515
11,2026-03-08,18891,16227,21555
11,2026-03-09,17947,15416,20478
11,2026-03-10,37066,31840,42292
11,2026-03-11,37066,31840,42292
11,2026-03-12,37066,31840,42292
11,2026-03-13,36873,31674,42072
11,2026-03-14,24115,20715,27515
11,2026-03-15,18891,16227,21555
11,2026-03-16,35777,30732,40822
11,2026-03-17,37066,31840,42292
11,2026-03-18,37066,31840,42292
11,2026-03-19,37066,31840,42292
11,2026-03-20,36873,31674,42072
11,2026-03-21,24115,20715,27515
11,2026-03-22,18891,16227,21555
11,2026-03-23,35777,30732,40822
11,2026-03-24,37066,31840,42292
11,2026-03-25,37066,31840,42292
11,2026-03-26,37066,31840,42292
11,2026-03-27,36873,31674,42072
11,2026-03-28,24115,20715,27515
11,2026-03-29,18891,16227,21555
11,2026-03-30,35777,30732,40822
11,2026-03-31,37066,31840,42292
11,2026-04-01,36426,31290,41562
11,2026-04-02,36426,31290,41562
11,2026-04-03,36287,31171,41403
11,2026-04-04,25956,22296,29616
11,2026-04-05,20819,17884,23754
11,2026-04-06,35211,30246,40176
11,2026-04-07,36426,31290,41562
11,2026-04-08,36426,31290,41562
11,2026-04-09,36426,31290,41562
11,2026-04-10,36287,31171,41403
11,2026-04-11,25956,22296,29616
11,2026-04-12,20819,17884,23754
11,2026-04-13,35211,30246,40176
11,2026-04-14,36426,31290,41562
11,2026-04-15,36426,31290,41562
11,2026-04-16,36426,31290,41562
11,2026-04-17,36287,31171,41403
11,2026-04-18,25956,22296,29616
11,2026-04-19,20819,17884,23754
11,2026-04-20,35211,30246,40176
11,2026-04-21,36426,31290,41562
11,2026-04-22,36426,31290,41562
11,2026-04-23,36426,31290,41562
11,2026-04-24,36287,31171,41403
11,2026-04-25,25956,22296,29616
11,2026-04-26,20819,17884,23754
11,2026-04-27,35211,30246,40176
11,2026-04-28,36426,31290,41562
11,2026-04-29,36426,31290,41562
11,2026-04-30,34604,29725,39483
11,2026-05-01,19956,17142,22770
11,2026-05-02,25083,21546,28620
11,2026-05-03,21006,18044,23968
11,2026-05-04,33960,29172,38748
11,2026-05-05,35170,30211,40129
11,2026-05-06,35170,30211,40129
11,2026-05-07,35170,30211,40129
11,2026-05-08,31534,27088,35980
11,2026-05-09,25083,21546,28620
11,2026-05-10,21006,18044,23968
11,2026-05-11,19956,17142,22770
11,2026-05-12,35170,30211,40129
11,2026-05-13,35170,30211,40129
11,2026-05-14,35170,30211,40129
11,2026-05-15,33193,28513,37873
11,2026-05-16,25083,21546,28620
11,2026-05-17,21006,18044,23968
11,2026-05-18,33960,29172,38748
11,2026-05-19,35170,30211,40129
11,2026-05-20,35170,30211,40129
11,2026-05-21,35170,30211,40129
11,2026-05-22,33193,28513,37873
11,2026-05-23,25083,21546,28620
11,2026-05-24,21006,18044,23968
11,2026-05-25,33960,29172,38748
11,2026-05-26,35170,30211,40129
11,2026-05-27,35170,30211,40129
11,2026-05-28,35170,30211,40129
11,2026-05-29,33193,28513,37873
11,2026-05-30,25083,21546,28620
11,2026-05-31,21006,18044,23968
11,2026-06-01,31514,27071,35957
11,2026-06-02,32385,27819,36951
11,2026-06-03,32385,27819,36951
11,2026-06-04,32385,27819,36951
11,2026-06-05,30986,26617,35355
11,2026-06-06,22781,19569,25993
11,2026-06-07,17950,15419,20481
11,2026-06-08,31514,27071,35957
11,2026-06-09,32385,27819,36951
11,2026-06-10,32385,27819,36951
11,2026-06-11,30766,26428,35104
11,2026-06-12,17052,14648,19456
11,2026-06-13,22781,19569,25993
11,2026-06-14,17950,15419,20481
11,2026-06-15,31514,27071,35957
11,2026-06-16,32385,27819,36951
11,2026-06-17,32385,27819,36951
11,2026-06-18,32385,27819,36951
11,2026-06-19,30986,26617,35355
11,2026-06-20,22781,19569,25993
11,2026-06-21,17950,15419,20481
11,2026-06-22,31514,27071,35957
11,2026-06-23,32385,27819,36951
11,2026-06-24,32385,27819,36951
11,2026-06-25,32385,27819,36951
11,2026-06-26,30986,26617,35355
11,2026-06-27,22781,19569,25993
11,2026-06-28,17950,15419,20481
11,2026-06-29,31514,27071,35957
11,2026-06-30,32385,27819,36951
11,2026-07-01,29462,25308,33616
11,2026-07-02,29462,25308,33616
11,2026-07-03,28348,24351,32345
11,2026-07-04,21200,18211,24189
11,2026-07-05,17438,14979,19897
11,2026-07-06,28790,24731,32849
11,2026-07-07,29462,25308,33616
11,2026-07-08,29462,25308,33616
11,2026-07-09,29462,25308,33616
11,2026-07-10,28348,24351,32345
11,2026-07-11,21200,18211,24189
11,2026-07-12,17438,14979,19897
11,2026-07-13,28790,24731,32849
11,2026-07-14,29462,25308,33616
11,2026-07-15,29462,25308,33616
11,2026-07-16,29462,25308,33616
11,2026-07-17,28348,24351,32345
11,2026-07-18,21200,18211,24189
11,2026-07-19,17438,14979,19897
11,2026-07-20,28790,24731,32849
11,2026-07-21,29462,25308,33616
11,2026-07-22,29462,25308,33616
11,2026-07-23,29462,25308,33616
11,2026-07-24,28348,24351,32345
11,2026-07-25,21200,18211,24189
11,2026-07-26,17438,14979,19897
11,2026-07-27,28790,24731,32849
11,2026-07-28,29462,25308,33616
11,2026-07-29,29462,25308,33616
11,2026-07-30,29462,25308,33616
11,2026-07-31,28348,24351,32345
11,2026-08-01,21876,18791,24961
11,2026-08-02,21603,18557,24649
11,2026-08-03,28114,24150,32078
11,2026-08-04,30559,26250,34868
11,2026-08-05,30559,26250,34868
11,2026-08-06,30559,26250,34868
11,2026-08-07,29018,24926,33110
11,2026-08-08,21876,18791,24961
11,2026-08-09,21603,18557,24649
11,2026-08-10,28114,24150,32078
11,2026-08-11,30559,26250,34868
11,2026-08-12,30559,26250,34868
11,2026-08-13,30559,26250,34868
11,2026-08-14,29018,24926,33110
11,2026-08-15,21876,18791,24961
11,2026-08-16,21603,18557,24649
11,2026-08-17,28114,24150,32078
11,2026-08-18,30559,26250,34868
11,2026-08-19,30559,26250,34868
11,2026-08-20,30559,26250,34868
11,2026-08-21,29018,24926,33110
11,2026-08-22,21876,18791,24961
11,2026-08-23,21603,18557,24649
11,2026-08-24,28114,24150,32078
11,2026-08-25,30559,26250,34868
11,2026-08-26,30559,26250,34868
11,2026-08-27,30559,26250,34868
11,2026-08-28,29018,24926,33110
11,2026-08-29,21876,18791,24961
11,2026-08-30,21603,18557,24649
11,2026-08-31,28114,24150,32078
11,2026-09-01,35593,30574,40612
11,2026-09-02,35593,30574,40612
11,2026-09-03,35593,30574,40612
11,2026-09-04,35267,30294,40240
11,2026-09-05,26016,22348,29684
11,2026-09-06,22762,19553,25971
11,2026-09-07,34612,29732,39492
11,2026-09-08,35593,30574,40612
11,2026-09-09,35593,30574,40612
11,2026-09-10,35593,30574,40612
11,2026-09-11,35267,30294,40240
11,2026-09-12,26016,22348,29684
11,2026-09-13,22762,19553,25971
11,2026-09-14,34612,29732,39492
11,2026-09-15,35593,30574,40612
11,2026-09-16,35593,30574,40612
11,2026-09-17,35593,30574,40612
11,2026-09-18,35267,30294,40240
11,2026-09-19,26016,22348,29684
11,2026-09-20,22762,19553,25971
11,2026-09-21,34612,29732,39492
11,2026-09-22,35593,30574,40612
11,2026-09-23,35593,30574,40612
11,2026-09-24,35593,30574,40612
11,2026-09-25,35267,30294,40240
11,2026-09-26,26016,22348,29684
11,2026-09-27,22762,19553,25971
11,2026-09-28,34612,29732,39492
11,2026-09-29,35593,30574,40612
11,2026-09-30,35593,30574,40612
11,2026-10-01,34388,29539,39237
11,2026-10-02,33225,28540,37910
11,2026-10-03,24303,20876,27730
11,2026-10-04,20289,17428,23150
11,2026-10-05,33465,28746,38184
11,2026-10-06,34388,29539,39237
11,2026-10-07,34388,29539,39237
11,2026-10-08,34388,29539,39237
11,2026-10-09,33225,28540,37910
11,2026-10-10,24303,20876,27730
11,2026-10-11,20289,17428,23150
11,2026-10-12,33465,28746,38184
11,2026-10-13,34388,29539,39237
11,2026-10-14,34388,29539,39237
11,2026-10-15,34388,29539,39237
11,2026-10-16,33225,28540,37910
11,2026-10-17,24303,20876,27730
11,2026-10-18,20289,17428,23150
11,2026-10-19,33465,28746,38184
11,2026-10-20,34388,29539,39237
11,2026-10-21,34388,29539,39237
11,2026-10-22,34388,29539,39237
11,2026-10-23,33225,28540,37910
11,2026-10-24,24303,20876,27730
11,2026-10-25,20289,17428,23150
11,2026-10-26,33465,28746,38184
11,2026-10-27,34388,29539,39237
11,2026-10-28,34388,29539,39237
11,2026-10-29,34388,29539,39237
11,2026-10-30,33225,28540,37910
11,2026-10-31,24303,20876,27730
11,2026-11-01,20197,17349,23045
11,2026-11-02,35261,30289,40233
11,2026-11-03,34421,29568,39274
11,2026-11-04,19187,16482,21892
11,2026-11-05,36233,31124,41342
11,2026-11-06,35008,30072,39944
11,2026-11-07,24472,21021,27923
11,2026-11-08,20197,17349,23045
11,2026-11-09,35261,30289,40233
11,2026-11-10,36233,31124,41342
11,2026-11-11,36233,31124,41342
11,2026-11-12,36233,31124,41342
11,2026-11-13,35008,30072,39944
11,2026-11-14,24472,21021,27923
11,2026-11-15,20197,17349,23045
11,2026-11-16,35261,30289,40233
11,2026-11-17,36233,31124,41342
11,2026-11-18,36233,31124,41342
11,2026-11-19,36233,31124,41342
11,2026-11-20,35008,30072,39944
11,2026-11-21,24472,21021,27923
11,2026-11-22,20197,17349,23045
11,2026-11-23,35261,30289,40233
11,2026-11-24,36233,31124,41342
11,2026-11-25,36233,31124,41342
11,2026-11-26,36233,31124,41342
11,2026-11-27,35008,30072,39944
11,2026-11-28,24472,21021,27923
11,2026-11-29,20197,17349,23045
11,2026-11-30,35261,30289,40233
11,2026-12-01,36233,31124,41342
11,2026-12-02,36233,31124,41342
11,2026-12-03,36233,31124,41342
11,2026-12-04,35008,30072,39944
11,2026-12-05,24244,20826,27662
11,2026-12-06,19961,17146,22776
11,2026-12-07,35261,30289,40233
11,2026-12-08,36233,31124,41342
11,2026-12-09,36233,31124,41342
11,2026-12-10,36233,31124,41342
11,2026-12-11,35008,30072,39944
11,2026-12-12,24244,20826,27662
11,2026-12-13,19961,17146,22776
11,2026-12-14,35261,30289,40233
11,2026-12-15,36233,31124,41342
11,2026-12-16,36233,31124,41342
11,2026-12-17,36233,31124,41342
11,2026-12-18,35008,30072,39944
11,2026-12-19,24244,20826,27662
11,2026-12-20,19961,17146,22776
11,2026-12-21,35261,30289,40233
11,2026-12-22,36233,31124,41342
11,2026-12-23,36233,31124,41342
11,2026-12-24,36233,31124,41342
11,2026-12-25,35008,30072,39944
11,2026-12-26,24244,20826,27662
11,2026-12-27,19961,17146,22776
11,2026-12-28,35261,30289,40233
11,2026-12-29,32610,28012,37208
11,2026-12-30,30798,26455,35141
11,2026-12-31,11618,9980,13256
12,2026-01-01,17786,15278,20294
12,2026-01-02,17786,15278,20294
12,2026-01-03,17786,15278,20294
12,2026-01-04,17786,15278,20294
12,2026-01-05,17786,15278,20294
12,2026-01-06,17786,15278,20294
12,2026-01-07,17786,15278,20294
12,2026-01-08,17786,15278,20294
12,2026-01-09,17786,15278,20294
12,2026-01-10,22871,19646,26096
12,2026-01-11,18722,16082,21362
12,2026-01-12,37126,31891,42361
12,2026-01-13,38253,32859,43647
12,2026-01-14,38253,32859,43647
12,2026-01-15,38253,32859,43647
12,2026-01-16,38393,32980,43806
12,2026-01-17,22871,19646,26096
12,2026-01-18,18722,16082,21362
12,2026-01-19,37126,31891,42361
12,2026-01-20,38253,32859,43647
12,2026-01-21,38253,32859,43647
12,2026-01-22,38253,32859,43647
12,2026-01-23,38393,32980,43806
12,2026-01-24,22871,19646,26096
12,2026-01-25,18722,16082,21362
12,2026-01-26,37126,31891,42361
12,2026-01-27,38253,32859,43647
12,2026-01-28,38253,32859,43647
12,2026-01-29,38253,32859,43647
12,2026-01-30,38393,32980,43806
12,2026-01-31,22871,19646,26096
12,2026-02-01,17852,15335,20369
12,2026-02-02,36882,31682,42082
12,2026-02-03,38064,32697,43431
12,2026-02-04,38064,32697,43431
12,2026-02-05,38064,32697,43431
12,2026-02-06,37954,32602,43306
12,2026-02-07,21389,18373,24405
12,2026-02-08,17852,15335,20369
12,2026-02-09,36882,31682,42082
12,2026-02-10,38064,32697,43431
12,2026-02-11,38064,32697,43431
12,2026-02-12,38064,32697,43431
12,2026-02-13,37954,32602,43306
12,2026-02-14,21389,18373,24405
12,2026-02-15,17852,15335,20369
12,2026-02-16,36882,31682,42082
12,2026-02-17,38064,32697,43431
12,2026-02-18,38064,32697,43431
12,2026-02-19,38064,32697,43431
12,2026-02-20,37954,32602,43306
12,2026-02-21,21389,18373,24405
12,2026-02-22,17852,15335,20369
12,2026-02-23,16959,14568,19350
12,2026-02-24,38064,32697,43431
12,2026-02-25,38064,32697,43431
12,2026-02-26,38064,32697,43431
12,2026-02-27,37954,32602,43306
12,2026-02-28,21389,18373,24405
12,2026-03-01,18840,16184,21496
12,2026-03-02,38812,33340,44284
12,2026-03-03,40211,34541,45881
12,2026-03-04,40211,34541,45881
12,2026-03-05,40211,34541,45881
12,2026-03-06,40001,34361,45641
12,2026-03-07,23001,19758,26244
12,2026-03-08,18840,16184,21496
12,2026-03-09,17898,15374,20422
12,2026-03-10,40211,34541,45881
12,2026-03-11,40211,34541,45881
12,2026-03-12,40211,34541,45881
12,2026-03-13,40001,34361,45641
12,2026-03-14,23001,19758,26244
12,2026-03-15,18840,16184,21496
12,2026-03-16,38812,33340,44284
12,2026-03-17,40211,34541,45881
12,2026-03-18,40211,34541,45881
12,2026-03-19,40211,34541,45881
12,2026-03-20,40001,34361,45641
12,2026-03-21,23001,19758,26244
12,2026-03-22,18840,16184,21496
12,2026-03-23,38812,33340,44284
12,2026-03-24,40211,34541,45881
12,2026-03-25,40211,34541,45881
12,2026-03-26,40211,34541,45881
12,2026-03-27,40001,34361,45641
12,2026-03-28,23001,19758,26244
12,2026-03-29,18840,16184,21496
12,2026-03-30,38812,33340,44284
12,2026-03-31,40211,34541,45881
12,2026-04-01,39562,33984,45140
12,2026-04-02,39562,33984,45140
12,2026-04-03,39412,33855,44969
12,2026-04-04,23321,20033,26609
12,2026-04-05,19500,16750,22250
12,2026-04-06,38243,32851,43635
12,2026-04-07,39562,33984,45140
12,2026-04-08,39562,33984,45140
12,2026-04-09,39562,33984,45140
12,2026-04-10,39412,33855,44969
12,2026-04-11,23321,20033,26609
12,2026-04-12,19500,16750,22250
12,2026-04-13,38243,32851,43635
12,2026-04-14,39562,33984,45140
12,2026-04-15,39562,33984,45140
12,2026-04-16,39562,33984,45140
12,2026-04-17,39412,33855,44969
12,2026-04-18,23321,20033,26609
12,2026-04-19,19500,16750,22250
12,2026-04-20,38243,32851,43635
12,2026-04-21,39562,33984,45140
12,2026-04-22,39562,33984,45140
12,2026-04-23,39562,33984,45140
12,2026-04-24,39412,33855,44969
12,2026-04-25,23321,20033,26609
12,2026-04-26,19500,16750,22250
12,2026-04-27,38243,32851,43635
12,2026-04-28,39562,33984,45140
12,2026-04-29,39562,33984,45140
12,2026-04-30,37584,32285,42883
12,2026-05-01,18699,16062,21336
12,2026-05-02,22457,19291,25623
12,2026-05-03,19683,16908,22458
12,2026-05-04,38373,32962,43784
12,2026-05-05,39740,34137,45343
12,2026-05-06,39740,34137,45343
12,2026-05-07,39740,34137,45343
12,2026-05-08,35631,30607,40655
12,2026-05-09,22457,19291,25623
12,2026-05-10,19683,16908,22458
12,2026-05-11,18699,16062,21336
12,2026-05-12,39740,34137,45343
12,2026-05-13,39740,34137,45343
12,2026-05-14,39740,34137,45343
12,2026-05-15,37506,32218,42794
12,2026-05-16,22457,19291,25623
12,2026-05-17,19683,16908,22458
12,2026-05-18,38373,32962,43784
12,2026-05-19,39740,34137,45343
12,2026-05-20,39740,34137,45343
12,2026-05-21,39740,34137,45343
12,2026-05-22,37506,32218,42794
12,2026-05-23,22457,19291,25623
12,2026-05-24,19683,16908,22458
12,2026-05-25,38373,32962,43784
12,2026-05-26,39740,34137,45343
12,2026-05-27,39740,34137,45343
12,2026-05-28,39740,34137,45343
12,2026-05-29,37506,32218,42794
12,2026-05-30,22457,19291,25623
12,2026-05-31,19683,16908,22458
12,2026-06-01,34500,29636,39364
12,2026-06-02,35452,30453,40451
12,2026-06-03,35452,30453,40451
12,2026-06-04,35452,30453,40451
12,2026-06-05,33922,29139,38705
12,2026-06-06,18768,16122,21414
12,2026-06-07,16426,14110,18742
12,2026-06-08,34500,29636,39364
12,2026-06-09,35452,30453,40451
12,2026-06-10,35452,30453,40451
12,2026-06-11,33680,28931,38429
12,2026-06-12,15605,13405,17805
12,2026-06-13,18768,16122,21414
12,2026-06-14,16426,14110,18742
12,2026-06-15,34500,29636,39364
12,2026-06-16,35452,30453,40451
12,2026-06-17,35452,30453,40451
12,2026-06-18,35452,30453,40451
12,2026-06-19,33922,29139,38705
12,2026-06-20,18768,16122,21414
12,2026-06-21,16426,14110,18742
12,2026-06-22,34500,29636,39364
12,2026-06-23,35452,30453,40451
12,2026-06-24,35452,30453,40451
12,2026-06-25,35452,30453,40451
12,2026-06-26,33922,29139,38705
12,2026-06-27,18768,16122,21414
12,2026-06-28,16426,14110,18742
12,2026-06-29,34500,29636,39364
12,2026-06-30,35452,30453,40451
12,2026-07-01,31586,27132,36040
12,2026-07-02,31586,27132,36040
12,2026-07-03,30391,26106,34676
12,2026-07-04,18540,15926,21154
12,2026-07-05,15987,13733,18241
12,2026-07-06,30865,26513,35217
12,2026-07-07,31586,27132,36040
12,2026-07-08,31586,27132,36040
12,2026-07-09,31586,27132,36040
12,2026-07-10,30391,26106,34676
12,2026-07-11,18540,15926,21154
12,2026-07-12,15987,13733,18241
12,2026-07-13,30865,26513,35217
12,2026-07-14,31586,27132,36040
12,2026-07-15,31586,27132,36040
12,2026-07-16,31586,27132,36040
12,2026-07-17,30391,26106,34676
12,2026-07-18,18540,15926,21154
12,2026-07-19,15987,13733,18241
12,2026-07-20,30865,26513,35217
12,2026-07-21,31586,27132,36040
12,2026-07-22,31586,27132,36040
12,2026-07-23,31586,27132,36040
12,2026-07-24,30391,26106,34676
12,2026-07-25,18540,15926,21154
12,2026-07-26,15987,13733,18241
12,2026-07-27,30865,26513,35217
12,2026-07-28,31586,27132,36040
12,2026-07-29,31586,27132,36040
12,2026-07-30,31586,27132,36040
12,2026-07-31,30391,26106,34676
12,2026-08-01,19917,17109,22725
12,2026-08-02,19038,16354,21722
12,2026-08-03,30914,26555,35273
12,2026-08-04,33602,28864,38340
12,2026-08-05,33602,28864,38340
12,2026-08-06,33602,28864,38340
12,2026-08-07,31907,27408,36406
12,2026-08-08,19917,17109,22725
12,2026-08-09,19038,16354,21722
12,2026-08-10,30914,26555,35273
12,2026-08-11,33602,28864,38340
12,2026-08-12,33602,28864,38340
12,2026-08-13,33602,28864,38340
12,2026-08-14,31907,27408,36406
12,2026-08-15,19917,17109,22725
12,2026-08-16,19038,16354,21722
12,2026-08-17,30914,26555,35273
12,2026-08-18,33602,28864,38340
12,2026-08-19,33602,28864,38340
12,2026-08-20,33602,28864,38340
12,2026-08-21,31907,27408,36406
12,2026-08-22,19917,17109,22725
12,2026-08-23,19038,16354,21722
12,2026-08-24,30914,26555,35273
12,2026-08-25,33602,28864,38340
12,2026-08-26,33602,28864,38340
12,2026-08-27,33602,28864,38340
12,2026-08-28,31907,27408,36406
12,2026-08-29,19917,17109,22725
12,2026-08-30,19038,16354,21722
12,2026-08-31,30914,26555,35273
12,2026-09-01,36604,31443,41765
12,2026-09-02,36604,31443,41765
12,2026-09-03,36604,31443,41765
12,2026-09-04,36269,31155,41383
12,2026-09-05,21631,18581,24681
12,2026-09-06,19683,16908,22458
12,2026-09-07,35595,30576,40614
12,2026-09-08,36604,31443,41765
12,2026-09-09,36604,31443,41765
12,2026-09-10,36604,31443,41765
12,2026-09-11,36269,31155,41383
12,2026-09-12,21631,18581,24681
12,2026-09-13,19683,16908,22458
12,2026-09-14,35595,30576,40614
12,2026-09-15,36604,31443,41765
12,2026-09-16,36604,31443,41765
12,2026-09-17,36604,31443,41765
12,2026-09-18,36269,31155,41383
12,2026-09-19,21631,18581,24681
12,2026-09-20,19683,16908,22458
12,2026-09-21,35595,30576,40614
12,2026-09-22,36604,31443,41765
12,2026-09-23,36604,31443,41765
12,2026-09-24,36604,31443,41765
12,2026-09-25,36269,31155,41383
12,2026-09-26,21631,18581,24681
12,2026-09-27,19683,16908,22458
12,2026-09-28,35595,30576,40614
12,2026-09-29,36604,31443,41765
12,2026-09-30,36604,31443,41765
12,2026-10-01,37495,32208,42782
12,2026-10-02,36227,31119,41335
12,2026-10-03,22326,19178,25474
12,2026-10-04,19497,16748,22246
12,2026-10-05,36490,31345,41635
12,2026-10-06,37495,32208,42782
12,2026-10-07,37495,32208,42782
12,2026-10-08,37495,32208,42782
12,2026-10-09,36227,31119,41335
12,2026-10-10,22326,19178,25474
12,2026-10-11,19497,16748,22246
12,2026-10-12,36490,31345,41635
12,2026-10-13,37495,32208,42782
12,2026-10-14,37495,32208,42782
12,2026-10-15,37495,32208,42782
12,2026-10-16,36227,31119,41335
12,2026-10-17,22326,19178,25474
12,2026-10-18,19497,16748,22246
12,2026-10-19,36490,31345,41635
12,2026-10-20,37495,32208,42782
12,2026-10-21,37495,32208,42782
12,2026-10-22,37495,32208,42782
12,2026-10-23,36227,31119,41335
12,2026-10-24,22326,19178,25474
12,2026-10-25,19497,16748,22246
12,2026-10-26,36490,31345,41635
12,2026-10-27,37495,32208,42782
12,2026-10-28,37495,32208,42782
12,2026-10-29,37495,32208,42782
12,2026-10-30,36227,31119,41335
12,2026-10-31,22326,19178,25474
12,2026-11-01,18666,16034,21298
12,2026-11-02,36735,31555,41915
12,2026-11-03,35861,30805,40917
12,2026-11-04,17733,15233,20233
12,2026-11-05,37748,32426,43070
12,2026-11-06,36472,31329,41615
12,2026-11-07,22015,18911,25119
12,2026-11-08,18666,16034,21298
12,2026-11-09,36735,31555,41915
12,2026-11-10,37748,32426,43070
12,2026-11-11,37748,32426,43070
12,2026-11-12,37748,32426,43070
12,2026-11-13,36472,31329,41615
12,2026-11-14,22015,18911,25119
12,2026-11-15,18666,16034,21298
12,2026-11-16,36735,31555,41915
12,2026-11-17,37748,32426,43070
12,2026-11-18,37748,32426,43070
12,2026-11-19,37748,32426,43070
12,2026-11-20,36472,31329,41615
12,2026-11-21,22015,18911,25119
12,2026-11-22,18666,16034,21298
12,2026-11-23,36735,31555,41915
12,2026-11-24,37748,32426,43070
12,2026-11-25,37748,32426,43070
12,2026-11-26,37748,32426,43070
12,2026-11-27,36472,31329,41615
12,2026-11-28,22015,18911,25119
12,2026-11-29,18666,16034,21298
12,2026-11-30,36735,31555,41915
12,2026-12-01,37748,32426,43070
12,2026-12-02,37748,32426,43070
12,2026-12-03,37748,32426,43070
12,2026-12-04,36472,31329,41615
12,2026-12-05,21923,18832,25014
12,2026-12-06,18474,15869,21079
12,2026-12-07,36735,31555,41915
12,2026-12-08,37748,32426,43070
12,2026-12-09,37748,32426,43070
12,2026-12-10,37748,32426,43070
12,2026-12-11,36472,31329,41615
12,2026-12-12,21923,18832,25014
12,2026-12-13,18474,15869,21079
12,2026-12-14,36735,31555,41915
12,2026-12-15,37748,32426,43070
12,2026-12-16,37748,32426,43070
12,2026-12-17,37748,32426,43070
12,2026-12-18,36472,31329,41615
12,2026-12-19,21923,18832,25014
12,2026-12-20,18474,15869,21079
12,2026-12-21,36735,31555,41915
12,2026-12-22,37748,32426,43070
12,2026-12-23,37748,32426,43070
12,2026-12-24,37748,32426,43070
12,2026-12-25,36472,31329,41615
12,2026-12-26,21923,18832,25014
12,2026-12-27,18474,15869,21079
12,2026-12-28,36735,31555,41915
12,2026-12-29,33973,29183,38763
12,2026-12-30,32086,27562,36610
12,2026-12-31,10543,9056,12030
17,2026-01-01,33685,28935,38435
17,2026-01-02,33685,28935,38435
17,2026-01-03,33685,28935,38435
17,2026-01-04,33685,28935,38435
17,2026-01-05,33685,28935,38435
17,2026-01-06,33685,28935,38435
17,2026-01-07,33685,28935,38435
17,2026-01-08,33685,28935,38435
17,2026-01-09,33685,28935,38435
17,2026-01-10,40788,35037,46539
17,2026-01-11,35458,30458,40458
17,2026-01-12,52647,45224,60070
17,2026-01-13,54245,46596,61894
17,2026-01-14,54245,46596,61894
17,2026-01-15,54245,46596,61894
17,2026-01-16,54444,46767,62121
17,2026-01-17,40788,35037,46539
17,2026-01-18,35458,30458,40458
17,2026-01-19,52647,45224,60070
17,2026-01-20,54245,46596,61894
17,2026-01-21,54245,46596,61894
17,2026-01-22,54245,46596,61894
17,2026-01-23,54444,46767,62121
17,2026-01-24,40788,35037,46539
17,2026-01-25,35458,30458,40458
17,2026-01-26,52647,45224,60070
17,2026-01-27,54245,46596,61894
17,2026-01-28,54245,46596,61894
17,2026-01-29,54245,46596,61894
17,2026-01-30,54444,46767,62121
17,2026-01-31,40788,35037,46539
17,2026-02-01,34546,29675,39417
17,2026-02-02,53188,45688,60688
17,2026-02-03,54893,47153,62633
17,2026-02-04,54893,47153,62633
17,2026-02-05,54893,47153,62633
17,2026-02-06,54734,47017,62451
17,2026-02-07,40600,34875,46325
17,2026-02-08,34546,29675,39417
17,2026-02-09,53188,45688,60688
17,2026-02-10,54893,47153,62633
17,2026-02-11,54893,47153,62633
17,2026-02-12,54893,47153,62633
17,2026-02-13,54734,47017,62451
17,2026-02-14,40600,34875,46325
17,2026-02-15,34546,29675,39417
17,2026-02-16,53188,45688,60688
17,2026-02-17,54893,47153,62633
17,2026-02-18,54893,47153,62633
17,2026-02-19,54893,47153,62633
17,2026-02-20,54734,47017,62451
17,2026-02-21,40600,34875,46325
17,2026-02-22,34546,29675,39417
17,2026-02-23,32819,28192,37446
17,2026-02-24,54893,47153,62633
17,2026-02-25,54893,47153,62633
17,2026-02-26,54893,47153,62633
17,2026-02-27,54734,47017,62451
17,2026-02-28,40600,34875,46325
17,2026-03-01,35438,30441,40435
17,2026-03-02,52840,45390,60290
17,2026-03-03,54745,47026,62464
17,2026-03-04,54745,47026,62464
17,2026-03-05,54745,47026,62464
17,2026-03-06,54459,46780,62138
17,2026-03-07,41860,35958,47762
17,2026-03-08,35438,30441,40435
17,2026-03-09,33666,28919,38413
17,2026-03-10,54745,47026,62464
17,2026-03-11,54745,47026,62464
17,2026-03-12,54745,47026,62464
17,2026-03-13,54459,46780,62138
17,2026-03-14,41860,35958,47762
17,2026-03-15,35438,30441,40435
17,2026-03-16,52840,45390,60290
17,2026-03-17,54745,47026,62464
17,2026-03-18,54745,47026,62464
17,2026-03-19,54745,47026,62464
17,2026-03-20,54459,46780,62138
17,2026-03-21,41860,35958,47762
17,2026-03-22,35438,30441,40435
17,2026-03-23,52840,45390,60290
17,2026-03-24,54745,47026,62464
17,2026-03-25,54745,47026,62464
17,2026-03-26,54745,47026,62464
17,2026-03-27,54459,46780,62138
17,2026-03-28,41860,35958,47762
17,2026-03-29,35438,30441,40435
17,2026-03-30,52840,45390,60290
17,2026-03-31,54745,47026,62464
17,2026-04-01,55815,47945,63685
17,2026-04-02,55815,47945,63685
17,2026-04-03,55602,47762,63442
17,2026-04-04,41978,36059,47897
17,2026-04-05,35441,30444,40438
17,2026-04-06,53954,46346,61562
17,2026-04-07,55815,47945,63685
17,2026-04-08,55815,47945,63685
17,2026-04-09,55815,47945,63685
17,2026-04-10,55602,47762,63442
17,2026-04-11,41978,36059,47897
17,2026-04-12,35441,30444,40438
17,2026-04-13,53954,46346,61562
17,2026-04-14,55815,47945,63685
17,2026-04-15,55815,47945,63685
17,2026-04-16,55815,47945,63685
17,2026-04-17,55602,47762,63442
17,2026-04-18,41978,36059,47897
17,2026-04-19,35441,30444,40438
17,2026-04-20,53954,46346,61562
17,2026-04-21,55815,47945,63685
17,2026-04-22,55815,47945,63685
17,2026-04-23,55815,47945,63685
17,2026-04-24,55602,47762,63442
17,2026-04-25,41978,36059,47897
17,2026-04-26,35441,30444,40438
17,2026-04-27,53954,46346,61562
17,2026-04-28,55815,47945,63685
17,2026-04-29,55815,47945,63685
17,2026-04-30,53024,45548,60500
17,2026-05-01,33055,28394,37716
17,2026-05-02,42875,36830,48920
17,2026-05-03,34795,29889,39701
17,2026-05-04,54142,46508,61776
17,2026-05-05,56072,48166,63978
17,2026-05-06,56072,48166,63978
17,2026-05-07,56072,48166,63978
17,2026-05-08,50273,43185,57361
17,2026-05-09,42875,36830,48920
17,2026-05-10,34795,29889,39701
17,2026-05-11,33055,28394,37716
17,2026-05-12,56072,48166,63978
17,2026-05-13,56072,48166,63978
17,2026-05-14,56072,48166,63978
17,2026-05-15,52919,45457,60381
17,2026-05-16,42875,36830,48920
17,2026-05-17,34795,29889,39701
17,2026-05-18,54142,46508,61776
17,2026-05-19,56072,48166,63978
17,2026-05-20,56072,48166,63978
17,2026-05-21,56072,48166,63978
17,2026-05-22,52919,45457,60381
17,2026-05-23,42875,36830,48920
17,2026-05-24,34795,29889,39701
17,2026-05-25,54142,46508,61776
17,2026-05-26,56072,48166,63978
17,2026-05-27,56072,48166,63978
17,2026-05-28,56072,48166,63978
17,2026-05-29,52919,45457,60381
17,2026-05-30,42875,36830,48920
17,2026-05-31,34795,29889,39701
17,2026-06-01,49601,42607,56595
17,2026-06-02,50971,43784,58158
17,2026-06-03,50971,43784,58158
17,2026-06-04,50971,43784,58158
17,2026-06-05,48770,41893,55647
17,2026-06-06,35366,30379,40353
17,2026-06-07,29414,25267,33561
17,2026-06-08,49601,42607,56595
17,2026-06-09,50971,43784,58158
17,2026-06-10,50971,43784,58158
17,2026-06-11,48422,41594,55250
17,2026-06-12,27944,24004,31884
17,2026-06-13,35366,30379,40353
17,2026-06-14,29414,25267,33561
17,2026-06-15,49601,42607,56595
17,2026-06-16,50971,43784,58158
17,2026-06-17,50971,43784,58158
17,2026-06-18,50971,43784,58158
17,2026-06-19,48770,41893,55647
17,2026-06-20,35366,30379,40353
17,2026-06-21,29414,25267,33561
17,2026-06-22,49601,42607,56595
17,2026-06-23,50971,43784,58158
17,2026-06-24,50971,43784,58158
17,2026-06-25,50971,43784,58158
17,2026-06-26,48770,41893,55647
17,2026-06-27,35366,30379,40353
17,2026-06-28,29414,25267,33561
17,2026-06-29,49601,42607,56595
17,2026-06-30,50971,43784,58158
17,2026-07-01,45779,39324,52234
17,2026-07-02,45779,39324,52234
17,2026-07-03,44048,37837,50259
17,2026-07-04,32613,28015,37211
17,2026-07-05,28609,24575,32643
17,2026-07-06,44735,38427,51043
17,2026-07-07,45779,39324,52234
17,2026-07-08,45779,39324,52234
17,2026-07-09,45779,39324,52234
17,2026-07-10,44048,37837,50259
17,2026-07-11,32613,28015,37211
17,2026-07-12,28609,24575,32643
17,2026-07-13,44735,38427,51043
17,2026-07-14,45779,39324,52234
17,2026-07-15,45779,39324,52234
17,2026-07-16,45779,39324,52234
17,2026-07-17,44048,37837,50259
17,2026-07-18,32613,28015,37211
17,2026-07-19,28609,24575,32643
17,2026-07-20,44735,38427,51043
17,2026-07-21,45779,39324,52234
17,2026-07-22,45779,39324,52234
17,2026-07-23,45779,39324,52234
17,2026-07-24,44048,37837,50259
17,2026-07-25,32613,28015,37211
17,2026-07-26,28609,24575,32643
17,2026-07-27,44735,38427,51043
17,2026-07-28,45779,39324,52234
17,2026-07-29,45779,39324,52234
17,2026-07-30,45779,39324,52234
17,2026-07-31,44048,37837,50259
17,2026-08-01,37241,31990,42492
17,2026-08-02,34683,29793,39573
17,2026-08-03,46346,39811,52881
17,2026-08-04,50376,43273,57479
17,2026-08-05,50376,43273,57479
17,2026-08-06,50376,43273,57479
17,2026-08-07,47835,41090,54580
17,2026-08-08,37241,31990,42492
17,2026-08-09,34683,29793,39573
17,2026-08-10,46346,39811,52881
17,2026-08-11,50376,43273,57479
17,2026-08-12,50376,43273,57479
17,2026-08-13,50376,43273,57479
17,2026-08-14,47835,41090,54580
17,2026-08-15,37241,31990,42492
17,2026-08-16,34683,29793,39573
17,2026-08-17,46346,39811,52881
17,2026-08-18,50376,43273,57479
17,2026-08-19,50376,43273,57479
17,2026-08-20,50376,43273,57479
17,2026-08-21,47835,41090,54580
17,2026-08-22,37241,31990,42492
17,2026-08-23,34683,29793,39573
17,2026-08-24,46346,39811,52881
17,2026-08-25,50376,43273,57479
17,2026-08-26,50376,43273,57479
17,2026-08-27,50376,43273,57479
17,2026-08-28,47835,41090,54580
17,2026-08-29,37241,31990,42492
17,2026-08-30,34683,29793,39573
17,2026-08-31,46346,39811,52881
17,2026-09-01,53767,46186,61348
17,2026-09-02,53767,46186,61348
17,2026-09-03,53767,46186,61348
17,2026-09-04,53275,45763,60787
17,2026-09-05,39316,33772,44860
17,2026-09-06,36934,31726,42142
17,2026-09-07,52286,44914,59658
17,2026-09-08,53767,46186,61348
17,2026-09-09,53767,46186,61348
17,2026-09-10,53767,46186,61348
17,2026-09-11,53275,45763,60787
17,2026-09-12,39316,33772,44860
17,2026-09-13,36934,31726,42142
17,2026-09-14,52286,44914,59658
17,2026-09-15,53767,46186,61348
17,2026-09-16,53767,46186,61348
17,2026-09-17,53767,46186,61348
17,2026-09-18,53275,45763,60787
17,2026-09-19,39316,33772,44860
17,2026-09-20,36934,31726,42142
17,2026-09-21,52286,44914,59658
17,2026-09-22,53767,46186,61348
17,2026-09-23,53767,46186,61348
17,2026-09-24,53767,46186,61348
17,2026-09-25,53275,45763,60787
17,2026-09-26,39316,33772,44860
17,2026-09-27,36934,31726,42142
17,2026-09-28,52286,44914,59658
17,2026-09-29,53767,46186,61348
17,2026-09-30,53767,46186,61348
17,2026-10-01,55985,48091,63879
17,2026-10-02,54091,46464,61718
17,2026-10-03,43028,36961,49095
17,2026-10-04,37137,31901,42373
17,2026-10-05,54483,46801,62165
17,2026-10-06,55985,48091,63879
17,2026-10-07,55985,48091,63879
17,2026-10-08,55985,48091,63879
17,2026-10-09,54091,46464,61718
17,2026-10-10,43028,36961,49095
17,2026-10-11,37137,31901,42373
17,2026-10-12,54483,46801,62165
17,2026-10-13,55985,48091,63879
17,2026-10-14,55985,48091,63879
17,2026-10-15,55985,48091,63879
17,2026-10-16,54091,46464,61718
17,2026-10-17,43028,36961,49095
17,2026-10-18,37137,31901,42373
17,2026-10-19,54483,46801,62165
17,2026-10-20,55985,48091,63879
17,2026-10-21,55985,48091,63879
17,2026-10-22,55985,48091,63879
17,2026-10-23,54091,46464,61718
17,2026-10-24,43028,36961,49095
17,2026-10-25,37137,31901,42373
17,2026-10-26,54483,46801,62165
17,2026-10-27,55985,48091,63879
17,2026-10-28,55985,48091,63879
17,2026-10-29,55985,48091,63879
17,2026-10-30,54091,46464,61718
17,2026-10-31,43028,36961,49095
17,2026-11-01,36514,31366,41662
17,2026-11-02,54739,47021,62457
17,2026-11-03,53435,45901,60969
17,2026-11-04,34688,29797,39579
17,2026-11-05,56248,48317,64179
17,2026-11-06,54346,46683,62009
17,2026-11-07,42762,36733,48791
17,2026-11-08,36514,31366,41662
17,2026-11-09,54739,47021,62457
17,2026-11-10,56248,48317,64179
17,2026-11-11,56248,48317,64179
17,2026-11-12,56248,48317,64179
17,2026-11-13,54346,46683,62009
17,2026-11-14,42762,36733,48791
17,2026-11-15,36514,31366,41662
17,2026-11-16,54739,47021,62457
17,2026-11-17,56248,48317,64179
17,2026-11-18,56248,48317,64179
17,2026-11-19,56248,48317,64179
17,2026-11-20,54346,46683,62009
17,2026-11-21,42762,36733,48791
17,2026-11-22,36514,31366,41662
17,2026-11-23,54739,47021,62457
17,2026-11-24,56248,48317,64179
17,2026-11-25,56248,48317,64179
17,2026-11-26,56248,48317,64179
17,2026-11-27,54346,46683,62009
17,2026-11-28,42762,36733,48791
17,2026-11-29,36514,31366,41662
17,2026-11-30,54739,47021,62457
17,2026-12-01,56248,48317,64179
17,2026-12-02,56248,48317,64179
17,2026-12-03,56248,48317,64179
17,2026-12-04,54346,46683,62009
17,2026-12-05,42668,36652,48684
17,2026-12-06,36354,31228,41480
17,2026-12-07,54739,47021,62457
17,2026-12-08,56248,48317,64179
17,2026-12-09,56248,48317,64179
17,2026-12-10,56248,48317,64179
17,2026-12-11,54346,46683,62009
17,2026-12-12,42668,36652,48684
17,2026-12-13,36354,31228,41480
17,2026-12-14,54739,47021,62457
17,2026-12-15,56248,48317,64179
17,2026-12-16,56248,48317,64179
17,2026-12-17,56248,48317,64179
17,2026-12-18,54346,46683,62009
17,2026-12-19,42668,36652,48684
17,2026-12-20,36354,31228,41480
17,2026-12-21,54739,47021,62457
17,2026-12-22,56248,48317,64179
17,2026-12-23,56248,48317,64179
17,2026-12-24,56248,48317,64179
17,2026-12-25,54346,46683,62009
17,2026-12-26,42668,36652,48684
17,2026-12-27,36354,31228,41480
17,2026-12-28,54739,47021,62457
17,2026-12-29,50623,43485,57761
17,2026-12-30,47811,41070,54552
17,2026-12-31,20433,17552,23314
25,2026-01-01,3759,3229,4289
25,2026-01-02,3759,3229,4289
25,2026-01-03,3759,3229,4289
25,2026-01-04,3759,3229,4289
25,2026-01-05,3759,3229,4289
25,2026-01-06,3759,3229,4289
25,2026-01-07,3759,3229,4289
25,2026-01-08,3759,3229,4289
25,2026-01-09,3759,3229,4289
25,2026-01-10,4382,3764,5000
25,2026-01-11,3957,3399,4515
25,2026-01-12,6608,5676,7540
25,2026-01-13,6808,5848,7768
25,2026-01-14,6808,5848,7768
25,2026-01-15,6808,5848,7768
25,2026-01-16,6833,5870,7796
25,2026-01-17,4382,3764,5000
25,2026-01-18,3957,3399,4515
25,2026-01-19,6608,5676,7540
25,2026-01-20,6808,5848,7768
25,2026-01-21,6808,5848,7768
25,2026-01-22,6808,5848,7768
25,2026-01-23,6833,5870,7796
25,2026-01-24,4382,3764,5000
25,2026-01-25,3957,3399,4515
25,2026-01-26,6608,5676,7540
25,2026-01-27,6808,5848,7768
25,2026-01-28,6808,5848,7768
25,2026-01-29,6808,5848,7768
25,2026-01-30,6833,5870,7796
25,2026-01-31,4382,3764,5000
25,2026-02-01,4292,3687,4897
25,2026-02-02,7601,6529,8673
25,2026-02-03,7844,6738,8950
25,2026-02-04,7844,6738,8950
25,2026-02-05,7844,6738,8950
25,2026-02-06,7822,6719,8925
25,2026-02-07,5173,4444,5902
25,2026-02-08,4292,3687,4897
25,2026-02-09,7601,6529,8673
25,2026-02-10,7844,6738,8950
25,2026-02-11,7844,6738,8950
25,2026-02-12,7844,6738,8950
25,2026-02-13,7822,6719,8925
25,2026-02-14,5173,4444,5902
25,2026-02-15,4292,3687,4897
25,2026-02-16,7601,6529,8673
25,2026-02-17,7844,6738,8950
25,2026-02-18,7844,6738,8950
25,2026-02-19,7844,6738,8950
25,2026-02-20,7822,6719,8925
25,2026-02-21,5173,4444,5902
25,2026-02-22,4292,3687,4897
25,2026-02-23,4078,3503,4653
25,2026-02-24,7844,6738,8950
25,2026-02-25,7844,6738,8950
25,2026-02-26,7844,6738,8950
25,2026-02-27,7822,6719,8925
25,2026-02-28,5173,4444,5902
25,2026-03-01,4740,4072,5408
25,2026-03-02,7595,6524,8666
25,2026-03-03,7869,6759,8979
25,2026-03-04,7869,6759,8979
25,2026-03-05,7869,6759,8979
25,2026-03-06,7828,6724,8932
25,2026-03-07,5778,4963,6593
25,2026-03-08,4740,4072,5408
25,2026-03-09,4503,3868,5138
25,2026-03-10,7869,6759,8979
25,2026-03-11,7869,6759,8979
25,2026-03-12,7869,6759,8979
25,2026-03-13,7828,6724,8932
25,2026-03-14,5778,4963,6593
25,2026-03-15,4740,4072,5408
25,2026-03-16,7595,6524,8666
25,2026-03-17,7869,6759,8979
25,2026-03-18,7869,6759,8979
25,2026-03-19,7869,6759,8979
25,2026-03-20,7828,6724,8932
25,2026-03-21,5778,4963,6593
25,2026-03-22,4740,4072,5408
25,2026-03-23,7595,6524,8666
25,2026-03-24,7869,6759,8979
25,2026-03-25,7869,6759,8979
25,2026-03-26,7869,6759,8979
25,2026-03-27,7828,6724,8932
25,2026-03-28,5778,4963,6593
25,2026-03-29,4740,4072,5408
25,2026-03-30,7595,6524,8666
25,2026-03-31,7869,6759,8979
25,2026-04-01,8093,6952,9234
25,2026-04-02,8093,6952,9234
25,2026-04-03,8063,6926,9200
25,2026-04-04,6625,5691,7559
25,2026-04-05,5488,4714,6262
25,2026-04-06,7824,6721,8927
25,2026-04-07,8093,6952,9234
25,2026-04-08,8093,6952,9234
25,2026-04-09,8093,6952,9234
25,2026-04-10,8063,6926,9200
25,2026-04-11,6625,5691,7559
25,2026-04-12,5488,4714,6262
25,2026-04-13,7824,6721,8927
25,2026-04-14,8093,6952,9234
25,2026-04-15,8093,6952,9234
25,2026-04-16,8093,6952,9234
25,2026-04-17,8063,6926,9200
25,2026-04-18,6625,5691,7559
25,2026-04-19,5488,4714,6262
25,2026-04-20,7824,6721,8927
25,2026-04-21,8093,6952,9234
25,2026-04-22,8093,6952,9234
25,2026-04-23,8093,6952,9234
25,2026-04-24,8063,6926,9200
25,2026-04-25,6625,5691,7559
25,2026-04-26,5488,4714,6262
25,2026-04-27,7824,6721,8927
25,2026-04-28,8093,6952,9234
25,2026-04-29,8093,6952,9234
25,2026-04-30,7689,6605,8773
25,2026-05-01,5370,4613,6127
25,2026-05-02,6810,5850,7770
25,2026-05-03,5653,4856,6450
25,2026-05-04,7682,6599,8765
25,2026-05-05,7956,6834,9078
25,2026-05-06,7956,6834,9078
25,2026-05-07,7956,6834,9078
25,2026-05-08,7133,6127,8139
25,2026-05-09,6810,5850,7770
25,2026-05-10,5653,4856,6450
25,2026-05-11,5370,4613,6127
25,2026-05-12,7956,6834,9078
25,2026-05-13,7956,6834,9078
25,2026-05-14,7956,6834,9078
25,2026-05-15,7509,6450,8568
25,2026-05-16,6810,5850,7770
25,2026-05-17,5653,4856,6450
25,2026-05-18,7682,6599,8765
25,2026-05-19,7956,6834,9078
25,2026-05-20,7956,6834,9078
25,2026-05-21,7956,6834,9078
25,2026-05-22,7509,6450,8568
25,2026-05-23,6810,5850,7770
25,2026-05-24,5653,4856,6450
25,2026-05-25,7682,6599,8765
25,2026-05-26,7956,6834,9078
25,2026-05-27,7956,6834,9078
25,2026-05-28,7956,6834,9078
25,2026-05-29,7509,6450,8568
25,2026-05-30,6810,5850,7770
25,2026-05-31,5653,4856,6450
25,2026-06-01,6507,5590,7424
25,2026-06-02,6686,5743,7629
25,2026-06-03,6686,5743,7629
25,2026-06-04,6686,5743,7629
25,2026-06-05,6398,5496,7300
25,2026-06-06,5572,4786,6358
25,2026-06-07,4231,3634,4828
25,2026-06-08,6507,5590,7424
25,2026-06-09,6686,5743,7629
25,2026-06-10,6686,5743,7629
25,2026-06-11,6352,5456,7248
25,2026-06-12,4019,3452,4586
25,2026-06-13,5572,4786,6358
25,2026-06-14,4231,3634,4828
25,2026-06-15,6507,5590,7424
25,2026-06-16,6686,5743,7629
25,2026-06-17,6686,5743,7629
25,2026-06-18,6686,5743,7629
25,2026-06-19,6398,5496,7300
25,2026-06-20,5572,4786,6358
25,2026-06-21,4231,3634,4828
25,2026-06-22,6507,5590,7424
25,2026-06-23,6686,5743,7629
25,2026-06-24,6686,5743,7629
25,2026-06-25,6686,5743,7629
25,2026-06-26,6398,5496,7300
25,2026-06-27,5572,4786,6358
25,2026-06-28,4231,3634,4828
25,2026-06-29,6507,5590,7424
25,2026-06-30,6686,5743,7629
25,2026-07-01,5597,4808,6386
25,2026-07-02,5597,4808,6386
25,2026-07-03,5386,4627,6145
25,2026-07-04,4566,3922,5210
25,2026-07-05,3864,3319,4409
25,2026-07-06,5470,4699,6241
25,2026-07-07,5597,4808,6386
25,2026-07-08,5597,4808,6386
25,2026-07-09,5597,4808,6386
25,2026-07-10,5386,4627,6145
25,2026-07-11,4566,3922,5210
25,2026-07-12,3864,3319,4409
25,2026-07-13,5470,4699,6241
25,2026-07-14,5597,4808,6386
25,2026-07-15,5597,4808,6386
25,2026-07-16,5597,4808,6386
25,2026-07-17,5386,4627,6145
25,2026-07-18,4566,3922,5210
25,2026-07-19,3864,3319,4409
25,2026-07-20,5470,4699,6241
25,2026-07-21,5597,4808,6386
25,2026-07-22,5597,4808,6386
25,2026-07-23,5597,4808,6386
25,2026-07-24,5386,4627,6145
25,2026-07-25,4566,3922,5210
25,2026-07-26,3864,3319,4409
25,2026-07-27,5470,4699,6241
25,2026-07-28,5597,4808,6386
25,2026-07-29,5597,4808,6386
25,2026-07-30,5597,4808,6386
25,2026-07-31,5386,4627,6145
25,2026-08-01,4988,4285,5691
25,2026-08-02,4997,4292,5702
25,2026-08-03,5718,4912,6524
25,2026-08-04,6215,5339,7091
25,2026-08-05,6215,5339,7091
25,2026-08-06,6215,5339,7091
25,2026-08-07,5901,5069,6733
25,2026-08-08,4988,4285,5691
25,2026-08-09,4997,4292,5702
25,2026-08-10,5718,4912,6524
25,2026-08-11,6215,5339,7091
25,2026-08-12,6215,5339,7091
25,2026-08-13,6215,5339,7091
25,2026-08-14,5901,5069,6733
25,2026-08-15,4988,4285,5691
25,2026-08-16,4997,4292,5702
25,2026-08-17,5718,4912,6524
25,2026-08-18,6215,5339,7091
25,2026-08-19,6215,5339,7091
25,2026-08-20,6215,5339,7091
25,2026-08-21,5901,5069,6733
25,2026-08-22,4988,4285,5691
25,2026-08-23,4997,4292,5702
25,2026-08-24,5718,4912,6524
25,2026-08-25,6215,5339,7091
25,2026-08-26,6215,5339,7091
25,2026-08-27,6215,5339,7091
25,2026-08-28,5901,5069,6733
25,2026-08-29,4988,4285,5691
25,2026-08-30,4997,4292,5702
25,2026-08-31,5718,4912,6524
25,2026-09-01,7794,6695,8893
25,2026-09-02,7794,6695,8893
25,2026-09-03,7794,6695,8893
25,2026-09-04,7723,6634,8812
25,2026-09-05,6360,5463,7257
25,2026-09-06,6006,5159,6853
25,2026-09-07,7579,6510,8648
25,2026-09-08,7794,6695,8893
25,2026-09-09,7794,6695,8893
25,2026-09-10,7794,6695,8893
25,2026-09-11,7723,6634,8812
25,2026-09-12,6360,5463,7257
25,2026-09-13,6006,5159,6853
25,2026-09-14,7579,6510,8648
25,2026-09-15,7794,6695,8893
25,2026-09-16,7794,6695,8893
25,2026-09-17,7794,6695,8893
25,2026-09-18,7723,6634,8812
25,2026-09-19,6360,5463,7257
25,2026-09-20,6006,5159,6853
25,2026-09-21,7579,6510,8648
25,2026-09-22,7794,6695,8893
25,2026-09-23,7794,6695,8893
25,2026-09-24,7794,6695,8893
25,2026-09-25,7723,6634,8812
25,2026-09-26,6360,5463,7257
25,2026-09-27,6006,5159,6853
25,2026-09-28,7579,6510,8648
25,2026-09-29,7794,6695,8893
25,2026-09-30,7794,6695,8893
25,2026-10-01,8950,7688,10212
25,2026-10-02,8647,7428,9866
25,2026-10-03,7095,6095,8095
25,2026-10-04,5913,5079,6747
25,2026-10-05,8710,7482,9938
25,2026-10-06,8950,7688,10212
25,2026-10-07,8950,7688,10212
25,2026-10-08,8950,7688,10212
25,2026-10-09,8647,7428,9866
25,2026-10-10,7095,6095,8095
25,2026-10-11,5913,5079,6747
25,2026-10-12,8710,7482,9938
25,2026-10-13,8950,7688,10212
25,2026-10-14,8950,7688,10212
25,2026-10-15,8950,7688,10212
25,2026-10-16,8647,7428,9866
25,2026-10-17,7095,6095,8095
25,2026-10-18,5913,5079,6747
25,2026-10-19,8710,7482,9938
25,2026-10-20,8950,7688,10212
25,2026-10-21,8950,7688,10212
25,2026-10-22,8950,7688,10212
25,2026-10-23,8647,7428,9866
25,2026-10-24,7095,6095,8095
25,2026-10-25,5913,5079,6747
25,2026-10-26,8710,7482,9938
25,2026-10-27,8950,7688,10212
25,2026-10-28,8950,7688,10212
25,2026-10-29,8950,7688,10212
25,2026-10-30,8647,7428,9866
25,2026-10-31,7095,6095,8095
25,2026-11-01,5451,4682,6220
25,2026-11-02,8440,7250,9630
25,2026-11-03,8239,7077,9401
25,2026-11-04,5179,4449,5909
25,2026-11-05,8673,7450,9896
25,2026-11-06,8379,7198,9560
25,2026-11-07,6336,5443,7229
25,2026-11-08,5451,4682,6220
25,2026-11-09,8440,7250,9630
25,2026-11-10,8673,7450,9896
25,2026-11-11,8673,7450,9896
25,2026-11-12,8673,7450,9896
25,2026-11-13,8379,7198,9560
25,2026-11-14,6336,5443,7229
25,2026-11-15,5451,4682,6220
25,2026-11-16,8440,7250,9630
25,2026-11-17,8673,7450,9896
25,2026-11-18,8673,7450,9896
25,2026-11-19,8673,7450,9896
25,2026-11-20,8379,7198,9560
25,2026-11-21,6336,5443,7229
25,2026-11-22,5451,4682,6220
25,2026-11-23,8440,7250,9630
25,2026-11-24,8673,7450,9896
25,2026-11-25,8673,7450,9896
25,2026-11-26,8673,7450,9896
25,2026-11-27,8379,7198,9560
25,2026-11-28,6336,5443,7229
25,2026-11-29,5451,4682,6220
25,2026-11-30,8440,7250,9630
25,2026-12-01,8673,7450,9896
25,2026-12-02,8673,7450,9896
25,2026-12-03,8673,7450,9896
25,2026-12-04,8379,7198,9560
25,2026-12-05,6229,5351,7107
25,2026-12-06,5396,4635,6157
25,2026-12-07,8440,7250,9630
25,2026-12-08,8673,7450,9896
25,2026-12-09,8673,7450,9896
25,2026-12-10,8673,7450,9896
25,2026-12-11,8379,7198,9560
25,2026-12-12,6229,5351,7107
25,2026-12-13,5396,4635,6157
25,2026-12-14,8440,7250,9630
25,2026-12-15,8673,7450,9896
25,2026-12-16,8673,7450,9896
25,2026-12-17,8673,7450,9896
25,2026-12-18,8379,7198,9560
25,2026-12-19,6229,5351,7107
25,2026-12-20,5396,4635,6157
25,2026-12-21,8440,7250,9630
25,2026-12-22,8673,7450,9896
25,2026-12-23,8673,7450,9896
25,2026-12-24,8673,7450,9896
25,2026-12-25,8379,7198,9560
25,2026-12-26,6229,5351,7107
25,2026-12-27,5396,4635,6157
25,2026-12-28,8440,7250,9630
25,2026-12-29,7805,6704,8906
25,2026-12-30,7372,6333,8411
25,2026-12-31,2999,2576,3422
26,2026-01-01,9212,7913,10511
26,2026-01-02,9212,7913,10511
26,2026-01-03,9212,7913,10511
26,2026-01-04,9212,7913,10511
26,2026-01-05,9212,7913,10511
26,2026-01-06,9212,7913,10511
26,2026-01-07,9212,7913,10511
26,2026-01-08,9212,7913,10511
26,2026-01-09,9212,7913,10511
26,2026-01-10,11968,10281,13655
26,2026-01-11,9697,8330,11064
26,2026-01-12,17652,15163,20141
26,2026-01-13,18188,15623,20753
26,2026-01-14,18188,15623,20753
26,2026-01-15,18188,15623,20753
26,2026-01-16,18255,15681,20829
26,2026-01-17,11968,10281,13655
26,2026-01-18,9697,8330,11064
26,2026-01-19,17652,15163,20141
26,2026-01-20,18188,15623,20753
26,2026-01-21,18188,15623,20753
26,2026-01-22,18188,15623,20753
26,2026-01-23,18255,15681,20829
26,2026-01-24,11968,10281,13655
26,2026-01-25,9697,8330,11064
26,2026-01-26,17652,15163,20141
26,2026-01-27,18188,15623,20753
26,2026-01-28,18188,15623,20753
26,2026-01-29,18188,15623,20753
26,2026-01-30,18255,15681,20829
26,2026-01-31,11968,10281,13655
26,2026-02-01,10461,8986,11936
26,2026-02-02,19938,17127,22749
26,2026-02-03,20577,17676,23478
26,2026-02-04,20577,17676,23478
26,2026-02-05,20577,17676,23478
26,2026-02-06,20517,17624,23410
26,2026-02-07,13016,11181,14851
26,2026-02-08,10461,8986,11936
26,2026-02-09,19938,17127,22749
26,2026-02-10,20577,17676,23478
26,2026-02-11,20577,17676,23478
26,2026-02-12,20577,17676,23478
26,2026-02-13,20517,17624,23410
26,2026-02-14,13016,11181,14851
26,2026-02-15,10461,8986,11936
26,2026-02-16,19938,17127,22749
26,2026-02-17,20577,17676,23478
26,2026-02-18,20577,17676,23478
26,2026-02-19,20577,17676,23478
26,2026-02-20,20517,17624,23410
26,2026-02-21,13016,11181,14851
26,2026-02-22,10461,8986,11936
26,2026-02-23,9938,8537,11339
26,2026-02-24,20577,17676,23478
26,2026-02-25,20577,17676,23478
26,2026-02-26,20577,17676,23478
26,2026-02-27,20517,17624,23410
26,2026-02-28,13016,11181,14851
26,2026-03-01,11528,9903,13153
26,2026-03-02,21104,18128,24080
26,2026-03-03,21865,18782,24948
26,2026-03-04,21865,18782,24948
26,2026-03-05,21865,18782,24948
26,2026-03-06,21751,18684,24818
26,2026-03-07,13917,11955,15879
26,2026-03-08,11528,9903,13153
26,2026-03-09,10951,9407,12495
26,2026-03-10,21865,18782,24948
26,2026-03-11,21865,18782,24948
26,2026-03-12,21865,18782,24948
26,2026-03-13,21751,18684,24818
26,2026-03-14,13917,11955,15879
26,2026-03-15,11528,9903,13153
26,2026-03-16,21104,18128,24080
26,2026-03-17,21865,18782,24948
26,2026-03-18,21865,18782,24948
26,2026-03-19,21865,18782,24948
26,2026-03-20,21751,18684,24818
26,2026-03-21,13917,11955,15879
26,2026-03-22,11528,9903,13153
26,2026-03-23,21104,18128,24080
26,2026-03-24,21865,18782,24948
26,2026-03-25,21865,18782,24948
26,2026-03-26,21865,18782,24948
26,2026-03-27,21751,18684,24818
26,2026-03-28,13917,11955,15879
26,2026-03-29,11528,9903,13153
26,2026-03-30,21104,18128,24080
26,2026-03-31,21865,18782,24948
26,2026-04-01,21433,18411,24455
26,2026-04-02,21433,18411,24455
26,2026-04-03,21352,18341,24363
26,2026-04-04,13407,11517,15297
26,2026-04-05,10632,9133,12131
26,2026-04-06,20719,17798,23640
26,2026-04-07,21433,18411,24455
26,2026-04-08,21433,18411,24455
26,2026-04-09,21433,18411,24455
26,2026-04-10,21352,18341,24363
26,2026-04-11,13407,11517,15297
26,2026-04-12,10632,9133,12131
26,2026-04-13,20719,17798,23640
26,2026-04-14,21433,18411,24455
26,2026-04-15,21433,18411,24455
26,2026-04-16,21433,18411,24455
26,2026-04-17,21352,18341,24363
26,2026-04-18,13407,11517,15297
26,2026-04-19,10632,9133,12131
26,2026-04-20,20719,17798,23640
26,2026-04-21,21433,18411,24455
26,2026-04-22,21433,18411,24455
26,2026-04-23,21433,18411,24455
26,2026-04-24,21352,18341,24363
26,2026-04-25,13407,11517,15297
26,2026-04-26,10632,9133,12131
26,2026-04-27,20719,17798,23640
26,2026-04-28,21433,18411,24455
26,2026-04-29,21433,18411,24455
26,2026-04-30,20362,17491,23233
26,2026-05-01,9290,7980,10600
26,2026-05-02,12547,10778,14316
26,2026-05-03,9779,8400,11158
26,2026-05-04,19036,16352,21720
26,2026-05-05,19714,16934,22494
26,2026-05-06,19714,16934,22494
26,2026-05-07,19714,16934,22494
26,2026-05-08,17675,15183,20167
26,2026-05-09,12547,10778,14316
26,2026-05-10,9779,8400,11158
26,2026-05-11,9290,7980,10600
26,2026-05-12,19714,16934,22494
26,2026-05-13,19714,16934,22494
26,2026-05-14,19714,16934,22494
26,2026-05-15,18606,15983,21229
26,2026-05-16,12547,10778,14316
26,2026-05-17,9779,8400,11158
26,2026-05-18,19036,16352,21720
26,2026-05-19,19714,16934,22494
26,2026-05-20,19714,16934,22494
26,2026-05-21,19714,16934,22494
26,2026-05-22,18606,15983,21229
26,2026-05-23,12547,10778,14316
26,2026-05-24,9779,8400,11158
26,2026-05-25,19036,16352,21720
26,2026-05-26,19714,16934,22494
26,2026-05-27,19714,16934,22494
26,2026-05-28,19714,16934,22494
26,2026-05-29,18606,15983,21229
26,2026-05-30,12547,10778,14316
26,2026-05-31,9779,8400,11158
26,2026-06-01,16288,13991,18585
26,2026-06-02,16738,14378,19098
26,2026-06-03,16738,14378,19098
26,2026-06-04,16738,14378,19098
26,2026-06-05,16015,13757,18273
26,2026-06-06,10919,9379,12459
26,2026-06-07,8394,7210,9578
26,2026-06-08,16288,13991,18585
26,2026-06-09,16738,14378,19098
26,2026-06-10,16738,14378,19098
26,2026-06-11,15901,13659,18143
26,2026-06-12,7974,6850,9098
26,2026-06-13,10919,9379,12459
26,2026-06-14,8394,7210,9578
26,2026-06-15,16288,13991,18585
26,2026-06-16,16738,14378,19098
26,2026-06-17,16738,14378,19098
26,2026-06-18,16738,14378,19098
26,2026-06-19,16015,13757,18273
26,2026-06-20,10919,9379,12459
26,2026-06-21,8394,7210,9578
26,2026-06-22,16288,13991,18585
26,2026-06-23,16738,14378,19098
26,2026-06-24,16738,14378,19098
26,2026-06-25,16738,14378,19098
26,2026-06-26,16015,13757,18273
26,2026-06-27,10919,9379,12459
26,2026-06-28,8394,7210,9578
26,2026-06-29,16288,13991,18585
26,2026-06-30,16738,14378,19098
26,2026-07-01,14399,12369,16429
26,2026-07-02,14399,12369,16429
26,2026-07-03,13854,11901,15807
26,2026-07-04,9266,7959,10573
26,2026-07-05,7823,6720,8926
26,2026-07-06,14070,12086,16054
26,2026-07-07,14399,12369,16429
26,2026-07-08,14399,12369,16429
26,2026-07-09,14399,12369,16429
26,2026-07-10,13854,11901,15807
26,2026-07-11,9266,7959,10573
26,2026-07-12,7823,6720,8926
26,2026-07-13,14070,12086,16054
26,2026-07-14,14399,12369,16429
26,2026-07-15,14399,12369,16429
26,2026-07-16,14399,12369,16429
26,2026-07-17,13854,11901,15807
26,2026-07-18,9266,7959,10573
26,2026-07-19,7823,6720,8926
26,2026-07-20,14070,12086,16054
26,2026-07-21,14399,12369,16429
26,2026-07-22,14399,12369,16429
26,2026-07-23,14399,12369,16429
26,2026-07-24,13854,11901,15807
26,2026-07-25,9266,7959,10573
26,2026-07-26,7823,6720,8926
26,2026-07-27,14070,12086,16054
26,2026-07-28,14399,12369,16429
26,2026-07-29,14399,12369,16429
26,2026-07-30,14399,12369,16429
26,2026-07-31,13854,11901,15807
26,2026-08-01,9736,8363,11109
26,2026-08-02,9042,7767,10317
26,2026-08-03,14139,12145,16133
26,2026-08-04,15369,13202,17536
26,2026-08-05,15369,13202,17536
26,2026-08-06,15369,13202,17536
26,2026-08-07,14593,12535,16651
26,2026-08-08,9736,8363,11109
26,2026-08-09,9042,7767,10317
26,2026-08-10,14139,12145,16133
26,2026-08-11,15369,13202,17536
26,2026-08-12,15369,13202,17536
26,2026-08-13,15369,13202,17536
26,2026-08-14,14593,12535,16651
26,2026-08-15,9736,8363,11109
26,2026-08-16,9042,7767,10317
26,2026-08-17,14139,12145,16133
26,2026-08-18,15369,13202,17536
26,2026-08-19,15369,13202,17536
26,2026-08-20,15369,13202,17536
26,2026-08-21,14593,12535,16651
26,2026-08-22,9736,8363,11109
26,2026-08-23,9042,7767,10317
26,2026-08-24,14139,12145,16133
26,2026-08-25,15369,13202,17536
26,2026-08-26,15369,13202,17536
26,2026-08-27,15369,13202,17536
26,2026-08-28,14593,12535,16651
26,2026-08-29,9736,8363,11109
26,2026-08-30,9042,7767,10317
26,2026-08-31,14139,12145,16133
26,2026-09-01,19920,17111,22729
26,2026-09-02,19920,17111,22729
26,2026-09-03,19920,17111,22729
26,2026-09-04,19738,16955,22521
26,2026-09-05,12543,10774,14312
26,2026-09-06,10832,9305,12359
26,2026-09-07,19371,16640,22102
26,2026-09-08,19920,17111,22729
26,2026-09-09,19920,17111,22729
26,2026-09-10,19920,17111,22729
26,2026-09-11,19738,16955,22521
26,2026-09-12,12543,10774,14312
26,2026-09-13,10832,9305,12359
26,2026-09-14,19371,16640,22102
26,2026-09-15,19920,17111,22729
26,2026-09-16,19920,17111,22729
26,2026-09-17,19920,17111,22729
26,2026-09-18,19738,16955,22521
26,2026-09-19,12543,10774,14312
26,2026-09-20,10832,9305,12359
26,2026-09-21,19371,16640,22102
26,2026-09-22,19920,17111,22729
26,2026-09-23,19920,17111,22729
26,2026-09-24,19920,17111,22729
26,2026-09-25,19738,16955,22521
26,2026-09-26,12543,10774,14312
26,2026-09-27,10832,9305,12359
26,2026-09-28,19371,16640,22102
26,2026-09-29,19920,17111,22729
26,2026-09-30,19920,17111,22729
26,2026-10-01,20762,17835,23689
26,2026-10-02,20060,17232,22888
26,2026-10-03,12843,11032,14654
26,2026-10-04,9991,8582,11400
26,2026-10-05,20205,17356,23054
26,2026-10-06,20762,17835,23689
26,2026-10-07,20762,17835,23689
26,2026-10-08,20762,17835,23689
26,2026-10-09,20060,17232,22888
26,2026-10-10,12843,11032,14654
26,2026-10-11,9991,8582,11400
26,2026-10-12,20205,17356,23054
26,2026-10-13,20762,17835,23689
26,2026-10-14,20762,17835,23689
26,2026-10-15,20762,17835,23689
26,2026-10-16,20060,17232,22888
26,2026-10-17,12843,11032,14654
26,2026-10-18,9991,8582,11400
26,2026-10-19,20205,17356,23054
26,2026-10-20,20762,17835,23689
26,2026-10-21,20762,17835,23689
26,2026-10-22,20762,17835,23689
26,2026-10-23,20060,17232,22888
26,2026-10-24,12843,11032,14654
26,2026-10-25,9991,8582,11400
26,2026-10-26,20205,17356,23054
26,2026-10-27,20762,17835,23689
26,2026-10-28,20762,17835,23689
26,2026-10-29,20762,17835,23689
26,2026-10-30,20060,17232,22888
26,2026-10-31,12843,11032,14654
26,2026-11-01,10864,9332,12396
26,2026-11-02,21021,18057,23985
26,2026-11-03,20520,17627,23413
26,2026-11-04,10321,8866,11776
26,2026-11-05,21600,18554,24646
26,2026-11-06,20870,17927,23813
26,2026-11-07,13598,11681,15515
26,2026-11-08,10864,9332,12396
26,2026-11-09,21021,18057,23985
26,2026-11-10,21600,18554,24646
26,2026-11-11,21600,18554,24646
26,2026-11-12,21600,18554,24646
26,2026-11-13,20870,17927,23813
26,2026-11-14,13598,11681,15515
26,2026-11-15,10864,9332,12396
26,2026-11-16,21021,18057,23985
26,2026-11-17,21600,18554,24646
26,2026-11-18,21600,18554,24646
26,2026-11-19,21600,18554,24646
26,2026-11-20,20870,17927,23813
26,2026-11-21,13598,11681,15515
26,2026-11-22,10864,9332,12396
26,2026-11-23,21021,18057,23985
26,2026-11-24,21600,18554,24646
26,2026-11-25,21600,18554,24646
26,2026-11-26,21600,18554,24646
26,2026-11-27,20870,17927,23813
26,2026-11-28,13598,11681,15515
26,2026-11-29,10864,9332,12396
26,2026-11-30,21021,18057,23985
26,2026-12-01,21600,18554,24646
26,2026-12-02,21600,18554,24646
26,2026-12-03,21600,18554,24646
26,2026-12-04,20870,17927,23813
26,2026-12-05,13645,11721,15569
26,2026-12-06,10958,9413,12503
26,2026-12-07,21021,18057,23985
26,2026-12-08,21600,18554,24646
26,2026-12-09,21600,18554,24646
26,2026-12-10,21600,18554,24646
26,2026-12-11,20870,17927,23813
26,2026-12-12,13645,11721,15569
26,2026-12-13,10958,9413,12503
26,2026-12-14,21021,18057,23985
26,2026-12-15,21600,18554,24646
26,2026-12-16,21600,18554,24646
26,2026-12-17,21600,18554,24646
26,2026-12-18,20870,17927,23813
26,2026-12-19,13645,11721,15569
26,2026-12-20,10958,9413,12503
26,2026-12-21,21021,18057,23985
26,2026-12-22,21600,18554,24646
26,2026-12-23,21600,18554,24646
26,2026-12-24,21600,18554,24646
26,2026-12-25,20870,17927,23813
26,2026-12-26,13645,11721,15569
26,2026-12-27,10958,9413,12503
26,2026-12-28,21021,18057,23985
26,2026-12-29,19440,16699,22181
26,2026-12-30,18360,15771,20949
26,2026-12-31,6598,5668,7528
28,2026-01-01,5387,4627,6147
28,2026-01-02,5387,4627,6147
28,2026-01-03,5387,4627,6147
28,2026-01-04,5387,4627,6147
28,2026-01-05,5387,4627,6147
28,2026-01-06,5387,4627,6147
28,2026-01-07,5387,4627,6147
28,2026-01-08,5387,4627,6147
28,2026-01-09,5387,4627,6147
28,2026-01-10,6678,5736,7620
28,2026-01-11,5671,4871,6471
28,2026-01-12,11295,9702,12888
28,2026-01-13,11637,9996,13278
28,2026-01-14,11637,9996,13278
28,2026-01-15,11637,9996,13278
28,2026-01-16,11680,10033,13327
28,2026-01-17,6678,5736,7620
28,2026-01-18,5671,4871,6471
28,2026-01-19,11295,9702,12888
28,2026-01-20,11637,9996,13278
28,2026-01-21,11637,9996,13278
28,2026-01-22,11637,9996,13278
28,2026-01-23,11680,10033,13327
28,2026-01-24,6678,5736,7620
28,2026-01-25,5671,4871,6471
28,2026-01-26,11295,9702,12888
28,2026-01-27,11637,9996,13278
28,2026-01-28,11637,9996,13278
28,2026-01-29,11637,9996,13278
28,2026-01-30,11680,10033,13327
28,2026-01-31,6678,5736,7620
28,2026-02-01,5552,4769,6335
28,2026-02-02,11226,9643,12809
28,2026-02-03,11586,9952,13220
28,2026-02-04,11586,9952,13220
28,2026-02-05,11586,9952,13220
28,2026-02-06,11552,9923,13181
28,2026-02-07,6673,5732,7614
28,2026-02-08,5552,4769,6335
28,2026-02-09,11226,9643,12809
28,2026-02-10,11586,9952,13220
28,2026-02-11,11586,9952,13220
28,2026-02-12,11586,9952,13220
28,2026-02-13,11552,9923,13181
28,2026-02-14,6673,5732,7614
28,2026-02-15,5552,4769,6335
28,2026-02-16,11226,9643,12809
28,2026-02-17,11586,9952,13220
28,2026-02-18,11586,9952,13220
28,2026-02-19,11586,9952,13220
28,2026-02-20,11552,9923,13181
28,2026-02-21,6673,5732,7614
28,2026-02-22,5552,4769,6335
28,2026-02-23,5274,4530,6018
28,2026-02-24,11586,9952,13220
28,2026-02-25,11586,9952,13220
28,2026-02-26,11586,9952,13220
28,2026-02-27,11552,9923,13181
28,2026-02-28,6673,5732,7614
28,2026-03-01,5761,4949,6573
28,2026-03-02,11142,9571,12713
28,2026-03-03,11544,9916,13172
28,2026-03-04,11544,9916,13172
28,2026-03-05,11544,9916,13172
28,2026-03-06,11484,9865,13103
28,2026-03-07,7370,6331,8409
28,2026-03-08,5761,4949,6573
28,2026-03-09,5473,4701,6245
28,2026-03-10,11544,9916,13172
28,2026-03-11,11544,9916,13172
28,2026-03-12,11544,9916,13172
28,2026-03-13,11484,9865,13103
28,2026-03-14,7370,6331,8409
28,2026-03-15,5761,4949,6573
28,2026-03-16,11142,9571,12713
28,2026-03-17,11544,9916,13172
28,2026-03-18,11544,9916,13172
28,2026-03-19,11544,9916,13172
28,2026-03-20,11484,9865,13103
28,2026-03-21,7370,6331,8409
28,2026-03-22,5761,4949,6573
28,2026-03-23,11142,9571,12713
28,2026-03-24,11544,9916,13172
28,2026-03-25,11544,9916,13172
28,2026-03-26,11544,9916,13172
28,2026-03-27,11484,9865,13103
28,2026-03-28,7370,6331,8409
28,2026-03-29,5761,4949,6573
28,2026-03-30,11142,9571,12713
28,2026-03-31,11544,9916,13172
28,2026-04-01,11777,10116,13438
28,2026-04-02,11777,10116,13438
28,2026-04-03,11732,10078,13386
28,2026-04-04,7489,6433,8545
28,2026-04-05,5906,5073,6739
28,2026-04-06,11384,9779,12989
28,2026-04-07,11777,10116,13438
28,2026-04-08,11777,10116,13438
28,2026-04-09,11777,10116,13438
28,2026-04-10,11732,10078,13386
28,2026-04-11,7489,6433,8545
28,2026-04-12,5906,5073,6739
28,2026-04-13,11384,9779,12989
28,2026-04-14,11777,10116,13438
28,2026-04-15,11777,10116,13438
28,2026-04-16,11777,10116,13438
28,2026-04-17,11732,10078,13386
28,2026-04-18,7489,6433,8545
28,2026-04-19,5906,5073,6739
28,2026-04-20,11384,9779,12989
28,2026-04-21,11777,10116,13438
28,2026-04-22,11777,10116,13438
28,2026-04-23,11777,10116,13438
28,2026-04-24,11732,10078,13386
28,2026-04-25,7489,6433,8545
28,2026-04-26,5906,5073,6739
28,2026-04-27,11384,9779,12989
28,2026-04-28,11777,10116,13438
28,2026-04-29,11777,10116,13438
28,2026-04-30,11188,9610,12766
28,2026-05-01,5734,4926,6542
28,2026-05-02,7364,6326,8402
28,2026-05-03,6036,5185,6887
28,2026-05-04,11487,9867,13107
28,2026-05-05,11897,10220,13574
28,2026-05-06,11897,10220,13574
28,2026-05-07,11897,10220,13574
28,2026-05-08,10666,9162,12170
28,2026-05-09,7364,6326,8402
28,2026-05-10,6036,5185,6887
28,2026-05-11,5734,4926,6542
28,2026-05-12,11897,10220,13574
28,2026-05-13,11897,10220,13574
28,2026-05-14,11897,10220,13574
28,2026-05-15,11228,9645,12811
28,2026-05-16,7364,6326,8402
28,2026-05-17,6036,5185,6887
28,2026-05-18,11487,9867,13107
28,2026-05-19,11897,10220,13574
28,2026-05-20,11897,10220,13574
28,2026-05-21,11897,10220,13574
28,2026-05-22,11228,9645,12811
28,2026-05-23,7364,6326,8402
28,2026-05-24,6036,5185,6887
28,2026-05-25,11487,9867,13107
28,2026-05-26,11897,10220,13574
28,2026-05-27,11897,10220,13574
28,2026-05-28,11897,10220,13574
28,2026-05-29,11228,9645,12811
28,2026-05-30,7364,6326,8402
28,2026-05-31,6036,5185,6887
28,2026-06-01,9570,8221,10919
28,2026-06-02,9835,8448,11222
28,2026-06-03,9835,8448,11222
28,2026-06-04,9835,8448,11222
28,2026-06-05,9410,8083,10737
28,2026-06-06,5867,5040,6694
28,2026-06-07,5306,4558,6054
28,2026-06-08,9570,8221,10919
28,2026-06-09,9835,8448,11222
28,2026-06-10,9835,8448,11222
28,2026-06-11,9343,8026,10660
28,2026-06-12,5041,4330,5752
28,2026-06-13,5867,5040,6694
28,2026-06-14,5306,4558,6054
28,2026-06-15,9570,8221,10919
28,2026-06-16,9835,8448,11222
28,2026-06-17,9835,8448,11222
28,2026-06-18,9835,8448,11222
28,2026-06-19,9410,8083,10737
28,2026-06-20,5867,5040,6694
28,2026-06-21,5306,4558,6054
28,2026-06-22,9570,8221,10919
28,2026-06-23,9835,8448,11222
28,2026-06-24,9835,8448,11222
28,2026-06-25,9835,8448,11222
28,2026-06-26,9410,8083,10737
28,2026-06-27,5867,5040,6694
28,2026-06-28,5306,4558,6054
28,2026-06-29,9570,8221,10919
28,2026-06-30,9835,8448,11222
28,2026-07-01,8008,6879,9137
28,2026-07-02,8008,6879,9137
28,2026-07-03,7705,6619,8791
28,2026-07-04,5385,4626,6144
28,2026-07-05,4349,3736,4962
28,2026-07-06,7825,6722,8928
28,2026-07-07,8008,6879,9137
28,2026-07-08,8008,6879,9137
28,2026-07-09,8008,6879,9137
28,2026-07-10,7705,6619,8791
28,2026-07-11,5385,4626,6144
28,2026-07-12,4349,3736,4962
28,2026-07-13,7825,6722,8928
28,2026-07-14,8008,6879,9137
28,2026-07-15,8008,6879,9137
28,2026-07-16,8008,6879,9137
28,2026-07-17,7705,6619,8791
28,2026-07-18,5385,4626,6144
28,2026-07-19,4349,3736,4962
28,2026-07-20,7825,6722,8928
28,2026-07-21,8008,6879,9137
28,2026-07-22,8008,6879,9137
28,2026-07-23,8008,6879,9137
28,2026-07-24,7705,6619,8791
28,2026-07-25,5385,4626,6144
28,2026-07-26,4349,3736,4962
28,2026-07-27,7825,6722,8928
28,2026-07-28,8008,6879,9137
28,2026-07-29,8008,6879,9137
28,2026-07-30,8008,6879,9137
28,2026-07-31,7705,6619,8791
28,2026-08-01,5817,4997,6637
28,2026-08-02,5430,4664,6196
28,2026-08-03,8101,6959,9243
28,2026-08-04,8805,7563,10047
28,2026-08-05,8805,7563,10047
28,2026-08-06,8805,7563,10047
28,2026-08-07,8361,7182,9540
28,2026-08-08,5817,4997,6637
28,2026-08-09,5430,4664,6196
28,2026-08-10,8101,6959,9243
28,2026-08-11,8805,7563,10047
28,2026-08-12,8805,7563,10047
28,2026-08-13,8805,7563,10047
28,2026-08-14,8361,7182,9540
28,2026-08-15,5817,4997,6637
28,2026-08-16,5430,4664,6196
28,2026-08-17,8101,6959,9243
28,2026-08-18,8805,7563,10047
28,2026-08-19,8805,7563,10047
28,2026-08-20,8805,7563,10047
28,2026-08-21,8361,7182,9540
28,2026-08-22,5817,4997,6637
28,2026-08-23,5430,4664,6196
28,2026-08-24,8101,6959,9243
28,2026-08-25,8805,7563,10047
28,2026-08-26,8805,7563,10047
28,2026-08-27,8805,7563,10047
28,2026-08-28,8361,7182,9540
28,2026-08-29,5817,4997,6637
28,2026-08-30,5430,4664,6196
28,2026-08-31,8101,6959,9243
28,2026-09-01,10960,9415,12505
28,2026-09-02,10960,9415,12505
28,2026-09-03,10960,9415,12505
28,2026-09-04,10860,9329,12391
28,2026-09-05,7115,6112,8118
28,2026-09-06,5775,4961,6589
28,2026-09-07,10658,9155,12161
28,2026-09-08,10960,9415,12505
28,2026-09-09,10960,9415,12505
28,2026-09-10,10960,9415,12505
28,2026-09-11,10860,9329,12391
28,2026-09-12,7115,6112,8118
28,2026-09-13,5775,4961,6589
28,2026-09-14,10658,9155,12161
28,2026-09-15,10960,9415,12505
28,2026-09-16,10960,9415,12505
28,2026-09-17,10960,9415,12505
28,2026-09-18,10860,9329,12391
28,2026-09-19,7115,6112,8118
28,2026-09-20,5775,4961,6589
28,2026-09-21,10658,9155,12161
28,2026-09-22,10960,9415,12505
28,2026-09-23,10960,9415,12505
28,2026-09-24,10960,9415,12505
28,2026-09-25,10860,9329,12391
28,2026-09-26,7115,6112,8118
28,2026-09-27,5775,4961,6589
28,2026-09-28,10658,9155,12161
28,2026-09-29,10960,9415,12505
28,2026-09-30,10960,9415,12505
28,2026-10-01,11913,10233,13593
28,2026-10-02,11510,9887,13133
28,2026-10-03,7210,6193,8227
28,2026-10-04,6065,5210,6920
28,2026-10-05,11593,9958,13228
28,2026-10-06,11913,10233,13593
28,2026-10-07,11913,10233,13593
28,2026-10-08,11913,10233,13593
28,2026-10-09,11510,9887,13133
28,2026-10-10,7210,6193,8227
28,2026-10-11,6065,5210,6920
28,2026-10-12,11593,9958,13228
28,2026-10-13,11913,10233,13593
28,2026-10-14,11913,10233,13593
28,2026-10-15,11913,10233,13593
28,2026-10-16,11510,9887,13133
28,2026-10-17,7210,6193,8227
28,2026-10-18,6065,5210,6920
28,2026-10-19,11593,9958,13228
28,2026-10-20,11913,10233,13593
28,2026-10-21,11913,10233,13593
28,2026-10-22,11913,10233,13593
28,2026-10-23,11510,9887,13133
28,2026-10-24,7210,6193,8227
28,2026-10-25,6065,5210,6920
28,2026-10-26,11593,9958,13228
28,2026-10-27,11913,10233,13593
28,2026-10-28,11913,10233,13593
28,2026-10-29,11913,10233,13593
28,2026-10-30,11510,9887,13133
28,2026-10-31,7210,6193,8227
28,2026-11-01,6356,5460,7252
28,2026-11-02,12416,10665,14167
28,2026-11-03,12121,10412,13830
28,2026-11-04,6038,5187,6889
28,2026-11-05,12759,10960,14558
28,2026-11-06,12327,10589,14065
28,2026-11-07,7749,6656,8842
28,2026-11-08,6356,5460,7252
28,2026-11-09,12416,10665,14167
28,2026-11-10,12759,10960,14558
28,2026-11-11,12759,10960,14558
28,2026-11-12,12759,10960,14558
28,2026-11-13,12327,10589,14065
28,2026-11-14,7749,6656,8842
28,2026-11-15,6356,5460,7252
28,2026-11-16,12416,10665,14167
28,2026-11-17,12759,10960,14558
28,2026-11-18,12759,10960,14558
28,2026-11-19,12759,10960,14558
28,2026-11-20,12327,10589,14065
28,2026-11-21,7749,6656,8842
28,2026-11-22,6356,5460,7252
28,2026-11-23,12416,10665,14167
28,2026-11-24,12759,10960,14558
28,2026-11-25,12759,10960,14558
28,2026-11-26,12759,10960,14558
28,2026-11-27,12327,10589,14065
28,2026-11-28,7749,6656,8842
28,2026-11-29,6356,5460,7252
28,2026-11-30,12416,10665,14167
28,2026-12-01,12759,10960,14558
28,2026-12-02,12759,10960,14558
28,2026-12-03,12759,10960,14558
28,2026-12-04,12327,10589,14065
28,2026-12-05,7755,6662,8848
28,2026-12-06,6328,5436,7220
28,2026-12-07,12416,10665,14167
28,2026-12-08,12759,10960,14558
28,2026-12-09,12759,10960,14558
28,2026-12-10,12759,10960,14558
28,2026-12-11,12327,10589,14065
28,2026-12-12,7755,6662,8848
28,2026-12-13,6328,5436,7220
28,2026-12-14,12416,10665,14167
28,2026-12-15,12759,10960,14558
28,2026-12-16,12759,10960,14558
28,2026-12-17,12759,10960,14558
28,2026-12-18,12327,10589,14065
28,2026-12-19,7755,6662,8848
28,2026-12-20,6328,5436,7220
28,2026-12-21,12416,10665,14167
28,2026-12-22,12759,10960,14558
28,2026-12-23,12759,10960,14558
28,2026-12-24,12759,10960,14558
28,2026-12-25,12327,10589,14065
28,2026-12-26,7755,6662,8848
28,2026-12-27,6328,5436,7220
28,2026-12-28,12416,10665,14167
28,2026-12-29,11483,9864,13102
28,2026-12-30,10845,9316,12374
28,2026-12-31,3765,3234,4296
50,2026-01-01,9140,7851,10429
50,2026-01-02,9140,7851,10429
50,2026-01-03,9140,7851,10429
50,2026-01-04,9140,7851,10429
50,2026-01-05,9140,7851,10429
50,2026-01-06,9140,7851,10429
50,2026-01-07,9140,7851,10429
50,2026-01-08,9140,7851,10429
50,2026-01-09,9140,7851,10429
50,2026-01-10,10626,9128,12124
50,2026-01-11,9622,8265,10979
50,2026-01-12,25267,21704,28830
50,2026-01-13,26034,22363,29705
50,2026-01-14,26034,22363,29705
50,2026-01-15,26034,22363,29705
50,2026-01-16,26129,22445,29813
50,2026-01-17,10626,9128,12124
50,2026-01-18,9622,8265,10979
50,2026-01-19,25267,21704,28830
50,2026-01-20,26034,22363,29705
50,2026-01-21,26034,22363,29705
50,2026-01-22,26034,22363,29705
50,2026-01-23,26129,22445,29813
50,2026-01-24,10626,9128,12124
50,2026-01-25,9622,8265,10979
50,2026-01-26,25267,21704,28830
50,2026-01-27,26034,22363,29705
50,2026-01-28,26034,22363,29705
50,2026-01-29,26034,22363,29705
50,2026-01-30,26129,22445,29813
50,2026-01-31,10626,9128,12124
50,2026-02-01,9715,8345,11085
50,2026-02-02,26700,22935,30465
50,2026-02-03,27556,23671,31441
50,2026-02-04,27556,23671,31441
50,2026-02-05,27556,23671,31441
50,2026-02-06,27476,23602,31350
50,2026-02-07,10820,9294,12346
50,2026-02-08,9715,8345,11085
50,2026-02-09,26700,22935,30465
50,2026-02-10,27556,23671,31441
50,2026-02-11,27556,23671,31441
50,2026-02-12,27556,23671,31441
50,2026-02-13,27476,23602,31350
50,2026-02-14,10820,9294,12346
50,2026-02-15,9715,8345,11085
50,2026-02-16,26700,22935,30465
50,2026-02-17,27556,23671,31441
50,2026-02-18,27556,23671,31441
50,2026-02-19,27556,23671,31441
50,2026-02-20,27476,23602,31350
50,2026-02-21,10820,9294,12346
50,2026-02-22,9715,8345,11085
50,2026-02-23,9229,7928,10530
50,2026-02-24,27556,23671,31441
50,2026-02-25,27556,23671,31441
50,2026-02-26,27556,23671,31441
50,2026-02-27,27476,23602,31350
50,2026-02-28,10820,9294,12346
50,2026-03-01,9331,8015,10647
50,2026-03-02,26949,23149,30749
50,2026-03-03,27921,23984,31858
50,2026-03-04,27921,23984,31858
50,2026-03-05,27921,23984,31858
50,2026-03-06,27775,23859,31691
50,2026-03-07,11498,9877,13119
50,2026-03-08,9331,8015,10647
50,2026-03-09,8865,7615,10115
50,2026-03-10,27921,23984,31858
50,2026-03-11,27921,23984,31858
50,2026-03-12,27921,23984,31858
50,2026-03-13,27775,23859,31691
50,2026-03-14,11498,9877,13119
50,2026-03-15,9331,8015,10647
50,2026-03-16,26949,23149,30749
50,2026-03-17,27921,23984,31858
50,2026-03-18,27921,23984,31858
50,2026-03-19,27921,23984,31858
50,2026-03-20,27775,23859,31691
50,2026-03-21,11498,9877,13119
50,2026-03-22,9331,8015,10647
50,2026-03-23,26949,23149,30749
50,2026-03-24,27921,23984,31858
50,2026-03-25,27921,23984,31858
50,2026-03-26,27921,23984,31858
50,2026-03-27,27775,23859,31691
50,2026-03-28,11498,9877,13119
50,2026-03-29,9331,8015,10647
50,2026-03-30,26949,23149,30749
50,2026-03-31,27921,23984,31858
50,2026-04-01,27053,23239,30867
50,2026-04-02,27053,23239,30867
50,2026-04-03,26950,23150,30750
50,2026-04-04,11906,10227,13585
50,2026-04-05,9444,8112,10776
50,2026-04-06,26151,22464,29838
50,2026-04-07,27053,23239,30867
50,2026-04-08,27053,23239,30867
50,2026-04-09,27053,23239,30867
50,2026-04-10,26950,23150,30750
50,2026-04-11,11906,10227,13585
50,2026-04-12,9444,8112,10776
50,2026-04-13,26151,22464,29838
50,2026-04-14,27053,23239,30867
50,2026-04-15,27053,23239,30867
50,2026-04-16,27053,23239,30867
50,2026-04-17,26950,23150,30750
50,2026-04-18,11906,10227,13585
50,2026-04-19,9444,8112,10776
50,2026-04-20,26151,22464,29838
50,2026-04-21,27053,23239,30867
50,2026-04-22,27053,23239,30867
50,2026-04-23,27053,23239,30867
50,2026-04-24,26950,23150,30750
50,2026-04-25,11906,10227,13585
50,2026-04-26,9444,8112,10776
50,2026-04-27,26151,22464,29838
50,2026-04-28,27053,23239,30867
50,2026-04-29,27053,23239,30867
50,2026-04-30,25700,22076,29324
50,2026-05-01,9190,7894,10486
50,2026-05-02,11749,10092,13406
50,2026-05-03,9673,8309,11037
50,2026-05-04,25778,22143,29413
50,2026-05-05,26696,22932,30460
50,2026-05-06,26696,22932,30460
50,2026-05-07,26696,22932,30460
50,2026-05-08,23936,20561,27311
50,2026-05-09,11749,10092,13406
50,2026-05-10,9673,8309,11037
50,2026-05-11,9190,7894,10486
50,2026-05-12,26696,22932,30460
50,2026-05-13,26696,22932,30460
50,2026-05-14,26696,22932,30460
50,2026-05-15,25196,21643,28749
50,2026-05-16,11749,10092,13406
50,2026-05-17,9673,8309,11037
50,2026-05-18,25778,22143,29413
50,2026-05-19,26696,22932,30460
50,2026-05-20,26696,22932,30460
50,2026-05-21,26696,22932,30460
50,2026-05-22,25196,21643,28749
50,2026-05-23,11749,10092,13406
50,2026-05-24,9673,8309,11037
50,2026-05-25,25778,22143,29413
50,2026-05-26,26696,22932,30460
50,2026-05-27,26696,22932,30460
50,2026-05-28,26696,22932,30460
50,2026-05-29,25196,21643,28749
50,2026-05-30,11749,10092,13406
50,2026-05-31,9673,8309,11037
50,2026-06-01,22260,19121,25399
50,2026-06-02,22875,19650,26100
50,2026-06-03,22875,19650,26100
50,2026-06-04,22875,19650,26100
50,2026-06-05,21887,18801,24973
50,2026-06-06,9827,8441,11213
50,2026-06-07,8032,6899,9165
50,2026-06-08,22260,19121,25399
50,2026-06-09,22875,19650,26100
50,2026-06-10,22875,19650,26100
50,2026-06-11,21731,18667,24795
50,2026-06-12,7631,6555,8707
50,2026-06-13,9827,8441,11213
50,2026-06-14,8032,6899,9165
50,2026-06-15,22260,19121,25399
50,2026-06-16,22875,19650,26100
50,2026-06-17,22875,19650,26100
50,2026-06-18,22875,19650,26100
50,2026-06-19,21887,18801,24973
50,2026-06-20,9827,8441,11213
50,2026-06-21,8032,6899,9165
50,2026-06-22,22260,19121,25399
50,2026-06-23,22875,19650,26100
50,2026-06-24,22875,19650,26100
50,2026-06-25,22875,19650,26100
50,2026-06-26,21887,18801,24973
50,2026-06-27,9827,8441,11213
50,2026-06-28,8032,6899,9165
50,2026-06-29,22260,19121,25399
50,2026-06-30,22875,19650,26100
50,2026-07-01,22132,19011,25253
50,2026-07-02,22132,19011,25253
50,2026-07-03,21295,18292,24298
50,2026-07-04,9407,8081,10733
50,2026-07-05,7772,6676,8868
50,2026-07-06,21627,18578,24676
50,2026-07-07,22132,19011,25253
50,2026-07-08,22132,19011,25253
50,2026-07-09,22132,19011,25253
50,2026-07-10,21295,18292,24298
50,2026-07-11,9407,8081,10733
50,2026-07-12,7772,6676,8868
50,2026-07-13,21627,18578,24676
50,2026-07-14,22132,19011,25253
50,2026-07-15,22132,19011,25253
50,2026-07-16,22132,19011,25253
50,2026-07-17,21295,18292,24298
50,2026-07-18,9407,8081,10733
50,2026-07-19,7772,6676,8868
50,2026-07-20,21627,18578,24676
50,2026-07-21,22132,19011,25253
50,2026-07-22,22132,19011,25253
50,2026-07-23,22132,19011,25253
50,2026-07-24,21295,18292,24298
50,2026-07-25,9407,8081,10733
50,2026-07-26,7772,6676,8868
50,2026-07-27,21627,18578,24676
50,2026-07-28,22132,19011,25253
50,2026-07-29,22132,19011,25253
50,2026-07-30,22132,19011,25253
50,2026-07-31,21295,18292,24298
50,2026-08-01,8604,7391,9817
50,2026-08-02,7033,6041,8025
50,2026-08-03,18426,15828,21024
50,2026-08-04,20028,17204,22852
50,2026-08-05,20028,17204,22852
50,2026-08-06,20028,17204,22852
50,2026-08-07,19018,16336,21700
50,2026-08-08,8604,7391,9817
50,2026-08-09,7033,6041,8025
50,2026-08-10,18426,15828,21024
50,2026-08-11,20028,17204,22852
50,2026-08-12,20028,17204,22852
50,2026-08-13,20028,17204,22852
50,2026-08-14,19018,16336,21700
50,2026-08-15,8604,7391,9817
50,2026-08-16,7033,6041,8025
50,2026-08-17,18426,15828,21024
50,2026-08-18,20028,17204,22852
50,2026-08-19,20028,17204,22852
50,2026-08-20,20028,17204,22852
50,2026-08-21,19018,16336,21700
50,2026-08-22,8604,7391,9817
50,2026-08-23,7033,6041,8025
50,2026-08-24,18426,15828,21024
50,2026-08-25,20028,17204,22852
50,2026-08-26,20028,17204,22852
50,2026-08-27,20028,17204,22852
50,2026-08-28,19018,16336,21700
50,2026-08-29,8604,7391,9817
50,2026-08-30,7033,6041,8025
50,2026-08-31,18426,15828,21024
50,2026-09-01,24587,21120,28054
50,2026-09-02,24587,21120,28054
50,2026-09-03,24587,21120,28054
50,2026-09-04,24362,20927,27797
50,2026-09-05,10562,9073,12051
50,2026-09-06,8634,7417,9851
50,2026-09-07,23910,20539,27281
50,2026-09-08,24587,21120,28054
50,2026-09-09,24587,21120,28054
50,2026-09-10,24587,21120,28054
50,2026-09-11,24362,20927,27797
50,2026-09-12,10562,9073,12051
50,2026-09-13,8634,7417,9851
50,2026-09-14,23910,20539,27281
50,2026-09-15,24587,21120,28054
50,2026-09-16,24587,21120,28054
50,2026-09-17,24587,21120,28054
50,2026-09-18,24362,20927,27797
50,2026-09-19,10562,9073,12051
50,2026-09-20,8634,7417,9851
50,2026-09-21,23910,20539,27281
50,2026-09-22,24587,21120,28054
50,2026-09-23,24587,21120,28054
50,2026-09-24,24587,21120,28054
50,2026-09-25,24362,20927,27797
50,2026-09-26,10562,9073,12051
50,2026-09-27,8634,7417,9851
50,2026-09-28,23910,20539,27281
50,2026-09-29,24587,21120,28054
50,2026-09-30,24587,21120,28054
50,2026-10-01,26688,22925,30451
50,2026-10-02,25786,22150,29422
50,2026-10-03,10960,9415,12505
50,2026-10-04,8924,7666,10182
50,2026-10-05,25972,22310,29634
50,2026-10-06,26688,22925,30451
50,2026-10-07,26688,22925,30451
50,2026-10-08,26688,22925,30451
50,2026-10-09,25786,22150,29422
50,2026-10-10,10960,9415,12505
50,2026-10-11,8924,7666,10182
50,2026-10-12,25972,22310,29634
50,2026-10-13,26688,22925,30451
50,2026-10-14,26688,22925,30451
50,2026-10-15,26688,22925,30451
50,2026-10-16,25786,22150,29422
50,2026-10-17,10960,9415,12505
50,2026-10-18,8924,7666,10182
50,2026-10-19,25972,22310,29634
50,2026-10-20,26688,22925,30451
50,2026-10-21,26688,22925,30451
50,2026-10-22,26688,22925,30451
50,2026-10-23,25786,22150,29422
50,2026-10-24,10960,9415,12505
50,2026-10-25,8924,7666,10182
50,2026-10-26,25972,22310,29634
50,2026-10-27,26688,22925,30451
50,2026-10-28,26688,22925,30451
50,2026-10-29,26688,22925,30451
50,2026-10-30,25786,22150,29422
50,2026-10-31,10960,9415,12505
50,2026-11-01,9375,8053,10697
50,2026-11-02,27286,23439,31133
50,2026-11-03,26637,22881,30393
50,2026-11-04,8906,7650,10162
50,2026-11-05,28039,24086,31992
50,2026-11-06,27090,23270,30910
50,2026-11-07,11515,9891,13139
50,2026-11-08,9375,8053,10697
50,2026-11-09,27286,23439,31133
50,2026-11-10,28039,24086,31992
50,2026-11-11,28039,24086,31992
50,2026-11-12,28039,24086,31992
50,2026-11-13,27090,23270,30910
50,2026-11-14,11515,9891,13139
50,2026-11-15,9375,8053,10697
50,2026-11-16,27286,23439,31133
50,2026-11-17,28039,24086,31992
50,2026-11-18,28039,24086,31992
50,2026-11-19,28039,24086,31992
50,2026-11-20,27090,23270,30910
50,2026-11-21,11515,9891,13139
50,2026-11-22,9375,8053,10697
50,2026-11-23,27286,23439,31133
50,2026-11-24,28039,24086,31992
50,2026-11-25,28039,24086,31992
50,2026-11-26,28039,24086,31992
50,2026-11-27,27090,23270,30910
50,2026-11-28,11515,9891,13139
50,2026-11-29,9375,8053,10697
50,2026-11-30,27286,23439,31133
50,2026-12-01,28039,24086,31992
50,2026-12-02,28039,24086,31992
50,2026-12-03,28039,24086,31992
50,2026-12-04,27090,23270,30910
50,2026-12-05,11515,9891,13139
50,2026-12-06,9375,8053,10697
50,2026-12-07,27286,23439,31133
50,2026-12-08,28039,24086,31992
50,2026-12-09,28039,24086,31992
50,2026-12-10,28039,24086,31992
50,2026-12-11,27090,23270,30910
50,2026-12-12,11515,9891,13139
50,2026-12-13,9375,8053,10697
50,2026-12-14,27286,23439,31133
50,2026-12-15,28039,24086,31992
50,2026-12-16,28039,24086,31992
50,2026-12-17,28039,24086,31992
50,2026-12-18,27090,23270,30910
50,2026-12-19,11515,9891,13139
50,2026-12-20,9375,8053,10697
50,2026-12-21,27286,23439,31133
50,2026-12-22,28039,24086,31992
50,2026-12-23,28039,24086,31992
50,2026-12-24,28039,24086,31992
50,2026-12-25,27090,23270,30910
50,2026-12-26,11515,9891,13139
50,2026-12-27,9375,8053,10697
50,2026-12-28,27286,23439,31133
50,2026-12-29,25235,21677,28793
50,2026-12-30,23833,20473,27193
50,2026-12-31,5507,4731,6283
all,2026-01-01,121016,107390,134642
all,2026-01-02,121016,107390,134642
all,2026-01-03,121016,107390,134642
all,2026-01-04,121016,107390,134642
all,2026-01-05,121016,107390,134642
all,2026-01-06,121016,107390,134642
all,2026-01-07,121016,107390,134642
all,2026-01-08,121016,107390,134642
all,2026-01-09,121016,107390,134642
all,2026-01-10,148786,132033,165539
all,2026-01-11,127385,113041,141729
all,2026-01-12,233624,207318,259930
all,2026-01-13,240715,213610,267820
all,2026-01-14,240715,213610,267820
all,2026-01-15,240715,213610,267820
all,2026-01-16,241599,214395,268803
all,2026-01-17,148786,132033,165539
all,2026-01-18,127385,113041,141729
all,2026-01-19,233624,207318,259930
all,2026-01-20,240715,213610,267820
all,2026-01-21,240715,213610,267820
all,2026-01-22,240715,213610,267820
all,2026-01-23,241599,214395,268803
all,2026-01-24,148786,132033,165539
all,2026-01-25,127385,113041,141729
all,2026-01-26,233624,207318,259930
all,2026-01-27,240715,213610,267820
all,2026-01-28,240715,213610,267820
all,2026-01-29,240715,213610,267820
all,2026-01-30,241599,214395,268803
all,2026-01-31,148786,132033,165539
all,2026-02-01,127916,113513,142319
all,2026-02-02,243527,216106,270948
all,2026-02-03,251333,223033,279633
all,2026-02-04,251333,223033,279633
all,2026-02-05,251333,223033,279633
all,2026-02-06,250606,222388,278824
all,2026-02-07,151553,134488,168618
all,2026-02-08,127916,113513,142319
all,2026-02-09,243527,216106,270948
all,2026-02-10,251333,223033,279633
all,2026-02-11,251333,223033,279633
all,2026-02-12,251333,223033,279633
all,2026-02-13,250606,222388,278824
all,2026-02-14,151553,134488,168618
all,2026-02-15,127916,113513,142319
all,2026-02-16,243527,216106,270948
all,2026-02-17,251333,223033,279633
all,2026-02-18,251333,223033,279633
all,2026-02-19,251333,223033,279633
all,2026-02-20,250606,222388,278824
all,2026-02-21,151553,134488,168618
all,2026-02-22,127916,113513,142319
all,2026-02-23,121521,107838,135204
all,2026-02-24,251333,223033,279633
all,2026-02-25,251333,223033,279633
all,2026-02-26,251333,223033,279633
all,2026-02-27,250606,222388,278824
all,2026-02-28,151553,134488,168618
all,2026-03-01,130661,115949,145373
all,2026-03-02,246569,218805,274333
all,2026-03-03,255457,226693,284221
all,2026-03-04,255457,226693,284221
all,2026-03-05,255457,226693,284221
all,2026-03-06,254124,225510,282738
all,2026-03-07,159238,141308,177168
all,2026-03-08,130661,115949,145373
all,2026-03-09,124128,110151,138105
all,2026-03-10,255457,226693,284221
all,2026-03-11,255457,226693,284221
all,2026-03-12,255457,226693,284221
all,2026-03-13,254124,225510,282738
all,2026-03-14,159238,141308,177168
all,2026-03-15,130661,115949,145373
all,2026-03-16,246569,218805,274333
all,2026-03-17,255457,226693,284221
all,2026-03-18,255457,226693,284221
all,2026-03-19,255457,226693,284221
all,2026-03-20,254124,225510,282738
all,2026-03-21,159238,141308,177168
all,2026-03-22,130661,115949,145373
all,2026-03-23,246569,218805,274333
all,2026-03-24,255457,226693,284221
all,2026-03-25,255457,226693,284221
all,2026-03-26,255457,226693,284221
all,2026-03-27,254124,225510,282738
all,2026-03-28,159238,141308,177168
all,2026-03-29,130661,115949,145373
all,2026-03-30,246569,218805,274333
all,2026-03-31,255457,226693,284221
all,2026-04-01,258551,229438,287664
all,2026-04-02,258551,229438,287664
all,2026-04-03,257567,228565,286569
all,2026-04-04,165192,146591,183793
all,2026-04-05,134856,119671,150041
all,2026-04-06,249931,221789,278073
all,2026-04-07,258551,229438,287664
all,2026-04-08,258551,229438,287664
all,2026-04-09,258551,229438,287664
all,2026-04-10,257567,228565,286569
all,2026-04-11,165192,146591,183793
all,2026-04-12,134856,119671,150041
all,2026-04-13,249931,221789,278073
all,2026-04-14,258551,229438,287664
all,2026-04-15,258551,229438,287664
all,2026-04-16,258551,229438,287664
all,2026-04-17,257567,228565,286569
all,2026-04-18,165192,146591,183793
all,2026-04-19,134856,119671,150041
all,2026-04-20,249931,221789,278073
all,2026-04-21,258551,229438,287664
all,2026-04-22,258551,229438,287664
all,2026-04-23,258551,229438,287664
all,2026-04-24,257567,228565,286569
all,2026-04-25,165192,146591,183793
all,2026-04-26,134856,119671,150041
all,2026-04-27,249931,221789,278073
all,2026-04-28,258551,229438,287664
all,2026-04-29,258551,229438,287664
all,2026-04-30,245623,217966,273280
all,2026-05-01,126057,111863,140251
all,2026-05-02,160018,142000,178036
all,2026-05-03,132692,117751,147633
all,2026-05-04,245086,217489,272683
all,2026-05-05,253818,225238,282398
all,2026-05-06,253818,225238,282398
all,2026-05-07,253818,225238,282398
all,2026-05-08,227572,201947,253197
all,2026-05-09,160018,142000,178036
all,2026-05-10,132692,117751,147633
all,2026-05-11,126057,111863,140251
all,2026-05-12,253818,225238,282398
all,2026-05-13,253818,225238,282398
all,2026-05-14,253818,225238,282398
all,2026-05-15,239550,212577,266523
all,2026-05-16,160018,142000,178036
all,2026-05-17,132692,117751,147633
all,2026-05-18,245086,217489,272683
all,2026-05-19,253818,225238,282398
all,2026-05-20,253818,225238,282398
all,2026-05-21,253818,225238,282398
all,2026-05-22,239550,212577,266523
all,2026-05-23,160018,142000,178036
all,2026-05-24,132692,117751,147633
all,2026-05-25,245086,217489,272683
all,2026-05-26,253818,225238,282398
all,2026-05-27,253818,225238,282398
all,2026-05-28,253818,225238,282398
all,2026-05-29,239550,212577,266523
all,2026-05-30,160018,142000,178036
all,2026-05-31,132692,117751,147633
all,2026-06-01,217695,193183,242207
all,2026-06-02,223708,198518,248898
all,2026-06-03,223708,198518,248898
all,2026-06-04,223708,198518,248898
all,2026-06-05,214048,189946,238150
all,2026-06-06,135933,120627,151239
all,2026-06-07,111780,99194,124366
all,2026-06-08,217695,193183,242207
all,2026-06-09,223708,198518,248898
all,2026-06-10,223708,198518,248898
all,2026-06-11,212522,188592,236452
all,2026-06-12,106191,94234,118148
all,2026-06-13,135933,120627,151239
all,2026-06-14,111780,99194,124366
all,2026-06-15,217695,193183,242207
all,2026-06-16,223708,198518,248898
all,2026-06-17,223708,198518,248898
all,2026-06-18,223708,198518,248898
all,2026-06-19,214048,189946,238150
all,2026-06-20,135933,120627,151239
all,2026-06-21,111780,99194,124366
all,2026-06-22,217695,193183,242207
all,2026-06-23,223708,198518,248898
all,2026-06-24,223708,198518,248898
all,2026-06-25,223708,198518,248898
all,2026-06-26,214048,189946,238150
all,2026-06-27,135933,120627,151239
all,2026-06-28,111780,99194,124366
all,2026-06-29,217695,193183,242207
all,2026-06-30,223708,198518,248898
all,2026-07-01,202066,179313,224819
all,2026-07-02,202066,179313,224819
all,2026-07-03,194423,172531,216315
all,2026-07-04,125738,111580,139896
all,2026-07-05,107095,95036,119154
all,2026-07-06,197455,175222,219688
all,2026-07-07,202066,179313,224819
all,2026-07-08,202066,179313,224819
all,2026-07-09,202066,179313,224819
all,2026-07-10,194423,172531,216315
all,2026-07-11,125738,111580,139896
all,2026-07-12,107095,95036,119154
all,2026-07-13,197455,175222,219688
all,2026-07-14,202066,179313,224819
all,2026-07-15,202066,179313,224819
all,2026-07-16,202066,179313,224819
all,2026-07-17,194423,172531,216315
all,2026-07-18,125738,111580,139896
all,2026-07-19,107095,95036,119154
all,2026-07-20,197455,175222,219688
all,2026-07-21,202066,179313,224819
all,2026-07-22,202066,179313,224819
all,2026-07-23,202066,179313,224819
all,2026-07-24,194423,172531,216315
all,2026-07-25,125738,111580,139896
all,2026-07-26,107095,95036,119154
all,2026-07-27,197455,175222,219688
all,2026-07-28,202066,179313,224819
all,2026-07-29,202066,179313,224819
all,2026-07-30,202066,179313,224819
all,2026-07-31,194423,172531,216315
all,2026-08-01,130187,115528,144846
all,2026-08-02,122604,108799,136409
all,2026-08-03,191191,169663,212719
all,2026-08-04,207817,184417,231217
all,2026-08-05,207817,184417,231217
all,2026-08-06,207817,184417,231217
all,2026-08-07,197336,175116,219556
all,2026-08-08,130187,115528,144846
all,2026-08-09,122604,108799,136409
all,2026-08-10,191191,169663,212719
all,2026-08-11,207817,184417,231217
all,2026-08-12,207817,184417,231217
all,2026-08-13,207817,184417,231217
all,2026-08-14,197336,175116,219556
all,2026-08-15,130187,115528,144846
all,2026-08-16,122604,108799,136409
all,2026-08-17,191191,169663,212719
all,2026-08-18,207817,184417,231217
all,2026-08-19,207817,184417,231217
all,2026-08-20,207817,184417,231217
all,2026-08-21,197336,175116,219556
all,2026-08-22,130187,115528,144846
all,2026-08-23,122604,108799,136409
all,2026-08-24,191191,169663,212719
all,2026-08-25,207817,184417,231217
all,2026-08-26,207817,184417,231217
all,2026-08-27,207817,184417,231217
all,2026-08-28,197336,175116,219556
all,2026-08-29,130187,115528,144846
all,2026-08-30,122604,108799,136409
all,2026-08-31,191191,169663,212719
all,2026-09-01,241338,214163,268513
all,2026-09-02,241338,214163,268513
all,2026-09-03,241338,214163,268513
all,2026-09-04,239127,212201,266053
all,2026-09-05,149974,133087,166861
all,2026-09-06,134418,119283,149553
all,2026-09-07,234687,208261,261113
all,2026-09-08,241338,214163,268513
all,2026-09-09,241338,214163,268513
all,2026-09-10,241338,214163,268513
all,2026-09-11,239127,212201,266053
all,2026-09-12,149974,133087,166861
all,2026-09-13,134418,119283,149553
all,2026-09-14,234687,208261,261113
all,2026-09-15,241338,214163,268513
all,2026-09-16,241338,214163,268513
all,2026-09-17,241338,214163,268513
all,2026-09-18,239127,212201,266053
all,2026-09-19,149974,133087,166861
all,2026-09-20,134418,119283,149553
all,2026-09-21,234687,208261,261113
all,2026-09-22,241338,214163,268513
all,2026-09-23,241338,214163,268513
all,2026-09-24,241338,214163,268513
all,2026-09-25,239127,212201,266053
all,2026-09-26,149974,133087,166861
all,2026-09-27,134418,119283,149553
all,2026-09-28,234687,208261,261113
all,2026-09-29,241338,214163,268513
all,2026-09-30,241338,214163,268513
all,2026-10-01,250381,222188,278574
all,2026-10-02,241915,214675,269155
all,2026-10-03,159820,141824,177816
all,2026-10-04,133290,118282,148298
all,2026-10-05,243665,216228,271102
all,2026-10-06,250381,222188,278574
all,2026-10-07,250381,222188,278574
all,2026-10-08,250381,222188,278574
all,2026-10-09,241915,214675,269155
all,2026-10-10,159820,141824,177816
all,2026-10-11,133290,118282,148298
all,2026-10-12,243665,216228,271102
all,2026-10-13,250381,222188,278574
all,2026-10-14,250381,222188,278574
all,2026-10-15,250381,222188,278574
all,2026-10-16,241915,214675,269155
all,2026-10-17,159820,141824,177816
all,2026-10-18,133290,118282,148298
all,2026-10-19,243665,216228,271102
all,2026-10-20,250381,222188,278574
all,2026-10-21,250381,222188,278574
all,2026-10-22,250381,222188,278574
all,2026-10-23,241915,214675,269155
all,2026-10-24,159820,141824,177816
all,2026-10-25,133290,118282,148298
all,2026-10-26,243665,216228,271102
all,2026-10-27,250381,222188,278574
all,2026-10-28,250381,222188,278574
all,2026-10-29,250381,222188,278574
all,2026-10-30,241915,214675,269155
all,2026-10-31,159820,141824,177816
all,2026-11-01,134042,118949,149135
all,2026-11-02,250364,222173,278555
all,2026-11-03,244402,216882,271922
all,2026-11-04,127340,113002,141678
all,2026-11-05,257265,228297,286233
all,2026-11-06,248565,220577,276553
all,2026-11-07,161452,143273,179631
all,2026-11-08,134042,118949,149135
all,2026-11-09,250364,222173,278555
all,2026-11-10,257265,228297,286233
all,2026-11-11,257265,228297,286233
all,2026-11-12,257265,228297,286233
all,2026-11-13,248565,220577,276553
all,2026-11-14,161452,143273,179631
all,2026-11-15,134042,118949,149135
all,2026-11-16,250364,222173,278555
all,2026-11-17,257265,228297,286233
all,2026-11-18,257265,228297,286233
all,2026-11-19,257265,228297,286233
all,2026-11-20,248565,220577,276553
all,2026-11-21,161452,143273,179631
all,2026-11-22,134042,118949,149135
all,2026-11-23,250364,222173,278555
all,2026-11-24,257265,228297,286233
all,2026-11-25,257265,228297,286233
all,2026-11-26,257265,228297,286233
all,2026-11-27,248565,220577,276553
all,2026-11-28,161452,143273,179631
all,2026-11-29,134042,118949,149135
all,2026-11-30,250364,222173,278555
all,2026-12-01,257265,228297,286233
all,2026-12-02,257265,228297,286233
all,2026-12-03,257265,228297,286233
all,2026-12-04,248565,220577,276553
all,2026-12-05,160978,142852,179104
all,2026-12-06,133539,118503,148575
all,2026-12-07,250364,222173,278555
all,2026-12-08,257265,228297,286233
all,2026-12-09,257265,228297,286233
all,2026-12-10,257265,228297,286233
all,2026-12-11,248565,220577,276553
all,2026-12-12,160978,142852,179104
all,2026-12-13,133539,118503,148575
all,2026-12-14,250364,222173,278555
all,2026-12-15,257265,228297,286233
all,2026-12-16,257265,228297,286233
all,2026-12-17,257265,228297,286233
all,2026-12-18,248565,220577,276553
all,2026-12-19,160978,142852,179104
all,2026-12-20,133539,118503,148575
all,2026-12-21,250364,222173,278555
all,2026-12-22,257265,228297,286233
all,2026-12-23,257265,228297,286233
all,2026-12-24,257265,228297,286233
all,2026-12-25,248565,220577,276553
all,2026-12-26,160978,142852,179104
all,2026-12-27,133539,118503,148575
all,2026-12-28,250364,222173,278555
all,2026-12-29,231538,205467,257609
all,2026-12-30,218675,194052,243298
all,2026-12-31,77286,68584,85988
